# This file uses meters as units for non-parametric coordinates.

mtllib nightstand.mtl
g default
v -23.463971 45.677523 17.754201
v -23.293917 45.622762 17.610612
v -23.202727 45.622762 17.739051
v -22.982610 45.622762 17.792418
v -23.213317 45.678351 17.967969
v -23.346215 45.828862 18.065041
v -23.504592 45.826636 18.000118
v -23.570140 45.824218 17.843297
v -17.381594 45.823384 18.063476
v -17.549213 45.823783 18.063590
v -17.514822 45.678434 17.963736
v -17.454652 45.622762 17.798340
v -17.275378 45.622762 17.797683
v -17.096107 45.622762 17.797021
v -17.168918 45.678191 17.965003
v -17.213981 45.822985 18.063361
v -24.330978 48.315023 18.522063
v -24.353311 48.129390 18.486935
v -24.282054 48.129458 18.653585
v -24.110053 48.129696 18.722652
v -24.159444 48.316245 18.691615
v -24.175511 48.402187 18.530053
v -17.673569 48.402187 18.523967
v -17.840108 48.402187 18.523526
v -17.830741 48.319584 18.690515
v -17.810134 48.137385 18.724851
v -17.642601 48.136427 18.724577
v -17.475073 48.135464 18.724299
v -17.496722 48.319025 18.690639
v -17.507033 48.402187 18.524406
v -24.330978 48.315023 -22.051904
v -24.175511 48.402187 -22.059893
v -24.160702 48.316892 -22.221649
v -24.112914 48.132016 -22.253154
v -24.282891 48.130633 -22.183905
v -24.353311 48.129390 -22.016776
v -17.673569 48.402187 -22.053803
v -17.507033 48.402187 -22.054244
v -17.496655 48.318968 -22.220462
v -17.474931 48.135278 -22.254087
v -17.642593 48.136215 -22.254354
v -17.810254 48.137152 -22.254623
v -17.830808 48.319507 -22.220331
v -17.840108 48.402187 -22.053364
v -23.201140 45.622762 -21.267672
v -23.291714 45.622762 -21.136259
v -23.463637 45.677513 -21.282602
v -23.570140 45.824218 -21.373135
v -23.505178 45.825284 -21.529398
v -23.348237 45.826185 -21.594116
v -23.215180 45.677595 -21.497736
v -22.982608 45.622762 -21.322258
v -17.275394 45.622762 -21.327494
v -17.454677 45.622762 -21.328124
v -17.514812 45.678414 -21.493544
v -17.549148 45.823715 -21.593410
v -17.381562 45.823348 -21.593305
v -17.213981 45.822985 -21.593201
v -17.168927 45.678191 -21.494840
v -17.096107 45.622762 -21.326862
v 23.463998 45.677528 17.754302
v 23.570140 45.824218 17.843297
v 23.505177 45.825284 17.999558
v 23.348237 45.826185 18.064277
v 23.217240 45.677642 17.968480
v 22.989788 45.622762 17.795375
v 23.204816 45.622762 17.741200
v 23.293917 45.622762 17.610612
v 24.161050 48.316918 18.692025
v 24.112914 48.132016 18.723316
v 24.281903 48.128557 18.652699
v 24.351917 48.125289 18.482218
v 24.330749 48.313852 18.520203
v 24.176194 48.402187 18.530732
v -24.160039 48.402187 12.348621
v -24.160459 48.402187 12.182091
v -24.326661 48.316390 12.173152
v -24.353682 48.130488 12.154698
v -24.353985 48.131373 12.322029
v -24.354286 48.132264 12.489356
v -24.326569 48.316928 12.506979
v -24.159619 48.402187 12.515153
v 24.354015 48.131467 12.322094
v 24.353745 48.130669 12.154828
v 24.326621 48.316447 12.173157
v 24.160265 48.402187 12.181979
v 24.159944 48.402187 12.348567
v 24.159619 48.402187 12.515153
v 24.326569 48.316928 12.506979
v 24.354286 48.132264 12.489356
v 24.330978 48.315033 -22.051859
v 24.353311 48.129390 -22.016776
v 24.282054 48.129452 -22.183421
v 24.110053 48.129696 -22.252490
v 24.159447 48.316245 -22.221454
v 24.175511 48.402187 -22.059893
v 23.215571 45.678434 -21.498201
v 23.346215 45.828862 -21.594881
v 23.504022 45.825424 -21.530537
v 23.569332 45.821836 -21.375060
v 23.464023 45.676871 -21.285540
v 23.293917 45.622762 -21.140451
v 23.204816 45.622762 -21.271040
v 22.989786 45.622762 -21.325214
v -23.567600 45.816741 -15.872211
v -23.567664 45.816932 -16.039448
v -23.463306 45.676203 -16.012750
v -23.297299 45.622762 -15.968813
v -23.296928 45.622762 -15.795824
v -23.296549 45.622762 -15.622836
v -23.463718 45.676089 -15.672804
v -23.567535 45.816544 -15.704975
v 23.296867 45.622762 -15.795859
v 23.297177 45.622762 -15.968883
v 23.463264 45.676203 -16.012785
v 23.567664 45.816932 -16.039448
v 23.567600 45.816741 -15.872211
v 23.567535 45.816544 -15.704975
v 23.463718 45.676089 -15.672804
v 23.296549 45.622762 -15.622836
v -21.061705 45.391973 -19.473163
v -21.129656 45.392972 -19.310675
v -21.199374 45.555475 -19.372961
v -21.369991 45.622762 -19.520571
v -21.305974 45.622762 -19.702786
v -21.151122 45.622762 -19.778265
v -20.969874 45.554942 -19.612409
v -20.897654 45.390761 -19.540468
v 20.968894 45.554388 -19.611243
v 21.150876 45.622762 -19.775505
v 21.307105 45.622762 -19.700745
v 21.371639 45.622762 -19.520432
v 21.199778 45.554641 -19.370983
v 21.129656 45.390125 -19.307831
v 21.061192 45.389622 -19.472329
v 20.895913 45.389022 -19.540468
v -16.567352 45.387023 -19.540468
v -16.734039 45.387732 -19.540468
v -16.768113 45.553989 -19.608885
v -16.842173 45.622762 -19.777601
v -16.662419 45.622762 -19.775933
v -16.482665 45.622762 -19.774269
v -16.422855 45.553544 -19.609632
v -16.400661 45.386314 -19.540468
v 21.199971 45.557396 15.847097
v 21.369991 45.622762 15.990722
v 21.305755 45.622762 16.166182
v 21.150285 45.622762 16.239135
v 20.871227 45.560560 16.070179
v 20.586896 45.384398 16.010620
v 20.797963 45.327307 16.010620
v 20.885429 45.189979 16.010620
v 21.058436 45.338014 15.945221
v 21.129656 45.399569 15.787425
v 21.129656 45.387152 -15.188045
v 21.129656 45.387639 -15.354648
v 21.198537 45.553911 -15.377683
v 21.366292 45.622762 -15.428532
v 21.365160 45.622762 -15.255262
v 21.364029 45.622762 -15.081992
v 21.198562 45.553621 -15.038221
v 21.129656 45.386661 -15.021444
v -21.199971 45.557396 15.847099
v -21.129656 45.399569 15.787425
v -21.059333 45.340800 15.945220
v -20.889871 45.197849 16.010620
v -20.799321 45.327602 16.010620
v -20.580661 45.381659 16.010620
v -20.868381 45.559944 16.070558
v -21.150457 45.622762 16.241018
v -21.305789 45.622762 16.167567
v -21.369991 45.622762 15.990722
v -16.662774 45.622762 16.246090
v -16.842713 45.622762 16.248217
v -16.747502 45.556474 16.078123
v -16.653255 45.389405 16.010620
v -16.473449 45.387282 16.010620
v -16.293641 45.385159 16.010620
v -16.388461 45.555242 16.076914
v -16.482834 45.622762 16.243962
v -21.365006 45.622762 -15.255106
v -21.365985 45.622762 -15.428221
v -21.198471 45.553860 -15.377615
v -21.129656 45.387458 -15.354775
v -21.129656 45.387064 -15.188110
v -21.129656 45.386661 -15.021444
v -21.198560 45.553616 -15.038204
v -21.364029 45.622762 -15.081992
v -21.055390 24.587317 -19.466449
v -21.124368 24.587455 -19.299946
v -21.127009 24.753944 -19.302464
v -21.129656 24.920437 -19.304983
v -21.060681 24.920131 -19.471495
v -20.894172 24.920434 -19.540468
v -20.891522 24.753942 -19.537942
v -20.888879 24.587449 -19.535421
v 21.055931 24.587305 -19.466446
v 20.889428 24.587449 -19.535421
v 20.891798 24.753942 -19.537942
v 20.894172 24.920434 -19.540468
v 21.060681 24.920110 -19.471495
v 21.129656 24.920431 -19.304983
v 21.127278 24.753937 -19.302458
v 21.124906 24.587442 -19.299932
v -16.639382 24.559049 -19.469588
v -16.800720 24.592917 -19.535587
v -16.773839 24.762967 -19.538026
v -16.746963 24.933014 -19.540468
v -16.573381 24.962292 -19.540468
v -16.399796 24.991565 -19.540468
v -16.368897 24.822121 -19.474751
v -16.338561 24.753903 -19.311176
v -16.503249 24.687238 -19.309129
v -16.575132 24.524805 -19.304203
v 21.059498 24.591651 15.936537
v 21.124906 24.587442 15.769799
v 21.127278 24.753675 15.772835
v 21.129656 24.919908 15.775873
v 21.069834 25.022899 15.942702
v 20.904974 25.256605 16.010620
v 20.856355 25.027619 16.010620
v 20.738576 24.932737 16.010620
v 20.860131 24.768323 16.009585
v 20.901495 24.595814 16.005561
v 21.059083 24.558994 -15.259612
v 21.125060 24.592915 -15.421017
v 21.127359 24.762962 -15.394260
v 21.129656 24.933014 -15.367501
v 21.129656 24.962292 -15.193919
v 21.129656 24.991565 -15.020336
v 21.063917 24.822116 -14.989393
v 20.900283 24.753903 -14.959019
v 20.898350 24.687188 -15.123647
v 20.893717 24.524704 -15.195337
v -21.058962 24.591649 15.936540
v -20.900968 24.595809 16.005561
v -20.860155 24.768323 16.009588
v -20.739089 24.932501 16.010620
v -20.852235 25.031336 16.010620
v -20.899022 25.269918 16.010620
v -21.068563 25.027305 15.942786
v -21.129656 24.920123 15.775576
v -21.127009 24.753789 15.772693
v -21.124368 24.587455 15.769812
v -16.639379 24.558956 15.939400
v -16.575132 24.524805 15.773956
v -16.504637 24.687276 15.781561
v -16.343318 24.753903 15.786077
v -16.352039 24.822771 15.946016
v -16.334153 24.982090 16.010614
v -16.518331 24.957474 16.010614
v -16.702508 24.932861 16.010614
v -16.772451 24.732231 16.008384
v -16.800714 24.592923 16.005466
v -21.058490 24.559015 -15.259609
v -20.892958 24.524709 -15.195337
v -20.900339 24.687225 -15.124923
v -20.904649 24.753903 -14.963385
v -21.065364 24.819023 -14.995451
v -21.129656 24.981556 -15.027415
v -21.129656 24.957275 -15.197446
v -21.129656 24.932990 -15.367479
v -21.127095 24.762959 -15.394242
v -21.124542 24.592925 -15.421006
v -18.618552 43.488754 15.779801
v -18.454538 43.556067 15.778665
v -18.526738 43.626916 15.942777
v -18.707014 43.791194 16.010620
v -18.863610 43.716591 16.010620
v -18.928413 43.536650 16.010620
v -18.756874 43.388435 15.943313
v -18.686490 43.326249 15.780801
v 18.525583 43.626812 15.942249
v 18.452771 43.556067 15.776902
v 18.618041 43.488759 15.778899
v 18.686490 43.326249 15.780801
v 18.756193 43.388702 15.943322
v 18.926741 43.536779 16.010620
v 18.862411 43.716612 16.010620
v 18.707014 43.791194 16.010620
v -15.752967 43.556067 15.774885
v -15.586279 43.556067 15.774179
v -15.608457 43.625134 15.941399
v -15.667977 43.789657 16.010620
v -15.847274 43.791184 16.010620
v -16.026568 43.792711 16.010620
v -15.953341 43.624384 15.941844
v -15.919651 43.556067 15.775591
v -18.619147 27.646988 15.779863
v -18.686490 27.810878 15.778845
v -18.757367 27.739499 15.942823
v -18.921981 27.561359 16.010620
v -18.847989 27.402833 16.010620
v -18.669557 27.337418 16.010620
v -18.519458 27.508746 15.943283
v -18.456569 27.579106 15.780695
v 18.517977 27.509668 15.942482
v 18.669679 27.339178 16.010620
v 18.849951 27.404044 16.010620
v 18.924674 27.561157 16.010620
v 18.758327 27.740907 15.942296
v 18.686490 27.812732 15.776989
v 18.618333 27.647534 15.777502
v 18.453788 27.579106 15.777915
v -15.753109 27.579106 15.775001
v -15.919716 27.579106 15.775501
v -15.943257 27.510168 15.941771
v -15.995852 27.342435 16.010620
v -15.822207 27.343600 16.010620
v -15.648562 27.344765 16.010620
v -15.603557 27.510152 15.941473
v -15.586503 27.579106 15.774500
v -18.617516 43.320577 -14.913736
v -18.451007 43.320584 -14.982708
v -18.451002 43.487097 -14.913736
v -18.451007 43.556067 -14.747224
v -18.617516 43.487097 -14.747224
v -18.686490 43.320584 -14.747224
v 18.451005 43.487097 -14.913736
v 18.451007 43.320584 -14.982708
v 18.617516 43.320577 -14.913736
v 18.686490 43.320584 -14.747224
v 18.617516 43.487097 -14.747224
v 18.451007 43.556067 -14.747224
v -15.753465 43.556067 -14.747224
v -15.919976 43.556067 -14.747224
v -15.919976 43.487097 -14.913736
v -15.919976 43.320584 -14.982708
v -15.753465 43.320584 -14.982708
v -15.586953 43.320584 -14.982708
v -15.586955 43.487097 -14.913736
v -15.586953 43.556067 -14.747224
v -18.450998 27.648078 -14.913736
v -18.451007 27.814588 -14.982708
v -18.617516 27.814596 -14.913736
v -18.686490 27.814588 -14.747224
v -18.617516 27.648078 -14.747224
v -18.451007 27.579106 -14.747224
v 18.451004 27.648078 -14.913736
v 18.451007 27.579106 -14.747224
v 18.617516 27.648078 -14.747224
v 18.686490 27.814588 -14.747224
v 18.617516 27.814593 -14.913736
v 18.451007 27.814588 -14.982708
v -15.753465 27.814588 -14.982708
v -15.919976 27.814588 -14.982708
v -15.919976 27.648078 -14.913736
v -15.919976 27.579106 -14.747224
v -15.753465 27.579106 -14.747224
v -15.586953 27.579106 -14.747224
v -15.586955 27.648078 -14.913736
v -15.586953 27.814588 -14.982708
v 16.074267 43.625155 15.941539
v 16.052245 43.556067 15.774659
v 16.218764 43.556067 15.775123
v 16.385284 43.556067 15.775591
v 16.419204 43.624492 15.941851
v 16.492755 43.793188 16.010620
v 16.313182 43.791422 16.010620
v 16.133609 43.789657 16.010620
v 16.854100 45.555242 16.076914
v 16.759272 45.385159 16.010620
v 16.939080 45.387282 16.010620
v 17.118885 45.389410 16.010620
v 17.213126 45.556474 16.078120
v 17.308356 45.622762 16.248225
v 17.128414 45.622762 16.246097
v 16.948464 45.622762 16.243967
v 17.634450 45.678201 17.964978
v 17.561574 45.622762 17.796895
v 17.740937 45.622762 17.797591
v 17.920302 45.622762 17.798286
v 17.980426 45.678414 17.963708
v 18.014772 45.823715 18.063571
v 17.847164 45.823384 18.063476
v 17.679554 45.823053 18.063381
v 17.962220 48.318968 18.690560
v 17.940556 48.135278 18.724248
v 18.108218 48.136215 18.724515
v 18.275879 48.137152 18.724782
v 18.296361 48.319507 18.690562
v 18.305586 48.402187 18.523766
v 18.139061 48.402187 18.523988
v 17.972537 48.402187 18.524205
v 18.139198 48.402187 -22.053803
v 18.305732 48.402187 -22.053364
v 18.296365 48.319584 -22.220353
v 18.275759 48.137385 -22.254689
v 18.108230 48.136427 -22.254415
v 17.940696 48.135464 -22.254140
v 17.962352 48.319025 -22.220477
v 17.972657 48.402187 -22.054244
v 18.305441 48.402187 12.348378
v 18.305441 48.402187 12.181865
v 18.138932 48.402187 12.181865
v 17.972418 48.402187 12.181865
v 17.972418 48.402187 12.348378
v 17.972418 48.402187 12.514889
v 18.138932 48.402187 12.514889
v 18.305441 48.402187 12.514889
v 17.634450 45.678201 -21.494816
v 17.679554 45.823053 -21.593219
v 17.847198 45.823420 -21.593324
v 18.014834 45.823783 -21.593428
v 17.980464 45.678434 -21.493570
v 17.920275 45.622762 -21.328180
v 17.740925 45.622762 -21.327458
v 17.561572 45.622762 -21.326733
v 16.888715 45.553684 -19.609569
v 16.948380 45.622762 -19.774042
v 17.127817 45.622762 -19.775579
v 17.307248 45.622762 -19.777116
v 17.233608 45.553917 -19.608784
v 17.199836 45.387505 -19.540468
v 17.033237 45.387152 -19.540468
v 16.866636 45.386795 -19.540468
v 17.104330 24.558956 -19.469543
v 17.040031 24.524593 -19.304007
v 16.969852 24.687168 -19.311146
v 16.808383 24.753903 -19.315360
v 16.840509 24.819023 -19.476150
v 16.872511 24.981556 -19.540468
v 17.042547 24.957277 -19.540468
v 17.212579 24.932990 -19.540468
v 17.239197 24.762959 -19.538026
v 17.265811 24.592925 -19.535587
v 17.104324 24.558847 15.939350
v 17.265805 24.592928 16.005466
v 17.237823 24.732492 16.008395
v 17.168069 24.932760 16.010614
v 16.978810 24.962424 16.010614
v 16.789549 24.992088 16.010614
v 16.810336 24.825624 15.944486
v 16.804207 24.753903 15.781337
v 16.968629 24.687131 15.779065
v 17.040031 24.524595 15.773758
v 17.105959 24.528655 -15.261292
v 17.265414 24.528600 -15.195221
v 17.228609 24.690272 -15.126487
v 17.194779 24.753903 -14.963668
v 17.024866 24.753903 -14.986761
v 16.854947 24.753903 -15.009854
v 16.827027 24.753903 -15.183163
v 16.799108 24.753903 -15.356472
v 16.968272 24.689907 -15.387350
v 17.039918 24.528512 -15.420810
v 16.069494 27.510245 15.941563
v 16.114278 27.344949 16.010620
v 16.287719 27.343849 16.010620
v 16.461158 27.342754 16.010620
v 16.408821 27.510240 15.941714
v 16.385475 27.579106 15.775318
v 16.218917 27.579106 15.775068
v 16.052358 27.579106 15.774817
v 16.052585 27.648078 -14.913736
v 16.052585 27.579106 -14.747224
v 16.219094 27.579106 -14.747224
v 16.385608 27.579106 -14.747224
v 16.385608 27.648078 -14.913736
v 16.385608 27.814588 -14.982708
v 16.219094 27.814588 -14.982708
v 16.052585 27.814588 -14.982708
v 16.052585 43.487097 -14.913736
v 16.052585 43.320584 -14.982708
v 16.219094 43.320584 -14.982708
v 16.385608 43.320584 -14.982708
v 16.385608 43.487097 -14.913736
v 16.385608 43.556067 -14.747224
v 16.219094 43.556067 -14.747224
v 16.052585 43.556067 -14.747224
v -17.506793 48.402187 12.348378
v -17.506793 48.402187 12.181865
v -17.673307 48.402187 12.181865
v -17.839816 48.402187 12.181865
v -17.839816 48.402187 12.348378
v -17.839816 48.402187 12.514889
v -17.673307 48.402187 12.514889
v -17.506793 48.402187 12.514889
v -16.641055 24.528730 -15.261250
v -16.575005 24.528675 -15.420664
v -16.506093 24.690329 -15.383604
v -16.343267 24.753903 -15.349702
v -16.366308 24.753903 -15.179794
v -16.389348 24.753903 -15.009887
v -16.562638 24.753903 -14.982051
v -16.735930 24.753903 -14.954214
v -16.766860 24.689969 -15.123369
v -16.800523 24.528605 -15.195221
v -16.641034 24.528774 11.491636
v -16.800451 24.528688 11.425604
v -16.763149 24.690355 11.356662
v -16.729161 24.753903 11.193836
v -16.559262 24.753903 11.216876
v -16.389365 24.753903 11.239917
v -16.361599 24.753903 11.413200
v -16.333836 24.753903 11.586482
v -16.502984 24.690008 11.617387
v -16.575005 24.528681 11.651057
v -21.058515 24.559064 11.489982
v -21.124542 24.592920 11.651303
v -21.127095 24.762967 11.624410
v -21.129656 24.933014 11.597516
v -21.129656 24.962292 11.423934
v -21.129656 24.991565 11.250352
v -21.063943 24.822121 11.219460
v -20.900374 24.753903 11.189127
v -20.898225 24.687245 11.353822
v -20.893059 24.524818 11.425734
v -21.198510 45.553709 11.268405
v -21.129656 45.386971 11.251677
v -21.129656 45.387308 11.418169
v -21.129656 45.387639 11.584665
v -21.198537 45.553911 11.607700
v -21.366292 45.622762 11.658547
v -21.365071 45.622762 11.485319
v -21.363850 45.622762 11.312090
v -23.463698 45.676089 11.902777
v -23.296465 45.622762 11.852758
v -23.296822 45.622762 12.025825
v -23.297177 45.622762 12.198895
v -23.463264 45.676203 12.242802
v -23.567664 45.816932 12.269463
v -23.567600 45.816741 12.102227
v -23.567535 45.816544 11.934989
v -24.160039 48.402187 -16.118605
v -24.159619 48.402187 -16.285135
v -24.326594 48.317001 -16.276897
v -24.354360 48.132482 -16.259223
v -24.354055 48.131575 -16.092016
v -24.353745 48.130669 -15.924811
v -24.326682 48.316447 -15.943197
v -24.160459 48.402187 -15.952074
v -17.506793 48.402187 -16.118360
v -17.506793 48.402187 -16.284872
v -17.673307 48.402187 -16.284872
v -17.839816 48.402187 -16.284872
v -17.839816 48.402187 -16.118360
v -17.839816 48.402187 -15.951848
v -17.673307 48.402187 -15.951848
v -17.506793 48.402187 -15.951848
v 18.305441 48.402187 -16.118360
v 18.305441 48.402187 -16.284872
v 18.138932 48.402187 -16.284872
v 17.972418 48.402187 -16.284872
v 17.972418 48.402187 -16.118360
v 17.972418 48.402187 -15.951848
v 18.138932 48.402187 -15.951848
v 18.305441 48.402187 -15.951848
v 24.354015 48.131467 -16.092073
v 24.354286 48.132264 -16.259338
v 24.326639 48.316923 -16.276891
v 24.159844 48.402187 -16.285004
v 24.160154 48.402187 -16.118540
v 24.160459 48.402187 -15.952074
v 24.326682 48.316447 -15.943197
v 24.353745 48.130669 -15.924811
v 23.463698 45.676089 11.902774
v 23.567535 45.816544 11.934989
v 23.567600 45.816741 12.102227
v 23.567664 45.816932 12.269463
v 23.463306 45.676203 12.242765
v 23.297299 45.622762 12.198827
v 23.296883 45.622762 12.025792
v 23.296465 45.622762 11.852758
v 21.198508 45.553709 11.268387
v 21.363850 45.622762 11.312090
v 21.364917 45.622762 11.485164
v 21.365985 45.622762 11.658234
v 21.198471 45.553860 11.607632
v 21.129656 45.387458 11.584791
v 21.129656 45.387215 11.418234
v 21.129656 45.386971 11.251677
v 21.059103 24.559044 11.489985
v 20.893821 24.524815 11.425734
v 20.900658 24.687276 11.355098
v 20.904742 24.753903 11.193494
v 21.065386 24.819030 11.225525
v 21.129656 24.981556 11.257431
v 21.129656 24.957272 11.427461
v 21.129656 24.932988 11.597492
v 21.127359 24.762949 11.624402
v 21.125060 24.592912 11.651314
v 17.105942 24.528693 11.491679
v 17.039918 24.528512 11.651202
v 16.971403 24.690272 11.613780
v 16.808595 24.753903 11.579678
v 16.831788 24.753903 11.409788
v 16.854981 24.753903 11.239896
v 17.028278 24.753903 11.212155
v 17.201570 24.753903 11.184410
v 17.232249 24.689972 11.353561
v 17.265337 24.528683 11.425604
v -20.290926 0.440685 -18.737263
v -20.130831 0.440706 -18.803571
v -20.057842 0.275402 -18.769173
v -19.983354 0.136511 -18.662753
v -20.146077 0.135377 -18.592858
v -20.213635 0.134232 -18.423753
v -20.312541 0.270846 -18.445046
v -20.357242 0.440670 -18.577172
v -19.937622 0.030012 -18.508224
v -19.895398 0.000001 -18.342367
v -20.070445 0.038638 -18.427780
v -20.204100 0.124995 -18.429811
v -20.139018 0.124876 -18.586266
v -19.982945 0.125104 -18.650998
v -19.982195 0.039265 -16.211147
v -19.982940 0.125114 -16.077865
v -20.145581 0.129298 -16.144423
v -20.214277 0.134854 -16.301727
v -20.097291 0.054514 -16.377575
v -19.895398 0.000001 -16.386502
v -20.290932 0.440691 -15.991596
v -20.357242 0.440670 -16.151684
v -20.306029 0.258346 -16.187977
v -20.146084 0.135387 -16.135988
v -19.976693 0.134144 -16.068549
v -19.996723 0.270835 -15.970332
v -20.130833 0.440716 -15.925283
v -17.406575 0.440691 -18.737263
v -17.340263 0.440680 -18.577172
v -17.374532 0.276598 -18.505758
v -17.481411 0.136635 -18.430428
v -17.551422 0.135392 -18.592867
v -17.720825 0.134124 -18.660299
v -17.700908 0.270815 -18.758473
v -17.566672 0.440706 -18.803571
v -17.636927 0.029800 -18.383810
v -17.802096 0.000001 -18.342392
v -17.715200 0.039311 -18.517756
v -17.714558 0.125104 -18.650998
v -17.558183 0.125052 -18.586212
v -17.493419 0.125005 -18.429808
v -17.406573 0.440877 -15.991590
v -17.566668 0.440887 -15.925280
v -17.638698 0.276521 -15.959389
v -17.714158 0.136687 -16.066095
v -17.551431 0.135563 -16.135992
v -17.483871 0.134414 -16.305102
v -17.384393 0.271141 -16.282436
v -17.340261 0.440851 -16.151678
v -17.760739 0.029836 -16.221395
v -17.802291 0.000001 -16.386663
v -17.627592 0.038064 -16.302501
v -17.493595 0.124990 -16.299232
v -17.558375 0.125047 -16.142828
v -17.714755 0.125099 -16.078037
v 18.012166 0.039643 -18.429710
v 17.879107 0.125244 -18.429678
v 17.945994 0.129272 -18.592381
v 18.103000 0.134978 -18.660957
v 18.178854 0.054741 -18.544203
v 18.187683 0.000001 -18.342125
v 17.793349 0.440934 -18.737258
v 17.953441 0.440924 -18.803576
v 17.989391 0.258227 -18.752418
v 17.937336 0.135459 -18.592740
v 17.869910 0.134181 -18.423310
v 17.772163 0.270954 -18.442415
v 17.727039 0.440955 -18.577157
v 20.369786 0.441162 -18.737266
v 20.436101 0.441177 -18.577165
v 20.402198 0.276572 -18.505106
v 20.295674 0.136780 -18.429975
v 20.225805 0.135667 -18.592713
v 20.056734 0.134522 -18.660293
v 20.079179 0.271337 -18.759637
v 20.209694 0.441131 -18.803580
v 20.140718 0.029929 -18.383705
v 19.975228 0.000001 -18.341931
v 20.059466 0.038115 -18.516646
v 20.062620 0.125104 -18.650585
v 20.219070 0.124979 -18.585473
v 20.283799 0.125233 -18.429444
v 18.101933 0.038814 -16.211573
v 18.100278 0.125109 -16.078046
v 17.937585 0.129230 -16.144935
v 17.869112 0.134957 -16.302009
v 17.984683 0.055492 -16.377979
v 18.187651 0.000001 -16.386677
v 17.793349 0.440929 -15.991596
v 17.727039 0.440955 -16.151695
v 17.778630 0.257067 -16.187897
v 17.937325 0.135439 -16.136143
v 18.106392 0.134310 -16.068563
v 18.085613 0.270975 -15.969928
v 17.953441 0.440908 -15.925279
v 20.150910 0.039586 -16.299297
v 20.284009 0.125249 -16.299183
v 20.217455 0.129448 -16.136525
v 20.060124 0.134957 -16.067892
v 19.984265 0.054783 -16.184527
v 19.975427 0.000001 -16.386711
v 20.369780 0.440934 -15.991596
v 20.209691 0.440908 -15.925279
v 20.173764 0.258149 -15.976511
v 20.225799 0.135459 -16.136116
v 20.293227 0.134206 -16.305529
v 20.391051 0.270975 -16.286259
v 20.436096 0.440970 -16.151695
v -17.716982 0.038478 12.482933
v -17.714594 0.124979 12.349182
v -17.551919 0.129039 12.416031
v -17.483233 0.134849 12.573022
v -17.600406 0.054369 12.648886
v -17.802078 0.000001 12.657865
v -17.406573 0.440665 12.262269
v -17.340265 0.440665 12.422361
v -17.391304 0.258610 12.459037
v -17.551354 0.135449 12.407111
v -17.720590 0.134258 12.339605
v -17.698790 0.270918 12.240522
v -17.566661 0.440659 12.195959
v -17.406573 0.440634 15.166738
v -17.566661 0.440634 15.233051
v -17.638339 0.276557 15.198759
v -17.713920 0.136609 15.091862
v -17.551348 0.135423 15.021893
v -17.483860 0.134217 14.852616
v -17.384962 0.270866 14.874022
v -17.340265 0.440639 15.006649
v -17.760678 0.029769 14.936288
v -17.802053 0.000001 14.771168
v -17.627018 0.038654 14.856657
v -17.493381 0.124995 14.858674
v -17.558451 0.124824 15.015119
v -17.714565 0.124979 15.079851
v -20.070406 0.038561 12.572578
v -20.204095 0.124995 12.570370
v -20.137248 0.129044 12.407697
v -19.980266 0.134849 12.338999
v -19.904415 0.054281 12.456304
v -19.895421 0.000001 12.657873
v -20.290933 0.440665 12.262274
v -20.130845 0.440659 12.195964
v -20.094207 0.258755 12.246951
v -20.146153 0.135449 12.407119
v -20.213641 0.134243 12.576396
v -20.312631 0.270913 12.554779
v -20.357242 0.440670 12.422364
v -19.980531 0.038478 14.946089
v -19.982911 0.124979 15.079833
v -20.145534 0.129205 15.013277
v -20.214267 0.134849 14.855995
v -20.097072 0.054353 14.780132
v -19.895423 0.000001 14.771151
v -20.290933 0.440665 15.166746
v -20.357242 0.440670 15.006657
v -20.306230 0.258652 14.970005
v -20.146147 0.135449 15.021904
v -19.976913 0.134253 15.089408
v -19.998700 0.270913 15.188487
v -20.130844 0.440659 15.233057
v 18.011822 0.039959 12.569659
v 17.878935 0.125300 12.570313
v 17.945811 0.129293 12.407620
v 18.102790 0.134973 12.338978
v 18.178637 0.054596 12.456304
v 18.187486 0.000001 12.657954
v 17.793348 0.440892 12.262269
v 17.953430 0.440846 12.195953
v 17.989422 0.258274 12.247070
v 17.937203 0.135465 12.407181
v 17.869853 0.134129 12.576764
v 17.772455 0.270949 12.558229
v 17.727039 0.440934 12.422372
v 20.369782 0.440929 12.262277
v 20.436096 0.440970 12.422383
v 20.402026 0.276034 12.495263
v 20.295629 0.136635 12.570248
v 20.225808 0.135579 12.407332
v 20.056892 0.134507 12.339673
v 20.080483 0.271327 12.239841
v 20.209696 0.440882 12.195956
v 20.141157 0.029965 12.616212
v 19.975255 0.000001 12.658309
v 20.058400 0.037484 12.483793
v 20.062622 0.124897 12.349553
v 20.219104 0.124829 12.414673
v 20.283851 0.125161 12.570709
v 18.102702 0.038374 14.946017
v 18.100122 0.125042 15.079812
v 17.937445 0.129210 15.012938
v 17.869003 0.134957 14.855832
v 17.984012 0.055875 14.779788
v 18.187425 0.000001 14.771156
v 17.793348 0.440892 15.166743
v 17.727039 0.440934 15.006640
v 17.778978 0.256467 14.970227
v 17.937205 0.135449 15.021804
v 18.106093 0.134382 15.089446
v 18.084354 0.270996 15.188555
v 17.953430 0.440851 15.233059
v 20.151223 0.040083 14.859321
v 20.284179 0.125316 14.858696
v 20.217616 0.129458 15.021356
v 20.060354 0.134968 15.090057
v 19.984519 0.054498 14.972951
v 19.975615 0.000001 14.771095
v 20.369784 0.440892 15.166746
v 20.209705 0.440846 15.233063
v 20.173776 0.258533 15.181839
v 20.225932 0.135465 15.021831
v 20.293279 0.134129 14.852250
v 20.390874 0.270897 14.870824
v 20.436096 0.440934 15.006645
v -23.391355 45.677999 17.903543
v -17.341853 45.678331 17.964364
v -24.291184 48.278441 18.654746
v -17.663732 48.319305 18.690575
v -24.291704 48.278922 -22.184810
v -17.663734 48.319237 -22.220395
v -23.391597 45.677627 -21.432897
v -17.341853 45.678320 -21.494185
v 23.392475 45.677647 17.904027
v 24.291386 48.278073 18.654226
v -24.326618 48.316664 12.340064
v 24.326594 48.316690 12.340067
v 24.291189 48.278441 -22.184565
v 23.391914 45.677684 -21.434291
v -23.463510 45.676156 -15.842773
v 23.463489 45.676151 -15.842793
v -21.131506 45.555289 -19.542752
v 21.131621 45.554574 -19.541309
v -16.595508 45.553741 -19.609273
v 21.081016 45.529353 16.005351
v 21.198553 45.553756 -15.207958
v -21.081100 45.529648 16.005742
v -16.567983 45.555858 16.077519
v -21.198517 45.553730 -15.207916
v -21.058038 24.753724 -19.468971
v 21.058309 24.753706 -19.468968
v -16.570114 24.757514 -19.485716
v 21.036176 24.813648 15.950947
v 21.074977 24.757486 -15.190540
v -21.035641 24.814176 15.951372
v -16.563449 24.752795 15.956804
v -21.075400 24.755780 -15.192581
v -18.688866 43.557485 15.943106
v 18.688061 43.557532 15.942841
v -15.780920 43.624772 15.941599
v -18.688018 27.576841 15.943114
v 18.688319 27.577920 15.942447
v -15.773413 27.510152 15.941614
v -18.586910 43.456486 -14.883133
v 18.586916 43.456486 -14.883133
v -15.753465 43.487097 -14.913736
v -18.586910 27.678682 -14.883133
v 18.586910 27.678682 -14.883133
v -15.753465 27.648078 -14.913736
v 16.246761 43.624839 15.941669
v 17.033612 45.555858 16.077519
v 17.807418 45.678331 17.964335
v 18.129291 48.319237 18.690562
v 18.129359 48.319305 -22.220415
v 18.138932 48.402187 12.348378
v 17.807441 45.678341 -21.494185
v 17.061184 45.553777 -19.609193
v 17.037553 24.755746 -19.486271
v 17.026372 24.754436 15.956160
v 17.031825 24.702308 -15.189812
v 16.239164 27.510235 15.941633
v 16.219094 27.648078 -14.913736
v 16.219094 43.487097 -14.913736
v -17.673307 48.402187 12.348378
v -16.569368 24.702360 -15.186866
v -16.566436 24.702388 11.419922
v -21.075165 24.757369 11.420340
v -21.198532 45.553803 11.438059
v -23.463481 45.676151 12.072785
v -24.326637 48.316721 -16.110046
v -17.673307 48.402187 -16.118360
v 18.138932 48.402187 -16.118360
v 24.326661 48.316690 -16.110044
v 23.463497 45.676151 12.072767
v 21.198492 45.553777 11.438015
v 21.075588 24.755806 11.422720
v 17.034753 24.702334 11.417018
v -20.243674 0.280870 -18.684901
v -20.056902 0.047291 -18.510702
v -20.099021 0.063435 -16.236332
v -20.216214 0.262872 -16.030367
v -17.459102 0.281051 -18.689630
v -17.634120 0.047803 -18.504995
v -17.454006 0.280948 -16.043474
v -17.640299 0.047327 -16.219253
v 18.038169 0.063461 -18.546435
v 17.831642 0.262509 -18.661872
v 20.317963 0.281336 -18.690547
v 20.143024 0.047047 -18.502982
v 17.983272 0.063471 -16.237471
v 17.868696 0.261784 -16.029993
v 20.125725 0.063818 -16.182515
v 20.331117 0.262608 -16.066608
v -17.601641 0.063295 12.506830
v -17.480898 0.263151 12.300608
v -17.453664 0.281041 15.114252
v -17.640656 0.047228 14.939012
v -20.046490 0.063285 12.457459
v -20.252607 0.263250 12.336598
v -20.095756 0.063663 14.922925
v -20.216981 0.263312 15.128061
v 18.037877 0.063482 12.453838
v 17.831672 0.262737 12.337658
v 20.318046 0.281113 12.309194
v 20.143117 0.046788 12.497351
v 17.983116 0.063456 14.920207
v 17.868691 0.261489 15.128206
v 20.125943 0.063849 14.975182
v 20.331149 0.262866 15.091642
vt 0.375000 0.996894
vt 0.378595 1.000000
vt 0.377775 0.018538
vt 0.455074 1.000000
vt 0.458779 1.000000
vt 0.377994 0.225490
vt 0.456070 0.226182
vt 0.458724 0.226009
vt 0.378328 0.496372
vt 0.377969 0.524301
vt 0.456281 0.496284
vt 0.458720 0.496296
vt 0.458732 0.524008
vt 0.375000 0.753271
vt 0.377739 0.731703
vt 0.456056 0.731925
vt 0.458729 0.731991
vt 0.627847 0.018120
vt 0.622059 0.018297
vt 0.621163 1.000000
vt 0.628089 0.225094
vt 0.378524 0.331179
vt 0.456285 0.331183
vt 0.378513 0.333820
vt 0.294022 0.017465
vt 0.291166 0.225562
vt 0.705988 0.225721
vt 0.705978 0.017465
vt 0.708833 0.225578
vt 0.621225 0.333820
vt 0.871839 0.225463
vt 0.621785 0.524510
vt 0.872078 0.017906
vt 0.625000 0.753237
vt 0.205891 0.225741
vt 0.208824 0.225578
vt 0.375000 0.830029
vt 0.291168 0.017430
vt 0.375000 0.833876
vt 0.791176 0.225578
vt 0.794121 0.017464
vt 0.794111 0.225721
vt 0.791178 0.017430
vt 0.708832 0.017430
vt 0.375000 0.830010
vt 0.375000 0.754412
vt 0.378543 0.750000
vt 0.455039 0.750000
vt 0.625000 0.753279
vt 0.625000 0.830006
vt 0.625000 0.754447
vt 0.458774 0.750000
vt 0.621316 1.000000
vt 0.619691 1.000000
vt 0.625000 1.000000
vt 0.625000 0.833872
vt 0.375000 0.996875
vt 0.375000 0.995943
vt 0.375000 1.000000
vt 0.455032 1.000000
vt 0.379822 1.000000
vt 0.453294 1.000000
vt 0.458804 1.000000
vt 0.375000 0.830155
vt 0.375000 0.833856
vt 0.375000 0.829904
vt 0.375000 0.754702
vt 0.379302 0.750000
vt 0.455061 0.750000
vt 0.620011 0.750000
vt 0.625000 0.754509
vt 0.625000 0.829904
vt 0.458750 0.750000
vt 0.458902 0.754390
vt 0.625000 0.995533
vt 0.625000 1.000000
vt 0.620190 1.000000
vt 0.625000 0.833860
vt 0.620334 0.834052
vt 0.379263 1.000000
vt 0.379313 1.000000
vt 0.375000 0.995735
vt 0.454157 1.000000
vt 0.458333 0.995608
vt 0.458890 0.995925
vt 0.458771 1.000000
vt 0.375000 0.828953
vt 0.379459 0.833333
vt 0.379111 0.834038
vt 0.453223 1.000000
vt 0.381590 1.000000
vt 0.375000 1.000000
vt 0.375000 1.000000
vt 0.619763 1.000000
vt 0.617106 1.000000
vt 0.625000 1.000000
vt 0.625000 1.000000
vt 0.453612 1.000000
vt 0.458769 1.000000
vt 0.379127 1.000000
vt 0.453385 1.000000
vt 0.625000 1.000000
vt 0.458783 1.000000
vt 0.375000 1.000000
vt 0.375000 1.000000
vt 0.453602 1.000000
vt 0.381702 1.000000
vt 0.617047 1.000000
vt 0.625000 1.000000
vt 0.617059 1.000000
vt 0.453638 1.000000
vt 0.458767 1.000000
vt 0.453602 1.000000
vt 0.381691 1.000000
vt 0.453602 1.000000
vt 0.617047 1.000000
vt 0.458767 1.000000
vt 0.547290 1.000000
vt 0.541232 1.000000
vt 0.541233 1.000000
vt 0.541219 1.000000
vt 0.547753 1.000000
vt 0.547656 1.000000
vt 0.541241 1.000000
vt 0.545343 1.000000
vt 0.545298 1.000000
vt 0.541268 0.225992
vt 0.544130 0.018075
vt 0.544117 0.226161
vt 0.543869 0.253575
vt 0.543867 0.331183
vt 0.541280 0.496296
vt 0.541277 0.731984
vt 0.544115 0.523818
vt 0.544131 0.731919
vt 0.543867 0.333821
vt 0.458721 0.331183
vt 0.541279 0.333821
vt 0.541246 0.750000
vt 0.545297 0.750000
vt 0.545328 0.750000
vt 0.541267 0.750000
vt 0.545051 0.750000
vt 0.545310 0.750000
vt 0.546359 0.750000
vt 0.541667 0.754668
vt 0.541239 1.000000
vt 0.547551 1.000000
vt 0.547541 1.000000
vt 0.541098 0.995839
vt 0.541667 0.829020
vt 0.544948 0.834037
vt 0.458890 0.830245
vt 0.541224 0.833893
vt 0.541233 1.000000
vt 0.547286 1.000000
vt 0.547290 1.000000
vt 0.541233 1.000000
vt 0.547290 1.000000
vt 0.547339 1.000000
vt 0.458721 0.333821
vt 0.454222 0.833333
vt 0.458776 0.833892
vt 0.458333 0.920740
vt 0.379188 0.915949
vt 0.453920 0.916667
vt 0.541109 0.919593
vt 0.458776 0.916108
vt 0.541224 0.916108
vt 0.379174 0.916667
vt 0.375000 0.916144
vt 0.375000 0.919917
vt 0.375000 0.919688
vt 0.375000 0.916150
vt 0.375000 0.919820
vt 0.375000 0.919800
vt 0.456285 0.418900
vt 0.378513 0.416180
vt 0.456284 0.416179
vt 0.541279 0.418900
vt 0.458721 0.416179
vt 0.541279 0.416179
vt 0.621219 0.418902
vt 0.543867 0.416179
vt 0.621227 0.416180
vt 0.625000 0.916154
vt 0.625000 0.919798
vt 0.625000 0.919816
vt 0.625000 0.916162
vt 0.625000 0.919686
vt 0.625000 0.919916
vt 0.625000 0.920784
vt 0.545086 0.915934
vt 0.620066 0.916667
vt 0.546277 0.916667
vt 0.380973 0.750000
vt 0.452057 0.750000
vt 0.385155 0.753846
vt 0.375000 0.827059
vt 0.378733 0.760789
vt 0.385156 0.754179
vt 0.387486 0.763088
vt 0.387486 0.820245
vt 0.378715 0.822603
vt 0.385121 0.829154
vt 0.452361 0.833333
vt 0.385301 0.829418
vt 0.458333 0.756275
vt 0.458333 0.826755
vt 0.448212 0.754179
vt 0.454667 0.760635
vt 0.445842 0.820240
vt 0.454343 0.760643
vt 0.454338 0.822721
vt 0.448178 0.829488
vt 0.448172 0.829149
vt 0.546109 0.760610
vt 0.553069 0.753897
vt 0.548352 0.750000
vt 0.618010 0.750000
vt 0.541667 0.827058
vt 0.545831 0.760802
vt 0.625000 0.756275
vt 0.625000 0.826754
vt 0.613723 0.754191
vt 0.620910 0.760649
vt 0.620551 0.760654
vt 0.555578 0.820240
vt 0.611087 0.820239
vt 0.545807 0.822595
vt 0.552937 0.829149
vt 0.618314 0.833333
vt 0.553132 0.829418
vt 0.613597 0.829437
vt 0.620558 0.822723
vt 0.620836 0.822532
vt 0.448212 0.920631
vt 0.454618 0.926839
vt 0.458333 0.922597
vt 0.458333 0.993765
vt 0.380972 0.916667
vt 0.448039 0.920374
vt 0.452361 1.000000
vt 0.381276 1.000000
vt 0.454344 0.989946
vt 0.448185 0.996359
vt 0.448177 0.996037
vt 0.387485 0.929069
vt 0.387485 0.987598
vt 0.385239 0.920357
vt 0.378990 0.926722
vt 0.375000 0.994069
vt 0.378732 0.926894
vt 0.378715 0.989828
vt 0.385122 0.996036
vt 0.385295 0.996293
vt 0.546103 0.926720
vt 0.553062 0.920358
vt 0.548352 0.916667
vt 0.618010 0.916667
vt 0.541667 0.994069
vt 0.545829 0.926904
vt 0.625000 0.922598
vt 0.625000 0.993765
vt 0.613723 0.920642
vt 0.620909 0.926763
vt 0.620553 0.926766
vt 0.555571 0.987598
vt 0.611093 0.987596
vt 0.545804 0.989823
vt 0.552932 0.996035
vt 0.618315 1.000000
vt 0.553123 0.996294
vt 0.613604 0.996310
vt 0.620564 0.989946
vt 0.620837 0.989762
vt 0.456056 0.018081
vt 0.378524 0.418904
vt 0.456068 0.523839
vt 0.127957 0.018120
vt 0.205879 0.017465
vt 0.128161 0.225463
vt 0.378595 0.750000
vt 0.455073 0.750000
vt 0.625000 0.830027
vt 0.378433 1.000000
vt 0.375000 0.753257
vt 0.379237 0.750000
vt 0.455309 0.750000
vt 0.625000 0.830144
vt 0.381691 1.000000
vt 0.375000 0.754509
vt 0.379703 1.000000
vt 0.375000 1.000000
vt 0.453046 1.000000
vt 0.625000 1.000000
vt 0.381691 1.000000
vt 0.375000 1.000000
vt 0.375000 1.000000
vt 0.381532 1.000000
vt 0.453610 1.000000
vt 0.625000 1.000000
vt 0.621812 0.225699
vt 0.543871 0.496284
vt 0.543867 0.418900
vt 0.621426 0.496372
vt 0.622020 0.731462
vt 0.621163 0.750000
vt 0.621211 0.750000
vt 0.620245 0.750000
vt 0.620209 0.750000
vt 0.620437 1.000000
vt 0.617141 1.000000
vt 0.617047 1.000000
vt 0.547278 1.000000
vt 0.458796 1.000000
vt 0.541226 1.000000
vt 0.458773 1.000000
vt 0.541246 1.000000
vt 0.458722 0.018009
vt 0.541270 0.018015
vt 0.458721 0.418900
vt 0.541276 0.523991
vt 0.458779 0.750000
vt 0.541241 0.750000
vt 0.458748 0.750000
vt 0.541253 0.750000
vt 0.541085 0.830115
vt 0.541108 0.754310
vt 0.541232 1.000000
vt 0.458768 1.000000
vt 0.541232 1.000000
vt 0.458767 1.000000
vt 0.541233 1.000000
vt 0.458767 1.000000
vt 0.294012 0.225721
vt 0.372153 0.018120
vt 0.371957 0.225463
vt 0.378328 0.253493
vt 0.456281 0.253578
vt 0.541279 0.331183
vt 0.458720 0.253566
vt 0.541279 0.253569
vt 0.621216 0.331179
vt 0.621435 0.253485
vt 0.625000 0.996894
vt 0.625000 0.996875
vt 0.625000 0.995950
vt 0.625000 0.995740
vt 0.458914 0.919717
vt 0.455263 0.834067
vt 0.455387 0.915963
vt 0.375000 0.833838
vt 0.375000 0.916140
vt 0.375000 0.833872
vt 0.375000 0.916154
vt 0.208822 0.017430
vt 0.456285 0.333821
vt 0.625000 0.833875
vt 0.625000 0.916150
vt 0.625000 0.833856
vt 0.625000 0.916144
vt 0.620424 0.915962
vt 0.378990 0.760606
vt 0.448032 0.753915
vt 0.454601 0.822544
vt 0.613534 0.753916
vt 0.454601 0.989772
vt 0.613539 0.920376
vt 0.445848 0.763087
vt 0.555579 0.763095
vt 0.611081 0.763101
vt 0.445848 0.929069
vt 0.445849 0.987598
vt 0.555573 0.929071
vt 0.611082 0.929081
vt 0.379285 0.750000
vt 0.454005 0.750000
vt 0.458333 0.754381
vt 0.458333 0.828750
vt 0.381277 0.833333
vt 0.375000 0.756579
vt 0.541667 0.756579
vt 0.625000 0.754499
vt 0.625000 0.828800
vt 0.620334 0.833333
vt 0.546521 0.833333
vt 0.548656 0.833333
vt 0.452057 0.916667
vt 0.375000 0.995760
vt 0.375000 0.920953
vt 0.375000 0.922901
vt 0.541667 0.995867
vt 0.541667 0.921013
vt 0.541667 0.922902
vt 0.620417 1.000000
vt 0.546519 1.000000
vt 0.548656 1.000000
vt 0.375000 0.997698
vt 0.372698 0.000000
vt 0.376594 0.998348
vt 0.377663 0.000000
vt 0.377663 1.000000
vt 0.375120 0.018362
vt 0.457389 0.018042
vt 0.455957 1.000000
vt 0.455957 0.000000
vt 0.456924 1.000000
vt 0.458743 0.000000
vt 0.458743 1.000000
vt 0.370325 0.250000
vt 0.375000 0.254675
vt 0.375124 0.225504
vt 0.377605 0.250966
vt 0.457503 0.253596
vt 0.456242 0.248209
vt 0.457397 0.226100
vt 0.458722 0.246093
vt 0.375000 0.495198
vt 0.129802 0.250000
vt 0.377604 0.498970
vt 0.125000 0.235764
vt 0.375000 0.514236
vt 0.457504 0.496264
vt 0.458724 0.503839
vt 0.457401 0.523920
vt 0.456241 0.501755
vt 0.376605 0.751726
vt 0.127411 0.000000
vt 0.375000 0.752411
vt 0.375000 0.735756
vt 0.125000 0.014244
vt 0.377111 0.747363
vt 0.456922 0.750000
vt 0.455429 0.747440
vt 0.457394 0.731961
vt 0.458683 0.745606
vt 0.627301 0.000000
vt 0.625000 0.997699
vt 0.624786 0.018240
vt 0.622155 1.000000
vt 0.622155 0.000000
vt 0.623282 0.998364
vt 0.622207 0.251186
vt 0.624759 0.225422
vt 0.625000 0.254599
vt 0.629599 0.250000
vt 0.378565 0.332504
vt 0.291178 0.250000
vt 0.375000 0.333822
vt 0.292588 0.225647
vt 0.375000 0.331209
vt 0.293791 0.250000
vt 0.707413 0.225655
vt 0.625000 0.333822
vt 0.708822 0.250000
vt 0.621167 0.332505
vt 0.706207 0.250000
vt 0.625000 0.331207
vt 0.870145 0.250000
vt 0.625000 0.495145
vt 0.625000 0.514306
vt 0.875000 0.235694
vt 0.622219 0.498772
vt 0.622668 0.747426
vt 0.875000 0.014254
vt 0.625000 0.735746
vt 0.625000 0.752392
vt 0.872608 0.000000
vt 0.623282 0.751706
vt 0.207351 0.017443
vt 0.375000 0.830805
vt 0.205805 0.000000
vt 0.375000 0.831954
vt 0.208841 0.000000
vt 0.375000 0.833841
vt 0.625000 0.831949
vt 0.794195 0.000000
vt 0.625000 0.830805
vt 0.792648 0.017443
vt 0.625000 0.833841
vt 0.791159 0.000000
vt 0.377296 0.752021
vt 0.375000 0.754175
vt 0.376885 0.751501
vt 0.379139 0.750000
vt 0.620502 0.750000
vt 0.622993 0.751518
vt 0.625000 0.754208
vt 0.622424 0.752037
vt 0.456858 0.750000
vt 0.455407 0.750000
vt 0.456957 0.750000
vt 0.458834 0.750000
vt 0.624899 0.995724
vt 0.623002 0.998493
vt 0.618923 1.000000
vt 0.622463 0.999807
vt 0.624983 0.998046
vt 0.625000 0.832073
vt 0.625000 0.830286
vt 0.625000 0.832001
vt 0.625000 0.833932
vt 0.375000 0.995819
vt 0.375013 0.998145
vt 0.377260 0.999821
vt 0.380536 1.000000
vt 0.376822 0.998547
vt 0.456948 1.000000
vt 0.455129 1.000000
vt 0.456051 1.000000
vt 0.458859 1.000000
vt 0.375000 0.832000
vt 0.375000 0.830303
vt 0.375000 0.832007
vt 0.375000 0.833932
vt 0.377358 0.752114
vt 0.375000 0.753691
vt 0.377331 0.752065
vt 0.378584 0.750000
vt 0.622505 0.752248
vt 0.620999 0.750000
vt 0.622404 0.752065
vt 0.625000 0.753663
vt 0.456045 0.752072
vt 0.454439 0.750000
vt 0.456821 0.750005
vt 0.458719 0.752595
vt 0.457920 0.754427
vt 0.622316 0.998146
vt 0.625000 0.996175
vt 0.625000 1.000000
vt 0.625000 1.000000
vt 0.620646 0.999809
vt 0.622663 0.831066
vt 0.625000 0.829316
vt 0.624994 0.832021
vt 0.622187 0.833872
vt 0.620059 0.832846
vt 0.377253 0.997997
vt 0.378769 1.000000
vt 0.375000 1.000000
vt 0.375000 1.000000
vt 0.375353 0.996071
vt 0.455978 0.998079
vt 0.457936 0.995862
vt 0.458642 0.997631
vt 0.455870 0.999960
vt 0.454275 1.000000
vt 0.377393 0.831298
vt 0.379486 0.832956
vt 0.377501 0.833841
vt 0.375005 0.831672
vt 0.375000 0.829359
vt 0.379041 1.000000
vt 0.382912 1.000005
vt 0.377654 1.000011
vt 0.375016 1.000000
vt 0.615593 1.000005
vt 0.620160 1.000000
vt 0.624982 1.000000
vt 0.622009 1.000012
vt 0.456196 1.000000
vt 0.458784 1.000000
vt 0.456011 1.000000
vt 0.453540 1.000000
vt 0.379004 1.000000
vt 0.375017 1.000000
vt 0.377180 1.000000
vt 0.382444 1.000000
vt 0.616059 1.000000
vt 0.622590 1.000000
vt 0.624981 1.000000
vt 0.620187 1.000000
vt 0.456188 1.000000
vt 0.453614 1.000000
vt 0.456085 1.000000
vt 0.458777 1.000000
vt 0.378504 1.000000
vt 0.381316 1.000000
vt 0.379320 1.000000
vt 0.617508 1.000000
vt 0.620849 1.000000
vt 0.619866 1.000000
vt 0.456190 1.000000
vt 0.453587 1.000000
vt 0.456203 1.000000
vt 0.458767 1.000000
vt 0.381316 1.000000
vt 0.378498 1.000000
vt 0.379320 1.000000
vt 0.617508 1.000000
vt 0.619865 1.000000
vt 0.620842 1.000000
vt 0.456185 1.000000
vt 0.453584 1.000000
vt 0.456183 1.000000
vt 0.458767 1.000000
vt 0.541222 1.000000
vt 0.544252 1.000000
vt 0.547309 1.000000
vt 0.544485 1.000000
vt 0.541157 1.000000
vt 0.544435 1.000000
vt 0.545289 1.000000
vt 0.543242 1.000000
vt 0.541257 1.000000
vt 0.541257 0.000000
vt 0.543273 1.000000
vt 0.544241 0.000000
vt 0.544241 1.000000
vt 0.542700 0.018042
vt 0.541276 0.246091
vt 0.542690 0.226080
vt 0.543915 0.248304
vt 0.542571 0.253596
vt 0.542572 0.496264
vt 0.543914 0.501662
vt 0.542695 0.523900
vt 0.541278 0.503836
vt 0.543867 0.332533
vt 0.542569 0.333821
vt 0.541279 0.332507
vt 0.542556 0.331183
vt 0.541331 0.745605
vt 0.542703 0.731955
vt 0.544823 0.747549
vt 0.543270 0.750000
vt 0.541177 0.750000
vt 0.543233 0.750000
vt 0.544920 0.750000
vt 0.543046 0.750000
vt 0.544342 0.752014
vt 0.542178 0.754394
vt 0.541279 0.752572
vt 0.543088 0.750005
vt 0.545968 0.750000
vt 0.544232 0.998045
vt 0.546235 0.999991
vt 0.544435 0.999956
vt 0.541387 0.997598
vt 0.542121 0.995830
vt 0.544095 0.831178
vt 0.545872 0.833488
vt 0.543083 0.833966
vt 0.541153 0.832008
vt 0.541503 0.829476
vt 0.541229 1.000000
vt 0.544383 1.000000
vt 0.547254 1.000000
vt 0.544248 1.000000
vt 0.541233 1.000000
vt 0.544251 1.000000
vt 0.547318 1.000000
vt 0.544261 1.000000
vt 0.541233 1.000000
vt 0.544285 1.000000
vt 0.547321 1.000000
vt 0.544259 1.000000
vt 0.458721 0.332507
vt 0.457506 0.333821
vt 0.456285 0.332531
vt 0.457518 0.331183
vt 0.456277 0.831043
vt 0.458496 0.829477
vt 0.458835 0.832072
vt 0.457021 0.833981
vt 0.454564 0.833512
vt 0.456126 0.918702
vt 0.454560 0.916489
vt 0.457083 0.916034
vt 0.458847 0.917907
vt 0.458508 0.920317
vt 0.377559 0.918331
vt 0.375012 0.920459
vt 0.375005 0.918030
vt 0.377524 0.916132
vt 0.379558 0.916938
vt 0.375000 0.916083
vt 0.375000 0.917983
vt 0.375000 0.919540
vt 0.375000 0.917929
vt 0.375000 0.916159
vt 0.291159 0.000000
vt 0.375000 0.917977
vt 0.294092 0.000000
vt 0.375000 0.919091
vt 0.292593 0.017443
vt 0.378565 0.417537
vt 0.206128 0.250000
vt 0.375000 0.418872
vt 0.207358 0.225665
vt 0.375000 0.416178
vt 0.208822 0.250000
vt 0.458721 0.417534
vt 0.457519 0.418900
vt 0.456285 0.417509
vt 0.457506 0.416179
vt 0.543867 0.417507
vt 0.542555 0.418900
vt 0.541279 0.417534
vt 0.542569 0.416179
vt 0.792643 0.225655
vt 0.625000 0.418871
vt 0.793871 0.250000
vt 0.621170 0.417536
vt 0.791178 0.250000
vt 0.625000 0.416178
vt 0.708841 0.000000
vt 0.625000 0.916159
vt 0.707406 0.017443
vt 0.625000 0.919091
vt 0.705909 0.000000
vt 0.625000 0.917973
vt 0.625000 0.916083
vt 0.625000 0.917929
vt 0.624998 0.919527
vt 0.625000 0.917914
vt 0.622016 0.918300
vt 0.619901 0.916961
vt 0.622216 0.916147
vt 0.624995 0.918112
vt 0.625000 0.920415
vt 0.544137 0.918684
vt 0.541498 0.920321
vt 0.541164 0.917847
vt 0.543151 0.916019
vt 0.545872 0.916502
vt 0.378287 0.752958
vt 0.381526 0.750390
vt 0.382081 0.756982
vt 0.375554 0.758222
vt 0.386652 0.760044
vt 0.384041 0.760891
vt 0.382229 0.757160
vt 0.386250 0.823644
vt 0.382090 0.826130
vt 0.383367 0.820935
vt 0.378365 0.830423
vt 0.375447 0.827582
vt 0.382028 0.826333
vt 0.382330 0.833029
vt 0.455195 0.753137
vt 0.457911 0.756558
vt 0.451290 0.757020
vt 0.450365 0.750507
vt 0.448522 0.762121
vt 0.447876 0.759258
vt 0.451129 0.757181
vt 0.455346 0.830046
vt 0.451801 0.832973
vt 0.451253 0.826352
vt 0.457774 0.825103
vt 0.446664 0.823257
vt 0.449240 0.822412
vt 0.451105 0.826166
vt 0.552024 0.761420
vt 0.549746 0.757045
vt 0.554761 0.758647
vt 0.544858 0.753438
vt 0.548157 0.750372
vt 0.549533 0.756971
vt 0.542075 0.757702
vt 0.620908 0.752601
vt 0.624538 0.756640
vt 0.617151 0.757023
vt 0.616274 0.750450
vt 0.614097 0.762071
vt 0.613214 0.759290
vt 0.616974 0.757197
vt 0.554337 0.823627
vt 0.549561 0.826121
vt 0.550935 0.820966
vt 0.545412 0.830421
vt 0.542161 0.827539
vt 0.549496 0.826332
vt 0.549691 0.833093
vt 0.614621 0.821914
vt 0.616926 0.826288
vt 0.611930 0.824652
vt 0.622225 0.829485
vt 0.618471 0.832975
vt 0.617133 0.826362
vt 0.624579 0.825588
vt 0.447055 0.925895
vt 0.451243 0.923502
vt 0.449948 0.928448
vt 0.455194 0.919631
vt 0.457866 0.922135
vt 0.451307 0.923299
vt 0.451096 0.916945
vt 0.454839 0.997414
vt 0.451799 0.999658
vt 0.451254 0.993385
vt 0.457755 0.992190
vt 0.446677 0.990457
vt 0.449285 0.989699
vt 0.451106 0.993212
vt 0.384372 0.927489
vt 0.382257 0.923342
vt 0.386788 0.924921
vt 0.378201 0.919559
vt 0.380858 0.917039
vt 0.382060 0.923269
vt 0.375395 0.923934
vt 0.386277 0.990759
vt 0.382091 0.993170
vt 0.383409 0.988220
vt 0.378535 0.997410
vt 0.375457 0.994514
vt 0.382027 0.993367
vt 0.382291 0.999710
vt 0.552007 0.927437
vt 0.549741 0.923341
vt 0.554757 0.924867
vt 0.545432 0.919389
vt 0.548160 0.917021
vt 0.549530 0.923270
vt 0.542105 0.924010
vt 0.621152 0.919332
vt 0.624510 0.922974
vt 0.617151 0.923322
vt 0.616311 0.917091
vt 0.614093 0.928091
vt 0.613165 0.925508
vt 0.616974 0.923490
vt 0.554368 0.990777
vt 0.549557 0.993167
vt 0.550915 0.988270
vt 0.545161 0.997034
vt 0.542189 0.994510
vt 0.549492 0.993369
vt 0.549652 0.999776
vt 0.614651 0.989234
vt 0.616931 0.993326
vt 0.611934 0.991759
vt 0.621841 0.996711
vt 0.618470 0.999663
vt 0.617136 0.993397
vt 0.624550 0.992616
vt 0.375000 1.000000
vt 0.375000 0.000000
vt 0.458333 1.000000
vt 0.458333 0.000000
vt 0.375000 0.250000
vt 0.458333 0.250000
vt 0.375000 0.500000
vt 0.125000 0.250000
vt 0.458333 0.500000
vt 0.125000 0.000000
vt 0.375000 0.750000
vt 0.458333 0.750000
vt 0.625000 0.000000
vt 0.625000 1.000000
vt 0.625000 0.250000
vt 0.291667 0.250000
vt 0.375000 0.333333
vt 0.625000 0.333333
vt 0.708333 0.250000
vt 0.875000 0.250000
vt 0.625000 0.500000
vt 0.875000 0.000000
vt 0.625000 0.750000
vt 0.375000 0.833333
vt 0.208333 0.000000
vt 0.791667 0.000000
vt 0.625000 0.833333
vt 0.375000 0.750000
vt 0.625000 0.750000
vt 0.458333 0.750000
vt 0.625000 1.000000
vt 0.625000 0.833333
vt 0.375000 1.000000
vt 0.458333 1.000000
vt 0.375000 0.833333
vt 0.375000 0.750000
vt 0.625000 0.750000
vt 0.458333 0.750000
vt 0.625000 1.000000
vt 0.625000 0.833333
vt 0.375000 1.000000
vt 0.458333 1.000000
vt 0.375000 0.833333
vt 0.375000 1.000000
vt 0.625000 1.000000
vt 0.458333 1.000000
vt 0.375000 1.000000
vt 0.625000 1.000000
vt 0.458333 1.000000
vt 0.375000 1.000000
vt 0.625000 1.000000
vt 0.458333 1.000000
vt 0.375000 1.000000
vt 0.625000 1.000000
vt 0.458333 1.000000
vt 0.541667 1.000000
vt 0.541667 1.000000
vt 0.541667 1.000000
vt 0.541667 0.000000
vt 0.541667 0.250000
vt 0.541667 0.500000
vt 0.541667 0.333333
vt 0.541667 0.750000
vt 0.541667 0.750000
vt 0.541667 0.750000
vt 0.541667 1.000000
vt 0.541667 0.833333
vt 0.541667 1.000000
vt 0.541667 1.000000
vt 0.541667 1.000000
vt 0.458333 0.333333
vt 0.458333 0.833333
vt 0.458333 0.916667
vt 0.375000 0.916667
vt 0.375000 0.916667
vt 0.375000 0.916667
vt 0.291667 0.000000
vt 0.208333 0.250000
vt 0.375000 0.416667
vt 0.458333 0.416667
vt 0.541667 0.416667
vt 0.625000 0.416667
vt 0.791667 0.250000
vt 0.708333 0.000000
vt 0.625000 0.916667
vt 0.625000 0.916667
vt 0.625000 0.916667
vt 0.541667 0.916667
vt 0.375000 0.750000
vt 0.382477 0.757837
vt 0.382477 0.825496
vt 0.375000 0.833333
vt 0.458333 0.750000
vt 0.450857 0.757837
vt 0.458333 0.833333
vt 0.450851 0.825491
vt 0.549999 0.757843
vt 0.541667 0.750000
vt 0.625000 0.750000
vt 0.616660 0.757850
vt 0.549999 0.825491
vt 0.541667 0.833333
vt 0.616667 0.825491
vt 0.625000 0.833333
vt 0.450857 0.924094
vt 0.458333 0.916667
vt 0.458333 1.000000
vt 0.450857 0.992574
vt 0.382477 0.924094
vt 0.375000 0.916667
vt 0.382477 0.992573
vt 0.375000 1.000000
vt 0.549992 0.924093
vt 0.541667 0.916667
vt 0.625000 0.916667
vt 0.616660 0.924106
vt 0.549992 0.992574
vt 0.541667 1.000000
vt 0.616674 0.992573
vt 0.625000 1.000000
vn -0.055970 -0.998432 0.000714
vn -0.300980 -0.953611 0.006155
vn -0.306301 -0.951935 0.000182
vn -0.023182 -0.999731 0.000014
vn -0.803682 -0.594982 0.009603
vn -0.939744 -0.341738 0.009806
vn -0.940116 -0.340856 0.000016
vn -0.806541 -0.591178 0.000244
vn -0.000498 -0.997579 0.069536
vn -0.016275 -0.999581 0.023932
vn -0.015241 -0.999702 0.019054
vn -0.000308 -0.999830 0.018429
vn -0.017474 -0.999847 0.000335
vn -0.010719 -0.296052 0.955112
vn -0.008323 -0.558553 0.829427
vn 0.000105 -0.554364 0.832274
vn 0.000007 -0.294612 0.955617
vn -0.004302 -0.952207 0.305422
vn -0.000004 -0.999567 0.029421
vn -0.000045 -0.950607 0.310396
vn -0.839500 -0.407551 0.359364
vn -0.856584 -0.367514 0.362213
vn -0.956210 -0.292473 0.011059
vn -0.342239 -0.391291 0.854262
vn -0.010253 -0.245563 0.969326
vn -0.348508 -0.341392 0.872923
vn -0.000137 -0.295810 0.955247
vn 0.000104 -0.243711 0.969848
vn -0.000015 -0.242505 0.970150
vn -0.000001 -0.294620 0.955614
vn 0.000001 -0.243106 0.970000
vn -0.000000 -0.999096 0.042514
vn -0.000031 -0.999493 0.031824
vn 0.000128 -0.999243 0.038898
vn 0.000001 -0.999542 0.030252
vn -0.000110 -0.999116 0.042047
vn -0.000009 -0.561929 0.827185
vn 0.000010 -0.561929 0.827185
vn 0.000001 -0.294619 0.955615
vn -0.000001 -0.949654 0.313302
vn 0.000000 -0.999096 0.042514
vn 0.000003 -0.949654 0.313301
vn -0.991089 0.133186 0.001939
vn -0.990937 0.134324 -0.000257
vn -0.956916 -0.290366 -0.000019
vn -0.471044 0.881980 0.015129
vn -0.012945 0.999829 0.013244
vn -0.013346 0.999911 -0.000018
vn -0.471116 0.882071 -0.000639
vn -0.014908 0.889641 0.456417
vn 0.000041 0.889917 0.456122
vn 0.000001 0.999906 0.013714
vn -0.001969 0.173804 0.984778
vn -0.000199 0.174759 0.984611
vn 0.000002 0.999910 0.013438
vn 0.000000 1.000000 -0.000000
vn 0.000000 1.000000 -0.000000
vn 0.000000 0.999910 0.013376
vn 0.000000 1.000000 0.000000
vn 0.000003 0.894336 0.447396
vn 0.000000 0.894336 0.447396
vn 0.000000 0.999911 0.013375
vn 0.000009 0.180381 0.983597
vn -0.000000 -0.243110 0.969999
vn -0.000005 0.180380 0.983597
vn -0.012926 0.999822 -0.013745
vn -0.470869 0.882067 -0.015477
vn -0.470916 0.882178 0.000660
vn -0.013340 0.999911 0.000019
vn -0.991069 0.133336 -0.002026
vn -0.956133 -0.292694 -0.011782
vn -0.956936 -0.290298 0.000019
vn -0.990910 0.134525 0.000257
vn -0.009896 -0.245254 -0.969408
vn -0.001836 0.175650 -0.984451
vn -0.000085 0.176527 -0.984296
vn -0.000006 -0.242698 -0.970102
vn -0.014884 0.890431 -0.454875
vn 0.000003 0.999899 -0.014223
vn 0.000097 0.890618 -0.454753
vn -0.858868 -0.365342 -0.358987
vn -0.840299 -0.409061 -0.355761
vn -0.939687 -0.341872 -0.010555
vn -0.351724 -0.343589 -0.870768
vn -0.010303 -0.296057 -0.955115
vn -0.346132 -0.389449 -0.853535
vn -0.000000 0.999903 -0.013916
vn 0.000001 0.999902 -0.013995
vn 0.000000 1.000000 -0.000000
vn 0.000000 1.000000 -0.000000
vn 0.000000 1.000000 0.000000
vn 0.000000 -0.243121 -0.969996
vn 0.000004 0.180228 -0.983625
vn -0.000008 0.180230 -0.983625
vn -0.000000 -0.243118 -0.969997
vn -0.000001 0.894262 -0.447544
vn -0.000000 0.999903 -0.013917
vn -0.000001 0.894263 -0.447542
vn 0.000095 -0.243710 -0.969848
vn -0.000141 -0.295813 -0.955246
vn 0.000014 -0.294466 -0.955662
vn -0.000001 -0.294621 -0.955614
vn -0.055950 -0.998433 -0.000743
vn -0.016424 -0.999594 -0.023295
vn -0.013810 -0.999823 -0.012758
vn -0.017391 -0.999849 -0.000338
vn -0.000492 -0.997581 -0.069510
vn -0.000412 -0.999782 -0.020897
vn -0.803121 -0.595732 -0.009961
vn -0.806167 -0.591688 -0.000281
vn -0.940108 -0.340878 -0.000019
vn -0.299204 -0.954168 -0.006327
vn -0.023308 -0.999728 -0.000020
vn -0.304803 -0.952415 -0.000265
vn -0.004371 -0.952895 -0.303268
vn 0.000016 -0.951201 -0.308574
vn 0.000001 -0.999571 -0.029302
vn -0.008157 -0.559790 -0.828594
vn 0.000206 -0.555525 -0.831500
vn -0.000032 -0.999494 -0.031818
vn 0.000084 -0.999219 -0.039523
vn 0.000012 -0.999011 -0.044453
vn -0.000000 -0.999095 -0.042528
vn 0.000001 -0.999490 -0.031944
vn -0.000001 -0.949652 -0.313306
vn 0.000003 -0.949652 -0.313306
vn 0.000000 -0.999095 -0.042525
vn -0.000009 -0.561935 -0.827181
vn 0.000001 -0.294620 -0.955614
vn 0.000011 -0.561935 -0.827181
vn 0.939732 -0.341761 0.010144
vn 0.803795 -0.594831 0.009497
vn 0.806622 -0.591068 0.000244
vn 0.940111 -0.340867 0.000016
vn 0.301223 -0.953535 0.005932
vn 0.055946 -0.998434 0.000691
vn 0.023180 -0.999731 0.000014
vn 0.306359 -0.951916 0.000184
vn 0.011188 -0.296175 0.955068
vn 0.348062 -0.389187 0.852869
vn 0.353889 -0.346663 0.868670
vn 0.010025 -0.245160 0.969431
vn 0.841496 -0.408099 0.354033
vn 0.956017 -0.293069 0.011903
vn 0.861265 -0.361819 0.356805
vn 0.000512 -0.997592 0.069359
vn 0.004605 -0.952275 0.305206
vn -0.000119 -0.950513 0.310683
vn -0.000011 -0.999563 0.029577
vn 0.008810 -0.558960 0.829148
vn -0.000019 -0.294306 0.955711
vn -0.000268 -0.554474 0.832201
vn 0.016572 -0.999590 0.023344
vn 0.015217 -0.999702 0.019071
vn 0.017476 -0.999847 0.000334
vn 0.000339 -0.999835 0.018159
vn 0.001978 0.174832 0.984596
vn 0.000074 0.175801 0.984426
vn 0.000005 -0.242616 0.970122
vn 0.016474 0.890078 0.455510
vn 0.014014 0.999815 0.013188
vn -0.000004 0.999907 0.013666
vn -0.000139 0.890308 0.455358
vn 0.474860 0.879936 0.014849
vn 0.474538 0.880235 -0.000582
vn 0.014470 0.999895 -0.000018
vn 0.991636 0.129045 0.002158
vn 0.956976 -0.290167 -0.000006
vn 0.991468 0.130347 -0.000071
vn -0.013128 0.999914 0.000000
vn -0.013198 0.999913 -0.000002
vn 0.000000 1.000000 0.000000
vn 0.000000 1.000000 0.000000
vn -0.957043 -0.289945 -0.000000
vn -0.989578 0.143995 -0.000006
vn -0.989578 0.143997 0.000010
vn -0.957044 -0.289941 0.000001
vn -0.458562 0.888662 0.000001
vn -0.013129 0.999914 0.000000
vn -0.458561 0.888663 0.000002
vn -0.956860 -0.290549 -0.000088
vn -0.940021 -0.341118 0.000057
vn -0.940303 -0.340340 0.000000
vn 0.957047 -0.289933 -0.000000
vn 0.956865 -0.290533 -0.000080
vn 0.940022 -0.341113 0.000055
vn 0.940302 -0.340340 0.000000
vn 0.014140 0.999900 0.000000
vn 0.458265 0.888816 0.000001
vn 0.458267 0.888815 0.000003
vn 0.014139 0.999900 0.000000
vn 0.989531 0.144321 -0.000006
vn 0.957047 -0.289932 0.000001
vn 0.989531 0.144319 0.000008
vn 0.014214 0.999899 -0.000005
vn 0.000000 1.000000 -0.000000
vn 0.000000 1.000000 -0.000000
vn 0.000000 1.000000 -0.000000
vn 0.956169 -0.292589 -0.011533
vn 0.991117 0.132976 -0.002025
vn 0.990960 0.134158 0.000260
vn 0.956921 -0.290350 0.000019
vn 0.471182 0.881896 -0.015752
vn 0.013933 0.999808 -0.013758
vn 0.014376 0.999897 0.000020
vn 0.471264 0.881992 0.000658
vn 0.011002 -0.245744 -0.969272
vn 0.346741 -0.340878 -0.873826
vn 0.339795 -0.392917 -0.854491
vn 0.011932 -0.296230 -0.955042
vn 0.855829 -0.367459 -0.364046
vn 0.939723 -0.341795 -0.009849
vn 0.839308 -0.406021 -0.361537
vn 0.016057 0.889625 -0.456410
vn -0.000045 0.889930 -0.456097
vn -0.000001 0.999898 -0.014268
vn 0.002124 0.173741 -0.984789
vn 0.000016 -0.242358 -0.970187
vn 0.000215 0.174771 -0.984609
vn 0.008973 -0.558215 -0.829648
vn -0.000143 -0.553751 -0.832682
vn -0.000010 -0.294496 -0.955653
vn 0.004478 -0.951513 -0.307577
vn 0.000524 -0.997555 -0.069891
vn -0.000004 -0.999555 -0.029832
vn -0.000045 -0.949834 -0.312753
vn 0.055806 -0.998441 -0.000718
vn 0.299046 -0.954218 -0.006353
vn 0.304653 -0.952463 -0.000132
vn 0.023191 -0.999731 -0.000010
vn 0.803059 -0.595819 -0.009778
vn 0.940173 -0.340698 -0.000010
vn 0.806029 -0.591876 -0.000148
vn 0.016204 -0.999591 -0.023565
vn 0.013962 -0.999817 -0.013041
vn 0.000461 -0.999786 -0.020699
vn 0.017472 -0.999847 -0.000336
vn -0.940023 -0.341111 -0.000057
vn -0.956860 -0.290550 0.000088
vn -0.940302 -0.340340 -0.000000
vn -0.033508 -0.999438 0.000000
vn -0.025243 -0.999681 -0.000001
vn -0.032615 -0.999468 0.000060
vn -0.026140 -0.999658 0.000001
vn -0.036389 -0.999338 0.000006
vn -0.804146 -0.594432 -0.000004
vn -0.804146 -0.594432 0.000005
vn -0.303865 -0.952715 0.000000
vn -0.033507 -0.999439 0.000000
vn -0.303864 -0.952716 0.000001
vn 0.025236 -0.999682 -0.000006
vn 0.032603 -0.999468 0.000074
vn 0.036578 -0.999331 0.000024
vn 0.033508 -0.999438 0.000000
vn 0.026139 -0.999658 0.000001
vn 0.940302 -0.340341 -0.000000
vn 0.940021 -0.341116 -0.000060
vn 0.956857 -0.290560 0.000081
vn 0.303867 -0.952715 -0.000000
vn 0.303867 -0.952715 0.000000
vn 0.033507 -0.999439 0.000000
vn 0.804146 -0.594432 -0.000005
vn 0.804146 -0.594432 0.000005
vn -0.999862 -0.003587 -0.016236
vn -0.923251 -0.004254 -0.384174
vn -0.923241 -0.000262 -0.384222
vn -0.999853 -0.000136 -0.017124
vn -0.381218 -0.004996 -0.924472
vn -0.016545 -0.003579 -0.999857
vn -0.016277 -0.000130 -0.999868
vn -0.381159 -0.000246 -0.924509
vn -0.369653 -0.929159 -0.004548
vn -0.373991 -0.927432 0.000070
vn -0.919104 -0.393702 -0.015691
vn -0.999995 -0.003303 -0.000002
vn -0.921671 -0.387973 -0.000263
vn -0.014920 -0.396629 -0.917858
vn 0.000113 -0.390542 -0.920585
vn 0.000001 -0.003357 -0.999994
vn -0.004917 -0.927587 -0.373574
vn 0.000111 -0.925752 -0.378130
vn 0.005672 -0.926448 -0.376380
vn -0.000029 -0.924425 -0.381364
vn -0.000002 -0.999038 -0.043847
vn 0.016825 -0.392927 -0.919416
vn 0.018216 -0.003547 -0.999828
vn -0.000001 -0.003343 -0.999994
vn -0.000123 -0.386327 -0.922362
vn 0.999857 -0.003561 -0.016500
vn 0.919443 -0.392909 -0.015722
vn 0.921993 -0.387206 -0.000043
vn 0.999994 -0.003341 -0.000000
vn 0.370191 -0.928945 -0.004434
vn 0.374470 -0.927239 0.000248
vn 0.381980 -0.004720 -0.924159
vn 0.381930 -0.000201 -0.924191
vn 0.018411 -0.000129 -0.999830
vn 0.923567 -0.004381 -0.383413
vn 0.999852 -0.000121 -0.017198
vn 0.923557 -0.000203 -0.383461
vn -0.000018 -0.003334 -0.999994
vn 0.001159 -0.002941 -0.999995
vn 0.000100 -0.000221 -1.000000
vn -0.000000 -0.003387 -0.999994
vn 0.000001 -0.003091 -0.999995
vn -0.000006 -0.382370 -0.924009
vn 0.000012 -0.382370 -0.924009
vn 0.000000 -0.003388 -0.999994
vn 0.000008 -0.921917 -0.387388
vn -0.000000 -0.999490 -0.031946
vn -0.000001 -0.921917 -0.387388
vn 0.365106 -0.930938 0.007210
vn 0.370067 -0.929005 0.000100
vn 0.036126 -0.999347 0.000011
vn 0.918876 -0.394453 0.008563
vn 0.999988 -0.003847 0.003152
vn 0.999995 -0.003258 0.000005
vn 0.919119 -0.393979 0.000563
vn 0.001767 -0.052664 0.998611
vn 0.004561 -0.345229 0.938507
vn 0.001012 -0.349184 0.937054
vn 0.000125 -0.042952 0.999077
vn 0.005521 -0.935457 0.353398
vn 0.000141 -0.999156 0.041076
vn 0.001175 -0.935307 0.353835
vn 0.255763 0.000095 0.966740
vn 0.025703 -0.017331 0.999519
vn -0.010242 -0.020383 0.999740
vn -0.001464 -0.000123 0.999999
vn -0.000157 -0.023927 0.999714
vn 0.927279 -0.000272 0.374371
vn 0.927288 0.000078 0.374348
vn 0.999998 -0.000180 0.002135
vn 0.338697 -0.030887 0.940388
vn 0.268440 0.000153 0.963296
vn 0.343422 -0.014166 0.939074
vn 0.999995 -0.003309 -0.000007
vn 0.999995 -0.002902 0.001171
vn 1.000000 -0.000217 0.000103
vn 0.999994 -0.003372 -0.000000
vn 0.999995 -0.003079 0.000002
vn 0.924332 -0.381589 -0.000001
vn 0.924332 -0.381589 0.000006
vn 0.999994 -0.003373 0.000000
vn 0.385451 -0.922728 0.000009
vn 0.026141 -0.999658 -0.000000
vn 0.385452 -0.922728 -0.000003
vn -0.999987 -0.003844 0.003277
vn -0.918740 -0.394769 0.008571
vn -0.918987 -0.394288 0.000562
vn -0.999995 -0.003261 0.000005
vn -0.364722 -0.931089 0.007217
vn -0.036116 -0.999348 0.000011
vn -0.369710 -0.929147 0.000105
vn -0.255447 0.000015 0.966823
vn -0.339160 -0.030200 0.940244
vn -0.340393 -0.013098 0.940192
vn -0.267128 0.000071 0.963661
vn -0.927059 -0.000339 0.374916
vn -0.999998 -0.000192 0.002085
vn -0.927069 0.000029 0.374892
vn -0.001508 -0.050817 0.998707
vn -0.025285 -0.017533 0.999527
vn 0.010219 -0.020486 0.999738
vn 0.000139 -0.025148 0.999684
vn 0.001464 -0.000124 0.999999
vn -0.004881 -0.935413 0.353522
vn -0.000898 -0.935189 0.354149
vn -0.003980 -0.344285 0.938857
vn -0.000088 -0.042240 0.999108
vn -0.000720 -0.347852 0.937549
vn -0.000001 -0.040127 0.999195
vn -0.000129 -0.037945 0.999280
vn -0.000067 -0.038511 0.999258
vn -0.000001 -0.037062 0.999313
vn 0.000004 -0.032598 0.999469
vn 0.000006 -0.927136 0.374726
vn -0.000006 -0.927136 0.374726
vn -0.000001 -0.999542 0.030253
vn -0.000007 -0.363186 0.931716
vn 0.000001 -0.040127 0.999195
vn 0.000007 -0.363186 0.931716
vn -0.999994 -0.003372 -0.000000
vn -0.999994 -0.003342 -0.000006
vn -0.999995 -0.002795 0.001100
vn -0.999995 -0.003106 0.000004
vn -1.000000 -0.000223 0.000096
vn -0.385471 -0.922720 0.000008
vn -0.385470 -0.922720 -0.000003
vn -0.026142 -0.999658 -0.000000
vn -0.924324 -0.381609 -0.000001
vn -0.999994 -0.003373 0.000000
vn -0.924323 -0.381611 0.000007
vn -0.999277 -0.032212 -0.020173
vn -0.923108 -0.040631 -0.382389
vn -0.923146 -0.043966 -0.381928
vn -0.999225 -0.033698 -0.020346
vn -0.382355 -0.039845 -0.923156
vn -0.019125 -0.030757 -0.999344
vn -0.019378 -0.032006 -0.999300
vn -0.382468 -0.042479 -0.922992
vn -0.999736 -0.015726 -0.016738
vn -0.999700 -0.022118 0.010553
vn -0.999469 -0.031883 0.006715
vn -0.015919 -0.015017 -0.999761
vn 0.010343 -0.021208 -0.999722
vn 0.005769 -0.030409 -0.999521
vn 0.021466 -0.030760 -0.999296
vn 0.382419 -0.038612 -0.923182
vn 0.381967 -0.041929 -0.923224
vn 0.021733 -0.032245 -0.999244
vn 0.923229 -0.037652 -0.382401
vn 0.999376 -0.028988 -0.020176
vn 0.999336 -0.030223 -0.020364
vn 0.923074 -0.040239 -0.382512
vn 0.017859 -0.015021 -0.999728
vn -0.011120 -0.021876 -0.999699
vn -0.000106 -0.000227 -1.000000
vn -0.006506 -0.030420 -0.999516
vn 0.999760 -0.014150 -0.016738
vn 0.999727 -0.020647 0.010978
vn 0.999567 -0.028660 0.006720
vn 0.376599 -0.040168 -0.925505
vn 0.376284 -0.043369 -0.925489
vn 0.018817 -0.032021 -0.999310
vn 0.923881 -0.054494 -0.378779
vn 0.998847 -0.035784 -0.032009
vn 0.999244 -0.033435 -0.019829
vn 0.925663 -0.043284 -0.375864
vn 0.002007 -0.999859 -0.016675
vn 0.000454 -0.924850 -0.380332
vn -0.000597 -0.924853 -0.380324
vn -0.002015 -0.999858 -0.016745
vn 0.001061 -0.363969 -0.931411
vn -0.000003 -0.003117 -0.999995
vn -0.001142 -0.364029 -0.931387
vn 0.916903 -0.397402 -0.036886
vn 0.914718 -0.403524 0.021406
vn 0.999156 -0.035792 0.020144
vn 0.369197 -0.929338 -0.005010
vn 0.001873 -0.999998 0.000031
vn 0.366846 -0.930273 0.004014
vn 0.999355 -0.029037 0.021112
vn 0.926530 -0.037539 0.374342
vn 0.926766 -0.041341 0.373358
vn 0.999367 -0.030225 0.018752
vn 0.390546 -0.040199 0.919706
vn 0.018585 -0.032384 0.999303
vn 0.021747 -0.033927 0.999188
vn 0.391137 -0.043291 0.919314
vn 0.999716 -0.012309 0.020431
vn 0.999746 -0.020206 -0.009989
vn 1.000000 -0.000204 -0.000091
vn 0.999569 -0.028655 -0.006329
vn 0.001936 -0.000841 0.999998
vn 0.026971 -0.003361 0.999631
vn -0.007523 0.018151 0.999807
vn -0.000102 0.016296 0.999867
vn -0.001214 0.000137 0.999999
vn 0.019065 -0.013349 0.999729
vn -0.013964 -0.023150 0.999635
vn -0.006361 -0.032156 0.999463
vn -0.001303 -0.002269 0.999997
vn 0.925558 -0.037993 0.376694
vn 0.925624 -0.040892 0.376228
vn 0.999347 -0.030230 0.019812
vn 0.379111 -0.054228 0.923761
vn 0.034644 -0.034315 0.998810
vn 0.021211 -0.032258 0.999255
vn 0.376132 -0.041528 0.925635
vn 0.017889 -0.999837 0.002545
vn 0.380460 -0.924797 0.000611
vn 0.380450 -0.924801 -0.000794
vn 0.017985 -0.999835 -0.002555
vn 0.931502 -0.363733 0.001315
vn 0.999995 -0.003106 -0.000004
vn 0.931473 -0.363807 -0.001418
vn 0.039484 -0.396314 0.917266
vn -0.023292 -0.402994 0.914906
vn -0.021542 -0.034350 0.999178
vn 0.005700 -0.929222 0.369479
vn -0.000040 -0.999997 0.002382
vn -0.004275 -0.930215 0.366990
vn -0.016512 -0.032383 0.999339
vn -0.390484 -0.041465 0.919676
vn -0.389998 -0.044818 0.919725
vn -0.019338 -0.033673 0.999246
vn -0.926403 -0.040515 0.374347
vn -0.999257 -0.032260 0.021103
vn -0.999256 -0.033692 0.018750
vn -0.926215 -0.043989 0.374421
vn -0.001695 -0.000796 0.999998
vn -0.017009 -0.013601 0.999763
vn 0.012209 -0.022204 0.999679
vn 0.001060 -0.001970 0.999998
vn 0.005649 -0.032143 0.999467
vn -0.027726 -0.003106 0.999611
vn 0.007385 0.017657 0.999817
vn 0.001209 0.000135 0.999999
vn 0.000085 0.017091 0.999854
vn -0.999694 -0.013830 0.020530
vn -0.999708 -0.021847 -0.010304
vn -0.999472 -0.031879 -0.006328
vn -1.000000 -0.000223 -0.000096
vn 0.998900 -0.035837 0.030252
vn 0.924119 -0.055694 0.378023
vn 0.925853 -0.044662 0.375234
vn 0.999258 -0.033686 0.018696
vn 0.376616 -0.041735 0.925429
vn 0.018765 -0.033647 0.999258
vn 0.376885 -0.044091 0.925210
vn 0.002018 -0.999864 0.016349
vn 0.367170 -0.930140 0.005189
vn 0.364765 -0.931094 -0.003112
vn 0.001878 -0.999998 -0.000025
vn 0.914627 -0.402929 0.033247
vn 0.999177 -0.035824 -0.019019
vn 0.912831 -0.407856 -0.019825
vn 0.000024 -0.026956 0.999637
vn 0.001279 -0.371875 0.928282
vn -0.001202 -0.371835 0.928298
vn -0.000010 -0.026745 0.999642
vn 0.000560 -0.916927 0.399056
vn -0.002016 -0.999865 0.016286
vn -0.000417 -0.916925 0.399059
vn 0.009155 -0.024168 0.999666
vn -0.000062 0.026527 0.999648
vn -0.000013 0.022282 0.999752
vn -0.000001 0.026023 0.999661
vn -0.030969 -0.034379 0.998929
vn -0.379034 -0.055142 0.923738
vn -0.374946 -0.043040 0.926047
vn -0.018879 -0.032008 0.999309
vn -0.925479 -0.040986 0.376576
vn -0.999236 -0.033702 0.019781
vn -0.925111 -0.043557 0.377190
vn -0.016053 -0.999868 0.002546
vn -0.005608 -0.930153 0.367129
vn 0.003145 -0.931095 0.364764
vn 0.000032 -0.999997 0.002385
vn -0.035554 -0.400639 0.915546
vn 0.019191 -0.034374 0.999225
vn 0.020417 -0.407312 0.913061
vn -0.931472 -0.363810 0.001414
vn -0.931507 -0.363722 -0.001321
vn -0.999995 -0.003079 -0.000002
vn -0.380443 -0.924804 0.000793
vn -0.015970 -0.999869 -0.002535
vn -0.380451 -0.924801 -0.000612
vn 0.025384 -0.999674 0.002615
vn 0.381200 -0.924492 0.000802
vn 0.380920 -0.924604 0.002560
vn 0.025137 -0.999682 0.002132
vn 0.923270 -0.384114 0.005404
vn 0.999982 -0.004338 0.004147
vn 0.999988 -0.004351 0.002238
vn 0.923278 -0.384131 0.000507
vn 0.015395 -0.366228 0.930398
vn 0.000046 -0.379953 0.925006
vn 0.006142 -0.920561 0.390551
vn -0.000000 -0.999998 0.002228
vn -0.000016 -0.921771 0.387734
vn 0.912031 -0.035096 0.408617
vn 0.910775 0.040225 0.410939
vn 0.999982 0.004317 0.004193
vn 0.372851 -0.000021 0.927891
vn 0.372857 0.000127 0.927889
vn -0.030684 -0.999526 0.002658
vn -0.007426 -0.920866 0.389807
vn 0.000208 -0.922292 0.386494
vn 0.000001 -0.999998 0.002234
vn -0.018294 -0.364527 0.931013
vn 0.000002 -0.031309 0.999510
vn 0.000031 -0.380659 0.924715
vn -0.999982 -0.004353 0.004157
vn -0.922768 -0.385318 0.005370
vn -0.922773 -0.385344 0.000499
vn -0.999988 -0.004368 0.002238
vn -0.379954 -0.925005 0.000793
vn -0.030380 -0.999536 0.002108
vn -0.379682 -0.925114 0.002538
vn -0.373385 -0.000106 0.927676
vn -0.373389 0.000042 0.927675
vn -0.912407 -0.035327 0.407756
vn -0.999982 0.004338 0.004198
vn -0.910956 0.040581 0.410503
vn 0.000000 -0.999997 0.002292
vn 0.000012 -0.999997 0.002279
vn 0.000000 -0.999997 0.002246
vn 0.000000 -0.999997 0.002247
vn 0.000000 -0.999997 0.002246
vn -0.000006 -0.387489 0.921874
vn 0.000005 -0.387486 0.921875
vn 0.000001 -0.037067 0.999313
vn 0.000008 -0.924107 0.382133
vn -0.000000 -0.999997 0.002292
vn -0.000012 -0.924106 0.382137
vn 0.924372 0.381453 0.005443
vn 0.924432 0.381346 0.000499
vn 0.999988 0.004335 0.002238
vn 0.383972 0.923344 0.000784
vn 0.025458 0.999672 0.002606
vn 0.025239 0.999679 0.002133
vn 0.383688 0.923459 0.002575
vn 0.006382 0.919822 0.392283
vn 0.000288 0.920960 0.389658
vn 0.000002 0.999997 0.002246
vn 0.013802 0.360724 0.932570
vn -0.000231 0.373357 0.927688
vn -0.016527 0.361475 0.932235
vn 0.000256 0.376334 0.926484
vn 0.000013 0.021450 0.999770
vn -0.007892 0.921485 0.388334
vn -0.030882 0.999520 0.002635
vn -0.000001 0.999997 0.002237
vn -0.000199 0.922762 0.385371
vn -0.383323 0.923614 0.000765
vn -0.383046 0.923726 0.002530
vn -0.030628 0.999529 0.002107
vn -0.924100 0.382112 0.005473
vn -0.999988 0.004364 0.002239
vn -0.924161 0.382002 0.000470
vn 0.000004 0.999997 0.002269
vn 0.000000 0.999997 0.002247
vn 0.000000 0.999997 0.002245
vn -0.000000 0.999997 0.002277
vn 0.000000 0.999997 0.002248
vn 0.000000 0.924287 0.381697
vn -0.000006 0.924288 0.381696
vn -0.000000 0.999997 0.002277
vn -0.000008 0.385607 0.922663
vn 0.000000 0.026031 0.999661
vn 0.000003 0.385607 0.922663
vn 0.025478 -0.004322 0.999666
vn 0.382367 -0.002925 0.924006
vn 0.382366 0.002926 0.924006
vn 0.025478 0.004322 0.999666
vn 0.924004 -0.002910 0.382373
vn 0.924004 0.002910 0.382373
vn 0.027896 -0.924807 0.379412
vn 0.000000 -0.923884 0.382672
vn 0.004643 -0.382162 0.924084
vn 0.000000 -0.004401 0.999990
vn 0.000000 -0.382684 0.923879
vn -0.030790 -0.004305 0.999517
vn -0.005673 -0.382045 0.924126
vn 0.000000 -0.382684 0.923879
vn 0.000000 -0.004401 0.999990
vn -0.033566 -0.924906 0.378711
vn 0.000000 -0.999998 0.002246
vn 0.000000 -0.923884 0.382672
vn -0.924004 -0.002910 0.382373
vn -0.924004 0.002910 0.382372
vn -0.382367 -0.002925 0.924006
vn -0.030793 0.004305 0.999516
vn -0.382366 0.002926 0.924006
vn 0.000000 -0.004401 0.999990
vn 0.000000 -0.004401 0.999990
vn 0.000000 0.004401 0.999990
vn 0.000000 0.004401 0.999990
vn 0.000000 0.004401 0.999990
vn 0.000000 -0.923883 0.382674
vn 0.000000 -0.923883 0.382674
vn 0.000000 -0.999997 0.002247
vn 0.000000 -0.382685 0.923879
vn 0.000000 -0.004401 0.999990
vn 0.000000 -0.382685 0.923879
vn 0.004644 0.382166 0.924082
vn 0.000000 0.382689 0.923877
vn 0.027894 0.924802 0.379424
vn 0.000000 0.923878 0.382686
vn -0.033563 0.924902 0.378722
vn 0.000000 0.923879 0.382684
vn 0.000000 0.999998 0.002246
vn -0.005674 0.382052 0.924123
vn 0.000000 0.004401 0.999990
vn 0.000000 0.382691 0.923876
vn 0.000000 0.382688 0.923878
vn 0.000000 0.382688 0.923878
vn 0.000000 0.004401 0.999990
vn 0.000000 0.923880 0.382683
vn 0.000000 0.999997 0.002248
vn 0.000000 0.923880 0.382683
vn -0.000010 -0.999997 0.002282
vn 0.000000 -0.999997 0.002247
vn 0.000115 -0.038493 0.999259
vn 0.000129 -0.037925 0.999281
vn -0.000128 -0.999243 0.038892
vn 0.000024 -0.999493 0.031829
vn 0.000136 -0.295817 0.955244
vn -0.000109 -0.243715 0.969847
vn -0.000013 0.999910 0.013451
vn 0.000000 1.000000 -0.000000
vn 0.000000 1.000000 0.000000
vn -0.000003 0.999902 -0.013981
vn 0.000000 1.000000 0.000000
vn 0.000000 1.000000 0.000000
vn 0.000000 1.000000 -0.000000
vn -0.000094 -0.243715 -0.969847
vn 0.000143 -0.295815 -0.955245
vn 0.000000 1.000000 0.000000
vn 0.000000 1.000000 0.000000
vn 0.000000 1.000000 0.000000
vn 0.000000 1.000000 0.000000
vn 0.000000 1.000000 -0.000000
vn 0.000000 1.000000 0.000000
vn 0.000000 1.000000 0.000000
vn 0.000000 1.000000 0.000000
vn 0.000023 -0.999493 -0.031851
vn -0.000097 -0.999220 -0.039487
vn 0.000009 -0.003363 -0.999994
vn -0.001099 -0.002831 -0.999995
vn -0.998956 -0.032596 -0.032013
vn -0.924157 -0.051307 -0.378553
vn -0.926193 -0.040825 -0.374833
vn -0.999339 -0.030469 -0.019817
vn -0.376718 -0.038949 -0.925509
vn -0.021188 -0.032248 -0.999255
vn -0.377332 -0.041585 -0.925144
vn -0.367476 -0.930016 -0.005609
vn -0.364964 -0.931016 0.003317
vn -0.001880 -0.999998 0.000028
vn -0.916036 -0.399379 -0.037076
vn -0.999264 -0.032607 0.020203
vn -0.913497 -0.406302 0.021015
vn -0.376740 -0.040518 0.925433
vn -0.376267 -0.043351 0.925497
vn -0.021062 -0.033893 0.999204
vn -0.924393 -0.053089 0.377730
vn -0.999012 -0.032563 0.030246
vn -0.999359 -0.030503 0.018742
vn -0.925753 -0.041186 0.375880
vn -0.009659 -0.025195 0.999636
vn 0.000070 0.026299 0.999654
vn -0.917268 -0.396900 0.033031
vn -0.915848 -0.401012 -0.020276
vn -0.999288 -0.032551 -0.019082
vn -0.369908 -0.929057 0.004599
vn -0.001875 -0.999998 -0.000028
vn -0.367660 -0.929953 -0.003788
vn -0.382214 -0.042483 0.923097
vn -0.381825 -0.041943 0.923282
vn -0.021297 -0.032246 0.999253
vn -0.923193 -0.041660 0.382073
vn -0.999335 -0.030501 0.019982
vn -0.922944 -0.040724 0.382774
vn -0.000007 -1.000000 0.000007
vn -0.000950 -0.999998 0.001734
vn -0.000975 -0.999998 -0.001752
vn -0.000007 -1.000000 -0.000007
vn -0.000035 -0.999997 -0.002381
vn -0.001377 -0.999999 0.000773
vn 0.001362 -0.999999 0.000751
vn 0.000007 -1.000000 0.000007
vn -0.000002 0.999997 0.002265
vn 0.000000 0.999997 0.002247
vn 0.000000 0.004401 0.999990
vn 0.000000 -0.004401 0.999990
vn 0.000000 1.000000 0.000000
vn 0.000000 1.000000 0.000000
vn 0.000000 1.000000 -0.000000
vn 0.000000 1.000000 0.000000
vn 0.923023 -0.044542 0.382159
vn 0.923120 -0.044179 0.381965
vn 0.999242 -0.033460 0.019923
vn 0.382066 -0.043817 0.923095
vn 0.018955 -0.031998 0.999308
vn 0.382435 -0.042665 0.922997
vn 0.000975 -0.999998 0.001751
vn 0.000948 -0.999998 -0.001731
vn 0.000036 -0.999997 -0.002382
vn 0.000007 -1.000000 -0.000007
vn 0.019162 -0.035994 -0.999168
vn 0.382105 -0.045265 -0.923010
vn 0.381724 -0.044698 -0.923195
vn 0.018936 -0.033895 -0.999246
vn 0.923020 -0.045270 -0.382079
vn 0.999255 -0.033704 -0.018823
vn 0.922784 -0.044300 -0.382763
vn 0.003810 -0.930252 -0.366901
vn -0.005051 -0.929364 -0.369129
vn 0.020792 -0.403549 -0.914722
vn -0.030967 -0.036002 -0.998872
vn -0.035305 -0.397728 -0.916824
vn 0.001374 -0.999999 -0.000772
vn -0.001362 -0.999999 -0.000754
vn -0.925475 -0.041616 -0.376516
vn -0.925524 -0.044439 -0.376072
vn -0.999259 -0.033668 -0.018629
vn -0.379087 -0.057008 -0.923603
vn -0.018877 -0.033911 -0.999247
vn -0.376140 -0.044267 -0.925505
vn -0.999995 -0.002896 -0.001173
vn -0.999995 -0.003307 0.000004
vn -0.032577 -0.999469 -0.000094
vn -0.025242 -0.999681 0.000003
vn -0.013186 0.999913 0.000003
vn 0.000000 1.000000 -0.000000
vn 0.000000 1.000000 0.000000
vn 0.000000 1.000000 0.000000
vn 0.000000 1.000000 0.000000
vn 0.014211 0.999899 0.000006
vn 0.025248 -0.999681 -0.000003
vn 0.032588 -0.999469 -0.000082
vn 0.999994 -0.003338 0.000004
vn 0.999995 -0.002790 -0.001103
vn 0.034652 -0.036024 -0.998750
vn 0.379270 -0.055432 -0.923624
vn 0.375392 -0.043529 -0.925843
vn 0.021161 -0.033902 -0.999201
vn 0.925553 -0.038620 -0.376644
vn 0.999369 -0.030218 -0.018671
vn 0.925335 -0.040978 -0.376930
vn 0.006316 -0.930230 -0.366922
vn -0.003524 -0.931284 -0.364277
vn 0.039668 -0.401452 -0.915020
vn -0.021497 -0.036061 -0.999118
vn -0.022816 -0.408959 -0.912267
vn -0.923196 -0.042224 -0.382002
vn -0.923394 -0.041651 -0.381587
vn -0.999358 -0.030479 -0.018812
vn -0.382266 -0.044089 -0.923000
vn -0.021324 -0.033913 -0.999197
vn -0.382972 -0.043215 -0.922749
vn -0.024350 -0.612879 -0.789801
vn -0.025178 -0.422148 -0.906177
vn 0.024860 -0.426512 -0.904140
vn 0.023484 -0.608892 -0.792905
vn -0.799062 -0.600685 -0.026021
vn -0.738194 -0.620345 -0.265030
vn -0.372967 -0.827304 -0.420075
vn -0.560810 -0.827860 -0.011868
vn -0.308058 -0.663560 -0.681754
vn -0.009778 -0.826978 -0.562149
vn -0.906437 -0.421659 -0.023987
vn -0.901247 -0.432280 0.029813
vn -0.704408 -0.709600 0.016653
vn -0.021622 -0.999636 -0.016142
vn -0.006085 -0.926729 -0.375682
vn 0.008549 -0.921400 -0.388522
vn 0.015466 -0.999735 -0.017052
vn 0.010325 -0.827294 -0.561674
vn -0.382825 -0.923794 -0.007123
vn -0.394499 -0.918869 0.006988
vn -0.019839 -0.999655 0.017234
vn -0.014798 -0.829091 0.558918
vn -0.017319 -0.924938 0.379722
vn 0.006097 -0.926757 0.375612
vn 0.010006 -0.827234 0.561769
vn 0.015933 -0.999736 0.016546
vn -0.441408 -0.832304 0.335303
vn -0.643362 -0.693580 0.324086
vn -0.018902 -0.610052 0.792136
vn -0.231280 -0.644471 0.728812
vn -0.022987 -0.420986 0.906776
vn 0.025181 -0.421147 0.906643
vn 0.024291 -0.612354 0.790211
vn 0.788294 -0.614775 -0.025370
vn 0.906217 -0.421952 -0.026972
vn 0.903926 -0.426891 0.026109
vn 0.791078 -0.611226 0.024445
vn 0.264829 -0.616559 -0.741431
vn 0.416645 -0.827680 -0.375968
vn 0.681629 -0.663387 -0.308707
vn 0.562802 -0.826521 -0.010861
vn 0.378075 -0.925748 -0.007028
vn 0.389362 -0.921037 0.009377
vn 0.562386 -0.826799 0.011204
vn 0.736306 -0.622175 0.265993
vn 0.372748 -0.827734 0.419423
vn 0.306837 -0.664115 0.681764
vn -0.557229 -0.830183 -0.017105
vn -0.373521 -0.927468 -0.016858
vn -0.395252 -0.918548 0.006747
vn -0.705835 -0.708185 0.016469
vn -0.025729 -0.999464 -0.020262
vn -0.022800 -0.999481 0.022774
vn -0.018132 -0.709878 -0.704091
vn -0.330486 -0.831672 -0.446206
vn -0.325040 -0.692714 -0.643813
vn -0.800342 -0.599174 -0.021079
vn -0.730273 -0.643269 -0.230014
vn -0.007598 -0.918211 -0.396018
vn 0.007236 -0.925705 -0.378177
vn 0.017754 -0.999593 -0.022315
vn 0.012704 -0.827037 -0.562005
vn -0.031934 -0.434415 -0.900147
vn 0.025813 -0.420574 -0.906891
vn 0.028183 -0.601507 -0.798370
vn -0.910373 -0.413207 -0.021955
vn -0.901979 -0.430755 0.029745
vn 0.790891 -0.611436 -0.025236
vn 0.907104 -0.420057 -0.026744
vn 0.907668 -0.418997 0.024085
vn 0.792860 -0.609080 0.019878
vn 0.265713 -0.621868 -0.736666
vn 0.416419 -0.827243 -0.377180
vn 0.682607 -0.662965 -0.307450
vn 0.562286 -0.826874 -0.010692
vn 0.378152 -0.925719 -0.006687
vn 0.380660 -0.924514 0.019266
vn 0.019118 -0.999596 0.021022
vn 0.559067 -0.828973 0.015761
vn -0.018446 -0.829737 0.557850
vn -0.017545 -0.929519 0.368358
vn 0.007571 -0.918456 0.395450
vn 0.018146 -0.709621 0.704350
vn -0.441932 -0.831707 0.336095
vn -0.642889 -0.693947 0.324240
vn -0.022547 -0.602017 0.798165
vn -0.230450 -0.647419 0.726458
vn -0.023870 -0.413424 0.910226
vn 0.031762 -0.434364 0.900177
vn 0.330785 -0.831801 0.445744
vn 0.324928 -0.692922 0.643647
vn 0.730405 -0.642834 0.230810
vn 0.015846 -0.829570 -0.558177
vn 0.015054 -0.928260 -0.371626
vn -0.006647 -0.918995 -0.394213
vn -0.015881 -0.710616 -0.703401
vn 0.019404 -0.999587 -0.021209
vn -0.021860 -0.999579 -0.019059
vn 0.704246 -0.709784 -0.015619
vn 0.438541 -0.834556 -0.333464
vn 0.643656 -0.693897 -0.322821
vn 0.019908 -0.602501 -0.797870
vn 0.231631 -0.648399 -0.725208
vn 0.394145 -0.919025 -0.006581
vn 0.383740 -0.923417 0.006645
vn 0.021704 -0.999655 0.014785
vn 0.560749 -0.827912 0.011070
vn 0.901775 -0.431301 -0.027952
vn 0.906507 -0.421588 0.022540
vn 0.799361 -0.600357 0.024354
vn 0.021011 -0.415831 -0.909199
vn -0.027910 -0.433217 -0.900857
vn 0.024454 -0.614096 0.788853
vn 0.025351 -0.422230 0.906134
vn -0.022958 -0.422110 0.906254
vn -0.018909 -0.612025 0.790612
vn 0.738221 -0.620497 0.264599
vn 0.371928 -0.828126 0.419377
vn 0.307704 -0.664069 0.681418
vn 0.009915 -0.826960 0.562173
vn 0.006213 -0.926765 0.375589
vn -0.017316 -0.925182 0.379129
vn -0.019842 -0.999677 0.015852
vn -0.014725 -0.828847 0.559282
vn -0.558150 -0.829590 -0.015808
vn -0.374644 -0.927037 -0.015647
vn -0.394124 -0.919033 0.006632
vn -0.704177 -0.709852 0.015647
vn -0.328475 -0.834560 -0.442282
vn -0.322929 -0.693674 -0.643843
vn -0.798103 -0.602201 -0.019657
vn -0.725672 -0.647908 -0.231549
vn -0.909028 -0.416225 -0.020639
vn -0.901757 -0.431342 0.027894
vn -0.438368 -0.834684 0.333372
vn -0.643550 -0.694035 0.322737
vn -0.232362 -0.647724 0.725577
vn -0.556991 -0.830365 -0.015975
vn -0.375076 -0.926861 -0.015696
vn -0.395066 -0.918632 0.006216
vn -0.706071 -0.707975 0.015318
vn -0.026020 -0.999486 -0.018708
vn -0.023068 -0.999512 0.021050
vn -0.018176 -0.710811 -0.703148
vn -0.329785 -0.832108 -0.445913
vn -0.325197 -0.693359 -0.643040
vn -0.801288 -0.597949 -0.019856
vn -0.731617 -0.641903 -0.229559
vn -0.007747 -0.918240 -0.395948
vn 0.007151 -0.926008 -0.377436
vn 0.017981 -0.999626 -0.020607
vn 0.012674 -0.826982 -0.562085
vn -0.031914 -0.435608 -0.899571
vn 0.025850 -0.421685 -0.906374
vn 0.028202 -0.603341 -0.796984
vn -0.910425 -0.413160 -0.020603
vn -0.902415 -0.429970 0.027812
vn 0.791376 -0.610875 -0.023587
vn 0.907155 -0.420051 -0.025032
vn 0.907870 -0.418642 0.022603
vn 0.793272 -0.608581 0.018679
vn 0.266146 -0.624100 -0.734620
vn 0.416379 -0.827015 -0.377723
vn 0.682436 -0.663433 -0.306818
vn 0.561825 -0.827197 -0.009879
vn 0.378558 -0.925558 -0.006073
vn 0.381448 -0.924215 0.017980
vn 0.019323 -0.999624 0.019434
vn 0.558695 -0.829243 0.014731
vn -0.018496 -0.829476 0.558236
vn -0.017605 -0.929637 0.368055
vn 0.007712 -0.918491 0.395368
vn 0.018215 -0.710129 0.703836
vn -0.441551 -0.831827 0.336299
vn -0.642258 -0.694768 0.323731
vn -0.022436 -0.603435 0.797096
vn -0.230638 -0.649631 0.724421
vn -0.023893 -0.414387 0.909787
vn 0.031832 -0.435082 0.899828
vn 0.330220 -0.832203 0.445413
vn 0.324979 -0.692815 0.643736
vn 0.731489 -0.641710 0.230505
vn -0.662379 -0.684101 0.305384
vn -0.124755 -0.975131 0.183184
vn -0.262819 -0.667331 0.696847
vn -0.002117 -0.564497 0.825432
vn -0.000300 -0.948690 0.316208
vn -0.416690 0.808414 0.415737
vn -0.937585 -0.000707 0.347756
vn -0.332115 0.026038 0.942880
vn 0.000079 0.895325 0.445413
vn 0.001309 0.182949 0.983122
vn -0.939162 0.000953 -0.343473
vn -0.418183 0.810280 -0.410572
vn -0.335704 0.029442 -0.941507
vn 0.000047 0.895163 -0.445738
vn 0.001253 0.182591 -0.983188
vn -0.126379 -0.976010 -0.177292
vn -0.663316 -0.685976 -0.299080
vn -0.266771 -0.671926 -0.690904
vn -0.000311 -0.948716 -0.316130
vn -0.002103 -0.564590 -0.825369
vn 0.128615 -0.975323 0.179454
vn 0.665993 -0.683098 0.299717
vn 0.267947 -0.668586 0.693683
vn 0.428933 0.805307 0.409264
vn 0.343489 0.024380 0.938840
vn 0.941340 -0.006890 0.337390
vn -0.456758 0.889591 -0.000081
vn -0.989244 0.146269 -0.001265
vn 0.989198 0.146583 -0.001180
vn 0.456472 0.889738 -0.000165
vn 0.416739 0.808396 -0.415723
vn 0.937595 -0.000655 -0.347727
vn 0.332172 0.026054 -0.942859
vn 0.124805 -0.974997 -0.183860
vn 0.260365 -0.664931 -0.700055
vn 0.659763 -0.685486 -0.307929
vn -0.803623 -0.595138 -0.000781
vn -0.305237 -0.952276 -0.000007
vn 0.305136 -0.952309 -0.000080
vn 0.803561 -0.595222 -0.000830
vn -0.339216 -0.493267 -0.801012
vn -0.811972 -0.481336 -0.330178
vn -0.205086 -0.961608 -0.182347
vn 0.339696 -0.487730 -0.804193
vn 0.205807 -0.960971 -0.184873
vn 0.812829 -0.479427 -0.330846
vn -0.002072 -0.381724 -0.924274
vn 0.000827 -0.923752 -0.382989
vn 0.840516 -0.361942 0.403150
vn 0.180703 -0.955573 0.232864
vn 0.096439 -0.267469 0.958728
vn 0.924072 -0.382217 -0.000756
vn 0.382912 -0.923784 0.000860
vn -0.179346 -0.955911 0.232529
vn -0.840131 -0.362910 0.403083
vn -0.096331 -0.268631 0.958414
vn 0.001219 -0.929117 0.369783
vn -0.001257 -0.369635 0.929176
vn -0.383232 -0.923652 0.000716
vn -0.924196 -0.381918 -0.000714
vn -0.382586 -0.020083 -0.923702
vn -0.923686 -0.020467 -0.382603
vn 0.923721 -0.018986 -0.382594
vn 0.382609 -0.019461 -0.923705
vn 0.833496 -0.350881 -0.426810
vn 0.222543 -0.152468 -0.962927
vn 0.313640 -0.844777 -0.433569
vn 0.217799 -0.000816 0.975993
vn 0.900674 -0.068755 0.429021
vn 0.426788 -0.349522 0.834078
vn 0.963414 -0.154103 0.219283
vn 0.433601 -0.844586 0.314108
vn -0.899855 -0.066659 0.431065
vn -0.217848 0.001784 0.975981
vn 0.172876 -0.182524 0.967884
vn 0.833329 -0.371206 0.409596
vn 0.320293 -0.855229 0.407427
vn -0.962850 -0.154408 0.221536
vn -0.428161 -0.347993 0.834014
vn -0.430136 -0.846575 0.313519
vn 0.810780 -0.330685 0.482995
vn 0.338949 -0.803168 0.489934
vn 0.264759 -0.120030 0.956815
vn -0.266488 -0.119950 0.956345
vn -0.339064 -0.804370 0.487878
vn -0.811947 -0.331238 0.480649
vn 0.002067 -0.924462 0.381267
vn -0.000672 -0.383294 0.923626
vn 0.331269 0.810309 0.483383
vn 0.803648 0.338365 0.489550
vn 0.252961 0.135708 0.957911
vn -0.331336 0.813375 0.478161
vn -0.252226 0.136903 0.957935
vn -0.803040 0.339060 0.490066
vn 0.000758 0.923970 0.382465
vn -0.000893 0.382988 0.923753
vn 0.887904 -0.325280 0.325299
vn 0.325284 -0.325272 0.887912
vn 0.325292 -0.887902 0.325293
vn -0.325288 -0.887908 0.325281
vn -0.325285 -0.325268 0.887913
vn -0.887913 -0.325270 0.325285
vn 0.000000 -0.923884 0.382674
vn 0.000000 -0.382686 0.923879
vn 0.325273 0.887912 0.325284
vn 0.325273 0.325281 0.887913
vn 0.887904 0.325283 0.325295
vn -0.325276 0.325272 0.887915
vn -0.325277 0.887912 0.325280
vn -0.887909 0.325278 0.325287
vn 0.000000 0.382690 0.923877
vn 0.000000 0.923881 0.382679
vn 0.001151 -0.382783 0.923837
vn -0.001606 -0.924227 0.381839
vn -0.001217 -0.929122 0.369771
vn 0.001264 -0.369637 0.929175
vn 0.002031 -0.564587 0.825371
vn 0.000229 -0.948722 0.316112
vn -0.000431 0.895155 0.445755
vn -0.001442 0.182581 0.983190
vn -0.000082 0.895327 -0.445409
vn -0.001301 0.182948 -0.983122
vn 0.000000 1.000000 0.000000
vn 0.000219 -0.948693 -0.316198
vn 0.002056 -0.564517 -0.825419
vn 0.001598 -0.381449 -0.924389
vn -0.000949 -0.923594 -0.383370
vn -0.225812 -0.150961 -0.962403
vn -0.834648 -0.346516 -0.428123
vn -0.314012 -0.846364 -0.430191
vn -0.833686 -0.372838 0.407381
vn -0.173102 -0.183881 0.967586
vn -0.319962 -0.854492 0.409228
vn -0.829268 -0.460148 0.317141
vn -0.317859 -0.453356 0.832727
vn -0.189309 -0.963466 0.189459
vn -0.000363 0.924111 0.382123
vn 0.001022 0.383261 0.923640
vn 0.000000 0.382689 0.923877
vn 0.000000 0.923880 0.382683
vn 0.000000 -0.923885 0.382671
vn 0.000000 -0.382684 0.923879
vn 0.000000 1.000000 0.000000
vn 0.316870 -0.461392 0.828680
vn 0.832178 -0.454543 0.317600
vn 0.189462 -0.963556 0.188848
vn 0.828295 -0.462219 -0.316671
vn 0.317519 -0.454995 -0.831962
vn 0.188976 -0.963603 -0.189098
vn -0.425750 -0.352729 -0.833258
vn -0.963443 -0.155439 -0.218211
vn -0.432713 -0.844916 -0.314447
vn -0.382880 -0.923797 -0.001108
vn -0.924041 -0.382293 0.000458
vn -0.803545 -0.595243 0.000807
vn -0.305092 -0.952323 0.000034
vn -0.456454 0.889747 0.000105
vn -0.989192 0.146617 0.001300
vn 0.000000 1.000000 0.000000
vn 0.000000 1.000000 0.000000
vn 0.989249 0.146239 0.001191
vn 0.456794 0.889573 0.000185
vn 0.305183 -0.952294 -0.000039
vn 0.803597 -0.595173 0.000758
vn 0.924174 -0.381971 0.000414
vn 0.383188 -0.923670 -0.000972
vn 0.963004 -0.153249 -0.221670
vn 0.428341 -0.347941 -0.833943
vn 0.430283 -0.846445 -0.313668
vn -0.316747 -0.461574 -0.828626
vn -0.832797 -0.453149 -0.317969
vn -0.189536 -0.963508 -0.189022
vn -0.821066 -0.492179 -0.289155
vn -0.352943 -0.501162 -0.790106
vn -0.317411 -0.872681 -0.371050
vn -0.367311 -0.883351 0.291158
vn -0.254398 -0.542126 0.800863
vn -0.769219 -0.509994 0.384979
vn 0.288390 -0.489712 -0.822808
vn 0.786469 -0.506923 -0.352838
vn 0.368137 -0.873040 -0.319807
vn 0.820243 -0.492579 0.290804
vn 0.351323 -0.505820 0.787857
vn 0.319022 -0.872111 0.371008
vn -0.291452 -0.881469 -0.371576
vn -0.804501 -0.536937 -0.253922
vn -0.385760 -0.510748 -0.768326
vn 0.290905 -0.488161 -0.822844
vn 0.789106 -0.503476 -0.351885
vn 0.367273 -0.872880 -0.321232
vn -0.365521 -0.884594 0.289634
vn -0.253497 -0.546964 0.797853
vn -0.770476 -0.507317 0.386000
vn 0.292379 -0.880923 0.372141
vn 0.804344 -0.536764 0.254785
vn 0.385814 -0.509597 0.769063
vn 0.365948 -0.883897 -0.291219
vn 0.255487 -0.543540 -0.799556
vn 0.769791 -0.510105 -0.383686
vn 0.821248 -0.492126 0.288730
vn 0.352079 -0.506705 0.786950
vn 0.316284 -0.873188 0.370821
vn -0.292279 -0.881885 -0.369935
vn -0.803057 -0.537831 -0.256588
vn -0.383619 -0.510717 -0.769418
vn -0.366781 -0.883275 0.292056
vn -0.256259 -0.542878 0.799759
vn -0.770266 -0.509371 0.383707
vn -0.291195 -0.881379 -0.371990
vn -0.805531 -0.535713 -0.253242
vn -0.386211 -0.510387 -0.768340
vn 0.291790 -0.489623 -0.821662
vn 0.789878 -0.502639 -0.351349
vn 0.366763 -0.872678 -0.322364
vn -0.364362 -0.885229 0.289155
vn -0.253864 -0.549492 0.795997
vn -0.771500 -0.505782 0.385969
vn 0.292422 -0.880688 0.372663
vn 0.805436 -0.535322 0.254367
vn 0.385514 -0.511038 0.768257
s 1
g Nightstand_body
usemtl initialShadingGroup
f 2/1/1 1/399/2 521/687/3 520/176/4
s 2
f 1/400/5 8/337/6 522/25/7 521/686/8
s 1
f 4/2/9 3/401/10 171/508/11 170/286/12
f 3/401/10 2/1/1 172/57/13 171/508/11
s 4
f 6/3/14 5/402/15 11/407/16 10/277/17
s 1
f 5/403/18 4/2/9 12/4/19 11/406/20
s 2
f 8/337/6 7/404/21 19/413/22 18/338/23
s 4
f 7/404/24 6/3/14 20/6/25 19/413/26
f 10/277/17 9/405/27 27/417/28 26/7/29
f 9/405/27 16/320/30 28/8/31 27/417/28
s 1
f 14/5/32 13/408/33 173/509/34 180/318/35
f 13/408/33 12/4/19 174/60/36 173/509/34
s 4
f 16/320/30 15/409/37 369/608/38 376/321/39
s 1
f 15/410/40 14/5/32 370/124/41 369/607/42
s 2
f 18/338/23 17/411/43 81/453/44 80/336/45
s 6
f 17/412/46 22/339/47 82/22/48 81/452/49
f 22/339/47 21/414/50 25/416/51 24/340/52
s 4
f 21/414/53 20/6/25 26/7/29 25/416/54
s 6
f 24/340/52 23/415/55 477/663/56 476/23/57
f 23/415/55 30/342/58 478/137/59 477/663/56
f 30/342/58 29/418/60 377/613/61 384/343/62
s 4
f 29/418/63 28/8/31 378/127/64 377/613/65
s 6
f 32/9/66 31/419/67 527/691/68 526/278/69
s 2
f 31/420/70 36/282/71 528/35/72 527/690/73
s 9
f 34/10/74 33/421/75 43/427/76 42/279/77
s 6
f 33/421/78 32/9/66 44/11/79 43/427/80
s 2
f 36/282/71 35/422/81 49/432/82 48/280/83
s 9
f 35/423/84 34/10/74 50/15/85 49/431/86
s 6
f 38/12/87 37/424/88 535/696/89 534/322/90
f 37/424/88 44/11/79 536/177/91 535/696/89
s 9
f 40/13/92 39/425/93 391/620/94 390/323/95
s 6
f 39/425/96 38/12/87 392/132/97 391/620/98
s 9
f 42/279/77 41/426/99 57/436/100 56/16/101
f 41/426/99 40/13/92 58/17/102 57/436/100
s 1
f 46/14/103 45/428/104 125/485/105 124/287/106
f 45/428/104 52/283/107 126/47/108 125/485/105
s 2
f 48/280/83 47/429/109 107/473/110 106/281/111
s 1
f 47/430/112 46/14/103 108/37/113 107/472/114
f 52/283/107 51/433/115 55/435/116 54/284/117
s 9
f 51/433/118 50/15/85 56/16/101 55/435/119
s 1
f 54/284/117 53/434/120 141/493/121 140/48/122
f 53/434/120 60/324/123 142/52/124 141/493/121
f 60/324/123 59/437/125 401/625/126 408/325/127
s 9
f 59/437/128 58/17/102 402/133/129 401/625/130
s 13
f 62/18/131 61/438/132 561/713/133 560/28/134
s 1
f 61/439/135 68/346/136 562/187/137 561/712/138
s 4
f 64/19/139 63/440/140 71/445/141 70/303/142
s 13
f 63/440/143 62/18/131 72/21/144 71/445/145
s 1
f 66/20/146 65/441/147 373/611/148 372/126/149
s 4
f 65/442/150 64/19/139 374/128/151 373/610/152
s 1
f 68/346/136 67/443/153 147/496/154 146/347/155
f 67/443/153 66/20/146 148/53/156 147/496/154
s 4
f 70/303/142 69/444/157 381/615/158 380/129/159
s 6
f 69/444/160 74/345/161 382/130/162 381/615/163
f 74/345/161 73/446/164 89/459/165 88/344/166
s 13
f 73/447/167 72/21/144 90/27/168 89/458/169
s 6
f 76/24/170 75/448/171 475/662/172 474/358/173
f 75/448/171 82/22/48 476/23/57 475/662/172
s 2
f 78/26/174 77/449/175 531/694/176 530/36/177
s 6
f 77/450/178 76/24/170 532/178/179 531/693/180
s 2
f 80/336/45 79/451/181 523/688/182 522/25/7
f 79/451/181 78/26/174 524/38/183 523/688/182
s 13
f 84/29/184 83/454/185 559/711/186 558/44/187
f 83/454/185 90/27/168 560/28/134 559/711/186
s 6
f 86/30/188 85/455/189 555/708/190 554/185/191
s 13
f 85/456/192 84/29/184 556/40/193 555/707/194
s 6
f 88/344/166 87/457/195 393/621/196 400/131/197
f 87/457/195 86/30/188 394/136/198 393/621/196
s 13
f 92/31/199 91/460/200 551/705/201 550/42/202
s 6
f 91/461/203 96/306/204 552/183/205 551/704/206
s 9
f 94/32/207 93/462/208 99/467/209 98/307/210
s 13
f 93/463/211 92/31/199 100/33/212 99/466/213
s 6
f 96/306/204 95/464/214 387/618/215 386/304/216
s 9
f 95/464/217 94/32/207 388/134/218 387/618/219
f 98/307/210 97/465/220 405/627/221 404/135/222
s 1
f 97/465/223 104/308/224 406/140/225 405/627/226
f 102/34/227 101/468/228 115/479/229 114/285/230
s 13
f 101/469/231 100/33/212 116/41/232 115/478/233
s 1
f 104/308/224 103/470/234 131/488/235 130/309/236
f 103/470/234 102/34/227 132/49/237 131/488/235
s 2
f 106/281/111 105/471/238 529/692/239 528/35/72
f 105/471/238 112/357/240 530/36/177 529/692/239
s 1
f 110/39/241 109/474/242 181/513/243 188/355/244
f 109/474/242 108/37/113 182/45/245 181/513/243
s 2
f 112/357/240 111/475/246 517/684/247 524/38/183
s 1
f 111/476/248 110/39/241 518/174/249 517/683/250
f 114/285/230 113/477/251 159/502/252 158/50/253
f 113/477/251 120/359/254 160/56/255 159/502/252
s 13
f 118/43/256 117/480/257 549/703/258 556/40/193
f 117/480/257 116/41/232 550/42/202 549/703/258
s 1
f 120/359/254 119/481/259 557/710/260 564/360/261
s 13
f 119/482/262 118/43/256 558/44/187 557/709/263
s 29
f 122/46/264 121/483/265 193/519/266 192/292/267
f 121/483/268 128/288/269 194/68/270 193/519/271
s 1
f 124/287/106 123/484/272 183/514/273 182/45/245
s 29
f 123/484/274 122/46/264 184/64/275 183/514/276
f 128/288/269 127/486/277 139/492/278 138/289/279
s 1
f 127/486/280 126/47/108 140/48/122 139/492/281
f 130/309/236 129/487/282 413/631/283 412/141/284
s 29
f 129/487/285 136/310/286 414/143/287 413/631/288
f 134/51/289 133/489/290 157/501/291 156/290/292
s 1
f 133/489/293 132/49/237 158/50/253 157/501/294
s 29
f 136/310/286 135/490/295 201/523/296 200/311/297
f 135/490/298 134/51/289 202/71/299 201/523/300
f 138/289/279 137/491/301 209/527/302 208/69/303
f 137/491/301 144/326/304 210/73/305 209/527/302
f 144/326/304 143/494/306 409/629/307 416/327/308
s 1
f 143/494/309 142/52/124 410/139/310 409/629/311
f 146/347/155 145/495/312 569/717/313 568/188/314
s 29
f 145/495/315 154/348/316 570/190/317 569/717/318
f 150/54/319 149/497/320 365/605/321 364/123/322
s 1
f 149/497/323 148/53/156 366/125/324 365/605/325
s 29
f 152/55/326 151/498/327 279/562/328 278/296/329
f 151/498/327 150/54/319 280/94/330 279/562/328
f 154/348/316 153/499/331 219/532/332 218/349/333
f 153/499/334 152/55/326 220/76/335 219/532/336
f 156/290/292 155/500/337 229/537/338 228/72/339
f 155/500/337 162/361/340 230/78/341 229/537/338
f 162/361/340 161/503/342 565/715/343 572/362/344
s 1
f 161/503/345 160/56/255 566/186/346 565/715/347
s 29
f 164/58/348 163/504/349 513/681/350 512/173/351
s 1
f 163/504/352 172/57/13 514/175/353 513/681/354
s 29
f 166/59/355 165/505/356 241/543/357 240/294/358
f 165/505/359 164/58/348 242/82/360 241/543/361
f 168/61/362 167/506/363 269/557/364 268/293/365
f 167/506/363 166/59/355 270/92/366 269/557/364
s 1
f 170/286/12 169/507/367 175/510/368 174/60/36
s 29
f 169/507/369 168/61/362 176/62/370 175/510/371
f 178/63/372 177/511/373 285/565/374 284/316/375
f 177/511/373 176/62/370 286/90/376 285/565/374
s 1
f 180/318/35 179/512/377 361/603/378 368/319/379
s 29
f 179/512/380 178/63/372 362/121/381 361/603/382
f 186/65/383 185/515/384 261/553/385 260/353/386
f 185/515/384 184/64/275 262/66/387 261/553/385
s 1
f 188/355/244 187/516/388 509/679/389 516/356/390
s 29
f 187/516/391 186/65/383 510/171/392 509/679/393
f 190/67/394 189/517/395 593/729/396 600/382/397
f 189/517/398 196/377/399 594/196/400 593/729/401
f 192/292/267 191/518/402 263/554/403 262/66/387
f 191/518/402 190/67/394 264/87/404 263/554/403
f 196/377/399 195/520/405 207/526/406 206/378/407
f 195/520/405 194/68/270 208/69/303 207/526/406
f 198/70/408 197/521/409 661/764/410 668/220/411
f 197/521/412 204/384/413 662/223/414 661/764/415
f 200/311/297 199/522/416 425/637/417 424/144/418
f 199/522/416 198/70/408 426/145/419 425/637/417
f 204/384/413 203/524/420 227/536/421 226/385/422
f 203/524/420 202/71/299 228/72/339 227/536/421
f 206/378/407 205/525/423 620/743/424 627/197/425
f 205/525/426 214/379/427 621/208/428 620/743/429
s 46
f 212/74/430 211/528/431 421/635/432 420/329/433
s 29
f 211/528/434 210/73/305 422/142/435 421/635/436
f 214/379/427 213/529/437 481/665/438 480/380/439
s 46
f 213/529/440 212/74/430 482/153/441 481/665/442
s 29
f 216/75/443 215/530/444 800/837/445 806/264/446
f 215/530/447 224/396/448 801/272/449 800/837/450
f 218/349/333 217/531/451 581/723/452 580/191/453
f 217/531/451 216/75/443 582/192/454 581/723/452
f 222/77/455 221/533/456 299/572/457 298/312/458
f 221/533/456 220/76/335 300/96/459 299/572/457
f 224/396/448 223/534/460 429/639/461 428/397/462
f 223/534/460 222/77/455 430/148/463 429/639/461
f 226/385/422 225/535/464 694/781/465 700/224/466
f 225/535/467 234/386/468 695/232/469 694/781/470
s 46
f 232/79/471 231/538/472 577/721/473 576/363/474
s 29
f 231/538/475 230/78/341 578/189/476 577/721/477
f 234/386/468 233/539/478 439/644/479 438/387/480
s 46
f 233/539/481 232/79/471 440/152/482 439/644/483
s 29
f 236/80/484 235/540/485 747/809/486 753/244/487
f 235/540/488 244/390/489 748/252/490 747/809/491
f 238/81/492 237/541/493 253/549/494 252/295/495
f 237/541/493 236/80/484 254/83/496 253/549/494
f 240/294/358 239/542/497 293/569/498 292/93/499
f 239/542/497 238/81/492 294/100/500 293/569/498
f 244/390/489 243/544/501 501/675/502 500/391/503
f 243/544/501 242/82/360 502/172/504 501/675/502
f 246/84/505 245/545/506 714/792/507 721/240/508
f 245/545/509 254/83/496 715/243/510 714/792/511
s 46
f 248/85/512 247/546/513 497/673/514 496/350/515
s 29
f 247/546/516 246/84/505 498/164/517 497/673/518
f 250/86/519 249/547/520 433/641/521 432/330/522
s 46
f 249/547/523 248/85/512 434/150/524 433/641/525
s 29
f 252/295/495 251/548/526 309/577/527 308/101/528
f 251/548/526 250/86/519 310/103/529 309/577/527
f 256/88/530 255/550/531 613/739/532 619/381/533
f 255/550/534 264/87/404 614/199/535 613/739/536
s 46
f 258/89/537 257/551/538 487/668/539 486/351/540
s 29
f 257/551/541 256/88/530 488/162/542 487/668/543
f 260/353/386 259/552/544 505/677/545 504/354/546
s 46
f 259/552/547 258/89/537 506/165/548 505/677/549
s 60
f 266/91/550 265/555/551 317/581/552 316/297/553
s 61
f 265/555/554 272/298/555 318/104/556 317/581/557
s 29
f 268/293/365 267/556/558 287/566/559 286/90/376
s 60
f 267/556/560 266/91/550 288/98/561 287/566/562
s 61
f 272/298/555 271/558/563 291/568/564 290/299/565
s 29
f 271/558/566 270/92/366 292/93/499 291/568/567
s 60
f 274/95/568 273/559/569 357/601/570 356/315/571
s 29
f 273/559/572 280/94/330 358/122/573 357/601/574
s 63
f 276/97/575 275/560/576 323/584/577 322/302/578
s 60
f 275/560/579 274/95/568 324/108/580 323/584/581
s 29
f 278/296/329 277/561/582 301/573/583 300/96/459
s 63
f 277/561/584 276/97/575 302/102/585 301/573/586
s 60
f 282/99/587 281/563/588 325/585/589 332/335/590
f 281/563/588 288/98/561 326/106/591 325/585/589
s 29
f 284/316/375 283/564/592 353/599/593 360/317/594
s 60
f 283/564/595 282/99/587 354/119/596 353/599/597
s 61
f 290/299/565 289/567/598 337/591/599 336/105/600
s 65
f 289/567/601 296/300/602 338/114/603 337/591/604
f 296/300/602 295/570/605 307/576/606 306/301/607
s 29
f 295/570/608 294/100/500 308/101/528 307/576/609
f 298/312/458 297/571/610 451/650/611 450/149/612
s 65
f 297/571/613 304/313/614 452/156/615 451/650/616
f 304/313/614 303/574/617 341/593/618 340/314/619
s 63
f 303/574/620 302/102/585 342/109/621 341/593/622
s 65
f 306/301/607 305/575/623 349/597/624 348/115/625
f 305/575/623 312/331/626 350/117/627 349/597/624
f 312/331/626 311/578/628 447/648/629 454/332/630
s 29
f 311/578/631 310/103/529 448/147/632 447/648/633
s 67
f 314/107/634 313/579/635 335/590/636 334/291/637
s 61
f 313/579/638 318/104/556 336/105/600 335/590/639
s 60
f 316/297/553 315/580/640 327/586/641 326/106/591
s 67
f 315/580/642 314/107/634 328/111/643 327/586/644
f 320/110/645 319/582/646 467/658/647 466/160/648
s 60
f 319/582/649 324/108/580 468/118/650 467/658/651
s 63
f 322/302/578 321/583/652 343/594/653 342/109/621
s 67
f 321/583/654 320/110/645 344/116/655 343/594/656
f 330/112/657 329/587/658 345/595/659 352/333/660
f 329/587/658 328/111/643 346/113/661 345/595/659
s 60
f 332/335/590 331/588/662 463/656/663 470/120/664
s 67
f 331/588/665 330/112/657 464/158/666 463/656/667
f 334/291/637 333/589/668 347/596/669 346/113/661
s 65
f 333/589/670 338/114/603 348/115/625 347/596/671
f 340/314/619 339/592/672 459/654/673 458/157/674
s 67
f 339/592/675 344/116/655 460/159/676 459/654/677
f 352/333/660 351/598/678 455/652/679 462/334/680
s 65
f 351/598/681 350/117/627 456/155/682 455/652/683
s 60
f 356/315/571 355/600/684 469/659/685 468/118/650
f 355/600/684 354/119/596 470/120/664 469/659/685
s 29
f 360/317/594 359/602/686 363/604/687 362/121/381
f 359/602/686 358/122/573 364/123/322 363/604/687
s 1
f 368/319/379 367/606/688 371/609/689 370/124/41
f 367/606/688 366/125/324 372/126/149 371/609/689
s 4
f 376/321/39 375/612/690 379/614/691 378/127/64
f 375/612/690 374/128/151 380/129/159 379/614/691
s 6
f 384/343/62 383/616/692 399/624/693 398/341/694
f 383/616/692 382/130/162 400/131/197 399/624/693
f 386/304/216 385/617/695 543/700/696 542/305/697
f 385/617/695 392/132/97 544/180/698 543/700/696
s 9
f 390/323/95 389/619/699 403/626/700 402/133/129
f 389/619/699 388/134/218 404/135/222 403/626/700
s 6
f 396/138/701 395/622/702 547/702/703 546/182/704
f 395/622/702 394/136/198 548/184/705 547/702/703
f 398/341/694 397/623/706 471/660/707 478/137/59
f 397/623/706 396/138/701 472/161/708 471/660/707
s 1
f 408/325/127 407/628/709 411/630/710 410/139/310
f 407/628/709 406/140/225 412/141/284 411/630/710
s 29
f 416/327/308 415/632/711 423/636/712 422/142/435
f 415/632/711 414/143/287 424/144/418 423/636/712
f 418/146/713 417/633/714 654/760/715 660/383/716
f 417/633/717 426/145/419 655/219/718 654/760/719
s 46
f 420/329/433 419/634/720 445/647/721 444/328/722
s 29
f 419/634/723 418/146/713 446/151/724 445/647/725
f 428/397/462 427/638/726 787/830/727 793/398/728
f 427/638/729 436/393/730 788/261/731 787/830/732
f 432/330/522 431/640/733 449/649/734 448/147/632
f 431/640/733 430/148/463 450/149/612 449/649/734
f 436/393/730 435/642/735 585/725/736 584/394/737
s 46
f 435/642/738 434/150/524 586/167/739 585/725/740
s 29
f 438/387/480 437/643/741 681/774/742 687/388/743
f 437/643/744 446/151/724 682/221/745 681/774/746
s 46
f 442/154/747 441/645/748 589/727/749 588/169/750
f 441/645/748 440/152/482 590/193/751 589/727/749
f 444/328/722 443/646/752 483/666/753 482/153/441
f 443/646/752 442/154/747 484/163/754 483/666/753
s 65
f 454/332/630 453/651/755 457/653/756 456/155/682
f 453/651/755 452/156/615 458/157/674 457/653/756
s 67
f 462/334/680 461/655/757 465/657/758 464/158/666
f 461/655/757 460/159/676 466/160/648 465/657/758
s 6
f 474/358/173 473/661/759 539/698/760 538/179/761
f 473/661/759 472/161/708 540/181/762 539/698/760
s 29
f 480/380/439 479/664/763 634/750/764 641/209/765
f 479/664/766 488/162/542 635/206/767 634/750/768
s 46
f 486/351/540 485/667/769 493/671/770 492/352/771
f 485/667/769 484/163/754 494/168/772 493/671/770
s 29
f 490/166/773 489/669/774 707/788/775 713/389/776
f 489/669/777 498/164/517 708/239/778 707/788/779
s 46
f 492/352/771 491/670/780 507/678/781 506/165/548
s 29
f 491/670/782 490/166/773 508/170/783 507/678/784
s 46
f 496/350/515 495/672/785 587/726/786 586/167/739
f 495/672/785 494/168/772 588/169/750 587/726/786
s 29
f 500/391/503 499/674/787 734/802/788 740/392/789
f 499/674/790 508/170/783 735/241/791 734/802/792
f 504/354/546 503/676/793 511/680/794 510/171/392
f 503/676/793 502/172/504 512/173/351 511/680/794
s 1
f 516/356/390 515/682/795 519/685/796 518/174/249
f 515/682/795 514/175/353 520/176/4 519/685/796
s 6
f 526/278/69 525/689/797 537/697/798 536/177/91
f 525/689/797 532/178/179 538/179/761 537/697/798
f 534/322/90 533/695/799 545/701/800 544/180/698
f 533/695/799 540/181/762 546/182/704 545/701/800
f 542/305/697 541/699/801 553/706/802 552/183/205
f 541/699/801 548/184/705 554/185/191 553/706/802
s 1
f 564/360/261 563/714/803 567/716/804 566/186/346
f 563/714/803 562/187/137 568/188/314 567/716/804
s 29
f 572/362/344 571/718/805 579/722/806 578/189/476
f 571/718/805 570/190/317 580/191/453 579/722/806
f 574/194/807 573/719/808 767/820/809 774/260/810
f 573/719/811 582/192/454 768/263/812 767/820/813
s 46
f 576/363/474 575/720/814 591/728/815 590/193/751
s 29
f 575/720/816 574/194/807 592/195/817 591/728/818
f 584/394/737 583/724/819 760/816/820 766/395/821
f 583/724/822 592/195/817 761/259/823 760/816/824
f 596/198/825 595/730/826 626/746/827 625/365/828
f 595/730/826 594/196/400 627/197/425 626/746/827
f 598/200/829 597/731/830 605/735/831 604/364/832
f 597/731/833 596/198/825 606/201/834 605/735/831
f 600/382/397 599/732/835 615/740/836 614/199/535
f 599/732/835 598/200/829 610/204/837 615/740/836
f 602/202/838 601/733/839 630/748/840 629/370/841
f 601/733/839 606/201/834 631/210/842 630/748/840
f 604/364/832 603/734/843 611/738/844 610/204/837
f 603/734/843 602/202/838 612/203/845 611/738/844
f 608/205/846 607/736/847 642/754/848 647/216/849
f 607/736/847 612/203/845 643/212/850 642/754/848
f 610/204/837 609/737/851 616/741/852
f 609/737/851 608/205/846 617/207/853 616/741/854
f 619/381/533 618/742/855 636/751/856 635/206/767
f 618/742/855 617/207/853 637/215/857 636/751/856
f 623/211/858 622/744/859 640/753/860 639/366/861
f 622/744/859 621/208/428 641/209/765 640/753/860
f 625/365/828 624/745/862 632/749/863 631/210/842
f 624/745/864 623/211/858 633/213/865 632/749/863
f 629/370/841 628/747/866 644/755/867 643/212/850
f 628/747/866 633/213/865 645/214/868 644/755/867
f 639/366/861 638/752/869 646/756/870 645/214/868
f 638/752/871 637/215/857 647/216/849 646/756/870
f 649/217/872 648/757/873 679/773/874 678/230/875
f 648/757/873 653/371/876 680/228/877 679/773/874
f 651/218/878 650/758/879 657/762/880
f 650/758/879 649/217/872 658/222/881 657/762/882
f 653/371/876 652/759/883 671/769/884 670/372/885
f 652/759/883 651/218/878 672/225/886 671/769/884
f 651/218/878 656/761/887 667/767/888 666/367/889
f 656/761/887 655/219/718 668/220/411 667/767/888
f 660/383/716 659/763/890 683/775/891 682/221/745
f 659/763/890 658/222/881 678/230/875 683/775/891
f 664/226/892 663/765/893 699/784/894 698/236/895
f 663/765/893 662/223/414 700/224/466 699/784/894
f 666/367/889 665/766/896 673/770/897 672/225/886
f 665/766/898 664/226/892 674/227/899 673/770/897
f 670/372/885 669/768/900 688/778/901 693/229/902
f 669/768/900 674/227/899 689/235/903 688/778/901
f 676/231/904 675/771/905 692/780/906 691/234/907
f 675/771/905 680/228/877 693/229/902 692/780/906
f 678/230/875 677/772/908 684/776/909
f 677/772/908 676/231/904 685/233/910 684/776/911
f 687/388/743 686/777/912 696/782/913 695/232/469
f 686/777/912 685/233/910 691/234/907 696/782/913
f 691/234/907 690/779/914 697/783/915
f 690/779/914 689/235/903 698/236/895 697/783/916
f 702/237/917 701/785/918 732/801/919 731/250/920
f 701/785/918 706/373/921 733/248/922 732/801/919
f 704/238/923 703/786/924 710/790/925
f 703/786/924 702/237/917 711/242/926 710/790/927
f 706/373/921 705/787/928 724/797/929 723/374/930
f 705/787/928 704/238/923 725/245/931 724/797/929
f 704/238/923 709/789/932 720/795/933 719/368/934
f 709/789/932 708/239/778 721/240/508 720/795/933
f 713/389/776 712/791/935 736/803/936 735/241/791
f 712/791/935 711/242/926 731/250/920 736/803/936
f 717/246/937 716/793/938 752/812/939 751/256/940
f 716/793/938 715/243/510 753/244/487 752/812/939
f 719/368/934 718/794/941 726/798/942 725/245/931
f 718/794/943 717/246/937 727/247/944 726/798/942
f 723/374/930 722/796/945 741/806/946 746/249/947
f 722/796/945 727/247/944 742/255/948 741/806/946
f 729/251/949 728/799/950 745/808/951 744/254/952
f 728/799/950 733/248/922 746/249/947 745/808/951
f 731/250/920 730/800/953 737/804/954
f 730/800/953 729/251/949 738/253/955 737/804/956
f 740/392/789 739/805/957 749/810/958 748/252/490
f 739/805/957 738/253/955 744/254/952 749/810/958
f 744/254/952 743/807/959 750/811/960
f 743/807/959 742/255/948 751/256/940 750/811/961
f 755/257/962 754/813/963 785/829/964 784/270/965
f 754/813/963 759/375/966 786/268/967 785/829/964
f 757/258/968 756/814/969 763/818/970
f 756/814/969 755/257/962 764/262/971 763/818/972
f 759/375/966 758/815/973 777/825/974 776/376/975
f 758/815/973 757/258/968 778/265/976 777/825/974
f 757/258/968 762/817/977 773/823/978 772/369/979
f 762/817/977 761/259/823 774/260/810 773/823/978
f 766/395/821 765/819/980 789/831/981 788/261/731
f 765/819/980 764/262/971 784/270/965 789/831/981
f 770/266/982 769/821/983 805/840/984 804/276/985
f 769/821/983 768/263/812 806/264/446 805/840/984
f 772/369/979 771/822/986 779/826/987 778/265/976
f 771/822/988 770/266/982 780/267/989 779/826/987
f 776/376/975 775/824/990 794/834/991 799/269/992
f 775/824/990 780/267/989 795/275/993 794/834/991
f 782/271/994 781/827/995 798/836/996 797/274/997
f 781/827/995 786/268/967 799/269/992 798/836/996
f 784/270/965 783/828/998 790/832/999
f 783/828/998 782/271/994 791/273/1000 790/832/1001
f 793/398/728 792/833/1002 802/838/1003 801/272/449
f 792/833/1002 791/273/1000 797/274/997 802/838/1003
f 797/274/997 796/835/1004 803/839/1005
f 796/835/1004 795/275/993 804/276/985 803/839/1006
s 4
f 6/3/14 10/277/17 26/7/29 20/6/25
s 6
f 526/278/69 536/177/91 44/11/79 32/9/66
s 9
f 34/10/74 42/279/77 56/16/101 50/15/85
s 13
f 116/41/232 100/33/212 92/31/199 550/42/202
s 2
f 48/280/83 106/281/111 528/35/72 36/282/71
s 1
f 52/283/107 54/284/117 140/48/122 126/47/108
f 102/34/227 114/285/230 158/50/253 132/49/237
f 12/4/19 4/2/9 170/286/12 174/60/36
f 108/37/113 46/14/103 124/287/106 182/45/245
s 29
f 128/288/269 138/289/279 208/69/303 194/68/270
f 134/51/289 156/290/292 228/72/339 202/71/299
s 67
f 328/111/643 314/107/634 334/291/637 346/113/661
s 29
f 184/64/275 122/46/264 192/292/267 262/66/387
f 176/62/370 168/61/362 268/293/365 286/90/376
f 166/59/355 240/294/358 292/93/499 270/92/366
f 238/81/492 252/295/495 308/101/528 294/100/500
f 220/76/335 152/55/326 278/296/329 300/96/459
s 60
f 326/106/591 288/98/561 266/91/550 316/297/553
s 61
f 272/298/555 290/299/565 336/105/600 318/104/556
s 65
f 296/300/602 306/301/607 348/115/625 338/114/603
s 63
f 302/102/585 276/97/575 322/302/578 342/109/621
s 29
f 150/54/319 364/123/322 358/122/573 280/94/330
s 1
f 66/20/146 372/126/149 366/125/324 148/53/156
s 4
f 380/129/159 374/128/151 64/19/139 70/303/142
s 6
f 386/304/216 542/305/697 552/183/205 96/306/204
s 9
f 404/135/222 388/134/218 94/32/207 98/307/210
s 1
f 412/141/284 406/140/225 104/308/224 130/309/236
s 29
f 424/144/418 414/143/287 136/310/286 200/311/297
f 450/149/612 430/148/463 222/77/455 298/312/458
s 65
f 458/157/674 452/156/615 304/313/614 340/314/619
s 67
f 320/110/645 466/160/648 460/159/676 344/116/655
s 60
f 274/95/568 356/315/571 468/118/650 324/108/580
s 29
f 362/121/381 178/63/372 284/316/375 360/317/594
s 1
f 370/124/41 14/5/32 180/318/35 368/319/379
s 4
f 28/8/31 16/320/30 376/321/39 378/127/64
s 6
f 38/12/87 534/322/90 544/180/698 392/132/97
s 9
f 58/17/102 40/13/92 390/323/95 402/133/129
s 1
f 142/52/124 60/324/123 408/325/127 410/139/310
s 29
f 210/73/305 144/326/304 416/327/308 422/142/435
s 46
f 444/328/722 482/153/441 212/74/430 420/329/433
s 29
f 310/103/529 250/86/519 432/330/522 448/147/632
s 65
f 350/117/627 312/331/626 454/332/630 456/155/682
s 67
f 464/158/666 330/112/657 352/333/660 462/334/680
s 60
f 470/120/664 354/119/596 282/99/587 332/335/590
s 29
f 164/58/348 512/173/351 502/172/504 242/82/360
s 1
f 2/1/1 520/176/4 514/175/353 172/57/13
s 2
f 80/336/45 522/25/7 8/337/6 18/338/23
s 6
f 22/339/47 24/340/52 476/23/57 82/22/48
f 398/341/694 478/137/59 30/342/58 384/343/62
f 88/344/166 400/131/197 382/130/162 74/345/161
s 13
f 62/18/131 560/28/134 90/27/168 72/21/144
s 1
f 568/188/314 562/187/137 68/346/136 146/347/155
s 29
f 580/191/453 570/190/317 154/348/316 218/349/333
s 46
f 248/85/512 496/350/515 586/167/739 434/150/524
f 258/89/537 486/351/540 492/352/771 506/165/548
s 29
f 510/171/392 186/65/383 260/353/386 504/354/546
s 1
f 518/174/249 110/39/241 188/355/244 516/356/390
s 2
f 530/36/177 112/357/240 524/38/183 78/26/174
s 6
f 76/24/170 474/358/173 538/179/761 532/178/179
f 546/182/704 540/181/762 472/161/708 396/138/701
f 554/185/191 548/184/705 394/136/198 86/30/188
s 13
f 558/44/187 118/43/256 556/40/193 84/29/184
s 1
f 160/56/255 120/359/254 564/360/261 566/186/346
s 29
f 230/78/341 162/361/340 572/362/344 578/189/476
s 46
f 590/193/751 440/152/482 232/79/471 576/363/474
f 588/169/750 494/168/772 484/163/754 442/154/747
s 29
f 598/200/829 604/364/832 610/204/837
f 606/201/834 596/198/825 625/365/828 631/210/842
f 633/213/865 623/211/858 639/366/861 645/214/868
f 647/216/849 637/215/857 617/207/853 608/205/846
f 651/218/878 666/367/889 672/225/886
f 658/222/881 649/217/872 678/230/875
f 685/233/910 676/231/904 691/234/907
f 674/227/899 664/226/892 698/236/895 689/235/903
f 704/238/923 719/368/934 725/245/931
f 711/242/926 702/237/917 731/250/920
f 738/253/955 729/251/949 744/254/952
f 727/247/944 717/246/937 751/256/940 742/255/948
f 757/258/968 772/369/979 778/265/976
f 764/262/971 755/257/962 784/270/965
f 791/273/1000 782/271/994 797/274/997
f 780/267/989 770/266/982 804/276/985 795/275/993
f 602/202/838 629/370/841 643/212/850 612/203/845
f 680/228/877 653/371/876 670/372/885 693/229/902
f 733/248/922 706/373/921 723/374/930 746/249/947
f 786/268/967 759/375/966 776/376/975 799/269/992
f 196/377/399 206/378/407 627/197/425 594/196/400
f 214/379/427 480/380/439 641/209/765 621/208/428
f 488/162/542 256/88/530 619/381/533 635/206/767
f 264/87/404 190/67/394 600/382/397 614/199/535
f 446/151/724 418/146/713 660/383/716 682/221/745
f 426/145/419 198/70/408 668/220/411 655/219/718
f 204/384/413 226/385/422 700/224/466 662/223/414
f 234/386/468 438/387/480 687/388/743 695/232/469
f 508/170/783 490/166/773 713/389/776 735/241/791
f 498/164/517 246/84/505 721/240/508 708/239/778
f 254/83/496 236/80/484 753/244/487 715/243/510
f 244/390/489 500/391/503 740/392/789 748/252/490
f 436/393/730 584/394/737 766/395/821 788/261/731
f 592/195/817 574/194/807 774/260/810 761/259/823
f 582/192/454 216/75/443 806/264/446 768/263/812
f 224/396/448 428/397/462 793/398/728 801/272/449
s 2
f 7/404/21 8/337/6 1/400/5 807/842/1007
s 1
f 1/399/2 2/1/1 3/401/10 807/841/1008
f 3/401/10 4/2/9 5/403/18 807/841/1008
s 4
f 5/402/15 6/3/14 7/404/24 807/842/1009
f 15/409/37 16/320/30 9/405/27 808/844/1010
f 9/405/27 10/277/17 11/407/16 808/844/1010
s 1
f 11/406/20 12/4/19 13/408/33 808/843/1011
f 13/408/33 14/5/32 15/410/40 808/843/1011
s 6
f 21/414/50 22/339/47 17/412/46 809/845/1012
s 2
f 17/411/43 18/338/23 19/413/22 809/845/1013
s 4
f 19/413/26 20/6/25 21/414/53 809/845/1014
s 6
f 29/418/60 30/342/58 23/415/55 810/846/1015
f 23/415/55 24/340/52 25/416/51 810/846/1015
s 4
f 25/416/54 26/7/29 27/417/28 810/846/1016
f 27/417/28 28/8/31 29/418/63 810/846/1016
s 2
f 35/422/81 36/282/71 31/420/70 811/848/1017
s 6
f 31/419/67 32/9/66 33/421/78 811/847/1018
s 9
f 33/421/75 34/10/74 35/423/84 811/847/1019
s 6
f 43/427/80 44/11/79 37/424/88 812/849/1020
f 37/424/88 38/12/87 39/425/96 812/849/1020
s 9
f 39/425/93 40/13/92 41/426/99 812/849/1021
f 41/426/99 42/279/77 43/427/76 812/849/1021
s 1
f 51/433/115 52/283/107 45/428/104 813/851/1022
f 45/428/104 46/14/103 47/430/112 813/851/1022
s 2
f 47/429/109 48/280/83 49/432/82 813/850/1023
s 9
f 49/431/86 50/15/85 51/433/118 813/851/1024
s 1
f 59/437/125 60/324/123 53/434/120 814/852/1025
f 53/434/120 54/284/117 55/435/116 814/852/1025
s 9
f 55/435/119 56/16/101 57/436/100 814/852/1026
f 57/436/100 58/17/102 59/437/128 814/852/1026
s 1
f 67/443/153 68/346/136 61/439/135 815/854/1027
s 13
f 61/438/132 62/18/131 63/440/143 815/853/1028
s 4
f 63/440/140 64/19/139 65/442/150 815/853/1029
s 1
f 65/441/147 66/20/146 67/443/153 815/854/1027
s 6
f 73/446/164 74/345/161 69/444/160 816/855/1030
s 4
f 69/444/157 70/303/142 71/445/141 816/855/1031
s 13
f 71/445/145 72/21/144 73/447/167 816/855/1032
s 6
f 81/452/49 82/22/48 75/448/171 817/857/1033
f 75/448/171 76/24/170 77/450/178 817/857/1033
s 2
f 77/449/175 78/26/174 79/451/181 817/856/1034
f 79/451/181 80/336/45 81/453/44 817/856/1034
s 13
f 89/458/169 90/27/168 83/454/185 818/859/1035
f 83/454/185 84/29/184 85/456/192 818/859/1035
s 6
f 85/455/189 86/30/188 87/457/195 818/858/1036
f 87/457/195 88/344/166 89/459/165 818/858/1036
f 95/464/214 96/306/204 91/461/203 819/861/1037
s 13
f 91/460/200 92/31/199 93/463/211 819/860/1038
s 9
f 93/462/208 94/32/207 95/464/217 819/861/1039
s 1
f 103/470/234 104/308/224 97/465/223 820/863/1040
s 9
f 97/465/220 98/307/210 99/467/209 820/863/1041
s 13
f 99/466/213 100/33/212 101/469/231 820/862/1042
s 1
f 101/468/228 102/34/227 103/470/234 820/863/1040
s 2
f 111/475/246 112/357/240 105/471/238 821/865/1043
f 105/471/238 106/281/111 107/473/110 821/865/1043
s 1
f 107/472/114 108/37/113 109/474/242 821/864/1044
f 109/474/242 110/39/241 111/476/248 821/864/1044
f 119/481/259 120/359/254 113/477/251 822/867/1045
f 113/477/251 114/285/230 115/479/229 822/867/1045
s 13
f 115/478/233 116/41/232 117/480/257 822/866/1046
f 117/480/257 118/43/256 119/482/262 822/866/1046
s 29
f 127/486/277 128/288/269 121/483/268 823/868/1047
f 121/483/265 122/46/264 123/484/274 823/868/1048
s 1
f 123/484/272 124/287/106 125/485/105 823/868/1049
f 125/485/105 126/47/108 127/486/280 823/868/1049
s 29
f 135/490/295 136/310/286 129/487/285 824/869/1050
s 1
f 129/487/282 130/309/236 131/488/235 824/869/1051
f 131/488/235 132/49/237 133/489/293 824/869/1051
s 29
f 133/489/290 134/51/289 135/490/298 824/869/1052
f 143/494/306 144/326/304 137/491/301 825/870/1053
f 137/491/301 138/289/279 139/492/278 825/870/1053
s 1
f 139/492/281 140/48/122 141/493/121 825/870/1054
f 141/493/121 142/52/124 143/494/309 825/870/1054
s 29
f 153/499/331 154/348/316 145/495/315 826/871/1055
s 1
f 145/495/312 146/347/155 147/496/154 826/871/1056
f 147/496/154 148/53/156 149/497/323 826/871/1056
s 29
f 149/497/320 150/54/319 151/498/327 826/871/1057
f 151/498/327 152/55/326 153/499/334 826/871/1057
f 161/503/342 162/361/340 155/500/337 827/872/1058
f 155/500/337 156/290/292 157/501/291 827/872/1058
s 1
f 157/501/294 158/50/253 159/502/252 827/872/1059
f 159/502/252 160/56/255 161/503/345 827/872/1059
f 171/508/11 172/57/13 163/504/352 828/873/1060
s 29
f 163/504/349 164/58/348 165/505/359 828/873/1061
f 165/505/356 166/59/355 167/506/363 828/873/1062
f 167/506/363 168/61/362 169/507/369 828/873/1062
s 1
f 169/507/367 170/286/12 171/508/11 828/873/1060
f 179/512/377 180/318/35 173/509/34 829/874/1063
f 173/509/34 174/60/36 175/510/368 829/874/1063
s 29
f 175/510/371 176/62/370 177/511/373 829/874/1064
f 177/511/373 178/63/372 179/512/380 829/874/1064
s 1
f 187/516/388 188/355/244 181/513/243 830/875/1065
f 181/513/243 182/45/245 183/514/273 830/875/1065
s 29
f 183/514/276 184/64/275 185/515/384 830/875/1066
f 185/515/384 186/65/383 187/516/391 830/875/1066
f 195/520/405 196/377/399 189/517/398 831/876/1067
f 189/517/395 190/67/394 191/518/402 831/876/1068
f 191/518/402 192/292/267 193/519/266 831/876/1068
f 193/519/271 194/68/270 195/520/405 831/876/1067
f 203/524/420 204/384/413 197/521/412 832/877/1069
f 197/521/409 198/70/408 199/522/416 832/877/1070
f 199/522/416 200/311/297 201/523/296 832/877/1070
f 201/523/300 202/71/299 203/524/420 832/877/1069
f 213/529/437 214/379/427 205/525/426 833/878/1071
f 205/525/423 206/378/407 207/526/406 833/878/1072
f 207/526/406 208/69/303 209/527/302 833/878/1072
f 209/527/302 210/73/305 211/528/434 833/878/1072
s 46
f 211/528/431 212/74/430 213/529/440 833/878/1073
s 29
f 223/534/460 224/396/448 215/530/447 834/879/1074
f 215/530/444 216/75/443 217/531/451 834/879/1075
f 217/531/451 218/349/333 219/532/332 834/879/1075
f 219/532/336 220/76/335 221/533/456 834/879/1074
f 221/533/456 222/77/455 223/534/460 834/879/1074
f 233/539/478 234/386/468 225/535/467 835/880/1076
f 225/535/464 226/385/422 227/536/421 835/880/1077
f 227/536/421 228/72/339 229/537/338 835/880/1077
f 229/537/338 230/78/341 231/538/475 835/880/1077
s 46
f 231/538/472 232/79/471 233/539/481 835/880/1078
s 29
f 243/544/501 244/390/489 235/540/488 836/881/1079
f 235/540/485 236/80/484 237/541/493 836/881/1080
f 237/541/493 238/81/492 239/542/497 836/881/1080
f 239/542/497 240/294/358 241/543/357 836/881/1080
f 241/543/361 242/82/360 243/544/501 836/881/1079
f 253/549/494 254/83/496 245/545/509 837/882/1081
f 245/545/506 246/84/505 247/546/516 837/882/1082
s 46
f 247/546/513 248/85/512 249/547/523 837/882/1083
s 29
f 249/547/520 250/86/519 251/548/526 837/882/1081
f 251/548/526 252/295/495 253/549/494 837/882/1081
f 263/554/403 264/87/404 255/550/534 838/883/1084
f 255/550/531 256/88/530 257/551/541 838/883/1085
s 46
f 257/551/538 258/89/537 259/552/547 838/883/1086
s 29
f 259/552/544 260/353/386 261/553/385 838/883/1084
f 261/553/385 262/66/387 263/554/403 838/883/1084
s 61
f 271/558/563 272/298/555 265/555/554 839/884/1087
s 60
f 265/555/551 266/91/550 267/556/560 839/884/1088
s 29
f 267/556/558 268/293/365 269/557/364 839/884/1089
f 269/557/364 270/92/366 271/558/566 839/884/1089
f 279/562/328 280/94/330 273/559/572 840/885/1090
s 60
f 273/559/569 274/95/568 275/560/579 840/885/1091
s 63
f 275/560/576 276/97/575 277/561/584 840/885/1092
s 29
f 277/561/582 278/296/329 279/562/328 840/885/1090
s 60
f 287/566/562 288/98/561 281/563/588 841/886/1093
f 281/563/588 282/99/587 283/564/595 841/886/1093
s 29
f 283/564/592 284/316/375 285/565/374 841/886/1094
f 285/565/374 286/90/376 287/566/559 841/886/1094
s 65
f 295/570/605 296/300/602 289/567/601 842/887/1095
s 61
f 289/567/598 290/299/565 291/568/564 842/887/1096
s 29
f 291/568/567 292/93/499 293/569/498 842/887/1097
f 293/569/498 294/100/500 295/570/608 842/887/1097
s 65
f 303/574/617 304/313/614 297/571/613 843/888/1098
s 29
f 297/571/610 298/312/458 299/572/457 843/888/1099
f 299/572/457 300/96/459 301/573/583 843/888/1099
s 63
f 301/573/586 302/102/585 303/574/620 843/888/1100
s 65
f 311/578/628 312/331/626 305/575/623 844/889/1101
f 305/575/623 306/301/607 307/576/606 844/889/1101
s 29
f 307/576/609 308/101/528 309/577/527 844/889/1102
f 309/577/527 310/103/529 311/578/631 844/889/1102
s 61
f 317/581/557 318/104/556 313/579/638 845/890/1103
s 67
f 313/579/635 314/107/634 315/580/642 845/890/1104
s 60
f 315/580/640 316/297/553 317/581/552 845/890/1105
f 323/584/581 324/108/580 319/582/649 846/891/1106
s 67
f 319/582/646 320/110/645 321/583/654 846/891/1107
s 63
f 321/583/652 322/302/578 323/584/577 846/891/1108
s 60
f 331/588/662 332/335/590 325/585/589 847/892/1109
f 325/585/589 326/106/591 327/586/641 847/892/1109
s 67
f 327/586/644 328/111/643 329/587/658 847/892/1110
f 329/587/658 330/112/657 331/588/665 847/892/1110
s 65
f 337/591/604 338/114/603 333/589/670 848/893/1111
s 67
f 333/589/668 334/291/637 335/590/636 848/893/1112
s 61
f 335/590/639 336/105/600 337/591/599 848/893/1113
s 67
f 343/594/656 344/116/655 339/592/675 849/894/1114
s 65
f 339/592/672 340/314/619 341/593/618 849/894/1115
s 63
f 341/593/622 342/109/621 343/594/653 849/894/1116
s 67
f 351/598/678 352/333/660 345/595/659 850/895/1117
f 345/595/659 346/113/661 347/596/669 850/895/1117
s 65
f 347/596/671 348/115/625 349/597/624 850/895/1118
f 349/597/624 350/117/627 351/598/681 850/895/1118
s 29
f 359/602/686 360/317/594 353/599/593 851/896/1119
s 60
f 353/599/597 354/119/596 355/600/684 851/896/1120
f 355/600/684 356/315/571 357/601/570 851/896/1120
s 29
f 357/601/574 358/122/573 359/602/686 851/896/1119
s 1
f 367/606/688 368/319/379 361/603/378 852/897/1121
s 29
f 361/603/382 362/121/381 363/604/687 852/897/1122
f 363/604/687 364/123/322 365/605/321 852/897/1122
s 1
f 365/605/325 366/125/324 367/606/688 852/897/1121
s 4
f 375/612/690 376/321/39 369/608/38 853/899/1123
s 1
f 369/607/42 370/124/41 371/609/689 853/898/1124
f 371/609/689 372/126/149 373/611/148 853/898/1124
s 4
f 373/610/152 374/128/151 375/612/690 853/899/1123
s 6
f 383/616/692 384/343/62 377/613/61 854/900/1125
s 4
f 377/613/65 378/127/64 379/614/691 854/900/1126
f 379/614/691 380/129/159 381/615/158 854/900/1126
s 6
f 381/615/163 382/130/162 383/616/692 854/900/1125
f 391/620/98 392/132/97 385/617/695 855/901/1127
f 385/617/695 386/304/216 387/618/215 855/901/1127
s 9
f 387/618/219 388/134/218 389/619/699 855/901/1128
f 389/619/699 390/323/95 391/620/94 855/901/1128
s 6
f 399/624/693 400/131/197 393/621/196 856/902/1129
f 393/621/196 394/136/198 395/622/702 856/902/1129
f 395/622/702 396/138/701 397/623/706 856/902/1129
f 397/623/706 398/341/694 399/624/693 856/902/1129
s 1
f 407/628/709 408/325/127 401/625/126 857/903/1130
s 9
f 401/625/130 402/133/129 403/626/700 857/903/1131
f 403/626/700 404/135/222 405/627/221 857/903/1131
s 1
f 405/627/226 406/140/225 407/628/709 857/903/1130
s 29
f 415/632/711 416/327/308 409/629/307 858/904/1132
s 1
f 409/629/311 410/139/310 411/630/710 858/904/1133
f 411/630/710 412/141/284 413/631/283 858/904/1133
s 29
f 413/631/288 414/143/287 415/632/711 858/904/1132
f 425/637/417 426/145/419 417/633/717 859/905/1134
f 417/633/714 418/146/713 419/634/723 859/905/1135
s 46
f 419/634/720 420/329/433 421/635/432 859/905/1136
s 29
f 421/635/436 422/142/435 423/636/712 859/905/1134
f 423/636/712 424/144/418 425/637/417 859/905/1134
f 435/642/735 436/393/730 427/638/729 860/906/1137
f 427/638/726 428/397/462 429/639/461 860/906/1138
f 429/639/461 430/148/463 431/640/733 860/906/1138
f 431/640/733 432/330/522 433/641/521 860/906/1138
s 46
f 433/641/525 434/150/524 435/642/738 860/906/1139
s 29
f 445/647/725 446/151/724 437/643/744 861/907/1140
f 437/643/741 438/387/480 439/644/479 861/907/1141
s 46
f 439/644/483 440/152/482 441/645/748 861/907/1142
f 441/645/748 442/154/747 443/646/752 861/907/1142
f 443/646/752 444/328/722 445/647/721 861/907/1142
s 65
f 453/651/755 454/332/630 447/648/629 862/908/1143
s 29
f 447/648/633 448/147/632 449/649/734 862/908/1144
f 449/649/734 450/149/612 451/650/611 862/908/1144
s 65
f 451/650/616 452/156/615 453/651/755 862/908/1143
s 67
f 461/655/757 462/334/680 455/652/679 863/909/1145
s 65
f 455/652/683 456/155/682 457/653/756 863/909/1146
f 457/653/756 458/157/674 459/654/673 863/909/1146
s 67
f 459/654/677 460/159/676 461/655/757 863/909/1145
s 60
f 469/659/685 470/120/664 463/656/663 864/910/1147
s 67
f 463/656/667 464/158/666 465/657/758 864/910/1148
f 465/657/758 466/160/648 467/658/647 864/910/1148
s 60
f 467/658/651 468/118/650 469/659/685 864/910/1147
s 6
f 477/663/56 478/137/59 471/660/707 865/911/1149
f 471/660/707 472/161/708 473/661/759 865/911/1149
f 473/661/759 474/358/173 475/662/172 865/911/1149
f 475/662/172 476/23/57 477/663/56 865/911/1149
s 29
f 487/668/543 488/162/542 479/664/766 866/912/1150
f 479/664/763 480/380/439 481/665/438 866/912/1151
s 46
f 481/665/442 482/153/441 483/666/753 866/912/1152
f 483/666/753 484/163/754 485/667/769 866/912/1152
f 485/667/769 486/351/540 487/668/539 866/912/1152
s 29
f 497/673/518 498/164/517 489/669/777 867/913/1153
f 489/669/774 490/166/773 491/670/782 867/913/1154
s 46
f 491/670/780 492/352/771 493/671/770 867/913/1155
f 493/671/770 494/168/772 495/672/785 867/913/1155
f 495/672/785 496/350/515 497/673/514 867/913/1155
s 29
f 507/678/784 508/170/783 499/674/790 868/914/1156
f 499/674/787 500/391/503 501/675/502 868/914/1157
f 501/675/502 502/172/504 503/676/793 868/914/1157
f 503/676/793 504/354/546 505/677/545 868/914/1157
s 46
f 505/677/549 506/165/548 507/678/781 868/914/1158
s 1
f 515/682/795 516/356/390 509/679/389 869/915/1159
s 29
f 509/679/393 510/171/392 511/680/794 869/915/1160
f 511/680/794 512/173/351 513/681/350 869/915/1160
s 1
f 513/681/354 514/175/353 515/682/795 869/915/1159
s 2
f 523/688/182 524/38/183 517/684/247 870/917/1161
s 1
f 517/683/250 518/174/249 519/685/796 870/916/1162
f 519/685/796 520/176/4 521/687/3 870/916/1162
s 2
f 521/686/8 522/25/7 523/688/182 870/917/1161
s 6
f 531/693/180 532/178/179 525/689/797 871/919/1163
f 525/689/797 526/278/69 527/691/68 871/919/1163
s 2
f 527/690/73 528/35/72 529/692/239 871/918/1164
f 529/692/239 530/36/177 531/694/176 871/918/1164
s 6
f 539/698/760 540/181/762 533/695/799 872/920/1165
f 533/695/799 534/322/90 535/696/89 872/920/1165
f 535/696/89 536/177/91 537/697/798 872/920/1165
f 537/697/798 538/179/761 539/698/760 872/920/1165
f 547/702/703 548/184/705 541/699/801 873/921/1166
f 541/699/801 542/305/697 543/700/696 873/921/1166
f 543/700/696 544/180/698 545/701/800 873/921/1166
f 545/701/800 546/182/704 547/702/703 873/921/1166
s 13
f 555/707/194 556/40/193 549/703/258 874/923/1167
f 549/703/258 550/42/202 551/705/201 874/923/1167
s 6
f 551/704/206 552/183/205 553/706/802 874/922/1168
f 553/706/802 554/185/191 555/708/190 874/922/1168
s 1
f 563/714/803 564/360/261 557/710/260 875/925/1169
s 13
f 557/709/263 558/44/187 559/711/186 875/924/1170
f 559/711/186 560/28/134 561/713/133 875/924/1170
s 1
f 561/712/138 562/187/137 563/714/803 875/925/1169
s 29
f 571/718/805 572/362/344 565/715/343 876/926/1171
s 1
f 565/715/347 566/186/346 567/716/804 876/926/1172
f 567/716/804 568/188/314 569/717/313 876/926/1172
s 29
f 569/717/318 570/190/317 571/718/805 876/926/1171
f 581/723/452 582/192/454 573/719/811 877/927/1173
f 573/719/808 574/194/807 575/720/816 877/927/1174
s 46
f 575/720/814 576/363/474 577/721/473 877/927/1175
s 29
f 577/721/477 578/189/476 579/722/806 877/927/1173
f 579/722/806 580/191/453 581/723/452 877/927/1173
f 591/728/818 592/195/817 583/724/822 878/928/1176
f 583/724/819 584/394/737 585/725/736 878/928/1177
s 46
f 585/725/740 586/167/739 587/726/786 878/928/1178
f 587/726/786 588/169/750 589/727/749 878/928/1178
f 589/727/749 590/193/751 591/728/815 878/928/1178
s 29
f 599/732/835 600/382/397 593/729/396 879/929/1179
f 593/729/401 594/196/400 595/730/826 879/929/1180
f 595/730/826 596/198/825 597/731/833 879/929/1180
f 597/731/830 598/200/829 599/732/835 879/929/1179
f 605/735/831 606/201/834 601/733/839 880/930/1181
f 601/733/839 602/202/838 603/734/843 880/930/1181
f 603/734/843 604/364/832 605/735/831 880/930/1181
f 611/738/844 612/203/845 607/736/847 881/931/1182
f 607/736/847 608/205/846 609/737/851 881/931/1182
f 609/737/851 610/204/837 611/738/844 881/931/1182
f 618/742/855 619/381/533 613/739/532 882/932/1183
f 613/739/536 614/199/535 615/740/836 882/932/1184
f 615/740/836 610/204/837 616/741/852 882/932/1184
f 616/741/854 617/207/853 618/742/855 882/932/1183
f 626/746/827 627/197/425 620/743/424 883/933/1185
f 620/743/429 621/208/428 622/744/859 883/933/1186
f 622/744/859 623/211/858 624/745/864 883/933/1186
f 624/745/862 625/365/828 626/746/827 883/933/1185
f 632/749/863 633/213/865 628/747/866 884/934/1187
f 628/747/866 629/370/841 630/748/840 884/934/1187
f 630/748/840 631/210/842 632/749/863 884/934/1187
f 640/753/860 641/209/765 634/750/764 885/935/1188
f 634/750/768 635/206/767 636/751/856 885/935/1189
f 636/751/856 637/215/857 638/752/871 885/935/1189
f 638/752/869 639/366/861 640/753/860 885/935/1188
f 646/756/870 647/216/849 642/754/848 886/936/1190
f 642/754/848 643/212/850 644/755/867 886/936/1190
f 644/755/867 645/214/868 646/756/870 886/936/1190
f 652/759/883 653/371/876 648/757/873 887/937/1191
f 648/757/873 649/217/872 650/758/879 887/937/1191
f 650/758/879 651/218/878 652/759/883 887/937/1191
f 659/763/890 660/383/716 654/760/715 888/938/1192
f 654/760/719 655/219/718 656/761/887 888/938/1193
f 656/761/887 651/218/878 657/762/880 888/938/1193
f 657/762/882 658/222/881 659/763/890 888/938/1192
f 667/767/888 668/220/411 661/764/410 889/939/1194
f 661/764/415 662/223/414 663/765/893 889/939/1195
f 663/765/893 664/226/892 665/766/898 889/939/1195
f 665/766/896 666/367/889 667/767/888 889/939/1194
f 673/770/897 674/227/899 669/768/900 890/940/1196
f 669/768/900 670/372/885 671/769/884 890/940/1196
f 671/769/884 672/225/886 673/770/897 890/940/1196
f 679/773/874 680/228/877 675/771/905 891/941/1197
f 675/771/905 676/231/904 677/772/908 891/941/1197
f 677/772/908 678/230/875 679/773/874 891/941/1197
f 686/777/912 687/388/743 681/774/742 892/942/1198
f 681/774/746 682/221/745 683/775/891 892/942/1199
f 683/775/891 678/230/875 684/776/909 892/942/1199
f 684/776/911 685/233/910 686/777/912 892/942/1198
f 692/780/906 693/229/902 688/778/901 893/943/1200
f 688/778/901 689/235/903 690/779/914 893/943/1200
f 690/779/914 691/234/907 692/780/906 893/943/1200
f 699/784/894 700/224/466 694/781/465 894/944/1201
f 694/781/470 695/232/469 696/782/913 894/944/1202
f 696/782/913 691/234/907 697/783/915 894/944/1202
f 697/783/916 698/236/895 699/784/894 894/944/1201
f 705/787/928 706/373/921 701/785/918 895/945/1203
f 701/785/918 702/237/917 703/786/924 895/945/1203
f 703/786/924 704/238/923 705/787/928 895/945/1203
f 712/791/935 713/389/776 707/788/775 896/946/1204
f 707/788/779 708/239/778 709/789/932 896/946/1205
f 709/789/932 704/238/923 710/790/925 896/946/1205
f 710/790/927 711/242/926 712/791/935 896/946/1204
f 720/795/933 721/240/508 714/792/507 897/947/1206
f 714/792/511 715/243/510 716/793/938 897/947/1207
f 716/793/938 717/246/937 718/794/943 897/947/1207
f 718/794/941 719/368/934 720/795/933 897/947/1206
f 726/798/942 727/247/944 722/796/945 898/948/1208
f 722/796/945 723/374/930 724/797/929 898/948/1208
f 724/797/929 725/245/931 726/798/942 898/948/1208
f 732/801/919 733/248/922 728/799/950 899/949/1209
f 728/799/950 729/251/949 730/800/953 899/949/1209
f 730/800/953 731/250/920 732/801/919 899/949/1209
f 739/805/957 740/392/789 734/802/788 900/950/1210
f 734/802/792 735/241/791 736/803/936 900/950/1211
f 736/803/936 731/250/920 737/804/954 900/950/1211
f 737/804/956 738/253/955 739/805/957 900/950/1210
f 745/808/951 746/249/947 741/806/946 901/951/1212
f 741/806/946 742/255/948 743/807/959 901/951/1212
f 743/807/959 744/254/952 745/808/951 901/951/1212
f 752/812/939 753/244/487 747/809/486 902/952/1213
f 747/809/491 748/252/490 749/810/958 902/952/1214
f 749/810/958 744/254/952 750/811/960 902/952/1214
f 750/811/961 751/256/940 752/812/939 902/952/1213
f 758/815/973 759/375/966 754/813/963 903/953/1215
f 754/813/963 755/257/962 756/814/969 903/953/1215
f 756/814/969 757/258/968 758/815/973 903/953/1215
f 765/819/980 766/395/821 760/816/820 904/954/1216
f 760/816/824 761/259/823 762/817/977 904/954/1217
f 762/817/977 757/258/968 763/818/970 904/954/1217
f 763/818/972 764/262/971 765/819/980 904/954/1216
f 773/823/978 774/260/810 767/820/809 905/955/1218
f 767/820/813 768/263/812 769/821/983 905/955/1219
f 769/821/983 770/266/982 771/822/988 905/955/1219
f 771/822/986 772/369/979 773/823/978 905/955/1218
f 779/826/987 780/267/989 775/824/990 906/956/1220
f 775/824/990 776/376/975 777/825/974 906/956/1220
f 777/825/974 778/265/976 779/826/987 906/956/1220
f 785/829/964 786/268/967 781/827/995 907/957/1221
f 781/827/995 782/271/994 783/828/998 907/957/1221
f 783/828/998 784/270/965 785/829/964 907/957/1221
f 792/833/1002 793/398/728 787/830/727 908/958/1222
f 787/830/732 788/261/731 789/831/981 908/958/1223
f 789/831/981 784/270/965 790/832/999 908/958/1223
f 790/832/1001 791/273/1000 792/833/1002 908/958/1222
f 798/836/996 799/269/992 794/834/991 909/959/1224
f 794/834/991 795/275/993 796/835/1004 909/959/1224
f 796/835/1004 797/274/997 798/836/996 909/959/1224
f 805/840/984 806/264/446 800/837/445 910/960/1225
f 800/837/450 801/272/449 802/838/1003 910/960/1226
f 802/838/1003 797/274/997 803/839/1005 910/960/1226
f 803/839/1006 804/276/985 805/840/984 910/960/1225
g default
v -0.728656 35.605440 16.379536
v -0.815229 35.591719 16.379536
v -0.423925 34.667184 16.379536
v -0.070916 34.847119 16.379536
v 0.209221 35.127375 16.379536
v 0.389078 35.480524 16.379596
v 0.451057 35.871975 16.379536
v 0.389078 36.263441 16.379536
v 0.209229 36.616575 16.379596
v -0.070924 36.896831 16.379536
v -0.423925 37.076766 16.379536
v -0.815229 37.138769 16.379536
v -1.206533 37.076766 16.379536
v -1.559542 36.896831 16.379536
v -1.839679 36.616575 16.379596
v -2.019543 36.263441 16.379536
v -2.081522 35.871975 16.379536
v -2.019543 35.480524 16.379536
v -1.839687 35.127375 16.379536
v -1.559542 34.847119 16.379536
v -1.206533 34.667184 16.379596
v -0.815229 34.605181 16.379596
v -0.367528 34.493552 16.415288
v 0.036348 34.699419 16.415349
v 0.356863 35.020061 16.415288
v 0.562663 35.424097 16.415288
v 0.633561 35.871975 16.415288
v 0.562663 36.319853 16.415288
v 0.356863 36.723896 16.415288
v 0.036348 37.044539 16.415288
v -0.367535 37.250405 16.415288
v -0.815222 37.321346 16.415288
v -1.262937 37.250405 16.415288
v -1.666806 37.044539 16.415288
v -1.987329 36.723896 16.415288
v -2.193114 36.319853 16.415288
v -2.264019 35.871975 16.415288
v -2.193114 35.424097 16.415288
v -1.987329 35.020061 16.415288
v -1.666806 34.699419 16.415288
v -1.262930 34.493552 16.415288
v -0.815222 34.422611 16.415349
v -0.322155 34.353850 16.415288
v 0.122664 34.580585 16.415288
v 0.475650 34.933726 16.415288
v 0.702288 35.378706 16.415288
v 0.780389 35.871975 16.415288
v 0.702288 36.365244 16.415288
v 0.475650 36.810231 16.415288
v 0.122656 37.163373 16.415288
v -0.322155 37.390100 16.415349
v -0.815229 37.468232 16.415349
v -1.308303 37.390100 16.415349
v -1.753107 37.163373 16.415349
v -2.106108 36.810231 16.415288
v -2.332753 36.365244 16.415288
v -2.410854 35.871975 16.415288
v -2.332753 35.378713 16.415288
v -2.106108 34.933726 16.415349
v -1.753107 34.580585 16.415288
v -1.308303 34.353850 16.415288
v -0.815229 34.275725 16.415288
v -0.288921 34.251533 16.521816
v 0.185860 34.493545 16.521755
v 0.562663 34.870497 16.521816
v 0.804572 35.345466 16.521816
v 0.887924 35.871975 16.521755
v 0.804564 36.398484 16.521755
v 0.562656 36.873468 16.521755
v 0.185867 37.250405 16.521755
v -0.288921 37.492417 16.521755
v -0.815229 37.575802 16.521816
v -1.341537 37.492417 16.521755
v -1.816318 37.250405 16.521816
v -2.193114 36.873468 16.521755
v -2.435023 36.398484 16.521755
v -2.518390 35.871975 16.521755
v -2.435023 35.345466 16.521816
v -2.193114 34.870497 16.521755
v -1.816318 34.493545 16.521755
v -1.341530 34.251533 16.521816
v -0.815229 34.168147 16.521755
v -0.268655 34.189119 16.650559
v 0.224426 34.440457 16.650559
v 0.615730 34.831915 16.650498
v 0.866969 35.325185 16.650498
v 0.953527 35.871975 16.650559
v 0.866954 36.418765 16.650559
v 0.615723 36.912034 16.650559
v 0.224419 37.303501 16.650559
v -0.268648 37.554831 16.650559
v -0.815229 37.641431 16.650559
v -1.361810 37.554831 16.650559
v -1.854884 37.303501 16.650559
v -2.246181 36.912034 16.650559
v -2.497420 36.418765 16.650559
v -2.583992 35.871975 16.650559
v -2.497420 35.325185 16.650559
v -2.246181 34.831915 16.650559
v -1.854884 34.440457 16.650498
v -1.361803 34.189119 16.650559
v -0.815229 34.102519 16.650559
v -0.261841 34.168147 16.837940
v 0.237387 34.422611 16.837879
v 0.633561 34.818950 16.837940
v 0.887932 35.318368 16.837940
v 0.975575 35.871975 16.837940
v 0.887924 36.425589 16.837879
v 0.633568 36.925000 16.837879
v 0.237380 37.321346 16.837879
v -0.261841 37.575810 16.837940
v -0.815229 37.663495 16.837940
v -1.368617 37.575810 16.837940
v -1.867838 37.321346 16.837879
v -2.264019 36.925000 16.837940
v -2.518382 36.425589 16.837879
v -2.606033 35.871975 16.837940
v -2.518390 35.318368 16.837879
v -2.264019 34.818950 16.837879
v -1.867838 34.422611 16.837940
v -1.368617 34.168147 16.837940
v -0.815229 34.080462 16.837940
v -0.268655 34.189126 17.025259
v 0.224426 34.440457 17.025259
v 0.615730 34.831915 17.025259
v 0.866969 35.325185 17.025259
v 0.953527 35.871975 17.025259
v 0.866954 36.418773 17.025320
v 0.615723 36.912042 17.025320
v 0.224419 37.303501 17.025259
v -0.268648 37.554831 17.025259
v -0.815229 37.641438 17.025259
v -1.361810 37.554831 17.025259
v -1.854884 37.303501 17.025259
v -2.246181 36.912042 17.025259
v -2.497420 36.418773 17.025259
v -2.583992 35.871975 17.025259
v -2.497420 35.325185 17.025259
v -2.246181 34.831915 17.025259
v -1.854884 34.440457 17.025259
v -1.361803 34.189126 17.025320
v -0.815229 34.102519 17.025320
v -0.288921 34.251540 17.208025
v 0.185860 34.493552 17.208025
v 0.562663 34.870490 17.208025
v 0.804572 35.345466 17.208025
v 0.887924 35.871975 17.208025
v 0.804564 36.398491 17.208025
v 0.562656 36.873468 17.208025
v 0.185867 37.250405 17.208025
v -0.288921 37.492417 17.208025
v -0.815229 37.575810 17.208025
v -1.341537 37.492417 17.208025
v -1.816318 37.250405 17.208025
v -2.193114 36.873468 17.207965
v -2.435023 36.398491 17.208025
v -2.518390 35.871975 17.208025
v -2.435023 35.345466 17.208025
v -2.193114 34.870490 17.208025
v -1.816318 34.493552 17.208025
v -1.341530 34.251540 17.208025
v -0.815229 34.168147 17.208025
v -0.322155 34.353850 17.381627
v 0.122664 34.580585 17.381688
v 0.475650 34.933726 17.381627
v 0.702288 35.378706 17.381688
v 0.780389 35.871975 17.381688
v 0.702288 36.365244 17.381688
v 0.475650 36.810231 17.381688
v 0.122656 37.163373 17.381627
v -0.322155 37.390100 17.381688
v -0.815229 37.468232 17.381688
v -1.308303 37.390100 17.381688
v -1.753107 37.163373 17.381688
v -2.106108 36.810231 17.381627
v -2.332753 36.365244 17.381627
v -2.410854 35.871975 17.381688
v -2.332753 35.378706 17.381688
v -2.106108 34.933726 17.381688
v -1.753107 34.580585 17.381627
v -1.308303 34.353850 17.381688
v -0.815229 34.275725 17.381688
v -0.367528 34.493545 17.541935
v 0.036348 34.699419 17.541935
v 0.356863 35.020061 17.541935
v 0.562663 35.424097 17.541874
v 0.633561 35.871975 17.541935
v 0.562663 36.319853 17.541935
v 0.356863 36.723896 17.541874
v 0.036348 37.044539 17.541874
v -0.367535 37.250405 17.541874
v -0.815229 37.321346 17.541874
v -1.262937 37.250405 17.541874
v -1.666806 37.044539 17.541874
v -1.987329 36.723896 17.541874
v -2.193114 36.319853 17.541935
v -2.264019 35.871975 17.541935
v -2.193114 35.424097 17.541935
v -1.987329 35.020061 17.541874
v -1.666806 34.699419 17.541935
v -1.262930 34.493552 17.541874
v -0.815229 34.422611 17.541935
v -0.423925 34.667184 17.684822
v -0.070916 34.847119 17.684822
v 0.209221 35.127375 17.684822
v 0.389078 35.480516 17.684822
v 0.451057 35.871975 17.684822
v 0.389078 36.263441 17.684822
v 0.209229 36.616582 17.684822
v -0.070924 36.896831 17.684822
v -0.423925 37.076766 17.684822
v -0.815229 37.138769 17.684822
v -1.206533 37.076766 17.684822
v -1.559542 36.896831 17.684822
v -1.839679 36.616582 17.684822
v -2.019543 36.263441 17.684822
v -2.081522 35.871975 17.684822
v -2.019543 35.480516 17.684822
v -1.839687 35.127375 17.684822
v -1.559542 34.847119 17.684822
v -1.206533 34.667184 17.684822
v -0.815229 34.605188 17.684822
v -0.489953 34.870490 17.806889
v -0.196517 35.020061 17.806889
v 0.036348 35.253026 17.806889
v 0.185867 35.546577 17.806889
v 0.237380 35.871975 17.806889
v 0.185860 36.197380 17.806889
v 0.036348 36.490931 17.806828
v -0.196525 36.723896 17.806828
v -0.489953 36.873468 17.806828
v -0.815229 36.925008 17.806828
v -1.140505 36.873468 17.806828
v -1.433941 36.723896 17.806828
v -1.666806 36.490931 17.806889
v -1.816318 36.197380 17.806889
v -1.867838 35.871975 17.806889
v -1.816318 35.546577 17.806889
v -1.666806 35.253026 17.806889
v -1.433941 35.020061 17.806828
v -1.140505 34.870490 17.806828
v -0.815229 34.818950 17.806889
v -0.563998 35.098450 17.905041
v -0.337360 35.213982 17.905101
v -0.157496 35.393917 17.905101
v -0.042017 35.620644 17.905101
v -0.002226 35.871975 17.905101
v -0.042017 36.123313 17.905041
v -0.157489 36.350040 17.905101
v -0.337353 36.529975 17.905041
v -0.563990 36.645500 17.905101
v -0.815229 36.685307 17.905101
v -1.066468 36.645500 17.905101
v -1.293105 36.529975 17.905041
v -1.472962 36.350040 17.905101
v -1.588448 36.123313 17.905101
v -1.628239 35.871975 17.905101
v -1.588448 35.620644 17.905041
v -1.472962 35.393917 17.905041
v -1.293098 35.213982 17.905041
v -1.066460 35.098457 17.905101
v -0.815229 35.058650 17.905101
v -0.644226 35.345466 17.976970
v -0.489953 35.424097 17.976970
v -0.367528 35.546577 17.977030
v -0.288921 35.700904 17.976970
v -0.261841 35.871975 17.977030
v -0.288928 36.043053 17.977030
v -0.367528 36.197380 17.976970
v -0.489960 36.319853 17.977030
v -0.644218 36.398491 17.976970
v -0.815229 36.425589 17.976970
v -0.986240 36.398491 17.976970
v -1.140505 36.319853 17.977030
v -1.262937 36.197380 17.976970
v -1.341537 36.043053 17.977030
v -1.368617 35.871975 17.977030
v -1.341537 35.700904 17.976970
v -1.262930 35.546577 17.977030
v -1.140505 35.424097 17.977030
v -0.986232 35.345466 17.977030
v -0.815229 35.318368 17.976970
v -0.728656 35.605440 18.020856
v -0.650570 35.645247 18.020856
v -0.588591 35.707251 18.020916
v -0.548800 35.785375 18.020916
v -0.535084 35.871975 18.020856
v -0.548793 35.958582 18.020856
v -0.588591 36.036706 18.020856
v -0.650563 36.098710 18.020856
v -0.728656 36.138517 18.020856
v -0.815229 36.152231 18.020916
v -0.901802 36.138517 18.020856
v -0.979895 36.098710 18.020856
v -1.041874 36.036706 18.020856
v -1.081665 35.958582 18.020856
v -1.095367 35.871975 18.020856
v -1.081665 35.785375 18.020916
v -1.041874 35.707251 18.020916
v -0.979888 35.645247 18.020856
v -0.901802 35.605440 18.020856
v -0.815229 35.591719 18.020856
v -0.815229 35.871975 16.379536
v -0.815229 35.871975 18.035606
v -0.728656 35.605440 15.265756
v -0.650563 35.645233 15.265756
v -0.489953 35.424082 15.265817
v -0.644218 35.345451 15.265817
v -0.588584 35.707251 15.265817
v -0.367528 35.546563 15.265756
v -0.548800 35.785383 15.265817
v -0.288928 35.700889 15.265817
v -0.535084 35.871968 15.265817
v -0.261834 35.871975 15.265817
v -0.548793 35.958582 15.265756
v -0.288921 36.043031 15.265756
v -0.588591 36.036713 15.265756
v -0.367521 36.197387 15.265817
v -0.650570 36.098702 15.265817
v -0.489953 36.319838 15.265756
v -0.728656 36.138509 15.265817
v -0.644218 36.398499 15.265817
v -0.815222 36.152216 15.265756
v -0.815229 36.425589 15.265817
v -0.901802 36.138509 15.265817
v -0.986232 36.398513 15.265817
v -0.979895 36.098710 15.265817
v -1.140505 36.319853 15.265756
v -1.041874 36.036691 15.265756
v -1.262930 36.197402 15.265817
v -1.081665 35.958560 15.265756
v -1.341537 36.043046 15.265756
v -1.095374 35.871975 15.265817
v -1.368624 35.871990 15.265817
v -1.081665 35.785361 15.265817
v -1.341537 35.700904 15.265817
v -1.041867 35.707229 15.265817
v -1.262930 35.546577 15.265756
v -0.979895 35.645240 15.265756
v -1.140505 35.424097 15.265817
v -0.901794 35.605440 15.265756
v -0.986240 35.345466 15.265756
v -0.815229 35.591704 15.265756
v -0.815229 35.318360 15.265756
v -0.337353 35.213974 15.265817
v -0.563990 35.098450 15.265756
v -0.157496 35.393917 15.265756
v -0.042017 35.620651 15.265817
v -0.002226 35.871982 15.265817
v -0.042003 36.123313 15.265756
v -0.157482 36.350055 15.265817
v -0.337353 36.529975 15.265817
v -0.563998 36.645500 15.265817
v -0.815229 36.685329 15.265817
v -1.066468 36.645500 15.265817
v -1.293105 36.529975 15.265817
v -1.472969 36.350055 15.265817
v -1.588441 36.123320 15.265756
v -1.628239 35.871990 15.265817
v -1.588441 35.620659 15.265817
v -1.472969 35.393924 15.265817
v -1.293105 35.213974 15.265756
v -1.066468 35.098450 15.265817
v -0.815229 35.058650 15.265817
v -0.196525 35.020061 15.265756
v -0.489953 34.870468 15.265756
v 0.036348 35.253018 15.265756
v 0.185860 35.546585 15.265756
v 0.237387 35.871968 15.265817
v 0.185867 36.197380 15.265817
v 0.036348 36.490946 15.265817
v -0.196517 36.723903 15.265756
v -0.489953 36.873453 15.265756
v -0.815222 36.924993 15.265756
v -1.140505 36.873460 15.265756
v -1.433941 36.723889 15.265756
v -1.666806 36.490931 15.265817
v -1.816318 36.197394 15.265817
v -1.867838 35.871982 15.265817
v -1.816318 35.546570 15.265756
v -1.666806 35.253033 15.265817
v -1.433941 35.020076 15.265817
v -1.140505 34.870497 15.265817
v -0.815222 34.818957 15.265817
v -0.070924 34.847126 15.265756
v -0.423925 34.667184 15.265817
v 0.209221 35.127368 15.265756
v 0.389092 35.480516 15.265756
v 0.451057 35.871968 15.265817
v 0.389092 36.263448 15.265817
v 0.209221 36.616568 15.265817
v -0.070931 36.896816 15.265817
v -0.423925 37.076766 15.265817
v -0.815222 37.138769 15.265756
v -1.206540 37.076780 15.265817
v -1.559542 36.896831 15.265756
v -1.839679 36.616568 15.265817
v -2.019543 36.263448 15.265817
v -2.081522 35.871968 15.265817
v -2.019543 35.480516 15.265817
v -1.839687 35.127368 15.265756
v -1.559542 34.847119 15.265817
v -1.206533 34.667199 15.265756
v -0.815222 34.605166 15.265756
v -0.815229 35.871968 15.265756
v 18.509762 27.773962 14.233741
v 18.509762 43.391498 14.233741
v -18.447673 43.391498 14.233741
v -18.447673 27.773962 14.233741
v 18.509762 43.391498 16.132245
v 18.509762 27.773962 16.132245
v -18.447673 43.391498 16.132245
v -18.447673 27.773962 16.132245
v 17.898789 43.133314 16.132245
v 17.898789 28.032125 16.132245
v -17.836700 43.133314 16.132245
v -17.836700 28.032125 16.132245
v 16.695289 42.076524 15.251977
v 16.695289 29.088929 15.251977
v -16.633192 42.076524 15.251977
v -16.633192 29.088929 15.251977
v 16.728493 43.391498 14.233741
v 16.728493 27.773962 14.233741
v 16.728493 27.773962 16.132245
v 16.176440 28.032125 16.132245
v 15.088947 29.088929 15.251977
v 15.088947 42.076524 15.251977
v 16.176440 43.133314 16.132245
v 16.728493 43.391498 16.132245
v -16.666404 43.391498 14.233741
v -16.666404 27.773962 14.233741
v -16.666404 27.773962 16.132245
v -16.114329 28.032125 16.132245
v -15.026843 29.088929 15.251977
v -15.026843 42.076524 15.251977
v -16.114329 43.133314 16.132245
v -16.666404 43.391498 16.132245
v -16.666404 29.109225 14.233741
v -18.447673 29.109225 14.233741
v -18.447673 29.109225 16.132245
v -17.836700 29.323258 16.132245
v -16.633192 30.199342 15.251977
v -15.026843 30.199342 15.251977
v 15.088947 30.199342 15.251977
v 16.695289 30.199342 15.251977
v 17.898789 29.323258 16.132245
v 18.509762 29.109225 16.132245
v 18.509762 29.109225 14.233741
v 16.728493 29.109225 14.233741
v -16.666404 42.056214 14.233741
v -18.447673 42.056214 14.233741
v -18.447673 42.056214 16.132245
v -17.836700 41.842195 16.132245
v -16.633192 40.966082 15.251977
v -15.026843 40.966082 15.251977
v 15.088947 40.966082 15.251977
v 16.695289 40.966082 15.251977
v 17.898789 41.842195 16.132245
v 18.509762 42.056214 16.132245
v 18.509762 42.056214 14.233741
v 16.728493 42.056214 14.233741
v 16.728493 29.109225 -15.849197
v -16.666404 29.109225 -15.849197
v -16.666404 42.056214 -15.849197
v 16.728493 42.056214 -15.849197
v 15.262180 42.056214 13.326886
v -15.200099 42.056214 13.326886
v 15.262180 42.056214 -14.942405
v -15.200099 42.056214 -14.942405
v 15.262180 30.877807 13.326886
v -15.200099 30.877807 13.326886
v 15.262180 30.877807 -14.942405
v -15.200099 30.877807 -14.942405
vt 0.000000 0.050000
vt 0.050000 0.050000
vt 0.050000 0.100000
vt 0.000000 0.100000
vt 0.100000 0.050000
vt 0.100000 0.100000
vt 0.150000 0.050000
vt 0.150000 0.100000
vt 0.200000 0.050000
vt 0.200000 0.100000
vt 0.250000 0.050000
vt 0.250000 0.100000
vt 0.300000 0.050000
vt 0.300000 0.100000
vt 0.350000 0.050000
vt 0.350000 0.100000
vt 0.400000 0.050000
vt 0.400000 0.100000
vt 0.450000 0.050000
vt 0.450000 0.100000
vt 0.500000 0.050000
vt 0.500000 0.100000
vt 0.550000 0.050000
vt 0.550000 0.100000
vt 0.600000 0.050000
vt 0.600000 0.100000
vt 0.650000 0.050000
vt 0.650000 0.100000
vt 0.700000 0.050000
vt 0.700000 0.100000
vt 0.750000 0.050000
vt 0.750000 0.100000
vt 0.800000 0.050000
vt 0.800000 0.100000
vt 0.850000 0.050000
vt 0.850000 0.100000
vt 0.900000 0.050000
vt 0.900000 0.100000
vt 0.950000 0.050000
vt 0.950000 0.100000
vt 1.000000 0.050000
vt 1.000000 0.100000
vt 0.050000 0.150000
vt 0.000000 0.150000
vt 0.100000 0.150000
vt 0.150000 0.150000
vt 0.200000 0.150000
vt 0.250000 0.150000
vt 0.300000 0.150000
vt 0.350000 0.150000
vt 0.400000 0.150000
vt 0.450000 0.150000
vt 0.500000 0.150000
vt 0.550000 0.150000
vt 0.600000 0.150000
vt 0.650000 0.150000
vt 0.700000 0.150000
vt 0.750000 0.150000
vt 0.800000 0.150000
vt 0.850000 0.150000
vt 0.900000 0.150000
vt 0.950000 0.150000
vt 1.000000 0.150000
vt 0.050000 0.200000
vt 0.000000 0.200000
vt 0.100000 0.200000
vt 0.150000 0.200000
vt 0.200000 0.200000
vt 0.250000 0.200000
vt 0.300000 0.200000
vt 0.350000 0.200000
vt 0.400000 0.200000
vt 0.450000 0.200000
vt 0.500000 0.200000
vt 0.550000 0.200000
vt 0.600000 0.200000
vt 0.650000 0.200000
vt 0.700000 0.200000
vt 0.750000 0.200000
vt 0.800000 0.200000
vt 0.850000 0.200000
vt 0.900000 0.200000
vt 0.950000 0.200000
vt 1.000000 0.200000
vt 0.050000 0.250000
vt 0.000000 0.250000
vt 0.100000 0.250000
vt 0.150000 0.250000
vt 0.200000 0.250000
vt 0.250000 0.250000
vt 0.300000 0.250000
vt 0.350000 0.250000
vt 0.400000 0.250000
vt 0.450000 0.250000
vt 0.500000 0.250000
vt 0.550000 0.250000
vt 0.600000 0.250000
vt 0.650000 0.250000
vt 0.700000 0.250000
vt 0.750000 0.250000
vt 0.800000 0.250000
vt 0.850000 0.250000
vt 0.900000 0.250000
vt 0.950000 0.250000
vt 1.000000 0.250000
vt 0.000000 0.250000
vt 0.050000 0.250000
vt 0.050000 0.300000
vt 0.000000 0.300000
vt 0.100000 0.250000
vt 0.100000 0.300000
vt 0.150000 0.250000
vt 0.150000 0.300000
vt 0.200000 0.250000
vt 0.200000 0.300000
vt 0.250000 0.250000
vt 0.250000 0.300000
vt 0.300000 0.250000
vt 0.300000 0.300000
vt 0.350000 0.250000
vt 0.350000 0.300000
vt 0.400000 0.250000
vt 0.400000 0.300000
vt 0.450000 0.250000
vt 0.450000 0.300000
vt 0.500000 0.250000
vt 0.500000 0.300000
vt 0.550000 0.250000
vt 0.550000 0.300000
vt 0.600000 0.250000
vt 0.600000 0.300000
vt 0.650000 0.250000
vt 0.650000 0.300000
vt 0.700000 0.250000
vt 0.700000 0.300000
vt 0.750000 0.250000
vt 0.750000 0.300000
vt 0.800000 0.250000
vt 0.800000 0.300000
vt 0.850000 0.250000
vt 0.850000 0.300000
vt 0.900000 0.250000
vt 0.900000 0.300000
vt 0.950000 0.250000
vt 0.950000 0.300000
vt 1.000000 0.250000
vt 1.000000 0.300000
vt 0.050000 0.350000
vt 0.000000 0.350000
vt 0.100000 0.350000
vt 0.150000 0.350000
vt 0.200000 0.350000
vt 0.250000 0.350000
vt 0.300000 0.350000
vt 0.350000 0.350000
vt 0.400000 0.350000
vt 0.450000 0.350000
vt 0.500000 0.350000
vt 0.550000 0.350000
vt 0.600000 0.350000
vt 0.650000 0.350000
vt 0.700000 0.350000
vt 0.750000 0.350000
vt 0.800000 0.350000
vt 0.850000 0.350000
vt 0.900000 0.350000
vt 0.950000 0.350000
vt 1.000000 0.350000
vt 0.050000 0.400000
vt 0.000000 0.400000
vt 0.100000 0.400000
vt 0.150000 0.400000
vt 0.200000 0.400000
vt 0.250000 0.400000
vt 0.300000 0.400000
vt 0.350000 0.400000
vt 0.400000 0.400000
vt 0.450000 0.400000
vt 0.500000 0.400000
vt 0.550000 0.400000
vt 0.600000 0.400000
vt 0.650000 0.400000
vt 0.700000 0.400000
vt 0.750000 0.400000
vt 0.800000 0.400000
vt 0.850000 0.400000
vt 0.900000 0.400000
vt 0.950000 0.400000
vt 1.000000 0.400000
vt 0.050000 0.450000
vt 0.000000 0.450000
vt 0.100000 0.450000
vt 0.150000 0.450000
vt 0.200000 0.450000
vt 0.250000 0.450000
vt 0.300000 0.450000
vt 0.350000 0.450000
vt 0.400000 0.450000
vt 0.450000 0.450000
vt 0.500000 0.450000
vt 0.550000 0.450000
vt 0.600000 0.450000
vt 0.650000 0.450000
vt 0.700000 0.450000
vt 0.750000 0.450000
vt 0.800000 0.450000
vt 0.850000 0.450000
vt 0.900000 0.450000
vt 0.950000 0.450000
vt 1.000000 0.450000
vt 0.050000 0.500000
vt 0.000000 0.500000
vt 0.100000 0.500000
vt 0.150000 0.500000
vt 0.200000 0.500000
vt 0.250000 0.500000
vt 0.300000 0.500000
vt 0.350000 0.500000
vt 0.400000 0.500000
vt 0.450000 0.500000
vt 0.500000 0.500000
vt 0.550000 0.500000
vt 0.600000 0.500000
vt 0.650000 0.500000
vt 0.700000 0.500000
vt 0.750000 0.500000
vt 0.800000 0.500000
vt 0.850000 0.500000
vt 0.900000 0.500000
vt 0.950000 0.500000
vt 1.000000 0.500000
vt 0.050000 0.550000
vt 0.000000 0.550000
vt 0.100000 0.550000
vt 0.150000 0.550000
vt 0.200000 0.550000
vt 0.250000 0.550000
vt 0.300000 0.550000
vt 0.350000 0.550000
vt 0.400000 0.550000
vt 0.450000 0.550000
vt 0.500000 0.550000
vt 0.550000 0.550000
vt 0.600000 0.550000
vt 0.650000 0.550000
vt 0.700000 0.550000
vt 0.750000 0.550000
vt 0.800000 0.550000
vt 0.850000 0.550000
vt 0.900000 0.550000
vt 0.950000 0.550000
vt 1.000000 0.550000
vt 0.050000 0.600000
vt 0.000000 0.600000
vt 0.100000 0.600000
vt 0.150000 0.600000
vt 0.200000 0.600000
vt 0.250000 0.600000
vt 0.300000 0.600000
vt 0.350000 0.600000
vt 0.400000 0.600000
vt 0.450000 0.600000
vt 0.500000 0.600000
vt 0.550000 0.600000
vt 0.600000 0.600000
vt 0.650000 0.600000
vt 0.700000 0.600000
vt 0.750000 0.600000
vt 0.800000 0.600000
vt 0.850000 0.600000
vt 0.900000 0.600000
vt 0.950000 0.600000
vt 1.000000 0.600000
vt 0.050000 0.650000
vt 0.000000 0.650000
vt 0.100000 0.650000
vt 0.150000 0.650000
vt 0.200000 0.650000
vt 0.250000 0.650000
vt 0.300000 0.650000
vt 0.350000 0.650000
vt 0.400000 0.650000
vt 0.450000 0.650000
vt 0.500000 0.650000
vt 0.550000 0.650000
vt 0.600000 0.650000
vt 0.650000 0.650000
vt 0.700000 0.650000
vt 0.750000 0.650000
vt 0.800000 0.650000
vt 0.850000 0.650000
vt 0.900000 0.650000
vt 0.950000 0.650000
vt 1.000000 0.650000
vt 0.050000 0.700000
vt 0.000000 0.700000
vt 0.100000 0.700000
vt 0.150000 0.700000
vt 0.200000 0.700000
vt 0.250000 0.700000
vt 0.300000 0.700000
vt 0.350000 0.700000
vt 0.400000 0.700000
vt 0.450000 0.700000
vt 0.500000 0.700000
vt 0.550000 0.700000
vt 0.600000 0.700000
vt 0.650000 0.700000
vt 0.700000 0.700000
vt 0.750000 0.700000
vt 0.800000 0.700000
vt 0.850000 0.700000
vt 0.900000 0.700000
vt 0.950000 0.700000
vt 1.000000 0.700000
vt 0.050000 0.750000
vt 0.000000 0.750000
vt 0.100000 0.750000
vt 0.150000 0.750000
vt 0.200000 0.750000
vt 0.250000 0.750000
vt 0.300000 0.750000
vt 0.350000 0.750000
vt 0.400000 0.750000
vt 0.450000 0.750000
vt 0.500000 0.750000
vt 0.550000 0.750000
vt 0.600000 0.750000
vt 0.650000 0.750000
vt 0.700000 0.750000
vt 0.750000 0.750000
vt 0.800000 0.750000
vt 0.850000 0.750000
vt 0.900000 0.750000
vt 0.950000 0.750000
vt 1.000000 0.750000
vt 0.050000 0.800000
vt 0.000000 0.800000
vt 0.100000 0.800000
vt 0.150000 0.800000
vt 0.200000 0.800000
vt 0.250000 0.800000
vt 0.300000 0.800000
vt 0.350000 0.800000
vt 0.400000 0.800000
vt 0.450000 0.800000
vt 0.500000 0.800000
vt 0.550000 0.800000
vt 0.600000 0.800000
vt 0.650000 0.800000
vt 0.700000 0.800000
vt 0.750000 0.800000
vt 0.800000 0.800000
vt 0.850000 0.800000
vt 0.900000 0.800000
vt 0.950000 0.800000
vt 1.000000 0.800000
vt 0.050000 0.850000
vt 0.000000 0.850000
vt 0.100000 0.850000
vt 0.150000 0.850000
vt 0.200000 0.850000
vt 0.250000 0.850000
vt 0.300000 0.850000
vt 0.350000 0.850000
vt 0.400000 0.850000
vt 0.450000 0.850000
vt 0.500000 0.850000
vt 0.550000 0.850000
vt 0.600000 0.850000
vt 0.650000 0.850000
vt 0.700000 0.850000
vt 0.750000 0.850000
vt 0.800000 0.850000
vt 0.850000 0.850000
vt 0.900000 0.850000
vt 0.950000 0.850000
vt 1.000000 0.850000
vt 0.050000 0.900000
vt 0.000000 0.900000
vt 0.100000 0.900000
vt 0.150000 0.900000
vt 0.200000 0.900000
vt 0.250000 0.900000
vt 0.300000 0.900000
vt 0.350000 0.900000
vt 0.400000 0.900000
vt 0.450000 0.900000
vt 0.500000 0.900000
vt 0.550000 0.900000
vt 0.600000 0.900000
vt 0.650000 0.900000
vt 0.700000 0.900000
vt 0.750000 0.900000
vt 0.800000 0.900000
vt 0.850000 0.900000
vt 0.900000 0.900000
vt 0.950000 0.900000
vt 1.000000 0.900000
vt 0.050000 0.950000
vt 0.000000 0.950000
vt 0.100000 0.950000
vt 0.150000 0.950000
vt 0.200000 0.950000
vt 0.250000 0.950000
vt 0.300000 0.950000
vt 0.350000 0.950000
vt 0.400000 0.950000
vt 0.450000 0.950000
vt 0.500000 0.950000
vt 0.550000 0.950000
vt 0.600000 0.950000
vt 0.650000 0.950000
vt 0.700000 0.950000
vt 0.750000 0.950000
vt 0.800000 0.950000
vt 0.850000 0.950000
vt 0.900000 0.950000
vt 0.950000 0.950000
vt 1.000000 0.950000
vt 0.025000 0.000000
vt 0.075000 0.000000
vt 0.125000 0.000000
vt 0.175000 0.000000
vt 0.225000 0.000000
vt 0.275000 0.000000
vt 0.325000 0.000000
vt 0.375000 0.000000
vt 0.425000 0.000000
vt 0.475000 0.000000
vt 0.525000 0.000000
vt 0.575000 0.000000
vt 0.625000 0.000000
vt 0.675000 0.000000
vt 0.725000 0.000000
vt 0.775000 0.000000
vt 0.825000 0.000000
vt 0.875000 0.000000
vt 0.925000 0.000000
vt 1.000000 0.050000
vt 0.950000 0.050000
vt 0.975000 0.000000
vt 0.025000 1.000000
vt 0.075000 1.000000
vt 0.125000 1.000000
vt 0.175000 1.000000
vt 0.225000 1.000000
vt 0.275000 1.000000
vt 0.325000 1.000000
vt 0.375000 1.000000
vt 0.425000 1.000000
vt 0.475000 1.000000
vt 0.525000 1.000000
vt 0.575000 1.000000
vt 0.625000 1.000000
vt 0.675000 1.000000
vt 0.725000 1.000000
vt 0.775000 1.000000
vt 0.825000 1.000000
vt 0.875000 1.000000
vt 0.925000 1.000000
vt 0.975000 1.000000
vt 0.000000 0.050000
vt 0.025000 0.000000
vt 0.925000 0.000000
vt 0.541667 0.867284
vt 0.541667 0.867284
vt 0.541667 0.870370
vt 0.541667 0.870370
vt 0.541667 0.867284
vt 0.541667 0.870370
vt 0.541667 0.870370
vt 0.541667 0.867284
vt 0.541667 0.861111
vt 0.541667 0.861111
vt 0.541667 0.861111
vt 0.541667 0.861111
vt 0.541667 0.867284
vt 0.541667 0.867284
vt 0.541667 0.870370
vt 0.541667 0.870370
vt 0.541667 0.870370
vt 0.541667 0.870370
vt 0.541667 0.870370
vt 0.541667 0.867284
vt 0.541667 0.867284
vt 0.541667 0.870370
vt 0.541667 0.861111
vt 0.541667 0.861111
vt 0.541667 0.870370
vt 0.541667 0.867284
vt 0.541667 0.870370
vt 0.541667 0.867284
vt 0.541667 0.870370
vt 0.541667 0.861111
vt 0.541667 0.861111
vt 0.541667 0.867284
vt 0.541667 0.870370
vt 0.541667 0.861111
vt 0.541667 0.864198
vt 0.541667 0.864198
vt 0.541667 0.861111
vt 0.541667 0.864198
vt 0.541667 0.864198
vt 0.541667 0.861111
vt 0.541667 0.861111
vt 0.541667 0.864198
vt 0.541667 0.861111
vt 0.541667 0.864198
vt 0.541667 0.861111
vt 0.541667 0.864198
vt 0.541667 0.864198
vt 0.541667 0.864198
vt 0.541667 0.864198
vt 0.541667 0.864198
vt 0.541667 0.867284
vt 0.541667 0.870370
vt 0.541667 0.870370
vt 0.541667 0.867284
vt 0.541667 0.870370
vt 0.541667 0.870370
vt 0.541667 0.870370
vt 0.541667 0.870370
vt 0.541667 0.867284
vt 0.541667 0.864198
vt 0.541667 0.861111
vt 0.541667 0.861111
vt 0.541667 0.861111
vt 0.541667 0.861111
vt 0.541667 0.861111
vt 0.541667 0.864198
vt 0.541667 0.864198
vt 0.541667 0.861111
vt 0.541667 0.864198
vt 0.541667 0.867284
vt 0.541667 0.867284
vt 0.541667 0.864198
vt 0.541667 0.867284
vt 0.541667 0.864198
vt 0.541667 0.864198
vt 0.541667 0.867284
vt 0.541667 0.864198
vt 0.541667 0.867284
vt 0.541667 0.864198
vt 0.541667 0.867284
vn 0.000102 -0.000201 -1.000000
vn 0.000102 -0.000201 -1.000000
vn 0.000102 -0.000201 -1.000000
vn 0.000102 -0.000201 -1.000000
vn 0.000102 0.000000 -1.000000
vn 0.000086 0.000191 -1.000000
vn -0.000023 0.000230 -1.000000
vn -0.000025 0.000175 -1.000000
vn 0.000086 0.000191 -1.000000
vn 0.000048 0.000191 -1.000000
vn 0.000043 0.000230 -1.000000
vn -0.000023 0.000230 -1.000000
vn 0.000048 0.000191 -1.000000
vn 0.000077 0.000000 -1.000000
vn 0.000027 -0.000175 -1.000000
vn 0.000043 0.000230 -1.000000
vn 0.000077 0.000000 -1.000000
vn 0.000050 -0.000161 -1.000000
vn -0.000017 -0.000158 -1.000000
vn 0.000027 -0.000175 -1.000000
vn 0.000050 -0.000161 -1.000000
vn -0.000048 -0.000161 -1.000000
vn 0.000018 0.000103 -1.000000
vn -0.000017 -0.000158 -1.000000
vn -0.000048 -0.000161 -1.000000
vn -0.000136 -0.000161 -1.000000
vn -0.000008 0.000147 -1.000000
vn 0.000018 0.000103 -1.000000
vn -0.000136 -0.000161 -1.000000
vn 0.000084 0.000182 -1.000000
vn -0.000026 0.000203 -1.000000
vn -0.000008 0.000147 -1.000000
vn 0.000084 0.000182 -1.000000
vn -0.000000 0.000207 -1.000000
vn -0.000000 0.000170 -1.000000
vn -0.000026 0.000203 -1.000000
vn -0.000000 0.000207 -1.000000
vn -0.000084 0.000157 -1.000000
vn 0.000026 0.000230 -1.000000
vn -0.000000 0.000170 -1.000000
vn -0.000084 0.000157 -1.000000
vn 0.000136 -0.000029 -1.000000
vn 0.000008 0.000103 -1.000000
vn 0.000026 0.000230 -1.000000
vn 0.000136 -0.000029 -1.000000
vn 0.000048 -0.000161 -1.000000
vn -0.000018 -0.000028 -1.000000
vn 0.000008 0.000103 -1.000000
vn 0.000048 -0.000161 -1.000000
vn -0.000050 -0.000161 -1.000000
vn 0.000017 -0.000246 -1.000000
vn -0.000018 -0.000028 -1.000000
vn -0.000050 -0.000161 -1.000000
vn -0.000077 -0.000161 -1.000000
vn -0.000027 -0.000158 -1.000000
vn 0.000017 -0.000246 -1.000000
vn -0.000077 -0.000161 -1.000000
vn -0.000048 0.000161 -1.000000
vn -0.000057 0.000246 -1.000000
vn -0.000027 -0.000158 -1.000000
vn -0.000048 0.000161 -1.000000
vn -0.000086 0.000324 -1.000000
vn -0.000057 0.000143 -1.000000
vn -0.000057 0.000246 -1.000000
vn -0.000086 0.000324 -1.000000
vn -0.000163 0.000161 -1.000000
vn -0.000044 -0.000060 -1.000000
vn -0.000057 0.000143 -1.000000
vn -0.000163 0.000161 -1.000000
vn -0.000100 0.000000 -1.000000
vn -0.000057 -0.000131 -1.000000
vn -0.000044 -0.000060 -1.000000
vn -0.000100 0.000000 -1.000000
vn 0.000109 0.000000 -1.000000
vn 0.000030 -0.000087 -1.000000
vn -0.000057 -0.000131 -1.000000
vn 0.000109 0.000000 -1.000000
vn 0.000153 -0.000182 -1.000000
vn 0.000084 0.000103 -1.000000
vn 0.000030 -0.000087 -1.000000
vn 0.000084 0.000103 -1.000000
vn -0.000025 0.000175 -1.000000
vn -0.000064 0.000072 -1.000000
vn -0.000037 0.000063 -1.000000
vn -0.000025 0.000175 -1.000000
vn -0.000023 0.000230 -1.000000
vn -0.000084 0.000053 -1.000000
vn -0.000064 0.000072 -1.000000
vn -0.000023 0.000230 -1.000000
vn 0.000043 0.000230 -1.000000
vn -0.000028 0.000180 -1.000000
vn -0.000084 0.000053 -1.000000
vn 0.000043 0.000230 -1.000000
vn 0.000027 -0.000175 -1.000000
vn 0.000019 0.000024 -1.000000
vn -0.000028 0.000180 -1.000000
vn 0.000027 -0.000175 -1.000000
vn -0.000017 -0.000158 -1.000000
vn 0.000047 0.000011 -1.000000
vn 0.000019 0.000024 -1.000000
vn -0.000017 -0.000158 -1.000000
vn 0.000018 0.000103 -1.000000
vn 0.000026 0.000040 -1.000000
vn 0.000047 0.000011 -1.000000
vn 0.000018 0.000103 -1.000000
vn -0.000008 0.000147 -1.000000
vn -0.000019 -0.000093 -1.000000
vn 0.000026 0.000040 -1.000000
vn -0.000008 0.000147 -1.000000
vn -0.000026 0.000203 -1.000000
vn -0.000062 -0.000114 -1.000000
vn -0.000019 -0.000093 -1.000000
vn -0.000026 0.000203 -1.000000
vn -0.000000 0.000170 -1.000000
vn -0.000000 -0.000182 -1.000000
vn -0.000062 -0.000114 -1.000000
vn -0.000000 0.000170 -1.000000
vn 0.000026 0.000230 -1.000000
vn 0.000062 -0.000103 -1.000000
vn -0.000000 -0.000182 -1.000000
vn 0.000026 0.000230 -1.000000
vn 0.000008 0.000103 -1.000000
vn 0.000019 0.000008 -1.000000
vn 0.000062 -0.000103 -1.000000
vn 0.000008 0.000103 -1.000000
vn -0.000018 -0.000028 -1.000000
vn -0.000026 0.000090 -1.000000
vn 0.000019 0.000008 -1.000000
vn -0.000018 -0.000028 -1.000000
vn 0.000017 -0.000246 -1.000000
vn -0.000047 -0.000104 -1.000000
vn -0.000026 0.000090 -1.000000
vn 0.000017 -0.000246 -1.000000
vn -0.000027 -0.000158 -1.000000
vn -0.000019 -0.000053 -1.000000
vn -0.000047 -0.000104 -1.000000
vn -0.000027 -0.000158 -1.000000
vn -0.000057 0.000246 -1.000000
vn 0.000049 0.000233 -1.000000
vn -0.000019 -0.000053 -1.000000
vn -0.000057 0.000246 -1.000000
vn -0.000057 0.000143 -1.000000
vn -0.000034 0.000064 -1.000000
vn 0.000049 0.000233 -1.000000
vn -0.000057 0.000143 -1.000000
vn -0.000044 -0.000060 -1.000000
vn -0.000039 -0.000207 -1.000000
vn -0.000034 0.000064 -1.000000
vn -0.000044 -0.000060 -1.000000
vn -0.000057 -0.000131 -1.000000
vn 0.000003 -0.000222 -1.000000
vn -0.000039 -0.000207 -1.000000
vn -0.000057 -0.000131 -1.000000
vn 0.000030 -0.000087 -1.000000
vn -0.000069 -0.000079 -1.000000
vn 0.000003 -0.000222 -1.000000
vn 0.000030 -0.000087 -1.000000
vn 0.000084 0.000103 -1.000000
vn -0.000037 0.000063 -1.000000
vn -0.000069 -0.000079 -1.000000
vn -0.000037 0.000063 -1.000000
vn -0.000064 0.000072 -1.000000
vn -0.000030 -0.000132 -1.000000
vn -0.000039 -0.000112 -1.000000
vn -0.000064 0.000072 -1.000000
vn -0.000084 0.000053 -1.000000
vn -0.000049 -0.000027 -1.000000
vn -0.000030 -0.000132 -1.000000
vn -0.000084 0.000053 -1.000000
vn -0.000028 0.000180 -1.000000
vn -0.000030 0.000145 -1.000000
vn -0.000049 -0.000027 -1.000000
vn -0.000028 0.000180 -1.000000
vn 0.000019 0.000024 -1.000000
vn 0.000014 0.000145 -1.000000
vn -0.000030 0.000145 -1.000000
vn 0.000019 0.000024 -1.000000
vn 0.000047 0.000011 -1.000000
vn 0.000044 0.000099 -1.000000
vn 0.000014 0.000145 -1.000000
vn 0.000047 0.000011 -1.000000
vn 0.000026 0.000040 -1.000000
vn 0.000057 0.000010 -1.000000
vn 0.000044 0.000099 -1.000000
vn 0.000026 0.000040 -1.000000
vn -0.000019 -0.000093 -1.000000
vn 0.000056 -0.000048 -1.000000
vn 0.000057 0.000010 -1.000000
vn -0.000019 -0.000093 -1.000000
vn -0.000062 -0.000114 -1.000000
vn 0.000034 0.000002 -1.000000
vn 0.000056 -0.000048 -1.000000
vn -0.000062 -0.000114 -1.000000
vn -0.000000 -0.000182 -1.000000
vn -0.000000 -0.000136 -1.000000
vn 0.000034 0.000002 -1.000000
vn -0.000000 -0.000182 -1.000000
vn 0.000062 -0.000103 -1.000000
vn 0.000005 -0.000082 -1.000000
vn -0.000000 -0.000136 -1.000000
vn 0.000062 -0.000103 -1.000000
vn 0.000019 0.000008 -1.000000
vn -0.000003 0.000042 -1.000000
vn 0.000005 -0.000082 -1.000000
vn 0.000019 0.000008 -1.000000
vn -0.000026 0.000090 -1.000000
vn -0.000044 0.000018 -1.000000
vn -0.000003 0.000042 -1.000000
vn -0.000026 0.000090 -1.000000
vn -0.000047 -0.000104 -1.000000
vn -0.000044 -0.000110 -1.000000
vn -0.000044 0.000018 -1.000000
vn -0.000047 -0.000104 -1.000000
vn -0.000019 -0.000053 -1.000000
vn -0.000052 -0.000055 -1.000000
vn -0.000044 -0.000110 -1.000000
vn -0.000019 -0.000053 -1.000000
vn 0.000049 0.000233 -1.000000
vn 0.000013 0.000145 -1.000000
vn -0.000052 -0.000055 -1.000000
vn 0.000049 0.000233 -1.000000
vn -0.000034 0.000064 -1.000000
vn 0.000046 0.000099 -1.000000
vn 0.000013 0.000145 -1.000000
vn -0.000034 0.000064 -1.000000
vn -0.000039 -0.000207 -1.000000
vn 0.000017 -0.000035 -1.000000
vn 0.000046 0.000099 -1.000000
vn -0.000039 -0.000207 -1.000000
vn 0.000003 -0.000222 -1.000000
vn 0.000018 0.000036 -1.000000
vn 0.000017 -0.000035 -1.000000
vn 0.000003 -0.000222 -1.000000
vn -0.000069 -0.000079 -1.000000
vn -0.000031 0.000064 -1.000000
vn 0.000018 0.000036 -1.000000
vn -0.000069 -0.000079 -1.000000
vn -0.000037 0.000063 -1.000000
vn -0.000039 -0.000112 -1.000000
vn -0.000031 0.000064 -1.000000
vn -0.000039 -0.000112 -1.000000
vn -0.000030 -0.000132 -1.000000
vn -0.000004 -0.000190 -1.000000
vn -0.000004 -0.000143 -1.000000
vn -0.000030 -0.000132 -1.000000
vn -0.000049 -0.000027 -1.000000
vn -0.000000 -0.000048 -1.000000
vn -0.000004 -0.000190 -1.000000
vn -0.000049 -0.000027 -1.000000
vn -0.000030 0.000145 -1.000000
vn 0.000013 0.000095 -1.000000
vn -0.000000 -0.000048 -1.000000
vn -0.000030 0.000145 -1.000000
vn 0.000014 0.000145 -1.000000
vn 0.000013 0.000095 -1.000000
vn 0.000013 0.000095 -1.000000
vn 0.000014 0.000145 -1.000000
vn 0.000044 0.000099 -1.000000
vn -0.000000 0.000095 -1.000000
vn 0.000013 0.000095 -1.000000
vn 0.000044 0.000099 -1.000000
vn 0.000057 0.000010 -1.000000
vn 0.000081 0.000095 -1.000000
vn -0.000000 0.000095 -1.000000
vn 0.000057 0.000010 -1.000000
vn 0.000056 -0.000048 -1.000000
vn 0.000146 0.000190 -1.000000
vn 0.000081 0.000095 -1.000000
vn 0.000056 -0.000048 -1.000000
vn 0.000034 0.000002 -1.000000
vn 0.000118 0.000238 -1.000000
vn 0.000146 0.000190 -1.000000
vn 0.000034 0.000002 -1.000000
vn -0.000000 -0.000136 -1.000000
vn -0.000000 0.000048 -1.000000
vn 0.000118 0.000238 -1.000000
vn -0.000000 -0.000136 -1.000000
vn 0.000005 -0.000082 -1.000000
vn -0.000048 0.000143 -1.000000
vn -0.000000 0.000048 -1.000000
vn 0.000005 -0.000082 -1.000000
vn -0.000003 0.000042 -1.000000
vn -0.000055 0.000190 -1.000000
vn -0.000048 0.000143 -1.000000
vn -0.000003 0.000042 -1.000000
vn -0.000044 0.000018 -1.000000
vn -0.000059 -0.000048 -1.000000
vn -0.000055 0.000190 -1.000000
vn -0.000044 0.000018 -1.000000
vn -0.000044 -0.000110 -1.000000
vn -0.000000 -0.000190 -1.000000
vn -0.000059 -0.000048 -1.000000
vn -0.000044 -0.000110 -1.000000
vn -0.000052 -0.000055 -1.000000
vn -0.000078 -0.000095 -1.000000
vn -0.000000 -0.000190 -1.000000
vn -0.000052 -0.000055 -1.000000
vn 0.000013 0.000145 -1.000000
vn -0.000078 0.000095 -1.000000
vn -0.000078 -0.000095 -1.000000
vn 0.000013 0.000145 -1.000000
vn 0.000046 0.000099 -1.000000
vn 0.000081 0.000095 -1.000000
vn -0.000078 0.000095 -1.000000
vn 0.000046 0.000099 -1.000000
vn 0.000017 -0.000035 -1.000000
vn 0.000076 0.000095 -1.000000
vn 0.000081 0.000095 -1.000000
vn 0.000017 -0.000035 -1.000000
vn 0.000018 0.000036 -1.000000
vn 0.000018 0.000238 -1.000000
vn 0.000076 0.000095 -1.000000
vn 0.000018 0.000036 -1.000000
vn -0.000031 0.000064 -1.000000
vn 0.000023 0.000143 -1.000000
vn 0.000018 0.000238 -1.000000
vn -0.000031 0.000064 -1.000000
vn -0.000039 -0.000112 -1.000000
vn -0.000004 -0.000143 -1.000000
vn 0.000023 0.000143 -1.000000
vn 0.059411 -0.182796 -0.981354
vn 0.113111 -0.155254 -0.981378
vn 0.054574 -0.075059 -0.995685
vn 0.028662 -0.088297 -0.995682
vn 0.113111 -0.155254 -0.981378
vn 0.155508 -0.112860 -0.981366
vn 0.075068 -0.054517 -0.995687
vn 0.054574 -0.075059 -0.995685
vn 0.155508 -0.112860 -0.981366
vn 0.182687 -0.059395 -0.981375
vn 0.088247 -0.028664 -0.995686
vn 0.075068 -0.054517 -0.995687
vn 0.182687 -0.059395 -0.981375
vn 0.192155 0.000000 -0.981365
vn 0.092824 0.000000 -0.995683
vn 0.088247 -0.028664 -0.995686
vn 0.192155 0.000000 -0.981365
vn 0.182747 0.059256 -0.981373
vn 0.088276 0.028650 -0.995684
vn 0.092824 0.000000 -0.995683
vn 0.182747 0.059256 -0.981373
vn 0.155415 0.112768 -0.981392
vn 0.075070 0.054582 -0.995683
vn 0.088276 0.028650 -0.995684
vn 0.155415 0.112768 -0.981392
vn 0.112972 0.155298 -0.981387
vn 0.054577 0.075203 -0.995674
vn 0.075070 0.054582 -0.995683
vn 0.112972 0.155298 -0.981387
vn 0.059412 0.182522 -0.981405
vn 0.028723 0.088408 -0.995670
vn 0.054577 0.075203 -0.995674
vn 0.059412 0.182522 -0.981405
vn -0.000001 0.191894 -0.981416
vn -0.000000 0.092866 -0.995679
vn 0.028723 0.088408 -0.995670
vn -0.000001 0.191894 -0.981416
vn -0.059406 0.182724 -0.981368
vn -0.028764 0.088305 -0.995678
vn -0.000000 0.092866 -0.995679
vn -0.059406 0.182724 -0.981368
vn -0.112970 0.155316 -0.981384
vn -0.054646 0.074999 -0.995685
vn -0.028764 0.088305 -0.995678
vn -0.112970 0.155316 -0.981384
vn -0.155417 0.112537 -0.981418
vn -0.075097 0.054387 -0.995692
vn -0.054646 0.074999 -0.995685
vn -0.155417 0.112537 -0.981418
vn -0.182754 0.059071 -0.981382
vn -0.088277 0.028560 -0.995686
vn -0.075097 0.054387 -0.995692
vn -0.182754 0.059071 -0.981382
vn -0.192251 0.000000 -0.981346
vn -0.092863 0.000000 -0.995679
vn -0.088277 0.028560 -0.995686
vn -0.192251 0.000000 -0.981346
vn -0.182839 -0.059349 -0.981350
vn -0.088358 -0.028669 -0.995676
vn -0.092863 0.000000 -0.995679
vn -0.182839 -0.059349 -0.981350
vn -0.155532 -0.113045 -0.981341
vn -0.075219 -0.054634 -0.995669
vn -0.088358 -0.028669 -0.995676
vn -0.155532 -0.113045 -0.981341
vn -0.112942 -0.155302 -0.981390
vn -0.054604 -0.074931 -0.995693
vn -0.075219 -0.054634 -0.995669
vn -0.112942 -0.155302 -0.981390
vn -0.059296 -0.182460 -0.981424
vn -0.028616 -0.088006 -0.995709
vn -0.054604 -0.074931 -0.995693
vn -0.059296 -0.182460 -0.981424
vn -0.000024 -0.192145 -0.981367
vn -0.000011 -0.092727 -0.995691
vn -0.028616 -0.088006 -0.995709
vn -0.000024 -0.192145 -0.981367
vn 0.059411 -0.182796 -0.981354
vn 0.028662 -0.088297 -0.995682
vn -0.000011 -0.092727 -0.995691
vn 0.028662 -0.088297 -0.995682
vn 0.054574 -0.075059 -0.995685
vn 0.254859 -0.350715 -0.901136
vn 0.133990 -0.412203 -0.901185
vn 0.054574 -0.075059 -0.995685
vn 0.075068 -0.054517 -0.995687
vn 0.350856 -0.254790 -0.901101
vn 0.254859 -0.350715 -0.901136
vn 0.075068 -0.054517 -0.995687
vn 0.088247 -0.028664 -0.995686
vn 0.412470 -0.133927 -0.901073
vn 0.350856 -0.254790 -0.901101
vn 0.088247 -0.028664 -0.995686
vn 0.092824 0.000000 -0.995683
vn 0.433605 0.000000 -0.901103
vn 0.412470 -0.133927 -0.901073
vn 0.092824 0.000000 -0.995683
vn 0.088276 0.028650 -0.995684
vn 0.412336 0.133898 -0.901138
vn 0.433605 0.000000 -0.901103
vn 0.088276 0.028650 -0.995684
vn 0.075070 0.054582 -0.995683
vn 0.350769 0.254727 -0.901152
vn 0.412336 0.133898 -0.901138
vn 0.075070 0.054582 -0.995683
vn 0.054577 0.075203 -0.995674
vn 0.254809 0.350793 -0.901119
vn 0.350769 0.254727 -0.901152
vn 0.054577 0.075203 -0.995674
vn 0.028723 0.088408 -0.995670
vn 0.133931 0.412387 -0.901110
vn 0.254809 0.350793 -0.901119
vn 0.028723 0.088408 -0.995670
vn -0.000000 0.092866 -0.995679
vn -0.000003 0.433417 -0.901194
vn 0.133931 0.412387 -0.901110
vn -0.000000 0.092866 -0.995679
vn -0.028764 0.088305 -0.995678
vn -0.134016 0.412055 -0.901249
vn -0.000003 0.433417 -0.901194
vn -0.028764 0.088305 -0.995678
vn -0.054646 0.074999 -0.995685
vn -0.254921 0.350446 -0.901223
vn -0.134016 0.412055 -0.901249
vn -0.054646 0.074999 -0.995685
vn -0.075097 0.054387 -0.995692
vn -0.350773 0.254712 -0.901155
vn -0.254921 0.350446 -0.901223
vn -0.075097 0.054387 -0.995692
vn -0.088277 0.028560 -0.995686
vn -0.412328 0.133952 -0.901134
vn -0.350773 0.254712 -0.901155
vn -0.088277 0.028560 -0.995686
vn -0.092863 0.000000 -0.995679
vn -0.433598 -0.000029 -0.901107
vn -0.412328 0.133952 -0.901134
vn -0.092863 0.000000 -0.995679
vn -0.088358 -0.028669 -0.995676
vn -0.412416 -0.133928 -0.901097
vn -0.433598 -0.000029 -0.901107
vn -0.088358 -0.028669 -0.995676
vn -0.075219 -0.054634 -0.995669
vn -0.350831 -0.254685 -0.901140
vn -0.412416 -0.133928 -0.901097
vn -0.075219 -0.054634 -0.995669
vn -0.054604 -0.074931 -0.995693
vn -0.254875 -0.350540 -0.901199
vn -0.350831 -0.254685 -0.901140
vn -0.054604 -0.074931 -0.995693
vn -0.028616 -0.088006 -0.995709
vn -0.133996 -0.412147 -0.901210
vn -0.254875 -0.350540 -0.901199
vn -0.028616 -0.088006 -0.995709
vn -0.000011 -0.092727 -0.995691
vn -0.000003 -0.433362 -0.901220
vn -0.133996 -0.412147 -0.901210
vn -0.000011 -0.092727 -0.995691
vn 0.028662 -0.088297 -0.995682
vn 0.133990 -0.412203 -0.901185
vn -0.000003 -0.433362 -0.901220
vn 0.133990 -0.412203 -0.901185
vn 0.254859 -0.350715 -0.901136
vn 0.478167 -0.658061 -0.581646
vn 0.251430 -0.773605 -0.581652
vn 0.254859 -0.350715 -0.901136
vn 0.350856 -0.254790 -0.901101
vn 0.658124 -0.478040 -0.581679
vn 0.478167 -0.658061 -0.581646
vn 0.350856 -0.254790 -0.901101
vn 0.412470 -0.133927 -0.901073
vn 0.773640 -0.251290 -0.581665
vn 0.658124 -0.478040 -0.581679
vn 0.412470 -0.133927 -0.901073
vn 0.433605 0.000000 -0.901103
vn 0.813479 0.000000 -0.581595
vn 0.773640 -0.251290 -0.581665
vn 0.433605 0.000000 -0.901103
vn 0.412336 0.133898 -0.901138
vn 0.773717 0.251289 -0.581563
vn 0.813479 0.000000 -0.581595
vn 0.412336 0.133898 -0.901138
vn 0.350769 0.254727 -0.901152
vn 0.658246 0.477928 -0.581632
vn 0.773717 0.251289 -0.581563
vn 0.350769 0.254727 -0.901152
vn 0.254809 0.350793 -0.901119
vn 0.478278 0.657932 -0.581701
vn 0.658246 0.477928 -0.581632
vn 0.254809 0.350793 -0.901119
vn 0.133931 0.412387 -0.901110
vn 0.251407 0.773551 -0.581734
vn 0.478278 0.657932 -0.581701
vn 0.133931 0.412387 -0.901110
vn -0.000003 0.433417 -0.901194
vn 0.000002 0.813355 -0.581767
vn 0.251407 0.773551 -0.581734
vn -0.000003 0.433417 -0.901194
vn -0.134016 0.412055 -0.901249
vn -0.251407 0.773509 -0.581788
vn 0.000002 0.813355 -0.581767
vn -0.134016 0.412055 -0.901249
vn -0.254921 0.350446 -0.901223
vn -0.478197 0.657980 -0.581712
vn -0.251407 0.773509 -0.581788
vn -0.254921 0.350446 -0.901223
vn -0.350773 0.254712 -0.901155
vn -0.658139 0.478096 -0.581616
vn -0.478197 0.657980 -0.581712
vn -0.350773 0.254712 -0.901155
vn -0.412328 0.133952 -0.901134
vn -0.773700 0.251353 -0.581558
vn -0.658139 0.478096 -0.581616
vn -0.412328 0.133952 -0.901134
vn -0.433598 -0.000029 -0.901107
vn -0.813498 -0.000034 -0.581568
vn -0.773700 0.251353 -0.581558
vn -0.433598 -0.000029 -0.901107
vn -0.412416 -0.133928 -0.901097
vn -0.773673 -0.251368 -0.581588
vn -0.813498 -0.000034 -0.581568
vn -0.412416 -0.133928 -0.901097
vn -0.350831 -0.254685 -0.901140
vn -0.658140 -0.478033 -0.581667
vn -0.773673 -0.251368 -0.581588
vn -0.350831 -0.254685 -0.901140
vn -0.254875 -0.350540 -0.901199
vn -0.478170 -0.658012 -0.581699
vn -0.658140 -0.478033 -0.581667
vn -0.254875 -0.350540 -0.901199
vn -0.133996 -0.412147 -0.901210
vn -0.251393 -0.773610 -0.581661
vn -0.478170 -0.658012 -0.581699
vn -0.133996 -0.412147 -0.901210
vn -0.000003 -0.433362 -0.901220
vn -0.000007 -0.813413 -0.581686
vn -0.251393 -0.773610 -0.581661
vn -0.000003 -0.433362 -0.901220
vn 0.133990 -0.412203 -0.901185
vn 0.251430 -0.773605 -0.581652
vn -0.000007 -0.813413 -0.581686
vn 0.251430 -0.773605 -0.581652
vn 0.478167 -0.658061 -0.581646
vn 0.567688 -0.781065 -0.260128
vn 0.298445 -0.918297 -0.260116
vn 0.478167 -0.658061 -0.581646
vn 0.658124 -0.478040 -0.581679
vn 0.781300 -0.567373 -0.260110
vn 0.567688 -0.781065 -0.260128
vn 0.658124 -0.478040 -0.581679
vn 0.773640 -0.251290 -0.581665
vn 0.918374 -0.298253 -0.260066
vn 0.781300 -0.567373 -0.260110
vn 0.773640 -0.251290 -0.581665
vn 0.813479 0.000000 -0.581595
vn 0.965597 -0.000002 -0.260044
vn 0.918374 -0.298253 -0.260066
vn 0.813479 0.000000 -0.581595
vn 0.773717 0.251289 -0.581563
vn 0.918369 0.298254 -0.260082
vn 0.965597 -0.000002 -0.260044
vn 0.773717 0.251289 -0.581563
vn 0.658246 0.477928 -0.581632
vn 0.781311 0.567350 -0.260130
vn 0.918369 0.298254 -0.260082
vn 0.658246 0.477928 -0.581632
vn 0.478278 0.657932 -0.581701
vn 0.567752 0.781009 -0.260158
vn 0.781311 0.567350 -0.260130
vn 0.478278 0.657932 -0.581701
vn 0.251407 0.773551 -0.581734
vn 0.298497 0.918268 -0.260161
vn 0.567752 0.781009 -0.260158
vn 0.251407 0.773551 -0.581734
vn 0.000002 0.813355 -0.581767
vn -0.000000 0.965569 -0.260146
vn 0.298497 0.918268 -0.260161
vn 0.000002 0.813355 -0.581767
vn -0.251407 0.773509 -0.581788
vn -0.298452 0.918292 -0.260128
vn -0.000000 0.965569 -0.260146
vn -0.251407 0.773509 -0.581788
vn -0.478197 0.657980 -0.581712
vn -0.567642 0.781111 -0.260092
vn -0.298452 0.918292 -0.260128
vn -0.478197 0.657980 -0.581712
vn -0.658139 0.478096 -0.581616
vn -0.781257 0.567448 -0.260077
vn -0.567642 0.781111 -0.260092
vn -0.658139 0.478096 -0.581616
vn -0.773700 0.251353 -0.581558
vn -0.918377 0.298255 -0.260054
vn -0.781257 0.567448 -0.260077
vn -0.773700 0.251353 -0.581558
vn -0.813498 -0.000034 -0.581568
vn -0.965593 -0.000004 -0.260059
vn -0.918377 0.298255 -0.260054
vn -0.813498 -0.000034 -0.581568
vn -0.773673 -0.251368 -0.581588
vn -0.918354 -0.298289 -0.260096
vn -0.965593 -0.000004 -0.260059
vn -0.773673 -0.251368 -0.581588
vn -0.658140 -0.478033 -0.581667
vn -0.781262 -0.567429 -0.260103
vn -0.918354 -0.298289 -0.260096
vn -0.658140 -0.478033 -0.581667
vn -0.478170 -0.658012 -0.581699
vn -0.567709 -0.781051 -0.260125
vn -0.781262 -0.567429 -0.260103
vn -0.478170 -0.658012 -0.581699
vn -0.251393 -0.773610 -0.581661
vn -0.298461 -0.918293 -0.260112
vn -0.567709 -0.781051 -0.260125
vn -0.251393 -0.773610 -0.581661
vn -0.000007 -0.813413 -0.581686
vn -0.000006 -0.965579 -0.260111
vn -0.298461 -0.918293 -0.260112
vn -0.000007 -0.813413 -0.581686
vn 0.251430 -0.773605 -0.581652
vn 0.298445 -0.918297 -0.260116
vn -0.000006 -0.965579 -0.260111
vn 0.298445 -0.918297 -0.260116
vn 0.567688 -0.781065 -0.260128
vn 0.587942 -0.808903 -0.000003
vn 0.309090 -0.951033 0.000014
vn 0.567688 -0.781065 -0.260128
vn 0.781300 -0.567373 -0.260110
vn 0.809168 -0.587578 0.000006
vn 0.587942 -0.808903 -0.000003
vn 0.781300 -0.567373 -0.260110
vn 0.918374 -0.298253 -0.260066
vn 0.951097 -0.308893 0.000001
vn 0.809168 -0.587578 0.000006
vn 0.918374 -0.298253 -0.260066
vn 0.965597 -0.000002 -0.260044
vn 1.000000 0.000031 0.000004
vn 0.951097 -0.308893 0.000001
vn 0.965597 -0.000002 -0.260044
vn 0.918369 0.298254 -0.260082
vn 0.951084 0.308933 -0.000007
vn 1.000000 0.000031 0.000004
vn 0.918369 0.298254 -0.260082
vn 0.781311 0.567350 -0.260130
vn 0.809133 0.587626 -0.000006
vn 0.951084 0.308933 -0.000007
vn 0.781311 0.567350 -0.260130
vn 0.567752 0.781009 -0.260158
vn 0.587916 0.808922 -0.000008
vn 0.809133 0.587626 -0.000006
vn 0.567752 0.781009 -0.260158
vn 0.298497 0.918268 -0.260161
vn 0.309127 0.951021 -0.000004
vn 0.587916 0.808922 -0.000008
vn 0.298497 0.918268 -0.260161
vn -0.000000 0.965569 -0.260146
vn -0.000008 1.000000 -0.000011
vn 0.309127 0.951021 -0.000004
vn -0.000000 0.965569 -0.260146
vn -0.298452 0.918292 -0.260128
vn -0.309154 0.951012 0.000000
vn -0.000008 1.000000 -0.000011
vn -0.298452 0.918292 -0.260128
vn -0.567642 0.781111 -0.260092
vn -0.587926 0.808914 -0.000012
vn -0.309154 0.951012 0.000000
vn -0.567642 0.781111 -0.260092
vn -0.781257 0.567448 -0.260077
vn -0.809111 0.587656 0.000000
vn -0.587926 0.808914 -0.000012
vn -0.781257 0.567448 -0.260077
vn -0.918377 0.298255 -0.260054
vn -0.951091 0.308910 -0.000011
vn -0.809111 0.587656 0.000000
vn -0.918377 0.298255 -0.260054
vn -0.965593 -0.000004 -0.260059
vn -1.000000 0.000009 0.000008
vn -0.951091 0.308910 -0.000011
vn -0.965593 -0.000004 -0.260059
vn -0.918354 -0.298289 -0.260096
vn -0.951090 -0.308913 -0.000003
vn -1.000000 0.000009 0.000008
vn -0.918354 -0.298289 -0.260096
vn -0.781262 -0.567429 -0.260103
vn -0.809123 -0.587640 0.000001
vn -0.951090 -0.308913 -0.000003
vn -0.781262 -0.567429 -0.260103
vn -0.567709 -0.781051 -0.260125
vn -0.587949 -0.808898 0.000010
vn -0.809123 -0.587640 0.000001
vn -0.567709 -0.781051 -0.260125
vn -0.298461 -0.918293 -0.260112
vn -0.309133 -0.951019 0.000007
vn -0.587949 -0.808898 0.000010
vn -0.298461 -0.918293 -0.260112
vn -0.000006 -0.965579 -0.260111
vn -0.000007 -1.000000 0.000011
vn -0.309133 -0.951019 0.000007
vn -0.000006 -0.965579 -0.260111
vn 0.298445 -0.918297 -0.260116
vn 0.309090 -0.951033 0.000014
vn -0.000007 -1.000000 0.000011
vn 0.309090 -0.951033 0.000014
vn 0.587942 -0.808903 -0.000003
vn 0.572626 -0.787912 0.226482
vn 0.301091 -0.926304 0.226507
vn 0.587942 -0.808903 -0.000003
vn 0.809168 -0.587578 0.000006
vn 0.788093 -0.572386 0.226459
vn 0.572626 -0.787912 0.226482
vn 0.809168 -0.587578 0.000006
vn 0.951097 -0.308893 0.000001
vn 0.926382 -0.300896 0.226447
vn 0.788093 -0.572386 0.226459
vn 0.951097 -0.308893 0.000001
vn 1.000000 0.000031 0.000004
vn 0.974026 0.000015 0.226434
vn 0.926382 -0.300896 0.226447
vn 1.000000 0.000031 0.000004
vn 0.951084 0.308933 -0.000007
vn 0.926386 0.300894 0.226435
vn 0.974026 0.000015 0.226434
vn 0.951084 0.308933 -0.000007
vn 0.809133 0.587626 -0.000006
vn 0.788103 0.572380 0.226440
vn 0.926386 0.300894 0.226435
vn 0.809133 0.587626 -0.000006
vn 0.587916 0.808922 -0.000008
vn 0.572628 0.787921 0.226446
vn 0.788103 0.572380 0.226440
vn 0.587916 0.808922 -0.000008
vn 0.309127 0.951021 -0.000004
vn 0.301082 0.926310 0.226495
vn 0.572628 0.787921 0.226446
vn 0.309127 0.951021 -0.000004
vn -0.000008 1.000000 -0.000011
vn -0.000004 0.974003 0.226533
vn 0.301082 0.926310 0.226495
vn -0.000008 1.000000 -0.000011
vn -0.309154 0.951012 0.000000
vn -0.301116 0.926292 0.226521
vn -0.000004 0.974003 0.226533
vn -0.309154 0.951012 0.000000
vn -0.587926 0.808914 -0.000012
vn -0.572642 0.787901 0.226477
vn -0.301116 0.926292 0.226521
vn -0.587926 0.808914 -0.000012
vn -0.809111 0.587656 0.000000
vn -0.788046 0.572454 0.226451
vn -0.572642 0.787901 0.226477
vn -0.809111 0.587656 0.000000
vn -0.951091 0.308910 -0.000011
vn -0.926373 0.300933 0.226434
vn -0.788046 0.572454 0.226451
vn -0.951091 0.308910 -0.000011
vn -1.000000 0.000009 0.000008
vn -0.974029 0.000004 0.226424
vn -0.926373 0.300933 0.226434
vn -1.000000 0.000009 0.000008
vn -0.951090 -0.308913 -0.000003
vn -0.926376 -0.300926 0.226431
vn -0.974029 0.000004 0.226424
vn -0.951090 -0.308913 -0.000003
vn -0.809123 -0.587640 0.000001
vn -0.788064 -0.572433 0.226438
vn -0.926376 -0.300926 0.226431
vn -0.809123 -0.587640 0.000001
vn -0.587949 -0.808898 0.000010
vn -0.572637 -0.787906 0.226477
vn -0.788064 -0.572433 0.226438
vn -0.587949 -0.808898 0.000010
vn -0.309133 -0.951019 0.000007
vn -0.301091 -0.926298 0.226531
vn -0.572637 -0.787906 0.226477
vn -0.309133 -0.951019 0.000007
vn -0.000007 -1.000000 0.000011
vn 0.000005 -0.974002 0.226539
vn -0.301091 -0.926298 0.226531
vn -0.000007 -1.000000 0.000011
vn 0.309090 -0.951033 0.000014
vn 0.301091 -0.926304 0.226507
vn 0.000005 -0.974002 0.226539
vn 0.301091 -0.926304 0.226507
vn 0.572626 -0.787912 0.226482
vn 0.530714 -0.730136 0.430400
vn 0.279083 -0.858363 0.430494
vn 0.572626 -0.787912 0.226482
vn 0.788093 -0.572386 0.226459
vn 0.730384 -0.530403 0.430362
vn 0.530714 -0.730136 0.430400
vn 0.788093 -0.572386 0.226459
vn 0.926382 -0.300896 0.226447
vn 0.858546 -0.278785 0.430323
vn 0.730384 -0.530403 0.430362
vn 0.926382 -0.300896 0.226447
vn 0.974026 0.000015 0.226434
vn 0.902688 -0.000001 0.430296
vn 0.858546 -0.278785 0.430323
vn 0.974026 0.000015 0.226434
vn 0.926386 0.300894 0.226435
vn 0.858543 0.278761 0.430345
vn 0.902688 -0.000001 0.430296
vn 0.926386 0.300894 0.226435
vn 0.788103 0.572380 0.226440
vn 0.730401 0.530339 0.430413
vn 0.858543 0.278761 0.430345
vn 0.788103 0.572380 0.226440
vn 0.572628 0.787921 0.226446
vn 0.530750 0.730075 0.430459
vn 0.730401 0.530339 0.430413
vn 0.572628 0.787921 0.226446
vn 0.301082 0.926310 0.226495
vn 0.279047 0.858396 0.430452
vn 0.530750 0.730075 0.430459
vn 0.301082 0.926310 0.226495
vn -0.000004 0.974003 0.226533
vn 0.000002 0.902635 0.430407
vn 0.279047 0.858396 0.430452
vn -0.000004 0.974003 0.226533
vn -0.301116 0.926292 0.226521
vn -0.279017 0.858438 0.430387
vn 0.000002 0.902635 0.430407
vn -0.301116 0.926292 0.226521
vn -0.572642 0.787901 0.226477
vn -0.530711 0.730145 0.430389
vn -0.279017 0.858438 0.430387
vn -0.572642 0.787901 0.226477
vn -0.788046 0.572454 0.226451
vn -0.730381 0.530399 0.430374
vn -0.530711 0.730145 0.430389
vn -0.788046 0.572454 0.226451
vn -0.926373 0.300933 0.226434
vn -0.858519 0.278837 0.430344
vn -0.730381 0.530399 0.430374
vn -0.926373 0.300933 0.226434
vn -0.974029 0.000004 0.226424
vn -0.902690 0.000000 0.430291
vn -0.858519 0.278837 0.430344
vn -0.974029 0.000004 0.226424
vn -0.926376 -0.300926 0.226431
vn -0.858543 -0.278849 0.430287
vn -0.902690 0.000000 0.430291
vn -0.926376 -0.300926 0.226431
vn -0.788064 -0.572433 0.226438
vn -0.730378 -0.530423 0.430348
vn -0.858543 -0.278849 0.430287
vn -0.788064 -0.572433 0.226438
vn -0.572637 -0.787906 0.226477
vn -0.530730 -0.730099 0.430443
vn -0.730378 -0.530423 0.430348
vn -0.572637 -0.787906 0.226477
vn -0.301091 -0.926298 0.226531
vn -0.279057 -0.858374 0.430491
vn -0.530730 -0.730099 0.430443
vn -0.301091 -0.926298 0.226531
vn 0.000005 -0.974002 0.226539
vn 0.000012 -0.902578 0.430526
vn -0.279057 -0.858374 0.430491
vn 0.000005 -0.974002 0.226539
vn 0.301091 -0.926304 0.226507
vn 0.279083 -0.858363 0.430494
vn 0.000012 -0.902578 0.430526
vn 0.279083 -0.858363 0.430494
vn 0.530714 -0.730136 0.430400
vn 0.471035 -0.648045 0.598468
vn 0.247650 -0.761902 0.598477
vn 0.530714 -0.730136 0.430400
vn 0.730384 -0.530403 0.430362
vn 0.648272 -0.470758 0.598440
vn 0.471035 -0.648045 0.598468
vn 0.730384 -0.530403 0.430362
vn 0.858546 -0.278785 0.430323
vn 0.762009 -0.247497 0.598404
vn 0.648272 -0.470758 0.598440
vn 0.858546 -0.278785 0.430323
vn 0.902688 -0.000001 0.430296
vn 0.801225 0.000002 0.598363
vn 0.762009 -0.247497 0.598404
vn 0.902688 -0.000001 0.430296
vn 0.858543 0.278761 0.430345
vn 0.762028 0.247492 0.598383
vn 0.801225 0.000002 0.598363
vn 0.858543 0.278761 0.430345
vn 0.730401 0.530339 0.430413
vn 0.648248 0.470741 0.598479
vn 0.762028 0.247492 0.598383
vn 0.730401 0.530339 0.430413
vn 0.530750 0.730075 0.430459
vn 0.471027 0.647984 0.598540
vn 0.648248 0.470741 0.598479
vn 0.530750 0.730075 0.430459
vn 0.279047 0.858396 0.430452
vn 0.247648 0.761837 0.598561
vn 0.471027 0.647984 0.598540
vn 0.279047 0.858396 0.430452
vn 0.000002 0.902635 0.430407
vn 0.000000 0.801070 0.598570
vn 0.247648 0.761837 0.598561
vn 0.000002 0.902635 0.430407
vn -0.279017 0.858438 0.430387
vn -0.247634 0.761849 0.598552
vn 0.000000 0.801070 0.598570
vn -0.279017 0.858438 0.430387
vn -0.530711 0.730145 0.430389
vn -0.471047 0.647987 0.598521
vn -0.247634 0.761849 0.598552
vn -0.530711 0.730145 0.430389
vn -0.730381 0.530399 0.430374
vn -0.648308 0.470690 0.598455
vn -0.471047 0.647987 0.598521
vn -0.730381 0.530399 0.430374
vn -0.858519 0.278837 0.430344
vn -0.762035 0.247473 0.598381
vn -0.648308 0.470690 0.598455
vn -0.858519 0.278837 0.430344
vn -0.902690 0.000000 0.430291
vn -0.801230 0.000016 0.598356
vn -0.762035 0.247473 0.598381
vn -0.902690 0.000000 0.430291
vn -0.858543 -0.278849 0.430287
vn -0.762028 -0.247513 0.598373
vn -0.801230 0.000016 0.598356
vn -0.858543 -0.278849 0.430287
vn -0.730378 -0.530423 0.430348
vn -0.648270 -0.470731 0.598464
vn -0.762028 -0.247513 0.598373
vn -0.730378 -0.530423 0.430348
vn -0.530730 -0.730099 0.430443
vn -0.471074 -0.647938 0.598553
vn -0.648270 -0.470731 0.598464
vn -0.530730 -0.730099 0.430443
vn -0.279057 -0.858374 0.430491
vn -0.247692 -0.761808 0.598579
vn -0.471074 -0.647938 0.598553
vn -0.279057 -0.858374 0.430491
vn 0.000012 -0.902578 0.430526
vn 0.000005 -0.801085 0.598550
vn -0.247692 -0.761808 0.598579
vn 0.000012 -0.902578 0.430526
vn 0.279083 -0.858363 0.430494
vn 0.247650 -0.761902 0.598477
vn 0.000005 -0.801085 0.598550
vn 0.247650 -0.761902 0.598477
vn 0.471035 -0.648045 0.598468
vn 0.402818 -0.554227 0.728403
vn 0.211761 -0.651641 0.728369
vn 0.471035 -0.648045 0.598468
vn 0.648272 -0.470758 0.598440
vn 0.554402 -0.402647 0.728364
vn 0.402818 -0.554227 0.728403
vn 0.648272 -0.470758 0.598440
vn 0.762009 -0.247497 0.598404
vn 0.651675 -0.211755 0.728340
vn 0.554402 -0.402647 0.728364
vn 0.762009 -0.247497 0.598404
vn 0.801225 0.000002 0.598363
vn 0.685187 -0.000053 0.728367
vn 0.651675 -0.211755 0.728340
vn 0.801225 0.000002 0.598363
vn 0.762028 0.247492 0.598383
vn 0.651657 0.211687 0.728376
vn 0.685187 -0.000053 0.728367
vn 0.762028 0.247492 0.598383
vn 0.648248 0.470741 0.598479
vn 0.554365 0.402637 0.728397
vn 0.651657 0.211687 0.728376
vn 0.648248 0.470741 0.598479
vn 0.471027 0.647984 0.598540
vn 0.402794 0.554252 0.728396
vn 0.554365 0.402637 0.728397
vn 0.471027 0.647984 0.598540
vn 0.247648 0.761837 0.598561
vn 0.211763 0.651587 0.728416
vn 0.402794 0.554252 0.728396
vn 0.247648 0.761837 0.598561
vn 0.000000 0.801070 0.598570
vn -0.000002 0.685073 0.728475
vn 0.211763 0.651587 0.728416
vn 0.000000 0.801070 0.598570
vn -0.247634 0.761849 0.598552
vn -0.211766 0.651503 0.728491
vn -0.000002 0.685073 0.728475
vn -0.247634 0.761849 0.598552
vn -0.471047 0.647987 0.598521
vn -0.402802 0.554200 0.728432
vn -0.211766 0.651503 0.728491
vn -0.471047 0.647987 0.598521
vn -0.648308 0.470690 0.598455
vn -0.554417 0.402652 0.728349
vn -0.402802 0.554200 0.728432
vn -0.648308 0.470690 0.598455
vn -0.762035 0.247473 0.598381
vn -0.651718 0.211687 0.728322
vn -0.554417 0.402652 0.728349
vn -0.762035 0.247473 0.598381
vn -0.801230 0.000016 0.598356
vn -0.685212 0.000019 0.728343
vn -0.651718 0.211687 0.728322
vn -0.801230 0.000016 0.598356
vn -0.762028 -0.247513 0.598373
vn -0.651658 -0.211671 0.728380
vn -0.685212 0.000019 0.728343
vn -0.762028 -0.247513 0.598373
vn -0.648270 -0.470731 0.598464
vn -0.554374 -0.402655 0.728380
vn -0.651658 -0.211671 0.728380
vn -0.648270 -0.470731 0.598464
vn -0.471074 -0.647938 0.598553
vn -0.402815 -0.554215 0.728413
vn -0.554374 -0.402655 0.728380
vn -0.471074 -0.647938 0.598553
vn -0.247692 -0.761808 0.598579
vn -0.211794 -0.651538 0.728452
vn -0.402815 -0.554215 0.728413
vn -0.247692 -0.761808 0.598579
vn 0.000005 -0.801085 0.598550
vn -0.000012 -0.685157 0.728395
vn -0.211794 -0.651538 0.728452
vn 0.000005 -0.801085 0.598550
vn 0.247650 -0.761902 0.598477
vn 0.211761 -0.651641 0.728369
vn -0.000012 -0.685157 0.728395
vn 0.211761 -0.651641 0.728369
vn 0.402818 -0.554227 0.728403
vn 0.332525 -0.457521 0.824683
vn 0.174814 -0.537873 0.824702
vn 0.402818 -0.554227 0.728403
vn 0.554402 -0.402647 0.728364
vn 0.457684 -0.332423 0.824634
vn 0.332525 -0.457521 0.824683
vn 0.554402 -0.402647 0.728364
vn 0.651675 -0.211755 0.728340
vn 0.538035 -0.174806 0.824597
vn 0.457684 -0.332423 0.824634
vn 0.651675 -0.211755 0.728340
vn 0.685187 -0.000053 0.728367
vn 0.565695 -0.000042 0.824615
vn 0.538035 -0.174806 0.824597
vn 0.685187 -0.000053 0.728367
vn 0.651657 0.211687 0.728376
vn 0.537980 0.174808 0.824633
vn 0.565695 -0.000042 0.824615
vn 0.651657 0.211687 0.728376
vn 0.554365 0.402637 0.728397
vn 0.457662 0.332418 0.824648
vn 0.537980 0.174808 0.824633
vn 0.554365 0.402637 0.728397
vn 0.402794 0.554252 0.728396
vn 0.332545 0.457485 0.824695
vn 0.457662 0.332418 0.824648
vn 0.402794 0.554252 0.728396
vn 0.211763 0.651587 0.728416
vn 0.174844 0.537817 0.824732
vn 0.332545 0.457485 0.824695
vn 0.211763 0.651587 0.728416
vn -0.000002 0.685073 0.728475
vn 0.000000 0.565502 0.824747
vn 0.174844 0.537817 0.824732
vn -0.000002 0.685073 0.728475
vn -0.211766 0.651503 0.728491
vn -0.174835 0.537856 0.824708
vn 0.000000 0.565502 0.824747
vn -0.211766 0.651503 0.728491
vn -0.402802 0.554200 0.728432
vn -0.332534 0.457589 0.824641
vn -0.174835 0.537856 0.824708
vn -0.402802 0.554200 0.728432
vn -0.554417 0.402652 0.728349
vn -0.457676 0.332497 0.824608
vn -0.332534 0.457589 0.824641
vn -0.554417 0.402652 0.728349
vn -0.651718 0.211687 0.728322
vn -0.538005 0.174809 0.824617
vn -0.457676 0.332497 0.824608
vn -0.651718 0.211687 0.728322
vn -0.685212 0.000019 0.728343
vn -0.565675 0.000000 0.824629
vn -0.538005 0.174809 0.824617
vn -0.685212 0.000019 0.728343
vn -0.651658 -0.211671 0.728380
vn -0.538001 -0.174839 0.824613
vn -0.565675 0.000000 0.824629
vn -0.651658 -0.211671 0.728380
vn -0.554374 -0.402655 0.728380
vn -0.457656 -0.332542 0.824601
vn -0.538001 -0.174839 0.824613
vn -0.554374 -0.402655 0.728380
vn -0.402815 -0.554215 0.728413
vn -0.332499 -0.457577 0.824663
vn -0.457656 -0.332542 0.824601
vn -0.402815 -0.554215 0.728413
vn -0.211794 -0.651538 0.728452
vn -0.174819 -0.537920 0.824670
vn -0.332499 -0.457577 0.824663
vn -0.211794 -0.651538 0.728452
vn -0.000012 -0.685157 0.728395
vn -0.000037 -0.565641 0.824652
vn -0.174819 -0.537920 0.824670
vn -0.000012 -0.685157 0.728395
vn 0.211761 -0.651641 0.728369
vn 0.174814 -0.537873 0.824702
vn -0.000037 -0.565641 0.824652
vn 0.174814 -0.537873 0.824702
vn 0.332525 -0.457521 0.824683
vn 0.263683 -0.362784 0.893789
vn 0.138629 -0.426517 0.893793
vn 0.332525 -0.457521 0.824683
vn 0.457684 -0.332423 0.824634
vn 0.362959 -0.263522 0.893765
vn 0.263683 -0.362784 0.893789
vn 0.457684 -0.332423 0.824634
vn 0.538035 -0.174806 0.824597
vn 0.426674 -0.138538 0.893732
vn 0.362959 -0.263522 0.893765
vn 0.538035 -0.174806 0.824597
vn 0.565695 -0.000042 0.824615
vn 0.448607 0.000040 0.893729
vn 0.426674 -0.138538 0.893732
vn 0.565695 -0.000042 0.824615
vn 0.537980 0.174808 0.824633
vn 0.426608 0.138667 0.893743
vn 0.448607 0.000040 0.893729
vn 0.537980 0.174808 0.824633
vn 0.457662 0.332418 0.824648
vn 0.362867 0.263672 0.893759
vn 0.426608 0.138667 0.893743
vn 0.457662 0.332418 0.824648
vn 0.332545 0.457485 0.824695
vn 0.263658 0.362835 0.893776
vn 0.362867 0.263672 0.893759
vn 0.332545 0.457485 0.824695
vn 0.174844 0.537817 0.824732
vn 0.138641 0.426467 0.893815
vn 0.263658 0.362835 0.893776
vn 0.174844 0.537817 0.824732
vn 0.000000 0.565502 0.824747
vn 0.000000 0.448371 0.893847
vn 0.138641 0.426467 0.893815
vn 0.000000 0.565502 0.824747
vn -0.174835 0.537856 0.824708
vn -0.138640 0.426444 0.893826
vn 0.000000 0.448371 0.893847
vn -0.174835 0.537856 0.824708
vn -0.332534 0.457589 0.824641
vn -0.263645 0.362799 0.893794
vn -0.138640 0.426444 0.893826
vn -0.332534 0.457589 0.824641
vn -0.457676 0.332497 0.824608
vn -0.362887 0.263642 0.893760
vn -0.263645 0.362799 0.893794
vn -0.457676 0.332497 0.824608
vn -0.538005 0.174809 0.824617
vn -0.426665 0.138615 0.893724
vn -0.362887 0.263642 0.893760
vn -0.538005 0.174809 0.824617
vn -0.565675 0.000000 0.824629
vn -0.448602 -0.000040 0.893732
vn -0.426665 0.138615 0.893724
vn -0.565675 0.000000 0.824629
vn -0.538001 -0.174839 0.824613
vn -0.426599 -0.138714 0.893740
vn -0.448602 -0.000040 0.893732
vn -0.538001 -0.174839 0.824613
vn -0.457656 -0.332542 0.824601
vn -0.362840 -0.263678 0.893768
vn -0.426599 -0.138714 0.893740
vn -0.457656 -0.332542 0.824601
vn -0.332499 -0.457577 0.824663
vn -0.263638 -0.362789 0.893800
vn -0.362840 -0.263678 0.893768
vn -0.332499 -0.457577 0.824663
vn -0.174819 -0.537920 0.824670
vn -0.138677 -0.426480 0.893803
vn -0.263638 -0.362789 0.893800
vn -0.174819 -0.537920 0.824670
vn -0.000037 -0.565641 0.824652
vn -0.000029 -0.448440 0.893813
vn -0.138677 -0.426480 0.893803
vn -0.000037 -0.565641 0.824652
vn 0.174814 -0.537873 0.824702
vn 0.138629 -0.426517 0.893793
vn -0.000029 -0.448440 0.893813
vn 0.138629 -0.426517 0.893793
vn 0.263683 -0.362784 0.893789
vn 0.197665 -0.272008 0.941775
vn 0.103946 -0.319770 0.941776
vn 0.263683 -0.362784 0.893789
vn 0.362959 -0.263522 0.893765
vn 0.272161 -0.197602 0.941744
vn 0.197665 -0.272008 0.941775
vn 0.362959 -0.263522 0.893765
vn 0.426674 -0.138538 0.893732
vn 0.319952 -0.103886 0.941721
vn 0.272161 -0.197602 0.941744
vn 0.426674 -0.138538 0.893732
vn 0.448607 0.000040 0.893729
vn 0.336401 0.000109 0.941719
vn 0.319952 -0.103886 0.941721
vn 0.448607 0.000040 0.893729
vn 0.426608 0.138667 0.893743
vn 0.319959 0.104003 0.941706
vn 0.336401 0.000109 0.941719
vn 0.426608 0.138667 0.893743
vn 0.362867 0.263672 0.893759
vn 0.272200 0.197697 0.941713
vn 0.319959 0.104003 0.941706
vn 0.362867 0.263672 0.893759
vn 0.263658 0.362835 0.893776
vn 0.197811 0.272156 0.941702
vn 0.272200 0.197697 0.941713
vn 0.263658 0.362835 0.893776
vn 0.138641 0.426467 0.893815
vn 0.104018 0.319893 0.941727
vn 0.197811 0.272156 0.941702
vn 0.138641 0.426467 0.893815
vn 0.000000 0.448371 0.893847
vn 0.000000 0.336308 0.941752
vn 0.104018 0.319893 0.941727
vn 0.000000 0.448371 0.893847
vn -0.138640 0.426444 0.893826
vn -0.104016 0.319868 0.941735
vn 0.000000 0.336308 0.941752
vn -0.138640 0.426444 0.893826
vn -0.263645 0.362799 0.893794
vn -0.197764 0.272119 0.941722
vn -0.104016 0.319868 0.941735
vn -0.263645 0.362799 0.893794
vn -0.362887 0.263642 0.893760
vn -0.272125 0.197730 0.941728
vn -0.197764 0.272119 0.941722
vn -0.362887 0.263642 0.893760
vn -0.426665 0.138615 0.893724
vn -0.319951 0.104003 0.941708
vn -0.272125 0.197730 0.941728
vn -0.426665 0.138615 0.893724
vn -0.448602 -0.000040 0.893732
vn -0.336405 -0.000060 0.941718
vn -0.319951 0.104003 0.941708
vn -0.448602 -0.000040 0.893732
vn -0.426599 -0.138714 0.893740
vn -0.319908 -0.104056 0.941717
vn -0.336405 -0.000060 0.941718
vn -0.426599 -0.138714 0.893740
vn -0.362840 -0.263678 0.893768
vn -0.272146 -0.197785 0.941710
vn -0.319908 -0.104056 0.941717
vn -0.362840 -0.263678 0.893768
vn -0.263638 -0.362789 0.893800
vn -0.197813 -0.272244 0.941676
vn -0.272146 -0.197785 0.941710
vn -0.263638 -0.362789 0.893800
vn -0.138677 -0.426480 0.893803
vn -0.104048 -0.319865 0.941733
vn -0.197813 -0.272244 0.941676
vn -0.138677 -0.426480 0.893803
vn -0.000029 -0.448440 0.893813
vn 0.000037 -0.336181 0.941797
vn -0.104048 -0.319865 0.941733
vn -0.000029 -0.448440 0.893813
vn 0.138629 -0.426517 0.893793
vn 0.103946 -0.319770 0.941776
vn 0.000037 -0.336181 0.941797
vn 0.103946 -0.319770 0.941776
vn 0.197665 -0.272008 0.941775
vn 0.135307 -0.186292 0.973133
vn 0.071201 -0.218985 0.973127
vn 0.197665 -0.272008 0.941775
vn 0.272161 -0.197602 0.941744
vn 0.186356 -0.135545 0.973087
vn 0.135307 -0.186292 0.973133
vn 0.272161 -0.197602 0.941744
vn 0.319952 -0.103886 0.941721
vn 0.219162 -0.071356 0.973076
vn 0.186356 -0.135545 0.973087
vn 0.319952 -0.103886 0.941721
vn 0.336401 0.000109 0.941719
vn 0.230412 0.000086 0.973093
vn 0.219162 -0.071356 0.973076
vn 0.336401 0.000109 0.941719
vn 0.319959 0.104003 0.941706
vn 0.219141 0.071215 0.973091
vn 0.230412 0.000086 0.973093
vn 0.319959 0.104003 0.941706
vn 0.272200 0.197697 0.941713
vn 0.186432 0.135328 0.973103
vn 0.219141 0.071215 0.973091
vn 0.272200 0.197697 0.941713
vn 0.197811 0.272156 0.941702
vn 0.135439 0.186218 0.973129
vn 0.186432 0.135328 0.973103
vn 0.197811 0.272156 0.941702
vn 0.104018 0.319893 0.941727
vn 0.071211 0.218984 0.973126
vn 0.135439 0.186218 0.973129
vn 0.104018 0.319893 0.941727
vn 0.000000 0.336308 0.941752
vn 0.000000 0.230367 0.973104
vn 0.071211 0.218984 0.973126
vn 0.000000 0.336308 0.941752
vn -0.104016 0.319868 0.941735
vn -0.071211 0.219008 0.973121
vn 0.000000 0.230367 0.973104
vn -0.104016 0.319868 0.941735
vn -0.197764 0.272119 0.941722
vn -0.135437 0.186244 0.973124
vn -0.071211 0.219008 0.973121
vn -0.197764 0.272119 0.941722
vn -0.272125 0.197730 0.941728
vn -0.186383 0.135330 0.973112
vn -0.135437 0.186244 0.973124
vn -0.272125 0.197730 0.941728
vn -0.319951 0.104003 0.941708
vn -0.219061 0.071286 0.973104
vn -0.186383 0.135330 0.973112
vn -0.319951 0.104003 0.941708
vn -0.336405 -0.000060 0.941718
vn -0.230412 0.000001 0.973093
vn -0.219061 0.071286 0.973104
vn -0.336405 -0.000060 0.941718
vn -0.319908 -0.104056 0.941717
vn -0.219255 -0.071370 0.973054
vn -0.230412 0.000001 0.973093
vn -0.319908 -0.104056 0.941717
vn -0.272146 -0.197785 0.941710
vn -0.186543 -0.135570 0.973048
vn -0.219255 -0.071370 0.973054
vn -0.272146 -0.197785 0.941710
vn -0.197813 -0.272244 0.941676
vn -0.135515 -0.186381 0.973087
vn -0.186543 -0.135570 0.973048
vn -0.197813 -0.272244 0.941676
vn -0.104048 -0.319865 0.941733
vn -0.071166 -0.218918 0.973144
vn -0.135515 -0.186381 0.973087
vn -0.104048 -0.319865 0.941733
vn 0.000037 -0.336181 0.941797
vn 0.000131 -0.230244 0.973133
vn -0.071166 -0.218918 0.973144
vn 0.000037 -0.336181 0.941797
vn 0.103946 -0.319770 0.941776
vn 0.071201 -0.218985 0.973127
vn 0.000131 -0.230244 0.973133
vn 0.071201 -0.218985 0.973127
vn 0.135307 -0.186292 0.973133
vn 0.079509 -0.109695 0.990780
vn 0.041898 -0.128895 0.990773
vn 0.135307 -0.186292 0.973133
vn 0.186356 -0.135545 0.973087
vn 0.109558 -0.079981 0.990757
vn 0.079509 -0.109695 0.990780
vn 0.186356 -0.135545 0.973087
vn 0.219162 -0.071356 0.973076
vn 0.129002 -0.041994 0.990755
vn 0.109558 -0.079981 0.990757
vn 0.219162 -0.071356 0.973076
vn 0.230412 0.000086 0.973093
vn 0.135499 0.000130 0.990777
vn 0.129002 -0.041994 0.990755
vn 0.230412 0.000086 0.973093
vn 0.219141 0.071215 0.973091
vn 0.128781 0.041806 0.990791
vn 0.135499 0.000130 0.990777
vn 0.219141 0.071215 0.973091
vn 0.186432 0.135328 0.973103
vn 0.109637 0.079534 0.990785
vn 0.128781 0.041806 0.990791
vn 0.186432 0.135328 0.973103
vn 0.135439 0.186218 0.973129
vn 0.079632 0.109408 0.990802
vn 0.109637 0.079534 0.990785
vn 0.135439 0.186218 0.973129
vn 0.071211 0.218984 0.973126
vn 0.041967 0.128829 0.990778
vn 0.079632 0.109408 0.990802
vn 0.071211 0.218984 0.973126
vn 0.000000 0.230367 0.973104
vn 0.000000 0.135665 0.990755
vn 0.041967 0.128829 0.990778
vn 0.000000 0.230367 0.973104
vn -0.071211 0.219008 0.973121
vn -0.041965 0.129048 0.990750
vn 0.000000 0.135665 0.990755
vn -0.071211 0.219008 0.973121
vn -0.135437 0.186244 0.973124
vn -0.079627 0.109627 0.990778
vn -0.041965 0.129048 0.990750
vn -0.135437 0.186244 0.973124
vn -0.186383 0.135330 0.973112
vn -0.109637 0.079665 0.990774
vn -0.079627 0.109627 0.990778
vn -0.186383 0.135330 0.973112
vn -0.219061 0.071286 0.973104
vn -0.128782 0.041965 0.990785
vn -0.109637 0.079665 0.990774
vn -0.219061 0.071286 0.973104
vn -0.230412 0.000001 0.973093
vn -0.135496 0.000130 0.990778
vn -0.128782 0.041965 0.990785
vn -0.230412 0.000001 0.973093
vn -0.219255 -0.071370 0.973054
vn -0.129007 -0.041704 0.990766
vn -0.135496 0.000130 0.990778
vn -0.219255 -0.071370 0.973054
vn -0.186543 -0.135570 0.973048
vn -0.109590 -0.079662 0.990779
vn -0.129007 -0.041704 0.990766
vn -0.186543 -0.135570 0.973048
vn -0.135515 -0.186381 0.973087
vn -0.079500 -0.109535 0.990799
vn -0.109590 -0.079662 0.990779
vn -0.135515 -0.186381 0.973087
vn -0.071166 -0.218918 0.973144
vn -0.041767 -0.128737 0.990799
vn -0.079500 -0.109535 0.990799
vn -0.071166 -0.218918 0.973144
vn 0.000131 -0.230244 0.973133
vn 0.000095 -0.135487 0.990779
vn -0.041767 -0.128737 0.990799
vn 0.000131 -0.230244 0.973133
vn 0.071201 -0.218985 0.973127
vn 0.041898 -0.128895 0.990773
vn 0.000095 -0.135487 0.990779
vn 0.000102 0.000000 -1.000000
vn 0.000153 -0.000182 -1.000000
vn -0.000000 0.000009 -1.000000
vn 0.000086 0.000191 -1.000000
vn 0.000102 0.000000 -1.000000
vn -0.000000 0.000009 -1.000000
vn 0.000048 0.000191 -1.000000
vn 0.000086 0.000191 -1.000000
vn -0.000000 0.000009 -1.000000
vn 0.000077 0.000000 -1.000000
vn 0.000048 0.000191 -1.000000
vn -0.000000 0.000009 -1.000000
vn 0.000050 -0.000161 -1.000000
vn 0.000077 0.000000 -1.000000
vn -0.000000 0.000009 -1.000000
vn -0.000048 -0.000161 -1.000000
vn 0.000050 -0.000161 -1.000000
vn -0.000000 0.000009 -1.000000
vn -0.000136 -0.000161 -1.000000
vn -0.000048 -0.000161 -1.000000
vn -0.000000 0.000009 -1.000000
vn 0.000084 0.000182 -1.000000
vn -0.000136 -0.000161 -1.000000
vn -0.000000 0.000009 -1.000000
vn -0.000000 0.000207 -1.000000
vn 0.000084 0.000182 -1.000000
vn -0.000000 0.000009 -1.000000
vn -0.000084 0.000157 -1.000000
vn -0.000000 0.000207 -1.000000
vn -0.000000 0.000009 -1.000000
vn 0.000136 -0.000029 -1.000000
vn -0.000084 0.000157 -1.000000
vn -0.000000 0.000009 -1.000000
vn 0.000048 -0.000161 -1.000000
vn 0.000136 -0.000029 -1.000000
vn -0.000000 0.000009 -1.000000
vn -0.000050 -0.000161 -1.000000
vn 0.000048 -0.000161 -1.000000
vn -0.000000 0.000009 -1.000000
vn -0.000077 -0.000161 -1.000000
vn -0.000050 -0.000161 -1.000000
vn -0.000000 0.000009 -1.000000
vn -0.000048 0.000161 -1.000000
vn -0.000077 -0.000161 -1.000000
vn -0.000000 0.000009 -1.000000
vn -0.000086 0.000324 -1.000000
vn -0.000048 0.000161 -1.000000
vn -0.000000 0.000009 -1.000000
vn -0.000163 0.000161 -1.000000
vn -0.000086 0.000324 -1.000000
vn -0.000000 0.000009 -1.000000
vn -0.000100 0.000000 -1.000000
vn -0.000163 0.000161 -1.000000
vn -0.000000 0.000009 -1.000000
vn 0.000109 0.000000 -1.000000
vn -0.000100 0.000000 -1.000000
vn -0.000000 0.000009 -1.000000
vn -0.000000 0.000000 -1.000000
vn -0.000000 0.000000 -1.000000
vn -0.000000 0.000000 -1.000000
vn 0.041898 -0.128895 0.990773
vn 0.079509 -0.109695 0.990780
vn 0.000000 0.000029 1.000000
vn 0.079509 -0.109695 0.990780
vn 0.109558 -0.079981 0.990757
vn 0.000000 0.000029 1.000000
vn 0.109558 -0.079981 0.990757
vn 0.129002 -0.041994 0.990755
vn 0.000000 0.000029 1.000000
vn 0.129002 -0.041994 0.990755
vn 0.135499 0.000130 0.990777
vn 0.000000 0.000029 1.000000
vn 0.135499 0.000130 0.990777
vn 0.128781 0.041806 0.990791
vn 0.000000 0.000029 1.000000
vn 0.128781 0.041806 0.990791
vn 0.109637 0.079534 0.990785
vn 0.000000 0.000029 1.000000
vn 0.109637 0.079534 0.990785
vn 0.079632 0.109408 0.990802
vn 0.000000 0.000029 1.000000
vn 0.079632 0.109408 0.990802
vn 0.041967 0.128829 0.990778
vn 0.000000 0.000029 1.000000
vn 0.041967 0.128829 0.990778
vn 0.000000 0.135665 0.990755
vn 0.000000 0.000029 1.000000
vn 0.000000 0.135665 0.990755
vn -0.041965 0.129048 0.990750
vn 0.000000 0.000029 1.000000
vn -0.041965 0.129048 0.990750
vn -0.079627 0.109627 0.990778
vn 0.000000 0.000029 1.000000
vn -0.079627 0.109627 0.990778
vn -0.109637 0.079665 0.990774
vn 0.000000 0.000029 1.000000
vn -0.109637 0.079665 0.990774
vn -0.128782 0.041965 0.990785
vn 0.000000 0.000029 1.000000
vn -0.128782 0.041965 0.990785
vn -0.135496 0.000130 0.990778
vn 0.000000 0.000029 1.000000
vn -0.135496 0.000130 0.990778
vn -0.129007 -0.041704 0.990766
vn 0.000000 0.000029 1.000000
vn -0.129007 -0.041704 0.990766
vn -0.109590 -0.079662 0.990779
vn 0.000000 0.000029 1.000000
vn -0.109590 -0.079662 0.990779
vn -0.079500 -0.109535 0.990799
vn 0.000000 0.000029 1.000000
vn -0.079500 -0.109535 0.990799
vn -0.041767 -0.128737 0.990799
vn 0.000000 0.000029 1.000000
vn -0.041767 -0.128737 0.990799
vn 0.000095 -0.135487 0.990779
vn 0.000000 0.000029 1.000000
vn 0.000095 -0.135487 0.990779
vn 0.041898 -0.128895 0.990773
vn 0.000000 0.000029 1.000000
vn -0.156602 0.987662 -0.000007
vn -0.156602 0.987662 -0.000007
vn -0.156602 0.987662 -0.000007
vn -0.156602 0.987662 -0.000007
vn 0.587930 -0.808912 -0.000004
vn 0.309136 -0.951018 0.000002
vn 0.309143 -0.951016 0.000002
vn 0.587936 -0.808907 -0.000004
vn 0.809138 -0.587618 0.000004
vn 0.587930 -0.808912 -0.000004
vn 0.587936 -0.808907 -0.000004
vn 0.809134 -0.587625 0.000004
vn 0.951091 -0.308911 0.000010
vn 0.809138 -0.587618 0.000004
vn 0.809134 -0.587625 0.000004
vn 0.951088 -0.308920 0.000010
vn 1.000000 -0.000022 0.000009
vn 0.951091 -0.308911 0.000010
vn 0.951088 -0.308920 0.000010
vn 1.000000 -0.000023 0.000009
vn 0.951094 0.308901 0.000006
vn 1.000000 -0.000022 0.000009
vn 1.000000 -0.000023 0.000009
vn 0.951096 0.308894 0.000006
vn 0.809110 0.587657 -0.000005
vn 0.951094 0.308901 0.000006
vn 0.951096 0.308894 0.000006
vn 0.809110 0.587657 -0.000005
vn 0.587932 0.808910 -0.000010
vn 0.809110 0.587657 -0.000005
vn 0.809110 0.587657 -0.000005
vn 0.587926 0.808914 -0.000010
vn 0.309135 0.951018 -0.000003
vn 0.587932 0.808910 -0.000010
vn 0.587926 0.808914 -0.000010
vn 0.309128 0.951021 -0.000003
vn 0.000010 1.000000 0.000004
vn 0.309135 0.951018 -0.000003
vn 0.309128 0.951021 -0.000003
vn 0.000011 1.000000 0.000004
vn -0.309115 0.951025 0.000008
vn 0.000010 1.000000 0.000004
vn 0.000011 1.000000 0.000004
vn -0.309116 0.951024 0.000008
vn -0.587936 0.808907 0.000004
vn -0.309115 0.951025 0.000008
vn -0.309116 0.951024 0.000008
vn -0.587930 0.808912 0.000004
vn -0.809110 0.587658 0.000001
vn -0.587936 0.808907 0.000004
vn -0.587930 0.808912 0.000004
vn -0.809106 0.587662 0.000001
vn -0.951083 0.308934 0.000002
vn -0.809110 0.587658 0.000001
vn -0.809106 0.587662 0.000001
vn -0.951085 0.308928 0.000002
vn -1.000000 0.000001 0.000001
vn -0.951083 0.308934 0.000002
vn -0.951085 0.308928 0.000002
vn -1.000000 -0.000001 0.000001
vn -0.951092 -0.308909 0.000002
vn -1.000000 0.000001 0.000001
vn -1.000000 -0.000001 0.000001
vn -0.951089 -0.308917 0.000002
vn -0.809129 -0.587631 0.000002
vn -0.951092 -0.308909 0.000002
vn -0.951089 -0.308917 0.000002
vn -0.809129 -0.587632 0.000002
vn -0.587901 -0.808933 -0.000002
vn -0.809129 -0.587631 0.000002
vn -0.809129 -0.587632 0.000002
vn -0.587907 -0.808928 -0.000002
vn -0.309128 -0.951021 -0.000003
vn -0.587901 -0.808933 -0.000002
vn -0.587907 -0.808928 -0.000002
vn -0.309129 -0.951020 -0.000003
vn -0.000015 -1.000000 0.000004
vn -0.309128 -0.951021 -0.000003
vn -0.309129 -0.951020 -0.000003
vn -0.000014 -1.000000 0.000004
vn 0.309136 -0.951018 0.000002
vn -0.000015 -1.000000 0.000004
vn -0.000014 -1.000000 0.000004
vn 0.309143 -0.951016 0.000002
vn -0.951093 -0.308905 0.000000
vn -0.951093 -0.308905 0.000000
vn -0.951093 -0.308905 0.000000
vn -0.951093 -0.308905 0.000000
vn 1.000000 0.000000 -0.000000
vn 1.000000 0.000000 -0.000000
vn 1.000000 0.000000 -0.000000
vn 1.000000 0.000000 -0.000000
vn 0.000000 0.000000 1.000000
vn 0.000000 0.000000 1.000000
vn 0.000000 0.000000 1.000000
vn 0.000000 0.000000 1.000000
vn -0.000000 0.000000 -1.000000
vn -0.000000 0.000000 -1.000000
vn -0.000000 0.000000 -1.000000
vn -0.000000 0.000000 -1.000000
vn 1.000000 0.000000 -0.000000
vn 1.000000 0.000000 -0.000000
vn 1.000000 0.000000 -0.000000
vn 1.000000 0.000000 -0.000000
vn 0.000000 1.000000 0.000000
vn 0.000000 1.000000 0.000000
vn 0.000000 1.000000 0.000000
vn 0.000000 1.000000 0.000000
vn -1.000000 0.000000 0.000000
vn -1.000000 0.000000 0.000000
vn -1.000000 0.000000 0.000000
vn -1.000000 0.000000 0.000000
vn 0.000000 -1.000000 0.000000
vn 0.000000 -1.000000 0.000000
vn 0.000000 -1.000000 0.000000
vn 0.000000 -1.000000 0.000000
vn 0.000000 0.000000 1.000000
vn 0.000000 0.000000 1.000000
vn 0.000000 0.000000 1.000000
vn 0.000000 0.000000 1.000000
vn 0.000000 0.000000 1.000000
vn 0.000000 0.000000 1.000000
vn 0.000000 0.000000 1.000000
vn 0.000000 0.000000 1.000000
vn 0.000000 0.000000 1.000000
vn 0.000000 0.000000 1.000000
vn 0.000000 0.000000 1.000000
vn 0.000000 0.000000 1.000000
vn 0.000000 -0.000064 1.000000
vn 0.000000 -0.000064 1.000000
vn 0.000000 -0.000064 1.000000
vn 0.000000 -0.000064 1.000000
vn -0.590361 0.000000 0.807139
vn -0.590361 0.000000 0.807139
vn -0.590361 0.000000 0.807139
vn -0.590361 0.000000 0.807139
vn 0.000000 -0.640017 0.768361
vn 0.000000 -0.640017 0.768361
vn 0.000000 -0.640017 0.768361
vn 0.000000 -0.640017 0.768361
vn 0.590357 0.000000 0.807142
vn 0.590357 0.000000 0.807142
vn 0.590357 0.000000 0.807142
vn 0.590357 0.000000 0.807142
vn 0.000000 0.639997 0.768378
vn 0.000000 0.639997 0.768378
vn 0.000000 0.639997 0.768378
vn 0.000000 0.639997 0.768378
vn -0.000000 0.000000 -1.000000
vn -0.000000 0.000000 -1.000000
vn -0.000000 0.000000 -1.000000
vn -0.000000 0.000000 -1.000000
vn 0.000000 -1.000000 0.000000
vn 0.000000 -1.000000 0.000000
vn 0.000000 -1.000000 0.000000
vn 0.000000 -1.000000 0.000000
vn 0.000000 -0.000259 1.000000
vn 0.000000 -0.000259 1.000000
vn 0.000000 -0.000259 1.000000
vn 0.000000 -0.000259 1.000000
vn 0.000000 0.639985 0.768387
vn 0.000000 0.639985 0.768387
vn 0.000000 0.639985 0.768387
vn 0.000000 0.639985 0.768387
vn 0.000000 0.000000 1.000000
vn 0.000000 0.000000 1.000000
vn 0.000000 0.000000 1.000000
vn 0.000000 0.000000 1.000000
vn 0.000000 -0.639990 0.768383
vn 0.000000 -0.639990 0.768383
vn 0.000000 -0.639990 0.768383
vn 0.000000 -0.639990 0.768383
vn 0.000000 0.000323 1.000000
vn 0.000000 0.000323 1.000000
vn 0.000000 0.000323 1.000000
vn 0.000000 0.000323 1.000000
vn 0.000000 1.000000 0.000000
vn 0.000000 1.000000 0.000000
vn 0.000000 1.000000 0.000000
vn 0.000000 1.000000 0.000000
vn -0.000000 0.000000 -1.000000
vn -0.000000 0.000000 -1.000000
vn -0.000000 0.000000 -1.000000
vn -0.000000 0.000000 -1.000000
vn 0.000000 -1.000000 0.000000
vn 0.000000 -1.000000 0.000000
vn 0.000000 -1.000000 0.000000
vn 0.000000 -1.000000 0.000000
vn 0.000000 0.000000 1.000000
vn 0.000000 0.000000 1.000000
vn 0.000000 0.000000 1.000000
vn 0.000000 0.000000 1.000000
vn 0.000000 0.640014 0.768363
vn 0.000000 0.640014 0.768363
vn 0.000000 0.640014 0.768363
vn 0.000000 0.640014 0.768363
vn 0.000000 0.000000 1.000000
vn 0.000000 0.000000 1.000000
vn 0.000000 0.000000 1.000000
vn 0.000000 0.000000 1.000000
vn 0.000000 -0.640024 0.768355
vn 0.000000 -0.640024 0.768355
vn 0.000000 -0.640024 0.768355
vn 0.000000 -0.640024 0.768355
vn 0.000000 0.000007 1.000000
vn 0.000000 0.000007 1.000000
vn 0.000000 0.000007 1.000000
vn 0.000000 0.000007 1.000000
vn 0.000000 1.000000 0.000000
vn 0.000000 1.000000 0.000000
vn 0.000000 1.000000 0.000000
vn 0.000000 1.000000 0.000000
vn -0.000000 0.000000 -1.000000
vn -0.000000 0.000000 -1.000000
vn -0.000000 0.000000 -1.000000
vn -0.000000 0.000000 -1.000000
vn -1.000000 0.000000 0.000000
vn -1.000000 0.000000 0.000000
vn -1.000000 0.000000 0.000000
vn -1.000000 0.000000 0.000000
vn 0.000000 0.000000 1.000000
vn 0.000000 0.000000 1.000000
vn 0.000000 0.000000 1.000000
vn 0.000000 0.000000 1.000000
vn 0.590360 0.000000 0.807140
vn 0.590360 0.000000 0.807140
vn 0.590360 0.000000 0.807140
vn 0.590360 0.000000 0.807140
vn 0.000000 0.000000 1.000000
vn 0.000000 0.000000 1.000000
vn 0.000000 0.000000 1.000000
vn 0.000000 0.000000 1.000000
vn 0.000000 0.000000 1.000000
vn 0.000000 0.000000 1.000000
vn 0.000000 0.000000 1.000000
vn 0.000000 0.000000 1.000000
vn 0.000000 0.000000 1.000000
vn 0.000000 0.000000 1.000000
vn 0.000000 0.000000 1.000000
vn 0.000000 0.000000 1.000000
vn -0.590362 0.000000 0.807138
vn -0.590362 0.000000 0.807138
vn -0.590362 0.000000 0.807138
vn -0.590362 0.000000 0.807138
vn 0.000000 0.000000 1.000000
vn 0.000000 0.000000 1.000000
vn 0.000000 0.000000 1.000000
vn 0.000000 0.000000 1.000000
vn 1.000000 0.000000 -0.000000
vn 1.000000 0.000000 -0.000000
vn 1.000000 0.000000 -0.000000
vn 1.000000 0.000000 -0.000000
vn -0.000000 0.000000 -1.000000
vn -0.000000 0.000000 -1.000000
vn -0.000000 0.000000 -1.000000
vn -0.000000 0.000000 -1.000000
vn -0.000000 0.000000 -1.000000
vn -0.000000 0.000000 -1.000000
vn -0.000000 0.000000 -1.000000
vn -0.000000 0.000000 -1.000000
vn -0.000000 0.000000 -1.000000
vn -0.000000 0.000000 -1.000000
vn -0.000000 0.000000 -1.000000
vn -0.000000 0.000000 -1.000000
vn -1.000000 0.000000 0.000000
vn -1.000000 0.000000 0.000000
vn -1.000000 0.000000 0.000000
vn -1.000000 0.000000 0.000000
vn 0.000000 0.000000 1.000000
vn 0.000000 0.000000 1.000000
vn 0.000000 0.000000 1.000000
vn 0.000000 0.000000 1.000000
vn 0.590358 0.000000 0.807142
vn 0.590358 0.000000 0.807142
vn 0.590358 0.000000 0.807142
vn 0.590358 0.000000 0.807142
vn 0.000000 0.000000 1.000000
vn 0.000000 0.000000 1.000000
vn 0.000000 0.000000 1.000000
vn 0.000000 0.000000 1.000000
vn 0.000000 0.000000 1.000000
vn 0.000000 0.000000 1.000000
vn 0.000000 0.000000 1.000000
vn 0.000000 0.000000 1.000000
vn 0.000000 0.000000 1.000000
vn 0.000000 0.000000 1.000000
vn 0.000000 0.000000 1.000000
vn 0.000000 0.000000 1.000000
vn -0.590358 0.000000 0.807141
vn -0.590358 0.000000 0.807141
vn -0.590358 0.000000 0.807141
vn -0.590358 0.000000 0.807141
vn 0.000000 0.000000 1.000000
vn 0.000000 0.000000 1.000000
vn 0.000000 0.000000 1.000000
vn 0.000000 0.000000 1.000000
vn 1.000000 0.000000 -0.000000
vn 1.000000 0.000000 -0.000000
vn 1.000000 0.000000 -0.000000
vn 1.000000 0.000000 -0.000000
vn -0.000000 0.000000 -1.000000
vn -0.000000 0.000000 -1.000000
vn -0.000000 0.000000 -1.000000
vn -0.000000 0.000000 -1.000000
vn -0.000000 0.000000 -1.000000
vn -0.000000 0.000000 -1.000000
vn -0.000000 0.000000 -1.000000
vn -0.000000 0.000000 -1.000000
vn 0.000000 -1.000000 0.000000
vn 0.000000 -1.000000 0.000000
vn 0.000000 -1.000000 0.000000
vn 0.000000 -1.000000 0.000000
vn -1.000000 0.000000 0.000000
vn -1.000000 0.000000 0.000000
vn -1.000000 0.000000 0.000000
vn -1.000000 0.000000 0.000000
vn 0.000000 1.000000 0.000000
vn 0.000000 1.000000 0.000000
vn 0.000000 1.000000 0.000000
vn 0.000000 1.000000 0.000000
vn 1.000000 0.000000 -0.000000
vn 1.000000 0.000000 -0.000000
vn 1.000000 0.000000 -0.000000
vn 1.000000 0.000000 -0.000000
vn 0.000000 1.000000 0.000000
vn 0.000000 1.000000 0.000000
vn 0.000000 1.000000 0.000000
vn 0.000000 1.000000 0.000000
vn -0.000002 1.000000 0.000000
vn -0.000002 1.000000 0.000000
vn -0.000002 1.000000 0.000000
vn -0.000002 1.000000 0.000000
vn 0.000000 1.000000 0.000000
vn 0.000000 1.000000 0.000000
vn 0.000000 1.000000 0.000000
vn 0.000000 1.000000 0.000000
vn 0.000002 1.000000 -0.000000
vn 0.000002 1.000000 -0.000000
vn 0.000002 1.000000 -0.000000
vn 0.000002 1.000000 -0.000000
vn -0.000000 0.000000 -1.000000
vn -0.000000 0.000000 -1.000000
vn -0.000000 0.000000 -1.000000
vn -0.000000 0.000000 -1.000000
vn -1.000000 0.000000 0.000000
vn -1.000000 0.000000 0.000000
vn -1.000000 0.000000 0.000000
vn -1.000000 0.000000 0.000000
vn 0.000000 0.000000 1.000000
vn 0.000000 0.000000 1.000000
vn 0.000000 0.000000 1.000000
vn 0.000000 0.000000 1.000000
vn 1.000000 0.000000 -0.000000
vn 1.000000 0.000000 -0.000000
vn 1.000000 0.000000 -0.000000
vn 1.000000 0.000000 -0.000000
s off
g nightstand_drawer
usemtl initialShadingGroup
f 1215/961/1227 1216/962/1228 1217/963/1229 1218/964/1230
f 1216/962/1231 1219/965/1232 1220/966/1233 1217/963/1234
f 1219/965/1235 1221/967/1236 1222/968/1237 1220/966/1238
f 1221/967/1239 1223/969/1240 1224/970/1241 1222/968/1242
f 1223/969/1243 1225/971/1244 1226/972/1245 1224/970/1246
f 1225/971/1247 1227/973/1248 1228/974/1249 1226/972/1250
f 1227/973/1251 1229/975/1252 1230/976/1253 1228/974/1254
f 1229/975/1255 1231/977/1256 1232/978/1257 1230/976/1258
f 1231/977/1259 1233/979/1260 1234/980/1261 1232/978/1262
f 1233/979/1263 1235/981/1264 1236/982/1265 1234/980/1266
f 1235/981/1267 1237/983/1268 1238/984/1269 1236/982/1270
f 1237/983/1271 1239/985/1272 1240/986/1273 1238/984/1274
f 1239/985/1275 1241/987/1276 1242/988/1277 1240/986/1278
f 1241/987/1279 1243/989/1280 1244/990/1281 1242/988/1282
f 1243/989/1283 1245/991/1284 1246/992/1285 1244/990/1286
f 1245/991/1287 1247/993/1288 1248/994/1289 1246/992/1290
f 1247/993/1291 1249/995/1292 1250/996/1293 1248/994/1294
f 1249/995/1295 1251/997/1296 1252/998/1297 1250/996/1298
f 1251/997/1299 1253/999/1300 1254/1000/1301 1252/998/1302
f 1253/999/1303 1215/1001/1304 1218/1002/1305 1254/1000/1306
f 1218/964/1307 1217/963/1308 1255/1003/1309 1256/1004/1310
f 1217/963/1311 1220/966/1312 1257/1005/1313 1255/1003/1314
f 1220/966/1315 1222/968/1316 1258/1006/1317 1257/1005/1318
f 1222/968/1319 1224/970/1320 1259/1007/1321 1258/1006/1322
f 1224/970/1323 1226/972/1324 1260/1008/1325 1259/1007/1326
f 1226/972/1327 1228/974/1328 1261/1009/1329 1260/1008/1330
f 1228/974/1331 1230/976/1332 1262/1010/1333 1261/1009/1334
f 1230/976/1335 1232/978/1336 1263/1011/1337 1262/1010/1338
f 1232/978/1339 1234/980/1340 1264/1012/1341 1263/1011/1342
f 1234/980/1343 1236/982/1344 1265/1013/1345 1264/1012/1346
f 1236/982/1347 1238/984/1348 1266/1014/1349 1265/1013/1350
f 1238/984/1351 1240/986/1352 1267/1015/1353 1266/1014/1354
f 1240/986/1355 1242/988/1356 1268/1016/1357 1267/1015/1358
f 1242/988/1359 1244/990/1360 1269/1017/1361 1268/1016/1362
f 1244/990/1363 1246/992/1364 1270/1018/1365 1269/1017/1366
f 1246/992/1367 1248/994/1368 1271/1019/1369 1270/1018/1370
f 1248/994/1371 1250/996/1372 1272/1020/1373 1271/1019/1374
f 1250/996/1375 1252/998/1376 1273/1021/1377 1272/1020/1378
f 1252/998/1379 1254/1000/1380 1274/1022/1381 1273/1021/1382
f 1254/1000/1383 1218/1002/1384 1256/1023/1385 1274/1022/1386
f 1256/1004/1387 1255/1003/1388 1275/1024/1389 1276/1025/1390
f 1255/1003/1391 1257/1005/1392 1277/1026/1393 1275/1024/1394
f 1257/1005/1395 1258/1006/1396 1278/1027/1397 1277/1026/1398
f 1258/1006/1399 1259/1007/1400 1279/1028/1401 1278/1027/1402
f 1259/1007/1403 1260/1008/1404 1280/1029/1405 1279/1028/1406
f 1260/1008/1407 1261/1009/1408 1281/1030/1409 1280/1029/1410
f 1261/1009/1411 1262/1010/1412 1282/1031/1413 1281/1030/1414
f 1262/1010/1415 1263/1011/1416 1283/1032/1417 1282/1031/1418
f 1263/1011/1419 1264/1012/1420 1284/1033/1421 1283/1032/1422
f 1264/1012/1423 1265/1013/1424 1285/1034/1425 1284/1033/1426
f 1265/1013/1427 1266/1014/1428 1286/1035/1429 1285/1034/1430
f 1266/1014/1431 1267/1015/1432 1287/1036/1433 1286/1035/1434
f 1267/1015/1435 1268/1016/1436 1288/1037/1437 1287/1036/1438
f 1268/1016/1439 1269/1017/1440 1289/1038/1441 1288/1037/1442
f 1269/1017/1443 1270/1018/1444 1290/1039/1445 1289/1038/1446
f 1270/1018/1447 1271/1019/1448 1291/1040/1449 1290/1039/1450
f 1271/1019/1451 1272/1020/1452 1292/1041/1453 1291/1040/1454
f 1272/1020/1455 1273/1021/1456 1293/1042/1457 1292/1041/1458
f 1273/1021/1459 1274/1022/1460 1294/1043/1461 1293/1042/1462
f 1274/1022/1463 1256/1023/1464 1276/1044/1465 1294/1043/1466
f 1276/1025/1467 1275/1024/1468 1295/1045/1469 1296/1046/1470
f 1275/1024/1471 1277/1026/1472 1297/1047/1473 1295/1045/1474
f 1277/1026/1475 1278/1027/1476 1298/1048/1477 1297/1047/1478
f 1278/1027/1479 1279/1028/1480 1299/1049/1481 1298/1048/1482
f 1279/1028/1483 1280/1029/1484 1300/1050/1485 1299/1049/1486
f 1280/1029/1487 1281/1030/1488 1301/1051/1489 1300/1050/1490
f 1281/1030/1491 1282/1031/1492 1302/1052/1493 1301/1051/1494
f 1282/1031/1495 1283/1032/1496 1303/1053/1497 1302/1052/1498
f 1283/1032/1499 1284/1033/1500 1304/1054/1501 1303/1053/1502
f 1284/1033/1503 1285/1034/1504 1305/1055/1505 1304/1054/1506
f 1285/1034/1507 1286/1035/1508 1306/1056/1509 1305/1055/1510
f 1286/1035/1511 1287/1036/1512 1307/1057/1513 1306/1056/1514
f 1287/1036/1515 1288/1037/1516 1308/1058/1517 1307/1057/1518
f 1288/1037/1519 1289/1038/1520 1309/1059/1521 1308/1058/1522
f 1289/1038/1523 1290/1039/1524 1310/1060/1525 1309/1059/1526
f 1290/1039/1527 1291/1040/1528 1311/1061/1529 1310/1060/1530
f 1291/1040/1531 1292/1041/1532 1312/1062/1533 1311/1061/1534
f 1292/1041/1535 1293/1042/1536 1313/1063/1537 1312/1062/1538
f 1293/1042/1539 1294/1043/1540 1314/1064/1541 1313/1063/1542
f 1294/1043/1543 1276/1044/1544 1296/1065/1545 1314/1064/1546
f 913/1066/1547 914/1067/1548 934/1068/1549 933/1069/1550
f 914/1067/1551 915/1070/1552 935/1071/1553 934/1068/1554
f 915/1070/1555 916/1072/1556 936/1073/1557 935/1071/1558
f 916/1072/1559 917/1074/1560 937/1075/1561 936/1073/1562
f 917/1074/1563 918/1076/1564 938/1077/1565 937/1075/1566
f 918/1076/1567 919/1078/1568 939/1079/1569 938/1077/1570
f 919/1078/1571 920/1080/1572 940/1081/1573 939/1079/1574
f 920/1080/1575 921/1082/1576 941/1083/1577 940/1081/1578
f 921/1082/1579 922/1084/1580 942/1085/1581 941/1083/1582
f 922/1084/1583 923/1086/1584 943/1087/1585 942/1085/1586
f 923/1086/1587 924/1088/1588 944/1089/1589 943/1087/1590
f 924/1088/1591 925/1090/1592 945/1091/1593 944/1089/1594
f 925/1090/1595 926/1092/1596 946/1093/1597 945/1091/1598
f 926/1092/1599 927/1094/1600 947/1095/1601 946/1093/1602
f 927/1094/1603 928/1096/1604 948/1097/1605 947/1095/1606
f 928/1096/1607 929/1098/1608 949/1099/1609 948/1097/1610
f 929/1098/1611 930/1100/1612 950/1101/1613 949/1099/1614
f 930/1100/1615 931/1102/1616 951/1103/1617 950/1101/1618
f 931/1102/1619 932/1104/1620 952/1105/1621 951/1103/1622
f 932/1104/1623 913/1106/1624 933/1107/1625 952/1105/1626
f 933/1069/1627 934/1068/1628 954/1108/1629 953/1109/1630
f 934/1068/1631 935/1071/1632 955/1110/1633 954/1108/1634
f 935/1071/1635 936/1073/1636 956/1111/1637 955/1110/1638
f 936/1073/1639 937/1075/1640 957/1112/1641 956/1111/1642
f 937/1075/1643 938/1077/1644 958/1113/1645 957/1112/1646
f 938/1077/1647 939/1079/1648 959/1114/1649 958/1113/1650
f 939/1079/1651 940/1081/1652 960/1115/1653 959/1114/1654
f 940/1081/1655 941/1083/1656 961/1116/1657 960/1115/1658
f 941/1083/1659 942/1085/1660 962/1117/1661 961/1116/1662
f 942/1085/1663 943/1087/1664 963/1118/1665 962/1117/1666
f 943/1087/1667 944/1089/1668 964/1119/1669 963/1118/1670
f 944/1089/1671 945/1091/1672 965/1120/1673 964/1119/1674
f 945/1091/1675 946/1093/1676 966/1121/1677 965/1120/1678
f 946/1093/1679 947/1095/1680 967/1122/1681 966/1121/1682
f 947/1095/1683 948/1097/1684 968/1123/1685 967/1122/1686
f 948/1097/1687 949/1099/1688 969/1124/1689 968/1123/1690
f 949/1099/1691 950/1101/1692 970/1125/1693 969/1124/1694
f 950/1101/1695 951/1103/1696 971/1126/1697 970/1125/1698
f 951/1103/1699 952/1105/1700 972/1127/1701 971/1126/1702
f 952/1105/1703 933/1107/1704 953/1128/1705 972/1127/1706
f 953/1109/1707 954/1108/1708 974/1129/1709 973/1130/1710
f 954/1108/1711 955/1110/1712 975/1131/1713 974/1129/1714
f 955/1110/1715 956/1111/1716 976/1132/1717 975/1131/1718
f 956/1111/1719 957/1112/1720 977/1133/1721 976/1132/1722
f 957/1112/1723 958/1113/1724 978/1134/1725 977/1133/1726
f 958/1113/1727 959/1114/1728 979/1135/1729 978/1134/1730
f 959/1114/1731 960/1115/1732 980/1136/1733 979/1135/1734
f 960/1115/1735 961/1116/1736 981/1137/1737 980/1136/1738
f 961/1116/1739 962/1117/1740 982/1138/1741 981/1137/1742
f 962/1117/1743 963/1118/1744 983/1139/1745 982/1138/1746
f 963/1118/1747 964/1119/1748 984/1140/1749 983/1139/1750
f 964/1119/1751 965/1120/1752 985/1141/1753 984/1140/1754
f 965/1120/1755 966/1121/1756 986/1142/1757 985/1141/1758
f 966/1121/1759 967/1122/1760 987/1143/1761 986/1142/1762
f 967/1122/1763 968/1123/1764 988/1144/1765 987/1143/1766
f 968/1123/1767 969/1124/1768 989/1145/1769 988/1144/1770
f 969/1124/1771 970/1125/1772 990/1146/1773 989/1145/1774
f 970/1125/1775 971/1126/1776 991/1147/1777 990/1146/1778
f 971/1126/1779 972/1127/1780 992/1148/1781 991/1147/1782
f 972/1127/1783 953/1128/1784 973/1149/1785 992/1148/1786
f 973/1130/1787 974/1129/1788 994/1150/1789 993/1151/1790
f 974/1129/1791 975/1131/1792 995/1152/1793 994/1150/1794
f 975/1131/1795 976/1132/1796 996/1153/1797 995/1152/1798
f 976/1132/1799 977/1133/1800 997/1154/1801 996/1153/1802
f 977/1133/1803 978/1134/1804 998/1155/1805 997/1154/1806
f 978/1134/1807 979/1135/1808 999/1156/1809 998/1155/1810
f 979/1135/1811 980/1136/1812 1000/1157/1813 999/1156/1814
f 980/1136/1815 981/1137/1816 1001/1158/1817 1000/1157/1818
f 981/1137/1819 982/1138/1820 1002/1159/1821 1001/1158/1822
f 982/1138/1823 983/1139/1824 1003/1160/1825 1002/1159/1826
f 983/1139/1827 984/1140/1828 1004/1161/1829 1003/1160/1830
f 984/1140/1831 985/1141/1832 1005/1162/1833 1004/1161/1834
f 985/1141/1835 986/1142/1836 1006/1163/1837 1005/1162/1838
f 986/1142/1839 987/1143/1840 1007/1164/1841 1006/1163/1842
f 987/1143/1843 988/1144/1844 1008/1165/1845 1007/1164/1846
f 988/1144/1847 989/1145/1848 1009/1166/1849 1008/1165/1850
f 989/1145/1851 990/1146/1852 1010/1167/1853 1009/1166/1854
f 990/1146/1855 991/1147/1856 1011/1168/1857 1010/1167/1858
f 991/1147/1859 992/1148/1860 1012/1169/1861 1011/1168/1862
f 992/1148/1863 973/1149/1864 993/1170/1865 1012/1169/1866
f 993/1151/1867 994/1150/1868 1014/1171/1869 1013/1172/1870
f 994/1150/1871 995/1152/1872 1015/1173/1873 1014/1171/1874
f 995/1152/1875 996/1153/1876 1016/1174/1877 1015/1173/1878
f 996/1153/1879 997/1154/1880 1017/1175/1881 1016/1174/1882
f 997/1154/1883 998/1155/1884 1018/1176/1885 1017/1175/1886
f 998/1155/1887 999/1156/1888 1019/1177/1889 1018/1176/1890
f 999/1156/1891 1000/1157/1892 1020/1178/1893 1019/1177/1894
f 1000/1157/1895 1001/1158/1896 1021/1179/1897 1020/1178/1898
f 1001/1158/1899 1002/1159/1900 1022/1180/1901 1021/1179/1902
f 1002/1159/1903 1003/1160/1904 1023/1181/1905 1022/1180/1906
f 1003/1160/1907 1004/1161/1908 1024/1182/1909 1023/1181/1910
f 1004/1161/1911 1005/1162/1912 1025/1183/1913 1024/1182/1914
f 1005/1162/1915 1006/1163/1916 1026/1184/1917 1025/1183/1918
f 1006/1163/1919 1007/1164/1920 1027/1185/1921 1026/1184/1922
f 1007/1164/1923 1008/1165/1924 1028/1186/1925 1027/1185/1926
f 1008/1165/1927 1009/1166/1928 1029/1187/1929 1028/1186/1930
f 1009/1166/1931 1010/1167/1932 1030/1188/1933 1029/1187/1934
f 1010/1167/1935 1011/1168/1936 1031/1189/1937 1030/1188/1938
f 1011/1168/1939 1012/1169/1940 1032/1190/1941 1031/1189/1942
f 1012/1169/1943 993/1170/1944 1013/1191/1945 1032/1190/1946
f 1013/1172/1947 1014/1171/1948 1034/1192/1949 1033/1193/1950
f 1014/1171/1951 1015/1173/1952 1035/1194/1953 1034/1192/1954
f 1015/1173/1955 1016/1174/1956 1036/1195/1957 1035/1194/1958
f 1016/1174/1959 1017/1175/1960 1037/1196/1961 1036/1195/1962
f 1017/1175/1963 1018/1176/1964 1038/1197/1965 1037/1196/1966
f 1018/1176/1967 1019/1177/1968 1039/1198/1969 1038/1197/1970
f 1019/1177/1971 1020/1178/1972 1040/1199/1973 1039/1198/1974
f 1020/1178/1975 1021/1179/1976 1041/1200/1977 1040/1199/1978
f 1021/1179/1979 1022/1180/1980 1042/1201/1981 1041/1200/1982
f 1022/1180/1983 1023/1181/1984 1043/1202/1985 1042/1201/1986
f 1023/1181/1987 1024/1182/1988 1044/1203/1989 1043/1202/1990
f 1024/1182/1991 1025/1183/1992 1045/1204/1993 1044/1203/1994
f 1025/1183/1995 1026/1184/1996 1046/1205/1997 1045/1204/1998
f 1026/1184/1999 1027/1185/2000 1047/1206/2001 1046/1205/2002
f 1027/1185/2003 1028/1186/2004 1048/1207/2005 1047/1206/2006
f 1028/1186/2007 1029/1187/2008 1049/1208/2009 1048/1207/2010
f 1029/1187/2011 1030/1188/2012 1050/1209/2013 1049/1208/2014
f 1030/1188/2015 1031/1189/2016 1051/1210/2017 1050/1209/2018
f 1031/1189/2019 1032/1190/2020 1052/1211/2021 1051/1210/2022
f 1032/1190/2023 1013/1191/2024 1033/1212/2025 1052/1211/2026
f 1033/1193/2027 1034/1192/2028 1054/1213/2029 1053/1214/2030
f 1034/1192/2031 1035/1194/2032 1055/1215/2033 1054/1213/2034
f 1035/1194/2035 1036/1195/2036 1056/1216/2037 1055/1215/2038
f 1036/1195/2039 1037/1196/2040 1057/1217/2041 1056/1216/2042
f 1037/1196/2043 1038/1197/2044 1058/1218/2045 1057/1217/2046
f 1038/1197/2047 1039/1198/2048 1059/1219/2049 1058/1218/2050
f 1039/1198/2051 1040/1199/2052 1060/1220/2053 1059/1219/2054
f 1040/1199/2055 1041/1200/2056 1061/1221/2057 1060/1220/2058
f 1041/1200/2059 1042/1201/2060 1062/1222/2061 1061/1221/2062
f 1042/1201/2063 1043/1202/2064 1063/1223/2065 1062/1222/2066
f 1043/1202/2067 1044/1203/2068 1064/1224/2069 1063/1223/2070
f 1044/1203/2071 1045/1204/2072 1065/1225/2073 1064/1224/2074
f 1045/1204/2075 1046/1205/2076 1066/1226/2077 1065/1225/2078
f 1046/1205/2079 1047/1206/2080 1067/1227/2081 1066/1226/2082
f 1047/1206/2083 1048/1207/2084 1068/1228/2085 1067/1227/2086
f 1048/1207/2087 1049/1208/2088 1069/1229/2089 1068/1228/2090
f 1049/1208/2091 1050/1209/2092 1070/1230/2093 1069/1229/2094
f 1050/1209/2095 1051/1210/2096 1071/1231/2097 1070/1230/2098
f 1051/1210/2099 1052/1211/2100 1072/1232/2101 1071/1231/2102
f 1052/1211/2103 1033/1212/2104 1053/1233/2105 1072/1232/2106
f 1053/1214/2107 1054/1213/2108 1074/1234/2109 1073/1235/2110
f 1054/1213/2111 1055/1215/2112 1075/1236/2113 1074/1234/2114
f 1055/1215/2115 1056/1216/2116 1076/1237/2117 1075/1236/2118
f 1056/1216/2119 1057/1217/2120 1077/1238/2121 1076/1237/2122
f 1057/1217/2123 1058/1218/2124 1078/1239/2125 1077/1238/2126
f 1058/1218/2127 1059/1219/2128 1079/1240/2129 1078/1239/2130
f 1059/1219/2131 1060/1220/2132 1080/1241/2133 1079/1240/2134
f 1060/1220/2135 1061/1221/2136 1081/1242/2137 1080/1241/2138
f 1061/1221/2139 1062/1222/2140 1082/1243/2141 1081/1242/2142
f 1062/1222/2143 1063/1223/2144 1083/1244/2145 1082/1243/2146
f 1063/1223/2147 1064/1224/2148 1084/1245/2149 1083/1244/2150
f 1064/1224/2151 1065/1225/2152 1085/1246/2153 1084/1245/2154
f 1065/1225/2155 1066/1226/2156 1086/1247/2157 1085/1246/2158
f 1066/1226/2159 1067/1227/2160 1087/1248/2161 1086/1247/2162
f 1067/1227/2163 1068/1228/2164 1088/1249/2165 1087/1248/2166
f 1068/1228/2167 1069/1229/2168 1089/1250/2169 1088/1249/2170
f 1069/1229/2171 1070/1230/2172 1090/1251/2173 1089/1250/2174
f 1070/1230/2175 1071/1231/2176 1091/1252/2177 1090/1251/2178
f 1071/1231/2179 1072/1232/2180 1092/1253/2181 1091/1252/2182
f 1072/1232/2183 1053/1233/2184 1073/1254/2185 1092/1253/2186
f 1073/1235/2187 1074/1234/2188 1094/1255/2189 1093/1256/2190
f 1074/1234/2191 1075/1236/2192 1095/1257/2193 1094/1255/2194
f 1075/1236/2195 1076/1237/2196 1096/1258/2197 1095/1257/2198
f 1076/1237/2199 1077/1238/2200 1097/1259/2201 1096/1258/2202
f 1077/1238/2203 1078/1239/2204 1098/1260/2205 1097/1259/2206
f 1078/1239/2207 1079/1240/2208 1099/1261/2209 1098/1260/2210
f 1079/1240/2211 1080/1241/2212 1100/1262/2213 1099/1261/2214
f 1080/1241/2215 1081/1242/2216 1101/1263/2217 1100/1262/2218
f 1081/1242/2219 1082/1243/2220 1102/1264/2221 1101/1263/2222
f 1082/1243/2223 1083/1244/2224 1103/1265/2225 1102/1264/2226
f 1083/1244/2227 1084/1245/2228 1104/1266/2229 1103/1265/2230
f 1084/1245/2231 1085/1246/2232 1105/1267/2233 1104/1266/2234
f 1085/1246/2235 1086/1247/2236 1106/1268/2237 1105/1267/2238
f 1086/1247/2239 1087/1248/2240 1107/1269/2241 1106/1268/2242
f 1087/1248/2243 1088/1249/2244 1108/1270/2245 1107/1269/2246
f 1088/1249/2247 1089/1250/2248 1109/1271/2249 1108/1270/2250
f 1089/1250/2251 1090/1251/2252 1110/1272/2253 1109/1271/2254
f 1090/1251/2255 1091/1252/2256 1111/1273/2257 1110/1272/2258
f 1091/1252/2259 1092/1253/2260 1112/1274/2261 1111/1273/2262
f 1092/1253/2263 1073/1254/2264 1093/1275/2265 1112/1274/2266
f 1093/1256/2267 1094/1255/2268 1114/1276/2269 1113/1277/2270
f 1094/1255/2271 1095/1257/2272 1115/1278/2273 1114/1276/2274
f 1095/1257/2275 1096/1258/2276 1116/1279/2277 1115/1278/2278
f 1096/1258/2279 1097/1259/2280 1117/1280/2281 1116/1279/2282
f 1097/1259/2283 1098/1260/2284 1118/1281/2285 1117/1280/2286
f 1098/1260/2287 1099/1261/2288 1119/1282/2289 1118/1281/2290
f 1099/1261/2291 1100/1262/2292 1120/1283/2293 1119/1282/2294
f 1100/1262/2295 1101/1263/2296 1121/1284/2297 1120/1283/2298
f 1101/1263/2299 1102/1264/2300 1122/1285/2301 1121/1284/2302
f 1102/1264/2303 1103/1265/2304 1123/1286/2305 1122/1285/2306
f 1103/1265/2307 1104/1266/2308 1124/1287/2309 1123/1286/2310
f 1104/1266/2311 1105/1267/2312 1125/1288/2313 1124/1287/2314
f 1105/1267/2315 1106/1268/2316 1126/1289/2317 1125/1288/2318
f 1106/1268/2319 1107/1269/2320 1127/1290/2321 1126/1289/2322
f 1107/1269/2323 1108/1270/2324 1128/1291/2325 1127/1290/2326
f 1108/1270/2327 1109/1271/2328 1129/1292/2329 1128/1291/2330
f 1109/1271/2331 1110/1272/2332 1130/1293/2333 1129/1292/2334
f 1110/1272/2335 1111/1273/2336 1131/1294/2337 1130/1293/2338
f 1111/1273/2339 1112/1274/2340 1132/1295/2341 1131/1294/2342
f 1112/1274/2343 1093/1275/2344 1113/1296/2345 1132/1295/2346
f 1113/1277/2347 1114/1276/2348 1134/1297/2349 1133/1298/2350
f 1114/1276/2351 1115/1278/2352 1135/1299/2353 1134/1297/2354
f 1115/1278/2355 1116/1279/2356 1136/1300/2357 1135/1299/2358
f 1116/1279/2359 1117/1280/2360 1137/1301/2361 1136/1300/2362
f 1117/1280/2363 1118/1281/2364 1138/1302/2365 1137/1301/2366
f 1118/1281/2367 1119/1282/2368 1139/1303/2369 1138/1302/2370
f 1119/1282/2371 1120/1283/2372 1140/1304/2373 1139/1303/2374
f 1120/1283/2375 1121/1284/2376 1141/1305/2377 1140/1304/2378
f 1121/1284/2379 1122/1285/2380 1142/1306/2381 1141/1305/2382
f 1122/1285/2383 1123/1286/2384 1143/1307/2385 1142/1306/2386
f 1123/1286/2387 1124/1287/2388 1144/1308/2389 1143/1307/2390
f 1124/1287/2391 1125/1288/2392 1145/1309/2393 1144/1308/2394
f 1125/1288/2395 1126/1289/2396 1146/1310/2397 1145/1309/2398
f 1126/1289/2399 1127/1290/2400 1147/1311/2401 1146/1310/2402
f 1127/1290/2403 1128/1291/2404 1148/1312/2405 1147/1311/2406
f 1128/1291/2407 1129/1292/2408 1149/1313/2409 1148/1312/2410
f 1129/1292/2411 1130/1293/2412 1150/1314/2413 1149/1313/2414
f 1130/1293/2415 1131/1294/2416 1151/1315/2417 1150/1314/2418
f 1131/1294/2419 1132/1295/2420 1152/1316/2421 1151/1315/2422
f 1132/1295/2423 1113/1296/2424 1133/1317/2425 1152/1316/2426
f 1133/1298/2427 1134/1297/2428 1154/1318/2429 1153/1319/2430
f 1134/1297/2431 1135/1299/2432 1155/1320/2433 1154/1318/2434
f 1135/1299/2435 1136/1300/2436 1156/1321/2437 1155/1320/2438
f 1136/1300/2439 1137/1301/2440 1157/1322/2441 1156/1321/2442
f 1137/1301/2443 1138/1302/2444 1158/1323/2445 1157/1322/2446
f 1138/1302/2447 1139/1303/2448 1159/1324/2449 1158/1323/2450
f 1139/1303/2451 1140/1304/2452 1160/1325/2453 1159/1324/2454
f 1140/1304/2455 1141/1305/2456 1161/1326/2457 1160/1325/2458
f 1141/1305/2459 1142/1306/2460 1162/1327/2461 1161/1326/2462
f 1142/1306/2463 1143/1307/2464 1163/1328/2465 1162/1327/2466
f 1143/1307/2467 1144/1308/2468 1164/1329/2469 1163/1328/2470
f 1144/1308/2471 1145/1309/2472 1165/1330/2473 1164/1329/2474
f 1145/1309/2475 1146/1310/2476 1166/1331/2477 1165/1330/2478
f 1146/1310/2479 1147/1311/2480 1167/1332/2481 1166/1331/2482
f 1147/1311/2483 1148/1312/2484 1168/1333/2485 1167/1332/2486
f 1148/1312/2487 1149/1313/2488 1169/1334/2489 1168/1333/2490
f 1149/1313/2491 1150/1314/2492 1170/1335/2493 1169/1334/2494
f 1150/1314/2495 1151/1315/2496 1171/1336/2497 1170/1335/2498
f 1151/1315/2499 1152/1316/2500 1172/1337/2501 1171/1336/2502
f 1152/1316/2503 1133/1317/2504 1153/1338/2505 1172/1337/2506
f 1153/1319/2507 1154/1318/2508 1174/1339/2509 1173/1340/2510
f 1154/1318/2511 1155/1320/2512 1175/1341/2513 1174/1339/2514
f 1155/1320/2515 1156/1321/2516 1176/1342/2517 1175/1341/2518
f 1156/1321/2519 1157/1322/2520 1177/1343/2521 1176/1342/2522
f 1157/1322/2523 1158/1323/2524 1178/1344/2525 1177/1343/2526
f 1158/1323/2527 1159/1324/2528 1179/1345/2529 1178/1344/2530
f 1159/1324/2531 1160/1325/2532 1180/1346/2533 1179/1345/2534
f 1160/1325/2535 1161/1326/2536 1181/1347/2537 1180/1346/2538
f 1161/1326/2539 1162/1327/2540 1182/1348/2541 1181/1347/2542
f 1162/1327/2543 1163/1328/2544 1183/1349/2545 1182/1348/2546
f 1163/1328/2547 1164/1329/2548 1184/1350/2549 1183/1349/2550
f 1164/1329/2551 1165/1330/2552 1185/1351/2553 1184/1350/2554
f 1165/1330/2555 1166/1331/2556 1186/1352/2557 1185/1351/2558
f 1166/1331/2559 1167/1332/2560 1187/1353/2561 1186/1352/2562
f 1167/1332/2563 1168/1333/2564 1188/1354/2565 1187/1353/2566
f 1168/1333/2567 1169/1334/2568 1189/1355/2569 1188/1354/2570
f 1169/1334/2571 1170/1335/2572 1190/1356/2573 1189/1355/2574
f 1170/1335/2575 1171/1336/2576 1191/1357/2577 1190/1356/2578
f 1171/1336/2579 1172/1337/2580 1192/1358/2581 1191/1357/2582
f 1172/1337/2583 1153/1338/2584 1173/1359/2585 1192/1358/2586
f 1173/1340/2587 1174/1339/2588 1194/1360/2589 1193/1361/2590
f 1174/1339/2591 1175/1341/2592 1195/1362/2593 1194/1360/2594
f 1175/1341/2595 1176/1342/2596 1196/1363/2597 1195/1362/2598
f 1176/1342/2599 1177/1343/2600 1197/1364/2601 1196/1363/2602
f 1177/1343/2603 1178/1344/2604 1198/1365/2605 1197/1364/2606
f 1178/1344/2607 1179/1345/2608 1199/1366/2609 1198/1365/2610
f 1179/1345/2611 1180/1346/2612 1200/1367/2613 1199/1366/2614
f 1180/1346/2615 1181/1347/2616 1201/1368/2617 1200/1367/2618
f 1181/1347/2619 1182/1348/2620 1202/1369/2621 1201/1368/2622
f 1182/1348/2623 1183/1349/2624 1203/1370/2625 1202/1369/2626
f 1183/1349/2627 1184/1350/2628 1204/1371/2629 1203/1370/2630
f 1184/1350/2631 1185/1351/2632 1205/1372/2633 1204/1371/2634
f 1185/1351/2635 1186/1352/2636 1206/1373/2637 1205/1372/2638
f 1186/1352/2639 1187/1353/2640 1207/1374/2641 1206/1373/2642
f 1187/1353/2643 1188/1354/2644 1208/1375/2645 1207/1374/2646
f 1188/1354/2647 1189/1355/2648 1209/1376/2649 1208/1375/2650
f 1189/1355/2651 1190/1356/2652 1210/1377/2653 1209/1376/2654
f 1190/1356/2655 1191/1357/2656 1211/1378/2657 1210/1377/2658
f 1191/1357/2659 1192/1358/2660 1212/1379/2661 1211/1378/2662
f 1192/1358/2663 1173/1359/2664 1193/1380/2665 1212/1379/2666
f 1216/962/2667 1215/961/2668 1315/1381/2669
f 1219/965/2670 1216/962/2671 1315/1382/2672
f 1221/967/2673 1219/965/2674 1315/1383/2675
f 1223/969/2676 1221/967/2677 1315/1384/2678
f 1225/971/2679 1223/969/2680 1315/1385/2681
f 1227/973/2682 1225/971/2683 1315/1386/2684
f 1229/975/2685 1227/973/2686 1315/1387/2687
f 1231/977/2688 1229/975/2689 1315/1388/2690
f 1233/979/2691 1231/977/2692 1315/1389/2693
f 1235/981/2694 1233/979/2695 1315/1390/2696
f 1237/983/2697 1235/981/2698 1315/1391/2699
f 1239/985/2700 1237/983/2701 1315/1392/2702
f 1241/987/2703 1239/985/2704 1315/1393/2705
f 1243/989/2706 1241/987/2707 1315/1394/2708
f 1245/991/2709 1243/989/2710 1315/1395/2711
f 1247/993/2712 1245/991/2713 1315/1396/2714
f 1249/995/2715 1247/993/2716 1315/1397/2717
f 1251/997/2718 1249/995/2719 1315/1398/2720
f 1253/999/2721 1251/997/2722 1315/1399/2723
f 911/1400/2724 912/1401/2725 1213/1402/2726
f 1193/1361/2727 1194/1360/2728 1214/1403/2729
f 1194/1360/2730 1195/1362/2731 1214/1404/2732
f 1195/1362/2733 1196/1363/2734 1214/1405/2735
f 1196/1363/2736 1197/1364/2737 1214/1406/2738
f 1197/1364/2739 1198/1365/2740 1214/1407/2741
f 1198/1365/2742 1199/1366/2743 1214/1408/2744
f 1199/1366/2745 1200/1367/2746 1214/1409/2747
f 1200/1367/2748 1201/1368/2749 1214/1410/2750
f 1201/1368/2751 1202/1369/2752 1214/1411/2753
f 1202/1369/2754 1203/1370/2755 1214/1412/2756
f 1203/1370/2757 1204/1371/2758 1214/1413/2759
f 1204/1371/2760 1205/1372/2761 1214/1414/2762
f 1205/1372/2763 1206/1373/2764 1214/1415/2765
f 1206/1373/2766 1207/1374/2767 1214/1416/2768
f 1207/1374/2769 1208/1375/2770 1214/1417/2771
f 1208/1375/2772 1209/1376/2773 1214/1418/2774
f 1209/1376/2775 1210/1377/2776 1214/1419/2777
f 1210/1377/2778 1211/1378/2779 1214/1420/2780
f 1211/1378/2781 1212/1379/2782 1214/1421/2783
f 1212/1379/2784 1193/1380/2785 1214/1422/2786
f 912/1401/2787 911/1400/2788 1215/1001/2789 1253/999/2790
f 914/1067/2791 913/1066/2792 1296/1046/2793 1295/1045/2794
f 915/1070/2795 914/1067/2796 1295/1045/2797 1297/1047/2798
f 916/1072/2799 915/1070/2800 1297/1047/2801 1298/1048/2802
f 917/1074/2803 916/1072/2804 1298/1048/2805 1299/1049/2806
f 918/1076/2807 917/1074/2808 1299/1049/2809 1300/1050/2810
f 919/1078/2811 918/1076/2812 1300/1050/2813 1301/1051/2814
f 920/1080/2815 919/1078/2816 1301/1051/2817 1302/1052/2818
f 921/1082/2819 920/1080/2820 1302/1052/2821 1303/1053/2822
f 922/1084/2823 921/1082/2824 1303/1053/2825 1304/1054/2826
f 923/1086/2827 922/1084/2828 1304/1054/2829 1305/1055/2830
f 924/1088/2831 923/1086/2832 1305/1055/2833 1306/1056/2834
f 925/1090/2835 924/1088/2836 1306/1056/2837 1307/1057/2838
f 926/1092/2839 925/1090/2840 1307/1057/2841 1308/1058/2842
f 927/1094/2843 926/1092/2844 1308/1058/2845 1309/1059/2846
f 928/1096/2847 927/1094/2848 1309/1059/2849 1310/1060/2850
f 929/1098/2851 928/1096/2852 1310/1060/2853 1311/1061/2854
f 930/1100/2855 929/1098/2856 1311/1061/2857 1312/1062/2858
f 931/1102/2859 930/1100/2860 1312/1062/2861 1313/1063/2862
f 932/1104/2863 931/1102/2864 1313/1063/2865 1314/1064/2866
f 913/1106/2867 932/1104/2868 1314/1064/2869 1296/1065/2870
f 911/1423/2871 1213/1424/2872 1315/1381/2873 1215/961/2874
f 1213/1425/2875 912/1401/2876 1253/999/2877 1315/1399/2878
f 1365/1426/2879 1345/1427/2880 1330/1428/2881 1364/1429/2882
f 1360/1430/2883 1361/1431/2884 1318/1432/2885 1340/1433/2886
f 1370/1434/2887 1317/1435/2888 1320/1436/2889 1369/1437/2890
f 1347/1438/2891 1340/1439/2892 1318/1440/2893 1322/1441/2894
f 1318/1440/2895 1361/1442/2896 1362/1443/2897 1322/1441/2898
f 1319/1444/2899 1341/1445/2900 1342/1446/2901 1323/1447/2902
f 1369/1437/2903 1320/1436/2904 1324/1448/2905 1368/1449/2906
f 1347/1438/2907 1322/1441/2908 1326/1450/2909 1346/1451/2910
f 1322/1441/2911 1362/1443/2912 1363/1452/2913 1326/1450/2914
f 1323/1447/2915 1342/1446/2916 1343/1453/2917 1327/1454/2918
f 1368/1449/2919 1324/1448/2920 1328/1455/2921 1367/1456/2922
f 1346/1451/2923 1326/1450/2924 1330/1428/2925 1345/1427/2926
f 1326/1450/2927 1363/1452/2928 1364/1429/2929 1330/1428/2930
f 1327/1454/2931 1343/1453/2932 1344/1457/2933 1331/1458/2934
f 1370/1459/2935 1371/1460/2936 1332/1461/2937 1317/1462/2938
f 1334/1463/2939 1333/1464/2940 1316/1465/2941 1321/1466/2942
f 1335/1467/2943 1334/1463/2944 1321/1466/2945 1325/1468/2946
f 1336/1469/2947 1335/1467/2948 1325/1468/2949 1329/1470/2950
f 1367/1456/2951 1328/1455/2952 1337/1471/2953 1366/1472/2954
f 1324/1448/2955 1338/1473/2956 1337/1471/2957 1328/1455/2958
f 1320/1436/2959 1339/1474/2960 1338/1473/2961 1324/1448/2962
f 1317/1435/2963 1332/1475/2964 1339/1474/2965 1320/1436/2966
f 1371/1460/2967 1360/1430/2968 1340/1433/2969 1332/1461/2970
f 1342/1446/2971 1341/1445/2972 1333/1464/2973 1334/1463/2974
f 1343/1453/2975 1342/1446/2976 1334/1463/2977 1335/1467/2978
f 1344/1457/2979 1343/1453/2980 1335/1467/2981 1336/1469/2982
f 1366/1472/2983 1337/1471/2984 1345/1427/2985 1365/1426/2986
f 1338/1473/2987 1346/1451/2988 1345/1427/2989 1337/1471/2990
f 1339/1474/2991 1347/1438/2992 1346/1451/2993 1338/1473/2994
f 1339/1474/2995 1332/1475/2996 1340/1439/2997 1347/1438/2998
f 1341/1476/2999 1319/1477/3000 1349/1478/3001 1348/1479/3002
f 1350/1480/3003 1349/1481/3004 1319/1444/3005 1323/1447/3006
f 1351/1482/3007 1350/1480/3008 1323/1447/3009 1327/1454/3010
f 1352/1483/3011 1351/1482/3012 1327/1454/3013 1331/1458/3014
f 1344/1457/3015 1353/1484/3016 1352/1483/3017 1331/1458/3018
f 1336/1469/3019 1354/1485/3020 1353/1484/3021 1344/1457/3022
f 1329/1470/3023 1355/1486/3024 1354/1485/3025 1336/1469/3026
f 1325/1468/3027 1356/1487/3028 1355/1486/3029 1329/1470/3030
f 1321/1466/3031 1357/1488/3032 1356/1487/3033 1325/1468/3034
f 1316/1465/3035 1358/1489/3036 1357/1488/3037 1321/1466/3038
f 1316/1490/3039 1333/1491/3040 1359/1492/3041 1358/1493/3042
f 1333/1491/3043 1341/1476/3044 1348/1479/3045 1359/1492/3046
f 1348/1479/3047 1349/1478/3048 1361/1431/3049 1360/1430/3050
f 1362/1443/3051 1361/1442/3052 1349/1481/3053 1350/1480/3054
f 1363/1452/3055 1362/1443/3056 1350/1480/3057 1351/1482/3058
f 1364/1429/3059 1363/1452/3060 1351/1482/3061 1352/1483/3062
f 1353/1484/3063 1365/1426/3064 1364/1429/3065 1352/1483/3066
f 1354/1485/3067 1366/1472/3068 1365/1426/3069 1353/1484/3070
f 1355/1486/3071 1367/1456/3072 1366/1472/3073 1354/1485/3074
f 1356/1487/3075 1368/1449/3076 1367/1456/3077 1355/1486/3078
f 1357/1488/3079 1369/1437/3080 1368/1449/3081 1356/1487/3082
f 1358/1489/3083 1370/1434/3084 1369/1437/3085 1357/1488/3086
f 1358/1493/3087 1359/1492/3088 1371/1460/3089 1370/1459/3090
f 1372/1494/3091 1373/1495/3092 1374/1496/3093 1375/1497/3094
f 1359/1492/3095 1348/1479/3096 1373/1495/3097 1372/1494/3098
f 1348/1479/3099 1360/1430/3100 1374/1496/3101 1373/1495/3102
f 1381/1498/3103 1380/1499/3104 1382/1500/3105 1383/1501/3106
f 1371/1460/3107 1359/1492/3108 1372/1494/3109 1375/1497/3110
f 1360/1430/3111 1371/1460/3112 1376/1502/3113 1377/1503/3114
f 1371/1460/3115 1375/1497/3116 1378/1504/3117 1376/1502/3118
f 1375/1497/3119 1374/1496/3120 1379/1505/3121 1378/1504/3122
f 1374/1496/3123 1360/1430/3124 1377/1503/3125 1379/1505/3126
f 1377/1503/3127 1376/1502/3128 1380/1499/3129 1381/1498/3130
f 1376/1502/3131 1378/1504/3132 1382/1500/3133 1380/1499/3134
f 1378/1504/3135 1379/1505/3136 1383/1501/3137 1382/1500/3138
f 1379/1505/3139 1377/1503/3140 1381/1498/3141 1383/1501/3142
