# This file uses meters as units for non-parametric coordinates.

mtllib oven.mtl
g default
v 41.581417 79.261513 4.716858
v 41.656246 79.134987 4.860321
v 41.482040 79.031227 4.860107
v 41.406334 79.157265 4.716858
v 42.317493 79.978218 4.716858
v 42.435047 79.889961 4.860321
v 42.313805 79.727432 4.860107
v 42.195633 79.814911 4.716858
v 42.723267 80.922066 4.716858
v 42.865639 80.885521 4.860321
v 42.815823 80.688965 4.860107
v 42.673172 80.724564 4.716858
v 42.736954 81.949341 4.716858
v 42.882477 81.970062 4.860321
v 42.911667 81.769417 4.860107
v 42.766258 81.747711 4.716858
v 42.356476 82.903671 4.716858
v 42.482994 82.978500 4.860321
v 42.586746 82.804298 4.860107
v 42.460716 82.728592 4.716858
v 41.639759 83.639740 4.716858
v 41.728008 83.757301 4.860321
v 41.890533 83.636047 4.860107
v 41.803062 83.517883 4.716858
v 40.695911 84.045517 4.716858
v 40.732460 84.187897 4.860321
v 40.929008 84.138077 4.860107
v 40.893421 83.995422 4.716858
v 39.668629 84.059212 4.716858
v 39.647911 84.204735 4.860321
v 39.848568 84.233910 4.860107
v 39.870274 84.088516 4.716858
v 38.714306 83.678726 4.716858
v 38.639477 83.805244 4.860321
v 38.813686 83.909004 4.860107
v 38.889389 83.782967 4.716858
v 37.978230 82.962013 4.716858
v 37.860680 83.050270 4.860321
v 37.981922 83.212791 4.860107
v 38.100094 83.125320 4.716858
v 37.572460 82.018166 4.716858
v 37.430084 82.054710 4.860321
v 37.479904 82.251266 4.860107
v 37.622551 82.215668 4.716858
v 37.558769 80.990891 4.716858
v 37.413246 80.970169 4.860321
v 37.384060 81.170815 4.860107
v 37.529469 81.192520 4.716858
v 37.939251 80.036568 4.716858
v 37.812733 79.961731 4.860321
v 37.708977 80.135933 4.860107
v 37.835011 80.211632 4.716858
v 38.655968 79.300484 4.716858
v 38.567719 79.182938 4.860321
v 38.405193 79.304184 4.860107
v 38.492661 79.422348 4.716858
v 39.599815 78.894722 4.716858
v 39.563267 78.752342 4.860321
v 39.366714 78.802155 4.860107
v 39.402302 78.944809 4.716858
v 40.627098 78.881020 4.716858
v 40.647816 78.735497 4.860321
v 40.447159 78.706322 4.860107
v 40.425453 78.851715 4.716858
v 41.406334 79.157265 5.673462
v 41.481903 79.031181 5.529999
v 41.656139 79.134888 5.530182
v 41.581417 79.261513 5.673462
v 42.195633 79.814911 5.673462
v 42.313694 79.727341 5.529999
v 42.434982 79.889832 5.530182
v 42.317493 79.978218 5.673462
v 42.673172 80.724564 5.673462
v 42.815758 80.688835 5.529999
v 42.865631 80.885368 5.530182
v 42.723267 80.922066 5.673462
v 42.766258 81.747711 5.673462
v 42.911659 81.769272 5.529999
v 42.882526 81.969925 5.530182
v 42.736954 81.949341 5.673462
v 42.460716 82.728592 5.673462
v 42.586800 82.804153 5.529999
v 42.483089 82.978401 5.530182
v 42.356476 82.903671 5.673462
v 41.803062 83.517883 5.673462
v 41.890629 83.635956 5.529999
v 41.728138 83.757240 5.530182
v 41.639759 83.639740 5.673462
v 40.893421 83.995422 5.673462
v 40.929142 84.138008 5.529999
v 40.732605 84.187889 5.530182
v 40.695911 84.045517 5.673462
v 39.870274 84.088516 5.673462
v 39.848709 84.233917 5.529999
v 39.648052 84.204773 5.530182
v 39.668629 84.059212 5.673462
v 38.889389 83.782967 5.673462
v 38.813824 83.909050 5.529999
v 38.639584 83.805344 5.530182
v 38.714306 83.678726 5.673462
v 38.100094 83.125320 5.673462
v 37.982029 83.212891 5.529999
v 37.860741 83.050392 5.530182
v 37.978230 82.962013 5.673462
v 37.622551 82.215668 5.673462
v 37.479965 82.251389 5.529999
v 37.430092 82.054863 5.530182
v 37.572460 82.018166 5.673462
v 37.529469 81.192520 5.673462
v 37.384068 81.170959 5.529999
v 37.413200 80.970306 5.530182
v 37.558769 80.990891 5.673462
v 37.835011 80.211632 5.673462
v 37.708927 80.136078 5.529999
v 37.812634 79.961830 5.530182
v 37.939251 80.036568 5.673462
v 38.492661 79.422348 5.673462
v 38.405098 79.304283 5.529999
v 38.567585 79.182991 5.530182
v 38.655968 79.300484 5.673462
v 39.402302 78.944809 5.673462
v 39.366585 78.802223 5.529999
v 39.563118 78.752350 5.530182
v 39.599815 78.894722 5.673462
v 40.425453 78.851715 5.673462
v 40.447018 78.706314 5.529999
v 40.647675 78.735458 5.530182
v 40.627098 78.881020 5.673462
v 40.120781 80.950050 4.716858
v 39.923820 81.000000 4.716858
v 39.760971 81.121521 4.716858
v 39.657021 81.296112 4.716858
v 39.627796 81.497200 4.716858
v 39.677750 81.694160 4.716858
v 39.799271 81.857002 4.716858
v 39.973862 81.960953 4.716858
v 40.174946 81.990181 4.716858
v 40.371902 81.940224 4.716858
v 40.534756 81.818718 4.716858
v 40.638702 81.644119 4.716858
v 40.667927 81.443031 4.716858
v 40.617977 81.246071 4.716858
v 40.496456 81.083221 4.716858
v 40.321861 80.979271 4.716858
v 40.321861 80.979271 5.673462
v 40.496456 81.083221 5.673462
v 40.617977 81.246071 5.673462
v 40.667927 81.443031 5.673462
v 40.638702 81.644119 5.673462
v 40.534756 81.818718 5.673462
v 40.371902 81.940224 5.673462
v 40.174946 81.990181 5.673462
v 39.973862 81.960953 5.673462
v 39.799271 81.857002 5.673462
v 39.677750 81.694160 5.673462
v 39.627796 81.497200 5.673462
v 39.657021 81.296112 5.673462
v 39.760971 81.121521 5.673462
v 39.923820 81.000000 5.673462
v 40.120781 80.950050 5.673462
v 39.980972 78.326958 3.774384
v 40.189426 78.179947 3.702301
v 40.203571 78.080780 3.944031
v 39.995441 78.227379 4.017303
v 39.868984 79.097488 2.701385
v 40.071552 78.990997 2.567657
v 40.097904 78.807838 2.752655
v 39.895725 78.913498 2.887299
v 39.706467 80.215744 2.008026
v 39.900200 80.170044 1.833008
v 39.934708 79.930756 1.933105
v 39.741402 79.975357 2.108673
v 39.518158 81.511436 1.799896
v 39.701458 81.537529 1.610229
v 39.738827 81.278564 1.610199
v 39.555973 81.251251 1.799896
v 39.332726 82.787338 2.108673
v 39.505581 82.885292 1.933197
v 39.540085 82.646057 1.833038
v 39.367664 82.546944 2.008026
v 39.178406 83.849174 2.887299
v 39.342392 84.008156 2.752808
v 39.368736 83.825043 2.567749
v 39.205147 83.665192 2.701385
v 39.078686 84.535316 4.017303
v 39.236732 84.735161 3.944214
v 39.250870 84.636070 3.702454
v 39.093159 84.435738 3.774384
v 39.048752 84.741302 5.326630
v 39.204693 84.955635 5.326080
v 39.204426 84.955620 5.064423
v 39.048752 84.741302 5.063690
v 39.093159 84.435738 6.615906
v 39.251144 84.635994 6.687988
v 39.236477 84.735085 6.446259
v 39.078686 84.535316 6.372986
v 39.205143 83.665199 7.688904
v 39.369019 83.824951 7.822662
v 39.342144 84.008026 7.637665
v 39.178406 83.849190 7.502991
v 39.367664 82.546944 8.382263
v 39.540375 82.645897 8.557281
v 39.505341 82.885117 8.457184
v 39.332726 82.787338 8.281647
v 39.555973 81.251251 8.590393
v 39.739113 81.278419 8.780090
v 39.701221 81.537308 8.780121
v 39.518158 81.511436 8.590393
v 39.741402 79.975357 8.281647
v 39.934990 79.930649 8.457092
v 39.899963 80.169815 8.557251
v 39.706467 80.215744 8.382263
v 39.895725 78.913506 7.502991
v 40.098179 78.807793 7.637512
v 40.071312 78.990829 7.822540
v 39.868984 79.097504 7.688904
v 39.995441 78.227379 6.372986
v 40.203838 78.080788 6.446075
v 40.189178 78.179802 6.687836
v 39.980972 78.326958 6.615906
v 40.025379 78.021393 5.063690
v 40.235882 77.860306 5.064240
v 40.235622 77.860252 5.325897
v 40.025379 78.021393 5.326630
v 41.217049 78.404915 4.017303
v 41.059006 78.205070 3.944214
v 41.044865 78.304161 3.702454
v 41.202576 78.504494 3.774384
v 41.117329 79.091042 2.887299
v 40.953346 78.932068 2.752808
v 40.926998 79.115173 2.567749
v 41.090591 79.275032 2.701385
v 40.963005 80.152893 2.108673
v 40.790157 80.054932 1.933197
v 40.755650 80.294174 1.833038
v 40.928070 80.393280 2.008026
v 40.777576 81.428787 1.799896
v 40.594280 81.402702 1.610229
v 40.556908 81.661667 1.610199
v 40.739761 81.688980 1.799896
v 40.589268 82.724480 2.008026
v 40.395538 82.770187 1.833008
v 40.361027 83.009476 1.933105
v 40.554333 82.964874 2.108673
v 40.426750 83.842728 2.701385
v 40.224186 83.949226 2.567657
v 40.197830 84.132385 2.752625
v 40.400009 84.026711 2.887299
v 40.314762 84.613274 3.774384
v 40.106312 84.760277 3.702301
v 40.092163 84.859444 3.944031
v 40.300293 84.712852 4.017303
v 40.270355 84.918839 5.063690
v 40.059856 85.079926 5.064240
v 40.060112 85.079979 5.325897
v 40.270355 84.918839 5.326630
v 40.300293 84.712852 6.372986
v 40.091900 84.859444 6.446075
v 40.106552 84.760429 6.687836
v 40.314762 84.613274 6.615906
v 40.400009 84.026733 7.502991
v 40.197556 84.132446 7.637512
v 40.224422 83.949409 7.822540
v 40.426750 83.842735 7.688904
v 40.554333 82.964874 8.281647
v 40.360748 83.009575 8.457092
v 40.395771 82.770416 8.557251
v 40.589268 82.724480 8.382263
v 40.739761 81.688980 8.590393
v 40.556625 81.661812 8.780090
v 40.594513 81.402924 8.780121
v 40.777576 81.428787 8.590393
v 40.928070 80.393280 8.382263
v 40.755363 80.294327 8.557281
v 40.790394 80.055115 8.457184
v 40.963005 80.152893 8.281647
v 41.090588 79.275040 7.688904
v 40.926720 79.115288 7.822662
v 40.953590 78.932205 7.637665
v 41.117329 79.091049 7.502991
v 41.202576 78.504494 6.615906
v 41.044594 78.304230 6.687988
v 41.059258 78.205139 6.446259
v 41.217049 78.404915 6.372986
v 41.246983 78.198929 5.326630
v 41.091049 77.984596 5.326080
v 41.091309 77.984612 5.064423
v 41.246983 78.198929 5.063690
v 39.631859 80.729088 5.326263
v 39.617428 80.828392 5.568512
v 39.590763 81.011864 5.753906
v 39.555920 81.251602 5.854248
v 39.518208 81.511093 5.854248
v 39.483368 81.750824 5.753906
v 39.456703 81.934296 5.568512
v 39.442272 82.033592 5.326263
v 39.442272 82.033592 5.064056
v 39.456703 81.934296 4.821808
v 39.483368 81.750824 4.636383
v 39.518208 81.511093 4.536041
v 39.555920 81.251602 4.536041
v 39.590763 81.011864 4.636383
v 39.617428 80.828392 4.821808
v 39.631859 80.729088 5.064056
v 40.853462 80.906631 5.064056
v 40.839031 81.005928 4.821808
v 40.812366 81.189407 4.636383
v 40.777527 81.429138 4.536041
v 40.739815 81.688629 4.536041
v 40.704971 81.928360 4.636383
v 40.678307 82.111832 4.821808
v 40.663876 82.211128 5.064056
v 40.663876 82.211128 5.326263
v 40.678307 82.111832 5.568512
v 40.704971 81.928360 5.753906
v 40.739815 81.688629 5.854248
v 40.777527 81.429138 5.854248
v 40.812366 81.189407 5.753906
v 40.839031 81.005928 5.568512
v 40.853462 80.906631 5.326263
v -7.641081 90.079475 -22.108307
v -7.304221 90.434944 -22.246689
v -7.111914 90.434448 -21.782593
v -7.447890 90.079475 -21.641907
v -10.086432 90.079475 -25.590759
v -9.828170 90.434944 -25.847519
v -9.472899 90.434448 -25.492340
v -9.729461 90.079475 -25.233795
v -13.678321 90.079475 -27.872330
v -13.537978 90.434944 -28.208374
v -13.073833 90.434448 -28.016205
v -13.211917 90.079475 -27.679138
v -17.869913 90.079475 -28.605682
v -17.868851 90.434944 -28.969849
v -17.366493 90.434448 -28.969925
v -17.365078 90.079475 -28.605682
v -22.023075 90.079475 -27.679138
v -22.161459 90.434944 -28.016006
v -21.697371 90.434448 -28.208313
v -21.556671 90.079475 -27.872345
v -25.505529 90.079475 -25.233795
v -25.762293 90.434944 -25.492065
v -25.407118 90.434448 -25.847321
v -25.148561 90.079475 -25.590759
v -27.787104 90.079475 -21.641907
v -28.123152 90.434944 -21.782257
v -27.930975 90.434448 -22.246399
v -27.593916 90.079475 -22.108307
v -28.520452 90.079475 -17.450317
v -28.884626 90.434944 -17.451370
v -28.884695 90.434448 -17.953735
v -28.520452 90.079475 -17.955139
v -27.593920 90.079475 -13.297150
v -27.930777 90.434944 -13.158768
v -28.123091 90.434448 -13.622864
v -27.787111 90.079475 -13.763550
v -25.148569 90.079475 -9.814697
v -25.406832 90.434944 -9.557938
v -25.762098 90.434448 -9.913116
v -25.505537 90.079475 -10.171661
v -21.556681 90.079475 -7.533112
v -21.697023 90.434944 -7.197083
v -22.161167 90.434448 -7.389252
v -22.023083 90.079475 -7.726318
v -17.365086 90.079475 -6.799774
v -17.366146 90.434944 -6.435608
v -17.868504 90.434448 -6.435532
v -17.869917 90.079475 -6.799774
v -13.211921 90.079475 -7.726318
v -13.073539 90.434944 -7.389450
v -13.537627 90.434448 -7.197144
v -13.678325 90.079475 -7.533112
v -9.729468 90.079475 -10.171661
v -9.472709 90.434944 -9.913391
v -9.827880 90.434448 -9.558136
v -10.086440 90.079475 -9.814697
v -7.447890 90.079475 -13.763550
v -7.111845 90.434944 -13.623199
v -7.304022 90.434448 -13.159058
v -7.641081 90.079475 -13.297150
v -6.714552 90.079475 -17.955139
v -6.350379 90.434944 -17.954086
v -6.350302 90.434448 -17.451721
v -6.714552 90.079475 -17.450317
v -7.447890 91.501511 -21.641907
v -7.111845 91.146042 -21.782242
v -7.304022 91.146530 -22.246384
v -7.641081 91.501511 -22.108307
v -9.729461 91.501511 -25.233795
v -9.472701 91.146042 -25.492050
v -9.827872 91.146530 -25.847321
v -10.086432 91.501511 -25.590759
v -13.211917 91.501511 -27.679138
v -13.073531 91.146042 -28.015991
v -13.537623 91.146530 -28.208313
v -13.678321 91.501511 -27.872330
v -17.365078 91.501511 -28.605682
v -17.366138 91.146042 -28.969849
v -17.868498 91.146530 -28.969925
v -17.869913 91.501511 -28.605682
v -21.556671 91.501511 -27.872345
v -21.697014 91.146042 -28.208374
v -22.161160 91.146530 -28.016205
v -22.023075 91.501511 -27.679138
v -25.148561 91.501511 -25.590759
v -25.406820 91.146042 -25.847534
v -25.762094 91.146530 -25.492355
v -25.505529 91.501511 -25.233795
v -27.593916 91.501511 -22.108307
v -27.930777 91.146042 -22.246689
v -28.123083 91.146530 -21.782608
v -27.787104 91.501511 -21.641907
v -28.520452 91.501511 -17.955139
v -28.884626 91.146042 -17.954086
v -28.884695 91.146530 -17.451721
v -28.520452 91.501511 -17.450317
v -27.787111 91.501511 -13.763550
v -28.123159 91.146042 -13.623215
v -27.930983 91.146530 -13.159058
v -27.593920 91.501511 -13.297150
v -25.505537 91.501511 -10.171661
v -25.762300 91.146042 -9.913406
v -25.407129 91.146530 -9.558136
v -25.148569 91.501511 -9.814697
v -22.023083 91.501511 -7.726318
v -22.161467 91.146042 -7.389450
v -21.697376 91.146530 -7.197144
v -21.556681 91.501511 -7.533112
v -17.869917 91.501511 -6.799774
v -17.868860 91.146042 -6.435608
v -17.366501 91.146530 -6.435532
v -17.365086 91.501511 -6.799774
v -13.678325 91.501511 -7.533112
v -13.537986 91.146042 -7.197083
v -13.073840 91.146530 -7.389252
v -13.211921 91.501511 -7.726318
v -10.086440 91.501511 -9.814697
v -9.828177 91.146042 -9.557922
v -9.472907 91.146530 -9.913101
v -9.729468 91.501511 -10.171661
v -7.641081 91.501511 -13.297150
v -7.304221 91.146042 -13.158768
v -7.111914 91.146530 -13.622849
v -7.447890 91.501511 -13.763550
v -6.714552 91.501511 -17.450317
v -6.350379 91.146042 -17.451370
v -6.350302 91.146530 -17.953735
v -6.714552 91.501511 -17.955139
v -16.352064 90.079475 -17.451019
v -16.544716 90.079475 -16.985916
v -16.900688 90.079475 -16.629944
v -17.365789 90.079475 -16.437286
v -17.869211 90.079475 -16.437286
v -18.334311 90.079475 -16.629944
v -18.690285 90.079475 -16.985916
v -18.882935 90.079475 -17.451019
v -18.882935 90.079475 -17.954437
v -18.690283 90.079475 -18.419540
v -18.334311 90.079475 -18.775513
v -17.869211 90.079475 -18.968170
v -17.365788 90.079475 -18.968170
v -16.900686 90.079475 -18.775513
v -16.544714 90.079475 -18.419540
v -16.352062 90.079475 -17.954437
v -16.352062 91.501511 -17.954437
v -16.544714 91.501511 -18.419540
v -16.900686 91.501511 -18.775513
v -17.365788 91.501511 -18.968170
v -17.869211 91.501511 -18.968170
v -18.334311 91.501511 -18.775513
v -18.690283 91.501511 -18.419540
v -18.882935 91.501511 -17.954437
v -18.882935 91.501511 -17.451019
v -18.690285 91.501511 -16.985916
v -18.334311 91.501511 -16.629944
v -17.869211 91.501511 -16.437286
v -17.365789 91.501511 -16.437286
v -16.900688 91.501511 -16.629944
v -16.544716 91.501511 -16.985916
v -16.352064 91.501511 -17.451019
v 24.881311 89.899887 10.872528
v 25.218866 90.256111 10.733856
v 25.411570 90.255592 11.198914
v 25.074900 89.899887 11.339874
v 21.816359 89.899887 6.463135
v 22.075151 90.256111 6.205841
v 22.431158 90.255592 6.561737
v 22.174063 89.899887 6.820831
v 17.297306 89.899887 3.562286
v 17.437939 90.256111 3.225555
v 17.903042 90.255592 3.418121
v 17.764675 89.899887 3.755890
v 12.012145 89.899887 2.611633
v 12.013209 90.256111 2.246704
v 12.516603 90.255592 2.246613
v 12.518022 89.899887 2.611633
v 6.765493 89.899887 3.755890
v 6.626821 90.256111 3.418304
v 7.091871 90.255592 3.225616
v 7.232858 89.899887 3.562286
v 2.356096 89.899887 6.820831
v 2.098810 90.256111 6.562042
v 2.454713 90.255592 6.206024
v 2.713808 89.899887 6.463104
v -0.544745 89.899887 11.339874
v -0.881484 90.256111 11.199249
v -0.688910 90.255592 10.734131
v -0.351157 89.899887 10.872498
v -1.495406 89.899887 16.625031
v -1.860327 90.256111 16.623962
v -1.860404 90.255592 16.120575
v -1.495406 89.899887 16.119171
v -0.351157 89.899887 21.871704
v -0.688712 90.256111 22.010376
v -0.881415 90.255592 21.545319
v -0.544745 89.899887 21.404327
v 2.713800 89.899887 26.281097
v 2.455003 90.256111 26.538361
v 2.099000 90.255592 26.182465
v 2.356088 89.899887 25.923370
v 7.232851 89.899887 29.181915
v 7.092218 90.256111 29.518677
v 6.627115 90.255592 29.326080
v 6.765481 89.899887 28.988342
v 12.518012 89.899887 30.132599
v 12.516950 90.256111 30.497528
v 12.013555 90.255592 30.497589
v 12.012136 89.899887 30.132599
v 17.764666 89.899887 28.988342
v 17.903339 90.256111 29.325897
v 17.438290 90.255592 29.518585
v 17.297302 89.899887 29.181915
v 22.174059 89.899887 25.923370
v 22.431349 90.256111 26.182159
v 22.075445 90.255592 26.538177
v 21.816351 89.899887 26.281097
v 25.074896 89.899887 21.404327
v 25.411638 90.256111 21.544952
v 25.219065 90.255592 22.010071
v 24.881308 89.899887 21.871704
v 26.025560 89.899887 16.119171
v 26.390490 90.256111 16.120239
v 26.390558 90.255592 16.623627
v 26.025560 89.899887 16.625031
v 25.074900 91.681099 11.339874
v 25.411638 91.324890 11.199249
v 25.219065 91.325401 10.734161
v 24.881311 91.681099 10.872528
v 22.174063 91.681099 6.820831
v 22.431356 91.324890 6.562042
v 22.075449 91.325401 6.206024
v 21.816359 91.681099 6.463135
v 17.764675 91.681099 3.755890
v 17.903345 91.324890 3.418335
v 17.438293 91.325401 3.225616
v 17.297306 91.681099 3.562286
v 12.518022 91.681099 2.611633
v 12.516958 91.324890 2.246704
v 12.013564 91.325401 2.246613
v 12.012145 91.681099 2.611633
v 7.232858 91.681099 3.562286
v 7.092226 91.324890 3.225555
v 6.627122 91.325401 3.418121
v 6.765493 91.681099 3.755890
v 2.713808 91.681099 6.463104
v 2.455011 91.324890 6.205841
v 2.099008 91.325401 6.561737
v 2.356096 91.681099 6.820831
v -0.351157 91.681099 10.872498
v -0.688704 91.324890 10.733826
v -0.881415 91.325401 11.198883
v -0.544745 91.681099 11.339874
v -1.495406 91.681099 16.119171
v -1.860327 91.324890 16.120239
v -1.860404 91.325401 16.623627
v -1.495406 91.681099 16.625031
v -0.544745 91.681099 21.404327
v -0.881491 91.324890 21.544952
v -0.688910 91.325401 22.010071
v -0.351157 91.681099 21.871704
v 2.356088 91.681099 25.923370
v 2.098802 91.324890 26.182159
v 2.454706 91.325401 26.538177
v 2.713800 91.681099 26.281097
v 6.765481 91.681099 28.988342
v 6.626813 91.324890 29.325897
v 7.091863 91.325401 29.518585
v 7.232851 91.681099 29.181915
v 12.012136 91.681099 30.132599
v 12.013200 91.324890 30.497528
v 12.516595 91.325401 30.497589
v 12.518012 91.681099 30.132599
v 17.297302 91.681099 29.181915
v 17.437935 91.324890 29.518677
v 17.903038 91.325401 29.326080
v 17.764666 91.681099 28.988342
v 21.816351 91.681099 26.281097
v 22.075144 91.324890 26.538391
v 22.431147 91.325401 26.182465
v 22.174059 91.681099 25.923370
v 24.881308 91.681099 21.871704
v 25.218866 91.324890 22.010376
v 25.411570 91.325401 21.545319
v 25.074896 91.681099 21.404327
v 26.025560 91.681099 16.625031
v 26.390490 91.324890 16.623993
v 26.390558 91.325401 16.120575
v 26.025560 91.681099 16.119171
v 13.533124 89.899887 16.624329
v 13.340075 89.899887 17.090393
v 12.983366 89.899887 17.447113
v 12.517305 89.899887 17.640167
v 12.012846 89.899887 17.640167
v 11.546784 89.899887 17.447113
v 11.190076 89.899887 17.090393
v 10.997027 89.899887 16.624329
v 10.997027 89.899887 16.119873
v 11.190078 89.899887 15.653809
v 11.546786 89.899887 15.297119
v 12.012847 89.899887 15.104065
v 12.517306 89.899887 15.104065
v 12.983367 89.899887 15.297119
v 13.340075 89.899887 15.653809
v 13.533127 89.899887 16.119873
v 13.533127 91.681099 16.119873
v 13.340075 91.681099 15.653809
v 12.983367 91.681099 15.297119
v 12.517306 91.681099 15.104065
v 12.012847 91.681099 15.104065
v 11.546786 91.681099 15.297119
v 11.190078 91.681099 15.653809
v 10.997027 91.681099 16.119873
v 10.997027 91.681099 16.624329
v 11.190076 91.681099 17.090393
v 11.546784 91.681099 17.447113
v 12.012846 91.681099 17.640167
v 12.517305 91.681099 17.640167
v 12.983366 91.681099 17.447113
v 13.340075 91.681099 17.090393
v 13.533124 91.681099 16.624329
v 22.337343 90.079475 -22.093369
v 22.606829 90.363853 -22.204071
v 22.760675 90.363449 -21.832794
v 22.491892 90.079475 -21.720245
v 19.890413 90.079475 -25.613632
v 20.097025 90.363853 -25.819046
v 20.381239 90.363449 -25.534912
v 20.175989 90.079475 -25.328064
v 16.282595 90.079475 -27.929535
v 16.394873 90.363853 -28.198380
v 16.766184 90.363449 -28.044632
v 16.655722 90.079475 -27.774994
v 12.063146 90.079475 -28.688507
v 12.063993 90.363853 -28.979858
v 12.465879 90.363449 -28.979904
v 12.467011 90.079475 -28.688507
v 7.874441 90.079475 -27.774994
v 7.763734 90.363853 -28.044479
v 8.135003 90.363449 -28.198334
v 8.247563 90.079475 -27.929550
v 4.354166 90.079475 -25.328064
v 4.148759 90.363853 -25.534668
v 4.432893 90.363449 -25.818893
v 4.639741 90.079475 -25.613647
v 2.038255 90.079475 -21.720245
v 1.769418 90.363853 -21.832520
v 1.923166 90.363449 -22.203842
v 2.192811 90.079475 -22.093369
v 1.279291 90.079475 -17.500793
v 0.987947 90.363853 -17.501648
v 0.987893 90.363449 -17.903534
v 1.279291 90.079475 -17.904663
v 2.192811 90.079475 -13.312088
v 1.923318 90.363853 -13.201385
v 1.769472 90.363449 -13.572662
v 2.038255 90.079475 -13.685211
v 4.639734 90.079475 -9.791809
v 4.433130 90.363853 -9.586411
v 4.148912 90.363449 -9.870544
v 4.354158 90.079475 -10.077393
v 8.247556 90.079475 -7.475922
v 8.135282 90.363853 -7.207062
v 7.763967 90.363449 -7.360809
v 7.874433 90.079475 -7.630463
v 12.467006 90.079475 -6.716949
v 12.466158 90.363853 -6.425598
v 12.064272 90.363449 -6.425537
v 12.063140 90.079475 -6.716949
v 16.655710 90.079475 -7.630463
v 16.766418 90.363853 -7.360977
v 16.395147 90.363449 -7.207123
v 16.282589 90.079475 -7.475922
v 20.175985 90.079475 -10.077393
v 20.381392 90.363853 -9.870789
v 20.097258 90.363449 -9.586578
v 19.890409 90.079475 -9.791809
v 22.491892 90.079475 -13.685211
v 22.760729 90.363853 -13.572937
v 22.606989 90.363449 -13.201630
v 22.337336 90.079475 -13.312088
v 23.250856 90.079475 -17.904663
v 23.542200 90.363853 -17.903809
v 23.542253 90.363449 -17.501923
v 23.250856 90.079475 -17.500793
v 22.491892 91.501511 -21.720245
v 22.760736 91.217133 -21.832520
v 22.606989 91.217529 -22.203827
v 22.337343 91.501511 -22.093369
v 20.175989 91.501511 -25.328064
v 20.381399 91.217133 -25.534668
v 20.097261 91.217529 -25.818878
v 19.890413 91.501511 -25.613632
v 16.655722 91.501511 -27.774994
v 16.766428 91.217133 -28.044479
v 16.395153 91.217529 -28.198334
v 16.282595 91.501511 -27.929535
v 12.467011 91.501511 -28.688507
v 12.466164 91.217133 -28.979858
v 12.064278 91.217529 -28.979904
v 12.063146 91.501511 -28.688507
v 8.247563 91.501511 -27.929550
v 8.135289 91.217133 -28.198395
v 7.763971 91.217529 -28.044647
v 7.874441 91.501511 -27.774994
v 4.639741 91.501511 -25.613647
v 4.433137 91.217133 -25.819046
v 4.148920 91.217529 -25.534912
v 4.354166 91.501511 -25.328064
v 2.192811 91.501511 -22.093369
v 1.923326 91.217133 -22.204071
v 1.769472 91.217529 -21.832809
v 2.038255 91.501511 -21.720245
v 1.279291 91.501511 -17.904663
v 0.987947 91.217133 -17.903809
v 0.987893 91.217529 -17.501923
v 1.279291 91.501511 -17.500793
v 2.038255 91.501511 -13.685211
v 1.769418 91.217133 -13.572937
v 1.923158 91.217529 -13.201630
v 2.192811 91.501511 -13.312088
v 4.354158 91.501511 -10.077393
v 4.148752 91.217133 -9.870789
v 4.432886 91.217529 -9.586578
v 4.639734 91.501511 -9.791809
v 7.874433 91.501511 -7.630463
v 7.763727 91.217133 -7.360977
v 8.134999 91.217529 -7.207123
v 8.247556 91.501511 -7.475922
v 12.063140 91.501511 -6.716949
v 12.063986 91.217133 -6.425598
v 12.465872 91.217529 -6.425537
v 12.467006 91.501511 -6.716949
v 16.282589 91.501511 -7.475922
v 16.394863 91.217133 -7.207062
v 16.766180 91.217529 -7.360809
v 16.655710 91.501511 -7.630463
v 19.890409 91.501511 -9.791809
v 20.097017 91.217133 -9.586395
v 20.381231 91.217529 -9.870544
v 20.175985 91.501511 -10.077393
v 22.337336 91.501511 -13.312088
v 22.606829 91.217133 -13.201385
v 22.760675 91.217529 -13.572647
v 22.491892 91.501511 -13.685211
v 23.250856 91.501511 -17.500793
v 23.542200 91.217133 -17.501648
v 23.542253 91.217529 -17.903534
v 23.250856 91.501511 -17.904663
v 13.277421 90.079475 -17.501358
v 13.123302 90.079475 -17.129272
v 12.838522 90.079475 -16.844498
v 12.466442 90.079475 -16.690384
v 12.063705 90.079475 -16.690384
v 11.691625 90.079475 -16.844498
v 11.406846 90.079475 -17.129272
v 11.252725 90.079475 -17.501358
v 11.252725 90.079475 -17.904099
v 11.406846 90.079475 -18.276184
v 11.691625 90.079475 -18.560959
v 12.063706 90.079475 -18.715073
v 12.466442 90.079475 -18.715073
v 12.838523 90.079475 -18.560959
v 13.123303 90.079475 -18.276184
v 13.277421 90.079475 -17.904099
v 13.277421 91.501511 -17.904099
v 13.123303 91.501511 -18.276184
v 12.838523 91.501511 -18.560959
v 12.466442 91.501511 -18.715073
v 12.063706 91.501511 -18.715073
v 11.691625 91.501511 -18.560959
v 11.406846 91.501511 -18.276184
v 11.252725 91.501511 -17.904099
v 11.252725 91.501511 -17.501358
v 11.406846 91.501511 -17.129272
v 11.691625 91.501511 -16.844498
v 12.063705 91.501511 -16.690384
v 12.466442 91.501511 -16.690384
v 12.838522 91.501511 -16.844498
v 13.123302 91.501511 -17.129272
v 13.277421 91.501511 -17.501358
v -9.469428 90.215317 12.265930
v -9.251418 90.445366 12.176361
v -9.126960 90.445045 12.476715
v -9.344398 90.215317 12.567780
v -11.448897 90.215317 9.418152
v -11.281760 90.445366 9.251984
v -11.051833 90.445045 9.481842
v -11.217872 90.215317 9.649200
v -14.367484 90.215317 7.544678
v -14.276656 90.445366 7.327209
v -13.976275 90.445045 7.451569
v -14.065639 90.215317 7.669708
v -17.780855 90.215317 6.930695
v -17.780169 90.445366 6.695038
v -17.455057 90.445045 6.694977
v -17.454140 90.215317 6.930695
v -21.169359 90.215317 7.669708
v -21.258919 90.445366 7.451691
v -20.958570 90.445045 7.327240
v -20.867514 90.215317 7.544678
v -24.017126 90.215317 9.649170
v -24.183294 90.445366 9.482025
v -23.953436 90.445045 9.252106
v -23.786100 90.215317 9.418152
v -25.890608 90.215317 12.567749
v -26.108091 90.445366 12.476929
v -25.983717 90.445045 12.176544
v -25.765577 90.215317 12.265900
v -26.504583 90.215317 15.981140
v -26.740263 90.445366 15.980438
v -26.740309 90.445045 15.655334
v -26.504583 90.215317 15.654419
v -25.765577 90.215317 19.369629
v -25.983587 90.445366 19.459198
v -26.108046 90.445045 19.158844
v -25.890608 90.215317 19.067780
v -23.786108 90.215317 22.217407
v -23.953245 90.445366 22.383575
v -24.183168 90.445045 22.153717
v -24.017126 90.215317 21.986389
v -20.867519 90.215317 24.090881
v -20.958345 90.445366 24.308380
v -21.258730 90.445045 24.183990
v -21.169365 90.215317 23.965851
v -17.454145 90.215317 24.704865
v -17.454832 90.445366 24.940552
v -17.779943 90.445045 24.940582
v -17.780861 90.215317 24.704865
v -14.065642 90.215317 23.965851
v -13.976085 90.445366 24.183868
v -14.276435 90.445045 24.308319
v -14.367488 90.215317 24.090881
v -11.217879 90.215317 21.986389
v -11.051711 90.445366 22.153534
v -11.281569 90.445045 22.383453
v -11.448897 90.215317 22.217407
v -9.344398 90.215317 19.067780
v -9.126922 90.445366 19.158630
v -9.251288 90.445045 19.459015
v -9.469428 90.215317 19.369629
v -8.730422 90.215317 15.654419
v -8.494742 90.445366 15.655121
v -8.494697 90.445045 15.980225
v -8.730422 90.215317 15.981140
v -9.344398 91.365700 12.567780
v -9.126914 91.135643 12.476959
v -9.251288 91.135963 12.176575
v -9.469428 91.365700 12.265930
v -11.217872 91.365700 9.649200
v -11.051703 91.135643 9.482025
v -11.281562 91.135963 9.252106
v -11.448897 91.365700 9.418152
v -14.065639 91.365700 7.669708
v -13.976081 91.135643 7.451691
v -14.276427 91.135963 7.327240
v -14.367484 91.365700 7.544678
v -17.454140 91.365700 6.930695
v -17.454826 91.135643 6.695038
v -17.779940 91.135963 6.694977
v -17.780855 91.365700 6.930695
v -20.867514 91.365700 7.544678
v -20.958340 91.135643 7.327179
v -21.258724 91.135963 7.451569
v -21.169359 91.365700 7.669708
v -23.786100 91.365700 9.418152
v -23.953241 91.135643 9.251984
v -24.183165 91.135963 9.481842
v -24.017126 91.365700 9.649170
v -25.765577 91.365700 12.265900
v -25.983587 91.135643 12.176361
v -26.108046 91.135963 12.476715
v -25.890608 91.365700 12.567749
v -26.504583 91.365700 15.654419
v -26.740263 91.135643 15.655121
v -26.740309 91.135963 15.980225
v -26.504583 91.365700 15.981140
v -25.890608 91.365700 19.067780
v -26.108091 91.135643 19.158630
v -25.983717 91.135963 19.459015
v -25.765577 91.365700 19.369629
v -24.017126 91.365700 21.986389
v -24.183294 91.135643 22.153534
v -23.953440 91.135963 22.383453
v -23.786108 91.365700 22.217407
v -21.169365 91.365700 23.965851
v -21.258924 91.135643 24.183868
v -20.958576 91.135963 24.308319
v -20.867519 91.365700 24.090881
v -17.780861 91.365700 24.704865
v -17.780172 91.135643 24.940552
v -17.455063 91.135963 24.940582
v -17.454145 91.365700 24.704865
v -14.367488 91.365700 24.090881
v -14.276664 91.135643 24.308380
v -13.976279 91.135963 24.183990
v -14.065642 91.365700 23.965851
v -11.448897 91.365700 22.217407
v -11.281760 91.135643 22.383575
v -11.051841 91.135963 22.153717
v -11.217879 91.365700 21.986389
v -9.469428 91.365700 19.369629
v -9.251418 91.135643 19.459198
v -9.126967 91.135963 19.158844
v -9.344398 91.365700 19.067780
v -8.730422 91.365700 15.981140
v -8.494742 91.135643 15.980438
v -8.494697 91.135963 15.655334
v -8.730422 91.365700 15.654419
v -16.798546 90.215317 15.980682
v -16.923223 90.215317 16.281677
v -17.153601 90.215317 16.512054
v -17.454603 90.215317 16.636749
v -17.780405 90.215317 16.636749
v -18.081406 90.215317 16.512054
v -18.311783 90.215317 16.281677
v -18.436460 90.215317 15.980682
v -18.436460 90.215317 15.654877
v -18.311783 90.215317 15.353882
v -18.081406 90.215317 15.123505
v -17.780403 90.215317 14.998810
v -17.454603 90.215317 14.998810
v -17.153601 90.215317 15.123505
v -16.923223 90.215317 15.353882
v -16.798544 90.215317 15.654877
v -16.798544 91.365700 15.654877
v -16.923223 91.365700 15.353882
v -17.153601 91.365700 15.123505
v -17.454603 91.365700 14.998810
v -17.780403 91.365700 14.998810
v -18.081406 91.365700 15.123505
v -18.311783 91.365700 15.353882
v -18.436460 91.365700 15.654877
v -18.436460 91.365700 15.980682
v -18.311783 91.365700 16.281677
v -18.081406 91.365700 16.512054
v -17.780405 91.365700 16.636749
v -17.454603 91.365700 16.636749
v -17.153601 91.365700 16.512054
v -16.923223 91.365700 16.281677
v -16.798546 91.365700 15.980682
v 41.581417 79.261513 -15.307510
v 41.656246 79.134987 -15.164032
v 41.482040 79.031227 -15.164230
v 41.406334 79.157265 -15.307510
v 42.317493 79.978218 -15.307510
v 42.435047 79.889961 -15.164032
v 42.313805 79.727432 -15.164230
v 42.195633 79.814911 -15.307510
v 42.723267 80.922066 -15.307510
v 42.865639 80.885521 -15.164032
v 42.815823 80.688965 -15.164230
v 42.673172 80.724564 -15.307510
v 42.736954 81.949341 -15.307510
v 42.882477 81.970062 -15.164032
v 42.911667 81.769417 -15.164230
v 42.766258 81.747711 -15.307510
v 42.356476 82.903671 -15.307510
v 42.482994 82.978500 -15.164032
v 42.586746 82.804298 -15.164230
v 42.460716 82.728592 -15.307510
v 41.639759 83.639740 -15.307510
v 41.728008 83.757301 -15.164032
v 41.890533 83.636047 -15.164230
v 41.803062 83.517883 -15.307510
v 40.695911 84.045517 -15.307510
v 40.732460 84.187897 -15.164032
v 40.929008 84.138077 -15.164230
v 40.893421 83.995422 -15.307510
v 39.668629 84.059212 -15.307510
v 39.647911 84.204735 -15.164032
v 39.848568 84.233910 -15.164230
v 39.870274 84.088516 -15.307510
v 38.714306 83.678726 -15.307510
v 38.639477 83.805244 -15.164032
v 38.813686 83.909004 -15.164230
v 38.889389 83.782967 -15.307510
v 37.978230 82.962013 -15.307510
v 37.860680 83.050270 -15.164032
v 37.981922 83.212791 -15.164230
v 38.100094 83.125320 -15.307510
v 37.572460 82.018166 -15.307510
v 37.430084 82.054710 -15.164032
v 37.479904 82.251266 -15.164230
v 37.622551 82.215668 -15.307510
v 37.558769 80.990891 -15.307510
v 37.413246 80.970169 -15.164032
v 37.384060 81.170815 -15.164230
v 37.529469 81.192520 -15.307510
v 37.939251 80.036568 -15.307510
v 37.812733 79.961731 -15.164032
v 37.708977 80.135933 -15.164230
v 37.835011 80.211632 -15.307510
v 38.655968 79.300484 -15.307510
v 38.567719 79.182938 -15.164032
v 38.405193 79.304184 -15.164230
v 38.492661 79.422348 -15.307510
v 39.599815 78.894722 -15.307510
v 39.563267 78.752342 -15.164032
v 39.366714 78.802155 -15.164230
v 39.402302 78.944809 -15.307510
v 40.627098 78.881020 -15.307510
v 40.647816 78.735497 -15.164032
v 40.447159 78.706322 -15.164230
v 40.425453 78.851715 -15.307510
v 41.406334 79.157265 -14.350891
v 41.481903 79.031181 -14.494370
v 41.656139 79.134888 -14.494171
v 41.581417 79.261513 -14.350891
v 42.195633 79.814911 -14.350891
v 42.313694 79.727341 -14.494370
v 42.434982 79.889832 -14.494171
v 42.317493 79.978218 -14.350891
v 42.673172 80.724564 -14.350891
v 42.815758 80.688835 -14.494370
v 42.865631 80.885368 -14.494171
v 42.723267 80.922066 -14.350891
v 42.766258 81.747711 -14.350891
v 42.911659 81.769272 -14.494370
v 42.882526 81.969925 -14.494171
v 42.736954 81.949341 -14.350891
v 42.460716 82.728592 -14.350891
v 42.586800 82.804153 -14.494370
v 42.483089 82.978401 -14.494171
v 42.356476 82.903671 -14.350891
v 41.803062 83.517883 -14.350891
v 41.890629 83.635956 -14.494370
v 41.728138 83.757240 -14.494171
v 41.639759 83.639740 -14.350891
v 40.893421 83.995422 -14.350891
v 40.929142 84.138008 -14.494370
v 40.732605 84.187889 -14.494171
v 40.695911 84.045517 -14.350891
v 39.870274 84.088516 -14.350891
v 39.848709 84.233917 -14.494370
v 39.648052 84.204773 -14.494171
v 39.668629 84.059212 -14.350891
v 38.889389 83.782967 -14.350891
v 38.813824 83.909050 -14.494370
v 38.639584 83.805344 -14.494171
v 38.714306 83.678726 -14.350891
v 38.100094 83.125320 -14.350891
v 37.982029 83.212891 -14.494370
v 37.860741 83.050392 -14.494171
v 37.978230 82.962013 -14.350891
v 37.622551 82.215668 -14.350891
v 37.479965 82.251389 -14.494370
v 37.430092 82.054863 -14.494171
v 37.572460 82.018166 -14.350891
v 37.529469 81.192520 -14.350891
v 37.384068 81.170959 -14.494370
v 37.413200 80.970306 -14.494171
v 37.558769 80.990891 -14.350891
v 37.835011 80.211632 -14.350891
v 37.708927 80.136078 -14.494370
v 37.812634 79.961830 -14.494171
v 37.939251 80.036568 -14.350891
v 38.492661 79.422348 -14.350891
v 38.405098 79.304283 -14.494370
v 38.567585 79.182991 -14.494171
v 38.655968 79.300484 -14.350891
v 39.402302 78.944809 -14.350891
v 39.366585 78.802223 -14.494370
v 39.563118 78.752350 -14.494171
v 39.599815 78.894722 -14.350891
v 40.425453 78.851715 -14.350891
v 40.447018 78.706314 -14.494370
v 40.647675 78.735458 -14.494171
v 40.627098 78.881020 -14.350891
v 40.120781 80.950050 -15.307510
v 39.923820 81.000000 -15.307510
v 39.760971 81.121521 -15.307510
v 39.657021 81.296112 -15.307510
v 39.627796 81.497200 -15.307510
v 39.677750 81.694160 -15.307510
v 39.799271 81.857002 -15.307510
v 39.973862 81.960953 -15.307510
v 40.174946 81.990181 -15.307510
v 40.371902 81.940224 -15.307510
v 40.534756 81.818718 -15.307510
v 40.638702 81.644119 -15.307510
v 40.667927 81.443031 -15.307510
v 40.617977 81.246071 -15.307510
v 40.496456 81.083221 -15.307510
v 40.321861 80.979271 -15.307510
v 40.321861 80.979271 -14.350891
v 40.496456 81.083221 -14.350891
v 40.617977 81.246071 -14.350891
v 40.667927 81.443031 -14.350891
v 40.638702 81.644119 -14.350891
v 40.534756 81.818718 -14.350891
v 40.371902 81.940224 -14.350891
v 40.174946 81.990181 -14.350891
v 39.973862 81.960953 -14.350891
v 39.799271 81.857002 -14.350891
v 39.677750 81.694160 -14.350891
v 39.627796 81.497200 -14.350891
v 39.657021 81.296112 -14.350891
v 39.760971 81.121521 -14.350891
v 39.923820 81.000000 -14.350891
v 40.120781 80.950050 -14.350891
v 39.980972 78.326958 -16.249969
v 40.189426 78.179947 -16.322052
v 40.203571 78.080780 -16.080322
v 39.995441 78.227379 -16.007050
v 39.868984 79.097488 -17.322968
v 40.071552 78.990997 -17.456696
v 40.097904 78.807838 -17.271713
v 39.895725 78.913498 -17.137039
v 39.706467 80.215744 -18.016312
v 39.900200 80.170044 -18.191345
v 39.934708 79.930756 -18.091248
v 39.741402 79.975357 -17.915695
v 39.518158 81.511436 -18.224457
v 39.701458 81.537529 -18.414124
v 39.738827 81.278564 -18.414169
v 39.555973 81.251251 -18.224457
v 39.332726 82.787338 -17.915695
v 39.505581 82.885292 -18.091141
v 39.540085 82.646057 -18.191315
v 39.367664 82.546944 -18.016312
v 39.178406 83.849174 -17.137039
v 39.342392 84.008156 -17.271561
v 39.368736 83.825043 -17.456604
v 39.205147 83.665192 -17.322968
v 39.078686 84.535316 -16.007050
v 39.236732 84.735161 -16.080139
v 39.250870 84.636070 -16.321899
v 39.093159 84.435738 -16.249969
v 39.048752 84.741302 -14.697739
v 39.204693 84.955635 -14.698288
v 39.204426 84.955620 -14.959946
v 39.048752 84.741302 -14.960678
v 39.093159 84.435738 -13.408432
v 39.251144 84.635994 -13.336365
v 39.236477 84.735085 -13.578079
v 39.078686 84.535316 -13.651367
v 39.205143 83.665199 -12.335434
v 39.369019 83.824951 -12.201706
v 39.342144 84.008026 -12.386688
v 39.178406 83.849190 -12.521362
v 39.367664 82.546944 -11.642090
v 39.540375 82.645897 -11.467056
v 39.505341 82.885117 -11.567154
v 39.332726 82.787338 -11.742722
v 39.555973 81.251251 -11.433960
v 39.739113 81.278419 -11.244278
v 39.701221 81.537308 -11.244232
v 39.518158 81.511436 -11.433960
v 39.741402 79.975357 -11.742722
v 39.934990 79.930649 -11.567261
v 39.899963 80.169815 -11.467102
v 39.706467 80.215744 -11.642090
v 39.895725 78.913506 -12.521362
v 40.098179 78.807793 -12.386856
v 40.071312 78.990829 -12.201813
v 39.868984 79.097504 -12.335434
v 39.995441 78.227379 -13.651367
v 40.203838 78.080788 -13.578262
v 40.189178 78.179802 -13.336517
v 39.980972 78.326958 -13.408432
v 40.025379 78.021393 -14.960678
v 40.235882 77.860306 -14.960129
v 40.235622 77.860252 -14.698471
v 40.025379 78.021393 -14.697739
v 41.217049 78.404915 -16.007050
v 41.059006 78.205070 -16.080139
v 41.044865 78.304161 -16.321899
v 41.202576 78.504494 -16.249969
v 41.117329 79.091042 -17.137039
v 40.953346 78.932068 -17.271561
v 40.926998 79.115173 -17.456604
v 41.090591 79.275032 -17.322968
v 40.963005 80.152893 -17.915695
v 40.790157 80.054932 -18.091141
v 40.755650 80.294174 -18.191315
v 40.928070 80.393280 -18.016312
v 40.777576 81.428787 -18.224457
v 40.594280 81.402702 -18.414124
v 40.556908 81.661667 -18.414169
v 40.739761 81.688980 -18.224457
v 40.589268 82.724480 -18.016312
v 40.395538 82.770187 -18.191345
v 40.361027 83.009476 -18.091248
v 40.554333 82.964874 -17.915695
v 40.426750 83.842728 -17.322968
v 40.224186 83.949226 -17.456711
v 40.197830 84.132385 -17.271713
v 40.400009 84.026711 -17.137039
v 40.314762 84.613274 -16.249969
v 40.106312 84.760277 -16.322052
v 40.092163 84.859444 -16.080322
v 40.300293 84.712852 -16.007050
v 40.270355 84.918839 -14.960678
v 40.059856 85.079926 -14.960129
v 40.060112 85.079979 -14.698471
v 40.270355 84.918839 -14.697739
v 40.300293 84.712852 -13.651367
v 40.091900 84.859444 -13.578262
v 40.106552 84.760429 -13.336517
v 40.314762 84.613274 -13.408432
v 40.400009 84.026733 -12.521362
v 40.197556 84.132446 -12.386856
v 40.224422 83.949409 -12.201813
v 40.426750 83.842735 -12.335434
v 40.554333 82.964874 -11.742722
v 40.360748 83.009575 -11.567261
v 40.395771 82.770416 -11.467102
v 40.589268 82.724480 -11.642090
v 40.739761 81.688980 -11.433960
v 40.556625 81.661812 -11.244278
v 40.594513 81.402924 -11.244232
v 40.777576 81.428787 -11.433960
v 40.928070 80.393280 -11.642090
v 40.755363 80.294327 -11.467056
v 40.790394 80.055115 -11.567154
v 40.963005 80.152893 -11.742722
v 41.090588 79.275040 -12.335434
v 40.926720 79.115288 -12.201706
v 40.953590 78.932205 -12.386688
v 41.117329 79.091049 -12.521362
v 41.202576 78.504494 -13.408432
v 41.044594 78.304230 -13.336365
v 41.059258 78.205139 -13.578079
v 41.217049 78.404915 -13.651367
v 41.246983 78.198929 -14.697739
v 41.091049 77.984596 -14.698288
v 41.091309 77.984612 -14.959946
v 41.246983 78.198929 -14.960678
v 39.631859 80.729088 -14.698105
v 39.617428 80.828392 -14.455856
v 39.590763 81.011864 -14.270447
v 39.555920 81.251602 -14.170105
v 39.518208 81.511093 -14.170105
v 39.483368 81.750824 -14.270447
v 39.456703 81.934296 -14.455856
v 39.442272 82.033592 -14.698105
v 39.442272 82.033592 -14.960312
v 39.456703 81.934296 -15.202560
v 39.483368 81.750824 -15.387970
v 39.518208 81.511093 -15.488312
v 39.555920 81.251602 -15.488312
v 39.590763 81.011864 -15.387970
v 39.617428 80.828392 -15.202560
v 39.631859 80.729088 -14.960312
v 40.853462 80.906631 -14.960312
v 40.839031 81.005928 -15.202560
v 40.812366 81.189407 -15.387970
v 40.777527 81.429138 -15.488312
v 40.739815 81.688629 -15.488312
v 40.704971 81.928360 -15.387970
v 40.678307 82.111832 -15.202560
v 40.663876 82.211128 -14.960312
v 40.663876 82.211128 -14.698105
v 40.678307 82.111832 -14.455856
v 40.704971 81.928360 -14.270447
v 40.739815 81.688629 -14.170105
v 40.777527 81.429138 -14.170105
v 40.812366 81.189407 -14.270447
v 40.839031 81.005928 -14.455856
v 40.853462 80.906631 -14.698105
v 41.581417 79.261513 25.131531
v 41.656246 79.134987 25.274994
v 41.482040 79.031227 25.274811
v 41.406334 79.157265 25.131531
v 42.317493 79.978218 25.131531
v 42.435047 79.889961 25.274994
v 42.313805 79.727432 25.274811
v 42.195633 79.814911 25.131531
v 42.723267 80.922066 25.131531
v 42.865639 80.885521 25.274994
v 42.815823 80.688965 25.274811
v 42.673172 80.724564 25.131531
v 42.736954 81.949341 25.131531
v 42.882477 81.970062 25.274994
v 42.911667 81.769417 25.274811
v 42.766258 81.747711 25.131531
v 42.356476 82.903671 25.131531
v 42.482994 82.978500 25.274994
v 42.586746 82.804298 25.274811
v 42.460716 82.728592 25.131531
v 41.639759 83.639740 25.131531
v 41.728008 83.757301 25.274994
v 41.890533 83.636047 25.274811
v 41.803062 83.517883 25.131531
v 40.695911 84.045517 25.131531
v 40.732460 84.187897 25.274994
v 40.929008 84.138077 25.274811
v 40.893421 83.995422 25.131531
v 39.668629 84.059212 25.131531
v 39.647911 84.204735 25.274994
v 39.848568 84.233910 25.274811
v 39.870274 84.088516 25.131531
v 38.714306 83.678726 25.131531
v 38.639477 83.805244 25.274994
v 38.813686 83.909004 25.274811
v 38.889389 83.782967 25.131531
v 37.978230 82.962013 25.131531
v 37.860680 83.050270 25.274994
v 37.981922 83.212791 25.274811
v 38.100094 83.125320 25.131531
v 37.572460 82.018166 25.131531
v 37.430084 82.054710 25.274994
v 37.479904 82.251266 25.274811
v 37.622551 82.215668 25.131531
v 37.558769 80.990891 25.131531
v 37.413246 80.970169 25.274994
v 37.384060 81.170815 25.274811
v 37.529469 81.192520 25.131531
v 37.939251 80.036568 25.131531
v 37.812733 79.961731 25.274994
v 37.708977 80.135933 25.274811
v 37.835011 80.211632 25.131531
v 38.655968 79.300484 25.131531
v 38.567719 79.182938 25.274994
v 38.405193 79.304184 25.274811
v 38.492661 79.422348 25.131531
v 39.599815 78.894722 25.131531
v 39.563267 78.752342 25.274994
v 39.366714 78.802155 25.274811
v 39.402302 78.944809 25.131531
v 40.627098 78.881020 25.131531
v 40.647816 78.735497 25.274994
v 40.447159 78.706322 25.274811
v 40.425453 78.851715 25.131531
v 41.406334 79.157265 26.088135
v 41.481903 79.031181 25.944672
v 41.656139 79.134888 25.944855
v 41.581417 79.261513 26.088135
v 42.195633 79.814911 26.088135
v 42.313694 79.727341 25.944672
v 42.434982 79.889832 25.944855
v 42.317493 79.978218 26.088135
v 42.673172 80.724564 26.088135
v 42.815758 80.688835 25.944672
v 42.865631 80.885368 25.944855
v 42.723267 80.922066 26.088135
v 42.766258 81.747711 26.088135
v 42.911659 81.769272 25.944672
v 42.882526 81.969925 25.944855
v 42.736954 81.949341 26.088135
v 42.460716 82.728592 26.088135
v 42.586800 82.804153 25.944672
v 42.483089 82.978401 25.944855
v 42.356476 82.903671 26.088135
v 41.803062 83.517883 26.088135
v 41.890629 83.635956 25.944672
v 41.728138 83.757240 25.944855
v 41.639759 83.639740 26.088135
v 40.893421 83.995422 26.088135
v 40.929142 84.138008 25.944672
v 40.732605 84.187889 25.944855
v 40.695911 84.045517 26.088135
v 39.870274 84.088516 26.088135
v 39.848709 84.233917 25.944672
v 39.648052 84.204773 25.944855
v 39.668629 84.059212 26.088135
v 38.889389 83.782967 26.088135
v 38.813824 83.909050 25.944672
v 38.639584 83.805344 25.944855
v 38.714306 83.678726 26.088135
v 38.100094 83.125320 26.088135
v 37.982029 83.212891 25.944672
v 37.860741 83.050392 25.944855
v 37.978230 82.962013 26.088135
v 37.622551 82.215668 26.088135
v 37.479965 82.251389 25.944672
v 37.430092 82.054863 25.944855
v 37.572460 82.018166 26.088135
v 37.529469 81.192520 26.088135
v 37.384068 81.170959 25.944672
v 37.413200 80.970306 25.944855
v 37.558769 80.990891 26.088135
v 37.835011 80.211632 26.088135
v 37.708927 80.136078 25.944672
v 37.812634 79.961830 25.944855
v 37.939251 80.036568 26.088135
v 38.492661 79.422348 26.088135
v 38.405098 79.304283 25.944672
v 38.567585 79.182991 25.944855
v 38.655968 79.300484 26.088135
v 39.402302 78.944809 26.088135
v 39.366585 78.802223 25.944672
v 39.563118 78.752350 25.944855
v 39.599815 78.894722 26.088135
v 40.425453 78.851715 26.088135
v 40.447018 78.706314 25.944672
v 40.647675 78.735458 25.944855
v 40.627098 78.881020 26.088135
v 40.120781 80.950050 25.131531
v 39.923820 81.000000 25.131531
v 39.760971 81.121521 25.131531
v 39.657021 81.296112 25.131531
v 39.627796 81.497200 25.131531
v 39.677750 81.694160 25.131531
v 39.799271 81.857002 25.131531
v 39.973862 81.960953 25.131531
v 40.174946 81.990181 25.131531
v 40.371902 81.940224 25.131531
v 40.534756 81.818718 25.131531
v 40.638702 81.644119 25.131531
v 40.667927 81.443031 25.131531
v 40.617977 81.246071 25.131531
v 40.496456 81.083221 25.131531
v 40.321861 80.979271 25.131531
v 40.321861 80.979271 26.088135
v 40.496456 81.083221 26.088135
v 40.617977 81.246071 26.088135
v 40.667927 81.443031 26.088135
v 40.638702 81.644119 26.088135
v 40.534756 81.818718 26.088135
v 40.371902 81.940224 26.088135
v 40.174946 81.990181 26.088135
v 39.973862 81.960953 26.088135
v 39.799271 81.857002 26.088135
v 39.677750 81.694160 26.088135
v 39.627796 81.497200 26.088135
v 39.657021 81.296112 26.088135
v 39.760971 81.121521 26.088135
v 39.923820 81.000000 26.088135
v 40.120781 80.950050 26.088135
v 39.980972 78.326958 24.189056
v 40.189426 78.179947 24.116974
v 40.203571 78.080780 24.358704
v 39.995441 78.227379 24.432007
v 39.868984 79.097488 23.116058
v 40.071552 78.990997 22.982330
v 40.097904 78.807838 23.167328
v 39.895725 78.913498 23.302002
v 39.706467 80.215744 22.422729
v 39.900200 80.170044 22.247681
v 39.934708 79.930756 22.347778
v 39.741402 79.975357 22.523346
v 39.518158 81.511436 22.214600
v 39.701458 81.537529 22.024902
v 39.738827 81.278564 22.024872
v 39.555973 81.251251 22.214600
v 39.332726 82.787338 22.523346
v 39.505581 82.885292 22.347900
v 39.540085 82.646057 22.247711
v 39.367664 82.546944 22.422729
v 39.178406 83.849174 23.302002
v 39.342392 84.008156 23.167480
v 39.368736 83.825043 22.982422
v 39.205147 83.665192 23.116058
v 39.078686 84.535316 24.431976
v 39.236732 84.735161 24.358887
v 39.250870 84.636070 24.117157
v 39.093159 84.435738 24.189056
v 39.048752 84.741302 25.741302
v 39.204693 84.955635 25.740753
v 39.204426 84.955620 25.479095
v 39.048752 84.741302 25.478363
v 39.093159 84.435738 27.030609
v 39.251144 84.635994 27.102692
v 39.236477 84.735085 26.860962
v 39.078686 84.535316 26.787659
v 39.205143 83.665199 28.103607
v 39.369019 83.824951 28.237335
v 39.342144 84.008026 28.052338
v 39.178406 83.849190 27.917664
v 39.367664 82.546944 28.796936
v 39.540375 82.645897 28.971985
v 39.505341 82.885117 28.871887
v 39.332726 82.787338 28.696320
v 39.555973 81.251251 29.005066
v 39.739113 81.278419 29.194763
v 39.701221 81.537308 29.194794
v 39.518158 81.511436 29.005066
v 39.741402 79.975357 28.696320
v 39.934990 79.930649 28.871765
v 39.899963 80.169815 28.971954
v 39.706467 80.215744 28.796936
v 39.895725 78.913506 27.917664
v 40.098179 78.807793 28.052185
v 40.071312 78.990829 28.237244
v 39.868984 79.097504 28.103607
v 39.995441 78.227379 26.787689
v 40.203838 78.080788 26.860779
v 40.189178 78.179802 27.102509
v 39.980972 78.326958 27.030609
v 40.025379 78.021393 25.478363
v 40.235882 77.860306 25.478912
v 40.235622 77.860252 25.740570
v 40.025379 78.021393 25.741302
v 41.217049 78.404915 24.432007
v 41.059006 78.205070 24.358887
v 41.044865 78.304161 24.117157
v 41.202576 78.504494 24.189056
v 41.117329 79.091042 23.302002
v 40.953346 78.932068 23.167480
v 40.926998 79.115173 22.982452
v 41.090591 79.275032 23.116058
v 40.963005 80.152893 22.523346
v 40.790157 80.054932 22.347900
v 40.755650 80.294174 22.247742
v 40.928070 80.393280 22.422729
v 40.777576 81.428787 22.214600
v 40.594280 81.402702 22.024902
v 40.556908 81.661667 22.024872
v 40.739761 81.688980 22.214600
v 40.589268 82.724480 22.422729
v 40.395538 82.770187 22.247681
v 40.361027 83.009476 22.347778
v 40.554333 82.964874 22.523346
v 40.426750 83.842728 23.116058
v 40.224186 83.949226 22.982330
v 40.197830 84.132385 23.167328
v 40.400009 84.026711 23.302002
v 40.314762 84.613274 24.189056
v 40.106312 84.760277 24.116974
v 40.092163 84.859444 24.358704
v 40.300293 84.712852 24.431976
v 40.270355 84.918839 25.478363
v 40.059856 85.079926 25.478912
v 40.060112 85.079979 25.740570
v 40.270355 84.918839 25.741302
v 40.300293 84.712852 26.787659
v 40.091900 84.859444 26.860779
v 40.106552 84.760429 27.102509
v 40.314762 84.613274 27.030609
v 40.400009 84.026733 27.917664
v 40.197556 84.132446 28.052185
v 40.224422 83.949409 28.237213
v 40.426750 83.842735 28.103607
v 40.554333 82.964874 28.696320
v 40.360748 83.009575 28.871765
v 40.395771 82.770416 28.971954
v 40.589268 82.724480 28.796936
v 40.739761 81.688980 29.005066
v 40.556625 81.661812 29.194763
v 40.594513 81.402924 29.194794
v 40.777576 81.428787 29.005066
v 40.928070 80.393280 28.796936
v 40.755363 80.294327 28.971985
v 40.790394 80.055115 28.871887
v 40.963005 80.152893 28.696320
v 41.090588 79.275040 28.103607
v 40.926720 79.115288 28.237335
v 40.953590 78.932205 28.052338
v 41.117329 79.091049 27.917664
v 41.202576 78.504494 27.030609
v 41.044594 78.304230 27.102692
v 41.059258 78.205139 26.860962
v 41.217049 78.404915 26.787689
v 41.246983 78.198929 25.741302
v 41.091049 77.984596 25.740753
v 41.091309 77.984612 25.479095
v 41.246983 78.198929 25.478363
v 39.631859 80.729088 25.740936
v 39.617428 80.828392 25.983185
v 39.590763 81.011864 26.168610
v 39.555920 81.251602 26.268951
v 39.518208 81.511093 26.268951
v 39.483368 81.750824 26.168610
v 39.456703 81.934296 25.983185
v 39.442272 82.033592 25.740936
v 39.442272 82.033592 25.478729
v 39.456703 81.934296 25.236481
v 39.483368 81.750824 25.051056
v 39.518208 81.511093 24.950714
v 39.555920 81.251602 24.950714
v 39.590763 81.011864 25.051056
v 39.617428 80.828392 25.236481
v 39.631859 80.729088 25.478729
v 40.853462 80.906631 25.478729
v 40.839031 81.005928 25.236481
v 40.812366 81.189407 25.051056
v 40.777527 81.429138 24.950714
v 40.739815 81.688629 24.950714
v 40.704971 81.928360 25.051056
v 40.678307 82.111832 25.236481
v 40.663876 82.211128 25.478729
v 40.663876 82.211128 25.740936
v 40.678307 82.111832 25.983185
v 40.704971 81.928360 26.168610
v 40.739815 81.688629 26.268951
v 40.777527 81.429138 26.268951
v 40.812366 81.189407 26.168610
v 40.839031 81.005928 25.983185
v 40.853462 80.906631 25.740936
v 41.581417 79.261513 -5.286530
v 41.656246 79.134987 -5.143051
v 41.482040 79.031227 -5.143265
v 41.406334 79.157265 -5.286530
v 42.317493 79.978218 -5.286530
v 42.435047 79.889961 -5.143051
v 42.313805 79.727432 -5.143265
v 42.195633 79.814911 -5.286530
v 42.723267 80.922066 -5.286530
v 42.865639 80.885521 -5.143051
v 42.815823 80.688965 -5.143265
v 42.673172 80.724564 -5.286530
v 42.736954 81.949341 -5.286530
v 42.882477 81.970062 -5.143051
v 42.911667 81.769417 -5.143265
v 42.766258 81.747711 -5.286530
v 42.356476 82.903671 -5.286530
v 42.482994 82.978500 -5.143051
v 42.586746 82.804298 -5.143265
v 42.460716 82.728592 -5.286530
v 41.639759 83.639740 -5.286530
v 41.728008 83.757301 -5.143051
v 41.890533 83.636047 -5.143265
v 41.803062 83.517883 -5.286530
v 40.695911 84.045517 -5.286530
v 40.732460 84.187897 -5.143051
v 40.929008 84.138077 -5.143265
v 40.893421 83.995422 -5.286530
v 39.668629 84.059212 -5.286530
v 39.647911 84.204735 -5.143051
v 39.848568 84.233910 -5.143265
v 39.870274 84.088516 -5.286530
v 38.714306 83.678726 -5.286530
v 38.639477 83.805244 -5.143051
v 38.813686 83.909004 -5.143265
v 38.889389 83.782967 -5.286530
v 37.978230 82.962013 -5.286530
v 37.860680 83.050270 -5.143051
v 37.981922 83.212791 -5.143265
v 38.100094 83.125320 -5.286530
v 37.572460 82.018166 -5.286530
v 37.430084 82.054710 -5.143051
v 37.479904 82.251266 -5.143265
v 37.622551 82.215668 -5.286530
v 37.558769 80.990891 -5.286530
v 37.413246 80.970169 -5.143051
v 37.384060 81.170815 -5.143265
v 37.529469 81.192520 -5.286530
v 37.939251 80.036568 -5.286530
v 37.812733 79.961731 -5.143051
v 37.708977 80.135933 -5.143265
v 37.835011 80.211632 -5.286530
v 38.655968 79.300484 -5.286530
v 38.567719 79.182938 -5.143051
v 38.405193 79.304184 -5.143265
v 38.492661 79.422348 -5.286530
v 39.599815 78.894722 -5.286530
v 39.563267 78.752342 -5.143051
v 39.366714 78.802155 -5.143265
v 39.402302 78.944809 -5.286530
v 40.627098 78.881020 -5.286530
v 40.647816 78.735497 -5.143051
v 40.447159 78.706322 -5.143265
v 40.425453 78.851715 -5.286530
v 41.406334 79.157265 -4.329926
v 41.481903 79.031181 -4.473389
v 41.656139 79.134888 -4.473190
v 41.581417 79.261513 -4.329926
v 42.195633 79.814911 -4.329926
v 42.313694 79.727341 -4.473389
v 42.434982 79.889832 -4.473190
v 42.317493 79.978218 -4.329926
v 42.673172 80.724564 -4.329926
v 42.815758 80.688835 -4.473389
v 42.865631 80.885368 -4.473190
v 42.723267 80.922066 -4.329926
v 42.766258 81.747711 -4.329926
v 42.911659 81.769272 -4.473389
v 42.882526 81.969925 -4.473190
v 42.736954 81.949341 -4.329926
v 42.460716 82.728592 -4.329926
v 42.586800 82.804153 -4.473389
v 42.483089 82.978401 -4.473190
v 42.356476 82.903671 -4.329926
v 41.803062 83.517883 -4.329926
v 41.890629 83.635956 -4.473389
v 41.728138 83.757240 -4.473190
v 41.639759 83.639740 -4.329926
v 40.893421 83.995422 -4.329926
v 40.929142 84.138008 -4.473389
v 40.732605 84.187889 -4.473190
v 40.695911 84.045517 -4.329926
v 39.870274 84.088516 -4.329926
v 39.848709 84.233917 -4.473389
v 39.648052 84.204773 -4.473190
v 39.668629 84.059212 -4.329926
v 38.889389 83.782967 -4.329926
v 38.813824 83.909050 -4.473389
v 38.639584 83.805344 -4.473190
v 38.714306 83.678726 -4.329926
v 38.100094 83.125320 -4.329926
v 37.982029 83.212891 -4.473389
v 37.860741 83.050392 -4.473190
v 37.978230 82.962013 -4.329926
v 37.622551 82.215668 -4.329926
v 37.479965 82.251389 -4.473389
v 37.430092 82.054863 -4.473190
v 37.572460 82.018166 -4.329926
v 37.529469 81.192520 -4.329926
v 37.384068 81.170959 -4.473389
v 37.413200 80.970306 -4.473190
v 37.558769 80.990891 -4.329926
v 37.835011 80.211632 -4.329926
v 37.708927 80.136078 -4.473389
v 37.812634 79.961830 -4.473190
v 37.939251 80.036568 -4.329926
v 38.492661 79.422348 -4.329926
v 38.405098 79.304283 -4.473389
v 38.567585 79.182991 -4.473190
v 38.655968 79.300484 -4.329926
v 39.402302 78.944809 -4.329926
v 39.366585 78.802223 -4.473389
v 39.563118 78.752350 -4.473190
v 39.599815 78.894722 -4.329926
v 40.425453 78.851715 -4.329926
v 40.447018 78.706314 -4.473389
v 40.647675 78.735458 -4.473190
v 40.627098 78.881020 -4.329926
v 40.120781 80.950050 -5.286530
v 39.923820 81.000000 -5.286530
v 39.760971 81.121521 -5.286530
v 39.657021 81.296112 -5.286530
v 39.627796 81.497200 -5.286530
v 39.677750 81.694160 -5.286530
v 39.799271 81.857002 -5.286530
v 39.973862 81.960953 -5.286530
v 40.174946 81.990181 -5.286530
v 40.371902 81.940224 -5.286530
v 40.534756 81.818718 -5.286530
v 40.638702 81.644119 -5.286530
v 40.667927 81.443031 -5.286530
v 40.617977 81.246071 -5.286530
v 40.496456 81.083221 -5.286530
v 40.321861 80.979271 -5.286530
v 40.321861 80.979271 -4.329926
v 40.496456 81.083221 -4.329926
v 40.617977 81.246071 -4.329926
v 40.667927 81.443031 -4.329926
v 40.638702 81.644119 -4.329926
v 40.534756 81.818718 -4.329926
v 40.371902 81.940224 -4.329926
v 40.174946 81.990181 -4.329926
v 39.973862 81.960953 -4.329926
v 39.799271 81.857002 -4.329926
v 39.677750 81.694160 -4.329926
v 39.627796 81.497200 -4.329926
v 39.657021 81.296112 -4.329926
v 39.760971 81.121521 -4.329926
v 39.923820 81.000000 -4.329926
v 40.120781 80.950050 -4.329926
v 39.980972 78.326958 -6.229004
v 40.189426 78.179947 -6.301071
v 40.203571 78.080780 -6.059357
v 39.995441 78.227379 -5.986069
v 39.868984 79.097488 -7.302002
v 40.071552 78.990997 -7.435730
v 40.097904 78.807838 -7.250732
v 39.895725 78.913498 -7.116058
v 39.706467 80.215744 -7.995346
v 39.900200 80.170044 -8.170364
v 39.934708 79.930756 -8.070282
v 39.741402 79.975357 -7.894714
v 39.518158 81.511436 -8.203476
v 39.701458 81.537529 -8.393158
v 39.738827 81.278564 -8.393188
v 39.555973 81.251251 -8.203476
v 39.332726 82.787338 -7.894714
v 39.505581 82.885292 -8.070175
v 39.540085 82.646057 -8.170334
v 39.367664 82.546944 -7.995346
v 39.178406 83.849174 -7.116074
v 39.342392 84.008156 -7.250580
v 39.368736 83.825043 -7.435623
v 39.205147 83.665192 -7.302002
v 39.078686 84.535316 -5.986069
v 39.236732 84.735161 -6.059174
v 39.250870 84.636070 -6.300919
v 39.093159 84.435738 -6.229004
v 39.048752 84.741302 -4.676758
v 39.204693 84.955635 -4.677307
v 39.204426 84.955620 -4.938965
v 39.048752 84.741302 -4.939697
v 39.093159 84.435738 -3.387451
v 39.251144 84.635994 -3.315399
v 39.236477 84.735085 -3.557098
v 39.078686 84.535316 -3.630402
v 39.205143 83.665199 -2.314453
v 39.369019 83.824951 -2.180725
v 39.342144 84.008026 -2.365723
v 39.178406 83.849190 -2.500397
v 39.367664 82.546944 -1.621124
v 39.540375 82.645897 -1.446075
v 39.505341 82.885117 -1.546173
v 39.332726 82.787338 -1.721741
v 39.555973 81.251251 -1.412994
v 39.739113 81.278419 -1.223297
v 39.701221 81.537308 -1.223267
v 39.518158 81.511436 -1.412994
v 39.741402 79.975357 -1.721741
v 39.934990 79.930649 -1.546295
v 39.899963 80.169815 -1.446136
v 39.706467 80.215744 -1.621124
v 39.895725 78.913506 -2.500397
v 40.098179 78.807793 -2.365875
v 40.071312 78.990829 -2.180817
v 39.868984 79.097504 -2.314453
v 39.995441 78.227379 -3.630402
v 40.203838 78.080788 -3.557281
v 40.189178 78.179802 -3.315552
v 39.980972 78.326958 -3.387451
v 40.025379 78.021393 -4.939697
v 40.235882 77.860306 -4.939148
v 40.235622 77.860252 -4.677490
v 40.025379 78.021393 -4.676758
v 41.217049 78.404915 -5.986069
v 41.059006 78.205070 -6.059174
v 41.044865 78.304161 -6.300919
v 41.202576 78.504494 -6.229004
v 41.117329 79.091042 -7.116058
v 40.953346 78.932068 -7.250580
v 40.926998 79.115173 -7.435623
v 41.090591 79.275032 -7.302002
v 40.963005 80.152893 -7.894714
v 40.790157 80.054932 -8.070175
v 40.755650 80.294174 -8.170334
v 40.928070 80.393280 -7.995346
v 40.777576 81.428787 -8.203476
v 40.594280 81.402702 -8.393158
v 40.556908 81.661667 -8.393188
v 40.739761 81.688980 -8.203476
v 40.589268 82.724480 -7.995346
v 40.395538 82.770187 -8.170380
v 40.361027 83.009476 -8.070282
v 40.554333 82.964874 -7.894714
v 40.426750 83.842728 -7.302002
v 40.224186 83.949226 -7.435730
v 40.197830 84.132385 -7.250732
v 40.400009 84.026711 -7.116074
v 40.314762 84.613274 -6.229004
v 40.106312 84.760277 -6.301071
v 40.092163 84.859444 -6.059357
v 40.300293 84.712852 -5.986069
v 40.270355 84.918839 -4.939697
v 40.059856 85.079926 -4.939148
v 40.060112 85.079979 -4.677490
v 40.270355 84.918839 -4.676758
v 40.300293 84.712852 -3.630402
v 40.091900 84.859444 -3.557281
v 40.106552 84.760429 -3.315552
v 40.314762 84.613274 -3.387451
v 40.400009 84.026733 -2.500397
v 40.197556 84.132446 -2.365875
v 40.224422 83.949409 -2.180847
v 40.426750 83.842735 -2.314453
v 40.554333 82.964874 -1.721741
v 40.360748 83.009575 -1.546295
v 40.395771 82.770416 -1.446136
v 40.589268 82.724480 -1.621124
v 40.739761 81.688980 -1.412994
v 40.556625 81.661812 -1.223297
v 40.594513 81.402924 -1.223267
v 40.777576 81.428787 -1.412994
v 40.928070 80.393280 -1.621124
v 40.755363 80.294327 -1.446075
v 40.790394 80.055115 -1.546173
v 40.963005 80.152893 -1.721741
v 41.090588 79.275040 -2.314453
v 40.926720 79.115288 -2.180725
v 40.953590 78.932205 -2.365723
v 41.117329 79.091049 -2.500397
v 41.202576 78.504494 -3.387451
v 41.044594 78.304230 -3.315399
v 41.059258 78.205139 -3.557098
v 41.217049 78.404915 -3.630402
v 41.246983 78.198929 -4.676758
v 41.091049 77.984596 -4.677307
v 41.091309 77.984612 -4.938965
v 41.246983 78.198929 -4.939697
v 39.631859 80.729088 -4.677124
v 39.617428 80.828392 -4.434875
v 39.590763 81.011864 -4.249466
v 39.555920 81.251602 -4.149124
v 39.518208 81.511093 -4.149124
v 39.483368 81.750824 -4.249466
v 39.456703 81.934296 -4.434875
v 39.442272 82.033592 -4.677124
v 39.442272 82.033592 -4.939331
v 39.456703 81.934296 -5.181580
v 39.483368 81.750824 -5.366989
v 39.518208 81.511093 -5.467331
v 39.555920 81.251602 -5.467331
v 39.590763 81.011864 -5.366989
v 39.617428 80.828392 -5.181580
v 39.631859 80.729088 -4.939331
v 40.853462 80.906631 -4.939331
v 40.839031 81.005928 -5.181580
v 40.812366 81.189407 -5.366989
v 40.777527 81.429138 -5.467331
v 40.739815 81.688629 -5.467331
v 40.704971 81.928360 -5.366989
v 40.678307 82.111832 -5.181580
v 40.663876 82.211128 -4.939331
v 40.663876 82.211128 -4.677124
v 40.678307 82.111832 -4.434875
v 40.704971 81.928360 -4.249466
v 40.739815 81.688629 -4.149124
v 40.777527 81.429138 -4.149124
v 40.812366 81.189407 -4.249466
v 40.839031 81.005928 -4.434875
v 40.853462 80.906631 -4.677124
v 39.980972 78.326958 24.189056
v 40.189426 78.179947 24.116974
v 40.203571 78.080788 24.358704
v 39.995441 78.227379 24.431976
v 39.868988 79.097496 23.116058
v 40.071556 78.990997 22.982330
v 40.097908 78.807838 23.167328
v 39.895729 78.913498 23.302002
v 39.706467 80.215744 22.422729
v 39.900200 80.170052 22.247681
v 39.934708 79.930756 22.347778
v 39.741402 79.975357 22.523346
v 39.518158 81.511444 22.214569
v 39.701458 81.537529 22.024902
v 39.738827 81.278564 22.024872
v 39.555973 81.251251 22.214569
v 39.332726 82.787338 22.523346
v 39.505585 82.885292 22.347900
v 39.540085 82.646057 22.247711
v 39.367668 82.546944 22.422729
v 39.178406 83.849174 23.302002
v 39.342392 84.008156 23.167480
v 39.368736 83.825043 22.982452
v 39.205147 83.665192 23.116058
v 39.078690 84.535316 24.431976
v 39.236740 84.735161 24.358887
v 39.250870 84.636070 24.117126
v 39.093163 84.435738 24.189056
v 39.048752 84.741302 25.741302
v 39.204697 84.955643 25.740753
v 39.204422 84.955620 25.479095
v 39.048752 84.741302 25.478363
v 39.093163 84.435738 27.030609
v 39.251144 84.635994 27.102692
v 39.236481 84.735092 26.860962
v 39.078690 84.535316 26.787659
v 39.205147 83.665199 28.103607
v 39.369019 83.824951 28.237335
v 39.342148 84.008026 28.052338
v 39.178406 83.849190 27.917664
v 39.367668 82.546944 28.796936
v 39.540375 82.645905 28.971985
v 39.505341 82.885117 28.871887
v 39.332726 82.787338 28.696320
v 39.555973 81.251251 29.005096
v 39.739117 81.278419 29.194763
v 39.701221 81.537308 29.194794
v 39.518158 81.511444 29.005096
v 39.741402 79.975357 28.696320
v 39.934990 79.930649 28.871765
v 39.899963 80.169815 28.971954
v 39.706467 80.215744 28.796936
v 39.895725 78.913513 27.917664
v 40.098183 78.807793 28.052185
v 40.071312 78.990829 28.237213
v 39.868984 79.097504 28.103607
v 39.995441 78.227379 26.787659
v 40.203838 78.080788 26.860779
v 40.189182 78.179802 27.102509
v 39.980972 78.326958 27.030609
v 40.025379 78.021393 25.478363
v 40.235882 77.860313 25.478912
v 40.235622 77.860252 25.740570
v 40.025379 78.021393 25.741302
v 41.217049 78.404922 24.431976
v 41.059006 78.205070 24.358887
v 41.044865 78.304169 24.117157
v 41.202576 78.504501 24.189056
v 41.117332 79.091042 23.302002
v 40.953346 78.932068 23.167480
v 40.927002 79.115173 22.982452
v 41.090591 79.275040 23.116058
v 40.963009 80.152893 22.523346
v 40.790157 80.054932 22.347900
v 40.755650 80.294182 22.247711
v 40.928070 80.393280 22.422729
v 40.777576 81.428795 22.214569
v 40.594280 81.402702 22.024902
v 40.556908 81.661667 22.024872
v 40.739761 81.688980 22.214569
v 40.589272 82.724480 22.422729
v 40.395538 82.770187 22.247681
v 40.361023 83.009476 22.347778
v 40.554329 82.964874 22.523346
v 40.426750 83.842735 23.116058
v 40.224190 83.949226 22.982330
v 40.197830 84.132385 23.167328
v 40.400009 84.026718 23.302002
v 40.314766 84.613281 24.189056
v 40.106308 84.760277 24.116974
v 40.092163 84.859451 24.358704
v 40.300293 84.712852 24.431976
v 40.270355 84.918846 25.478363
v 40.059860 85.079926 25.478912
v 40.060120 85.079979 25.740570
v 40.270355 84.918846 25.741302
v 40.300293 84.712852 26.787659
v 40.091904 84.859444 26.860779
v 40.106552 84.760429 27.102509
v 40.314766 84.613281 27.030609
v 40.400009 84.026733 27.917664
v 40.197556 84.132454 28.052185
v 40.224419 83.949409 28.237213
v 40.426750 83.842743 28.103607
v 40.554329 82.964874 28.696320
v 40.360748 83.009583 28.871765
v 40.395767 82.770416 28.971954
v 40.589272 82.724480 28.796936
v 40.739761 81.688980 29.005096
v 40.556625 81.661812 29.194763
v 40.594513 81.402924 29.194794
v 40.777576 81.428795 29.005096
v 40.928070 80.393280 28.796936
v 40.755363 80.294334 28.971985
v 40.790394 80.055115 28.871887
v 40.963009 80.152893 28.696320
v 41.090591 79.275040 28.103607
v 40.926720 79.115295 28.237335
v 40.953590 78.932213 28.052338
v 41.117329 79.091049 27.917664
v 41.202576 78.504501 27.030609
v 41.044594 78.304230 27.102692
v 41.059258 78.205147 26.860962
v 41.217049 78.404922 26.787659
v 41.246983 78.198929 25.741302
v 41.091049 77.984596 25.740753
v 41.091309 77.984619 25.479095
v 41.246983 78.198929 25.478363
v 39.631859 80.729095 25.740936
v 39.617428 80.828392 25.983185
v 39.590763 81.011871 26.168610
v 39.555923 81.251602 26.268951
v 39.518208 81.511093 26.268951
v 39.483368 81.750824 26.168610
v 39.456703 81.934296 25.983185
v 39.442272 82.033592 25.740936
v 39.442272 82.033592 25.478729
v 39.456703 81.934296 25.236481
v 39.483368 81.750824 25.051056
v 39.518208 81.511093 24.950714
v 39.555923 81.251602 24.950714
v 39.590763 81.011871 25.051056
v 39.617428 80.828392 25.236481
v 39.631859 80.729095 25.478729
v 40.853462 80.906631 25.478729
v 40.839035 81.005936 25.236481
v 40.812366 81.189407 25.051056
v 40.777527 81.429138 24.950714
v 40.739815 81.688637 24.950714
v 40.704971 81.928368 25.051056
v 40.678307 82.111832 25.236481
v 40.663876 82.211136 25.478729
v 40.663876 82.211136 25.740936
v 40.678307 82.111832 25.983185
v 40.704971 81.928368 26.168610
v 40.739815 81.688637 26.268951
v 40.777527 81.429138 26.268951
v 40.812366 81.189407 26.168610
v 40.839035 81.005936 25.983185
v 40.853462 80.906631 25.740936
v 41.581417 79.261513 14.752258
v 41.656246 79.134987 14.895721
v 41.482040 79.031227 14.895538
v 41.406334 79.157265 14.752258
v 42.317493 79.978218 14.752258
v 42.435047 79.889961 14.895721
v 42.313805 79.727432 14.895538
v 42.195633 79.814911 14.752258
v 42.723267 80.922066 14.752258
v 42.865639 80.885521 14.895721
v 42.815823 80.688965 14.895538
v 42.673172 80.724564 14.752258
v 42.736954 81.949341 14.752258
v 42.882477 81.970062 14.895721
v 42.911667 81.769417 14.895538
v 42.766258 81.747711 14.752258
v 42.356476 82.903671 14.752258
v 42.482994 82.978500 14.895721
v 42.586746 82.804298 14.895538
v 42.460716 82.728592 14.752258
v 41.639759 83.639740 14.752258
v 41.728008 83.757301 14.895721
v 41.890533 83.636047 14.895538
v 41.803062 83.517883 14.752258
v 40.695911 84.045517 14.752258
v 40.732460 84.187897 14.895721
v 40.929008 84.138077 14.895538
v 40.893421 83.995422 14.752258
v 39.668629 84.059212 14.752258
v 39.647911 84.204735 14.895721
v 39.848568 84.233910 14.895538
v 39.870274 84.088516 14.752258
v 38.714306 83.678726 14.752258
v 38.639477 83.805244 14.895721
v 38.813686 83.909004 14.895538
v 38.889389 83.782967 14.752258
v 37.978230 82.962013 14.752258
v 37.860680 83.050270 14.895721
v 37.981922 83.212791 14.895538
v 38.100094 83.125320 14.752258
v 37.572460 82.018166 14.752258
v 37.430084 82.054710 14.895721
v 37.479904 82.251266 14.895538
v 37.622551 82.215668 14.752258
v 37.558769 80.990891 14.752258
v 37.413246 80.970169 14.895721
v 37.384060 81.170815 14.895538
v 37.529469 81.192520 14.752258
v 37.939251 80.036568 14.752258
v 37.812733 79.961731 14.895721
v 37.708977 80.135933 14.895538
v 37.835011 80.211632 14.752258
v 38.655968 79.300484 14.752258
v 38.567719 79.182938 14.895721
v 38.405193 79.304184 14.895538
v 38.492661 79.422348 14.752258
v 39.599815 78.894722 14.752258
v 39.563267 78.752342 14.895721
v 39.366714 78.802155 14.895538
v 39.402302 78.944809 14.752258
v 40.627098 78.881020 14.752258
v 40.647816 78.735497 14.895721
v 40.447159 78.706322 14.895538
v 40.425453 78.851715 14.752258
v 41.406334 79.157265 15.708862
v 41.481903 79.031181 15.565399
v 41.656139 79.134888 15.565582
v 41.581417 79.261513 15.708862
v 42.195633 79.814911 15.708862
v 42.313694 79.727341 15.565399
v 42.434982 79.889832 15.565582
v 42.317493 79.978218 15.708862
v 42.673172 80.724564 15.708862
v 42.815758 80.688835 15.565399
v 42.865631 80.885368 15.565582
v 42.723267 80.922066 15.708862
v 42.766258 81.747711 15.708862
v 42.911659 81.769272 15.565399
v 42.882526 81.969925 15.565582
v 42.736954 81.949341 15.708862
v 42.460716 82.728592 15.708862
v 42.586800 82.804153 15.565399
v 42.483089 82.978401 15.565582
v 42.356476 82.903671 15.708862
v 41.803062 83.517883 15.708862
v 41.890629 83.635956 15.565399
v 41.728138 83.757240 15.565582
v 41.639759 83.639740 15.708862
v 40.893421 83.995422 15.708862
v 40.929142 84.138008 15.565399
v 40.732605 84.187889 15.565582
v 40.695911 84.045517 15.708862
v 39.870274 84.088516 15.708862
v 39.848709 84.233917 15.565399
v 39.648052 84.204773 15.565582
v 39.668629 84.059212 15.708862
v 38.889389 83.782967 15.708862
v 38.813824 83.909050 15.565399
v 38.639584 83.805344 15.565582
v 38.714306 83.678726 15.708862
v 38.100094 83.125320 15.708862
v 37.982029 83.212891 15.565399
v 37.860741 83.050392 15.565582
v 37.978230 82.962013 15.708862
v 37.622551 82.215668 15.708862
v 37.479965 82.251389 15.565399
v 37.430092 82.054863 15.565582
v 37.572460 82.018166 15.708862
v 37.529469 81.192520 15.708862
v 37.384068 81.170959 15.565399
v 37.413200 80.970306 15.565582
v 37.558769 80.990891 15.708862
v 37.835011 80.211632 15.708862
v 37.708927 80.136078 15.565399
v 37.812634 79.961830 15.565582
v 37.939251 80.036568 15.708862
v 38.492661 79.422348 15.708862
v 38.405098 79.304283 15.565399
v 38.567585 79.182991 15.565582
v 38.655968 79.300484 15.708862
v 39.402302 78.944809 15.708862
v 39.366585 78.802223 15.565399
v 39.563118 78.752350 15.565582
v 39.599815 78.894722 15.708862
v 40.425453 78.851715 15.708862
v 40.447018 78.706314 15.565399
v 40.647675 78.735458 15.565582
v 40.627098 78.881020 15.708862
v 40.120781 80.950050 14.752258
v 39.923820 81.000000 14.752258
v 39.760971 81.121521 14.752258
v 39.657021 81.296112 14.752258
v 39.627796 81.497200 14.752258
v 39.677750 81.694160 14.752258
v 39.799271 81.857002 14.752258
v 39.973862 81.960953 14.752258
v 40.174946 81.990181 14.752258
v 40.371902 81.940224 14.752258
v 40.534756 81.818718 14.752258
v 40.638702 81.644119 14.752258
v 40.667927 81.443031 14.752258
v 40.617977 81.246071 14.752258
v 40.496456 81.083221 14.752258
v 40.321861 80.979271 14.752258
v 40.321861 80.979271 15.708862
v 40.496456 81.083221 15.708862
v 40.617977 81.246071 15.708862
v 40.667927 81.443031 15.708862
v 40.638702 81.644119 15.708862
v 40.534756 81.818718 15.708862
v 40.371902 81.940224 15.708862
v 40.174946 81.990181 15.708862
v 39.973862 81.960953 15.708862
v 39.799271 81.857002 15.708862
v 39.677750 81.694160 15.708862
v 39.627796 81.497200 15.708862
v 39.657021 81.296112 15.708862
v 39.760971 81.121521 15.708862
v 39.923820 81.000000 15.708862
v 40.120781 80.950050 15.708862
v 39.980972 78.326958 13.809784
v 40.189426 78.179947 13.737701
v 40.203571 78.080780 13.979431
v 39.995441 78.227379 14.052704
v 39.868984 79.097488 12.736786
v 40.071552 78.990997 12.603058
v 40.097904 78.807838 12.788055
v 39.895725 78.913498 12.922729
v 39.706467 80.215744 12.043457
v 39.900200 80.170044 11.868408
v 39.934708 79.930756 11.968506
v 39.741402 79.975357 12.144073
v 39.518158 81.511436 11.835297
v 39.701458 81.537529 11.645630
v 39.738827 81.278564 11.645599
v 39.555973 81.251251 11.835297
v 39.332726 82.787338 12.144073
v 39.505581 82.885292 11.968628
v 39.540085 82.646057 11.868439
v 39.367664 82.546944 12.043457
v 39.178406 83.849174 12.922729
v 39.342392 84.008156 12.788208
v 39.368736 83.825043 12.603149
v 39.205147 83.665192 12.736786
v 39.078686 84.535316 14.052704
v 39.236732 84.735161 13.979614
v 39.250870 84.636070 13.737854
v 39.093159 84.435738 13.809784
v 39.048752 84.741302 15.362030
v 39.204693 84.955635 15.361481
v 39.204426 84.955620 15.099823
v 39.048752 84.741302 15.099091
v 39.093159 84.435738 16.651337
v 39.251144 84.635994 16.723389
v 39.236477 84.735085 16.481689
v 39.078686 84.535316 16.408386
v 39.205143 83.665199 17.724335
v 39.369019 83.824951 17.858063
v 39.342144 84.008026 17.673065
v 39.178406 83.849190 17.538391
v 39.367664 82.546944 18.417664
v 39.540375 82.645897 18.592712
v 39.505341 82.885117 18.492615
v 39.332726 82.787338 18.317047
v 39.555973 81.251251 18.625793
v 39.739113 81.278419 18.815491
v 39.701221 81.537308 18.815521
v 39.518158 81.511436 18.625793
v 39.741402 79.975357 18.317047
v 39.934990 79.930649 18.492493
v 39.899963 80.169815 18.592651
v 39.706467 80.215744 18.417664
v 39.895725 78.913506 17.538391
v 40.098179 78.807793 17.672913
v 40.071312 78.990829 17.857941
v 39.868984 79.097504 17.724335
v 39.995441 78.227379 16.408386
v 40.203838 78.080788 16.481506
v 40.189178 78.179802 16.723236
v 39.980972 78.326958 16.651337
v 40.025379 78.021393 15.099091
v 40.235882 77.860306 15.099640
v 40.235622 77.860252 15.361298
v 40.025379 78.021393 15.362030
v 41.217049 78.404915 14.052704
v 41.059006 78.205070 13.979614
v 41.044865 78.304161 13.737885
v 41.202576 78.504494 13.809784
v 41.117329 79.091042 12.922729
v 40.953346 78.932068 12.788208
v 40.926998 79.115173 12.603149
v 41.090591 79.275032 12.736786
v 40.963005 80.152893 12.144073
v 40.790157 80.054932 11.968628
v 40.755650 80.294174 11.868439
v 40.928070 80.393280 12.043457
v 40.777576 81.428787 11.835297
v 40.594280 81.402702 11.645630
v 40.556908 81.661667 11.645599
v 40.739761 81.688980 11.835297
v 40.589268 82.724480 12.043457
v 40.395538 82.770187 11.868408
v 40.361027 83.009476 11.968506
v 40.554333 82.964874 12.144073
v 40.426750 83.842728 12.736786
v 40.224186 83.949226 12.603058
v 40.197830 84.132385 12.788055
v 40.400009 84.026711 12.922729
v 40.314762 84.613274 13.809784
v 40.106312 84.760277 13.737701
v 40.092163 84.859444 13.979431
v 40.300293 84.712852 14.052704
v 40.270355 84.918839 15.099091
v 40.059856 85.079926 15.099640
v 40.060112 85.079979 15.361298
v 40.270355 84.918839 15.362030
v 40.300293 84.712852 16.408386
v 40.091900 84.859444 16.481506
v 40.106552 84.760429 16.723236
v 40.314762 84.613274 16.651337
v 40.400009 84.026733 17.538391
v 40.197556 84.132446 17.672913
v 40.224422 83.949409 17.857941
v 40.426750 83.842735 17.724335
v 40.554333 82.964874 18.317047
v 40.360748 83.009575 18.492493
v 40.395771 82.770416 18.592651
v 40.589268 82.724480 18.417664
v 40.739761 81.688980 18.625793
v 40.556625 81.661812 18.815491
v 40.594513 81.402924 18.815521
v 40.777576 81.428787 18.625793
v 40.928070 80.393280 18.417664
v 40.755363 80.294327 18.592712
v 40.790394 80.055115 18.492615
v 40.963005 80.152893 18.317047
v 41.090588 79.275040 17.724335
v 40.926720 79.115288 17.858063
v 40.953590 78.932205 17.673065
v 41.117329 79.091049 17.538391
v 41.202576 78.504494 16.651337
v 41.044594 78.304230 16.723389
v 41.059258 78.205139 16.481689
v 41.217049 78.404915 16.408386
v 41.246983 78.198929 15.362030
v 41.091049 77.984596 15.361481
v 41.091309 77.984612 15.099823
v 41.246983 78.198929 15.099091
v 39.631859 80.729088 15.361664
v 39.617428 80.828392 15.603912
v 39.590763 81.011864 15.789307
v 39.555920 81.251602 15.889648
v 39.518208 81.511093 15.889648
v 39.483368 81.750824 15.789307
v 39.456703 81.934296 15.603912
v 39.442272 82.033592 15.361664
v 39.442272 82.033592 15.099457
v 39.456703 81.934296 14.857208
v 39.483368 81.750824 14.671783
v 39.518208 81.511093 14.571442
v 39.555920 81.251602 14.571442
v 39.590763 81.011864 14.671783
v 39.617428 80.828392 14.857208
v 39.631859 80.729088 15.099457
v 40.853462 80.906631 15.099457
v 40.839031 81.005928 14.857208
v 40.812366 81.189407 14.671783
v 40.777527 81.429138 14.571442
v 40.739815 81.688629 14.571442
v 40.704971 81.928360 14.671783
v 40.678307 82.111832 14.857208
v 40.663876 82.211128 15.099457
v 40.663876 82.211128 15.361664
v 40.678307 82.111832 15.603912
v 40.704971 81.928360 15.789307
v 40.739815 81.688629 15.889648
v 40.777527 81.429138 15.889648
v 40.812366 81.189407 15.789307
v 40.839031 81.005928 15.603912
v 40.853462 80.906631 15.361664
v 41.581417 79.261513 -25.414032
v 41.656246 79.134987 -25.270554
v 41.482040 79.031227 -25.270752
v 41.406334 79.157265 -25.414032
v 42.317493 79.978218 -25.414032
v 42.435047 79.889961 -25.270554
v 42.313805 79.727432 -25.270752
v 42.195633 79.814911 -25.414032
v 42.723267 80.922066 -25.414032
v 42.865639 80.885521 -25.270554
v 42.815823 80.688965 -25.270752
v 42.673172 80.724564 -25.414032
v 42.736954 81.949341 -25.414032
v 42.882477 81.970062 -25.270554
v 42.911667 81.769417 -25.270752
v 42.766258 81.747711 -25.414032
v 42.356476 82.903671 -25.414032
v 42.482994 82.978500 -25.270554
v 42.586746 82.804298 -25.270752
v 42.460716 82.728592 -25.414032
v 41.639759 83.639740 -25.414032
v 41.728008 83.757301 -25.270554
v 41.890533 83.636047 -25.270752
v 41.803062 83.517883 -25.414032
v 40.695911 84.045517 -25.414032
v 40.732460 84.187897 -25.270554
v 40.929008 84.138077 -25.270752
v 40.893421 83.995422 -25.414032
v 39.668629 84.059212 -25.414032
v 39.647911 84.204735 -25.270554
v 39.848568 84.233910 -25.270752
v 39.870274 84.088516 -25.414032
v 38.714306 83.678726 -25.414032
v 38.639477 83.805244 -25.270554
v 38.813686 83.909004 -25.270752
v 38.889389 83.782967 -25.414032
v 37.978230 82.962013 -25.414032
v 37.860680 83.050270 -25.270554
v 37.981922 83.212791 -25.270752
v 38.100094 83.125320 -25.414032
v 37.572460 82.018166 -25.414032
v 37.430084 82.054710 -25.270554
v 37.479904 82.251266 -25.270752
v 37.622551 82.215668 -25.414032
v 37.558769 80.990891 -25.414032
v 37.413246 80.970169 -25.270554
v 37.384060 81.170815 -25.270752
v 37.529469 81.192520 -25.414032
v 37.939251 80.036568 -25.414032
v 37.812733 79.961731 -25.270554
v 37.708977 80.135933 -25.270752
v 37.835011 80.211632 -25.414032
v 38.655968 79.300484 -25.414032
v 38.567719 79.182938 -25.270554
v 38.405193 79.304184 -25.270752
v 38.492661 79.422348 -25.414032
v 39.599815 78.894722 -25.414032
v 39.563267 78.752342 -25.270554
v 39.366714 78.802155 -25.270752
v 39.402302 78.944809 -25.414032
v 40.627098 78.881020 -25.414032
v 40.647816 78.735497 -25.270554
v 40.447159 78.706322 -25.270752
v 40.425453 78.851715 -25.414032
v 41.406334 79.157265 -24.457413
v 41.481903 79.031181 -24.600891
v 41.656139 79.134888 -24.600677
v 41.581417 79.261513 -24.457413
v 42.195633 79.814911 -24.457413
v 42.313694 79.727341 -24.600891
v 42.434982 79.889832 -24.600677
v 42.317493 79.978218 -24.457413
v 42.673172 80.724564 -24.457413
v 42.815758 80.688835 -24.600891
v 42.865631 80.885368 -24.600677
v 42.723267 80.922066 -24.457413
v 42.766258 81.747711 -24.457413
v 42.911659 81.769272 -24.600891
v 42.882526 81.969925 -24.600677
v 42.736954 81.949341 -24.457413
v 42.460716 82.728592 -24.457413
v 42.586800 82.804153 -24.600891
v 42.483089 82.978401 -24.600677
v 42.356476 82.903671 -24.457413
v 41.803062 83.517883 -24.457413
v 41.890629 83.635956 -24.600891
v 41.728138 83.757240 -24.600677
v 41.639759 83.639740 -24.457413
v 40.893421 83.995422 -24.457413
v 40.929142 84.138008 -24.600891
v 40.732605 84.187889 -24.600677
v 40.695911 84.045517 -24.457413
v 39.870274 84.088516 -24.457413
v 39.848709 84.233917 -24.600891
v 39.648052 84.204773 -24.600677
v 39.668629 84.059212 -24.457413
v 38.889389 83.782967 -24.457413
v 38.813824 83.909050 -24.600891
v 38.639584 83.805344 -24.600677
v 38.714306 83.678726 -24.457413
v 38.100094 83.125320 -24.457413
v 37.982029 83.212891 -24.600891
v 37.860741 83.050392 -24.600677
v 37.978230 82.962013 -24.457413
v 37.622551 82.215668 -24.457413
v 37.479965 82.251389 -24.600891
v 37.430092 82.054863 -24.600677
v 37.572460 82.018166 -24.457413
v 37.529469 81.192520 -24.457413
v 37.384068 81.170959 -24.600891
v 37.413200 80.970306 -24.600677
v 37.558769 80.990891 -24.457413
v 37.835011 80.211632 -24.457413
v 37.708927 80.136078 -24.600891
v 37.812634 79.961830 -24.600677
v 37.939251 80.036568 -24.457413
v 38.492661 79.422348 -24.457413
v 38.405098 79.304283 -24.600891
v 38.567585 79.182991 -24.600677
v 38.655968 79.300484 -24.457413
v 39.402302 78.944809 -24.457413
v 39.366585 78.802223 -24.600891
v 39.563118 78.752350 -24.600677
v 39.599815 78.894722 -24.457413
v 40.425453 78.851715 -24.457413
v 40.447018 78.706314 -24.600891
v 40.647675 78.735458 -24.600677
v 40.627098 78.881020 -24.457413
v 40.120781 80.950050 -25.414032
v 39.923820 81.000000 -25.414032
v 39.760971 81.121521 -25.414032
v 39.657021 81.296112 -25.414032
v 39.627796 81.497200 -25.414032
v 39.677750 81.694160 -25.414032
v 39.799271 81.857002 -25.414032
v 39.973862 81.960953 -25.414032
v 40.174946 81.990181 -25.414032
v 40.371902 81.940224 -25.414032
v 40.534756 81.818718 -25.414032
v 40.638702 81.644119 -25.414032
v 40.667927 81.443031 -25.414032
v 40.617977 81.246071 -25.414032
v 40.496456 81.083221 -25.414032
v 40.321861 80.979271 -25.414032
v 40.321861 80.979271 -24.457413
v 40.496456 81.083221 -24.457413
v 40.617977 81.246071 -24.457413
v 40.667927 81.443031 -24.457413
v 40.638702 81.644119 -24.457413
v 40.534756 81.818718 -24.457413
v 40.371902 81.940224 -24.457413
v 40.174946 81.990181 -24.457413
v 39.973862 81.960953 -24.457413
v 39.799271 81.857002 -24.457413
v 39.677750 81.694160 -24.457413
v 39.627796 81.497200 -24.457413
v 39.657021 81.296112 -24.457413
v 39.760971 81.121521 -24.457413
v 39.923820 81.000000 -24.457413
v 40.120781 80.950050 -24.457413
v 39.980972 78.326958 -26.356491
v 40.189426 78.179947 -26.428558
v 40.203571 78.080780 -26.186844
v 39.995441 78.227379 -26.113556
v 39.868984 79.097488 -27.429489
v 40.071552 78.990997 -27.563217
v 40.097904 78.807838 -27.378235
v 39.895725 78.913498 -27.243561
v 39.706467 80.215744 -28.122833
v 39.900200 80.170044 -28.297867
v 39.934708 79.930756 -28.197769
v 39.741402 79.975357 -28.022217
v 39.518158 81.511436 -28.330963
v 39.701458 81.537529 -28.520645
v 39.738827 81.278564 -28.520691
v 39.555973 81.251251 -28.330963
v 39.332726 82.787338 -28.022217
v 39.505581 82.885292 -28.197662
v 39.540085 82.646057 -28.297821
v 39.367664 82.546944 -28.122833
v 39.178406 83.849174 -27.243561
v 39.342392 84.008156 -27.378082
v 39.368736 83.825043 -27.563126
v 39.205147 83.665192 -27.429489
v 39.078686 84.535316 -26.113556
v 39.236732 84.735161 -26.186661
v 39.250870 84.636070 -26.428406
v 39.093159 84.435738 -26.356491
v 39.048752 84.741302 -24.804260
v 39.204693 84.955635 -24.804810
v 39.204426 84.955620 -25.066452
v 39.048752 84.741302 -25.067200
v 39.093159 84.435738 -23.514954
v 39.251144 84.635994 -23.442871
v 39.236477 84.735085 -23.684601
v 39.078686 84.535316 -23.757889
v 39.205143 83.665199 -22.441956
v 39.369019 83.824951 -22.308228
v 39.342144 84.008026 -22.493210
v 39.178406 83.849190 -22.627884
v 39.367664 82.546944 -21.748611
v 39.540375 82.645897 -21.573578
v 39.505341 82.885117 -21.673676
v 39.332726 82.787338 -21.849243
v 39.555973 81.251251 -21.540482
v 39.739113 81.278419 -21.350800
v 39.701221 81.537308 -21.350754
v 39.518158 81.511436 -21.540482
v 39.741402 79.975357 -21.849243
v 39.934990 79.930649 -21.673782
v 39.899963 80.169815 -21.573608
v 39.706467 80.215744 -21.748611
v 39.895725 78.913506 -22.627884
v 40.098179 78.807793 -22.493378
v 40.071312 78.990829 -22.308319
v 39.868984 79.097504 -22.441956
v 39.995441 78.227379 -23.757874
v 40.203838 78.080788 -23.684784
v 40.189178 78.179802 -23.443039
v 39.980972 78.326958 -23.514954
v 40.025379 78.021393 -25.067200
v 40.235882 77.860306 -25.066635
v 40.235622 77.860252 -24.804993
v 40.025379 78.021393 -24.804245
v 41.217049 78.404915 -26.113556
v 41.059006 78.205070 -26.186661
v 41.044865 78.304161 -26.428406
v 41.202576 78.504494 -26.356491
v 41.117329 79.091042 -27.243561
v 40.953346 78.932068 -27.378067
v 40.926998 79.115173 -27.563110
v 41.090591 79.275032 -27.429489
v 40.963005 80.152893 -28.022217
v 40.790157 80.054932 -28.197662
v 40.755650 80.294174 -28.297821
v 40.928070 80.393280 -28.122833
v 40.777576 81.428787 -28.330963
v 40.594280 81.402702 -28.520645
v 40.556908 81.661667 -28.520691
v 40.739761 81.688980 -28.330963
v 40.589268 82.724480 -28.122833
v 40.395538 82.770187 -28.297867
v 40.361027 83.009476 -28.197769
v 40.554333 82.964874 -28.022217
v 40.426750 83.842728 -27.429489
v 40.224186 83.949226 -27.563232
v 40.197830 84.132385 -27.378235
v 40.400009 84.026711 -27.243561
v 40.314762 84.613274 -26.356491
v 40.106312 84.760277 -26.428574
v 40.092163 84.859444 -26.186844
v 40.300293 84.712852 -26.113556
v 40.270355 84.918839 -25.067200
v 40.059856 85.079926 -25.066650
v 40.060112 85.079979 -24.804993
v 40.270355 84.918839 -24.804260
v 40.300293 84.712852 -23.757889
v 40.091900 84.859444 -23.684784
v 40.106552 84.760429 -23.443039
v 40.314762 84.613274 -23.514954
v 40.400009 84.026733 -22.627884
v 40.197556 84.132446 -22.493378
v 40.224422 83.949409 -22.308319
v 40.426750 83.842735 -22.441956
v 40.554333 82.964874 -21.849243
v 40.360748 83.009575 -21.673782
v 40.395771 82.770416 -21.573608
v 40.589268 82.724480 -21.748611
v 40.739761 81.688980 -21.540482
v 40.556625 81.661812 -21.350800
v 40.594513 81.402924 -21.350754
v 40.777576 81.428787 -21.540482
v 40.928070 80.393280 -21.748611
v 40.755363 80.294327 -21.573578
v 40.790394 80.055115 -21.673676
v 40.963005 80.152893 -21.849243
v 41.090588 79.275040 -22.441956
v 40.926720 79.115288 -22.308228
v 40.953590 78.932205 -22.493210
v 41.117329 79.091049 -22.627884
v 41.202576 78.504494 -23.514954
v 41.044594 78.304230 -23.442871
v 41.059258 78.205139 -23.684601
v 41.217049 78.404915 -23.757874
v 41.246983 78.198929 -24.804245
v 41.091049 77.984596 -24.804810
v 41.091309 77.984612 -25.066452
v 41.246983 78.198929 -25.067200
v 39.631859 80.729088 -24.804626
v 39.617428 80.828392 -24.562378
v 39.590763 81.011864 -24.376953
v 39.555920 81.251602 -24.276611
v 39.518208 81.511093 -24.276611
v 39.483368 81.750824 -24.376953
v 39.456703 81.934296 -24.562363
v 39.442272 82.033592 -24.804626
v 39.442272 82.033592 -25.066833
v 39.456703 81.934296 -25.309082
v 39.483368 81.750824 -25.494492
v 39.518208 81.511093 -25.594833
v 39.555920 81.251602 -25.594833
v 39.590763 81.011864 -25.494476
v 39.617428 80.828392 -25.309082
v 39.631859 80.729088 -25.066833
v 40.853462 80.906631 -25.066833
v 40.839031 81.005928 -25.309082
v 40.812366 81.189407 -25.494476
v 40.777527 81.429138 -25.594833
v 40.739815 81.688629 -25.594833
v 40.704971 81.928360 -25.494492
v 40.678307 82.111832 -25.309082
v 40.663876 82.211128 -25.066833
v 40.663876 82.211128 -24.804626
v 40.678307 82.111832 -24.562363
v 40.704971 81.928360 -24.376953
v 40.739815 81.688629 -24.276611
v 40.777527 81.429138 -24.276611
v 40.812366 81.189407 -24.376953
v 40.839031 81.005928 -24.562378
v 40.853462 80.906631 -24.804626
v 40.684425 67.926651 -24.708267
v 42.116528 68.132309 -24.708267
v 40.684425 72.052231 -24.708267
v 42.116528 72.052231 -24.708267
v 40.684425 72.052231 -29.357559
v 42.116528 72.052231 -29.357559
v 40.684425 67.926651 -29.357559
v 42.116528 68.132309 -29.357559
v 40.684425 69.245293 -24.708267
v 40.684425 72.052231 -27.032913
v 40.684425 71.175781 -29.357559
v 40.684425 67.926651 -27.032913
v 45.297985 70.302788 -29.357559
v 45.297985 70.252762 -29.357559
v 40.684425 70.254807 -29.357559
v 40.684425 69.245293 -29.357559
v 42.991207 70.302513 -29.357559
v 40.684425 70.254807 -24.708267
v 40.684425 71.175781 -24.708267
v 40.684425 70.254807 -27.032913
v 42.991207 70.302513 -24.708267
v 45.297985 70.302788 -24.708267
v 45.297985 70.302788 -27.032913
v 45.297985 70.202751 -24.708267
v 45.297985 70.252762 -24.708267
v 43.548626 72.052231 -24.708267
v 43.548626 72.052231 -27.032913
v 45.297985 70.202751 -27.032913
v 43.548626 68.447418 -29.357559
v 43.548626 68.447418 -27.032913
v 43.985966 71.935051 -24.708267
v 44.423302 71.817871 -24.708267
v 44.423302 71.817871 -27.032913
v 44.423302 71.817871 -29.357559
v 43.985966 71.935051 -29.357559
v 44.743454 71.497711 -24.708267
v 45.063614 71.177551 -24.708267
v 45.063614 71.177551 -27.032913
v 45.063614 71.177551 -29.357559
v 44.743454 71.497711 -29.357559
v 45.180798 70.740173 -24.708267
v 45.180798 70.740173 -29.357559
v 45.180798 69.765404 -24.708267
v 45.063614 69.328079 -24.708267
v 45.063614 69.328072 -27.032913
v 45.063614 69.328079 -29.357559
v 45.180798 69.765404 -29.357559
v 44.743454 69.007912 -24.708267
v 44.423302 68.687752 -24.708267
v 44.423302 68.687752 -27.032913
v 44.423302 68.687752 -29.357559
v 44.743454 69.007912 -29.357559
v 43.985966 68.570572 -24.708267
v 43.985966 68.570572 -29.357559
v 43.548626 72.052231 -29.357559
v 42.116528 72.052231 -27.032913
v 43.548626 68.447418 -24.708267
v 42.116528 68.132309 -27.032913
v 40.684425 71.175781 -27.032913
v 40.684425 69.245293 -27.032913
v 45.297985 70.202751 -29.357559
v 45.297985 70.252762 -27.032913
v 43.985966 71.935051 -27.032913
v 44.743454 71.497711 -27.032913
v 45.180798 70.740173 -27.032913
v 45.180798 69.765404 -27.032913
v 44.743454 69.007912 -27.032913
v 43.985966 68.570572 -27.032913
v 42.817852 71.097923 -24.708267
v 42.817852 71.097923 -29.357559
v 42.820736 69.436272 -24.708267
v 42.820736 69.436272 -29.357559
v -40.502010 87.493446 35.499023
v -40.238663 89.055878 35.244171
v -39.519173 90.199631 34.547882
v -38.536339 90.618286 33.596771
v 37.032146 90.618286 33.596771
v 38.014984 90.199631 34.547882
v 38.734474 89.055878 35.244171
v 38.997818 87.493446 35.499023
v -38.536339 90.618286 -33.596771
v -39.519173 90.199631 -34.547882
v -40.238663 89.055878 -35.244171
v -40.502010 87.493446 -35.499023
v 37.032146 90.618286 -33.596771
v 38.014984 90.199631 -34.547882
v 38.734474 89.055878 -35.244171
v 38.997818 87.493446 -35.499023
v -36.702457 84.692146 32.060791
v -40.502010 86.447037 35.499023
v 35.198265 84.692146 32.060791
v 38.997818 86.447037 35.499023
v -36.702457 84.692146 -32.060791
v -40.502010 86.447037 -35.499023
v 35.198265 84.692146 -32.060791
v 38.997818 86.447037 -35.499023
v 33.753971 74.633347 -34.395035
v 33.753971 74.471573 -34.637146
v 33.753971 74.229446 -34.798920
v 33.753971 73.943863 -34.855728
v 33.468380 73.943863 -34.798920
v 33.226265 73.943863 -34.637146
v 33.064491 73.943863 -34.395035
v 33.007683 73.943863 -34.109436
v 33.064491 74.229454 -34.109436
v 33.226265 74.471573 -34.109436
v 33.468380 74.633347 -34.109436
v 33.753971 74.690155 -34.109436
v 33.753967 26.800404 -34.798920
v 33.753967 26.558289 -34.637146
v 33.753967 26.396515 -34.395035
v 33.753967 26.339706 -34.109436
v 33.468376 26.396515 -34.109436
v 33.226265 26.558289 -34.109436
v 33.064491 26.800404 -34.109436
v 33.007683 27.085995 -34.109436
v 33.064491 27.085995 -34.395035
v 33.226265 27.085995 -34.637146
v 33.468376 27.085995 -34.798920
v 33.753967 27.085995 -34.855728
v 33.753971 74.229446 34.798920
v 33.753971 74.471573 34.637146
v 33.753971 74.633347 34.395020
v 33.753971 74.690155 34.109436
v 33.468380 74.633347 34.109436
v 33.226265 74.471573 34.109436
v 33.064491 74.229454 34.109436
v 33.007683 73.943863 34.109436
v 33.064491 73.943863 34.395020
v 33.226265 73.943863 34.637146
v 33.468380 73.943863 34.798920
v 33.753971 73.943863 34.855743
v 33.753967 26.396515 34.395020
v 33.753967 26.558289 34.637146
v 33.753967 26.800404 34.798920
v 33.753967 27.085995 34.855743
v 33.468376 27.085995 34.798920
v 33.226265 27.085995 34.637146
v 33.064491 27.085995 34.395020
v 33.007683 27.085995 34.109436
v 33.064491 26.800404 34.109436
v 33.226265 26.558289 34.109436
v 33.468376 26.396515 34.109436
v 33.753967 26.339706 34.109436
v 40.414520 27.085995 34.395020
v 40.252747 27.085995 34.637146
v 40.010628 27.085995 34.798920
v 39.725037 27.085995 34.855743
v 39.725037 26.800402 34.798920
v 39.725037 26.558289 34.637146
v 39.725037 26.396513 34.395020
v 39.725037 26.339705 34.109436
v 40.010628 26.396513 34.109436
v 40.252747 26.558289 34.109436
v 40.414520 26.800402 34.109436
v 40.471329 27.085995 34.109436
v 40.010628 27.085995 -34.798920
v 40.252747 27.085995 -34.637146
v 40.414520 27.085995 -34.395035
v 40.471329 27.085995 -34.109436
v 40.414520 26.800402 -34.109436
v 40.252747 26.558289 -34.109436
v 40.010628 26.396513 -34.109436
v 39.725037 26.339705 -34.109436
v 39.725037 26.396513 -34.395035
v 39.725037 26.558289 -34.637146
v 39.725037 26.800402 -34.798920
v 39.725037 27.085995 -34.855728
v 40.010632 73.943863 34.798920
v 40.252743 73.943863 34.637146
v 40.414516 73.943863 34.395020
v 40.471325 73.943863 34.109436
v 40.414516 74.229454 34.109436
v 40.252743 74.471573 34.109436
v 40.010632 74.633347 34.109436
v 39.725040 74.690155 34.109436
v 39.725040 74.633347 34.395020
v 39.725040 74.471573 34.637146
v 39.725040 74.229446 34.798920
v 39.725040 73.943863 34.855743
v 40.414516 73.943863 -34.395035
v 40.252743 73.943863 -34.637146
v 40.010632 73.943863 -34.798920
v 39.725040 73.943863 -34.855728
v 39.725040 74.229446 -34.798920
v 39.725040 74.471573 -34.637146
v 39.725040 74.633347 -34.395035
v 39.725040 74.690155 -34.109436
v 40.010632 74.633347 -34.109436
v 40.252743 74.471573 -34.109436
v 40.414516 74.229454 -34.109436
v 40.471325 73.943863 -34.109436
v 33.496376 74.594978 -34.367035
v 33.535271 74.447960 -34.613541
v 33.496376 74.201462 -34.760544
v 33.249874 74.162567 -34.613541
v 33.102863 74.201462 -34.367035
v 33.249874 74.447952 -34.328140
v 33.323254 74.374588 -34.540161
v 33.496376 26.828400 -34.760544
v 33.535271 26.581898 -34.613541
v 33.496376 26.434883 -34.367035
v 33.249870 26.581898 -34.328140
v 33.102859 26.828400 -34.367035
v 33.249870 26.867294 -34.613541
v 33.323250 26.655273 -34.540161
v 33.496376 74.201462 34.760559
v 33.535271 74.447960 34.613525
v 33.496376 74.594978 34.367035
v 33.249874 74.447952 34.328156
v 33.102863 74.201462 34.367035
v 33.249874 74.162567 34.613525
v 33.323254 74.374588 34.540161
v 33.496376 26.434883 34.367035
v 33.535271 26.581898 34.613525
v 33.496376 26.828400 34.760559
v 33.249870 26.867294 34.613525
v 33.102859 26.828400 34.367035
v 33.249870 26.581898 34.328156
v 33.323250 26.655273 34.540161
v 40.376144 26.828400 34.367035
v 40.229134 26.867292 34.613525
v 39.982635 26.828400 34.760559
v 39.943741 26.581898 34.613525
v 39.982635 26.434883 34.367035
v 40.229134 26.581898 34.328156
v 40.155754 26.655273 34.540161
v 39.982635 26.828400 -34.760544
v 40.229134 26.867292 -34.613541
v 40.376144 26.828400 -34.367035
v 40.229134 26.581898 -34.328140
v 39.982635 26.434883 -34.367035
v 39.943741 26.581898 -34.613541
v 40.155754 26.655273 -34.540161
v 39.982632 74.201462 34.760559
v 40.229137 74.162567 34.613525
v 40.376148 74.201462 34.367035
v 40.229137 74.447952 34.328156
v 39.982632 74.594978 34.367035
v 39.943737 74.447960 34.613525
v 40.155758 74.374588 34.540161
v 40.376148 74.201462 -34.367035
v 40.229137 74.162567 -34.613541
v 39.982632 74.201462 -34.760544
v 39.943737 74.447960 -34.613541
v 39.982632 74.594978 -34.367035
v 40.229137 74.447952 -34.328140
v 40.155758 74.374588 -34.540161
v 40.471329 41.740143 19.006348
v 40.446102 41.884926 18.859344
v 40.373917 42.010151 18.727753
v 40.262428 42.100479 18.627625
v 40.120640 42.147274 18.568359
v 40.471329 66.220016 19.021881
v 40.446087 66.069092 18.868713
v 40.373970 65.938744 18.732025
v 40.262627 65.845222 18.628723
v 40.120640 65.797348 18.568359
v 40.471329 41.724609 -19.021866
v 40.446087 41.875530 -18.868729
v 40.373970 42.005882 -18.732025
v 40.262627 42.099403 -18.628723
v 40.120640 42.147274 -18.568359
v 40.471329 66.204483 -19.006332
v 40.446102 66.059692 -18.859329
v 40.373917 65.934479 -18.727768
v 40.262428 65.844147 -18.627625
v 40.120640 65.797348 -18.568359
v 38.717701 42.732189 17.860077
v 38.742943 42.581268 18.013245
v 38.815060 42.450916 18.149933
v 38.926403 42.357395 18.253235
v 39.068390 42.309525 18.313599
v 39.068390 65.635101 18.313599
v 38.926403 65.587219 18.253235
v 38.815060 65.493698 18.149933
v 38.742943 65.363358 18.013245
v 38.717701 65.212433 17.860077
v 38.717701 42.716656 -17.875626
v 38.742928 42.571873 -18.022629
v 38.815113 42.446648 -18.154190
v 38.926601 42.356319 -18.254333
v 39.068390 42.309525 -18.313599
v 38.717701 65.212433 -17.860092
v 38.742943 65.363358 -18.013229
v 38.815060 65.493698 -18.149933
v 38.926403 65.587219 -18.253235
v 39.068390 65.635101 -18.313599
v -41.544468 0.832394 33.651581
v -41.252171 0.394939 33.651581
v -40.814716 0.102642 33.651581
v -40.298706 0.000000 33.651581
v -40.298706 0.102642 34.167603
v -40.298706 0.394939 34.605072
v -40.298706 0.832394 34.897369
v -40.298706 1.348404 35.000000
v -40.814716 1.348404 34.897369
v -41.252171 1.348404 34.605072
v -41.544468 1.348404 34.167603
v -41.647110 1.348404 33.651581
v -37.799026 1.348404 35.000000
v -38.275761 1.348404 35.000000
v -38.752495 1.348404 35.000000
v -39.229229 1.348404 35.000000
v -39.229053 0.832394 34.897369
v -39.228996 0.394939 34.605072
v -39.229053 0.102642 34.167603
v -39.229229 0.000000 33.651581
v -38.752495 0.000000 33.651581
v -38.275761 0.000000 33.651581
v -37.799026 0.000000 33.651581
v -37.322296 0.000000 33.651581
v -37.322315 0.102642 34.167603
v -37.322323 0.394939 34.605072
v -37.322315 0.832394 34.897369
v -37.322296 1.348404 35.000000
v -40.814468 90.962570 34.897552
v -41.251862 90.965782 34.605286
v -41.544254 90.962570 34.167755
v -41.647110 90.953484 33.651581
v -41.647110 90.476746 33.651581
v -41.647110 90.000008 33.651581
v -41.647110 89.523277 33.651581
v -41.647110 89.046539 33.651581
v -41.543896 89.061478 34.167999
v -41.251335 89.066727 34.605682
v -40.814045 89.061478 34.897858
v -40.298706 89.046539 35.000000
v -40.298706 89.523277 35.000000
v -40.298706 90.000008 35.000000
v -40.298706 90.476746 35.000000
v -40.298706 90.953484 35.000000
v -38.366455 91.221497 34.192108
v -38.647411 91.108940 34.626251
v -39.074223 91.003448 34.910553
v -39.579334 90.921768 35.000000
v -39.509869 90.434906 35.000000
v -39.440399 89.948036 35.000000
v -39.370934 89.461166 35.000000
v -39.301468 88.974304 35.000000
v -38.803482 88.901535 35.000000
v -38.310513 88.788605 35.000000
v -37.815422 88.684669 35.000000
v -37.313457 88.639099 35.000000
v -37.229954 89.165405 34.906311
v -37.131767 89.609818 34.621063
v -37.034168 89.903259 34.188721
v -36.952362 90.000008 33.676605
v -37.458813 90.100754 33.678040
v -37.888153 90.387627 33.678528
v -38.175030 90.816978 33.678040
v -38.275761 91.323410 33.676605
v -41.544254 90.962570 -34.167755
v -41.251862 90.965782 -34.605286
v -40.814468 90.962570 -34.897552
v -40.298706 90.953484 -35.000000
v -40.298706 90.476746 -35.000000
v -40.298706 90.000008 -35.000000
v -40.298706 89.523277 -35.000000
v -40.298706 89.046539 -35.000000
v -40.814045 89.061478 -34.897858
v -41.251335 89.066727 -34.605682
v -41.543896 89.061478 -34.168015
v -41.647110 89.046539 -33.651596
v -41.647110 89.523277 -33.651596
v -41.647110 90.000008 -33.651596
v -41.647110 90.476746 -33.651596
v -41.647110 90.953484 -33.651596
v -39.074223 91.003448 -34.910538
v -38.647411 91.108940 -34.626266
v -38.366455 91.221497 -34.192123
v -38.275761 91.323410 -33.676605
v -38.176941 90.816925 -33.683868
v -37.895489 90.387573 -33.691162
v -37.474255 90.100708 -33.697388
v -36.977367 90.000008 -33.701599
v -37.063595 89.908508 -34.204788
v -37.165745 89.627731 -34.629349
v -37.267864 89.201523 -34.908981
v -37.353996 88.696426 -35.000000
v -37.844494 88.733421 -35.000000
v -38.330227 88.817879 -35.000000
v -38.814251 88.911026 -35.000000
v -39.301468 88.974304 -35.000000
v -39.370934 89.461166 -35.000000
v -39.440399 89.948036 -35.000000
v -39.509869 90.434906 -35.000000
v -39.579334 90.921768 -35.000000
v -40.814716 0.102642 -33.651596
v -41.252171 0.394939 -33.651596
v -41.544468 0.832394 -33.651596
v -41.647110 1.348404 -33.651596
v -41.544468 1.348404 -34.167603
v -41.252171 1.348404 -34.605057
v -40.814716 1.348404 -34.897369
v -40.298706 1.348404 -35.000000
v -40.298706 0.832394 -34.897369
v -40.298706 0.394939 -34.605057
v -40.298706 0.102642 -34.167603
v -40.298706 0.000000 -33.651596
v -37.799026 0.000000 -33.651596
v -38.275761 0.000000 -33.651596
v -38.752495 0.000000 -33.651596
v -39.229229 0.000000 -33.651596
v -39.229053 0.102642 -34.167603
v -39.228996 0.394939 -34.605057
v -39.229053 0.832394 -34.897369
v -39.229229 1.348404 -35.000000
v -38.752495 1.348404 -35.000000
v -38.275761 1.348404 -35.000000
v -37.799026 1.348404 -35.000000
v -37.322296 1.348404 -35.000000
v -37.322220 0.832394 -34.897369
v -37.322193 0.394939 -34.605057
v -37.322220 0.102642 -34.167603
v -37.322296 0.000000 -33.651596
v 31.871626 0.832394 34.897369
v 31.871626 0.394939 34.605072
v 31.871626 0.102642 34.167603
v 31.871626 0.000000 33.651581
v 32.387630 0.102642 33.651581
v 32.825085 0.394939 33.651581
v 33.117382 0.832394 33.651581
v 33.220024 1.348404 33.651581
v 33.117382 1.348404 34.167603
v 32.825085 1.348404 34.605072
v 32.387630 1.348404 34.897369
v 31.871626 1.348404 35.000000
v 31.871626 89.897369 34.167603
v 31.871626 89.605072 34.605072
v 31.871626 89.167618 34.897369
v 31.871626 88.651596 35.000000
v 32.387630 88.651649 34.897369
v 32.825085 88.651657 34.605072
v 33.117382 88.651649 34.167603
v 33.220024 88.651596 33.651581
v 33.117382 89.167618 33.651520
v 32.825085 89.605072 33.651489
v 32.387630 89.897369 33.651520
v 31.871626 90.000008 33.651581
v 31.871626 89.167618 -34.897369
v 31.871626 89.605072 -34.605057
v 31.871626 89.897369 -34.167603
v 31.871626 90.000008 -33.651596
v 32.387630 89.897369 -33.651443
v 32.825085 89.605072 -33.651398
v 33.117382 89.167618 -33.651443
v 33.220024 88.651596 -33.651596
v 33.117382 88.651459 -34.167603
v 32.825085 88.651413 -34.605057
v 32.387630 88.651459 -34.897369
v 31.871626 88.651596 -35.000000
v 31.871626 0.102642 -34.167603
v 31.871626 0.394939 -34.605057
v 31.871626 0.832394 -34.897369
v 31.871626 1.348404 -35.000000
v 32.387630 1.348404 -34.897369
v 32.825085 1.348404 -34.605057
v 33.117382 1.348404 -34.167603
v 33.220024 1.348404 -33.651596
v 33.117382 0.832394 -33.651596
v 32.825085 0.394939 -33.651596
v 32.387630 0.102642 -33.651596
v 31.871626 0.000000 -33.651596
v -40.814716 96.312653 33.651581
v -41.252171 96.020355 33.651581
v -41.544468 95.582893 33.651581
v -41.647110 95.066879 33.651581
v -41.544468 95.066879 34.167603
v -41.252171 95.066879 34.605072
v -40.814716 95.066879 34.897369
v -40.298706 95.066879 35.000000
v -40.298706 95.582893 34.897369
v -40.298706 96.020355 34.605072
v -40.298706 96.312653 34.167603
v -40.298706 96.415283 33.651581
v -38.378399 95.582886 33.650208
v -38.670696 96.020340 33.649719
v -39.108150 96.312637 33.650208
v -39.624165 96.415283 33.651581
v -39.626400 96.312637 34.167633
v -39.627186 96.020325 34.605072
v -39.626400 95.582886 34.897369
v -39.624165 95.066879 35.000000
v -39.108154 95.066879 34.897369
v -38.670700 95.066879 34.605072
v -38.378403 95.066879 34.167603
v -38.275761 95.066879 33.651581
v -39.626400 95.582886 -34.897369
v -39.627186 96.020325 -34.605072
v -39.626400 96.312637 -34.167618
v -39.624165 96.415283 -33.651596
v -39.108150 96.312637 -33.650208
v -38.670696 96.020340 -33.649734
v -38.378399 95.582886 -33.650208
v -38.275761 95.066879 -33.651596
v -38.378403 95.066879 -34.167603
v -38.670700 95.066879 -34.605057
v -39.108154 95.066879 -34.897369
v -39.624165 95.066879 -35.000000
v -41.544468 95.582893 -33.651596
v -41.252171 96.020355 -33.651596
v -40.814716 96.312653 -33.651596
v -40.298706 96.415283 -33.651596
v -40.298706 96.312653 -34.167603
v -40.298706 96.020355 -34.605057
v -40.298706 95.582893 -34.897369
v -40.298706 95.066879 -35.000000
v -40.814716 95.066879 -34.897369
v -41.252171 95.066879 -34.605057
v -41.544468 95.066879 -34.167603
v -41.647110 95.066879 -33.651596
v -41.475140 0.882984 34.117035
v -41.209515 0.437599 34.046753
v -40.764133 0.171970 34.117035
v -40.693859 0.437599 34.562408
v -40.764133 0.882980 34.828033
v -41.209515 0.953255 34.562408
v -41.076939 0.570175 34.429840
v -37.798996 0.832394 34.897369
v -38.275681 0.832394 34.897369
v -38.752373 0.832394 34.897369
v -38.752331 0.394939 34.605072
v -38.752373 0.102642 34.167603
v -38.275681 0.102642 34.167603
v -37.798996 0.102642 34.167603
v -37.798985 0.394939 34.605072
v -38.275654 0.394939 34.605072
v -40.814358 90.487488 34.897614
v -41.251724 90.491272 34.605377
v -41.544163 90.487488 34.167816
v -41.544071 90.012268 34.167877
v -41.543980 89.536934 34.167938
v -41.251461 89.541718 34.605591
v -40.814144 89.536934 34.897797
v -40.814251 90.012268 34.897705
v -41.251591 90.016571 34.605499
v -38.266094 90.671547 34.228088
v -38.528240 90.501129 34.653687
v -38.956116 90.462479 34.910431
v -38.823116 89.955376 34.924896
v -38.819302 89.442673 34.975372
v -38.300327 89.412674 34.911255
v -37.782578 89.264145 34.900848
v -37.744003 89.714996 34.638306
v -37.585674 90.001175 34.225372
v -38.004456 90.257988 34.253571
v -38.276176 89.969322 34.696198
v -41.544163 90.487488 -34.167816
v -41.251724 90.491272 -34.605392
v -40.814358 90.487488 -34.897629
v -40.814251 90.012268 -34.897705
v -40.814144 89.536934 -34.897797
v -41.251461 89.541718 -34.605591
v -41.543980 89.536934 -34.167953
v -41.544071 90.012268 -34.167892
v -41.251591 90.016571 -34.605499
v -38.958118 90.464043 -34.910706
v -38.531353 90.505524 -34.655212
v -38.268402 90.672882 -34.231934
v -38.013187 90.261421 -34.261139
v -37.603867 90.006363 -34.237061
v -37.765820 89.730095 -34.644714
v -37.808849 89.292862 -34.903259
v -38.317303 89.430984 -34.912598
v -38.828674 89.449966 -34.975616
v -38.829403 89.959534 -34.925598
v -38.287437 89.979523 -34.699615
v -40.764133 0.171970 -34.117020
v -41.209515 0.437599 -34.046753
v -41.475140 0.882984 -34.117020
v -41.209515 0.953255 -34.562408
v -40.764133 0.882980 -34.828033
v -40.693859 0.437599 -34.562408
v -41.076939 0.570175 -34.429825
v -37.798923 0.102642 -34.167603
v -38.275635 0.102642 -34.167603
v -38.752346 0.102642 -34.167603
v -38.752300 0.394939 -34.605057
v -38.752346 0.832394 -34.897369
v -38.275635 0.832394 -34.897369
v -37.798923 0.832394 -34.897369
v -37.798889 0.394939 -34.605057
v -38.275589 0.394939 -34.605057
v 32.337048 0.882980 34.828033
v 32.266773 0.437599 34.562408
v 32.337048 0.171970 34.117035
v 32.782425 0.437599 34.046753
v 33.048054 0.882980 34.117035
v 32.782425 0.953255 34.562408
v 32.649853 0.570175 34.429840
v 32.337048 89.828018 34.116974
v 32.266777 89.562416 34.562378
v 32.337051 89.117050 34.828003
v 32.782433 89.046768 34.562347
v 33.048058 89.117027 34.116943
v 32.782429 89.562386 34.046661
v 32.649857 89.429825 34.429749
v 32.337051 89.116943 -34.828003
v 32.266785 89.562347 -34.562347
v 32.337051 89.828011 -34.116928
v 32.782433 89.562347 -34.046585
v 33.048058 89.116920 -34.116913
v 32.782433 89.046616 -34.562332
v 32.649860 89.429726 -34.429718
v 32.337048 0.171970 -34.117020
v 32.266773 0.437599 -34.562408
v 32.337048 0.882980 -34.828033
v 32.782425 0.953255 -34.562408
v 33.048054 0.882980 -34.117020
v 32.782425 0.437599 -34.046753
v 32.649853 0.570175 -34.429825
v -40.764141 96.243332 34.117004
v -41.209526 95.977692 34.046722
v -41.475147 95.532310 34.117004
v -41.209522 95.462036 34.562408
v -40.764141 95.532318 34.828033
v -40.693871 95.977692 34.562378
v -41.076950 95.845123 34.429810
v -38.448368 95.532425 34.116028
v -38.714470 95.977783 34.045013
v -39.160595 96.243362 34.115601
v -39.231438 95.977806 34.561401
v -39.160202 95.532425 34.827423
v -38.714329 95.462219 34.561615
v -38.847637 95.845291 34.428436
v -39.160202 95.532425 -34.827423
v -39.231438 95.977806 -34.561417
v -39.160595 96.243362 -34.115601
v -38.714470 95.977783 -34.045013
v -38.448368 95.532425 -34.116013
v -38.714329 95.462219 -34.561615
v -38.847637 95.845291 -34.428436
v -41.475147 95.532310 -34.117020
v -41.209526 95.977692 -34.046738
v -40.764141 96.243332 -34.117004
v -40.693871 95.977692 -34.562393
v -40.764141 95.532318 -34.828018
v -41.209522 95.462036 -34.562393
v -41.076950 95.845123 -34.429810
v 32.387630 86.291306 34.897369
v 31.871626 86.291260 35.000000
v -37.313698 86.279099 35.000000
v -37.814980 86.323433 35.000000
v -38.309574 86.424561 35.000000
v -38.802101 86.534439 35.000000
v -39.299515 86.605240 35.000000
v -40.298706 86.675522 35.000000
v -40.814064 86.690063 34.897858
v -41.251354 86.695168 34.605682
v -41.543911 86.690063 34.167999
v -41.647110 86.675522 33.651581
v -41.647110 86.675522 -33.651596
v -41.543911 86.690063 -34.167999
v -41.251354 86.695168 -34.605667
v -40.814064 86.690063 -34.897858
v -40.298706 86.675522 -35.000000
v -39.299515 86.605240 -35.000000
v -38.812584 86.543671 -35.000000
v -38.328758 86.453049 -35.000000
v -37.843266 86.370865 -35.000000
v -37.353142 86.334877 -35.000000
v 31.871626 86.291260 -35.000000
v 32.387630 86.291122 -34.897369
v 32.825085 86.291077 -34.605057
v 33.117382 86.291122 -34.167603
v 33.220024 86.291260 -33.651596
v 33.220024 86.291260 33.651581
v 33.117382 86.291306 34.167603
v 32.825085 86.291321 34.605072
v 44.457836 69.828369 25.034088
v 44.169029 69.396118 25.034088
v 43.736794 69.107300 25.034088
v 43.226936 69.005859 25.034088
v 42.717083 69.107300 25.034088
v 42.284843 69.396118 25.034088
v 41.996033 69.828369 25.034088
v 41.894623 70.338257 25.034088
v 41.996040 70.848145 25.034088
v 42.284843 71.280273 25.034088
v 42.717083 71.569092 25.034088
v 43.226936 71.670532 25.034088
v 43.736790 71.569092 25.034088
v 44.169025 71.280273 25.034088
v 44.457836 70.848145 25.034088
v 44.559254 70.338257 25.034088
v 44.457836 69.828369 -25.034088
v 44.169029 69.396118 -25.034088
v 43.736794 69.107300 -25.034088
v 43.226936 69.005859 -25.034088
v 42.717083 69.107300 -25.034088
v 42.284843 69.396118 -25.034088
v 41.996033 69.828369 -25.034088
v 41.894623 70.338257 -25.034088
v 41.996040 70.848145 -25.034088
v 42.284843 71.280273 -25.034088
v 42.717083 71.569092 -25.034088
v 43.226936 71.670532 -25.034088
v 43.736790 71.569092 -25.034088
v 44.169025 71.280273 -25.034088
v 44.457836 70.848145 -25.034088
v 44.559254 70.338257 -25.034088
v 43.226936 70.338257 25.034088
v 43.226936 70.338257 -25.034088
v 33.367001 89.248123 34.798920
v 33.361919 89.490234 34.637146
v 33.357319 89.652008 34.395020
v 33.357319 89.708817 34.109436
v 33.071728 89.652008 34.109436
v 32.834209 89.490234 34.109436
v 32.677525 89.248116 34.109436
v 32.626705 88.962524 34.109436
v 32.683514 88.962524 34.395020
v 32.845287 88.962524 34.637146
v 33.087406 88.962524 34.798920
v 33.372997 88.962524 34.855743
v 33.903130 74.746964 34.395020
v 33.877308 74.908737 34.637146
v 33.837475 75.150848 34.798920
v 33.788631 75.436447 34.855743
v 33.503040 75.436447 34.798920
v 33.260929 75.436440 34.637146
v 33.099155 75.436440 34.395020
v 33.042347 75.436440 34.109436
v 33.147995 75.150856 34.109436
v 33.349602 74.908737 34.109436
v 33.617538 74.746964 34.109436
v 33.912045 74.690155 34.109436
v 33.357319 89.652008 -34.395035
v 33.361919 89.490234 -34.637146
v 33.367001 89.248123 -34.798920
v 33.372997 88.962524 -34.855728
v 33.087406 88.962524 -34.798920
v 32.845287 88.962524 -34.637146
v 32.683514 88.962524 -34.395035
v 32.626705 88.962524 -34.109436
v 32.677525 89.248116 -34.109436
v 32.834209 89.490234 -34.109436
v 33.071728 89.652008 -34.109436
v 33.357319 89.708817 -34.109436
v 33.837475 75.150848 -34.798920
v 33.877308 74.908737 -34.637146
v 33.903130 74.746964 -34.395035
v 33.912045 74.690155 -34.109436
v 33.617538 74.746964 -34.109436
v 33.349602 74.908737 -34.109436
v 33.147995 75.150856 -34.109436
v 33.042347 75.436440 -34.109436
v 33.099155 75.436440 -34.395035
v 33.260929 75.436440 -34.637146
v 33.503040 75.436447 -34.798920
v 33.788631 75.436447 -34.855728
v 38.454769 89.248116 34.109436
v 38.287914 89.490227 34.109436
v 38.041203 89.652008 34.109436
v 37.755611 89.708817 34.109436
v 37.755611 89.652008 34.395020
v 37.760204 89.490234 34.637146
v 37.765293 89.248108 34.798920
v 37.771282 88.962524 34.855743
v 38.056873 88.962524 34.798920
v 38.298992 88.962517 34.637146
v 38.460766 88.962517 34.395020
v 38.517574 88.962517 34.109436
v 40.159786 74.746964 34.109436
v 40.376080 74.908737 34.109436
v 40.498028 75.150848 34.109436
v 40.505993 75.436440 34.109436
v 40.449184 75.436440 34.395020
v 40.287411 75.436440 34.637146
v 40.045292 75.436447 34.798920
v 39.759701 75.436447 34.855743
v 39.808544 75.150848 34.798920
v 39.848377 74.908737 34.637146
v 39.874195 74.746964 34.395020
v 39.883114 74.690155 34.109436
v 40.045292 75.436447 -34.798920
v 40.287411 75.436440 -34.637146
v 40.449184 75.436440 -34.395035
v 40.505993 75.436440 -34.109436
v 40.498028 75.150848 -34.109436
v 40.376080 74.908737 -34.109436
v 40.159786 74.746964 -34.109436
v 39.883114 74.690155 -34.109436
v 39.874195 74.746964 -34.395035
v 39.848377 74.908737 -34.637146
v 39.808544 75.150848 -34.798920
v 39.759701 75.436447 -34.855728
v 38.041203 89.652008 -34.109436
v 38.287914 89.490227 -34.109436
v 38.454769 89.248116 -34.109436
v 38.517574 88.962517 -34.109436
v 38.460766 88.962517 -34.395035
v 38.298992 88.962517 -34.637146
v 38.056873 88.962524 -34.798920
v 37.771282 88.962524 -34.855728
v 37.765293 89.248108 -34.798920
v 37.760204 89.490234 -34.637146
v 37.755611 89.652008 -34.395035
v 37.755611 89.708817 -34.109436
v 33.109409 89.220123 34.760559
v 33.143215 89.466621 34.613525
v 33.099728 89.613640 34.367035
v 32.857822 89.466614 34.328156
v 32.715893 89.220123 34.367035
v 32.862904 89.181229 34.613525
v 32.931202 89.393250 34.540161
v 33.639465 74.785332 34.367035
v 33.654781 74.932350 34.613525
v 33.575180 75.178848 34.760559
v 33.322117 75.217743 34.613525
v 33.181667 75.178848 34.367035
v 33.369385 74.932358 34.328156
v 33.430805 75.005722 34.540161
v 33.099728 89.613640 -34.367035
v 33.143215 89.466621 -34.613541
v 33.109409 89.220123 -34.760544
v 32.862904 89.181229 -34.613541
v 32.715893 89.220123 -34.367035
v 32.857822 89.466614 -34.328140
v 32.931202 89.393250 -34.540161
v 33.575180 75.178848 -34.760544
v 33.654781 74.932350 -34.613541
v 33.639465 74.785332 -34.367035
v 33.369385 74.932358 -34.328140
v 33.181667 75.178848 -34.367035
v 33.322117 75.217743 -34.613541
v 33.430805 75.005722 -34.540161
v 38.416401 89.220123 34.367035
v 38.264301 89.466614 34.328156
v 38.013203 89.613640 34.367035
v 37.978909 89.466614 34.613525
v 38.022884 89.220123 34.760559
v 38.269390 89.181229 34.613525
v 38.190922 89.393250 34.540161
v 40.125721 74.785332 34.367035
v 40.348644 74.932358 34.328156
v 40.454952 75.178848 34.367035
v 40.301380 75.217743 34.613525
v 40.061443 75.178848 34.760559
v 40.063251 74.932350 34.613525
v 40.263309 75.005722 34.540161
v 40.061443 75.178848 -34.760544
v 40.301380 75.217743 -34.613541
v 40.454952 75.178848 -34.367035
v 40.348644 74.932358 -34.328140
v 40.125721 74.785332 -34.367035
v 40.063251 74.932350 -34.613541
v 40.263309 75.005722 -34.540161
v 38.013203 89.613640 -34.367035
v 38.264301 89.466614 -34.328140
v 38.416401 89.220123 -34.367035
v 38.269390 89.181229 -34.613541
v 38.022884 89.220123 -34.760544
v 37.978909 89.466614 -34.613541
v 38.190922 89.393250 -34.540161
v 33.753971 25.773697 34.798920
v 33.753967 26.015812 34.637146
v 33.753967 26.177586 34.395020
v 33.753967 26.234394 34.109436
v 33.468376 26.177586 34.109436
v 33.226265 26.015812 34.109436
v 33.064487 25.773697 34.109436
v 33.007683 25.488102 34.109436
v 33.064491 25.488102 34.395020
v 33.226265 25.488102 34.637146
v 33.468376 25.488102 34.798920
v 33.753967 25.488102 34.855743
v 33.753971 0.056808 34.395020
v 33.753967 0.218583 34.637146
v 33.753967 0.460696 34.798920
v 33.753975 0.746289 34.855743
v 33.468384 0.746289 34.798920
v 33.226265 0.746289 34.637146
v 33.064491 0.746289 34.395020
v 33.007683 0.746289 34.109436
v 33.064491 0.460696 34.109436
v 33.226265 0.218583 34.109436
v 33.468380 0.056808 34.109436
v 33.753971 -0.000001 34.109436
v 33.753967 26.177586 -34.395035
v 33.753967 26.015812 -34.637146
v 33.753971 25.773697 -34.798920
v 33.753967 25.488102 -34.855728
v 33.468376 25.488102 -34.798920
v 33.226265 25.488102 -34.637146
v 33.064491 25.488102 -34.395035
v 33.007683 25.488102 -34.109436
v 33.064487 25.773697 -34.109436
v 33.226265 26.015812 -34.109436
v 33.468376 26.177586 -34.109436
v 33.753967 26.234394 -34.109436
v 33.753967 0.460696 -34.798920
v 33.753967 0.218583 -34.637146
v 33.753971 0.056808 -34.395035
v 33.753971 -0.000001 -34.109436
v 33.468380 0.056808 -34.109436
v 33.226265 0.218583 -34.109436
v 33.064491 0.460696 -34.109436
v 33.007683 0.746289 -34.109436
v 33.064491 0.746289 -34.395035
v 33.226265 0.746289 -34.637146
v 33.468384 0.746289 -34.798920
v 33.753975 0.746289 -34.855728
v 40.414516 25.773697 34.109436
v 40.252747 26.015812 34.109436
v 40.010628 26.177586 34.109436
v 39.725037 26.234394 34.109436
v 39.725037 26.177586 34.395020
v 39.725037 26.015812 34.637146
v 39.725040 25.773697 34.798920
v 39.725037 25.488102 34.855743
v 40.010628 25.488102 34.798920
v 40.252747 25.488102 34.637146
v 40.414520 25.488102 34.395020
v 40.471329 25.488102 34.109436
v 40.010632 0.056808 34.109436
v 40.252747 0.218583 34.109436
v 40.414520 0.460696 34.109436
v 40.471329 0.746289 34.109436
v 40.414520 0.746289 34.395020
v 40.252747 0.746289 34.637146
v 40.010635 0.746289 34.798920
v 39.725044 0.746289 34.855743
v 39.725037 0.460696 34.798920
v 39.725037 0.218583 34.637146
v 39.725040 0.056808 34.395020
v 39.725040 -0.000001 34.109436
v 40.010635 0.746289 -34.798920
v 40.252747 0.746289 -34.637146
v 40.414520 0.746289 -34.395035
v 40.471329 0.746289 -34.109436
v 40.414520 0.460696 -34.109436
v 40.252747 0.218583 -34.109436
v 40.010632 0.056808 -34.109436
v 39.725040 -0.000001 -34.109436
v 39.725040 0.056808 -34.395035
v 39.725037 0.218583 -34.637146
v 39.725037 0.460696 -34.798920
v 39.725044 0.746289 -34.855728
v 40.010628 26.177586 -34.109436
v 40.252747 26.015812 -34.109436
v 40.414516 25.773697 -34.109436
v 40.471329 25.488102 -34.109436
v 40.414520 25.488102 -34.395035
v 40.252747 25.488102 -34.637146
v 40.010628 25.488102 -34.798920
v 39.725037 25.488102 -34.855728
v 39.725040 25.773697 -34.798920
v 39.725037 26.015812 -34.637146
v 39.725037 26.177586 -34.395035
v 39.725037 26.234394 -34.109436
v 33.496376 25.745701 34.760559
v 33.535271 25.992199 34.613525
v 33.496376 26.139217 34.367035
v 33.249870 25.992199 34.328156
v 33.102859 25.745701 34.367035
v 33.249870 25.706806 34.613525
v 33.323250 25.918827 34.540161
v 33.496376 0.095178 34.367035
v 33.535271 0.242192 34.613525
v 33.496376 0.488694 34.760559
v 33.249874 0.527587 34.613525
v 33.102859 0.488694 34.367035
v 33.249870 0.242192 34.328156
v 33.323250 0.315568 34.540161
v 33.496376 26.139217 -34.367035
v 33.535271 25.992199 -34.613541
v 33.496376 25.745701 -34.760544
v 33.249870 25.706806 -34.613541
v 33.102859 25.745701 -34.367035
v 33.249870 25.992199 -34.328140
v 33.323250 25.918827 -34.540161
v 33.496376 0.488694 -34.760544
v 33.535271 0.242192 -34.613541
v 33.496376 0.095178 -34.367035
v 33.249870 0.242192 -34.328140
v 33.102859 0.488694 -34.367035
v 33.249874 0.527587 -34.613541
v 33.323250 0.315568 -34.540161
v 40.376144 25.745701 34.367035
v 40.229134 25.992199 34.328156
v 39.982635 26.139217 34.367035
v 39.943741 25.992199 34.613525
v 39.982635 25.745701 34.760559
v 40.229134 25.706806 34.613525
v 40.155754 25.918827 34.540161
v 39.982635 0.095178 34.367035
v 40.229141 0.242193 34.328156
v 40.376144 0.488694 34.367035
v 40.229137 0.527587 34.613525
v 39.982635 0.488694 34.760559
v 39.943741 0.242193 34.613525
v 40.155754 0.315568 34.540161
v 39.982635 0.488694 -34.760544
v 40.229137 0.527587 -34.613541
v 40.376144 0.488694 -34.367035
v 40.229141 0.242193 -34.328140
v 39.982635 0.095178 -34.367035
v 39.943741 0.242193 -34.613541
v 40.155754 0.315568 -34.540161
v 39.982635 26.139217 -34.367035
v 40.229134 25.992199 -34.328140
v 40.376144 25.745701 -34.367035
v 40.229134 25.706806 -34.613541
v 39.982635 25.745701 -34.760544
v 39.943741 25.992199 -34.613541
v 40.155754 25.918827 -34.540161
v 40.684425 67.926651 29.038452
v 42.116528 68.132309 29.038452
v 40.684425 72.052231 29.038452
v 42.116528 72.052231 29.038452
v 40.684425 72.052231 24.389160
v 42.116528 72.052231 24.389160
v 40.684425 67.926651 24.389160
v 42.116528 68.132309 24.389160
v 40.684425 69.245293 29.038452
v 40.684425 72.052231 26.713806
v 40.684425 71.175781 24.389160
v 40.684425 67.926651 26.713806
v 45.297985 70.302788 24.389160
v 45.297985 70.252762 24.389160
v 40.684425 70.254807 24.389160
v 40.684425 69.245293 24.389160
v 42.991207 70.302513 24.389160
v 40.684425 70.254807 29.038452
v 40.684425 71.175781 29.038452
v 40.684425 70.254807 26.713806
v 42.991207 70.302513 29.038452
v 45.297985 70.302788 29.038452
v 45.297985 70.302788 26.713806
v 45.297985 70.202751 29.038452
v 45.297985 70.252762 29.038452
v 43.548626 72.052231 29.038452
v 43.548626 72.052231 26.713806
v 45.297985 70.202751 26.713806
v 43.548626 68.447418 24.389160
v 43.548626 68.447418 26.713806
v 43.985966 71.935051 29.038452
v 44.423302 71.817871 29.038452
v 44.423302 71.817871 26.713806
v 44.423302 71.817871 24.389160
v 43.985966 71.935051 24.389160
v 44.743454 71.497711 29.038452
v 45.063614 71.177551 29.038452
v 45.063614 71.177551 26.713806
v 45.063614 71.177551 24.389160
v 44.743454 71.497711 24.389160
v 45.180798 70.740173 29.038452
v 45.180798 70.740173 24.389160
v 45.180798 69.765404 29.038452
v 45.063614 69.328079 29.038452
v 45.063614 69.328072 26.713806
v 45.063614 69.328079 24.389160
v 45.180798 69.765404 24.389160
v 44.743454 69.007912 29.038452
v 44.423302 68.687752 29.038452
v 44.423302 68.687752 26.713806
v 44.423302 68.687752 24.389160
v 44.743454 69.007912 24.389160
v 43.985966 68.570572 29.038452
v 43.985966 68.570572 24.389160
v 43.548626 72.052231 24.389160
v 42.116528 72.052231 26.713806
v 43.548626 68.447418 29.038452
v 42.116528 68.132309 26.713806
v 40.684425 71.175781 26.713806
v 40.684425 69.245293 26.713806
v 45.297985 70.202751 24.389160
v 45.297985 70.252762 26.713806
v 43.985966 71.935051 26.713806
v 44.743454 71.497711 26.713806
v 45.180798 70.740173 26.713806
v 45.180798 69.765404 26.713806
v 44.743454 69.007912 26.713806
v 43.985966 68.570572 26.713806
v 42.817852 71.097923 29.038452
v 42.817852 71.097923 24.389160
v 42.820736 69.436272 29.038452
v 42.820736 69.436272 24.389160
vt 0.633555 0.094772
vt 0.376897 0.312501
vt 0.376480 0.368745
vt 0.375000 0.605602
vt 0.623103 0.312501
vt 0.623522 0.368666
vt 0.611272 0.312501
vt 0.599863 0.048342
vt 0.607908 0.056388
vt 0.524178 0.140095
vt 0.392522 0.312501
vt 0.392105 0.368745
vt 0.550967 0.018341
vt 0.561478 0.022695
vt 0.516156 0.132072
vt 0.408147 0.312501
vt 0.407730 0.368745
vt 0.494312 0.009335
vt 0.505689 0.009335
vt 0.505673 0.127730
vt 0.423772 0.312501
vt 0.423355 0.368745
vt 0.438522 0.022695
vt 0.449034 0.018341
vt 0.494327 0.127730
vt 0.439397 0.312501
vt 0.438980 0.368745
vt 0.392093 0.056388
vt 0.400138 0.048342
vt 0.483845 0.132072
vt 0.455022 0.312501
vt 0.454605 0.368745
vt 0.362091 0.105284
vt 0.366445 0.094772
vt 0.475822 0.140095
vt 0.470647 0.312501
vt 0.470230 0.368745
vt 0.353085 0.161939
vt 0.353085 0.150561
vt 0.471480 0.150577
vt 0.486272 0.312501
vt 0.485855 0.368745
vt 0.366445 0.217728
vt 0.362091 0.207216
vt 0.471480 0.161923
vt 0.501897 0.312501
vt 0.501480 0.368745
vt 0.400138 0.264157
vt 0.392093 0.256112
vt 0.475822 0.172405
vt 0.517522 0.312501
vt 0.517105 0.368745
vt 0.449034 0.294159
vt 0.438522 0.289805
vt 0.483845 0.180428
vt 0.533147 0.312501
vt 0.532730 0.368745
vt 0.505689 0.303165
vt 0.494312 0.303166
vt 0.494327 0.184770
vt 0.548772 0.312501
vt 0.548355 0.368745
vt 0.561478 0.289805
vt 0.550967 0.294159
vt 0.505673 0.184770
vt 0.564397 0.312501
vt 0.563980 0.368745
vt 0.607907 0.256112
vt 0.599862 0.264158
vt 0.516156 0.180428
vt 0.580022 0.312501
vt 0.579605 0.368745
vt 0.637909 0.207216
vt 0.633555 0.217728
vt 0.524178 0.172405
vt 0.595647 0.312501
vt 0.595230 0.368745
vt 0.646916 0.161939
vt 0.528520 0.161923
vt 0.528520 0.150577
vt 0.610855 0.368745
vt 0.637909 0.894716
vt 0.623103 0.687500
vt 0.611272 0.687500
vt 0.610853 0.631336
vt 0.376478 0.631336
vt 0.389145 0.631257
vt 0.388728 0.687500
vt 0.524178 0.859905
vt 0.392522 0.687500
vt 0.392103 0.631336
vt 0.404770 0.631257
vt 0.404353 0.687500
vt 0.516156 0.867928
vt 0.408147 0.687500
vt 0.407728 0.631336
vt 0.420395 0.631257
vt 0.419978 0.687500
vt 0.505673 0.872270
vt 0.423772 0.687500
vt 0.423353 0.631336
vt 0.436020 0.631257
vt 0.435603 0.687500
vt 0.494327 0.872270
vt 0.439397 0.687500
vt 0.438978 0.631336
vt 0.451645 0.631257
vt 0.451228 0.687500
vt 0.483845 0.867928
vt 0.455022 0.687500
vt 0.454603 0.631336
vt 0.467270 0.631257
vt 0.466853 0.687500
vt 0.475822 0.859905
vt 0.470647 0.687500
vt 0.470228 0.631336
vt 0.482895 0.631257
vt 0.482478 0.687500
vt 0.471480 0.849423
vt 0.486272 0.687500
vt 0.485853 0.631336
vt 0.498520 0.631257
vt 0.498103 0.687500
vt 0.471480 0.838077
vt 0.501897 0.687500
vt 0.501478 0.631336
vt 0.514145 0.631257
vt 0.513728 0.687500
vt 0.475822 0.827595
vt 0.517522 0.687500
vt 0.517103 0.631336
vt 0.529770 0.631257
vt 0.529353 0.687500
vt 0.483845 0.819572
vt 0.533147 0.687500
vt 0.532728 0.631336
vt 0.545395 0.631257
vt 0.544978 0.687500
vt 0.494327 0.815230
vt 0.548772 0.687500
vt 0.548353 0.631336
vt 0.561020 0.631257
vt 0.560603 0.687500
vt 0.505673 0.815230
vt 0.564397 0.687500
vt 0.563978 0.631336
vt 0.576645 0.631257
vt 0.576228 0.687500
vt 0.516156 0.819572
vt 0.580022 0.687500
vt 0.579603 0.631336
vt 0.592270 0.631257
vt 0.591853 0.687500
vt 0.524178 0.827595
vt 0.595647 0.687500
vt 0.595228 0.631336
vt 0.607895 0.631257
vt 0.607478 0.687500
vt 0.646916 0.849439
vt 0.528520 0.849423
vt 0.528520 0.838077
vt 0.389147 0.368666
vt 0.404772 0.368666
vt 0.420397 0.368666
vt 0.436022 0.368666
vt 0.451647 0.368666
vt 0.467272 0.368666
vt 0.482897 0.368666
vt 0.498522 0.368666
vt 0.514147 0.368666
vt 0.529772 0.368666
vt 0.545397 0.368666
vt 0.561022 0.368666
vt 0.576647 0.368666
vt 0.592272 0.368666
vt 0.607897 0.368666
vt 0.623520 0.631257
vt 0.637909 0.105284
vt 0.646916 0.150561
vt 0.633555 0.905228
vt 0.607908 0.943612
vt 0.599863 0.951658
vt 0.561478 0.977305
vt 0.550967 0.981659
vt 0.505689 0.990665
vt 0.494311 0.990665
vt 0.449034 0.981659
vt 0.438522 0.977305
vt 0.400138 0.951657
vt 0.392093 0.943612
vt 0.366445 0.905228
vt 0.362091 0.894716
vt 0.353085 0.849439
vt 0.353085 0.838061
vt 0.362091 0.792784
vt 0.366445 0.782272
vt 0.392093 0.743888
vt 0.400138 0.735842
vt 0.438522 0.710195
vt 0.449034 0.705841
vt 0.494312 0.696834
vt 0.505689 0.696835
vt 0.550967 0.705841
vt 0.561478 0.710195
vt 0.599862 0.735842
vt 0.607907 0.743888
vt 0.633555 0.782272
vt 0.637909 0.792784
vt 0.646916 0.838061
vt 0.375000 0.364151
vt 0.375000 0.312501
vt 0.390625 0.312501
vt 0.388728 0.312501
vt 0.406250 0.312501
vt 0.404353 0.312501
vt 0.421875 0.312501
vt 0.419978 0.312501
vt 0.437500 0.312501
vt 0.435603 0.312501
vt 0.453125 0.312501
vt 0.451228 0.312501
vt 0.468750 0.312501
vt 0.466853 0.312501
vt 0.484375 0.312501
vt 0.482478 0.312501
vt 0.500000 0.312501
vt 0.498103 0.312501
vt 0.515625 0.312501
vt 0.513728 0.312501
vt 0.531250 0.312501
vt 0.529353 0.312501
vt 0.546875 0.312501
vt 0.544978 0.312501
vt 0.562500 0.312501
vt 0.560603 0.312501
vt 0.578125 0.312501
vt 0.576228 0.312501
vt 0.593750 0.312501
vt 0.591853 0.312501
vt 0.609375 0.312501
vt 0.607478 0.312501
vt 0.375000 0.687500
vt 0.376897 0.687500
vt 0.390625 0.687500
vt 0.406250 0.687500
vt 0.421875 0.687500
vt 0.437500 0.687500
vt 0.453125 0.687500
vt 0.468750 0.687500
vt 0.484375 0.687500
vt 0.500000 0.687500
vt 0.515625 0.687500
vt 0.531250 0.687500
vt 0.546875 0.687500
vt 0.562500 0.687500
vt 0.578125 0.687500
vt 0.593750 0.687500
vt 0.609375 0.687500
vt 0.633555 0.094772
vt 0.637909 0.105284
vt 0.528520 0.150577
vt 0.524178 0.140095
vt 0.376480 0.368745
vt 0.376897 0.312501
vt 0.388728 0.312501
vt 0.389147 0.368666
vt 0.375000 0.364151
vt 0.376478 0.631336
vt 0.375000 0.605602
vt 0.623103 0.312501
vt 0.623522 0.368666
vt 0.610855 0.368745
vt 0.611272 0.312501
vt 0.599863 0.048342
vt 0.607908 0.056388
vt 0.516156 0.132072
vt 0.392105 0.368745
vt 0.392522 0.312501
vt 0.404353 0.312501
vt 0.404772 0.368666
vt 0.392103 0.631336
vt 0.389145 0.631257
vt 0.550967 0.018341
vt 0.561478 0.022695
vt 0.505673 0.127730
vt 0.407730 0.368745
vt 0.408147 0.312501
vt 0.419978 0.312501
vt 0.420397 0.368666
vt 0.407728 0.631336
vt 0.404770 0.631257
vt 0.494312 0.009335
vt 0.505689 0.009335
vt 0.494327 0.127730
vt 0.423355 0.368745
vt 0.423772 0.312501
vt 0.435603 0.312501
vt 0.436022 0.368666
vt 0.423353 0.631336
vt 0.420395 0.631257
vt 0.438522 0.022695
vt 0.449034 0.018341
vt 0.483845 0.132072
vt 0.438980 0.368745
vt 0.439397 0.312501
vt 0.451228 0.312501
vt 0.451647 0.368666
vt 0.438978 0.631336
vt 0.436020 0.631257
vt 0.392093 0.056388
vt 0.400138 0.048342
vt 0.475822 0.140095
vt 0.454605 0.368745
vt 0.455022 0.312501
vt 0.466853 0.312501
vt 0.467272 0.368666
vt 0.454603 0.631336
vt 0.451645 0.631257
vt 0.362091 0.105284
vt 0.366445 0.094772
vt 0.471480 0.150577
vt 0.470230 0.368745
vt 0.470647 0.312501
vt 0.482478 0.312501
vt 0.482897 0.368666
vt 0.470228 0.631336
vt 0.467270 0.631257
vt 0.353085 0.161939
vt 0.353085 0.150561
vt 0.471480 0.161923
vt 0.485855 0.368745
vt 0.486272 0.312501
vt 0.498103 0.312501
vt 0.498522 0.368666
vt 0.485853 0.631336
vt 0.482895 0.631257
vt 0.366445 0.217728
vt 0.362091 0.207216
vt 0.475822 0.172405
vt 0.501480 0.368745
vt 0.501897 0.312501
vt 0.513728 0.312501
vt 0.514147 0.368666
vt 0.501478 0.631336
vt 0.498520 0.631257
vt 0.400138 0.264157
vt 0.392093 0.256112
vt 0.483845 0.180428
vt 0.517105 0.368745
vt 0.517522 0.312501
vt 0.529353 0.312501
vt 0.529772 0.368666
vt 0.517103 0.631336
vt 0.514145 0.631257
vt 0.449034 0.294159
vt 0.438522 0.289805
vt 0.494327 0.184770
vt 0.532730 0.368745
vt 0.533147 0.312501
vt 0.544978 0.312501
vt 0.545397 0.368666
vt 0.532728 0.631336
vt 0.529770 0.631257
vt 0.505689 0.303165
vt 0.494312 0.303166
vt 0.505673 0.184770
vt 0.548355 0.368745
vt 0.548772 0.312501
vt 0.560603 0.312501
vt 0.561022 0.368666
vt 0.548353 0.631336
vt 0.545395 0.631257
vt 0.561478 0.289805
vt 0.550967 0.294159
vt 0.516156 0.180428
vt 0.563980 0.368745
vt 0.564397 0.312501
vt 0.576228 0.312501
vt 0.576647 0.368666
vt 0.563978 0.631336
vt 0.561020 0.631257
vt 0.607907 0.256112
vt 0.599862 0.264158
vt 0.524178 0.172405
vt 0.579605 0.368745
vt 0.580022 0.312501
vt 0.591853 0.312501
vt 0.592272 0.368666
vt 0.579603 0.631336
vt 0.576645 0.631257
vt 0.637909 0.207216
vt 0.633555 0.217728
vt 0.528520 0.161923
vt 0.595230 0.368745
vt 0.595647 0.312501
vt 0.607478 0.312501
vt 0.607897 0.368666
vt 0.595228 0.631336
vt 0.592270 0.631257
vt 0.646916 0.150561
vt 0.646916 0.161939
vt 0.610853 0.631336
vt 0.607895 0.631257
vt 0.637909 0.894716
vt 0.633555 0.905228
vt 0.524178 0.859905
vt 0.528520 0.849423
vt 0.623520 0.631257
vt 0.623103 0.687500
vt 0.611272 0.687500
vt 0.376897 0.687500
vt 0.388728 0.687500
vt 0.607908 0.943612
vt 0.599863 0.951658
vt 0.516156 0.867928
vt 0.392522 0.687500
vt 0.404353 0.687500
vt 0.561478 0.977305
vt 0.550967 0.981659
vt 0.505673 0.872270
vt 0.408147 0.687500
vt 0.419978 0.687500
vt 0.505689 0.990665
vt 0.494311 0.990665
vt 0.494327 0.872270
vt 0.423772 0.687500
vt 0.435603 0.687500
vt 0.449034 0.981659
vt 0.438522 0.977305
vt 0.483845 0.867928
vt 0.439397 0.687500
vt 0.451228 0.687500
vt 0.400138 0.951657
vt 0.392093 0.943612
vt 0.475822 0.859905
vt 0.455022 0.687500
vt 0.466853 0.687500
vt 0.366445 0.905228
vt 0.362091 0.894716
vt 0.471480 0.849423
vt 0.470647 0.687500
vt 0.482478 0.687500
vt 0.353085 0.849439
vt 0.353085 0.838061
vt 0.471480 0.838077
vt 0.486272 0.687500
vt 0.498103 0.687500
vt 0.362091 0.792784
vt 0.366445 0.782272
vt 0.475822 0.827595
vt 0.501897 0.687500
vt 0.513728 0.687500
vt 0.392093 0.743888
vt 0.400138 0.735842
vt 0.483845 0.819572
vt 0.517522 0.687500
vt 0.529353 0.687500
vt 0.438522 0.710195
vt 0.449034 0.705841
vt 0.494327 0.815230
vt 0.533147 0.687500
vt 0.544978 0.687500
vt 0.494312 0.696834
vt 0.505689 0.696835
vt 0.505673 0.815230
vt 0.548772 0.687500
vt 0.560603 0.687500
vt 0.550967 0.705841
vt 0.561478 0.710195
vt 0.516156 0.819572
vt 0.564397 0.687500
vt 0.576228 0.687500
vt 0.599862 0.735842
vt 0.607907 0.743888
vt 0.524178 0.827595
vt 0.580022 0.687500
vt 0.591853 0.687500
vt 0.633555 0.782272
vt 0.637909 0.792784
vt 0.528520 0.838077
vt 0.595647 0.687500
vt 0.607478 0.687500
vt 0.646916 0.838061
vt 0.646916 0.849439
vt 0.375000 0.312501
vt 0.390625 0.312501
vt 0.406250 0.312501
vt 0.421875 0.312501
vt 0.437500 0.312501
vt 0.453125 0.312501
vt 0.468750 0.312501
vt 0.484375 0.312501
vt 0.500000 0.312501
vt 0.515625 0.312501
vt 0.531250 0.312501
vt 0.546875 0.312501
vt 0.562500 0.312501
vt 0.578125 0.312501
vt 0.593750 0.312501
vt 0.609375 0.312501
vt 0.375000 0.687500
vt 0.390625 0.687500
vt 0.406250 0.687500
vt 0.421875 0.687500
vt 0.437500 0.687500
vt 0.453125 0.687500
vt 0.468750 0.687500
vt 0.484375 0.687500
vt 0.500000 0.687500
vt 0.515625 0.687500
vt 0.531250 0.687500
vt 0.546875 0.687500
vt 0.562500 0.687500
vt 0.578125 0.687500
vt 0.593750 0.687500
vt 0.609375 0.687500
vt 0.637740 0.095424
vt 0.640407 0.101864
vt 0.517471 0.152775
vt 0.514811 0.146353
vt 0.375907 0.406238
vt 0.376162 0.312500
vt 0.389463 0.312500
vt 0.389719 0.406107
vt 0.375000 0.401350
vt 0.375906 0.593889
vt 0.375000 0.579444
vt 0.623838 0.312500
vt 0.624094 0.406107
vt 0.610282 0.406238
vt 0.610537 0.312500
vt 0.603978 0.047344
vt 0.608906 0.052272
vt 0.509897 0.141439
vt 0.391532 0.406238
vt 0.391787 0.312500
vt 0.405088 0.312500
vt 0.405344 0.406107
vt 0.391531 0.593889
vt 0.389718 0.593758
vt 0.554386 0.015843
vt 0.560826 0.018510
vt 0.503475 0.138779
vt 0.407157 0.406238
vt 0.407412 0.312500
vt 0.420713 0.312500
vt 0.420969 0.406107
vt 0.407156 0.593889
vt 0.405343 0.593758
vt 0.496515 0.005718
vt 0.503485 0.005718
vt 0.496525 0.138779
vt 0.422782 0.406238
vt 0.423037 0.312500
vt 0.436338 0.312500
vt 0.436594 0.406107
vt 0.422781 0.593889
vt 0.420968 0.593758
vt 0.439174 0.018510
vt 0.445614 0.015843
vt 0.490103 0.141439
vt 0.438407 0.406238
vt 0.438662 0.312500
vt 0.451963 0.312500
vt 0.452219 0.406107
vt 0.438406 0.593889
vt 0.436593 0.593758
vt 0.391094 0.052272
vt 0.396022 0.047344
vt 0.485189 0.146353
vt 0.454032 0.406238
vt 0.454287 0.312500
vt 0.467588 0.312500
vt 0.467844 0.406107
vt 0.454031 0.593889
vt 0.452218 0.593758
vt 0.359593 0.101864
vt 0.362261 0.095424
vt 0.482529 0.152775
vt 0.469657 0.406238
vt 0.469912 0.312500
vt 0.483213 0.312500
vt 0.483469 0.406107
vt 0.469656 0.593889
vt 0.467843 0.593758
vt 0.349468 0.159735
vt 0.349468 0.152765
vt 0.482529 0.159725
vt 0.485282 0.406238
vt 0.485537 0.312500
vt 0.498838 0.312500
vt 0.499094 0.406107
vt 0.485281 0.593889
vt 0.483468 0.593758
vt 0.362260 0.217076
vt 0.359593 0.210636
vt 0.485189 0.166147
vt 0.500907 0.406238
vt 0.501162 0.312500
vt 0.514463 0.312500
vt 0.514719 0.406107
vt 0.500906 0.593889
vt 0.499093 0.593758
vt 0.396022 0.265156
vt 0.391094 0.260228
vt 0.490103 0.171061
vt 0.516532 0.406238
vt 0.516787 0.312500
vt 0.530088 0.312500
vt 0.530344 0.406107
vt 0.516531 0.593889
vt 0.514718 0.593758
vt 0.445614 0.296657
vt 0.439174 0.293989
vt 0.496525 0.173721
vt 0.532157 0.406238
vt 0.532412 0.312500
vt 0.545713 0.312500
vt 0.545969 0.406107
vt 0.532156 0.593889
vt 0.530343 0.593758
vt 0.503485 0.306782
vt 0.496515 0.306782
vt 0.503475 0.173721
vt 0.547782 0.406238
vt 0.548037 0.312500
vt 0.561338 0.312500
vt 0.561594 0.406107
vt 0.547781 0.593889
vt 0.545968 0.593758
vt 0.560826 0.293989
vt 0.554386 0.296657
vt 0.509897 0.171061
vt 0.563407 0.406238
vt 0.563662 0.312500
vt 0.576963 0.312500
vt 0.577219 0.406107
vt 0.563406 0.593889
vt 0.561593 0.593758
vt 0.608906 0.260228
vt 0.603978 0.265156
vt 0.514811 0.166147
vt 0.579032 0.406238
vt 0.579287 0.312500
vt 0.592588 0.312500
vt 0.592844 0.406107
vt 0.579031 0.593889
vt 0.577218 0.593758
vt 0.640407 0.210636
vt 0.637739 0.217076
vt 0.517471 0.159725
vt 0.594657 0.406238
vt 0.594912 0.312500
vt 0.608213 0.312500
vt 0.608469 0.406107
vt 0.594656 0.593889
vt 0.592843 0.593758
vt 0.650532 0.152765
vt 0.650532 0.159735
vt 0.610281 0.593889
vt 0.608468 0.593758
vt 0.640407 0.898136
vt 0.637740 0.904576
vt 0.514811 0.853647
vt 0.517471 0.847225
vt 0.624093 0.593758
vt 0.623838 0.687498
vt 0.610537 0.687498
vt 0.376162 0.687498
vt 0.389463 0.687498
vt 0.608906 0.947728
vt 0.603978 0.952656
vt 0.509897 0.858561
vt 0.391787 0.687498
vt 0.405088 0.687498
vt 0.560826 0.981490
vt 0.554386 0.984157
vt 0.503475 0.861221
vt 0.407412 0.687498
vt 0.420713 0.687498
vt 0.503485 0.994282
vt 0.496515 0.994282
vt 0.496525 0.861221
vt 0.423037 0.687498
vt 0.436338 0.687498
vt 0.445614 0.984157
vt 0.439174 0.981489
vt 0.490103 0.858561
vt 0.438662 0.687498
vt 0.451963 0.687498
vt 0.396022 0.952656
vt 0.391094 0.947728
vt 0.485189 0.853647
vt 0.454287 0.687498
vt 0.467588 0.687498
vt 0.362260 0.904576
vt 0.359593 0.898136
vt 0.482529 0.847225
vt 0.469912 0.687498
vt 0.483213 0.687498
vt 0.349468 0.847235
vt 0.349468 0.840265
vt 0.482529 0.840275
vt 0.485537 0.687498
vt 0.498838 0.687498
vt 0.359593 0.789364
vt 0.362261 0.782924
vt 0.485189 0.833853
vt 0.501162 0.687498
vt 0.514463 0.687498
vt 0.391094 0.739772
vt 0.396022 0.734844
vt 0.490103 0.828939
vt 0.516787 0.687498
vt 0.530088 0.687498
vt 0.439174 0.706011
vt 0.445614 0.703343
vt 0.496525 0.826279
vt 0.532412 0.687498
vt 0.545713 0.687498
vt 0.496515 0.693218
vt 0.503485 0.693218
vt 0.503475 0.826279
vt 0.548037 0.687498
vt 0.561338 0.687498
vt 0.554386 0.703343
vt 0.560826 0.706011
vt 0.509897 0.828939
vt 0.563662 0.687498
vt 0.576963 0.687498
vt 0.603978 0.734844
vt 0.608906 0.739772
vt 0.514811 0.833853
vt 0.579287 0.687498
vt 0.592588 0.687498
vt 0.637740 0.782924
vt 0.640407 0.789364
vt 0.517471 0.840275
vt 0.594912 0.687498
vt 0.608213 0.687498
vt 0.650532 0.840265
vt 0.650532 0.847235
vt 0.375000 0.312500
vt 0.390625 0.312500
vt 0.406250 0.312500
vt 0.421875 0.312500
vt 0.437500 0.312500
vt 0.453125 0.312500
vt 0.468750 0.312500
vt 0.484375 0.312500
vt 0.500000 0.312500
vt 0.515625 0.312500
vt 0.531250 0.312500
vt 0.546875 0.312500
vt 0.562500 0.312500
vt 0.578125 0.312500
vt 0.593750 0.312500
vt 0.609375 0.312500
vt 0.375000 0.687498
vt 0.390625 0.687498
vt 0.406250 0.687498
vt 0.421875 0.687498
vt 0.437500 0.687498
vt 0.453125 0.687498
vt 0.468750 0.687498
vt 0.484375 0.687498
vt 0.500000 0.687498
vt 0.515625 0.687498
vt 0.531250 0.687498
vt 0.546875 0.687498
vt 0.562500 0.687498
vt 0.578125 0.687498
vt 0.593750 0.687498
vt 0.609375 0.687498
vt 0.639063 0.095631
vt 0.641197 0.100782
vt 0.513977 0.153470
vt 0.511849 0.148333
vt 0.375725 0.387493
vt 0.375930 0.312500
vt 0.389695 0.312500
vt 0.389901 0.387385
vt 0.375000 0.384309
vt 0.375724 0.612613
vt 0.375000 0.600165
vt 0.624070 0.312500
vt 0.624276 0.387385
vt 0.610101 0.387493
vt 0.610305 0.312500
vt 0.605279 0.047028
vt 0.609222 0.050971
vt 0.507917 0.144401
vt 0.391350 0.387493
vt 0.391555 0.312500
vt 0.405320 0.312500
vt 0.405526 0.387385
vt 0.391349 0.612613
vt 0.389900 0.612505
vt 0.555468 0.015053
vt 0.560620 0.017187
vt 0.502780 0.142273
vt 0.406975 0.387493
vt 0.407180 0.312500
vt 0.420945 0.312500
vt 0.421151 0.387385
vt 0.406974 0.612613
vt 0.405525 0.612505
vt 0.497212 0.004575
vt 0.502788 0.004575
vt 0.497220 0.142273
vt 0.422600 0.387493
vt 0.422805 0.312500
vt 0.436570 0.312500
vt 0.436776 0.387385
vt 0.422599 0.612613
vt 0.421150 0.612505
vt 0.439381 0.017187
vt 0.444532 0.015053
vt 0.492083 0.144401
vt 0.438225 0.387493
vt 0.438430 0.312500
vt 0.452195 0.312500
vt 0.452401 0.387385
vt 0.438224 0.612613
vt 0.436774 0.612505
vt 0.390778 0.050971
vt 0.394721 0.047028
vt 0.488151 0.148333
vt 0.453850 0.387493
vt 0.454055 0.312500
vt 0.467820 0.312500
vt 0.468026 0.387385
vt 0.453849 0.612613
vt 0.452400 0.612505
vt 0.358803 0.100782
vt 0.360937 0.095631
vt 0.486023 0.153470
vt 0.469475 0.387493
vt 0.469680 0.312500
vt 0.483445 0.312500
vt 0.483651 0.387385
vt 0.469474 0.612613
vt 0.468025 0.612505
vt 0.348325 0.159038
vt 0.348325 0.153462
vt 0.486023 0.159030
vt 0.485100 0.387493
vt 0.485305 0.312500
vt 0.499070 0.312500
vt 0.499276 0.387385
vt 0.485099 0.612613
vt 0.483650 0.612505
vt 0.360937 0.216869
vt 0.358803 0.211718
vt 0.488151 0.164167
vt 0.500726 0.387493
vt 0.500930 0.312500
vt 0.514695 0.312500
vt 0.514901 0.387385
vt 0.500724 0.612613
vt 0.499275 0.612505
vt 0.394721 0.265472
vt 0.390778 0.261529
vt 0.492083 0.168099
vt 0.516351 0.387493
vt 0.516555 0.312500
vt 0.530320 0.312500
vt 0.530526 0.387385
vt 0.516349 0.612613
vt 0.514900 0.612505
vt 0.444532 0.297447
vt 0.439381 0.295313
vt 0.497220 0.170227
vt 0.531976 0.387493
vt 0.532180 0.312500
vt 0.545945 0.312500
vt 0.546151 0.387385
vt 0.531974 0.612613
vt 0.530525 0.612505
vt 0.502788 0.307925
vt 0.497212 0.307925
vt 0.502780 0.170227
vt 0.547601 0.387493
vt 0.547805 0.312500
vt 0.561570 0.312500
vt 0.561776 0.387385
vt 0.547599 0.612613
vt 0.546149 0.612505
vt 0.560619 0.295313
vt 0.555468 0.297447
vt 0.507917 0.168099
vt 0.563226 0.387493
vt 0.563430 0.312500
vt 0.577195 0.312500
vt 0.577401 0.387385
vt 0.563224 0.612613
vt 0.561774 0.612505
vt 0.609222 0.261529
vt 0.605279 0.265472
vt 0.511849 0.164167
vt 0.578851 0.387493
vt 0.579055 0.312500
vt 0.592820 0.312500
vt 0.593026 0.387385
vt 0.578849 0.612613
vt 0.577400 0.612505
vt 0.641197 0.211718
vt 0.639063 0.216869
vt 0.513977 0.159030
vt 0.594476 0.387493
vt 0.594680 0.312500
vt 0.608445 0.312500
vt 0.608651 0.387385
vt 0.594474 0.612613
vt 0.593024 0.612505
vt 0.651675 0.153462
vt 0.651675 0.159038
vt 0.610099 0.612613
vt 0.608649 0.612505
vt 0.641197 0.899218
vt 0.639063 0.904369
vt 0.511849 0.851667
vt 0.513977 0.846530
vt 0.624274 0.612505
vt 0.624070 0.687500
vt 0.610305 0.687500
vt 0.375930 0.687500
vt 0.389695 0.687500
vt 0.609222 0.949029
vt 0.605279 0.952972
vt 0.507917 0.855599
vt 0.391555 0.687500
vt 0.405320 0.687500
vt 0.560619 0.982813
vt 0.555468 0.984947
vt 0.502780 0.857727
vt 0.407180 0.687500
vt 0.420945 0.687500
vt 0.502788 0.995425
vt 0.497212 0.995425
vt 0.497220 0.857727
vt 0.422805 0.687500
vt 0.436570 0.687500
vt 0.444532 0.984947
vt 0.439381 0.982813
vt 0.492083 0.855599
vt 0.438430 0.687500
vt 0.452195 0.687500
vt 0.394721 0.952972
vt 0.390778 0.949029
vt 0.488151 0.851667
vt 0.454055 0.687500
vt 0.467820 0.687500
vt 0.360937 0.904369
vt 0.358803 0.899218
vt 0.486023 0.846530
vt 0.469680 0.687500
vt 0.483445 0.687500
vt 0.348325 0.846538
vt 0.348325 0.840962
vt 0.486023 0.840970
vt 0.485305 0.687500
vt 0.499070 0.687500
vt 0.358803 0.788282
vt 0.360937 0.783131
vt 0.488151 0.835833
vt 0.500930 0.687500
vt 0.514695 0.687500
vt 0.390778 0.738471
vt 0.394721 0.734528
vt 0.492083 0.831901
vt 0.516555 0.687500
vt 0.530320 0.687500
vt 0.439381 0.704687
vt 0.444532 0.702553
vt 0.497220 0.829773
vt 0.532180 0.687500
vt 0.545945 0.687500
vt 0.497212 0.692075
vt 0.502788 0.692075
vt 0.502780 0.829773
vt 0.547805 0.687500
vt 0.561570 0.687500
vt 0.555468 0.702553
vt 0.560619 0.704687
vt 0.507917 0.831901
vt 0.563430 0.687500
vt 0.577195 0.687500
vt 0.605279 0.734528
vt 0.609222 0.738471
vt 0.511849 0.835833
vt 0.579055 0.687500
vt 0.592820 0.687500
vt 0.639063 0.783131
vt 0.641197 0.788282
vt 0.513977 0.840970
vt 0.594680 0.687500
vt 0.608445 0.687500
vt 0.651675 0.840962
vt 0.651675 0.846538
vt 0.375000 0.312500
vt 0.390625 0.312500
vt 0.406250 0.312500
vt 0.421875 0.312500
vt 0.437500 0.312500
vt 0.453125 0.312500
vt 0.468750 0.312500
vt 0.484375 0.312500
vt 0.500000 0.312500
vt 0.515625 0.312500
vt 0.531250 0.312500
vt 0.546875 0.312500
vt 0.562500 0.312500
vt 0.578125 0.312500
vt 0.593750 0.312500
vt 0.609375 0.312500
vt 0.375000 0.687500
vt 0.390625 0.687500
vt 0.406250 0.687500
vt 0.421875 0.687500
vt 0.437500 0.687500
vt 0.453125 0.687500
vt 0.468750 0.687500
vt 0.484375 0.687500
vt 0.500000 0.687500
vt 0.515625 0.687500
vt 0.531250 0.687500
vt 0.546875 0.687500
vt 0.562500 0.687500
vt 0.578125 0.687500
vt 0.593750 0.687500
vt 0.609375 0.687500
vt 0.639063 0.095631
vt 0.641197 0.100782
vt 0.513977 0.153470
vt 0.511849 0.148333
vt 0.375725 0.387491
vt 0.375930 0.312500
vt 0.389695 0.312500
vt 0.389901 0.387385
vt 0.375000 0.384309
vt 0.375724 0.612611
vt 0.375000 0.600166
vt 0.624070 0.312500
vt 0.624276 0.387385
vt 0.610100 0.387491
vt 0.610305 0.312500
vt 0.605279 0.047028
vt 0.609222 0.050971
vt 0.507917 0.144401
vt 0.391350 0.387491
vt 0.391555 0.312500
vt 0.405320 0.312500
vt 0.405526 0.387385
vt 0.391349 0.612611
vt 0.389900 0.612505
vt 0.555468 0.015053
vt 0.560620 0.017187
vt 0.502780 0.142273
vt 0.406975 0.387491
vt 0.407180 0.312500
vt 0.420945 0.312500
vt 0.421151 0.387385
vt 0.406974 0.612611
vt 0.405525 0.612505
vt 0.497212 0.004575
vt 0.502788 0.004575
vt 0.497220 0.142273
vt 0.422600 0.387491
vt 0.422805 0.312500
vt 0.436570 0.312500
vt 0.436776 0.387385
vt 0.422599 0.612611
vt 0.421150 0.612505
vt 0.439381 0.017187
vt 0.444532 0.015053
vt 0.492083 0.144401
vt 0.438225 0.387491
vt 0.438430 0.312500
vt 0.452195 0.312500
vt 0.452401 0.387385
vt 0.438224 0.612611
vt 0.436775 0.612505
vt 0.390778 0.050971
vt 0.394721 0.047028
vt 0.488151 0.148333
vt 0.453850 0.387491
vt 0.454055 0.312500
vt 0.467820 0.312500
vt 0.468026 0.387385
vt 0.453849 0.612611
vt 0.452400 0.612505
vt 0.358803 0.100782
vt 0.360937 0.095631
vt 0.486023 0.153470
vt 0.469475 0.387491
vt 0.469680 0.312500
vt 0.483445 0.312500
vt 0.483651 0.387385
vt 0.469474 0.612611
vt 0.468025 0.612505
vt 0.348325 0.159038
vt 0.348325 0.153462
vt 0.486023 0.159030
vt 0.485100 0.387491
vt 0.485305 0.312500
vt 0.499070 0.312500
vt 0.499276 0.387385
vt 0.485099 0.612611
vt 0.483650 0.612505
vt 0.360937 0.216869
vt 0.358803 0.211718
vt 0.488151 0.164167
vt 0.500725 0.387491
vt 0.500930 0.312500
vt 0.514695 0.312500
vt 0.514901 0.387385
vt 0.500724 0.612611
vt 0.499275 0.612505
vt 0.394721 0.265472
vt 0.390778 0.261529
vt 0.492083 0.168099
vt 0.516350 0.387491
vt 0.516555 0.312500
vt 0.530320 0.312500
vt 0.530526 0.387385
vt 0.516349 0.612611
vt 0.514900 0.612505
vt 0.444532 0.297447
vt 0.439381 0.295313
vt 0.497220 0.170227
vt 0.531976 0.387491
vt 0.532180 0.312500
vt 0.545945 0.312500
vt 0.546151 0.387385
vt 0.531974 0.612611
vt 0.530525 0.612505
vt 0.502788 0.307925
vt 0.497212 0.307925
vt 0.502780 0.170227
vt 0.547600 0.387491
vt 0.547805 0.312500
vt 0.561570 0.312500
vt 0.561776 0.387385
vt 0.547599 0.612611
vt 0.546149 0.612505
vt 0.560619 0.295313
vt 0.555468 0.297447
vt 0.507917 0.168099
vt 0.563225 0.387491
vt 0.563430 0.312500
vt 0.577195 0.312500
vt 0.577401 0.387385
vt 0.563224 0.612611
vt 0.561774 0.612505
vt 0.609222 0.261529
vt 0.605279 0.265472
vt 0.511849 0.164167
vt 0.578850 0.387491
vt 0.579055 0.312500
vt 0.592820 0.312500
vt 0.593026 0.387385
vt 0.578849 0.612611
vt 0.577400 0.612505
vt 0.641197 0.211718
vt 0.639063 0.216869
vt 0.513977 0.159030
vt 0.594476 0.387491
vt 0.594680 0.312500
vt 0.608445 0.312500
vt 0.608651 0.387385
vt 0.594474 0.612611
vt 0.593025 0.612505
vt 0.651675 0.153462
vt 0.651675 0.159038
vt 0.610099 0.612611
vt 0.608650 0.612505
vt 0.641197 0.899218
vt 0.639063 0.904369
vt 0.511849 0.851667
vt 0.513977 0.846530
vt 0.624275 0.612505
vt 0.624070 0.687498
vt 0.610305 0.687498
vt 0.375930 0.687498
vt 0.389695 0.687498
vt 0.609222 0.949029
vt 0.605279 0.952972
vt 0.507917 0.855599
vt 0.391555 0.687498
vt 0.405320 0.687498
vt 0.560619 0.982813
vt 0.555468 0.984947
vt 0.502780 0.857727
vt 0.407180 0.687498
vt 0.420945 0.687498
vt 0.502788 0.995425
vt 0.497212 0.995425
vt 0.497220 0.857727
vt 0.422805 0.687498
vt 0.436570 0.687498
vt 0.444532 0.984947
vt 0.439381 0.982813
vt 0.492083 0.855599
vt 0.438430 0.687498
vt 0.452195 0.687498
vt 0.394721 0.952972
vt 0.390778 0.949029
vt 0.488151 0.851667
vt 0.454055 0.687498
vt 0.467820 0.687498
vt 0.360937 0.904369
vt 0.358803 0.899218
vt 0.486023 0.846530
vt 0.469680 0.687498
vt 0.483445 0.687498
vt 0.348325 0.846538
vt 0.348325 0.840962
vt 0.486023 0.840970
vt 0.485305 0.687498
vt 0.499070 0.687498
vt 0.358803 0.788282
vt 0.360937 0.783131
vt 0.488151 0.835833
vt 0.500930 0.687498
vt 0.514695 0.687498
vt 0.390778 0.738471
vt 0.394721 0.734528
vt 0.492083 0.831901
vt 0.516555 0.687498
vt 0.530320 0.687498
vt 0.439381 0.704687
vt 0.444532 0.702553
vt 0.497220 0.829773
vt 0.532180 0.687498
vt 0.545945 0.687498
vt 0.497212 0.692075
vt 0.502788 0.692075
vt 0.502780 0.829773
vt 0.547805 0.687498
vt 0.561570 0.687498
vt 0.555468 0.702553
vt 0.560619 0.704687
vt 0.507917 0.831901
vt 0.563430 0.687498
vt 0.577195 0.687498
vt 0.605279 0.734528
vt 0.609222 0.738471
vt 0.511849 0.835833
vt 0.579055 0.687498
vt 0.592820 0.687498
vt 0.639063 0.783131
vt 0.641197 0.788282
vt 0.513977 0.840970
vt 0.594680 0.687498
vt 0.608445 0.687498
vt 0.651675 0.840962
vt 0.651675 0.846538
vt 0.375000 0.312500
vt 0.390625 0.312500
vt 0.406250 0.312500
vt 0.421875 0.312500
vt 0.437500 0.312500
vt 0.453125 0.312500
vt 0.468750 0.312500
vt 0.484375 0.312500
vt 0.500000 0.312500
vt 0.515625 0.312500
vt 0.531250 0.312500
vt 0.546875 0.312500
vt 0.562500 0.312500
vt 0.578125 0.312500
vt 0.593750 0.312500
vt 0.609375 0.312500
vt 0.375000 0.687498
vt 0.390625 0.687498
vt 0.406250 0.687498
vt 0.421875 0.687498
vt 0.437500 0.687498
vt 0.453125 0.687498
vt 0.468750 0.687498
vt 0.484375 0.687498
vt 0.500000 0.687498
vt 0.515625 0.687498
vt 0.531250 0.687498
vt 0.546875 0.687498
vt 0.562500 0.687498
vt 0.578125 0.687498
vt 0.593750 0.687498
vt 0.609375 0.687498
vt 0.639063 0.095631
vt 0.641197 0.100782
vt 0.513977 0.153470
vt 0.511849 0.148333
vt 0.375725 0.387491
vt 0.375930 0.312500
vt 0.389695 0.312500
vt 0.389901 0.387387
vt 0.375000 0.384311
vt 0.375724 0.612613
vt 0.375000 0.600169
vt 0.624070 0.312500
vt 0.624276 0.387387
vt 0.610101 0.387491
vt 0.610305 0.312500
vt 0.605279 0.047028
vt 0.609222 0.050971
vt 0.507917 0.144401
vt 0.391350 0.387491
vt 0.391555 0.312500
vt 0.405320 0.312500
vt 0.405526 0.387387
vt 0.391349 0.612613
vt 0.389899 0.612509
vt 0.555468 0.015053
vt 0.560620 0.017187
vt 0.502780 0.142273
vt 0.406975 0.387491
vt 0.407180 0.312500
vt 0.420945 0.312500
vt 0.421151 0.387387
vt 0.406974 0.612613
vt 0.405525 0.612509
vt 0.497212 0.004575
vt 0.502788 0.004575
vt 0.497220 0.142273
vt 0.422600 0.387491
vt 0.422805 0.312500
vt 0.436570 0.312500
vt 0.436776 0.387387
vt 0.422599 0.612613
vt 0.421150 0.612509
vt 0.439381 0.017187
vt 0.444532 0.015053
vt 0.492083 0.144401
vt 0.438225 0.387491
vt 0.438430 0.312500
vt 0.452195 0.312500
vt 0.452401 0.387387
vt 0.438224 0.612613
vt 0.436774 0.612509
vt 0.390778 0.050971
vt 0.394721 0.047028
vt 0.488151 0.148333
vt 0.453850 0.387491
vt 0.454055 0.312500
vt 0.467820 0.312500
vt 0.468026 0.387387
vt 0.453849 0.612613
vt 0.452400 0.612509
vt 0.358803 0.100782
vt 0.360937 0.095631
vt 0.486023 0.153470
vt 0.469475 0.387491
vt 0.469680 0.312500
vt 0.483445 0.312500
vt 0.483651 0.387387
vt 0.469474 0.612613
vt 0.468025 0.612509
vt 0.348325 0.159038
vt 0.348325 0.153462
vt 0.486023 0.159030
vt 0.485100 0.387491
vt 0.485305 0.312500
vt 0.499070 0.312500
vt 0.499276 0.387387
vt 0.485099 0.612613
vt 0.483650 0.612509
vt 0.360937 0.216869
vt 0.358803 0.211718
vt 0.488151 0.164167
vt 0.500726 0.387491
vt 0.500930 0.312500
vt 0.514695 0.312500
vt 0.514901 0.387387
vt 0.500724 0.612613
vt 0.499274 0.612509
vt 0.394721 0.265472
vt 0.390778 0.261529
vt 0.492083 0.168099
vt 0.516351 0.387491
vt 0.516555 0.312500
vt 0.530320 0.312500
vt 0.530526 0.387387
vt 0.516349 0.612613
vt 0.514899 0.612509
vt 0.444532 0.297447
vt 0.439381 0.295313
vt 0.497220 0.170227
vt 0.531976 0.387491
vt 0.532180 0.312500
vt 0.545945 0.312500
vt 0.546151 0.387387
vt 0.531974 0.612613
vt 0.530525 0.612509
vt 0.502788 0.307925
vt 0.497212 0.307925
vt 0.502780 0.170227
vt 0.547601 0.387491
vt 0.547805 0.312500
vt 0.561570 0.312500
vt 0.561776 0.387387
vt 0.547599 0.612613
vt 0.546150 0.612509
vt 0.560619 0.295313
vt 0.555468 0.297447
vt 0.507917 0.168099
vt 0.563226 0.387491
vt 0.563430 0.312500
vt 0.577195 0.312500
vt 0.577401 0.387387
vt 0.563224 0.612613
vt 0.561775 0.612509
vt 0.609222 0.261529
vt 0.605279 0.265472
vt 0.511849 0.164167
vt 0.578851 0.387491
vt 0.579055 0.312500
vt 0.592820 0.312500
vt 0.593026 0.387387
vt 0.578849 0.612613
vt 0.577399 0.612509
vt 0.641197 0.211718
vt 0.639063 0.216869
vt 0.513977 0.159030
vt 0.594476 0.387491
vt 0.594680 0.312500
vt 0.608445 0.312500
vt 0.608651 0.387387
vt 0.594474 0.612613
vt 0.593024 0.612509
vt 0.651675 0.153462
vt 0.651675 0.159038
vt 0.610099 0.612613
vt 0.608649 0.612509
vt 0.641197 0.899218
vt 0.639063 0.904369
vt 0.511849 0.851667
vt 0.513977 0.846530
vt 0.624274 0.612509
vt 0.624070 0.687500
vt 0.610305 0.687500
vt 0.375930 0.687500
vt 0.389695 0.687500
vt 0.609222 0.949029
vt 0.605279 0.952972
vt 0.507917 0.855599
vt 0.391555 0.687500
vt 0.405320 0.687500
vt 0.560619 0.982813
vt 0.555468 0.984947
vt 0.502780 0.857727
vt 0.407180 0.687500
vt 0.420945 0.687500
vt 0.502788 0.995425
vt 0.497212 0.995425
vt 0.497220 0.857727
vt 0.422805 0.687500
vt 0.436570 0.687500
vt 0.444532 0.984947
vt 0.439381 0.982813
vt 0.492083 0.855599
vt 0.438430 0.687500
vt 0.452195 0.687500
vt 0.394721 0.952972
vt 0.390778 0.949029
vt 0.488151 0.851667
vt 0.454055 0.687500
vt 0.467820 0.687500
vt 0.360937 0.904369
vt 0.358803 0.899218
vt 0.486023 0.846530
vt 0.469680 0.687500
vt 0.483445 0.687500
vt 0.348325 0.846538
vt 0.348325 0.840962
vt 0.486023 0.840970
vt 0.485305 0.687500
vt 0.499070 0.687500
vt 0.358803 0.788282
vt 0.360937 0.783131
vt 0.488151 0.835833
vt 0.500930 0.687500
vt 0.514695 0.687500
vt 0.390778 0.738471
vt 0.394721 0.734528
vt 0.492083 0.831901
vt 0.516555 0.687500
vt 0.530320 0.687500
vt 0.439381 0.704687
vt 0.444532 0.702553
vt 0.497220 0.829773
vt 0.532180 0.687500
vt 0.545945 0.687500
vt 0.497212 0.692075
vt 0.502788 0.692075
vt 0.502780 0.829773
vt 0.547805 0.687500
vt 0.561570 0.687500
vt 0.555468 0.702553
vt 0.560619 0.704687
vt 0.507917 0.831901
vt 0.563430 0.687500
vt 0.577195 0.687500
vt 0.605279 0.734528
vt 0.609222 0.738471
vt 0.511849 0.835833
vt 0.579055 0.687500
vt 0.592820 0.687500
vt 0.639063 0.783131
vt 0.641197 0.788282
vt 0.513977 0.840970
vt 0.594680 0.687500
vt 0.608445 0.687500
vt 0.651675 0.840962
vt 0.651675 0.846538
vt 0.375000 0.312500
vt 0.390625 0.312500
vt 0.406250 0.312500
vt 0.421875 0.312500
vt 0.437500 0.312500
vt 0.453125 0.312500
vt 0.468750 0.312500
vt 0.484375 0.312500
vt 0.500000 0.312500
vt 0.515625 0.312500
vt 0.531250 0.312500
vt 0.546875 0.312500
vt 0.562500 0.312500
vt 0.578125 0.312500
vt 0.593750 0.312500
vt 0.609375 0.312500
vt 0.375000 0.687500
vt 0.390625 0.687500
vt 0.406250 0.687500
vt 0.421875 0.687500
vt 0.437500 0.687500
vt 0.453125 0.687500
vt 0.468750 0.687500
vt 0.484375 0.687500
vt 0.500000 0.687500
vt 0.515625 0.687500
vt 0.531250 0.687500
vt 0.546875 0.687500
vt 0.562500 0.687500
vt 0.578125 0.687500
vt 0.593750 0.687500
vt 0.609375 0.687500
vt 0.633555 0.094772
vt 0.637909 0.105284
vt 0.528520 0.150577
vt 0.524178 0.140095
vt 0.376480 0.368745
vt 0.376897 0.312501
vt 0.388728 0.312501
vt 0.389147 0.368666
vt 0.375000 0.364151
vt 0.376478 0.631336
vt 0.375000 0.605602
vt 0.623103 0.312501
vt 0.623522 0.368666
vt 0.610855 0.368745
vt 0.611272 0.312501
vt 0.599863 0.048342
vt 0.607908 0.056388
vt 0.516156 0.132072
vt 0.392105 0.368745
vt 0.392522 0.312501
vt 0.404353 0.312501
vt 0.404772 0.368666
vt 0.392103 0.631336
vt 0.389145 0.631257
vt 0.550967 0.018341
vt 0.561478 0.022695
vt 0.505673 0.127730
vt 0.407730 0.368745
vt 0.408147 0.312501
vt 0.419978 0.312501
vt 0.420397 0.368666
vt 0.407728 0.631336
vt 0.404770 0.631257
vt 0.494312 0.009335
vt 0.505689 0.009335
vt 0.494327 0.127730
vt 0.423355 0.368745
vt 0.423772 0.312501
vt 0.435603 0.312501
vt 0.436022 0.368666
vt 0.423353 0.631336
vt 0.420395 0.631257
vt 0.438522 0.022695
vt 0.449034 0.018341
vt 0.483845 0.132072
vt 0.438980 0.368745
vt 0.439397 0.312501
vt 0.451228 0.312501
vt 0.451647 0.368666
vt 0.438978 0.631336
vt 0.436020 0.631257
vt 0.392093 0.056388
vt 0.400138 0.048342
vt 0.475822 0.140095
vt 0.454605 0.368745
vt 0.455022 0.312501
vt 0.466853 0.312501
vt 0.467272 0.368666
vt 0.454603 0.631336
vt 0.451645 0.631257
vt 0.362091 0.105284
vt 0.366445 0.094772
vt 0.471480 0.150577
vt 0.470230 0.368745
vt 0.470647 0.312501
vt 0.482478 0.312501
vt 0.482897 0.368666
vt 0.470228 0.631336
vt 0.467270 0.631257
vt 0.353085 0.161939
vt 0.353085 0.150561
vt 0.471480 0.161923
vt 0.485855 0.368745
vt 0.486272 0.312501
vt 0.498103 0.312501
vt 0.498522 0.368666
vt 0.485853 0.631336
vt 0.482895 0.631257
vt 0.366445 0.217728
vt 0.362091 0.207216
vt 0.475822 0.172405
vt 0.501480 0.368745
vt 0.501897 0.312501
vt 0.513728 0.312501
vt 0.514147 0.368666
vt 0.501478 0.631336
vt 0.498520 0.631257
vt 0.400138 0.264157
vt 0.392093 0.256112
vt 0.483845 0.180428
vt 0.517105 0.368745
vt 0.517522 0.312501
vt 0.529353 0.312501
vt 0.529772 0.368666
vt 0.517103 0.631336
vt 0.514145 0.631257
vt 0.449034 0.294159
vt 0.438522 0.289805
vt 0.494327 0.184770
vt 0.532730 0.368745
vt 0.533147 0.312501
vt 0.544978 0.312501
vt 0.545397 0.368666
vt 0.532728 0.631336
vt 0.529770 0.631257
vt 0.505689 0.303165
vt 0.494312 0.303166
vt 0.505673 0.184770
vt 0.548355 0.368745
vt 0.548772 0.312501
vt 0.560603 0.312501
vt 0.561022 0.368666
vt 0.548353 0.631336
vt 0.545395 0.631257
vt 0.561478 0.289805
vt 0.550967 0.294159
vt 0.516156 0.180428
vt 0.563980 0.368745
vt 0.564397 0.312501
vt 0.576228 0.312501
vt 0.576647 0.368666
vt 0.563978 0.631336
vt 0.561020 0.631257
vt 0.607907 0.256112
vt 0.599862 0.264158
vt 0.524178 0.172405
vt 0.579605 0.368745
vt 0.580022 0.312501
vt 0.591853 0.312501
vt 0.592272 0.368666
vt 0.579603 0.631336
vt 0.576645 0.631257
vt 0.637909 0.207216
vt 0.633555 0.217728
vt 0.528520 0.161923
vt 0.595230 0.368745
vt 0.595647 0.312501
vt 0.607478 0.312501
vt 0.607897 0.368666
vt 0.595228 0.631336
vt 0.592270 0.631257
vt 0.646916 0.150561
vt 0.646916 0.161939
vt 0.610853 0.631336
vt 0.607895 0.631257
vt 0.637909 0.894716
vt 0.633555 0.905228
vt 0.524178 0.859905
vt 0.528520 0.849423
vt 0.623520 0.631257
vt 0.623103 0.687500
vt 0.611272 0.687500
vt 0.376897 0.687500
vt 0.388728 0.687500
vt 0.607908 0.943612
vt 0.599863 0.951658
vt 0.516156 0.867928
vt 0.392522 0.687500
vt 0.404353 0.687500
vt 0.561478 0.977305
vt 0.550967 0.981659
vt 0.505673 0.872270
vt 0.408147 0.687500
vt 0.419978 0.687500
vt 0.505689 0.990665
vt 0.494311 0.990665
vt 0.494327 0.872270
vt 0.423772 0.687500
vt 0.435603 0.687500
vt 0.449034 0.981659
vt 0.438522 0.977305
vt 0.483845 0.867928
vt 0.439397 0.687500
vt 0.451228 0.687500
vt 0.400138 0.951657
vt 0.392093 0.943612
vt 0.475822 0.859905
vt 0.455022 0.687500
vt 0.466853 0.687500
vt 0.366445 0.905228
vt 0.362091 0.894716
vt 0.471480 0.849423
vt 0.470647 0.687500
vt 0.482478 0.687500
vt 0.353085 0.849439
vt 0.353085 0.838061
vt 0.471480 0.838077
vt 0.486272 0.687500
vt 0.498103 0.687500
vt 0.362091 0.792784
vt 0.366445 0.782272
vt 0.475822 0.827595
vt 0.501897 0.687500
vt 0.513728 0.687500
vt 0.392093 0.743888
vt 0.400138 0.735842
vt 0.483845 0.819572
vt 0.517522 0.687500
vt 0.529353 0.687500
vt 0.438522 0.710195
vt 0.449034 0.705841
vt 0.494327 0.815230
vt 0.533147 0.687500
vt 0.544978 0.687500
vt 0.494312 0.696834
vt 0.505689 0.696835
vt 0.505673 0.815230
vt 0.548772 0.687500
vt 0.560603 0.687500
vt 0.550967 0.705841
vt 0.561478 0.710195
vt 0.516156 0.819572
vt 0.564397 0.687500
vt 0.576228 0.687500
vt 0.599862 0.735842
vt 0.607907 0.743888
vt 0.524178 0.827595
vt 0.580022 0.687500
vt 0.591853 0.687500
vt 0.633555 0.782272
vt 0.637909 0.792784
vt 0.528520 0.838077
vt 0.595647 0.687500
vt 0.607478 0.687500
vt 0.646916 0.838061
vt 0.646916 0.849439
vt 0.375000 0.312501
vt 0.390625 0.312501
vt 0.406250 0.312501
vt 0.421875 0.312501
vt 0.437500 0.312501
vt 0.453125 0.312501
vt 0.468750 0.312501
vt 0.484375 0.312501
vt 0.500000 0.312501
vt 0.515625 0.312501
vt 0.531250 0.312501
vt 0.546875 0.312501
vt 0.562500 0.312501
vt 0.578125 0.312501
vt 0.593750 0.312501
vt 0.609375 0.312501
vt 0.375000 0.687500
vt 0.390625 0.687500
vt 0.406250 0.687500
vt 0.421875 0.687500
vt 0.437500 0.687500
vt 0.453125 0.687500
vt 0.468750 0.687500
vt 0.484375 0.687500
vt 0.500000 0.687500
vt 0.515625 0.687500
vt 0.531250 0.687500
vt 0.546875 0.687500
vt 0.562500 0.687500
vt 0.578125 0.687500
vt 0.593750 0.687500
vt 0.609375 0.687500
vt 0.633555 0.094772
vt 0.637909 0.105284
vt 0.528520 0.150577
vt 0.524178 0.140095
vt 0.376480 0.368745
vt 0.376897 0.312501
vt 0.388728 0.312501
vt 0.389147 0.368666
vt 0.375000 0.364151
vt 0.376478 0.631336
vt 0.375000 0.605602
vt 0.623103 0.312501
vt 0.623522 0.368666
vt 0.610855 0.368745
vt 0.611272 0.312501
vt 0.599863 0.048342
vt 0.607908 0.056388
vt 0.516156 0.132072
vt 0.392105 0.368745
vt 0.392522 0.312501
vt 0.404353 0.312501
vt 0.404772 0.368666
vt 0.392103 0.631336
vt 0.389145 0.631257
vt 0.550967 0.018341
vt 0.561478 0.022695
vt 0.505673 0.127730
vt 0.407730 0.368745
vt 0.408147 0.312501
vt 0.419978 0.312501
vt 0.420397 0.368666
vt 0.407728 0.631336
vt 0.404770 0.631257
vt 0.494312 0.009335
vt 0.505689 0.009335
vt 0.494327 0.127730
vt 0.423355 0.368745
vt 0.423772 0.312501
vt 0.435603 0.312501
vt 0.436022 0.368666
vt 0.423353 0.631336
vt 0.420395 0.631257
vt 0.438522 0.022695
vt 0.449034 0.018341
vt 0.483845 0.132072
vt 0.438980 0.368745
vt 0.439397 0.312501
vt 0.451228 0.312501
vt 0.451647 0.368666
vt 0.438978 0.631336
vt 0.436020 0.631257
vt 0.392093 0.056388
vt 0.400138 0.048342
vt 0.475822 0.140095
vt 0.454605 0.368745
vt 0.455022 0.312501
vt 0.466853 0.312501
vt 0.467272 0.368666
vt 0.454603 0.631336
vt 0.451645 0.631257
vt 0.362091 0.105284
vt 0.366445 0.094772
vt 0.471480 0.150577
vt 0.470230 0.368745
vt 0.470647 0.312501
vt 0.482478 0.312501
vt 0.482897 0.368666
vt 0.470228 0.631336
vt 0.467270 0.631257
vt 0.353085 0.161939
vt 0.353085 0.150561
vt 0.471480 0.161923
vt 0.485855 0.368745
vt 0.486272 0.312501
vt 0.498103 0.312501
vt 0.498522 0.368666
vt 0.485853 0.631336
vt 0.482895 0.631257
vt 0.366445 0.217728
vt 0.362091 0.207216
vt 0.475822 0.172405
vt 0.501480 0.368745
vt 0.501897 0.312501
vt 0.513728 0.312501
vt 0.514147 0.368666
vt 0.501478 0.631336
vt 0.498520 0.631257
vt 0.400138 0.264157
vt 0.392093 0.256112
vt 0.483845 0.180428
vt 0.517105 0.368745
vt 0.517522 0.312501
vt 0.529353 0.312501
vt 0.529772 0.368666
vt 0.517103 0.631336
vt 0.514145 0.631257
vt 0.449034 0.294159
vt 0.438522 0.289805
vt 0.494327 0.184770
vt 0.532730 0.368745
vt 0.533147 0.312501
vt 0.544978 0.312501
vt 0.545397 0.368666
vt 0.532728 0.631336
vt 0.529770 0.631257
vt 0.505689 0.303165
vt 0.494312 0.303166
vt 0.505673 0.184770
vt 0.548355 0.368745
vt 0.548772 0.312501
vt 0.560603 0.312501
vt 0.561022 0.368666
vt 0.548353 0.631336
vt 0.545395 0.631257
vt 0.561478 0.289805
vt 0.550967 0.294159
vt 0.516156 0.180428
vt 0.563980 0.368745
vt 0.564397 0.312501
vt 0.576228 0.312501
vt 0.576647 0.368666
vt 0.563978 0.631336
vt 0.561020 0.631257
vt 0.607907 0.256112
vt 0.599862 0.264158
vt 0.524178 0.172405
vt 0.579605 0.368745
vt 0.580022 0.312501
vt 0.591853 0.312501
vt 0.592272 0.368666
vt 0.579603 0.631336
vt 0.576645 0.631257
vt 0.637909 0.207216
vt 0.633555 0.217728
vt 0.528520 0.161923
vt 0.595230 0.368745
vt 0.595647 0.312501
vt 0.607478 0.312501
vt 0.607897 0.368666
vt 0.595228 0.631336
vt 0.592270 0.631257
vt 0.646916 0.150561
vt 0.646916 0.161939
vt 0.610853 0.631336
vt 0.607895 0.631257
vt 0.637909 0.894716
vt 0.633555 0.905228
vt 0.524178 0.859905
vt 0.528520 0.849423
vt 0.623520 0.631257
vt 0.623103 0.687500
vt 0.611272 0.687500
vt 0.376897 0.687500
vt 0.388728 0.687500
vt 0.607908 0.943612
vt 0.599863 0.951658
vt 0.516156 0.867928
vt 0.392522 0.687500
vt 0.404353 0.687500
vt 0.561478 0.977305
vt 0.550967 0.981659
vt 0.505673 0.872270
vt 0.408147 0.687500
vt 0.419978 0.687500
vt 0.505689 0.990665
vt 0.494311 0.990665
vt 0.494327 0.872270
vt 0.423772 0.687500
vt 0.435603 0.687500
vt 0.449034 0.981659
vt 0.438522 0.977305
vt 0.483845 0.867928
vt 0.439397 0.687500
vt 0.451228 0.687500
vt 0.400138 0.951657
vt 0.392093 0.943612
vt 0.475822 0.859905
vt 0.455022 0.687500
vt 0.466853 0.687500
vt 0.366445 0.905228
vt 0.362091 0.894716
vt 0.471480 0.849423
vt 0.470647 0.687500
vt 0.482478 0.687500
vt 0.353085 0.849439
vt 0.353085 0.838061
vt 0.471480 0.838077
vt 0.486272 0.687500
vt 0.498103 0.687500
vt 0.362091 0.792784
vt 0.366445 0.782272
vt 0.475822 0.827595
vt 0.501897 0.687500
vt 0.513728 0.687500
vt 0.392093 0.743888
vt 0.400138 0.735842
vt 0.483845 0.819572
vt 0.517522 0.687500
vt 0.529353 0.687500
vt 0.438522 0.710195
vt 0.449034 0.705841
vt 0.494327 0.815230
vt 0.533147 0.687500
vt 0.544978 0.687500
vt 0.494312 0.696834
vt 0.505689 0.696835
vt 0.505673 0.815230
vt 0.548772 0.687500
vt 0.560603 0.687500
vt 0.550967 0.705841
vt 0.561478 0.710195
vt 0.516156 0.819572
vt 0.564397 0.687500
vt 0.576228 0.687500
vt 0.599862 0.735842
vt 0.607907 0.743888
vt 0.524178 0.827595
vt 0.580022 0.687500
vt 0.591853 0.687500
vt 0.633555 0.782272
vt 0.637909 0.792784
vt 0.528520 0.838077
vt 0.595647 0.687500
vt 0.607478 0.687500
vt 0.646916 0.838061
vt 0.646916 0.849439
vt 0.375000 0.312501
vt 0.390625 0.312501
vt 0.406250 0.312501
vt 0.421875 0.312501
vt 0.437500 0.312501
vt 0.453125 0.312501
vt 0.468750 0.312501
vt 0.484375 0.312501
vt 0.500000 0.312501
vt 0.515625 0.312501
vt 0.531250 0.312501
vt 0.546875 0.312501
vt 0.562500 0.312501
vt 0.578125 0.312501
vt 0.593750 0.312501
vt 0.609375 0.312501
vt 0.375000 0.687500
vt 0.390625 0.687500
vt 0.406250 0.687500
vt 0.421875 0.687500
vt 0.437500 0.687500
vt 0.453125 0.687500
vt 0.468750 0.687500
vt 0.484375 0.687500
vt 0.500000 0.687500
vt 0.515625 0.687500
vt 0.531250 0.687500
vt 0.546875 0.687500
vt 0.562500 0.687500
vt 0.578125 0.687500
vt 0.593750 0.687500
vt 0.609375 0.687500
vt 0.633555 0.094772
vt 0.637909 0.105284
vt 0.528520 0.150577
vt 0.524178 0.140095
vt 0.376480 0.368745
vt 0.376897 0.312501
vt 0.388728 0.312501
vt 0.389147 0.368666
vt 0.375000 0.364151
vt 0.376478 0.631336
vt 0.375000 0.605602
vt 0.623103 0.312501
vt 0.623522 0.368666
vt 0.610855 0.368745
vt 0.611272 0.312501
vt 0.599863 0.048342
vt 0.607908 0.056388
vt 0.516156 0.132072
vt 0.392105 0.368745
vt 0.392522 0.312501
vt 0.404353 0.312501
vt 0.404772 0.368666
vt 0.392103 0.631336
vt 0.389145 0.631257
vt 0.550967 0.018341
vt 0.561478 0.022695
vt 0.505673 0.127730
vt 0.407730 0.368745
vt 0.408147 0.312501
vt 0.419978 0.312501
vt 0.420397 0.368666
vt 0.407728 0.631336
vt 0.404770 0.631257
vt 0.494312 0.009335
vt 0.505689 0.009335
vt 0.494327 0.127730
vt 0.423355 0.368745
vt 0.423772 0.312501
vt 0.435603 0.312501
vt 0.436022 0.368666
vt 0.423353 0.631336
vt 0.420395 0.631257
vt 0.438522 0.022695
vt 0.449034 0.018341
vt 0.483845 0.132072
vt 0.438980 0.368745
vt 0.439397 0.312501
vt 0.451228 0.312501
vt 0.451647 0.368666
vt 0.438978 0.631336
vt 0.436020 0.631257
vt 0.392093 0.056388
vt 0.400138 0.048342
vt 0.475822 0.140095
vt 0.454605 0.368745
vt 0.455022 0.312501
vt 0.466853 0.312501
vt 0.467272 0.368666
vt 0.454603 0.631336
vt 0.451645 0.631257
vt 0.362091 0.105284
vt 0.366445 0.094772
vt 0.471480 0.150577
vt 0.470230 0.368745
vt 0.470647 0.312501
vt 0.482478 0.312501
vt 0.482897 0.368666
vt 0.470228 0.631336
vt 0.467270 0.631257
vt 0.353085 0.161939
vt 0.353085 0.150561
vt 0.471480 0.161923
vt 0.485855 0.368745
vt 0.486272 0.312501
vt 0.498103 0.312501
vt 0.498522 0.368666
vt 0.485853 0.631336
vt 0.482895 0.631257
vt 0.366445 0.217728
vt 0.362091 0.207216
vt 0.475822 0.172405
vt 0.501480 0.368745
vt 0.501897 0.312501
vt 0.513728 0.312501
vt 0.514147 0.368666
vt 0.501478 0.631336
vt 0.498520 0.631257
vt 0.400138 0.264157
vt 0.392093 0.256112
vt 0.483845 0.180428
vt 0.517105 0.368745
vt 0.517522 0.312501
vt 0.529353 0.312501
vt 0.529772 0.368666
vt 0.517103 0.631336
vt 0.514145 0.631257
vt 0.449034 0.294159
vt 0.438522 0.289805
vt 0.494327 0.184770
vt 0.532730 0.368745
vt 0.533147 0.312501
vt 0.544978 0.312501
vt 0.545397 0.368666
vt 0.532728 0.631336
vt 0.529770 0.631257
vt 0.505689 0.303165
vt 0.494312 0.303166
vt 0.505673 0.184770
vt 0.548355 0.368745
vt 0.548772 0.312501
vt 0.560603 0.312501
vt 0.561022 0.368666
vt 0.548353 0.631336
vt 0.545395 0.631257
vt 0.561478 0.289805
vt 0.550967 0.294159
vt 0.516156 0.180428
vt 0.563980 0.368745
vt 0.564397 0.312501
vt 0.576228 0.312501
vt 0.576647 0.368666
vt 0.563978 0.631336
vt 0.561020 0.631257
vt 0.607907 0.256112
vt 0.599862 0.264158
vt 0.524178 0.172405
vt 0.579605 0.368745
vt 0.580022 0.312501
vt 0.591853 0.312501
vt 0.592272 0.368666
vt 0.579603 0.631336
vt 0.576645 0.631257
vt 0.637909 0.207216
vt 0.633555 0.217728
vt 0.528520 0.161923
vt 0.595230 0.368745
vt 0.595647 0.312501
vt 0.607478 0.312501
vt 0.607897 0.368666
vt 0.595228 0.631336
vt 0.592270 0.631257
vt 0.646916 0.150561
vt 0.646916 0.161939
vt 0.610853 0.631336
vt 0.607895 0.631257
vt 0.637909 0.894716
vt 0.633555 0.905228
vt 0.524178 0.859905
vt 0.528520 0.849423
vt 0.623520 0.631257
vt 0.623103 0.687500
vt 0.611272 0.687500
vt 0.376897 0.687500
vt 0.388728 0.687500
vt 0.607908 0.943612
vt 0.599863 0.951658
vt 0.516156 0.867928
vt 0.392522 0.687500
vt 0.404353 0.687500
vt 0.561478 0.977305
vt 0.550967 0.981659
vt 0.505673 0.872270
vt 0.408147 0.687500
vt 0.419978 0.687500
vt 0.505689 0.990665
vt 0.494311 0.990665
vt 0.494327 0.872270
vt 0.423772 0.687500
vt 0.435603 0.687500
vt 0.449034 0.981659
vt 0.438522 0.977305
vt 0.483845 0.867928
vt 0.439397 0.687500
vt 0.451228 0.687500
vt 0.400138 0.951657
vt 0.392093 0.943612
vt 0.475822 0.859905
vt 0.455022 0.687500
vt 0.466853 0.687500
vt 0.366445 0.905228
vt 0.362091 0.894716
vt 0.471480 0.849423
vt 0.470647 0.687500
vt 0.482478 0.687500
vt 0.353085 0.849439
vt 0.353085 0.838061
vt 0.471480 0.838077
vt 0.486272 0.687500
vt 0.498103 0.687500
vt 0.362091 0.792784
vt 0.366445 0.782272
vt 0.475822 0.827595
vt 0.501897 0.687500
vt 0.513728 0.687500
vt 0.392093 0.743888
vt 0.400138 0.735842
vt 0.483845 0.819572
vt 0.517522 0.687500
vt 0.529353 0.687500
vt 0.438522 0.710195
vt 0.449034 0.705841
vt 0.494327 0.815230
vt 0.533147 0.687500
vt 0.544978 0.687500
vt 0.494312 0.696834
vt 0.505689 0.696835
vt 0.505673 0.815230
vt 0.548772 0.687500
vt 0.560603 0.687500
vt 0.550967 0.705841
vt 0.561478 0.710195
vt 0.516156 0.819572
vt 0.564397 0.687500
vt 0.576228 0.687500
vt 0.599862 0.735842
vt 0.607907 0.743888
vt 0.524178 0.827595
vt 0.580022 0.687500
vt 0.591853 0.687500
vt 0.633555 0.782272
vt 0.637909 0.792784
vt 0.528520 0.838077
vt 0.595647 0.687500
vt 0.607478 0.687500
vt 0.646916 0.838061
vt 0.646916 0.849439
vt 0.375000 0.312501
vt 0.390625 0.312501
vt 0.406250 0.312501
vt 0.421875 0.312501
vt 0.437500 0.312501
vt 0.453125 0.312501
vt 0.468750 0.312501
vt 0.484375 0.312501
vt 0.500000 0.312501
vt 0.515625 0.312501
vt 0.531250 0.312501
vt 0.546875 0.312501
vt 0.562500 0.312501
vt 0.578125 0.312501
vt 0.593750 0.312501
vt 0.609375 0.312501
vt 0.375000 0.687500
vt 0.390625 0.687500
vt 0.406250 0.687500
vt 0.421875 0.687500
vt 0.437500 0.687500
vt 0.453125 0.687500
vt 0.468750 0.687500
vt 0.484375 0.687500
vt 0.500000 0.687500
vt 0.515625 0.687500
vt 0.531250 0.687500
vt 0.546875 0.687500
vt 0.562500 0.687500
vt 0.578125 0.687500
vt 0.593750 0.687500
vt 0.609375 0.687500
vt 0.633555 0.094772
vt 0.637909 0.105284
vt 0.528520 0.150577
vt 0.524178 0.140095
vt 0.376480 0.368745
vt 0.376897 0.312501
vt 0.388728 0.312501
vt 0.389147 0.368666
vt 0.375000 0.364151
vt 0.376478 0.631336
vt 0.375000 0.605602
vt 0.623103 0.312501
vt 0.623522 0.368666
vt 0.610855 0.368745
vt 0.611272 0.312501
vt 0.599863 0.048342
vt 0.607908 0.056388
vt 0.516156 0.132072
vt 0.392105 0.368745
vt 0.392522 0.312501
vt 0.404353 0.312501
vt 0.404772 0.368666
vt 0.392103 0.631336
vt 0.389145 0.631257
vt 0.550967 0.018341
vt 0.561478 0.022695
vt 0.505673 0.127730
vt 0.407730 0.368745
vt 0.408147 0.312501
vt 0.419978 0.312501
vt 0.420397 0.368666
vt 0.407728 0.631336
vt 0.404770 0.631257
vt 0.494312 0.009335
vt 0.505689 0.009335
vt 0.494327 0.127730
vt 0.423355 0.368745
vt 0.423772 0.312501
vt 0.435603 0.312501
vt 0.436022 0.368666
vt 0.423353 0.631336
vt 0.420395 0.631257
vt 0.438522 0.022695
vt 0.449034 0.018341
vt 0.483845 0.132072
vt 0.438980 0.368745
vt 0.439397 0.312501
vt 0.451228 0.312501
vt 0.451647 0.368666
vt 0.438978 0.631336
vt 0.436020 0.631257
vt 0.392093 0.056388
vt 0.400138 0.048342
vt 0.475822 0.140095
vt 0.454605 0.368745
vt 0.455022 0.312501
vt 0.466853 0.312501
vt 0.467272 0.368666
vt 0.454603 0.631336
vt 0.451645 0.631257
vt 0.362091 0.105284
vt 0.366445 0.094772
vt 0.471480 0.150577
vt 0.470230 0.368745
vt 0.470647 0.312501
vt 0.482478 0.312501
vt 0.482897 0.368666
vt 0.470228 0.631336
vt 0.467270 0.631257
vt 0.353085 0.161939
vt 0.353085 0.150561
vt 0.471480 0.161923
vt 0.485855 0.368745
vt 0.486272 0.312501
vt 0.498103 0.312501
vt 0.498522 0.368666
vt 0.485853 0.631336
vt 0.482895 0.631257
vt 0.366445 0.217728
vt 0.362091 0.207216
vt 0.475822 0.172405
vt 0.501480 0.368745
vt 0.501897 0.312501
vt 0.513728 0.312501
vt 0.514147 0.368666
vt 0.501478 0.631336
vt 0.498520 0.631257
vt 0.400138 0.264157
vt 0.392093 0.256112
vt 0.483845 0.180428
vt 0.517105 0.368745
vt 0.517522 0.312501
vt 0.529353 0.312501
vt 0.529772 0.368666
vt 0.517103 0.631336
vt 0.514145 0.631257
vt 0.449034 0.294159
vt 0.438522 0.289805
vt 0.494327 0.184770
vt 0.532730 0.368745
vt 0.533147 0.312501
vt 0.544978 0.312501
vt 0.545397 0.368666
vt 0.532728 0.631336
vt 0.529770 0.631257
vt 0.505689 0.303165
vt 0.494312 0.303166
vt 0.505673 0.184770
vt 0.548355 0.368745
vt 0.548772 0.312501
vt 0.560603 0.312501
vt 0.561022 0.368666
vt 0.548353 0.631336
vt 0.545395 0.631257
vt 0.561478 0.289805
vt 0.550967 0.294159
vt 0.516156 0.180428
vt 0.563980 0.368745
vt 0.564397 0.312501
vt 0.576228 0.312501
vt 0.576647 0.368666
vt 0.563978 0.631336
vt 0.561020 0.631257
vt 0.607907 0.256112
vt 0.599862 0.264158
vt 0.524178 0.172405
vt 0.579605 0.368745
vt 0.580022 0.312501
vt 0.591853 0.312501
vt 0.592272 0.368666
vt 0.579603 0.631336
vt 0.576645 0.631257
vt 0.637909 0.207216
vt 0.633555 0.217728
vt 0.528520 0.161923
vt 0.595230 0.368745
vt 0.595647 0.312501
vt 0.607478 0.312501
vt 0.607897 0.368666
vt 0.595228 0.631336
vt 0.592270 0.631257
vt 0.646916 0.150561
vt 0.646916 0.161939
vt 0.610853 0.631336
vt 0.607895 0.631257
vt 0.637909 0.894716
vt 0.633555 0.905228
vt 0.524178 0.859905
vt 0.528520 0.849423
vt 0.623520 0.631257
vt 0.623103 0.687500
vt 0.611272 0.687500
vt 0.376897 0.687500
vt 0.388728 0.687500
vt 0.607908 0.943612
vt 0.599863 0.951658
vt 0.516156 0.867928
vt 0.392522 0.687500
vt 0.404353 0.687500
vt 0.561478 0.977305
vt 0.550967 0.981659
vt 0.505673 0.872270
vt 0.408147 0.687500
vt 0.419978 0.687500
vt 0.505689 0.990665
vt 0.494311 0.990665
vt 0.494327 0.872270
vt 0.423772 0.687500
vt 0.435603 0.687500
vt 0.449034 0.981659
vt 0.438522 0.977305
vt 0.483845 0.867928
vt 0.439397 0.687500
vt 0.451228 0.687500
vt 0.400138 0.951657
vt 0.392093 0.943612
vt 0.475822 0.859905
vt 0.455022 0.687500
vt 0.466853 0.687500
vt 0.366445 0.905228
vt 0.362091 0.894716
vt 0.471480 0.849423
vt 0.470647 0.687500
vt 0.482478 0.687500
vt 0.353085 0.849439
vt 0.353085 0.838061
vt 0.471480 0.838077
vt 0.486272 0.687500
vt 0.498103 0.687500
vt 0.362091 0.792784
vt 0.366445 0.782272
vt 0.475822 0.827595
vt 0.501897 0.687500
vt 0.513728 0.687500
vt 0.392093 0.743888
vt 0.400138 0.735842
vt 0.483845 0.819572
vt 0.517522 0.687500
vt 0.529353 0.687500
vt 0.438522 0.710195
vt 0.449034 0.705841
vt 0.494327 0.815230
vt 0.533147 0.687500
vt 0.544978 0.687500
vt 0.494312 0.696834
vt 0.505689 0.696835
vt 0.505673 0.815230
vt 0.548772 0.687500
vt 0.560603 0.687500
vt 0.550967 0.705841
vt 0.561478 0.710195
vt 0.516156 0.819572
vt 0.564397 0.687500
vt 0.576228 0.687500
vt 0.599862 0.735842
vt 0.607907 0.743888
vt 0.524178 0.827595
vt 0.580022 0.687500
vt 0.591853 0.687500
vt 0.633555 0.782272
vt 0.637909 0.792784
vt 0.528520 0.838077
vt 0.595647 0.687500
vt 0.607478 0.687500
vt 0.646916 0.838061
vt 0.646916 0.849439
vt 0.375000 0.312501
vt 0.390625 0.312501
vt 0.406250 0.312501
vt 0.421875 0.312501
vt 0.437500 0.312501
vt 0.453125 0.312501
vt 0.468750 0.312501
vt 0.484375 0.312501
vt 0.500000 0.312501
vt 0.515625 0.312501
vt 0.531250 0.312501
vt 0.546875 0.312501
vt 0.562500 0.312501
vt 0.578125 0.312501
vt 0.593750 0.312501
vt 0.609375 0.312501
vt 0.375000 0.687500
vt 0.390625 0.687500
vt 0.406250 0.687500
vt 0.421875 0.687500
vt 0.437500 0.687500
vt 0.453125 0.687500
vt 0.468750 0.687500
vt 0.484375 0.687500
vt 0.500000 0.687500
vt 0.515625 0.687500
vt 0.531250 0.687500
vt 0.546875 0.687500
vt 0.562500 0.687500
vt 0.578125 0.687500
vt 0.593750 0.687500
vt 0.609375 0.687500
vt 0.633555 0.094772
vt 0.637909 0.105284
vt 0.528520 0.150577
vt 0.524178 0.140095
vt 0.376480 0.368745
vt 0.376897 0.312501
vt 0.388728 0.312501
vt 0.389147 0.368666
vt 0.375000 0.364151
vt 0.376478 0.631336
vt 0.375000 0.605602
vt 0.623103 0.312501
vt 0.623522 0.368666
vt 0.610855 0.368745
vt 0.611272 0.312501
vt 0.599863 0.048342
vt 0.607908 0.056388
vt 0.516156 0.132072
vt 0.392105 0.368745
vt 0.392522 0.312501
vt 0.404353 0.312501
vt 0.404772 0.368666
vt 0.392103 0.631336
vt 0.389145 0.631257
vt 0.550967 0.018341
vt 0.561478 0.022695
vt 0.505673 0.127730
vt 0.407730 0.368745
vt 0.408147 0.312501
vt 0.419978 0.312501
vt 0.420397 0.368666
vt 0.407728 0.631336
vt 0.404770 0.631257
vt 0.494312 0.009335
vt 0.505689 0.009335
vt 0.494327 0.127730
vt 0.423355 0.368745
vt 0.423772 0.312501
vt 0.435603 0.312501
vt 0.436022 0.368666
vt 0.423353 0.631336
vt 0.420395 0.631257
vt 0.438522 0.022695
vt 0.449034 0.018341
vt 0.483845 0.132072
vt 0.438980 0.368745
vt 0.439397 0.312501
vt 0.451228 0.312501
vt 0.451647 0.368666
vt 0.438978 0.631336
vt 0.436020 0.631257
vt 0.392093 0.056388
vt 0.400138 0.048342
vt 0.475822 0.140095
vt 0.454605 0.368745
vt 0.455022 0.312501
vt 0.466853 0.312501
vt 0.467272 0.368666
vt 0.454603 0.631336
vt 0.451645 0.631257
vt 0.362091 0.105284
vt 0.366445 0.094772
vt 0.471480 0.150577
vt 0.470230 0.368745
vt 0.470647 0.312501
vt 0.482478 0.312501
vt 0.482897 0.368666
vt 0.470228 0.631336
vt 0.467270 0.631257
vt 0.353085 0.161939
vt 0.353085 0.150561
vt 0.471480 0.161923
vt 0.485855 0.368745
vt 0.486272 0.312501
vt 0.498103 0.312501
vt 0.498522 0.368666
vt 0.485853 0.631336
vt 0.482895 0.631257
vt 0.366445 0.217728
vt 0.362091 0.207216
vt 0.475822 0.172405
vt 0.501480 0.368745
vt 0.501897 0.312501
vt 0.513728 0.312501
vt 0.514147 0.368666
vt 0.501478 0.631336
vt 0.498520 0.631257
vt 0.400138 0.264157
vt 0.392093 0.256112
vt 0.483845 0.180428
vt 0.517105 0.368745
vt 0.517522 0.312501
vt 0.529353 0.312501
vt 0.529772 0.368666
vt 0.517103 0.631336
vt 0.514145 0.631257
vt 0.449034 0.294159
vt 0.438522 0.289805
vt 0.494327 0.184770
vt 0.532730 0.368745
vt 0.533147 0.312501
vt 0.544978 0.312501
vt 0.545397 0.368666
vt 0.532728 0.631336
vt 0.529770 0.631257
vt 0.505689 0.303165
vt 0.494312 0.303166
vt 0.505673 0.184770
vt 0.548355 0.368745
vt 0.548772 0.312501
vt 0.560603 0.312501
vt 0.561022 0.368666
vt 0.548353 0.631336
vt 0.545395 0.631257
vt 0.561478 0.289805
vt 0.550967 0.294159
vt 0.516156 0.180428
vt 0.563980 0.368745
vt 0.564397 0.312501
vt 0.576228 0.312501
vt 0.576647 0.368666
vt 0.563978 0.631336
vt 0.561020 0.631257
vt 0.607907 0.256112
vt 0.599862 0.264158
vt 0.524178 0.172405
vt 0.579605 0.368745
vt 0.580022 0.312501
vt 0.591853 0.312501
vt 0.592272 0.368666
vt 0.579603 0.631336
vt 0.576645 0.631257
vt 0.637909 0.207216
vt 0.633555 0.217728
vt 0.528520 0.161923
vt 0.595230 0.368745
vt 0.595647 0.312501
vt 0.607478 0.312501
vt 0.607897 0.368666
vt 0.595228 0.631336
vt 0.592270 0.631257
vt 0.646916 0.150561
vt 0.646916 0.161939
vt 0.610853 0.631336
vt 0.607895 0.631257
vt 0.637909 0.894716
vt 0.633555 0.905228
vt 0.524178 0.859905
vt 0.528520 0.849423
vt 0.623520 0.631257
vt 0.623103 0.687500
vt 0.611272 0.687500
vt 0.376897 0.687500
vt 0.388728 0.687500
vt 0.607908 0.943612
vt 0.599863 0.951658
vt 0.516156 0.867928
vt 0.392522 0.687500
vt 0.404353 0.687500
vt 0.561478 0.977305
vt 0.550967 0.981659
vt 0.505673 0.872270
vt 0.408147 0.687500
vt 0.419978 0.687500
vt 0.505689 0.990665
vt 0.494311 0.990665
vt 0.494327 0.872270
vt 0.423772 0.687500
vt 0.435603 0.687500
vt 0.449034 0.981659
vt 0.438522 0.977305
vt 0.483845 0.867928
vt 0.439397 0.687500
vt 0.451228 0.687500
vt 0.400138 0.951657
vt 0.392093 0.943612
vt 0.475822 0.859905
vt 0.455022 0.687500
vt 0.466853 0.687500
vt 0.366445 0.905228
vt 0.362091 0.894716
vt 0.471480 0.849423
vt 0.470647 0.687500
vt 0.482478 0.687500
vt 0.353085 0.849439
vt 0.353085 0.838061
vt 0.471480 0.838077
vt 0.486272 0.687500
vt 0.498103 0.687500
vt 0.362091 0.792784
vt 0.366445 0.782272
vt 0.475822 0.827595
vt 0.501897 0.687500
vt 0.513728 0.687500
vt 0.392093 0.743888
vt 0.400138 0.735842
vt 0.483845 0.819572
vt 0.517522 0.687500
vt 0.529353 0.687500
vt 0.438522 0.710195
vt 0.449034 0.705841
vt 0.494327 0.815230
vt 0.533147 0.687500
vt 0.544978 0.687500
vt 0.494312 0.696834
vt 0.505689 0.696835
vt 0.505673 0.815230
vt 0.548772 0.687500
vt 0.560603 0.687500
vt 0.550967 0.705841
vt 0.561478 0.710195
vt 0.516156 0.819572
vt 0.564397 0.687500
vt 0.576228 0.687500
vt 0.599862 0.735842
vt 0.607907 0.743888
vt 0.524178 0.827595
vt 0.580022 0.687500
vt 0.591853 0.687500
vt 0.633555 0.782272
vt 0.637909 0.792784
vt 0.528520 0.838077
vt 0.595647 0.687500
vt 0.607478 0.687500
vt 0.646916 0.838061
vt 0.646916 0.849439
vt 0.375000 0.312501
vt 0.390625 0.312501
vt 0.406250 0.312501
vt 0.421875 0.312501
vt 0.437500 0.312501
vt 0.453125 0.312501
vt 0.468750 0.312501
vt 0.484375 0.312501
vt 0.500000 0.312501
vt 0.515625 0.312501
vt 0.531250 0.312501
vt 0.546875 0.312501
vt 0.562500 0.312501
vt 0.578125 0.312501
vt 0.593750 0.312501
vt 0.609375 0.312501
vt 0.375000 0.687500
vt 0.390625 0.687500
vt 0.406250 0.687500
vt 0.421875 0.687500
vt 0.437500 0.687500
vt 0.453125 0.687500
vt 0.468750 0.687500
vt 0.484375 0.687500
vt 0.500000 0.687500
vt 0.515625 0.687500
vt 0.531250 0.687500
vt 0.546875 0.687500
vt 0.562500 0.687500
vt 0.578125 0.687500
vt 0.593750 0.687500
vt 0.609375 0.687500
vt 0.633555 0.094772
vt 0.637909 0.105284
vt 0.528520 0.150577
vt 0.524178 0.140095
vt 0.376480 0.368745
vt 0.376897 0.312501
vt 0.388728 0.312501
vt 0.389147 0.368666
vt 0.375000 0.364151
vt 0.376478 0.631336
vt 0.375000 0.605602
vt 0.623103 0.312501
vt 0.623522 0.368666
vt 0.610855 0.368745
vt 0.611272 0.312501
vt 0.599863 0.048342
vt 0.607908 0.056388
vt 0.516156 0.132072
vt 0.392105 0.368745
vt 0.392522 0.312501
vt 0.404353 0.312501
vt 0.404772 0.368666
vt 0.392103 0.631336
vt 0.389145 0.631257
vt 0.550967 0.018341
vt 0.561478 0.022695
vt 0.505673 0.127730
vt 0.407730 0.368745
vt 0.408147 0.312501
vt 0.419978 0.312501
vt 0.420397 0.368666
vt 0.407728 0.631336
vt 0.404770 0.631257
vt 0.494312 0.009335
vt 0.505689 0.009335
vt 0.494327 0.127730
vt 0.423355 0.368745
vt 0.423772 0.312501
vt 0.435603 0.312501
vt 0.436022 0.368666
vt 0.423353 0.631336
vt 0.420395 0.631257
vt 0.438522 0.022695
vt 0.449034 0.018341
vt 0.483845 0.132072
vt 0.438980 0.368745
vt 0.439397 0.312501
vt 0.451228 0.312501
vt 0.451647 0.368666
vt 0.438978 0.631336
vt 0.436020 0.631257
vt 0.392093 0.056388
vt 0.400138 0.048342
vt 0.475822 0.140095
vt 0.454605 0.368745
vt 0.455022 0.312501
vt 0.466853 0.312501
vt 0.467272 0.368666
vt 0.454603 0.631336
vt 0.451645 0.631257
vt 0.362091 0.105284
vt 0.366445 0.094772
vt 0.471480 0.150577
vt 0.470230 0.368745
vt 0.470647 0.312501
vt 0.482478 0.312501
vt 0.482897 0.368666
vt 0.470228 0.631336
vt 0.467270 0.631257
vt 0.353085 0.161939
vt 0.353085 0.150561
vt 0.471480 0.161923
vt 0.485855 0.368745
vt 0.486272 0.312501
vt 0.498103 0.312501
vt 0.498522 0.368666
vt 0.485853 0.631336
vt 0.482895 0.631257
vt 0.366445 0.217728
vt 0.362091 0.207216
vt 0.475822 0.172405
vt 0.501480 0.368745
vt 0.501897 0.312501
vt 0.513728 0.312501
vt 0.514147 0.368666
vt 0.501478 0.631336
vt 0.498520 0.631257
vt 0.400138 0.264157
vt 0.392093 0.256112
vt 0.483845 0.180428
vt 0.517105 0.368745
vt 0.517522 0.312501
vt 0.529353 0.312501
vt 0.529772 0.368666
vt 0.517103 0.631336
vt 0.514145 0.631257
vt 0.449034 0.294159
vt 0.438522 0.289805
vt 0.494327 0.184770
vt 0.532730 0.368745
vt 0.533147 0.312501
vt 0.544978 0.312501
vt 0.545397 0.368666
vt 0.532728 0.631336
vt 0.529770 0.631257
vt 0.505689 0.303165
vt 0.494312 0.303166
vt 0.505673 0.184770
vt 0.548355 0.368745
vt 0.548772 0.312501
vt 0.560603 0.312501
vt 0.561022 0.368666
vt 0.548353 0.631336
vt 0.545395 0.631257
vt 0.561478 0.289805
vt 0.550967 0.294159
vt 0.516156 0.180428
vt 0.563980 0.368745
vt 0.564397 0.312501
vt 0.576228 0.312501
vt 0.576647 0.368666
vt 0.563978 0.631336
vt 0.561020 0.631257
vt 0.607907 0.256112
vt 0.599862 0.264158
vt 0.524178 0.172405
vt 0.579605 0.368745
vt 0.580022 0.312501
vt 0.591853 0.312501
vt 0.592272 0.368666
vt 0.579603 0.631336
vt 0.576645 0.631257
vt 0.637909 0.207216
vt 0.633555 0.217728
vt 0.528520 0.161923
vt 0.595230 0.368745
vt 0.595647 0.312501
vt 0.607478 0.312501
vt 0.607897 0.368666
vt 0.595228 0.631336
vt 0.592270 0.631257
vt 0.646916 0.150561
vt 0.646916 0.161939
vt 0.610853 0.631336
vt 0.607895 0.631257
vt 0.637909 0.894716
vt 0.633555 0.905228
vt 0.524178 0.859905
vt 0.528520 0.849423
vt 0.623520 0.631257
vt 0.623103 0.687500
vt 0.611272 0.687500
vt 0.376897 0.687500
vt 0.388728 0.687500
vt 0.607908 0.943612
vt 0.599863 0.951658
vt 0.516156 0.867928
vt 0.392522 0.687500
vt 0.404353 0.687500
vt 0.561478 0.977305
vt 0.550967 0.981659
vt 0.505673 0.872270
vt 0.408147 0.687500
vt 0.419978 0.687500
vt 0.505689 0.990665
vt 0.494311 0.990665
vt 0.494327 0.872270
vt 0.423772 0.687500
vt 0.435603 0.687500
vt 0.449034 0.981659
vt 0.438522 0.977305
vt 0.483845 0.867928
vt 0.439397 0.687500
vt 0.451228 0.687500
vt 0.400138 0.951657
vt 0.392093 0.943612
vt 0.475822 0.859905
vt 0.455022 0.687500
vt 0.466853 0.687500
vt 0.366445 0.905228
vt 0.362091 0.894716
vt 0.471480 0.849423
vt 0.470647 0.687500
vt 0.482478 0.687500
vt 0.353085 0.849439
vt 0.353085 0.838061
vt 0.471480 0.838077
vt 0.486272 0.687500
vt 0.498103 0.687500
vt 0.362091 0.792784
vt 0.366445 0.782272
vt 0.475822 0.827595
vt 0.501897 0.687500
vt 0.513728 0.687500
vt 0.392093 0.743888
vt 0.400138 0.735842
vt 0.483845 0.819572
vt 0.517522 0.687500
vt 0.529353 0.687500
vt 0.438522 0.710195
vt 0.449034 0.705841
vt 0.494327 0.815230
vt 0.533147 0.687500
vt 0.544978 0.687500
vt 0.494312 0.696834
vt 0.505689 0.696835
vt 0.505673 0.815230
vt 0.548772 0.687500
vt 0.560603 0.687500
vt 0.550967 0.705841
vt 0.561478 0.710195
vt 0.516156 0.819572
vt 0.564397 0.687500
vt 0.576228 0.687500
vt 0.599862 0.735842
vt 0.607907 0.743888
vt 0.524178 0.827595
vt 0.580022 0.687500
vt 0.591853 0.687500
vt 0.633555 0.782272
vt 0.637909 0.792784
vt 0.528520 0.838077
vt 0.595647 0.687500
vt 0.607478 0.687500
vt 0.646916 0.838061
vt 0.646916 0.849439
vt 0.375000 0.312501
vt 0.390625 0.312501
vt 0.406250 0.312501
vt 0.421875 0.312501
vt 0.437500 0.312501
vt 0.453125 0.312501
vt 0.468750 0.312501
vt 0.484375 0.312501
vt 0.500000 0.312501
vt 0.515625 0.312501
vt 0.531250 0.312501
vt 0.546875 0.312501
vt 0.562500 0.312501
vt 0.578125 0.312501
vt 0.593750 0.312501
vt 0.609375 0.312501
vt 0.375000 0.687500
vt 0.390625 0.687500
vt 0.406250 0.687500
vt 0.421875 0.687500
vt 0.437500 0.687500
vt 0.453125 0.687500
vt 0.468750 0.687500
vt 0.484375 0.687500
vt 0.500000 0.687500
vt 0.515625 0.687500
vt 0.531250 0.687500
vt 0.546875 0.687500
vt 0.562500 0.687500
vt 0.578125 0.687500
vt 0.593750 0.687500
vt 0.609375 0.687500
vt 0.633555 0.094772
vt 0.637909 0.105284
vt 0.528520 0.150577
vt 0.524178 0.140095
vt 0.376480 0.368745
vt 0.376897 0.312501
vt 0.388728 0.312501
vt 0.389147 0.368666
vt 0.375000 0.364151
vt 0.376478 0.631336
vt 0.375000 0.605602
vt 0.623103 0.312501
vt 0.623522 0.368666
vt 0.610855 0.368745
vt 0.611272 0.312501
vt 0.599863 0.048342
vt 0.607908 0.056388
vt 0.516156 0.132072
vt 0.392105 0.368745
vt 0.392522 0.312501
vt 0.404353 0.312501
vt 0.404772 0.368666
vt 0.392103 0.631336
vt 0.389145 0.631257
vt 0.550967 0.018341
vt 0.561478 0.022695
vt 0.505673 0.127730
vt 0.407730 0.368745
vt 0.408147 0.312501
vt 0.419978 0.312501
vt 0.420397 0.368666
vt 0.407728 0.631336
vt 0.404770 0.631257
vt 0.494312 0.009335
vt 0.505689 0.009335
vt 0.494327 0.127730
vt 0.423355 0.368745
vt 0.423772 0.312501
vt 0.435603 0.312501
vt 0.436022 0.368666
vt 0.423353 0.631336
vt 0.420395 0.631257
vt 0.438522 0.022695
vt 0.449034 0.018341
vt 0.483845 0.132072
vt 0.438980 0.368745
vt 0.439397 0.312501
vt 0.451228 0.312501
vt 0.451647 0.368666
vt 0.438978 0.631336
vt 0.436020 0.631257
vt 0.392093 0.056388
vt 0.400138 0.048342
vt 0.475822 0.140095
vt 0.454605 0.368745
vt 0.455022 0.312501
vt 0.466853 0.312501
vt 0.467272 0.368666
vt 0.454603 0.631336
vt 0.451645 0.631257
vt 0.362091 0.105284
vt 0.366445 0.094772
vt 0.471480 0.150577
vt 0.470230 0.368745
vt 0.470647 0.312501
vt 0.482478 0.312501
vt 0.482897 0.368666
vt 0.470228 0.631336
vt 0.467270 0.631257
vt 0.353085 0.161939
vt 0.353085 0.150561
vt 0.471480 0.161923
vt 0.485855 0.368745
vt 0.486272 0.312501
vt 0.498103 0.312501
vt 0.498522 0.368666
vt 0.485853 0.631336
vt 0.482895 0.631257
vt 0.366445 0.217728
vt 0.362091 0.207216
vt 0.475822 0.172405
vt 0.501480 0.368745
vt 0.501897 0.312501
vt 0.513728 0.312501
vt 0.514147 0.368666
vt 0.501478 0.631336
vt 0.498520 0.631257
vt 0.400138 0.264157
vt 0.392093 0.256112
vt 0.483845 0.180428
vt 0.517105 0.368745
vt 0.517522 0.312501
vt 0.529353 0.312501
vt 0.529772 0.368666
vt 0.517103 0.631336
vt 0.514145 0.631257
vt 0.449034 0.294159
vt 0.438522 0.289805
vt 0.494327 0.184770
vt 0.532730 0.368745
vt 0.533147 0.312501
vt 0.544978 0.312501
vt 0.545397 0.368666
vt 0.532728 0.631336
vt 0.529770 0.631257
vt 0.505689 0.303165
vt 0.494312 0.303166
vt 0.505673 0.184770
vt 0.548355 0.368745
vt 0.548772 0.312501
vt 0.560603 0.312501
vt 0.561022 0.368666
vt 0.548353 0.631336
vt 0.545395 0.631257
vt 0.561478 0.289805
vt 0.550967 0.294159
vt 0.516156 0.180428
vt 0.563980 0.368745
vt 0.564397 0.312501
vt 0.576228 0.312501
vt 0.576647 0.368666
vt 0.563978 0.631336
vt 0.561020 0.631257
vt 0.607907 0.256112
vt 0.599862 0.264158
vt 0.524178 0.172405
vt 0.579605 0.368745
vt 0.580022 0.312501
vt 0.591853 0.312501
vt 0.592272 0.368666
vt 0.579603 0.631336
vt 0.576645 0.631257
vt 0.637909 0.207216
vt 0.633555 0.217728
vt 0.528520 0.161923
vt 0.595230 0.368745
vt 0.595647 0.312501
vt 0.607478 0.312501
vt 0.607897 0.368666
vt 0.595228 0.631336
vt 0.592270 0.631257
vt 0.646916 0.150561
vt 0.646916 0.161939
vt 0.610853 0.631336
vt 0.607895 0.631257
vt 0.637909 0.894716
vt 0.633555 0.905228
vt 0.524178 0.859905
vt 0.528520 0.849423
vt 0.623520 0.631257
vt 0.623103 0.687500
vt 0.611272 0.687500
vt 0.376897 0.687500
vt 0.388728 0.687500
vt 0.607908 0.943612
vt 0.599863 0.951658
vt 0.516156 0.867928
vt 0.392522 0.687500
vt 0.404353 0.687500
vt 0.561478 0.977305
vt 0.550967 0.981659
vt 0.505673 0.872270
vt 0.408147 0.687500
vt 0.419978 0.687500
vt 0.505689 0.990665
vt 0.494311 0.990665
vt 0.494327 0.872270
vt 0.423772 0.687500
vt 0.435603 0.687500
vt 0.449034 0.981659
vt 0.438522 0.977305
vt 0.483845 0.867928
vt 0.439397 0.687500
vt 0.451228 0.687500
vt 0.400138 0.951657
vt 0.392093 0.943612
vt 0.475822 0.859905
vt 0.455022 0.687500
vt 0.466853 0.687500
vt 0.366445 0.905228
vt 0.362091 0.894716
vt 0.471480 0.849423
vt 0.470647 0.687500
vt 0.482478 0.687500
vt 0.353085 0.849439
vt 0.353085 0.838061
vt 0.471480 0.838077
vt 0.486272 0.687500
vt 0.498103 0.687500
vt 0.362091 0.792784
vt 0.366445 0.782272
vt 0.475822 0.827595
vt 0.501897 0.687500
vt 0.513728 0.687500
vt 0.392093 0.743888
vt 0.400138 0.735842
vt 0.483845 0.819572
vt 0.517522 0.687500
vt 0.529353 0.687500
vt 0.438522 0.710195
vt 0.449034 0.705841
vt 0.494327 0.815230
vt 0.533147 0.687500
vt 0.544978 0.687500
vt 0.494312 0.696834
vt 0.505689 0.696835
vt 0.505673 0.815230
vt 0.548772 0.687500
vt 0.560603 0.687500
vt 0.550967 0.705841
vt 0.561478 0.710195
vt 0.516156 0.819572
vt 0.564397 0.687500
vt 0.576228 0.687500
vt 0.599862 0.735842
vt 0.607907 0.743888
vt 0.524178 0.827595
vt 0.580022 0.687500
vt 0.591853 0.687500
vt 0.633555 0.782272
vt 0.637909 0.792784
vt 0.528520 0.838077
vt 0.595647 0.687500
vt 0.607478 0.687500
vt 0.646916 0.838061
vt 0.646916 0.849439
vt 0.375000 0.312501
vt 0.390625 0.312501
vt 0.406250 0.312501
vt 0.421875 0.312501
vt 0.437500 0.312501
vt 0.453125 0.312501
vt 0.468750 0.312501
vt 0.484375 0.312501
vt 0.500000 0.312501
vt 0.515625 0.312501
vt 0.531250 0.312501
vt 0.546875 0.312501
vt 0.562500 0.312501
vt 0.578125 0.312501
vt 0.593750 0.312501
vt 0.609375 0.312501
vt 0.375000 0.687500
vt 0.390625 0.687500
vt 0.406250 0.687500
vt 0.421875 0.687500
vt 0.437500 0.687500
vt 0.453125 0.687500
vt 0.468750 0.687500
vt 0.484375 0.687500
vt 0.500000 0.687500
vt 0.515625 0.687500
vt 0.531250 0.687500
vt 0.546875 0.687500
vt 0.562500 0.687500
vt 0.578125 0.687500
vt 0.593750 0.687500
vt 0.609375 0.687500
vt 0.633555 0.094772
vt 0.637909 0.105284
vt 0.528520 0.150577
vt 0.524178 0.140095
vt 0.376480 0.368745
vt 0.376897 0.312501
vt 0.388728 0.312501
vt 0.389147 0.368666
vt 0.375000 0.364151
vt 0.376478 0.631336
vt 0.375000 0.605602
vt 0.623103 0.312501
vt 0.623522 0.368666
vt 0.610855 0.368745
vt 0.611272 0.312501
vt 0.599863 0.048342
vt 0.607908 0.056388
vt 0.516156 0.132072
vt 0.392105 0.368745
vt 0.392522 0.312501
vt 0.404353 0.312501
vt 0.404772 0.368666
vt 0.392103 0.631336
vt 0.389145 0.631257
vt 0.550967 0.018341
vt 0.561478 0.022695
vt 0.505673 0.127730
vt 0.407730 0.368745
vt 0.408147 0.312501
vt 0.419978 0.312501
vt 0.420397 0.368666
vt 0.407728 0.631336
vt 0.404770 0.631257
vt 0.494312 0.009335
vt 0.505689 0.009335
vt 0.494327 0.127730
vt 0.423355 0.368745
vt 0.423772 0.312501
vt 0.435603 0.312501
vt 0.436022 0.368666
vt 0.423353 0.631336
vt 0.420395 0.631257
vt 0.438522 0.022695
vt 0.449034 0.018341
vt 0.483845 0.132072
vt 0.438980 0.368745
vt 0.439397 0.312501
vt 0.451228 0.312501
vt 0.451647 0.368666
vt 0.438978 0.631336
vt 0.436020 0.631257
vt 0.392093 0.056388
vt 0.400138 0.048342
vt 0.475822 0.140095
vt 0.454605 0.368745
vt 0.455022 0.312501
vt 0.466853 0.312501
vt 0.467272 0.368666
vt 0.454603 0.631336
vt 0.451645 0.631257
vt 0.362091 0.105284
vt 0.366445 0.094772
vt 0.471480 0.150577
vt 0.470230 0.368745
vt 0.470647 0.312501
vt 0.482478 0.312501
vt 0.482897 0.368666
vt 0.470228 0.631336
vt 0.467270 0.631257
vt 0.353085 0.161939
vt 0.353085 0.150561
vt 0.471480 0.161923
vt 0.485855 0.368745
vt 0.486272 0.312501
vt 0.498103 0.312501
vt 0.498522 0.368666
vt 0.485853 0.631336
vt 0.482895 0.631257
vt 0.366445 0.217728
vt 0.362091 0.207216
vt 0.475822 0.172405
vt 0.501480 0.368745
vt 0.501897 0.312501
vt 0.513728 0.312501
vt 0.514147 0.368666
vt 0.501478 0.631336
vt 0.498520 0.631257
vt 0.400138 0.264157
vt 0.392093 0.256112
vt 0.483845 0.180428
vt 0.517105 0.368745
vt 0.517522 0.312501
vt 0.529353 0.312501
vt 0.529772 0.368666
vt 0.517103 0.631336
vt 0.514145 0.631257
vt 0.449034 0.294159
vt 0.438522 0.289805
vt 0.494327 0.184770
vt 0.532730 0.368745
vt 0.533147 0.312501
vt 0.544978 0.312501
vt 0.545397 0.368666
vt 0.532728 0.631336
vt 0.529770 0.631257
vt 0.505689 0.303165
vt 0.494312 0.303166
vt 0.505673 0.184770
vt 0.548355 0.368745
vt 0.548772 0.312501
vt 0.560603 0.312501
vt 0.561022 0.368666
vt 0.548353 0.631336
vt 0.545395 0.631257
vt 0.561478 0.289805
vt 0.550967 0.294159
vt 0.516156 0.180428
vt 0.563980 0.368745
vt 0.564397 0.312501
vt 0.576228 0.312501
vt 0.576647 0.368666
vt 0.563978 0.631336
vt 0.561020 0.631257
vt 0.607907 0.256112
vt 0.599862 0.264158
vt 0.524178 0.172405
vt 0.579605 0.368745
vt 0.580022 0.312501
vt 0.591853 0.312501
vt 0.592272 0.368666
vt 0.579603 0.631336
vt 0.576645 0.631257
vt 0.637909 0.207216
vt 0.633555 0.217728
vt 0.528520 0.161923
vt 0.595230 0.368745
vt 0.595647 0.312501
vt 0.607478 0.312501
vt 0.607897 0.368666
vt 0.595228 0.631336
vt 0.592270 0.631257
vt 0.646916 0.150561
vt 0.646916 0.161939
vt 0.610853 0.631336
vt 0.607895 0.631257
vt 0.637909 0.894716
vt 0.633555 0.905228
vt 0.524178 0.859905
vt 0.528520 0.849423
vt 0.623520 0.631257
vt 0.623103 0.687500
vt 0.611272 0.687500
vt 0.376897 0.687500
vt 0.388728 0.687500
vt 0.607908 0.943612
vt 0.599863 0.951658
vt 0.516156 0.867928
vt 0.392522 0.687500
vt 0.404353 0.687500
vt 0.561478 0.977305
vt 0.550967 0.981659
vt 0.505673 0.872270
vt 0.408147 0.687500
vt 0.419978 0.687500
vt 0.505689 0.990665
vt 0.494311 0.990665
vt 0.494327 0.872270
vt 0.423772 0.687500
vt 0.435603 0.687500
vt 0.449034 0.981659
vt 0.438522 0.977305
vt 0.483845 0.867928
vt 0.439397 0.687500
vt 0.451228 0.687500
vt 0.400138 0.951657
vt 0.392093 0.943612
vt 0.475822 0.859905
vt 0.455022 0.687500
vt 0.466853 0.687500
vt 0.366445 0.905228
vt 0.362091 0.894716
vt 0.471480 0.849423
vt 0.470647 0.687500
vt 0.482478 0.687500
vt 0.353085 0.849439
vt 0.353085 0.838061
vt 0.471480 0.838077
vt 0.486272 0.687500
vt 0.498103 0.687500
vt 0.362091 0.792784
vt 0.366445 0.782272
vt 0.475822 0.827595
vt 0.501897 0.687500
vt 0.513728 0.687500
vt 0.392093 0.743888
vt 0.400138 0.735842
vt 0.483845 0.819572
vt 0.517522 0.687500
vt 0.529353 0.687500
vt 0.438522 0.710195
vt 0.449034 0.705841
vt 0.494327 0.815230
vt 0.533147 0.687500
vt 0.544978 0.687500
vt 0.494312 0.696834
vt 0.505689 0.696835
vt 0.505673 0.815230
vt 0.548772 0.687500
vt 0.560603 0.687500
vt 0.550967 0.705841
vt 0.561478 0.710195
vt 0.516156 0.819572
vt 0.564397 0.687500
vt 0.576228 0.687500
vt 0.599862 0.735842
vt 0.607907 0.743888
vt 0.524178 0.827595
vt 0.580022 0.687500
vt 0.591853 0.687500
vt 0.633555 0.782272
vt 0.637909 0.792784
vt 0.528520 0.838077
vt 0.595647 0.687500
vt 0.607478 0.687500
vt 0.646916 0.838061
vt 0.646916 0.849439
vt 0.375000 0.312501
vt 0.390625 0.312501
vt 0.406250 0.312501
vt 0.421875 0.312501
vt 0.437500 0.312501
vt 0.453125 0.312501
vt 0.468750 0.312501
vt 0.484375 0.312501
vt 0.500000 0.312501
vt 0.515625 0.312501
vt 0.531250 0.312501
vt 0.546875 0.312501
vt 0.562500 0.312501
vt 0.578125 0.312501
vt 0.593750 0.312501
vt 0.609375 0.312501
vt 0.375000 0.687500
vt 0.390625 0.687500
vt 0.406250 0.687500
vt 0.421875 0.687500
vt 0.437500 0.687500
vt 0.453125 0.687500
vt 0.468750 0.687500
vt 0.484375 0.687500
vt 0.500000 0.687500
vt 0.515625 0.687500
vt 0.531250 0.687500
vt 0.546875 0.687500
vt 0.562500 0.687500
vt 0.578125 0.687500
vt 0.593750 0.687500
vt 0.609375 0.687500
vt 0.633555 0.094772
vt 0.637909 0.105284
vt 0.528520 0.150577
vt 0.524178 0.140095
vt 0.376480 0.368745
vt 0.376897 0.312501
vt 0.388728 0.312501
vt 0.389147 0.368666
vt 0.375000 0.364151
vt 0.376478 0.631336
vt 0.375000 0.605602
vt 0.623103 0.312501
vt 0.623522 0.368666
vt 0.610855 0.368745
vt 0.611272 0.312501
vt 0.599863 0.048342
vt 0.607908 0.056388
vt 0.516156 0.132072
vt 0.392105 0.368745
vt 0.392522 0.312501
vt 0.404353 0.312501
vt 0.404772 0.368666
vt 0.392103 0.631336
vt 0.389145 0.631257
vt 0.550967 0.018341
vt 0.561478 0.022695
vt 0.505673 0.127730
vt 0.407730 0.368745
vt 0.408147 0.312501
vt 0.419978 0.312501
vt 0.420397 0.368666
vt 0.407728 0.631336
vt 0.404770 0.631257
vt 0.494312 0.009335
vt 0.505689 0.009335
vt 0.494327 0.127730
vt 0.423355 0.368745
vt 0.423772 0.312501
vt 0.435603 0.312501
vt 0.436022 0.368666
vt 0.423353 0.631336
vt 0.420395 0.631257
vt 0.438522 0.022695
vt 0.449034 0.018341
vt 0.483845 0.132072
vt 0.438980 0.368745
vt 0.439397 0.312501
vt 0.451228 0.312501
vt 0.451647 0.368666
vt 0.438978 0.631336
vt 0.436020 0.631257
vt 0.392093 0.056388
vt 0.400138 0.048342
vt 0.475822 0.140095
vt 0.454605 0.368745
vt 0.455022 0.312501
vt 0.466853 0.312501
vt 0.467272 0.368666
vt 0.454603 0.631336
vt 0.451645 0.631257
vt 0.362091 0.105284
vt 0.366445 0.094772
vt 0.471480 0.150577
vt 0.470230 0.368745
vt 0.470647 0.312501
vt 0.482478 0.312501
vt 0.482897 0.368666
vt 0.470228 0.631336
vt 0.467270 0.631257
vt 0.353085 0.161939
vt 0.353085 0.150561
vt 0.471480 0.161923
vt 0.485855 0.368745
vt 0.486272 0.312501
vt 0.498103 0.312501
vt 0.498522 0.368666
vt 0.485853 0.631336
vt 0.482895 0.631257
vt 0.366445 0.217728
vt 0.362091 0.207216
vt 0.475822 0.172405
vt 0.501480 0.368745
vt 0.501897 0.312501
vt 0.513728 0.312501
vt 0.514147 0.368666
vt 0.501478 0.631336
vt 0.498520 0.631257
vt 0.400138 0.264157
vt 0.392093 0.256112
vt 0.483845 0.180428
vt 0.517105 0.368745
vt 0.517522 0.312501
vt 0.529353 0.312501
vt 0.529772 0.368666
vt 0.517103 0.631336
vt 0.514145 0.631257
vt 0.449034 0.294159
vt 0.438522 0.289805
vt 0.494327 0.184770
vt 0.532730 0.368745
vt 0.533147 0.312501
vt 0.544978 0.312501
vt 0.545397 0.368666
vt 0.532728 0.631336
vt 0.529770 0.631257
vt 0.505689 0.303165
vt 0.494312 0.303166
vt 0.505673 0.184770
vt 0.548355 0.368745
vt 0.548772 0.312501
vt 0.560603 0.312501
vt 0.561022 0.368666
vt 0.548353 0.631336
vt 0.545395 0.631257
vt 0.561478 0.289805
vt 0.550967 0.294159
vt 0.516156 0.180428
vt 0.563980 0.368745
vt 0.564397 0.312501
vt 0.576228 0.312501
vt 0.576647 0.368666
vt 0.563978 0.631336
vt 0.561020 0.631257
vt 0.607907 0.256112
vt 0.599862 0.264158
vt 0.524178 0.172405
vt 0.579605 0.368745
vt 0.580022 0.312501
vt 0.591853 0.312501
vt 0.592272 0.368666
vt 0.579603 0.631336
vt 0.576645 0.631257
vt 0.637909 0.207216
vt 0.633555 0.217728
vt 0.528520 0.161923
vt 0.595230 0.368745
vt 0.595647 0.312501
vt 0.607478 0.312501
vt 0.607897 0.368666
vt 0.595228 0.631336
vt 0.592270 0.631257
vt 0.646916 0.150561
vt 0.646916 0.161939
vt 0.610853 0.631336
vt 0.607895 0.631257
vt 0.637909 0.894716
vt 0.633555 0.905228
vt 0.524178 0.859905
vt 0.528520 0.849423
vt 0.623520 0.631257
vt 0.623103 0.687500
vt 0.611272 0.687500
vt 0.376897 0.687500
vt 0.388728 0.687500
vt 0.607908 0.943612
vt 0.599863 0.951658
vt 0.516156 0.867928
vt 0.392522 0.687500
vt 0.404353 0.687500
vt 0.561478 0.977305
vt 0.550967 0.981659
vt 0.505673 0.872270
vt 0.408147 0.687500
vt 0.419978 0.687500
vt 0.505689 0.990665
vt 0.494311 0.990665
vt 0.494327 0.872270
vt 0.423772 0.687500
vt 0.435603 0.687500
vt 0.449034 0.981659
vt 0.438522 0.977305
vt 0.483845 0.867928
vt 0.439397 0.687500
vt 0.451228 0.687500
vt 0.400138 0.951657
vt 0.392093 0.943612
vt 0.475822 0.859905
vt 0.455022 0.687500
vt 0.466853 0.687500
vt 0.366445 0.905228
vt 0.362091 0.894716
vt 0.471480 0.849423
vt 0.470647 0.687500
vt 0.482478 0.687500
vt 0.353085 0.849439
vt 0.353085 0.838061
vt 0.471480 0.838077
vt 0.486272 0.687500
vt 0.498103 0.687500
vt 0.362091 0.792784
vt 0.366445 0.782272
vt 0.475822 0.827595
vt 0.501897 0.687500
vt 0.513728 0.687500
vt 0.392093 0.743888
vt 0.400138 0.735842
vt 0.483845 0.819572
vt 0.517522 0.687500
vt 0.529353 0.687500
vt 0.438522 0.710195
vt 0.449034 0.705841
vt 0.494327 0.815230
vt 0.533147 0.687500
vt 0.544978 0.687500
vt 0.494312 0.696834
vt 0.505689 0.696835
vt 0.505673 0.815230
vt 0.548772 0.687500
vt 0.560603 0.687500
vt 0.550967 0.705841
vt 0.561478 0.710195
vt 0.516156 0.819572
vt 0.564397 0.687500
vt 0.576228 0.687500
vt 0.599862 0.735842
vt 0.607907 0.743888
vt 0.524178 0.827595
vt 0.580022 0.687500
vt 0.591853 0.687500
vt 0.633555 0.782272
vt 0.637909 0.792784
vt 0.528520 0.838077
vt 0.595647 0.687500
vt 0.607478 0.687500
vt 0.646916 0.838061
vt 0.646916 0.849439
vt 0.375000 0.312501
vt 0.390625 0.312501
vt 0.406250 0.312501
vt 0.421875 0.312501
vt 0.437500 0.312501
vt 0.453125 0.312501
vt 0.468750 0.312501
vt 0.484375 0.312501
vt 0.500000 0.312501
vt 0.515625 0.312501
vt 0.531250 0.312501
vt 0.546875 0.312501
vt 0.562500 0.312501
vt 0.578125 0.312501
vt 0.593750 0.312501
vt 0.609375 0.312501
vt 0.375000 0.687500
vt 0.390625 0.687500
vt 0.406250 0.687500
vt 0.421875 0.687500
vt 0.437500 0.687500
vt 0.453125 0.687500
vt 0.468750 0.687500
vt 0.484375 0.687500
vt 0.500000 0.687500
vt 0.515625 0.687500
vt 0.531250 0.687500
vt 0.546875 0.687500
vt 0.562500 0.687500
vt 0.578125 0.687500
vt 0.593750 0.687500
vt 0.609375 0.687500
vt 0.633555 0.094772
vt 0.637909 0.105284
vt 0.528520 0.150577
vt 0.524178 0.140095
vt 0.376480 0.368745
vt 0.376897 0.312501
vt 0.388728 0.312501
vt 0.389147 0.368666
vt 0.375000 0.364151
vt 0.376478 0.631336
vt 0.375000 0.605602
vt 0.623103 0.312501
vt 0.623522 0.368666
vt 0.610855 0.368745
vt 0.611272 0.312501
vt 0.599863 0.048342
vt 0.607908 0.056388
vt 0.516156 0.132072
vt 0.392105 0.368745
vt 0.392522 0.312501
vt 0.404353 0.312501
vt 0.404772 0.368666
vt 0.392103 0.631336
vt 0.389145 0.631257
vt 0.550967 0.018341
vt 0.561478 0.022695
vt 0.505673 0.127730
vt 0.407730 0.368745
vt 0.408147 0.312501
vt 0.419978 0.312501
vt 0.420397 0.368666
vt 0.407728 0.631336
vt 0.404770 0.631257
vt 0.494312 0.009335
vt 0.505689 0.009335
vt 0.494327 0.127730
vt 0.423355 0.368745
vt 0.423772 0.312501
vt 0.435603 0.312501
vt 0.436022 0.368666
vt 0.423353 0.631336
vt 0.420395 0.631257
vt 0.438522 0.022695
vt 0.449034 0.018341
vt 0.483845 0.132072
vt 0.438980 0.368745
vt 0.439397 0.312501
vt 0.451228 0.312501
vt 0.451647 0.368666
vt 0.438978 0.631336
vt 0.436020 0.631257
vt 0.392093 0.056388
vt 0.400138 0.048342
vt 0.475822 0.140095
vt 0.454605 0.368745
vt 0.455022 0.312501
vt 0.466853 0.312501
vt 0.467272 0.368666
vt 0.454603 0.631336
vt 0.451645 0.631257
vt 0.362091 0.105284
vt 0.366445 0.094772
vt 0.471480 0.150577
vt 0.470230 0.368745
vt 0.470647 0.312501
vt 0.482478 0.312501
vt 0.482897 0.368666
vt 0.470228 0.631336
vt 0.467270 0.631257
vt 0.353085 0.161939
vt 0.353085 0.150561
vt 0.471480 0.161923
vt 0.485855 0.368745
vt 0.486272 0.312501
vt 0.498103 0.312501
vt 0.498522 0.368666
vt 0.485853 0.631336
vt 0.482895 0.631257
vt 0.366445 0.217728
vt 0.362091 0.207216
vt 0.475822 0.172405
vt 0.501480 0.368745
vt 0.501897 0.312501
vt 0.513728 0.312501
vt 0.514147 0.368666
vt 0.501478 0.631336
vt 0.498520 0.631257
vt 0.400138 0.264157
vt 0.392093 0.256112
vt 0.483845 0.180428
vt 0.517105 0.368745
vt 0.517522 0.312501
vt 0.529353 0.312501
vt 0.529772 0.368666
vt 0.517103 0.631336
vt 0.514145 0.631257
vt 0.449034 0.294159
vt 0.438522 0.289805
vt 0.494327 0.184770
vt 0.532730 0.368745
vt 0.533147 0.312501
vt 0.544978 0.312501
vt 0.545397 0.368666
vt 0.532728 0.631336
vt 0.529770 0.631257
vt 0.505689 0.303165
vt 0.494312 0.303166
vt 0.505673 0.184770
vt 0.548355 0.368745
vt 0.548772 0.312501
vt 0.560603 0.312501
vt 0.561022 0.368666
vt 0.548353 0.631336
vt 0.545395 0.631257
vt 0.561478 0.289805
vt 0.550967 0.294159
vt 0.516156 0.180428
vt 0.563980 0.368745
vt 0.564397 0.312501
vt 0.576228 0.312501
vt 0.576647 0.368666
vt 0.563978 0.631336
vt 0.561020 0.631257
vt 0.607907 0.256112
vt 0.599862 0.264158
vt 0.524178 0.172405
vt 0.579605 0.368745
vt 0.580022 0.312501
vt 0.591853 0.312501
vt 0.592272 0.368666
vt 0.579603 0.631336
vt 0.576645 0.631257
vt 0.637909 0.207216
vt 0.633555 0.217728
vt 0.528520 0.161923
vt 0.595230 0.368745
vt 0.595647 0.312501
vt 0.607478 0.312501
vt 0.607897 0.368666
vt 0.595228 0.631336
vt 0.592270 0.631257
vt 0.646916 0.150561
vt 0.646916 0.161939
vt 0.610853 0.631336
vt 0.607895 0.631257
vt 0.637909 0.894716
vt 0.633555 0.905228
vt 0.524178 0.859905
vt 0.528520 0.849423
vt 0.623520 0.631257
vt 0.623103 0.687500
vt 0.611272 0.687500
vt 0.376897 0.687500
vt 0.388728 0.687500
vt 0.607908 0.943612
vt 0.599863 0.951658
vt 0.516156 0.867928
vt 0.392522 0.687500
vt 0.404353 0.687500
vt 0.561478 0.977305
vt 0.550967 0.981659
vt 0.505673 0.872270
vt 0.408147 0.687500
vt 0.419978 0.687500
vt 0.505689 0.990665
vt 0.494311 0.990665
vt 0.494327 0.872270
vt 0.423772 0.687500
vt 0.435603 0.687500
vt 0.449034 0.981659
vt 0.438522 0.977305
vt 0.483845 0.867928
vt 0.439397 0.687500
vt 0.451228 0.687500
vt 0.400138 0.951657
vt 0.392093 0.943612
vt 0.475822 0.859905
vt 0.455022 0.687500
vt 0.466853 0.687500
vt 0.366445 0.905228
vt 0.362091 0.894716
vt 0.471480 0.849423
vt 0.470647 0.687500
vt 0.482478 0.687500
vt 0.353085 0.849439
vt 0.353085 0.838061
vt 0.471480 0.838077
vt 0.486272 0.687500
vt 0.498103 0.687500
vt 0.362091 0.792784
vt 0.366445 0.782272
vt 0.475822 0.827595
vt 0.501897 0.687500
vt 0.513728 0.687500
vt 0.392093 0.743888
vt 0.400138 0.735842
vt 0.483845 0.819572
vt 0.517522 0.687500
vt 0.529353 0.687500
vt 0.438522 0.710195
vt 0.449034 0.705841
vt 0.494327 0.815230
vt 0.533147 0.687500
vt 0.544978 0.687500
vt 0.494312 0.696834
vt 0.505689 0.696835
vt 0.505673 0.815230
vt 0.548772 0.687500
vt 0.560603 0.687500
vt 0.550967 0.705841
vt 0.561478 0.710195
vt 0.516156 0.819572
vt 0.564397 0.687500
vt 0.576228 0.687500
vt 0.599862 0.735842
vt 0.607907 0.743888
vt 0.524178 0.827595
vt 0.580022 0.687500
vt 0.591853 0.687500
vt 0.633555 0.782272
vt 0.637909 0.792784
vt 0.528520 0.838077
vt 0.595647 0.687500
vt 0.607478 0.687500
vt 0.646916 0.838061
vt 0.646916 0.849439
vt 0.375000 0.312501
vt 0.390625 0.312501
vt 0.406250 0.312501
vt 0.421875 0.312501
vt 0.437500 0.312501
vt 0.453125 0.312501
vt 0.468750 0.312501
vt 0.484375 0.312501
vt 0.500000 0.312501
vt 0.515625 0.312501
vt 0.531250 0.312501
vt 0.546875 0.312501
vt 0.562500 0.312501
vt 0.578125 0.312501
vt 0.593750 0.312501
vt 0.609375 0.312501
vt 0.375000 0.687500
vt 0.390625 0.687500
vt 0.406250 0.687500
vt 0.421875 0.687500
vt 0.437500 0.687500
vt 0.453125 0.687500
vt 0.468750 0.687500
vt 0.484375 0.687500
vt 0.500000 0.687500
vt 0.515625 0.687500
vt 0.531250 0.687500
vt 0.546875 0.687500
vt 0.562500 0.687500
vt 0.578125 0.687500
vt 0.593750 0.687500
vt 0.609375 0.687500
vt 0.633555 0.094772
vt 0.637909 0.105284
vt 0.528520 0.150577
vt 0.524178 0.140095
vt 0.376480 0.368745
vt 0.376897 0.312501
vt 0.388728 0.312501
vt 0.389147 0.368666
vt 0.375000 0.364151
vt 0.376478 0.631336
vt 0.375000 0.605602
vt 0.623103 0.312501
vt 0.623522 0.368666
vt 0.610855 0.368745
vt 0.611272 0.312501
vt 0.599863 0.048342
vt 0.607908 0.056388
vt 0.516156 0.132072
vt 0.392105 0.368745
vt 0.392522 0.312501
vt 0.404353 0.312501
vt 0.404772 0.368666
vt 0.392103 0.631336
vt 0.389145 0.631257
vt 0.550967 0.018341
vt 0.561478 0.022695
vt 0.505673 0.127730
vt 0.407730 0.368745
vt 0.408147 0.312501
vt 0.419978 0.312501
vt 0.420397 0.368666
vt 0.407728 0.631336
vt 0.404770 0.631257
vt 0.494312 0.009335
vt 0.505689 0.009335
vt 0.494327 0.127730
vt 0.423355 0.368745
vt 0.423772 0.312501
vt 0.435603 0.312501
vt 0.436022 0.368666
vt 0.423353 0.631336
vt 0.420395 0.631257
vt 0.438522 0.022695
vt 0.449034 0.018341
vt 0.483845 0.132072
vt 0.438980 0.368745
vt 0.439397 0.312501
vt 0.451228 0.312501
vt 0.451647 0.368666
vt 0.438978 0.631336
vt 0.436020 0.631257
vt 0.392093 0.056388
vt 0.400138 0.048342
vt 0.475822 0.140095
vt 0.454605 0.368745
vt 0.455022 0.312501
vt 0.466853 0.312501
vt 0.467272 0.368666
vt 0.454603 0.631336
vt 0.451645 0.631257
vt 0.362091 0.105284
vt 0.366445 0.094772
vt 0.471480 0.150577
vt 0.470230 0.368745
vt 0.470647 0.312501
vt 0.482478 0.312501
vt 0.482897 0.368666
vt 0.470228 0.631336
vt 0.467270 0.631257
vt 0.353085 0.161939
vt 0.353085 0.150561
vt 0.471480 0.161923
vt 0.485855 0.368745
vt 0.486272 0.312501
vt 0.498103 0.312501
vt 0.498522 0.368666
vt 0.485853 0.631336
vt 0.482895 0.631257
vt 0.366445 0.217728
vt 0.362091 0.207216
vt 0.475822 0.172405
vt 0.501480 0.368745
vt 0.501897 0.312501
vt 0.513728 0.312501
vt 0.514147 0.368666
vt 0.501478 0.631336
vt 0.498520 0.631257
vt 0.400138 0.264157
vt 0.392093 0.256112
vt 0.483845 0.180428
vt 0.517105 0.368745
vt 0.517522 0.312501
vt 0.529353 0.312501
vt 0.529772 0.368666
vt 0.517103 0.631336
vt 0.514145 0.631257
vt 0.449034 0.294159
vt 0.438522 0.289805
vt 0.494327 0.184770
vt 0.532730 0.368745
vt 0.533147 0.312501
vt 0.544978 0.312501
vt 0.545397 0.368666
vt 0.532728 0.631336
vt 0.529770 0.631257
vt 0.505689 0.303165
vt 0.494312 0.303166
vt 0.505673 0.184770
vt 0.548355 0.368745
vt 0.548772 0.312501
vt 0.560603 0.312501
vt 0.561022 0.368666
vt 0.548353 0.631336
vt 0.545395 0.631257
vt 0.561478 0.289805
vt 0.550967 0.294159
vt 0.516156 0.180428
vt 0.563980 0.368745
vt 0.564397 0.312501
vt 0.576228 0.312501
vt 0.576647 0.368666
vt 0.563978 0.631336
vt 0.561020 0.631257
vt 0.607907 0.256112
vt 0.599862 0.264158
vt 0.524178 0.172405
vt 0.579605 0.368745
vt 0.580022 0.312501
vt 0.591853 0.312501
vt 0.592272 0.368666
vt 0.579603 0.631336
vt 0.576645 0.631257
vt 0.637909 0.207216
vt 0.633555 0.217728
vt 0.528520 0.161923
vt 0.595230 0.368745
vt 0.595647 0.312501
vt 0.607478 0.312501
vt 0.607897 0.368666
vt 0.595228 0.631336
vt 0.592270 0.631257
vt 0.646916 0.150561
vt 0.646916 0.161939
vt 0.610853 0.631336
vt 0.607895 0.631257
vt 0.637909 0.894716
vt 0.633555 0.905228
vt 0.524178 0.859905
vt 0.528520 0.849423
vt 0.623520 0.631257
vt 0.623103 0.687500
vt 0.611272 0.687500
vt 0.376897 0.687500
vt 0.388728 0.687500
vt 0.607908 0.943612
vt 0.599863 0.951658
vt 0.516156 0.867928
vt 0.392522 0.687500
vt 0.404353 0.687500
vt 0.561478 0.977305
vt 0.550967 0.981659
vt 0.505673 0.872270
vt 0.408147 0.687500
vt 0.419978 0.687500
vt 0.505689 0.990665
vt 0.494311 0.990665
vt 0.494327 0.872270
vt 0.423772 0.687500
vt 0.435603 0.687500
vt 0.449034 0.981659
vt 0.438522 0.977305
vt 0.483845 0.867928
vt 0.439397 0.687500
vt 0.451228 0.687500
vt 0.400138 0.951657
vt 0.392093 0.943612
vt 0.475822 0.859905
vt 0.455022 0.687500
vt 0.466853 0.687500
vt 0.366445 0.905228
vt 0.362091 0.894716
vt 0.471480 0.849423
vt 0.470647 0.687500
vt 0.482478 0.687500
vt 0.353085 0.849439
vt 0.353085 0.838061
vt 0.471480 0.838077
vt 0.486272 0.687500
vt 0.498103 0.687500
vt 0.362091 0.792784
vt 0.366445 0.782272
vt 0.475822 0.827595
vt 0.501897 0.687500
vt 0.513728 0.687500
vt 0.392093 0.743888
vt 0.400138 0.735842
vt 0.483845 0.819572
vt 0.517522 0.687500
vt 0.529353 0.687500
vt 0.438522 0.710195
vt 0.449034 0.705841
vt 0.494327 0.815230
vt 0.533147 0.687500
vt 0.544978 0.687500
vt 0.494312 0.696834
vt 0.505689 0.696835
vt 0.505673 0.815230
vt 0.548772 0.687500
vt 0.560603 0.687500
vt 0.550967 0.705841
vt 0.561478 0.710195
vt 0.516156 0.819572
vt 0.564397 0.687500
vt 0.576228 0.687500
vt 0.599862 0.735842
vt 0.607907 0.743888
vt 0.524178 0.827595
vt 0.580022 0.687500
vt 0.591853 0.687500
vt 0.633555 0.782272
vt 0.637909 0.792784
vt 0.528520 0.838077
vt 0.595647 0.687500
vt 0.607478 0.687500
vt 0.646916 0.838061
vt 0.646916 0.849439
vt 0.375000 0.312501
vt 0.390625 0.312501
vt 0.406250 0.312501
vt 0.421875 0.312501
vt 0.437500 0.312501
vt 0.453125 0.312501
vt 0.468750 0.312501
vt 0.484375 0.312501
vt 0.500000 0.312501
vt 0.515625 0.312501
vt 0.531250 0.312501
vt 0.546875 0.312501
vt 0.562500 0.312501
vt 0.578125 0.312501
vt 0.593750 0.312501
vt 0.609375 0.312501
vt 0.375000 0.687500
vt 0.390625 0.687500
vt 0.406250 0.687500
vt 0.421875 0.687500
vt 0.437500 0.687500
vt 0.453125 0.687500
vt 0.468750 0.687500
vt 0.484375 0.687500
vt 0.500000 0.687500
vt 0.515625 0.687500
vt 0.531250 0.687500
vt 0.546875 0.687500
vt 0.562500 0.687500
vt 0.578125 0.687500
vt 0.593750 0.687500
vt 0.609375 0.687500
vt 0.375000 0.375000
vt 0.375000 0.250000
vt 0.452603 0.250000
vt 0.452603 0.375000
vt 0.375000 0.875000
vt 0.375000 0.750000
vt 0.452603 0.750000
vt 0.452603 0.875000
vt 0.125000 0.189233
vt 0.125000 0.128466
vt 0.250000 0.128466
vt 0.250000 0.189233
vt 0.125000 0.064233
vt 0.125000 0.000000
vt 0.250000 -0.000000
vt 0.250000 0.064233
vt 0.625000 0.124997
vt 0.625000 0.121522
vt 0.750000 0.121522
vt 0.750000 0.124997
vt 0.530205 0.375000
vt 0.530205 0.250000
vt 0.553904 0.254572
vt 0.553904 0.375000
vt 0.577603 0.375000
vt 0.577603 0.259144
vt 0.601301 0.254572
vt 0.601301 0.375000
vt 0.750000 0.250000
vt 0.625000 0.250000
vt 0.625000 0.189236
vt 0.750000 0.189236
vt 0.640264 0.060761
vt 0.757632 0.060761
vt 0.594830 0.829566
vt 0.564661 0.909132
vt 0.556047 0.931849
vt 0.578388 0.842866
vt 0.561945 0.856167
vt 0.547433 0.954566
vt 0.538819 0.977283
vt 0.546075 0.865583
vt 0.375000 0.189233
vt 0.491569 0.190241
vt 0.625000 0.560764
vt 0.625000 0.621529
vt 0.500000 0.621531
vt 0.491569 0.559758
vt 0.561536 0.000000
vt 0.592866 0.000000
vt 0.624197 0.000000
vt 0.495124 0.064149
vt 0.375000 0.685767
vt 0.491624 0.686430
vt 0.530205 0.500000
vt 0.452603 0.500000
vt 0.375000 0.500000
vt 0.530206 0.750000
vt 0.530206 0.875000
vt 0.530206 1.000000
vt 0.452603 1.000000
vt 0.375000 1.000000
vt 0.375000 0.128466
vt 0.250000 0.250000
vt 0.125000 0.250000
vt 0.375000 0.000000
vt 0.375000 0.064233
vt 0.875000 0.121522
vt 0.875000 0.124997
vt 0.875000 0.128472
vt 0.750000 0.128472
vt 0.625000 0.128471
vt 0.577603 0.490855
vt 0.553904 0.495428
vt 0.625000 0.375000
vt 0.625000 0.500000
vt 0.601301 0.495428
vt 0.875000 0.189236
vt 0.875000 0.250000
vt 0.655528 0.000000
vt 0.765264 0.000000
vt 0.875000 0.000000
vt 0.875000 0.060761
vt 0.576457 0.757767
vt 0.600728 0.753883
vt 0.625000 0.750000
vt 0.553331 0.753883
vt 0.500000 0.128469
vt 0.375000 0.621534
vt 0.375000 0.560767
vt 0.452603 0.000000
vt 0.530205 0.000000
vt 0.625000 0.625003
vt 0.625000 0.628478
vt 0.625000 0.689239
vt 0.381181 0.256698
vt 0.377877 0.253136
vt 0.622124 0.253135
vt 0.618819 0.256698
vt 0.375000 0.250000
vt 0.625000 0.250000
vt 0.375000 0.100014
vt 0.625000 0.100014
vt 0.618819 0.493302
vt 0.381181 0.493302
vt 0.875000 0.100014
vt 0.875000 0.250000
vt 0.622123 0.496864
vt 0.625000 0.500000
vt 0.125000 0.250000
vt 0.125000 0.100014
vt 0.377876 0.496865
vt 0.375000 0.500000
vt 0.375000 0.649986
vt 0.625000 0.649986
vt 0.377061 0.997767
vt 0.375000 1.000000
vt 0.375000 0.699997
vt 0.377061 0.752233
vt 0.622939 0.997767
vt 0.625000 1.000000
vt 0.622939 0.752233
vt 0.625000 0.699997
vt 0.375000 0.050003
vt 0.625000 0.050003
vt 0.875000 0.050003
vt 0.125000 0.050003
vt 0.176285 1.000000
vt 0.172080 1.000000
vt 0.172119 0.999938
vt 0.176285 1.000000
vt 0.167940 1.000000
vt 0.167940 1.000000
vt 0.167940 1.000000
vt 0.167940 0.994688
vt 0.167991 0.994637
vt 0.167940 1.000000
vt 0.167940 0.989295
vt 0.167940 0.989295
vt 0.176285 0.989295
vt 0.174699 0.994653
vt 0.701839 0.994653
vt 0.700254 0.989295
vt 0.173115 1.000000
vt 0.703424 1.000000
vt 0.173115 1.000000
vt 0.174699 1.000000
vt 0.701833 0.999992
vt 0.703424 1.000000
vt 0.700254 1.000000
vt 0.167940 0.991341
vt 0.167944 0.008668
vt 0.167940 0.010712
vt 0.167940 0.993385
vt 0.167940 0.006615
vt 0.167940 0.993385
vt 0.172109 0.991341
vt 0.172109 0.008659
vt 0.167940 0.006615
vt 0.176285 0.010705
vt 0.708599 0.989295
vt 0.706703 0.992258
vt 0.706587 0.992120
vt 0.708599 0.989295
vt 0.704722 0.995025
vt 0.704589 0.994858
vt 0.702565 0.997572
vt 0.702453 0.997414
vt 0.700254 1.000000
vt 0.704429 0.991341
vt 0.704429 0.008659
vt 0.700254 0.010705
vt 0.708599 0.993385
vt 0.708599 0.006615
vt 0.708599 0.993385
vt 0.708595 0.991336
vt 0.708599 0.008659
vt 0.708599 0.006615
vt 0.708599 0.010705
vt 0.169835 0.007747
vt 0.169952 0.007885
vt 0.167940 0.010712
vt 0.171817 0.004978
vt 0.171949 0.005145
vt 0.173974 0.002430
vt 0.174086 0.002588
vt 0.176285 0.000000
vt 0.176285 0.000000
vt 0.174706 0.000008
vt 0.701839 0.000000
vt 0.700254 0.000000
vt 0.173115 -0.000000
vt 0.703424 -0.000000
vt 0.173115 -0.000000
vt 0.174699 0.005347
vt 0.701839 0.005347
vt 0.703424 -0.000000
vt 0.704459 0.000000
vt 0.704420 0.000062
vt 0.700254 0.000000
vt 0.708599 -0.000000
vt 0.708599 -0.000000
vt 0.708599 -0.000000
vt 0.708599 0.005312
vt 0.708547 0.005363
vt 0.708599 0.000000
vt 0.708599 0.010705
vt 0.700268 0.002647
vt 0.176283 0.002662
vt 0.700272 0.005309
vt 0.176277 0.005323
vt 0.700262 0.008000
vt 0.176283 0.008008
vt 0.700254 0.010705
vt 0.176285 0.010705
vt 0.702356 0.010698
vt 0.702352 0.989297
vt 0.700254 0.989295
vt 0.704450 0.010689
vt 0.704443 0.989301
vt 0.706529 0.010692
vt 0.706520 0.989296
vt 0.700255 0.991992
vt 0.176277 0.992000
vt 0.176285 0.989295
vt 0.700261 0.994677
vt 0.176267 0.994691
vt 0.700256 0.997338
vt 0.176270 0.997353
vt 0.170019 0.010709
vt 0.170010 0.989308
vt 0.172096 0.010702
vt 0.172089 0.989311
vt 0.174187 0.010705
vt 0.174183 0.989301
vt 0.167940 0.995336
vt 0.167940 1.000000
vt 0.167940 1.000000
vt 0.171585 1.000000
vt 0.170611 1.000000
vt 0.170611 1.000000
vt 0.171587 0.995319
vt 0.167940 0.996586
vt 0.167940 0.996586
vt 0.167940 1.000000
vt 0.167940 1.000000
vt 0.167940 1.000000
vt 0.704002 0.998774
vt 0.706121 0.996834
vt 0.707636 0.994096
vt 0.708599 0.996586
vt 0.708599 0.996586
vt 0.704945 0.995327
vt 0.705927 1.000000
vt 0.705927 1.000000
vt 0.708599 1.000000
vt 0.708599 1.000000
vt 0.172537 0.001226
vt 0.170418 0.003168
vt 0.168903 0.005907
vt 0.167940 0.003414
vt 0.167940 0.003414
vt 0.171594 0.004673
vt 0.170611 0.000000
vt 0.170611 -0.000000
vt 0.167940 0.000000
vt 0.167940 0.000000
vt 0.708599 0.004664
vt 0.708599 -0.000000
vt 0.708599 -0.000000
vt 0.704953 0.000000
vt 0.705927 0.000000
vt 0.705927 -0.000000
vt 0.704951 0.004681
vt 0.708599 0.003414
vt 0.708599 0.003414
vt 0.708599 0.000000
vt 0.708599 0.000000
vt 0.708599 0.000000
vt 0.703043 0.007124
vt 0.703651 0.003542
vt 0.704104 0.001379
vt 0.708599 0.000000
vt 0.708599 0.000000
vt 0.707528 0.005768
vt 0.705826 0.006381
vt 0.708599 0.000000
vt 0.702991 0.997198
vt 0.703414 0.996174
vt 0.702955 0.992760
vt 0.705599 0.993349
vt 0.706415 0.992810
vt 0.705674 0.996230
vt 0.708599 1.000000
vt 0.173547 0.002803
vt 0.173125 0.003826
vt 0.173584 0.007241
vt 0.170940 0.006653
vt 0.170124 0.007194
vt 0.170865 0.003772
vt 0.167940 0.000000
vt 0.173496 0.992876
vt 0.172888 0.996458
vt 0.172435 0.998621
vt 0.167940 1.000000
vt 0.167940 1.000000
vt 0.169011 0.994232
vt 0.170713 0.993619
vt 0.167940 1.000000
vt 0.700254 0.010705
vt 0.700444 0.010341
vt 0.176095 0.010340
vt 0.176285 0.010705
vt 0.700254 0.010705
vt 0.176285 0.010705
vt 0.696226 0.015495
vt 0.180322 0.015505
vt 0.691936 0.020599
vt 0.184603 0.020599
vt 0.692286 0.979818
vt 0.184603 0.979401
vt 0.700254 0.010857
vt 0.176285 0.019503
vt 0.700254 0.989005
vt 0.176285 0.984686
vt 0.176285 0.010705
vt 0.700254 0.010705
vt 0.700254 0.989295
vt 0.700254 0.989295
vt 0.176285 0.989295
vt 0.176285 0.989295
vt 0.700054 0.011075
vt 0.176491 0.011087
vt 0.700254 0.010705
vt 0.176285 0.010705
vt 0.700155 0.010903
vt 0.176383 0.015194
vt 0.176485 0.988925
vt 0.176285 0.989295
vt 0.176384 0.986876
vt 0.700047 0.988913
vt 0.700254 0.989295
vt 0.700156 0.989032
vt 0.700437 0.989648
vt 0.700254 0.989295
vt 0.696384 0.984696
vt 0.176095 0.989660
vt 0.176285 0.989295
vt 0.180325 0.984491
vt 0.379214 0.995184
vt 0.377076 0.996135
vt 0.377077 0.753868
vt 0.379214 0.754820
vt 0.375000 0.997056
vt 0.375000 0.752944
vt 0.372056 -0.000000
vt 0.371104 0.001906
vt 0.128896 0.001905
vt 0.127944 -0.000000
vt 0.370184 0.003746
vt 0.129816 0.003746
vt 0.379214 0.003750
vt 0.378662 0.001980
vt 0.382300 0.001952
vt 0.382555 0.003750
vt 0.378061 -0.000000
vt 0.382013 -0.000000
vt 0.378061 1.000000
vt 0.378587 0.997800
vt 0.382277 0.997681
vt 0.382013 1.000000
vt 0.382556 0.995184
vt 0.372585 0.003735
vt 0.372585 0.240803
vt 0.370184 0.240765
vt 0.374900 0.003732
vt 0.374906 0.240815
vt 0.377100 0.003739
vt 0.377104 0.240801
vt 0.379214 0.240765
vt 0.384096 0.003743
vt 0.383944 0.240372
vt 0.382336 0.240570
vt 0.385637 0.003740
vt 0.385533 0.240069
vt 0.387185 0.003741
vt 0.387135 0.239789
vt 0.388729 0.003746
vt 0.388758 0.239664
vt 0.388729 0.995184
vt 0.387185 0.995193
vt 0.387185 0.754808
vt 0.388729 0.754816
vt 0.385641 0.995196
vt 0.385641 0.754807
vt 0.384097 0.995193
vt 0.384098 0.754810
vt 0.382555 0.754820
vt 0.388740 0.001946
vt 0.621310 0.001948
vt 0.620484 0.003746
vt 0.388752 -0.000000
vt 0.622205 -0.000000
vt 0.388752 1.000000
vt 0.388741 0.997661
vt 0.621371 0.997666
vt 0.622205 1.000000
vt 0.620484 0.995184
vt 0.375000 0.254816
vt 0.375858 0.253167
vt 0.375993 0.253303
vt 0.375000 0.254816
vt 0.376830 0.251812
vt 0.376929 0.251970
vt 0.377991 0.250788
vt 0.378057 0.250973
vt 0.379214 0.250000
vt 0.379214 0.250000
vt 0.370184 0.247351
vt 0.370735 0.248676
vt 0.129265 0.248676
vt 0.129816 0.247351
vt 0.371284 0.250000
vt 0.128716 0.250000
vt 0.375000 0.253716
vt 0.375002 0.254267
vt 0.375002 0.495733
vt 0.375000 0.496284
vt 0.375000 0.495184
vt 0.379179 0.249643
vt 0.381572 0.249605
vt 0.381462 0.250000
vt 0.379096 0.249011
vt 0.381796 0.248929
vt 0.379093 0.248215
vt 0.382061 0.248083
vt 0.379214 0.247351
vt 0.382330 0.247151
vt 0.382626 0.250772
vt 0.382487 0.250965
vt 0.381322 0.250000
vt 0.383763 0.251799
vt 0.383619 0.251962
vt 0.384787 0.253151
vt 0.384541 0.253302
vt 0.385535 0.254726
vt 0.385535 0.254816
vt 0.389968 0.254726
vt 0.389696 0.252373
vt 0.620499 0.252422
vt 0.620484 0.254816
vt 0.389369 0.250150
vt 0.620503 0.250172
vt 0.389039 0.248120
vt 0.620495 0.248135
vt 0.388759 0.246220
vt 0.620484 0.246254
vt 0.386569 0.254716
vt 0.386560 0.495305
vt 0.385535 0.495274
vt 0.387647 0.254710
vt 0.387623 0.495335
vt 0.388789 0.254713
vt 0.388738 0.495356
vt 0.389884 0.495363
vt 0.379214 0.500000
vt 0.377991 0.499212
vt 0.378054 0.499031
vt 0.379214 0.500000
vt 0.376830 0.498189
vt 0.376927 0.498030
vt 0.375858 0.496833
vt 0.375999 0.496693
vt 0.375000 0.495184
vt 0.379214 0.502646
vt 0.379103 0.501782
vt 0.382061 0.501912
vt 0.382330 0.502849
vt 0.379102 0.500988
vt 0.381797 0.501068
vt 0.379178 0.500359
vt 0.381584 0.500400
vt 0.381462 0.500000
vt 0.129816 0.240765
vt 0.127365 0.240757
vt 0.127365 0.003044
vt 0.125000 0.240724
vt 0.125000 0.002365
vt 0.375000 0.509276
vt 0.377152 0.509243
vt 0.377149 0.746931
vt 0.375000 0.747635
vt 0.379214 0.509233
vt 0.379214 0.746254
vt 0.384784 0.496851
vt 0.384552 0.496704
vt 0.385535 0.495184
vt 0.383770 0.498195
vt 0.383619 0.498039
vt 0.382628 0.499224
vt 0.382485 0.499033
vt 0.381322 0.500000
vt 0.388623 0.503621
vt 0.388912 0.501798
vt 0.620495 0.501858
vt 0.620484 0.503746
vt 0.389255 0.499834
vt 0.620503 0.499819
vt 0.389598 0.497668
vt 0.620499 0.497575
vt 0.620484 0.495184
vt 0.382336 0.509430
vt 0.383908 0.509603
vt 0.384098 0.746261
vt 0.382556 0.746254
vt 0.385472 0.509853
vt 0.385639 0.746263
vt 0.387042 0.510080
vt 0.387187 0.746261
vt 0.388626 0.510181
vt 0.388729 0.746254
vt 0.378916 0.752220
vt 0.382498 0.752372
vt 0.378840 0.750046
vt 0.382478 0.750117
vt 0.378988 0.748126
vt 0.382512 0.748108
vt 0.388730 0.752433
vt 0.620499 0.752426
vt 0.620484 0.754816
vt 0.388730 0.750185
vt 0.620503 0.750179
vt 0.388730 0.748141
vt 0.620496 0.748140
vt 0.620484 0.746254
vt 0.629816 0.003746
vt 0.628896 0.001906
vt 0.871104 0.001905
vt 0.870184 0.003746
vt 0.627944 -0.000000
vt 0.872056 -0.000000
vt 0.625000 0.997056
vt 0.622776 0.996134
vt 0.622773 0.753866
vt 0.625000 0.752944
vt 0.622669 0.003735
vt 0.622666 0.239708
vt 0.620484 0.239698
vt 0.624942 0.003729
vt 0.624937 0.239714
vt 0.627335 0.003733
vt 0.627334 0.239709
vt 0.629816 0.239698
vt 0.622775 0.253865
vt 0.622775 0.496134
vt 0.625000 0.252944
vt 0.625000 0.497056
vt 0.627944 0.250000
vt 0.628896 0.248094
vt 0.871104 0.248095
vt 0.872056 0.250000
vt 0.629816 0.246254
vt 0.870184 0.246254
vt 0.620484 0.510302
vt 0.622696 0.509669
vt 0.622697 0.746924
vt 0.625000 0.509010
vt 0.625000 0.747621
vt 0.875000 0.240990
vt 0.872635 0.240355
vt 0.872635 0.003051
vt 0.875000 0.002379
vt 0.870184 0.239698
vt 0.375990 0.254813
vt 0.375990 0.495188
vt 0.377015 0.254811
vt 0.377015 0.495191
vt 0.378096 0.254814
vt 0.378097 0.495189
vt 0.379214 0.254820
vt 0.379214 0.495184
vt 0.379209 0.253052
vt 0.381335 0.253044
vt 0.381321 0.254820
vt 0.379105 0.251637
vt 0.381419 0.251638
vt 0.379225 0.250852
vt 0.381298 0.250857
vt 0.382436 0.254819
vt 0.382437 0.495184
vt 0.381322 0.495184
vt 0.383518 0.254817
vt 0.383519 0.495185
vt 0.384545 0.254818
vt 0.384545 0.495183
vt 0.381322 0.496951
vt 0.379196 0.496957
vt 0.381424 0.498365
vt 0.379109 0.498363
vt 0.381307 0.499150
vt 0.379233 0.499143
vt 0.372916 0.002022
vt 0.373501 0.000000
vt 0.375000 0.998501
vt 0.376892 0.998025
vt 0.376583 1.000000
vt 0.376583 -0.000000
vt 0.376987 0.002098
vt 0.374982 0.002146
vt 0.375000 0.000000
vt 0.375000 1.000000
vt 0.387159 0.001945
vt 0.385568 0.001945
vt 0.383938 0.001947
vt 0.383774 0.000000
vt 0.383774 1.000000
vt 0.383923 0.997671
vt 0.385558 0.997667
vt 0.387155 0.997665
vt 0.387144 1.000000
vt 0.387144 -0.000000
vt 0.385535 0.000000
vt 0.385535 1.000000
vt 0.377659 0.250177
vt 0.376162 0.251060
vt 0.375483 0.252545
vt 0.375000 0.251827
vt 0.373173 0.250000
vt 0.372891 0.248688
vt 0.372585 0.247390
vt 0.374906 0.247403
vt 0.374998 0.248648
vt 0.377105 0.247388
vt 0.377153 0.248399
vt 0.377286 0.249369
vt 0.375000 0.250000
vt 0.385644 0.252636
vt 0.384521 0.250998
vt 0.383113 0.250160
vt 0.383667 0.249325
vt 0.383802 0.248213
vt 0.383940 0.246947
vt 0.385530 0.246636
vt 0.385492 0.248375
vt 0.387134 0.246348
vt 0.387208 0.248242
vt 0.387363 0.250041
vt 0.388056 0.252166
vt 0.386673 0.252185
vt 0.385535 0.250000
vt 0.375481 0.497455
vt 0.376163 0.498940
vt 0.377662 0.499823
vt 0.377293 0.500632
vt 0.377172 0.501605
vt 0.377152 0.502638
vt 0.375000 0.502653
vt 0.375000 0.501326
vt 0.125000 0.248674
vt 0.125000 0.247347
vt 0.127365 0.247362
vt 0.127093 0.248683
vt 0.126827 0.250000
vt 0.375000 0.498173
vt 0.375000 0.500000
vt 0.125000 0.250000
vt 0.383112 0.499837
vt 0.384514 0.499008
vt 0.385646 0.497365
vt 0.386649 0.497818
vt 0.387999 0.497860
vt 0.387313 0.499952
vt 0.387132 0.501709
vt 0.387038 0.503517
vt 0.385467 0.503284
vt 0.385456 0.501589
vt 0.383903 0.503026
vt 0.383787 0.501774
vt 0.383667 0.500676
vt 0.385535 0.500000
vt 0.377084 0.751981
vt 0.375000 0.751499
vt 0.126499 -0.000000
vt 0.127062 0.001674
vt 0.125000 0.001243
vt 0.375000 0.748757
vt 0.377222 0.748289
vt 0.377225 0.750001
vt 0.375000 0.750000
vt 0.125000 0.000000
vt 0.387166 0.752398
vt 0.385601 0.752365
vt 0.384055 0.752375
vt 0.384029 0.750092
vt 0.384061 0.748098
vt 0.385602 0.748082
vt 0.387167 0.748112
vt 0.387148 0.750120
vt 0.385535 0.750000
vt 0.622941 0.002087
vt 0.623554 0.000000
vt 0.623554 1.000000
vt 0.623076 0.997982
vt 0.625000 0.998501
vt 0.626499 -0.000000
vt 0.627045 0.002021
vt 0.624945 0.002143
vt 0.625000 0.000000
vt 0.625000 1.000000
vt 0.622650 0.252038
vt 0.622429 0.249991
vt 0.622490 0.247930
vt 0.622666 0.246265
vt 0.624937 0.246271
vt 0.624864 0.247859
vt 0.627334 0.246267
vt 0.627035 0.247980
vt 0.626499 0.250000
vt 0.625000 0.251499
vt 0.625000 0.250000
vt 0.622696 0.503076
vt 0.622524 0.501698
vt 0.622436 0.499935
vt 0.622650 0.497947
vt 0.625000 0.498501
vt 0.873501 0.250000
vt 0.872938 0.248323
vt 0.872635 0.246949
vt 0.875000 0.247621
vt 0.875000 0.248750
vt 0.625000 0.501250
vt 0.625000 0.502379
vt 0.625000 0.500000
vt 0.875000 0.250000
vt 0.622651 0.752051
vt 0.622437 0.750074
vt 0.622524 0.748302
vt 0.625000 0.748750
vt 0.875000 0.001250
vt 0.872934 0.001674
vt 0.873501 0.000000
vt 0.625000 0.751499
vt 0.625000 0.750000
vt 0.875000 0.000000
vt 0.377770 0.252943
vt 0.376527 0.252963
vt 0.376070 0.253087
vt 0.376384 0.251398
vt 0.377865 0.251019
vt 0.377566 0.251303
vt 0.375000 0.250000
vt 0.384470 0.253086
vt 0.384015 0.252965
vt 0.382765 0.252943
vt 0.382970 0.251303
vt 0.382668 0.251020
vt 0.384146 0.251398
vt 0.385535 0.250000
vt 0.382671 0.498985
vt 0.382965 0.498697
vt 0.382763 0.497057
vt 0.384008 0.497035
vt 0.384470 0.496914
vt 0.384157 0.498606
vt 0.385535 0.500000
vt 0.376068 0.496914
vt 0.376519 0.497040
vt 0.377768 0.497061
vt 0.377561 0.498699
vt 0.377868 0.498978
vt 0.376395 0.498599
vt 0.375000 0.500000
vt 0.375000 0.312500
vt 0.390625 0.312500
vt 0.390625 0.687500
vt 0.375000 0.687500
vt 0.406250 0.312500
vt 0.406250 0.687500
vt 0.421875 0.312500
vt 0.421875 0.687500
vt 0.437500 0.312500
vt 0.437500 0.687500
vt 0.453125 0.312500
vt 0.453125 0.687500
vt 0.468750 0.312500
vt 0.468750 0.687500
vt 0.484375 0.312500
vt 0.484375 0.687500
vt 0.500000 0.312500
vt 0.500000 0.687500
vt 0.515625 0.312500
vt 0.515625 0.687500
vt 0.531250 0.312500
vt 0.531250 0.687500
vt 0.546875 0.312500
vt 0.546875 0.687500
vt 0.562500 0.312500
vt 0.562500 0.687500
vt 0.578125 0.312500
vt 0.578125 0.687500
vt 0.593750 0.312500
vt 0.593750 0.687500
vt 0.609375 0.312500
vt 0.609375 0.687500
vt 0.625000 0.312500
vt 0.625000 0.687500
vt 0.610485 0.045765
vt 0.644356 0.096456
vt 0.500000 0.156250
vt 0.559794 0.011894
vt 0.500000 0.000000
vt 0.440206 0.011894
vt 0.389515 0.045765
vt 0.355644 0.096456
vt 0.343750 0.156250
vt 0.355644 0.216044
vt 0.389515 0.266735
vt 0.440206 0.300606
vt 0.500000 0.312500
vt 0.559794 0.300606
vt 0.610485 0.266735
vt 0.644356 0.216044
vt 0.656250 0.156250
vt 0.644356 0.903544
vt 0.610485 0.954235
vt 0.500000 0.843750
vt 0.559794 0.988106
vt 0.500000 1.000000
vt 0.440206 0.988106
vt 0.389515 0.954235
vt 0.355644 0.903544
vt 0.343750 0.843750
vt 0.355644 0.783956
vt 0.389515 0.733265
vt 0.440206 0.699394
vt 0.500000 0.687500
vt 0.559794 0.699394
vt 0.610485 0.733265
vt 0.644356 0.783956
vt 0.656250 0.843750
vt 0.000000 0.010705
vt 0.001897 0.007742
vt 0.002012 0.007879
vt 0.000000 0.010705
vt 0.003880 0.004975
vt 0.004009 0.005141
vt 0.006037 0.002429
vt 0.006146 0.002585
vt 0.008345 0.000000
vt 0.008345 0.000000
vt 0.008345 0.010705
vt 0.004170 0.008659
vt 0.004170 0.991341
vt 0.008345 0.989295
vt -0.000000 0.006615
vt -0.000000 0.993385
vt -0.000000 0.006615
vt 0.000004 0.008664
vt 0.000004 0.991335
vt -0.000000 0.993385
vt 0.000000 0.989295
vt 0.006850 0.000027
vt 0.161111 0.000000
vt 0.159595 0.000000
vt 0.005318 -0.000000
vt 0.162622 -0.000000
vt 0.005318 0.000000
vt 0.006829 0.005334
vt 0.161111 0.005334
vt 0.162622 0.000000
vt 0.159595 0.010705
vt 0.163799 0.000000
vt 0.163761 0.000060
vt 0.159595 0.000000
vt 0.167940 -0.000000
vt 0.167940 -0.000000
vt 0.167940 -0.000000
vt 0.167940 0.005312
vt 0.167889 0.005363
vt 0.167940 0.000000
vt 0.167940 0.010705
vt 0.167940 0.010705
vt 0.167940 0.008659
vt 0.167936 0.991336
vt 0.167940 0.989295
vt 0.167940 0.006615
vt 0.167940 0.993385
vt 0.167940 0.006615
vt 0.163770 0.008659
vt 0.163770 0.991341
vt 0.167940 0.993385
vt 0.159595 0.989295
vt 0.008345 1.000000
vt 0.006038 0.997568
vt 0.006142 0.997420
vt 0.008345 1.000000
vt 0.003880 0.995026
vt 0.004008 0.994858
vt 0.001894 0.992260
vt 0.002016 0.992117
vt 0.000000 0.989295
vt 0.006829 0.994666
vt 0.161111 0.994666
vt 0.005318 1.000000
vt 0.162622 1.000000
vt 0.005318 1.000000
vt 0.006849 0.999974
vt 0.161090 0.999973
vt 0.162622 1.000000
vt 0.159595 1.000000
vt 0.166043 0.992258
vt 0.165928 0.992121
vt 0.167940 0.989295
vt 0.164060 0.995025
vt 0.163931 0.994859
vt 0.161903 0.997571
vt 0.161794 0.997415
vt 0.159595 1.000000
vt 0.002079 0.010704
vt 0.002079 0.989297
vt 0.004156 0.010699
vt 0.004156 0.989302
vt 0.006247 0.010704
vt 0.006248 0.989296
vt 0.008345 0.010707
vt 0.008345 0.989295
vt 0.008340 0.007961
vt 0.159621 0.007934
vt 0.159595 0.010707
vt 0.008320 0.005253
vt 0.159655 0.005208
vt 0.008337 0.002629
vt 0.159643 0.002578
vt 0.161696 0.010699
vt 0.161693 0.989297
vt 0.159595 0.989295
vt 0.163791 0.010689
vt 0.163784 0.989301
vt 0.165870 0.010692
vt 0.165861 0.989296
vt 0.159600 0.992040
vt 0.008338 0.992042
vt 0.159620 0.994747
vt 0.008320 0.994748
vt 0.159602 0.997371
vt 0.008339 0.997369
vt 0.004635 0.001231
vt 0.002486 0.003167
vt 0.000965 0.005904
vt 0.000000 0.003414
vt -0.000000 0.003414
vt 0.003686 0.004670
vt 0.002745 0.000000
vt 0.002745 -0.000000
vt 0.000000 0.000000
vt 0.000000 0.000000
vt 0.167940 0.004664
vt 0.167940 -0.000000
vt 0.167940 -0.000000
vt 0.164262 0.000000
vt 0.165195 0.000000
vt 0.165195 -0.000000
vt 0.164261 0.004678
vt 0.167940 0.003414
vt 0.167940 0.003414
vt 0.167940 0.000000
vt 0.167940 0.000000
vt 0.167940 0.000000
vt 0.000957 0.994109
vt 0.002478 0.996821
vt 0.004645 0.998759
vt 0.002745 1.000000
vt 0.002745 1.000000
vt 0.003679 0.995322
vt 0.000000 0.996586
vt -0.000000 0.996586
vt 0.000000 1.000000
vt 0.000000 1.000000
vt 0.163305 0.998769
vt 0.165454 0.996833
vt 0.166975 0.994096
vt 0.167940 0.996586
vt 0.167940 0.996586
vt 0.164254 0.995330
vt 0.165195 1.000000
vt 0.165195 1.000000
vt 0.167940 1.000000
vt 0.167940 1.000000
vt 0.005642 0.007221
vt 0.002999 0.006648
vt 0.002184 0.007189
vt 0.002924 0.003766
vt 0.005604 0.002786
vt 0.005178 0.003795
vt 0.000000 0.000000
vt 0.166869 0.005767
vt 0.165168 0.006375
vt 0.162392 0.007097
vt 0.163011 0.003495
vt 0.163458 0.001352
vt 0.167940 0.000000
vt 0.167940 0.000000
vt 0.167940 0.000000
vt 0.162336 0.997214
vt 0.162762 0.996206
vt 0.162298 0.992779
vt 0.164941 0.993353
vt 0.165756 0.992811
vt 0.165016 0.996234
vt 0.167940 1.000000
vt 0.002185 0.992808
vt 0.002985 0.993352
vt 0.005643 0.992782
vt 0.005177 0.996188
vt 0.005602 0.997215
vt 0.002939 0.996252
vt 0.000000 1.000000
vt 0.000000 0.010705
vt 0.001085 0.007742
vt 0.001152 0.007879
vt 0.000000 0.010705
vt 0.002220 0.004975
vt 0.002295 0.005141
vt 0.003455 0.002429
vt 0.003518 0.002586
vt 0.004777 0.000000
vt 0.004777 0.000000
vt 0.004777 0.010705
vt 0.002387 0.008659
vt 0.002387 0.991341
vt 0.004777 0.989295
vt -0.000000 0.006615
vt -0.000000 0.993385
vt -0.000000 0.006615
vt 0.000002 0.008664
vt 0.000003 0.991335
vt -0.000000 0.993385
vt 0.000000 0.989295
vt 0.003891 0.000015
vt 0.164055 0.000000
vt 0.163163 0.000000
vt 0.002993 -0.000000
vt 0.164947 -0.000000
vt 0.002993 0.000000
vt 0.003884 0.005342
vt 0.164056 0.005342
vt 0.164947 0.000000
vt 0.163163 0.010705
vt 0.165570 0.000000
vt 0.165548 0.000061
vt 0.163163 0.000000
vt 0.167940 -0.000000
vt 0.167940 -0.000000
vt 0.167940 -0.000000
vt 0.167940 0.005312
vt 0.167911 0.005363
vt 0.167940 0.000000
vt 0.167940 0.010705
vt 0.167940 0.010705
vt 0.167940 0.008659
vt 0.167938 0.991336
vt 0.167940 0.989295
vt 0.167940 0.006615
vt 0.167940 0.993385
vt 0.167940 0.006615
vt 0.165553 0.008659
vt 0.165553 0.991341
vt 0.167940 0.993385
vt 0.163163 0.989295
vt 0.004777 1.000000
vt 0.003456 0.997568
vt 0.003516 0.997420
vt 0.004777 1.000000
vt 0.002221 0.995027
vt 0.002295 0.994857
vt 0.001084 0.992260
vt 0.001154 0.992116
vt 0.000000 0.989295
vt 0.003884 0.994658
vt 0.164055 0.994658
vt 0.002993 1.000000
vt 0.164947 1.000000
vt 0.002993 1.000000
vt 0.003891 0.999986
vt 0.164049 0.999985
vt 0.164947 1.000000
vt 0.163163 1.000000
vt 0.166855 0.992258
vt 0.166788 0.992121
vt 0.167940 0.989295
vt 0.165720 0.995025
vt 0.165645 0.994859
vt 0.164485 0.997571
vt 0.164422 0.997414
vt 0.163163 1.000000
vt 0.001190 0.010704
vt 0.001190 0.989297
vt 0.002379 0.010699
vt 0.002379 0.989301
vt 0.003576 0.010703
vt 0.003577 0.989296
vt 0.004777 0.010705
vt 0.004777 0.989295
vt 0.004776 0.007990
vt 0.163171 0.007975
vt 0.163162 0.010705
vt 0.004769 0.005297
vt 0.163182 0.005271
vt 0.004775 0.002650
vt 0.163178 0.002621
vt 0.164366 0.010699
vt 0.164364 0.989297
vt 0.163163 0.989295
vt 0.165565 0.010689
vt 0.165561 0.989301
vt 0.166755 0.010692
vt 0.166750 0.989296
vt 0.163164 0.992010
vt 0.004775 0.992011
vt 0.163171 0.994703
vt 0.004769 0.994704
vt 0.163165 0.997350
vt 0.004775 0.997349
vt 0.002640 0.001228
vt 0.001420 0.003166
vt 0.000552 0.005904
vt 0.000000 0.003414
vt -0.000000 0.003414
vt 0.002099 0.004672
vt 0.001545 0.000000
vt 0.001545 -0.000000
vt 0.000000 0.000000
vt 0.000000 0.000000
vt 0.167940 0.004664
vt 0.167940 -0.000000
vt 0.167940 -0.000000
vt 0.165846 0.000000
vt 0.166395 0.000000
vt 0.166395 -0.000000
vt 0.165845 0.004680
vt 0.167940 0.003414
vt 0.167940 0.003414
vt 0.167940 0.000000
vt 0.167940 0.000000
vt 0.167940 0.000000
vt 0.000547 0.994109
vt 0.001415 0.996822
vt 0.002646 0.998762
vt 0.001545 1.000000
vt 0.001545 1.000000
vt 0.002095 0.995320
vt 0.000000 0.996586
vt -0.000000 0.996586
vt 0.000000 1.000000
vt 0.000000 1.000000
vt 0.165300 0.998772
vt 0.166520 0.996834
vt 0.167388 0.994096
vt 0.167940 0.996586
vt 0.167940 0.996586
vt 0.165841 0.995328
vt 0.166395 1.000000
vt 0.166395 1.000000
vt 0.167940 1.000000
vt 0.167940 1.000000
vt 0.003231 0.007233
vt 0.001717 0.006649
vt 0.001250 0.007190
vt 0.001674 0.003769
vt 0.003209 0.002796
vt 0.002967 0.003814
vt 0.000000 0.000000
vt 0.167327 0.005767
vt 0.166353 0.006378
vt 0.164761 0.007114
vt 0.165111 0.003524
vt 0.165369 0.001369
vt 0.167940 0.000000
vt 0.167940 0.000000
vt 0.167940 0.000000
vt 0.164730 0.997204
vt 0.164973 0.996186
vt 0.164709 0.992767
vt 0.166223 0.993351
vt 0.166690 0.992810
vt 0.166266 0.996231
vt 0.167940 1.000000
vt 0.001251 0.992807
vt 0.001709 0.993349
vt 0.003231 0.992769
vt 0.002966 0.996168
vt 0.003208 0.997206
vt 0.001682 0.996249
vt 0.000000 1.000000
vt 0.375000 0.375000
vt 0.375000 0.250000
vt 0.452603 0.250000
vt 0.452603 0.375000
vt 0.375000 0.875000
vt 0.375000 0.750000
vt 0.452603 0.750000
vt 0.452603 0.875000
vt 0.125000 0.189233
vt 0.125000 0.128466
vt 0.250000 0.128466
vt 0.250000 0.189233
vt 0.125000 0.064233
vt 0.125000 0.000000
vt 0.250000 -0.000000
vt 0.250000 0.064233
vt 0.625000 0.124997
vt 0.625000 0.121522
vt 0.750000 0.121522
vt 0.750000 0.124997
vt 0.530205 0.375000
vt 0.530205 0.250000
vt 0.553904 0.254572
vt 0.553904 0.375000
vt 0.577603 0.375000
vt 0.577603 0.259144
vt 0.601301 0.254572
vt 0.601301 0.375000
vt 0.750000 0.250000
vt 0.625000 0.250000
vt 0.625000 0.189236
vt 0.750000 0.189236
vt 0.640264 0.060761
vt 0.757632 0.060761
vt 0.594830 0.829566
vt 0.564661 0.909132
vt 0.556047 0.931849
vt 0.578388 0.842866
vt 0.561945 0.856167
vt 0.547433 0.954566
vt 0.538819 0.977283
vt 0.546075 0.865583
vt 0.375000 0.189233
vt 0.491569 0.190241
vt 0.625000 0.560764
vt 0.625000 0.621529
vt 0.500000 0.621531
vt 0.491569 0.559758
vt 0.561536 0.000000
vt 0.592866 0.000000
vt 0.624197 0.000000
vt 0.495124 0.064149
vt 0.375000 0.685767
vt 0.491624 0.686430
vt 0.530205 0.500000
vt 0.452603 0.500000
vt 0.375000 0.500000
vt 0.530206 0.750000
vt 0.530206 0.875000
vt 0.530206 1.000000
vt 0.452603 1.000000
vt 0.375000 1.000000
vt 0.375000 0.128466
vt 0.250000 0.250000
vt 0.125000 0.250000
vt 0.375000 0.000000
vt 0.375000 0.064233
vt 0.875000 0.121522
vt 0.875000 0.124997
vt 0.875000 0.128472
vt 0.750000 0.128472
vt 0.625000 0.128471
vt 0.577603 0.490855
vt 0.553904 0.495428
vt 0.625000 0.375000
vt 0.625000 0.500000
vt 0.601301 0.495428
vt 0.875000 0.189236
vt 0.875000 0.250000
vt 0.655528 0.000000
vt 0.765264 0.000000
vt 0.875000 0.000000
vt 0.875000 0.060761
vt 0.576457 0.757767
vt 0.600728 0.753883
vt 0.625000 0.750000
vt 0.553331 0.753883
vt 0.500000 0.128469
vt 0.375000 0.621534
vt 0.375000 0.560767
vt 0.452603 0.000000
vt 0.530205 0.000000
vt 0.625000 0.625003
vt 0.625000 0.628478
vt 0.625000 0.689239
vn -0.000000 0.000000 -1.000000
vn 0.000000 0.000000 -1.000000
vn 0.000000 0.000000 -1.000000
vn 0.000000 0.000000 -1.000000
vn 0.448831 -0.540700 -0.711474
vn 0.452056 -0.538432 -0.711152
vn 0.488540 -0.505540 -0.711167
vn 0.491185 -0.502507 -0.711495
vn 0.368266 -0.929720 0.000005
vn 0.641827 -0.766850 0.000002
vn 0.641836 -0.766842 0.000002
vn 0.368278 -0.929716 0.000005
vn 0.257903 -0.654012 -0.711164
vn 0.261509 -0.652221 -0.711492
vn 0.207757 -0.671310 -0.711463
vn 0.211604 -0.670448 -0.711143
vn 0.000000 0.000000 -1.000000
vn -0.000000 0.000000 -1.000000
vn 0.000000 0.000000 -1.000000
vn 0.621567 -0.327761 -0.711496
vn 0.623678 -0.324432 -0.711175
vn 0.644800 -0.280087 -0.711185
vn 0.646084 -0.276275 -0.711511
vn 0.696015 -0.718027 0.000002
vn 0.886438 -0.462848 0.000008
vn 0.886444 -0.462837 0.000008
vn 0.696024 -0.718018 0.000002
vn 0.000000 0.000000 -1.000000
vn 0.000000 0.000000 -1.000000
vn 0.000000 0.000000 -1.000000
vn 0.699706 -0.064954 -0.711472
vn 0.700382 -0.061072 -0.711150
vn 0.702922 -0.012015 -0.711166
vn 0.702647 -0.008000 -0.711493
vn 0.917816 -0.397005 0.000007
vn 0.996086 -0.088393 -0.000000
vn 0.996087 -0.088382 -0.000000
vn 0.917821 -0.396994 0.000007
vn 0.000000 0.000000 -1.000000
vn 0.000000 0.000000 -1.000000
vn 0.000000 0.000000 -1.000000
vn 0.671301 0.207758 -0.711472
vn 0.670440 0.211603 -0.711150
vn 0.654017 0.257895 -0.711162
vn 0.652226 0.261502 -0.711490
vn 0.999879 -0.015553 -0.000001
vn 0.954090 0.299519 -0.000005
vn 0.954087 0.299531 -0.000005
vn 0.999879 -0.015540 -0.000001
vn -0.000001 0.000000 -1.000000
vn 0.000000 0.000000 -1.000000
vn 0.000000 0.000000 -1.000000
vn 0.540691 0.448834 -0.711479
vn 0.538423 0.452057 -0.711158
vn 0.505535 0.488544 -0.711167
vn 0.502503 0.491190 -0.711494
vn 0.929722 0.368261 -0.000005
vn 0.766844 0.641834 -0.000003
vn 0.766835 0.641844 -0.000003
vn 0.929718 0.368272 -0.000005
vn 0.000000 0.000000 -1.000000
vn 0.000000 0.000000 -1.000000
vn 0.000000 0.000000 -1.000000
vn 0.327773 0.621578 -0.711481
vn 0.324445 0.623686 -0.711161
vn 0.280096 0.644805 -0.711177
vn 0.276280 0.646089 -0.711504
vn 0.718022 0.696021 -0.000005
vn 0.462853 0.886435 0.000007
vn 0.462842 0.886441 0.000007
vn 0.718012 0.696031 -0.000005
vn 0.000000 0.000000 -1.000000
vn -0.000001 0.000000 -1.000000
vn 0.000000 0.000000 -1.000000
vn 0.064954 0.699710 -0.711469
vn 0.061071 0.700386 -0.711147
vn 0.012018 0.702932 -0.711156
vn 0.008003 0.702658 -0.711483
vn 0.397009 0.917815 0.000008
vn 0.088393 0.996086 -0.000005
vn 0.088381 0.996087 -0.000005
vn 0.396998 0.917819 0.000008
vn 0.000000 0.000000 -1.000000
vn 0.000000 0.000000 -1.000000
vn 0.000001 0.000000 -1.000000
vn -0.207751 0.671293 -0.711481
vn -0.211597 0.670430 -0.711161
vn -0.257896 0.654000 -0.711178
vn -0.261501 0.652210 -0.711505
vn 0.015552 0.999879 -0.000006
vn -0.299515 0.954092 0.000006
vn -0.299526 0.954088 0.000006
vn 0.015539 0.999879 -0.000006
vn 0.000000 0.000000 -1.000000
vn 0.000001 0.000000 -1.000000
vn 0.000001 0.000000 -1.000000
vn -0.448833 0.540702 -0.711470
vn -0.452057 0.538434 -0.711149
vn -0.488542 0.505541 -0.711165
vn -0.491188 0.502507 -0.711492
vn -0.368266 0.929721 0.000009
vn -0.641829 0.766848 -0.000006
vn -0.641838 0.766840 -0.000006
vn -0.368277 0.929716 0.000009
vn 0.000000 0.000000 -1.000000
vn 0.000000 0.000000 -1.000000
vn 0.000000 0.000000 -1.000000
vn -0.621567 0.327764 -0.711495
vn -0.623678 0.324434 -0.711174
vn -0.644799 0.280087 -0.711186
vn -0.646082 0.276275 -0.711512
vn -0.696019 0.718024 -0.000007
vn -0.886437 0.462850 0.000005
vn -0.886443 0.462838 0.000005
vn -0.696027 0.718015 -0.000007
vn 0.000000 0.000000 -1.000000
vn 0.000000 0.000000 -1.000000
vn 0.000000 0.000000 -1.000000
vn -0.699703 0.064955 -0.711475
vn -0.700379 0.061073 -0.711154
vn -0.702919 0.012019 -0.711168
vn -0.702645 0.008004 -0.711496
vn -0.917815 0.397009 0.000004
vn -0.996085 0.088396 0.000000
vn -0.996086 0.088385 0.000000
vn -0.917820 0.396997 0.000004
vn 0.000000 0.000000 -1.000000
vn 0.000000 0.000000 -1.000000
vn 0.000000 0.000000 -1.000000
vn -0.671302 -0.207757 -0.711470
vn -0.670442 -0.211603 -0.711149
vn -0.654017 -0.257899 -0.711161
vn -0.652227 -0.261503 -0.711489
vn -0.999879 0.015555 0.000000
vn -0.954090 -0.299521 0.000002
vn -0.954086 -0.299533 0.000002
vn -0.999879 0.015543 0.000000
vn 0.000000 0.000000 -1.000000
vn 0.000000 0.000000 -1.000000
vn 0.000000 0.000000 -1.000000
vn -0.540690 -0.448835 -0.711478
vn -0.538423 -0.452058 -0.711157
vn -0.505536 -0.488542 -0.711168
vn -0.502503 -0.491188 -0.711495
vn -0.929721 -0.368263 0.000002
vn -0.766843 -0.641834 -0.000005
vn -0.766835 -0.641844 -0.000005
vn -0.929717 -0.368274 0.000002
vn 0.000000 0.000000 -1.000000
vn 0.000000 0.000000 -1.000000
vn 0.000000 0.000000 -1.000000
vn -0.327781 -0.621589 -0.711468
vn -0.324452 -0.623699 -0.711147
vn -0.280097 -0.644817 -0.711166
vn -0.276280 -0.646100 -0.711495
vn -0.718021 -0.696022 -0.000007
vn -0.462855 -0.886434 -0.000004
vn -0.462844 -0.886440 -0.000004
vn -0.718012 -0.696031 -0.000007
vn 0.000001 0.000000 -1.000000
vn 0.000000 0.000000 -1.000000
vn 0.000000 0.000000 -1.000000
vn -0.064954 -0.699722 -0.711457
vn -0.061071 -0.700399 -0.711134
vn -0.012024 -0.702950 -0.711137
vn -0.008008 -0.702676 -0.711465
vn -0.397005 -0.917816 -0.000005
vn -0.088393 -0.996086 -0.000020
vn -0.088382 -0.996087 -0.000020
vn -0.396994 -0.917821 -0.000005
vn 0.000000 0.000000 -1.000000
vn 0.000001 0.000000 -1.000000
vn -0.015559 -0.999879 -0.000018
vn 0.299516 -0.954091 0.000003
vn 0.299528 -0.954088 0.000003
vn -0.015546 -0.999879 -0.000018
vn 0.000000 0.000000 1.000000
vn 0.000000 0.000000 1.000000
vn 0.000000 0.000000 1.000000
vn 0.000000 0.000000 1.000000
vn 0.261461 -0.652301 0.711436
vn 0.257928 -0.654056 0.711114
vn 0.211626 -0.670464 0.711120
vn 0.207701 -0.671344 0.711447
vn 0.452077 -0.538435 0.711136
vn 0.448786 -0.540750 0.711463
vn 0.491171 -0.502591 0.711445
vn 0.488579 -0.505563 0.711124
vn 0.000000 0.000000 1.000000
vn -0.000000 0.000000 1.000000
vn 0.000000 0.000000 1.000000
vn 0.623719 -0.324445 0.711133
vn 0.621565 -0.327843 0.711461
vn 0.646117 -0.276369 0.711444
vn 0.644861 -0.280106 0.711123
vn -0.000001 0.000000 1.000000
vn -0.000000 0.000000 1.000000
vn 0.000000 0.000000 1.000000
vn 0.700405 -0.061062 0.711129
vn 0.699715 -0.065025 0.711457
vn 0.702704 -0.008069 0.711437
vn 0.702973 -0.012003 0.711116
vn 0.000000 0.000000 1.000000
vn -0.000000 0.000000 1.000000
vn 0.000000 0.000000 1.000000
vn 0.670459 0.211618 0.711128
vn 0.671338 0.207695 0.711455
vn 0.652300 0.261451 0.711441
vn 0.654054 0.257919 0.711119
vn -0.000000 0.000000 1.000000
vn 0.000000 0.000000 1.000000
vn 0.000000 0.000000 1.000000
vn 0.538435 0.452080 0.711134
vn 0.540748 0.448792 0.711461
vn 0.502584 0.491178 0.711444
vn 0.505559 0.488585 0.711122
vn 0.000000 0.000000 1.000000
vn 0.000000 0.000000 1.000000
vn 0.000000 0.000000 1.000000
vn 0.324435 0.623703 0.711152
vn 0.327830 0.621551 0.711478
vn 0.276362 0.646107 0.711457
vn 0.280100 0.644848 0.711136
vn 0.000000 0.000000 1.000000
vn 0.000000 0.000000 1.000000
vn 0.000000 0.000000 1.000000
vn 0.061067 0.700396 0.711137
vn 0.065029 0.699708 0.711464
vn 0.008069 0.702692 0.711449
vn 0.012005 0.702961 0.711127
vn 0.000000 0.000000 1.000000
vn 0.000000 0.000000 1.000000
vn 0.000001 0.000000 1.000000
vn -0.211626 0.670462 0.711122
vn -0.207700 0.671342 0.711450
vn -0.261458 0.652306 0.711433
vn -0.257926 0.654061 0.711111
vn 0.000001 0.000000 1.000000
vn 0.000001 0.000000 1.000000
vn 0.000001 0.000000 1.000000
vn -0.452077 0.538437 0.711134
vn -0.448788 0.540752 0.711461
vn -0.491177 0.502589 0.711441
vn -0.488585 0.505562 0.711121
vn 0.000000 0.000000 1.000000
vn 0.000000 0.000000 1.000000
vn 0.000000 0.000000 1.000000
vn -0.623722 0.324443 0.711131
vn -0.621570 0.327839 0.711458
vn -0.646121 0.276367 0.711442
vn -0.644863 0.280105 0.711121
vn 0.000001 0.000000 1.000000
vn 0.000000 0.000000 1.000000
vn 0.000000 0.000000 1.000000
vn -0.700406 0.061060 0.711128
vn -0.699717 0.065023 0.711455
vn -0.702705 0.008069 0.711436
vn -0.702973 0.012003 0.711115
vn 0.000000 0.000000 1.000000
vn 0.000000 0.000000 1.000000
vn 0.000000 0.000000 1.000000
vn -0.670470 -0.211623 0.711116
vn -0.671349 -0.207700 0.711443
vn -0.652306 -0.261456 0.711433
vn -0.654060 -0.257926 0.711111
vn 0.000000 0.000000 1.000000
vn 0.000000 0.000000 1.000000
vn 0.000000 0.000000 1.000000
vn -0.538427 -0.452073 0.711145
vn -0.540739 -0.448786 0.711472
vn -0.502582 -0.491169 0.711453
vn -0.505556 -0.488576 0.711131
vn 0.000000 0.000000 1.000000
vn 0.000000 0.000000 1.000000
vn 0.000000 0.000000 1.000000
vn -0.324443 -0.623718 0.711134
vn -0.327840 -0.621565 0.711462
vn -0.276358 -0.646115 0.711450
vn -0.280098 -0.644858 0.711128
vn 0.000000 0.000000 1.000000
vn 0.000000 0.000000 1.000000
vn 0.000000 0.000000 1.000000
vn -0.061066 -0.700386 0.711147
vn -0.065029 -0.699696 0.711475
vn -0.008074 -0.702694 0.711446
vn -0.012010 -0.702962 0.711126
vn 0.000000 0.000000 1.000000
vn 0.000000 0.000000 1.000000
vn -0.989604 -0.143820 -0.000000
vn -0.989604 -0.143822 -0.000001
vn -0.989604 -0.143821 -0.000001
vn -0.989604 -0.143822 -0.000001
vn -0.617796 -0.695749 -0.366417
vn -0.617733 -0.693941 -0.369935
vn -0.621666 -0.666925 -0.410783
vn -0.622365 -0.664382 -0.413833
vn 0.139953 -0.962901 -0.230729
vn 0.122420 -0.842336 -0.524866
vn 0.122419 -0.842329 -0.524877
vn 0.139953 -0.962898 -0.230741
vn -0.605327 -0.779491 -0.161162
vn -0.605831 -0.778299 -0.164982
vn -0.604202 -0.789333 -0.109055
vn -0.603928 -0.788990 -0.112985
vn -0.989604 -0.143821 -0.000000
vn -0.989603 -0.143824 0.000003
vn -0.989604 -0.143821 -0.000000
vn -0.644531 -0.511801 -0.568013
vn -0.644645 -0.508793 -0.570581
vn -0.650535 -0.468373 -0.597856
vn -0.651374 -0.464870 -0.599673
vn 0.116592 -0.802235 -0.585513
vn 0.084208 -0.579448 -0.810647
vn 0.084206 -0.579436 -0.810656
vn 0.116591 -0.802227 -0.585525
vn -0.989603 -0.143825 -0.000001
vn -0.989604 -0.143816 -0.000001
vn -0.989604 -0.143823 -0.000001
vn -0.680292 -0.265532 -0.683151
vn -0.680512 -0.261779 -0.684379
vn -0.687448 -0.214090 -0.693960
vn -0.688349 -0.210168 -0.694266
vn 0.075482 -0.519428 -0.851174
vn 0.033175 -0.228327 -0.973019
vn 0.033173 -0.228315 -0.973022
vn 0.075481 -0.519416 -0.851181
vn -0.989604 -0.143821 -0.000000
vn -0.989602 -0.143830 -0.000001
vn -0.989604 -0.143821 -0.000000
vn -0.719698 0.005602 -0.694264
vn -0.719946 0.009536 -0.693965
vn -0.726895 0.057215 -0.684361
vn -0.727770 0.060953 -0.683107
vn 0.022889 -0.157536 -0.987248
vn -0.022887 0.157522 -0.987250
vn -0.022888 0.157534 -0.987248
vn 0.022887 -0.157524 -0.987250
vn -0.989604 -0.143820 0.000002
vn -0.989605 -0.143815 0.000000
vn -0.989604 -0.143822 -0.000000
vn -0.756751 0.260290 -0.599648
vn -0.756939 0.263819 -0.597866
vn -0.762822 0.304228 -0.570569
vn -0.763584 0.307202 -0.567950
vn -0.033173 0.228311 -0.973023
vn -0.075486 0.519421 -0.851178
vn -0.075488 0.519434 -0.851170
vn -0.033175 0.228323 -0.973020
vn -0.989603 -0.143826 -0.000002
vn -0.989603 -0.143826 0.000001
vn -0.989603 -0.143824 -0.000000
vn -0.785732 0.459783 -0.413792
vn -0.785784 0.462367 -0.410805
vn -0.789724 0.489362 -0.369948
vn -0.790309 0.491114 -0.366358
vn -0.084212 0.579431 -0.810659
vn -0.116598 0.802220 -0.585533
vn -0.116599 0.802227 -0.585523
vn -0.084214 0.579443 -0.810650
vn -0.989603 -0.143823 0.000003
vn -0.989603 -0.143825 0.000000
vn -0.989604 -0.143822 0.000001
vn -0.802278 0.573715 -0.164926
vn -0.802137 0.574976 -0.161181
vn -0.803522 0.584453 -0.112997
vn -0.803889 0.584709 -0.108985
vn -0.122422 0.842325 -0.524882
vn -0.139948 0.962898 -0.230741
vn -0.139948 0.962901 -0.230729
vn -0.122423 0.842332 -0.524871
vn -0.989604 -0.143821 -0.000002
vn -0.989604 -0.143821 0.000002
vn -0.989604 -0.143823 -0.000001
vn -0.803879 0.584709 0.109060
vn -0.803519 0.584458 0.112991
vn -0.802154 0.574955 0.161172
vn -0.802297 0.573669 0.164994
vn -0.141997 0.976982 -0.159193
vn -0.141984 0.976985 0.159189
vn -0.141983 0.976983 0.159203
vn -0.141998 0.976984 -0.159180
vn -0.989603 -0.143824 -0.000000
vn -0.989603 -0.143824 -0.000003
vn -0.989604 -0.143822 -0.000001
vn -0.790282 0.491113 0.366417
vn -0.789709 0.489397 0.369933
vn -0.785799 0.462375 0.410767
vn -0.785746 0.459734 0.413821
vn -0.139938 0.962904 0.230722
vn -0.122426 0.842340 0.524857
vn -0.122425 0.842333 0.524868
vn -0.139937 0.962902 0.230734
vn -0.989604 -0.143821 -0.000002
vn -0.989604 -0.143819 -0.000001
vn -0.989604 -0.143822 -0.000001
vn -0.763562 0.307149 0.568008
vn -0.762814 0.304236 0.570575
vn -0.756942 0.263807 0.597867
vn -0.756749 0.260212 0.599684
vn -0.116594 0.802237 0.585510
vn -0.084197 0.579438 0.810656
vn -0.084196 0.579427 0.810664
vn -0.116593 0.802229 0.585521
vn -0.989604 -0.143820 0.000000
vn -0.989603 -0.143826 0.000001
vn -0.989603 -0.143824 0.000000
vn -0.727745 0.060892 0.683139
vn -0.726890 0.057232 0.684365
vn -0.719983 0.009545 0.693926
vn -0.719730 0.005528 0.694232
vn -0.075480 0.519424 0.851176
vn -0.033194 0.228343 0.973015
vn -0.033193 0.228331 0.973018
vn -0.075478 0.519412 0.851184
vn -0.989602 -0.143830 0.000001
vn -0.989604 -0.143821 0.000000
vn -0.989604 -0.143821 0.000000
vn -0.688367 -0.210243 0.694225
vn -0.687483 -0.214085 0.693926
vn -0.680562 -0.261759 0.684338
vn -0.680335 -0.265591 0.683086
vn -0.022904 0.157554 0.987245
vn 0.022902 -0.157541 0.987247
vn 0.022904 -0.157554 0.987245
vn -0.022903 0.157541 0.987247
vn -0.989604 -0.143816 -0.000000
vn -0.989604 -0.143822 0.000001
vn -0.989604 -0.143819 0.000000
vn -0.651331 -0.464945 0.599661
vn -0.650508 -0.468378 0.597881
vn -0.644649 -0.508789 0.570580
vn -0.644534 -0.511856 0.567961
vn 0.033192 -0.228333 0.973017
vn 0.075480 -0.519414 0.851183
vn 0.075482 -0.519426 0.851175
vn 0.033194 -0.228345 0.973014
vn -0.989604 -0.143823 0.000000
vn -0.989604 -0.143821 0.000000
vn -0.989604 -0.143822 0.000002
vn -0.622363 -0.664416 0.413783
vn -0.621676 -0.666912 0.410790
vn -0.617768 -0.693912 0.369932
vn -0.617830 -0.695758 0.366343
vn 0.084196 -0.579426 0.810664
vn 0.116584 -0.802226 0.585527
vn 0.116585 -0.802234 0.585515
vn 0.084198 -0.579437 0.810657
vn -0.989603 -0.143823 0.000001
vn -0.989604 -0.143823 0.000002
vn -0.989604 -0.143822 0.000001
vn -0.605787 -0.778345 0.164926
vn -0.605292 -0.779514 0.161182
vn -0.603921 -0.788993 0.113001
vn -0.604201 -0.789343 0.108989
vn 0.122416 -0.842333 0.524871
vn 0.139931 -0.962902 0.230734
vn 0.139932 -0.962906 0.230721
vn 0.122417 -0.842340 0.524860
vn -0.989603 -0.143824 0.000002
vn -0.989604 -0.143822 -0.000002
vn 0.141979 -0.976984 0.159202
vn 0.142000 -0.976982 -0.159192
vn 0.142000 -0.976980 -0.159205
vn 0.141979 -0.976986 0.159189
vn 0.989604 0.143822 0.000002
vn 0.989603 0.143824 -0.000002
vn 0.989604 0.143822 0.000000
vn 0.989604 0.143823 -0.000000
vn 0.802281 -0.573711 -0.164924
vn 0.802139 -0.574973 -0.161179
vn 0.803524 -0.584449 -0.112995
vn 0.803892 -0.584705 -0.108983
vn 0.789728 -0.489356 -0.369948
vn 0.790313 -0.491107 -0.366359
vn 0.785735 -0.459779 -0.413792
vn 0.785787 -0.462363 -0.410803
vn 0.989603 0.143823 0.000001
vn 0.989604 0.143817 0.000000
vn 0.989603 0.143825 0.000001
vn 0.762830 -0.304217 -0.570563
vn 0.763592 -0.307192 -0.567944
vn 0.756760 -0.260282 -0.599640
vn 0.756948 -0.263810 -0.597858
vn 0.989603 0.143825 -0.000001
vn 0.989602 0.143830 0.000001
vn 0.989603 0.143824 0.000000
vn 0.726898 -0.057218 -0.684358
vn 0.727773 -0.060955 -0.683104
vn 0.719698 -0.005601 -0.694264
vn 0.719946 -0.009537 -0.693964
vn 0.989604 0.143819 -0.000001
vn 0.989604 0.143816 -0.000001
vn 0.989604 0.143821 -0.000000
vn 0.687453 0.214091 -0.693955
vn 0.688353 0.210169 -0.694261
vn 0.680299 0.265530 -0.683145
vn 0.680519 0.261776 -0.684374
vn 0.989604 0.143823 -0.000001
vn 0.989603 0.143827 0.000000
vn 0.989603 0.143826 0.000000
vn 0.650543 0.468370 -0.597850
vn 0.651382 0.464866 -0.599667
vn 0.644548 0.511797 -0.567998
vn 0.644660 0.508788 -0.570569
vn 0.989603 0.143829 0.000001
vn 0.989603 0.143827 0.000002
vn 0.989603 0.143825 -0.000001
vn 0.621703 0.666906 -0.410758
vn 0.622403 0.664361 -0.413810
vn 0.617820 0.695734 -0.366405
vn 0.617759 0.693925 -0.369921
vn 0.989603 0.143824 -0.000002
vn 0.989604 0.143822 -0.000003
vn 0.989603 0.143823 -0.000001
vn 0.605316 0.779498 -0.161171
vn 0.605820 0.778306 -0.164992
vn 0.604196 0.789338 -0.109054
vn 0.603921 0.788995 -0.112986
vn 0.989604 0.143822 0.000000
vn 0.989603 0.143824 0.000000
vn 0.989604 0.143823 0.000001
vn 0.603916 0.788997 0.113001
vn 0.604196 0.789347 0.108990
vn 0.605785 0.778347 0.164923
vn 0.605290 0.779517 0.161178
vn 0.989603 0.143824 0.000003
vn 0.989603 0.143824 0.000000
vn 0.989603 0.143823 0.000001
vn 0.617769 0.693910 0.369934
vn 0.617831 0.695755 0.366346
vn 0.622362 0.664417 0.413781
vn 0.621675 0.666913 0.410789
vn 0.989603 0.143826 -0.000003
vn 0.989603 0.143824 -0.000001
vn 0.989603 0.143825 -0.000000
vn 0.644650 0.508780 0.570587
vn 0.644535 0.511848 0.567967
vn 0.651330 0.464934 0.599671
vn 0.650507 0.468368 0.597890
vn 0.989603 0.143826 -0.000001
vn 0.989603 0.143824 0.000001
vn 0.989604 0.143822 0.000000
vn 0.680566 0.261759 0.684333
vn 0.680339 0.265592 0.683081
vn 0.688375 0.210239 0.694218
vn 0.687492 0.214082 0.693919
vn 0.989604 0.143816 0.000001
vn 0.989604 0.143819 0.000001
vn 0.989604 0.143822 -0.000000
vn 0.719985 -0.009546 0.693924
vn 0.719733 -0.005528 0.694229
vn 0.727749 -0.060887 0.683136
vn 0.726893 -0.057227 0.684362
vn 0.989603 0.143827 -0.000001
vn 0.989603 0.143824 -0.000000
vn 0.989603 0.143825 -0.000000
vn 0.756951 -0.263807 0.597856
vn 0.756758 -0.260212 0.599673
vn 0.763573 -0.307142 0.567997
vn 0.762824 -0.304230 0.570564
vn 0.989604 0.143821 0.000001
vn 0.989603 0.143826 0.000000
vn 0.989603 0.143824 0.000000
vn 0.785818 -0.462345 0.410765
vn 0.785765 -0.459704 0.413817
vn 0.790303 -0.491083 0.366413
vn 0.789729 -0.489366 0.369930
vn 0.989603 0.143826 0.000001
vn 0.989603 0.143824 -0.000002
vn 0.989603 0.143824 0.000000
vn 0.802168 -0.574938 0.161165
vn 0.802311 -0.573651 0.164987
vn 0.803891 -0.584694 0.109054
vn 0.803530 -0.584443 0.112984
vn 0.989603 0.143823 -0.000003
vn 0.989603 0.143823 0.000003
vn 0.000000 -1.000000 0.000003
vn 0.000000 -1.000000 -0.000003
vn 0.000000 -1.000000 -0.000001
vn 0.000000 -1.000000 -0.000000
vn 0.594593 -0.710484 -0.376394
vn 0.593395 -0.710251 -0.378716
vn 0.576969 -0.710258 -0.403288
vn 0.575248 -0.710495 -0.405324
vn 0.976193 -0.000002 -0.216905
vn 0.843645 0.000001 -0.536902
vn 0.843647 0.000001 -0.536898
vn 0.976194 -0.000002 -0.216901
vn 0.687379 -0.710261 -0.151788
vn 0.686568 -0.710498 -0.154328
vn 0.693368 -0.710487 -0.120204
vn 0.693151 -0.710254 -0.122807
vn 0.000000 -1.000000 0.000000
vn 0.000000 -1.000000 0.000003
vn 0.000000 -1.000000 -0.000001
vn 0.405289 -0.710489 -0.575279
vn 0.403293 -0.710257 -0.576966
vn 0.378716 -0.710265 -0.593378
vn 0.376346 -0.710503 -0.594601
vn 0.818880 0.000000 -0.573964
vn 0.573960 0.000005 -0.818883
vn 0.573963 0.000005 -0.818881
vn 0.818882 0.000000 -0.573962
vn 0.000000 -1.000000 0.000001
vn 0.000000 -1.000000 0.000000
vn 0.000000 -1.000000 -0.000001
vn 0.154290 -0.710484 -0.686591
vn 0.151801 -0.710251 -0.687386
vn 0.122814 -0.710258 -0.693145
vn 0.120157 -0.710496 -0.693367
vn 0.536896 0.000006 -0.843648
vn 0.216901 -0.000002 -0.976194
vn 0.216904 -0.000002 -0.976193
vn 0.536900 0.000006 -0.843646
vn 0.000000 -1.000000 -0.000000
vn 0.000000 -1.000000 0.000001
vn 0.000000 -1.000000 -0.000001
vn -0.120202 -0.710480 -0.693375
vn -0.122807 -0.710248 -0.693157
vn -0.151792 -0.710256 -0.687383
vn -0.154333 -0.710494 -0.686571
vn 0.173182 -0.000002 -0.984890
vn -0.173184 0.000002 -0.984890
vn -0.173180 0.000002 -0.984890
vn 0.173186 -0.000002 -0.984889
vn 0.000000 -1.000000 0.000000
vn 0.000000 -1.000000 0.000000
vn 0.000000 -1.000000 -0.000001
vn -0.376394 -0.710492 -0.594583
vn -0.378716 -0.710259 -0.593386
vn -0.403282 -0.710266 -0.576962
vn -0.405319 -0.710503 -0.575241
vn -0.216901 0.000003 -0.976194
vn -0.536902 -0.000006 -0.843645
vn -0.536899 -0.000006 -0.843647
vn -0.216898 0.000003 -0.976194
vn 0.000000 -1.000000 0.000003
vn 0.000000 -1.000000 0.000000
vn 0.000000 -1.000000 -0.000000
vn -0.575275 -0.710492 -0.405290
vn -0.576962 -0.710260 -0.403294
vn -0.593376 -0.710267 -0.378716
vn -0.594598 -0.710504 -0.376346
vn -0.573965 -0.000007 -0.818880
vn -0.818882 0.000007 -0.573962
vn -0.818880 0.000007 -0.573965
vn -0.573961 -0.000007 -0.818883
vn 0.000000 -1.000000 0.000000
vn 0.000000 -1.000000 0.000003
vn 0.000000 -1.000000 -0.000001
vn -0.686586 -0.710489 -0.154287
vn -0.687381 -0.710257 -0.151798
vn -0.693140 -0.710264 -0.122811
vn -0.693363 -0.710501 -0.120153
vn -0.843647 0.000007 -0.536899
vn -0.976194 -0.000001 -0.216900
vn -0.976193 -0.000001 -0.216904
vn -0.843645 0.000007 -0.536901
vn 0.000000 -1.000000 -0.000003
vn 0.000000 -1.000000 0.000000
vn 0.000000 -1.000000 -0.000001
vn -0.693368 -0.710488 0.120200
vn -0.693150 -0.710255 0.122803
vn -0.687377 -0.710263 0.151788
vn -0.686566 -0.710500 0.154328
vn -0.984890 -0.000001 -0.173182
vn -0.984889 -0.000001 0.173186
vn -0.984890 -0.000001 0.173182
vn -0.984889 -0.000001 -0.173185
vn 0.000000 -1.000000 0.000000
vn 0.000000 -1.000000 -0.000003
vn 0.000000 -1.000000 -0.000003
vn -0.594596 -0.710482 0.376393
vn -0.593398 -0.710249 0.378715
vn -0.576974 -0.710257 0.403281
vn -0.575253 -0.710495 0.405317
vn -0.976193 -0.000002 0.216904
vn -0.843643 -0.000012 0.536904
vn -0.843645 -0.000012 0.536901
vn -0.976194 -0.000002 0.216901
vn 0.000000 -1.000000 -0.000003
vn 0.000000 -1.000000 -0.000003
vn 0.000000 -1.000000 -0.000003
vn -0.405289 -0.710492 0.575276
vn -0.403293 -0.710259 0.576963
vn -0.378717 -0.710265 0.593377
vn -0.376347 -0.710502 0.594600
vn -0.818878 -0.000012 0.573967
vn -0.573961 -0.000002 0.818883
vn -0.573964 -0.000002 0.818881
vn -0.818880 -0.000012 0.573965
vn 0.000000 -1.000000 0.000000
vn 0.000000 -1.000000 0.000000
vn 0.000000 -1.000000 -0.000001
vn -0.154292 -0.710477 0.686597
vn -0.151802 -0.710245 0.687393
vn -0.122814 -0.710252 0.693151
vn -0.120156 -0.710490 0.693374
vn -0.536897 -0.000002 0.843648
vn -0.216899 -0.000003 0.976194
vn -0.216902 -0.000003 0.976193
vn -0.536900 -0.000002 0.843646
vn 0.000000 -1.000000 0.000000
vn 0.000000 -1.000000 0.000000
vn 0.000000 -1.000000 -0.000001
vn 0.120203 -0.710480 0.693376
vn 0.122807 -0.710247 0.693158
vn 0.151792 -0.710255 0.687384
vn 0.154333 -0.710492 0.686573
vn -0.173181 -0.000002 0.984890
vn 0.173184 0.000003 0.984890
vn 0.173181 0.000003 0.984890
vn -0.173185 -0.000002 0.984889
vn 0.000000 -1.000000 -0.000003
vn 0.000000 -1.000000 0.000000
vn 0.000000 -1.000000 -0.000001
vn 0.376393 -0.710492 0.594584
vn 0.378716 -0.710259 0.593386
vn 0.403282 -0.710268 0.576961
vn 0.405319 -0.710505 0.575239
vn 0.216901 0.000004 0.976194
vn 0.536900 -0.000005 0.843646
vn 0.536897 -0.000005 0.843648
vn 0.216898 0.000004 0.976194
vn 0.000000 -1.000000 -0.000003
vn 0.000000 -1.000000 -0.000003
vn 0.000000 -1.000000 0.000001
vn 0.575278 -0.710493 0.405283
vn 0.576966 -0.710261 0.403287
vn 0.593379 -0.710267 0.378712
vn 0.594601 -0.710504 0.376342
vn 0.573963 -0.000006 0.818881
vn 0.818879 0.000005 0.573966
vn 0.818878 0.000005 0.573968
vn 0.573960 -0.000006 0.818884
vn 0.000000 -1.000000 0.000003
vn 0.000000 -1.000000 0.000000
vn 0.000000 -1.000000 0.000002
vn 0.686585 -0.710490 0.154288
vn 0.687380 -0.710257 0.151799
vn 0.693139 -0.710265 0.122810
vn 0.693362 -0.710502 0.120153
vn 0.843645 0.000005 0.536902
vn 0.976194 0.000003 0.216900
vn 0.976193 0.000003 0.216903
vn 0.843643 0.000005 0.536905
vn 0.000000 -1.000000 -0.000003
vn 0.000000 -1.000000 0.000000
vn 0.984890 0.000003 0.173182
vn 0.984889 -0.000003 -0.173186
vn 0.984890 -0.000003 -0.173183
vn 0.984889 0.000003 0.173185
vn 0.000000 1.000000 -0.000000
vn 0.000000 1.000000 -0.000006
vn 0.000000 1.000000 -0.000002
vn 0.000000 1.000000 -0.000001
vn 0.686591 0.710485 -0.154285
vn 0.687386 0.710252 -0.151796
vn 0.693144 0.710260 -0.122810
vn 0.693366 0.710497 -0.120153
vn 0.593386 0.710252 -0.378728
vn 0.594609 0.710489 -0.376357
vn 0.575286 0.710478 -0.405299
vn 0.576973 0.710245 -0.403304
vn 0.000000 1.000000 -0.000003
vn 0.000000 1.000000 0.000000
vn 0.000000 1.000000 0.000001
vn 0.403285 0.710255 -0.576974
vn 0.405322 0.710492 -0.575252
vn 0.376394 0.710480 -0.594597
vn 0.378716 0.710247 -0.593399
vn 0.000000 1.000000 0.000000
vn 0.000000 1.000000 0.000000
vn 0.000000 1.000000 0.000001
vn 0.151792 0.710253 -0.687386
vn 0.154332 0.710491 -0.686575
vn 0.120202 0.710478 -0.693377
vn 0.122807 0.710245 -0.693159
vn 0.000000 1.000000 -0.000000
vn 0.000000 1.000000 0.000001
vn 0.000000 1.000000 0.000001
vn -0.122816 0.710251 -0.693152
vn -0.120158 0.710488 -0.693375
vn -0.154294 0.710477 -0.686597
vn -0.151804 0.710244 -0.687393
vn 0.000000 1.000000 0.000001
vn 0.000000 1.000000 -0.000001
vn 0.000000 1.000000 0.000001
vn -0.378714 0.710262 -0.593383
vn -0.376344 0.710499 -0.594606
vn -0.405285 0.710488 -0.575283
vn -0.403289 0.710256 -0.576970
vn 0.000000 1.000000 -0.000001
vn 0.000000 1.000000 0.000000
vn 0.000000 1.000000 -0.000001
vn -0.576968 0.710258 -0.403289
vn -0.575246 0.710495 -0.405325
vn -0.594591 0.710483 -0.376397
vn -0.593393 0.710250 -0.378720
vn 0.000000 1.000000 -0.000003
vn 0.000000 1.000000 -0.000003
vn 0.000000 1.000000 -0.000001
vn -0.687379 0.710260 -0.151791
vn -0.686568 0.710497 -0.154331
vn -0.693370 0.710485 -0.120202
vn -0.693152 0.710252 -0.122806
vn 0.000000 1.000000 0.000000
vn 0.000000 1.000000 0.000003
vn 0.000000 1.000000 0.000002
vn -0.693145 0.710259 0.122814
vn -0.693367 0.710496 0.120157
vn -0.686591 0.710484 0.154289
vn -0.687386 0.710252 0.151800
vn 0.000000 1.000000 0.000003
vn 0.000000 1.000000 0.000000
vn 0.000000 1.000000 0.000004
vn -0.593380 0.710259 0.378725
vn -0.594603 0.710496 0.376355
vn -0.575280 0.710484 0.405297
vn -0.576967 0.710251 0.403302
vn 0.000000 1.000000 0.000003
vn 0.000000 1.000000 0.000003
vn 0.000000 1.000000 0.000004
vn -0.403282 0.710260 0.576970
vn -0.405319 0.710497 0.575249
vn -0.376392 0.710485 0.594593
vn -0.378715 0.710252 0.593394
vn 0.000000 1.000000 0.000000
vn 0.000000 1.000000 0.000000
vn 0.000000 1.000000 0.000001
vn -0.151793 0.710254 0.687385
vn -0.154334 0.710492 0.686573
vn -0.120204 0.710479 0.693376
vn -0.122808 0.710247 0.693158
vn 0.000000 1.000000 -0.000000
vn 0.000000 1.000000 0.000001
vn 0.000000 1.000000 0.000001
vn 0.122815 0.710250 0.693153
vn 0.120158 0.710488 0.693375
vn 0.154293 0.710475 0.686599
vn 0.151804 0.710243 0.687394
vn 0.000000 1.000000 0.000001
vn 0.000000 1.000000 -0.000001
vn 0.000000 1.000000 0.000004
vn 0.378718 0.710267 0.593375
vn 0.376347 0.710504 0.594598
vn 0.405288 0.710495 0.575273
vn 0.403293 0.710262 0.576960
vn 0.000000 1.000000 0.000002
vn 0.000000 1.000000 0.000003
vn 0.000000 1.000000 0.000004
vn 0.576970 0.710261 0.403281
vn 0.575248 0.710498 0.405318
vn 0.594593 0.710485 0.376392
vn 0.593395 0.710252 0.378714
vn 0.000000 1.000000 0.000000
vn 0.000000 1.000000 0.000000
vn 0.000000 1.000000 0.000001
vn 0.687381 0.710259 0.151788
vn 0.686570 0.710496 0.154329
vn 0.693371 0.710485 0.120199
vn 0.693154 0.710252 0.122803
vn 0.000000 1.000000 0.000000
vn 0.000000 1.000000 0.000003
vn 0.000000 -1.000000 0.000004
vn 0.000000 -1.000000 0.000004
vn 0.000000 -1.000000 0.000004
vn 0.000000 -1.000000 0.000002
vn 0.592986 -0.710164 -0.379519
vn 0.592001 -0.709969 -0.381417
vn 0.578934 -0.709976 -0.400962
vn 0.577528 -0.710175 -0.402633
vn 0.977154 -0.000003 -0.212532
vn 0.841237 0.000003 -0.540666
vn 0.841234 0.000003 -0.540671
vn 0.977153 -0.000003 -0.212538
vn 0.688310 -0.709971 -0.148898
vn 0.687651 -0.710170 -0.150978
vn 0.693086 -0.710161 -0.123710
vn 0.692902 -0.709965 -0.125841
vn 0.000000 -1.000000 -0.000001
vn 0.000000 -1.000000 -0.000002
vn 0.000000 -1.000000 -0.000002
vn 0.402606 -0.710172 -0.577551
vn 0.400970 -0.709976 -0.578927
vn 0.381421 -0.709983 -0.591982
vn 0.379483 -0.710182 -0.592988
vn 0.821441 0.000003 -0.570294
vn 0.570297 -0.000002 -0.821439
vn 0.570292 -0.000002 -0.821442
vn 0.821438 0.000003 -0.570298
vn 0.000000 -1.000000 -0.000000
vn 0.000000 -1.000000 0.000001
vn 0.000000 -1.000000 -0.000001
vn 0.150942 -0.710172 -0.687657
vn 0.148903 -0.709977 -0.688302
vn 0.125843 -0.709985 -0.692882
vn 0.123668 -0.710184 -0.693069
vn 0.540669 -0.000001 -0.841235
vn 0.212537 0.000005 -0.977153
vn 0.212532 0.000005 -0.977154
vn 0.540665 -0.000001 -0.841238
vn 0.000000 -1.000000 -0.000000
vn 0.000000 -1.000000 -0.000000
vn 0.000000 -1.000000 -0.000001
vn -0.123707 -0.710165 -0.693082
vn -0.125838 -0.709969 -0.692899
vn -0.148893 -0.709975 -0.688307
vn -0.150974 -0.710174 -0.687648
vn 0.177590 0.000005 -0.984105
vn -0.177585 -0.000005 -0.984106
vn -0.177590 -0.000005 -0.984105
vn 0.177585 0.000005 -0.984106
vn 0.000000 -1.000000 0.000002
vn 0.000000 -1.000000 0.000000
vn 0.000000 -1.000000 -0.000002
vn -0.379517 -0.710177 -0.592972
vn -0.381416 -0.709981 -0.591987
vn -0.400962 -0.709986 -0.578921
vn -0.402633 -0.710185 -0.577515
vn -0.212529 -0.000004 -0.977155
vn -0.540664 0.000013 -0.841239
vn -0.540669 0.000013 -0.841236
vn -0.212534 -0.000004 -0.977154
vn 0.000000 -1.000000 -0.000002
vn 0.000000 -1.000000 -0.000000
vn 0.000000 -1.000000 0.000002
vn -0.577563 -0.710160 -0.402610
vn -0.578939 -0.709964 -0.400974
vn -0.591995 -0.709971 -0.381423
vn -0.593001 -0.710170 -0.379484
vn -0.570293 0.000012 -0.821441
vn -0.821435 -0.000001 -0.570302
vn -0.821438 -0.000001 -0.570297
vn -0.570298 0.000012 -0.821438
vn 0.000000 -1.000000 0.000004
vn 0.000000 -1.000000 0.000004
vn 0.000000 -1.000000 0.000004
vn -0.687667 -0.710163 -0.150941
vn -0.688313 -0.709967 -0.148903
vn -0.692893 -0.709974 -0.125844
vn -0.693080 -0.710173 -0.123669
vn -0.841232 -0.000001 -0.540674
vn -0.977153 0.000002 -0.212536
vn -0.977154 0.000002 -0.212531
vn -0.841235 -0.000001 -0.540670
vn 0.000000 -1.000000 0.000000
vn 0.000000 -1.000000 0.000000
vn 0.000000 -1.000000 -0.000001
vn -0.693086 -0.710160 0.123710
vn -0.692903 -0.709965 0.125841
vn -0.688310 -0.709971 0.148896
vn -0.687651 -0.710171 0.150978
vn -0.984105 0.000002 -0.177590
vn -0.984106 -0.000005 0.177583
vn -0.984105 -0.000005 0.177588
vn -0.984106 0.000002 -0.177584
vn 0.000000 -1.000000 0.000000
vn 0.000000 -1.000000 0.000000
vn 0.000000 -1.000000 -0.000001
vn -0.592985 -0.710164 0.379520
vn -0.592000 -0.709969 0.381418
vn -0.578935 -0.709974 0.400964
vn -0.577529 -0.710173 0.402635
vn -0.977155 -0.000005 0.212530
vn -0.841236 0.000004 0.540668
vn -0.841233 0.000004 0.540672
vn -0.977154 -0.000005 0.212535
vn 0.000000 -1.000000 -0.000002
vn 0.000000 -1.000000 0.000000
vn 0.000000 -1.000000 -0.000002
vn -0.402619 -0.710144 0.577576
vn -0.400982 -0.709948 0.578953
vn -0.381430 -0.709955 0.592009
vn -0.379492 -0.710155 0.593014
vn -0.821440 0.000004 0.570296
vn -0.570294 -0.000012 0.821441
vn -0.570289 -0.000012 0.821444
vn -0.821437 0.000004 0.570300
vn 0.000000 -1.000000 -0.000001
vn 0.000000 -1.000000 -0.000003
vn 0.000000 -1.000000 -0.000002
vn -0.150940 -0.710167 0.687662
vn -0.148902 -0.709972 0.688308
vn -0.125844 -0.709977 0.692889
vn -0.123669 -0.710177 0.693077
vn -0.540667 -0.000012 0.841237
vn -0.212538 0.000005 0.977153
vn -0.212533 0.000005 0.977154
vn -0.540663 -0.000012 0.841240
vn 0.000000 -1.000000 0.000000
vn 0.000000 -1.000000 0.000000
vn 0.000000 -1.000000 0.000000
vn 0.123711 -0.710168 0.693078
vn 0.125841 -0.709973 0.692894
vn 0.148896 -0.709979 0.688302
vn 0.150978 -0.710179 0.687642
vn -0.177591 0.000005 0.984104
vn 0.177585 -0.000005 0.984106
vn 0.177590 -0.000005 0.984105
vn -0.177586 0.000005 0.984105
vn 0.000000 -1.000000 0.000001
vn 0.000000 -1.000000 0.000001
vn 0.000000 -1.000000 0.000000
vn 0.379522 -0.710160 0.592988
vn 0.381420 -0.709965 0.592004
vn 0.400967 -0.709970 0.578937
vn 0.402638 -0.710169 0.577531
vn 0.212532 -0.000005 0.977154
vn 0.540664 0.000002 0.841239
vn 0.540668 0.000002 0.841236
vn 0.212537 -0.000005 0.977153
vn 0.000000 -1.000000 0.000000
vn 0.000000 -1.000000 0.000000
vn 0.000000 -1.000000 -0.000001
vn 0.577558 -0.710159 0.402618
vn 0.578935 -0.709963 0.400982
vn 0.591991 -0.709970 0.381431
vn 0.592996 -0.710170 0.379492
vn 0.570293 0.000002 0.821441
vn 0.821437 -0.000004 0.570299
vn 0.821440 -0.000004 0.570295
vn 0.570297 0.000002 0.821438
vn 0.000000 -1.000000 0.000000
vn 0.000000 -1.000000 0.000000
vn 0.000000 -1.000000 -0.000001
vn 0.687665 -0.710165 0.150940
vn 0.688311 -0.709969 0.148902
vn 0.692891 -0.709975 0.125843
vn 0.693078 -0.710175 0.123669
vn 0.841233 -0.000004 0.540673
vn 0.977153 -0.000003 0.212537
vn 0.977154 -0.000003 0.212532
vn 0.841236 -0.000004 0.540668
vn 0.000000 -1.000000 0.000000
vn 0.000000 -1.000000 0.000000
vn 0.984105 -0.000003 0.177590
vn 0.984105 -0.000002 -0.177585
vn 0.984105 -0.000002 -0.177591
vn 0.984105 -0.000003 0.177586
vn 0.000000 1.000000 -0.000004
vn 0.000000 1.000000 -0.000004
vn 0.000000 1.000000 -0.000005
vn 0.000000 1.000000 -0.000005
vn 0.687656 0.710175 -0.150934
vn 0.688302 0.709979 -0.148896
vn 0.692882 0.709986 -0.125837
vn 0.693069 0.710185 -0.123662
vn 0.591983 0.709982 -0.381420
vn 0.592989 0.710182 -0.379482
vn 0.577550 0.710172 -0.402606
vn 0.578927 0.709977 -0.400970
vn 0.000000 1.000000 0.000000
vn 0.000000 1.000000 0.000000
vn 0.000000 1.000000 -0.000001
vn 0.400953 0.709995 -0.578917
vn 0.402623 0.710194 -0.577512
vn 0.379513 0.710184 -0.592967
vn 0.381411 0.709988 -0.591982
vn 0.000000 1.000000 0.000000
vn 0.000000 1.000000 0.000000
vn 0.000000 1.000000 -0.000001
vn 0.148894 0.709992 -0.688289
vn 0.150975 0.710191 -0.687630
vn 0.123706 0.710182 -0.693064
vn 0.125837 0.709987 -0.692881
vn 0.000000 1.000000 0.000000
vn 0.000000 1.000000 -0.000000
vn 0.000000 1.000000 -0.000000
vn -0.125841 0.709997 -0.692870
vn -0.123666 0.710197 -0.693057
vn -0.150940 0.710186 -0.687643
vn -0.148901 0.709991 -0.688289
vn 0.000000 1.000000 0.000001
vn 0.000000 1.000000 -0.000002
vn 0.000000 1.000000 -0.000001
vn -0.381421 0.709987 -0.591977
vn -0.379482 0.710186 -0.592983
vn -0.402608 0.710175 -0.577546
vn -0.400971 0.709979 -0.578923
vn 0.000000 1.000000 -0.000002
vn 0.000000 1.000000 -0.000002
vn 0.000000 1.000000 -0.000002
vn -0.578928 0.709983 -0.400958
vn -0.577522 0.710182 -0.402629
vn -0.592978 0.710173 -0.379515
vn -0.591993 0.709977 -0.381414
vn 0.000000 1.000000 -0.000002
vn 0.000000 1.000000 0.000000
vn 0.000000 1.000000 -0.000001
vn -0.688300 0.709982 -0.148892
vn -0.687640 0.710182 -0.150974
vn -0.693075 0.710172 -0.123706
vn -0.692891 0.709976 -0.125837
vn 0.000000 1.000000 0.000000
vn 0.000000 1.000000 0.000000
vn 0.000000 1.000000 -0.000001
vn -0.692879 0.709988 0.125840
vn -0.693066 0.710188 0.123665
vn -0.687652 0.710178 0.150935
vn -0.688298 0.709982 0.148897
vn 0.000000 1.000000 0.000000
vn 0.000000 1.000000 0.000000
vn 0.000000 1.000000 -0.000001
vn -0.591987 0.709984 0.381411
vn -0.592992 0.710183 0.379473
vn -0.577555 0.710173 0.402598
vn -0.578932 0.709977 0.400962
vn 0.000000 1.000000 0.000000
vn 0.000000 1.000000 0.000000
vn 0.000000 1.000000 -0.000001
vn -0.400962 0.709983 0.578924
vn -0.402634 0.710182 0.577518
vn -0.379517 0.710173 0.592977
vn -0.381415 0.709977 0.591992
vn 0.000000 1.000000 0.000000
vn 0.000000 1.000000 -0.000001
vn 0.000000 1.000000 -0.000002
vn -0.148893 0.709986 0.688296
vn -0.150974 0.710185 0.687636
vn -0.123708 0.710175 0.693071
vn -0.125838 0.709980 0.692888
vn 0.000000 1.000000 -0.000001
vn 0.000000 1.000000 -0.000000
vn 0.000000 1.000000 -0.000001
vn 0.125843 0.709995 0.692871
vn 0.123667 0.710194 0.693059
vn 0.150939 0.710186 0.687643
vn 0.148901 0.709991 0.688289
vn 0.000000 1.000000 0.000000
vn 0.000000 1.000000 0.000000
vn 0.000000 1.000000 -0.000001
vn 0.381421 0.709985 0.591979
vn 0.379484 0.710185 0.592984
vn 0.402609 0.710174 0.577545
vn 0.400973 0.709979 0.578922
vn 0.000000 1.000000 0.000000
vn 0.000000 1.000000 -0.000002
vn 0.000000 1.000000 -0.000002
vn 0.578924 0.709988 0.400954
vn 0.577518 0.710188 0.402625
vn 0.592973 0.710179 0.379512
vn 0.591989 0.709983 0.381410
vn 0.000000 1.000000 -0.000002
vn 0.000000 1.000000 0.000000
vn 0.000000 1.000000 -0.000001
vn 0.688292 0.709990 0.148888
vn 0.687633 0.710190 0.150969
vn 0.693068 0.710179 0.123703
vn 0.692885 0.709984 0.125832
vn 0.000000 1.000000 0.000000
vn 0.000000 1.000000 0.000000
vn 0.000000 -1.000000 0.000003
vn 0.000000 -1.000000 0.000003
vn 0.000000 -1.000000 0.000003
vn 0.000000 -1.000000 0.000003
vn 0.592979 -0.710173 -0.379514
vn 0.591994 -0.709977 -0.381412
vn 0.578928 -0.709984 -0.400956
vn 0.577522 -0.710184 -0.402626
vn 0.977155 -0.000003 -0.212529
vn 0.841237 0.000003 -0.540667
vn 0.841235 0.000003 -0.540671
vn 0.977154 -0.000003 -0.212534
vn 0.688295 -0.709987 -0.148891
vn 0.687636 -0.710186 -0.150972
vn 0.693070 -0.710177 -0.123702
vn 0.692887 -0.709982 -0.125833
vn 0.000000 -1.000000 0.000000
vn 0.000000 -1.000000 0.000000
vn 0.000000 -1.000000 0.000000
vn 0.402606 -0.710177 -0.577544
vn 0.400970 -0.709981 -0.578921
vn 0.381421 -0.709988 -0.591975
vn 0.379483 -0.710188 -0.592980
vn 0.821441 0.000003 -0.570293
vn 0.570294 -0.000000 -0.821441
vn 0.570290 -0.000000 -0.821443
vn 0.821439 0.000003 -0.570297
vn 0.000000 -1.000000 -0.000001
vn 0.000000 -1.000000 0.000000
vn 0.000000 -1.000000 -0.000000
vn 0.150941 -0.710196 -0.687632
vn 0.148902 -0.710001 -0.688278
vn 0.125845 -0.710007 -0.692859
vn 0.123670 -0.710206 -0.693046
vn 0.540669 -0.000002 -0.841235
vn 0.212535 -0.000012 -0.977153
vn 0.212531 -0.000012 -0.977154
vn 0.540665 -0.000002 -0.841238
vn 0.000000 -1.000000 -0.000000
vn 0.000000 -1.000000 -0.000001
vn 0.000000 -1.000000 -0.000000
vn -0.123703 -0.710189 -0.693058
vn -0.125834 -0.709993 -0.692875
vn -0.148891 -0.709998 -0.688283
vn -0.150973 -0.710198 -0.687624
vn 0.177587 -0.000011 -0.984105
vn -0.177581 0.000003 -0.984106
vn -0.177586 0.000003 -0.984105
vn 0.177583 -0.000011 -0.984106
vn 0.000000 -1.000000 0.000000
vn 0.000000 -1.000000 0.000000
vn 0.000000 -1.000000 0.000000
vn -0.379520 -0.710178 -0.592968
vn -0.381418 -0.709983 -0.591983
vn -0.400962 -0.709988 -0.578918
vn -0.402632 -0.710188 -0.577513
vn -0.212529 0.000003 -0.977155
vn -0.540665 -0.000000 -0.841238
vn -0.540669 -0.000000 -0.841235
vn -0.212533 0.000003 -0.977154
vn 0.000000 -1.000000 0.000003
vn 0.000000 -1.000000 0.000000
vn 0.000000 -1.000000 0.000001
vn -0.577552 -0.710175 -0.402599
vn -0.578929 -0.709980 -0.400962
vn -0.591984 -0.709986 -0.381412
vn -0.592989 -0.710185 -0.379474
vn -0.570292 0.000000 -0.821442
vn -0.821437 0.000002 -0.570300
vn -0.821439 0.000002 -0.570296
vn -0.570296 0.000000 -0.821440
vn 0.000000 -1.000000 0.000000
vn 0.000000 -1.000000 0.000003
vn 0.000000 -1.000000 0.000000
vn -0.687655 -0.710176 -0.150935
vn -0.688301 -0.709980 -0.148896
vn -0.692881 -0.709986 -0.125838
vn -0.693069 -0.710186 -0.123663
vn -0.841231 0.000002 -0.540675
vn -0.977153 -0.000003 -0.212538
vn -0.977154 -0.000003 -0.212534
vn -0.841234 0.000002 -0.540671
vn 0.000000 -1.000000 0.000000
vn 0.000000 -1.000000 0.000000
vn 0.000000 -1.000000 0.000000
vn -0.693070 -0.710177 0.123702
vn -0.692887 -0.709981 0.125833
vn -0.688295 -0.709987 0.148889
vn -0.687636 -0.710187 0.150969
vn -0.984105 -0.000003 -0.177590
vn -0.984105 0.000001 0.177585
vn -0.984105 0.000001 0.177590
vn -0.984105 -0.000003 -0.177585
vn 0.000000 -1.000000 -0.000003
vn 0.000000 -1.000000 0.000000
vn 0.000000 -1.000000 0.000002
vn -0.592978 -0.710180 0.379502
vn -0.591994 -0.709984 0.381401
vn -0.578928 -0.709989 0.400946
vn -0.577523 -0.710188 0.402617
vn -0.977154 0.000001 0.212532
vn -0.841235 0.000003 0.540669
vn -0.841233 0.000003 0.540673
vn -0.977153 0.000001 0.212537
vn 0.000000 -1.000000 0.000002
vn 0.000000 -1.000000 0.000000
vn 0.000000 -1.000000 0.000003
vn -0.402609 -0.710175 0.577545
vn -0.400972 -0.709979 0.578922
vn -0.381421 -0.709988 0.591976
vn -0.379482 -0.710187 0.592981
vn -0.821439 0.000003 0.570296
vn -0.570294 0.000005 0.821441
vn -0.570291 0.000005 0.821443
vn -0.821437 0.000003 0.570300
vn 0.000000 -1.000000 -0.000001
vn 0.000000 -1.000000 -0.000001
vn 0.000000 -1.000000 -0.000000
vn -0.150935 -0.710204 0.687625
vn -0.148897 -0.710009 0.688271
vn -0.125839 -0.710015 0.692851
vn -0.123664 -0.710215 0.693039
vn -0.540669 0.000006 0.841236
vn -0.212536 0.000005 0.977153
vn -0.212531 0.000005 0.977154
vn -0.540665 0.000006 0.841238
vn 0.000000 -1.000000 0.000001
vn 0.000000 -1.000000 -0.000001
vn 0.000000 -1.000000 0.000000
vn 0.123704 -0.710198 0.693049
vn 0.125835 -0.710002 0.692865
vn 0.148889 -0.710007 0.688275
vn 0.150970 -0.710206 0.687616
vn -0.177588 0.000005 0.984105
vn 0.177584 -0.000004 0.984106
vn 0.177589 -0.000004 0.984105
vn -0.177584 0.000005 0.984106
vn 0.000000 -1.000000 0.000000
vn 0.000000 -1.000000 0.000001
vn 0.000000 -1.000000 0.000003
vn 0.379518 -0.710167 0.592983
vn 0.381416 -0.709971 0.591999
vn 0.400961 -0.709975 0.578935
vn 0.402632 -0.710175 0.577529
vn 0.212532 -0.000005 0.977154
vn 0.540668 -0.000014 0.841236
vn 0.540672 -0.000014 0.841233
vn 0.212537 -0.000005 0.977153
vn 0.000000 -1.000000 0.000003
vn 0.000000 -1.000000 0.000003
vn 0.000000 -1.000000 0.000003
vn 0.577552 -0.710175 0.402599
vn 0.578929 -0.709980 0.400962
vn 0.591984 -0.709986 0.381412
vn 0.592990 -0.710185 0.379473
vn 0.570295 -0.000014 0.821440
vn 0.821439 -0.000003 0.570296
vn 0.821442 -0.000003 0.570292
vn 0.570298 -0.000014 0.821438
vn 0.000000 -1.000000 0.000000
vn 0.000000 -1.000000 0.000000
vn 0.000000 -1.000000 0.000000
vn 0.687656 -0.710174 0.150939
vn 0.688302 -0.709979 0.148900
vn 0.692882 -0.709985 0.125842
vn 0.693069 -0.710185 0.123667
vn 0.841234 -0.000002 0.540671
vn 0.977153 -0.000005 0.212537
vn 0.977154 -0.000005 0.212533
vn 0.841237 -0.000002 0.540667
vn 0.000000 -1.000000 0.000000
vn 0.000000 -1.000000 0.000000
vn 0.984105 -0.000004 0.177590
vn 0.984106 -0.000003 -0.177581
vn 0.984105 -0.000003 -0.177586
vn 0.984105 -0.000004 0.177585
vn 0.000000 1.000000 0.000000
vn 0.000000 1.000000 0.000000
vn 0.000000 1.000000 -0.000004
vn 0.000000 1.000000 -0.000001
vn 0.687656 0.710175 -0.150937
vn 0.688302 0.709979 -0.148899
vn 0.692882 0.709985 -0.125840
vn 0.693070 0.710184 -0.123666
vn 0.591988 0.709974 -0.381427
vn 0.592994 0.710174 -0.379489
vn 0.577555 0.710164 -0.402614
vn 0.578932 0.709968 -0.400978
vn 0.000000 1.000000 -0.000003
vn 0.000000 1.000000 -0.000003
vn 0.000000 1.000000 -0.000004
vn 0.400963 0.709978 -0.578930
vn 0.402633 0.710178 -0.577524
vn 0.379521 0.710170 -0.592978
vn 0.381419 0.709974 -0.591994
vn 0.000000 1.000000 0.000000
vn 0.000000 1.000000 0.000000
vn 0.000000 1.000000 -0.000001
vn 0.148892 0.710007 -0.688274
vn 0.150973 0.710206 -0.687615
vn 0.123704 0.710197 -0.693050
vn 0.125835 0.710001 -0.692866
vn 0.000000 1.000000 -0.000000
vn 0.000000 1.000000 -0.000001
vn 0.000000 1.000000 -0.000002
vn -0.125841 0.709989 -0.692878
vn -0.123666 0.710189 -0.693065
vn -0.150938 0.710179 -0.687651
vn -0.148899 0.709984 -0.688297
vn 0.000000 1.000000 -0.000001
vn 0.000000 1.000000 -0.000001
vn 0.000000 1.000000 -0.000002
vn -0.381421 0.709980 -0.591985
vn -0.379483 0.710180 -0.592990
vn -0.402609 0.710169 -0.577552
vn -0.400972 0.709973 -0.578930
vn 0.000000 1.000000 -0.000001
vn 0.000000 1.000000 -0.000003
vn 0.000000 1.000000 -0.000002
vn -0.578931 0.709975 -0.400967
vn -0.577525 0.710175 -0.402637
vn -0.592980 0.710165 -0.379527
vn -0.591995 0.709969 -0.381426
vn 0.000000 1.000000 -0.000003
vn 0.000000 1.000000 0.000003
vn 0.000000 1.000000 -0.000000
vn -0.688298 0.709984 -0.148889
vn -0.687639 0.710184 -0.150971
vn -0.693073 0.710174 -0.123701
vn -0.692890 0.709979 -0.125832
vn 0.000000 1.000000 0.000003
vn 0.000000 1.000000 -0.000003
vn 0.000000 1.000000 -0.000002
vn -0.692886 0.709981 0.125841
vn -0.693073 0.710181 0.123666
vn -0.687659 0.710171 0.150938
vn -0.688305 0.709975 0.148899
vn 0.000000 1.000000 -0.000003
vn 0.000000 1.000000 0.000003
vn 0.000000 1.000000 -0.000000
vn -0.591986 0.709976 0.381426
vn -0.592992 0.710176 0.379488
vn -0.577554 0.710165 0.402613
vn -0.578931 0.709969 0.400976
vn 0.000000 1.000000 0.000003
vn 0.000000 1.000000 0.000000
vn 0.000000 1.000000 -0.000001
vn -0.400967 0.709971 0.578936
vn -0.402638 0.710171 0.577529
vn -0.379523 0.710164 0.592984
vn -0.381422 0.709968 0.591999
vn 0.000000 1.000000 0.000000
vn 0.000000 1.000000 0.000000
vn 0.000000 1.000000 -0.000001
vn -0.148890 0.709998 0.688284
vn -0.150970 0.710197 0.687625
vn -0.123704 0.710189 0.693058
vn -0.125835 0.709993 0.692875
vn 0.000000 1.000000 0.000000
vn 0.000000 1.000000 0.000000
vn 0.000000 1.000000 -0.000001
vn 0.125838 0.709998 0.692869
vn 0.123662 0.710198 0.693056
vn 0.150933 0.710187 0.687643
vn 0.148895 0.709992 0.688289
vn 0.000000 1.000000 0.000000
vn 0.000000 1.000000 0.000000
vn 0.000000 1.000000 -0.000001
vn 0.381414 0.709990 0.591978
vn 0.379476 0.710190 0.592983
vn 0.402602 0.710178 0.577546
vn 0.400966 0.709983 0.578922
vn 0.000000 1.000000 0.000000
vn 0.000000 1.000000 -0.000003
vn 0.000000 1.000000 -0.000002
vn 0.578926 0.709980 0.400965
vn 0.577521 0.710179 0.402636
vn 0.592976 0.710170 0.379523
vn 0.591991 0.709974 0.381422
vn 0.000000 1.000000 -0.000003
vn 0.000000 1.000000 0.000000
vn 0.000000 1.000000 -0.000001
vn 0.688296 0.709986 0.148892
vn 0.687636 0.710186 0.150974
vn 0.693071 0.710176 0.123705
vn 0.692888 0.709980 0.125836
vn 0.000000 1.000000 0.000000
vn 0.000000 1.000000 0.000000
vn 0.000000 -1.000000 -0.000005
vn 0.000000 -1.000000 -0.000005
vn 0.000000 -1.000000 -0.000006
vn 0.000000 -1.000000 -0.000001
vn 0.592960 -0.710191 -0.379510
vn 0.591975 -0.709996 -0.381408
vn 0.578910 -0.710001 -0.400950
vn 0.577504 -0.710201 -0.402622
vn 0.977155 0.000000 -0.212530
vn 0.841238 0.000004 -0.540665
vn 0.841236 0.000004 -0.540668
vn 0.977154 0.000000 -0.212533
vn 0.688298 -0.709983 -0.148895
vn 0.687638 -0.710183 -0.150976
vn 0.693075 -0.710171 -0.123708
vn 0.692891 -0.709976 -0.125840
vn 0.000000 -1.000000 0.000005
vn 0.000000 -1.000000 0.000005
vn 0.000000 -1.000000 0.000004
vn 0.402602 -0.710174 -0.577551
vn 0.400965 -0.709978 -0.578929
vn 0.381414 -0.709982 -0.591987
vn 0.379476 -0.710182 -0.592992
vn 0.821442 0.000002 -0.570292
vn 0.570295 -0.000012 -0.821440
vn 0.570291 -0.000012 -0.821443
vn 0.821439 0.000002 -0.570296
vn 0.000000 -1.000000 -0.000000
vn 0.000000 -1.000000 0.000000
vn 0.000000 -1.000000 -0.000001
vn 0.150947 -0.710173 -0.687655
vn 0.148907 -0.709977 -0.688302
vn 0.125848 -0.709980 -0.692886
vn 0.123673 -0.710179 -0.693073
vn 0.540666 -0.000012 -0.841237
vn 0.212530 -0.000001 -0.977155
vn 0.212525 -0.000001 -0.977156
vn 0.540662 -0.000012 -0.841240
vn 0.000000 -1.000000 0.000000
vn 0.000000 -1.000000 -0.000000
vn 0.000000 -1.000000 0.000001
vn -0.123708 -0.710149 -0.693098
vn -0.125839 -0.709954 -0.692914
vn -0.148893 -0.709963 -0.688319
vn -0.150974 -0.710163 -0.687659
vn 0.177585 0.000000 -0.984105
vn -0.177577 -0.000020 -0.984107
vn -0.177581 -0.000020 -0.984106
vn 0.177581 0.000000 -0.984106
vn 0.000000 -1.000000 -0.000002
vn 0.000000 -1.000000 0.000002
vn 0.000000 -1.000000 0.000005
vn -0.379504 -0.710183 -0.592973
vn -0.381403 -0.709988 -0.591988
vn -0.400946 -0.709992 -0.578924
vn -0.402616 -0.710192 -0.577519
vn -0.212525 -0.000021 -0.977156
vn -0.540666 0.000008 -0.841237
vn -0.540670 0.000008 -0.841235
vn -0.212529 -0.000021 -0.977155
vn 0.000000 -1.000000 0.000005
vn 0.000000 -1.000000 0.000001
vn 0.000000 -1.000000 0.000009
vn -0.577544 -0.710175 -0.402609
vn -0.578922 -0.709979 -0.400972
vn -0.591979 -0.709984 -0.381423
vn -0.592985 -0.710184 -0.379485
vn -0.570292 0.000009 -0.821442
vn -0.821438 0.000008 -0.570298
vn -0.821441 0.000008 -0.570294
vn -0.570296 0.000009 -0.821440
vn 0.000000 -1.000000 0.000005
vn 0.000000 -1.000000 0.000005
vn 0.000000 -1.000000 0.000004
vn -0.687655 -0.710175 -0.150938
vn -0.688301 -0.709979 -0.148899
vn -0.692883 -0.709985 -0.125839
vn -0.693070 -0.710184 -0.123664
vn -0.841234 0.000008 -0.540671
vn -0.977154 0.000004 -0.212533
vn -0.977155 0.000004 -0.212528
vn -0.841237 0.000008 -0.540667
vn 0.000000 -1.000000 0.000000
vn 0.000000 -1.000000 0.000000
vn 0.000000 -1.000000 -0.000006
vn -0.693075 -0.710173 0.123704
vn -0.692891 -0.709977 0.125837
vn -0.688298 -0.709985 0.148891
vn -0.687638 -0.710184 0.150972
vn -0.984105 0.000003 -0.177586
vn -0.984106 -0.000004 0.177581
vn -0.984105 -0.000004 0.177586
vn -0.984106 0.000003 -0.177581
vn 0.000000 -1.000000 -0.000005
vn 0.000000 -1.000000 -0.000005
vn 0.000000 -1.000000 -0.000006
vn -0.592971 -0.710185 0.379502
vn -0.591987 -0.709990 0.381400
vn -0.578921 -0.709994 0.400947
vn -0.577516 -0.710193 0.402618
vn -0.977155 -0.000005 0.212528
vn -0.841237 -0.000005 0.540667
vn -0.841234 -0.000005 0.540671
vn -0.977154 -0.000005 0.212533
vn 0.000000 -1.000000 0.000000
vn 0.000000 -1.000000 0.000000
vn 0.000000 -1.000000 -0.000001
vn -0.402602 -0.710177 0.577546
vn -0.400966 -0.709982 0.578923
vn -0.381417 -0.709989 0.591977
vn -0.379479 -0.710189 0.592982
vn -0.821441 -0.000005 0.570294
vn -0.570296 -0.000009 0.821439
vn -0.570292 -0.000009 0.821442
vn -0.821438 -0.000005 0.570298
vn 0.000000 -1.000000 -0.000001
vn 0.000000 -1.000000 0.000000
vn 0.000000 -1.000000 -0.000001
vn -0.150938 -0.710181 0.687649
vn -0.148900 -0.709985 0.688295
vn -0.125842 -0.709989 0.692878
vn -0.123667 -0.710188 0.693065
vn -0.540670 -0.000008 0.841235
vn -0.212535 0.000001 0.977154
vn -0.212531 0.000001 0.977154
vn -0.540666 -0.000008 0.841237
vn 0.000000 -1.000000 -0.000002
vn 0.000000 -1.000000 -0.000001
vn 0.000000 -1.000000 -0.000002
vn 0.123701 -0.710159 0.693089
vn 0.125832 -0.709963 0.692906
vn 0.148889 -0.709971 0.688312
vn 0.150969 -0.710171 0.687652
vn -0.177587 0.000000 0.984105
vn 0.177582 0.000001 0.984106
vn 0.177587 0.000001 0.984105
vn -0.177582 0.000000 0.984106
vn 0.000000 -1.000000 0.000000
vn 0.000000 -1.000000 -0.000002
vn 0.000000 -1.000000 -0.000001
vn 0.379513 -0.710189 0.592960
vn 0.381412 -0.709994 0.591974
vn 0.400955 -0.709999 0.578910
vn 0.402625 -0.710198 0.577505
vn 0.212531 0.000000 0.977154
vn 0.540666 0.000006 0.841237
vn 0.540670 0.000006 0.841235
vn 0.212535 0.000000 0.977153
vn 0.000000 -1.000000 -0.000004
vn 0.000000 -1.000000 0.000000
vn 0.000000 -1.000000 -0.000002
vn 0.577537 -0.710186 0.402600
vn 0.578914 -0.709990 0.400964
vn 0.591970 -0.709997 0.381413
vn 0.592975 -0.710196 0.379477
vn 0.570292 0.000007 0.821442
vn 0.821438 0.000009 0.570297
vn 0.821441 0.000009 0.570293
vn 0.570296 0.000007 0.821439
vn 0.000000 -1.000000 0.000000
vn 0.000000 -1.000000 -0.000004
vn 0.000000 -1.000000 -0.000001
vn 0.687656 -0.710173 0.150942
vn 0.688303 -0.709977 0.148901
vn 0.692885 -0.709982 0.125843
vn 0.693072 -0.710181 0.123668
vn 0.841235 0.000009 0.540670
vn 0.977154 0.000005 0.212533
vn 0.977155 0.000005 0.212527
vn 0.841238 0.000009 0.540665
vn 0.000000 -1.000000 0.000000
vn 0.000000 -1.000000 0.000000
vn 0.984105 0.000004 0.177588
vn 0.984106 -0.000000 -0.177582
vn 0.984105 -0.000000 -0.177587
vn 0.984106 0.000004 0.177582
vn 0.000000 1.000000 0.000005
vn 0.000000 1.000000 0.000005
vn 0.000000 1.000000 0.000010
vn 0.000000 1.000000 0.000005
vn 0.687668 0.710161 -0.150943
vn 0.688314 0.709966 -0.148904
vn 0.692896 0.709971 -0.125844
vn 0.693083 0.710170 -0.123668
vn 0.591983 0.709988 -0.381410
vn 0.592989 0.710187 -0.379472
vn 0.577548 0.710180 -0.402594
vn 0.578927 0.709984 -0.400956
vn 0.000000 1.000000 0.000005
vn 0.000000 1.000000 0.000005
vn 0.000000 1.000000 0.000005
vn 0.400959 0.709989 -0.578919
vn 0.402630 0.710189 -0.577513
vn 0.379516 0.710178 -0.592971
vn 0.381415 0.709982 -0.591986
vn 0.000000 1.000000 0.000000
vn 0.000000 1.000000 0.000002
vn 0.000000 1.000000 0.000001
vn 0.148895 0.709949 -0.688333
vn 0.150976 0.710150 -0.687673
vn 0.123709 0.710134 -0.693113
vn 0.125840 0.709939 -0.692930
vn 0.000000 1.000000 0.000002
vn 0.000000 1.000000 0.000001
vn 0.000000 1.000000 0.000000
vn -0.125840 0.709973 -0.692894
vn -0.123665 0.710172 -0.693082
vn -0.150940 0.710167 -0.687663
vn -0.148901 0.709971 -0.688309
vn 0.000000 1.000000 0.000001
vn 0.000000 1.000000 -0.000002
vn 0.000000 1.000000 -0.000001
vn -0.381423 0.709981 -0.591982
vn -0.379485 0.710181 -0.592988
vn -0.402610 0.710170 -0.577550
vn -0.400973 0.709974 -0.578927
vn 0.000000 1.000000 -0.000002
vn 0.000000 1.000000 0.000004
vn 0.000000 1.000000 0.000001
vn -0.578940 0.709963 -0.400976
vn -0.577534 0.710162 -0.402646
vn -0.592992 0.710153 -0.379531
vn -0.592006 0.709957 -0.381432
vn 0.000000 1.000000 0.000004
vn 0.000000 1.000000 0.000000
vn 0.000000 1.000000 0.000000
vn -0.688312 0.709970 -0.148895
vn -0.687653 0.710169 -0.150974
vn -0.693088 0.710159 -0.123707
vn -0.692904 0.709964 -0.125839
vn 0.000000 1.000000 0.000000
vn 0.000000 1.000000 0.000000
vn 0.000000 1.000000 0.000000
vn -0.692892 0.709975 0.125842
vn -0.693080 0.710174 0.123667
vn -0.687663 0.710166 0.150943
vn -0.688310 0.709970 0.148902
vn 0.000000 1.000000 0.000000
vn 0.000000 1.000000 -0.000004
vn 0.000000 1.000000 0.000004
vn -0.591979 0.709986 0.381420
vn -0.592983 0.710185 0.379483
vn -0.577546 0.710175 0.402606
vn -0.578923 0.709980 0.400969
vn 0.000000 1.000000 0.000001
vn 0.000000 1.000000 0.000005
vn 0.000000 1.000000 0.000005
vn -0.400956 0.709980 0.578932
vn -0.402626 0.710180 0.577527
vn -0.379513 0.710170 0.592983
vn -0.381412 0.709974 0.591998
vn 0.000000 1.000000 0.000000
vn 0.000000 1.000000 0.000000
vn 0.000000 1.000000 0.000000
vn -0.148893 0.709969 0.688314
vn -0.150974 0.710168 0.687654
vn -0.123705 0.710157 0.693090
vn -0.125836 0.709962 0.692906
vn 0.000000 1.000000 0.000000
vn 0.000000 1.000000 0.000001
vn 0.000000 1.000000 0.000000
vn 0.125846 0.709987 0.692879
vn 0.123670 0.710186 0.693066
vn 0.150943 0.710180 0.687649
vn 0.148905 0.709984 0.688295
vn 0.000000 1.000000 0.000001
vn 0.000000 1.000000 0.000000
vn 0.000000 1.000000 0.000000
vn 0.381425 0.709980 0.591983
vn 0.379487 0.710179 0.592988
vn 0.402610 0.710167 0.577553
vn 0.400974 0.709972 0.578930
vn 0.000000 1.000000 0.000000
vn 0.000000 1.000000 0.000000
vn 0.000000 1.000000 -0.000005
vn 0.578930 0.709975 0.400968
vn 0.577524 0.710174 0.402639
vn 0.592980 0.710166 0.379524
vn 0.591996 0.709971 0.381422
vn 0.000000 1.000000 -0.000005
vn 0.000000 1.000000 -0.000005
vn 0.000000 1.000000 -0.000005
vn 0.688317 0.709965 0.148895
vn 0.687657 0.710165 0.150977
vn 0.693093 0.710154 0.123708
vn 0.692909 0.709958 0.125841
vn 0.000000 1.000000 0.000000
vn 0.000000 1.000000 0.000000
vn 0.000000 0.000000 -1.000000
vn 0.000000 0.000000 -1.000000
vn 0.000001 0.000000 -1.000000
vn 0.000001 0.000000 -1.000000
vn 0.448865 -0.540744 -0.711419
vn 0.452091 -0.538475 -0.711097
vn 0.488578 -0.505582 -0.711111
vn 0.491221 -0.502549 -0.711439
vn 0.368267 -0.929720 0.000005
vn 0.641828 -0.766849 0.000002
vn 0.641837 -0.766841 0.000002
vn 0.368278 -0.929716 0.000005
vn 0.257925 -0.654064 -0.711108
vn 0.261529 -0.652274 -0.711436
vn 0.207773 -0.671363 -0.711409
vn 0.211621 -0.670500 -0.711088
vn -0.000001 0.000000 -1.000000
vn 0.000000 0.000000 -1.000000
vn 0.000001 0.000000 -1.000000
vn 0.621614 -0.327791 -0.711442
vn 0.623725 -0.324460 -0.711121
vn 0.644851 -0.280112 -0.711129
vn 0.646134 -0.276300 -0.711455
vn 0.696016 -0.718026 0.000002
vn 0.886438 -0.462847 0.000008
vn 0.886444 -0.462836 0.000008
vn 0.696025 -0.718017 0.000002
vn 0.000000 0.000000 -1.000000
vn -0.000001 0.000000 -1.000000
vn 0.000001 0.000000 -1.000000
vn 0.699764 -0.064958 -0.711415
vn 0.700440 -0.061074 -0.711094
vn 0.702979 -0.012015 -0.711109
vn 0.702704 -0.008002 -0.711437
vn 0.917816 -0.397005 0.000007
vn 0.996086 -0.088394 -0.000000
vn 0.996087 -0.088383 -0.000000
vn 0.917821 -0.396994 0.000007
vn 0.000000 0.000000 -1.000000
vn 0.000000 0.000000 -1.000000
vn 0.000002 0.000000 -1.000000
vn 0.671354 0.207771 -0.711418
vn 0.670493 0.211618 -0.711096
vn 0.654070 0.257916 -0.711106
vn 0.652280 0.261521 -0.711433
vn 0.999879 -0.015555 -0.000001
vn 0.954090 0.299519 -0.000005
vn 0.954087 0.299531 -0.000005
vn 0.999879 -0.015542 -0.000001
vn 0.000002 0.000000 -1.000000
vn 0.000002 0.000000 -1.000000
vn 0.000003 0.000000 -1.000000
vn 0.540734 0.448870 -0.711423
vn 0.538465 0.452095 -0.711101
vn 0.505576 0.488585 -0.711110
vn 0.502546 0.491229 -0.711436
vn 0.929721 0.368265 -0.000005
vn 0.766841 0.641837 -0.000003
vn 0.766832 0.641847 -0.000003
vn 0.929717 0.368275 -0.000005
vn 0.000000 0.000000 -1.000000
vn 0.000002 0.000000 -1.000000
vn 0.000001 0.000000 -1.000000
vn 0.327800 0.621627 -0.711426
vn 0.324472 0.623736 -0.711106
vn 0.280118 0.644858 -0.711120
vn 0.276304 0.646142 -0.711447
vn 0.718020 0.696022 -0.000005
vn 0.462853 0.886435 0.000007
vn 0.462842 0.886441 0.000007
vn 0.718011 0.696032 -0.000005
vn -0.000002 0.000000 -1.000000
vn -0.000003 0.000000 -1.000000
vn 0.000000 0.000000 -1.000000
vn 0.064959 0.699766 -0.711413
vn 0.061074 0.700442 -0.711091
vn 0.012017 0.702989 -0.711099
vn 0.008004 0.702716 -0.711426
vn 0.397008 0.917815 0.000008
vn 0.088393 0.996086 -0.000005
vn 0.088380 0.996087 -0.000005
vn 0.396997 0.917820 0.000008
vn -0.000001 0.000000 -1.000000
vn 0.000000 0.000000 -1.000000
vn 0.000002 0.000000 -1.000000
vn -0.207765 0.671347 -0.711426
vn -0.211612 0.670483 -0.711106
vn -0.257915 0.654052 -0.711123
vn -0.261518 0.652263 -0.711450
vn 0.015551 0.999879 -0.000006
vn -0.299515 0.954092 0.000006
vn -0.299527 0.954088 0.000006
vn 0.015538 0.999879 -0.000006
vn 0.000000 0.000000 -1.000000
vn 0.000000 0.000000 -1.000000
vn 0.000002 0.000000 -1.000000
vn -0.448868 0.540745 -0.711416
vn -0.452093 0.538477 -0.711094
vn -0.488582 0.505581 -0.711109
vn -0.491227 0.502548 -0.711437
vn -0.368267 0.929720 0.000009
vn -0.641831 0.766846 -0.000006
vn -0.641840 0.766839 -0.000006
vn -0.368279 0.929715 0.000009
vn 0.000001 0.000000 -1.000000
vn -0.000001 0.000000 -1.000000
vn 0.000001 0.000000 -1.000000
vn -0.621615 0.327792 -0.711440
vn -0.623726 0.324461 -0.711119
vn -0.644851 0.280110 -0.711130
vn -0.646133 0.276299 -0.711456
vn -0.696019 0.718023 -0.000007
vn -0.886437 0.462849 0.000005
vn -0.886443 0.462837 0.000005
vn -0.696028 0.718015 -0.000007
vn 0.000000 0.000000 -1.000000
vn 0.000001 0.000000 -1.000000
vn 0.000001 0.000000 -1.000000
vn -0.699760 0.064957 -0.711418
vn -0.700436 0.061074 -0.711097
vn -0.702977 0.012018 -0.711111
vn -0.702702 0.008005 -0.711439
vn -0.917816 0.397007 0.000004
vn -0.996086 0.088392 0.000000
vn -0.996087 0.088381 0.000000
vn -0.917821 0.396994 0.000004
vn 0.000000 0.000000 -1.000000
vn 0.000000 0.000000 -1.000000
vn 0.000000 0.000000 -1.000000
vn -0.671356 -0.207771 -0.711416
vn -0.670495 -0.211618 -0.711094
vn -0.654070 -0.257919 -0.711105
vn -0.652281 -0.261521 -0.711432
vn -0.999879 0.015555 0.000000
vn -0.954090 -0.299522 0.000002
vn -0.954086 -0.299533 0.000002
vn -0.999879 0.015542 0.000000
vn -0.000000 0.000000 -1.000000
vn -0.000002 0.000000 -1.000000
vn -0.000000 0.000000 -1.000000
vn -0.540735 -0.448871 -0.711422
vn -0.538467 -0.452094 -0.711101
vn -0.505579 -0.488582 -0.711110
vn -0.502547 -0.491226 -0.711437
vn -0.929721 -0.368265 0.000002
vn -0.766844 -0.641834 -0.000005
vn -0.766835 -0.641844 -0.000005
vn -0.929717 -0.368275 0.000002
vn -0.000002 0.000000 -1.000000
vn -0.000000 0.000000 -1.000000
vn 0.000001 0.000000 -1.000000
vn -0.327808 -0.621638 -0.711413
vn -0.324478 -0.623749 -0.711092
vn -0.280119 -0.644871 -0.711109
vn -0.276303 -0.646154 -0.711437
vn -0.718019 -0.696024 -0.000007
vn -0.462854 -0.886434 -0.000004
vn -0.462843 -0.886440 -0.000004
vn -0.718010 -0.696033 -0.000007
vn 0.000002 0.000000 -1.000000
vn 0.000002 0.000000 -1.000000
vn 0.000002 0.000000 -1.000000
vn -0.064959 -0.699779 -0.711400
vn -0.061075 -0.700456 -0.711078
vn -0.012024 -0.703007 -0.711081
vn -0.008009 -0.702733 -0.711408
vn -0.397005 -0.917817 -0.000005
vn -0.088392 -0.996086 -0.000020
vn -0.088380 -0.996087 -0.000020
vn -0.396994 -0.917821 -0.000005
vn 0.000000 0.000000 -1.000000
vn 0.000000 0.000000 -1.000000
vn -0.015558 -0.999879 -0.000018
vn 0.299517 -0.954091 0.000003
vn 0.299528 -0.954087 0.000003
vn -0.015545 -0.999879 -0.000018
vn -0.000002 0.000000 1.000000
vn -0.000002 0.000000 1.000000
vn -0.000001 0.000000 1.000000
vn -0.000001 0.000000 1.000000
vn 0.261469 -0.652319 0.711417
vn 0.257937 -0.654074 0.711095
vn 0.211634 -0.670482 0.711102
vn 0.207707 -0.671362 0.711429
vn 0.452091 -0.538449 0.711116
vn 0.448799 -0.540765 0.711444
vn 0.491187 -0.502603 0.711425
vn 0.488596 -0.505575 0.711103
vn -0.000002 0.000000 1.000000
vn -0.000002 0.000000 1.000000
vn -0.000001 0.000000 1.000000
vn 0.623736 -0.324452 0.711115
vn 0.621582 -0.327851 0.711442
vn 0.646135 -0.276378 0.711424
vn 0.644879 -0.280113 0.711103
vn -0.000000 0.000000 1.000000
vn -0.000000 0.000000 1.000000
vn -0.000000 0.000000 1.000000
vn 0.700423 -0.061062 0.711111
vn 0.699733 -0.065027 0.711439
vn 0.702723 -0.008070 0.711418
vn 0.702992 -0.012003 0.711097
vn -0.000000 0.000000 1.000000
vn -0.000000 0.000000 1.000000
vn 0.000000 0.000000 1.000000
vn 0.670473 0.211625 0.711112
vn 0.671353 0.207700 0.711439
vn 0.652316 0.261457 0.711424
vn 0.654070 0.257927 0.711102
vn 0.000001 0.000000 1.000000
vn 0.000001 0.000000 1.000000
vn 0.000001 0.000000 1.000000
vn 0.538446 0.452093 0.711118
vn 0.540760 0.448803 0.711445
vn 0.502596 0.491192 0.711426
vn 0.505569 0.488600 0.711105
vn 0.000000 0.000000 1.000000
vn 0.000000 0.000000 1.000000
vn 0.000000 0.000000 1.000000
vn 0.324446 0.623719 0.711132
vn 0.327842 0.621567 0.711459
vn 0.276373 0.646124 0.711437
vn 0.280109 0.644866 0.711116
vn 0.000000 0.000000 1.000000
vn 0.000000 0.000000 1.000000
vn 0.000000 0.000000 1.000000
vn 0.061068 0.700413 0.711120
vn 0.065032 0.699724 0.711447
vn 0.008071 0.702711 0.711430
vn 0.012005 0.702979 0.711109
vn 0.000000 0.000000 1.000000
vn 0.000001 0.000000 1.000000
vn 0.000000 0.000000 1.000000
vn -0.211633 0.670479 0.711105
vn -0.207706 0.671359 0.711432
vn -0.261466 0.652324 0.711413
vn -0.257935 0.654078 0.711091
vn 0.000001 0.000000 1.000000
vn 0.000000 0.000000 1.000000
vn 0.000001 0.000000 1.000000
vn -0.452090 0.538453 0.711114
vn -0.448799 0.540769 0.711441
vn -0.491191 0.502604 0.711421
vn -0.488600 0.505576 0.711100
vn 0.000002 0.000000 1.000000
vn 0.000002 0.000000 1.000000
vn 0.000001 0.000000 1.000000
vn -0.623739 0.324453 0.711111
vn -0.621586 0.327851 0.711438
vn -0.646139 0.276377 0.711421
vn -0.644882 0.280114 0.711100
vn 0.000000 0.000000 1.000000
vn 0.000000 0.000000 1.000000
vn 0.000001 0.000000 1.000000
vn -0.700425 0.061060 0.711109
vn -0.699735 0.065025 0.711437
vn -0.702724 0.008070 0.711417
vn -0.702993 0.012003 0.711096
vn 0.000000 0.000000 1.000000
vn 0.000000 0.000000 1.000000
vn 0.000000 0.000000 1.000000
vn -0.670489 -0.211627 0.711097
vn -0.671368 -0.207702 0.711424
vn -0.652325 -0.261462 0.711414
vn -0.654079 -0.257933 0.711092
vn -0.000001 0.000000 1.000000
vn -0.000002 0.000000 1.000000
vn 0.000000 0.000000 1.000000
vn -0.538435 -0.452088 0.711129
vn -0.540749 -0.448799 0.711456
vn -0.502593 -0.491183 0.711435
vn -0.505565 -0.488591 0.711114
vn 0.000001 0.000000 1.000000
vn 0.000000 0.000000 1.000000
vn 0.000002 0.000000 1.000000
vn -0.324453 -0.623734 0.711116
vn -0.327851 -0.621580 0.711444
vn -0.276367 -0.646131 0.711432
vn -0.280106 -0.644875 0.711110
vn 0.000000 0.000000 1.000000
vn 0.000002 0.000000 1.000000
vn 0.000000 0.000000 1.000000
vn -0.061067 -0.700404 0.711129
vn -0.065031 -0.699713 0.711458
vn -0.008076 -0.702714 0.711426
vn -0.012010 -0.702983 0.711106
vn -0.000002 0.000000 1.000000
vn -0.000002 0.000000 1.000000
vn -0.989604 -0.143820 -0.000000
vn -0.989603 -0.143824 -0.000001
vn -0.989603 -0.143824 -0.000001
vn -0.989603 -0.143825 -0.000001
vn -0.617807 -0.695744 -0.366408
vn -0.617745 -0.693935 -0.369926
vn -0.621682 -0.666919 -0.410769
vn -0.622383 -0.664372 -0.413823
vn 0.139953 -0.962900 -0.230731
vn 0.122421 -0.842339 -0.524860
vn 0.122420 -0.842332 -0.524871
vn 0.139952 -0.962897 -0.230743
vn -0.605327 -0.779490 -0.161164
vn -0.605831 -0.778299 -0.164984
vn -0.604203 -0.789333 -0.109056
vn -0.603929 -0.788989 -0.112987
vn -0.989604 -0.143820 -0.000000
vn -0.989604 -0.143823 0.000003
vn -0.989603 -0.143823 -0.000000
vn -0.644525 -0.511808 -0.568014
vn -0.644637 -0.508800 -0.570583
vn -0.650525 -0.468375 -0.597865
vn -0.651365 -0.464872 -0.599681
vn 0.116593 -0.802235 -0.585512
vn 0.084212 -0.579436 -0.810655
vn 0.084210 -0.579425 -0.810664
vn 0.116591 -0.802227 -0.585524
vn -0.989604 -0.143823 -0.000001
vn -0.989604 -0.143816 -0.000001
vn -0.989603 -0.143825 -0.000001
vn -0.680314 -0.265529 -0.683131
vn -0.680534 -0.261778 -0.684358
vn -0.687473 -0.214096 -0.693934
vn -0.688373 -0.210173 -0.694241
vn 0.075490 -0.519427 -0.851174
vn 0.033184 -0.228337 -0.973017
vn 0.033183 -0.228325 -0.973019
vn 0.075488 -0.519415 -0.851181
vn -0.989604 -0.143821 -0.000000
vn -0.989603 -0.143827 -0.000001
vn -0.989603 -0.143824 -0.000000
vn -0.719713 0.005605 -0.694249
vn -0.719960 0.009538 -0.693950
vn -0.726904 0.057210 -0.684352
vn -0.727778 0.060947 -0.683099
vn 0.022896 -0.157541 -0.987247
vn -0.022894 0.157526 -0.987249
vn -0.022896 0.157539 -0.987247
vn 0.022894 -0.157528 -0.987249
vn -0.989604 -0.143821 0.000002
vn -0.989604 -0.143816 0.000000
vn -0.989604 -0.143823 -0.000000
vn -0.756732 0.260296 -0.599669
vn -0.756920 0.263823 -0.597888
vn -0.762808 0.304236 -0.570583
vn -0.763571 0.307209 -0.567963
vn -0.033182 0.228321 -0.973020
vn -0.075499 0.519416 -0.851180
vn -0.075501 0.519428 -0.851172
vn -0.033184 0.228333 -0.973018
vn -0.989603 -0.143823 -0.000002
vn -0.989604 -0.143821 0.000001
vn -0.989603 -0.143824 -0.000000
vn -0.785742 0.459778 -0.413781
vn -0.785793 0.462364 -0.410789
vn -0.789730 0.489359 -0.369938
vn -0.790315 0.491112 -0.366349
vn -0.084223 0.579427 -0.810661
vn -0.116590 0.802221 -0.585533
vn -0.116591 0.802229 -0.585522
vn -0.084225 0.579438 -0.810653
vn -0.989603 -0.143823 0.000003
vn -0.989603 -0.143826 0.000000
vn -0.989603 -0.143824 0.000001
vn -0.802280 0.573712 -0.164928
vn -0.802139 0.574973 -0.161184
vn -0.803524 0.584450 -0.112999
vn -0.803891 0.584706 -0.108986
vn -0.122414 0.842325 -0.524884
vn -0.139947 0.962898 -0.230744
vn -0.139948 0.962901 -0.230731
vn -0.122415 0.842332 -0.524873
vn -0.989604 -0.143820 -0.000002
vn -0.989604 -0.143820 0.000002
vn -0.989603 -0.143823 -0.000001
vn -0.803880 0.584708 0.109058
vn -0.803519 0.584457 0.112988
vn -0.802154 0.574957 0.161167
vn -0.802297 0.573670 0.164992
vn -0.141997 0.976982 -0.159195
vn -0.141984 0.976986 0.159186
vn -0.141983 0.976983 0.159199
vn -0.141997 0.976984 -0.159181
vn -0.989603 -0.143823 -0.000000
vn -0.989604 -0.143821 -0.000003
vn -0.989603 -0.143823 -0.000001
vn -0.790275 0.491123 0.366420
vn -0.789701 0.489406 0.369939
vn -0.785789 0.462385 0.410774
vn -0.785736 0.459745 0.413828
vn -0.139938 0.962905 0.230719
vn -0.122422 0.842336 0.524866
vn -0.122421 0.842329 0.524876
vn -0.139937 0.962902 0.230732
vn -0.989603 -0.143824 -0.000002
vn -0.989604 -0.143821 -0.000001
vn -0.989604 -0.143822 -0.000001
vn -0.763556 0.307163 0.568007
vn -0.762808 0.304247 0.570577
vn -0.756947 0.263817 0.597857
vn -0.756754 0.260219 0.599674
vn -0.116590 0.802235 0.585514
vn -0.084198 0.579445 0.810651
vn -0.084197 0.579433 0.810659
vn -0.116588 0.802227 0.585524
vn -0.989605 -0.143816 0.000000
vn -0.989603 -0.143823 0.000001
vn -0.989603 -0.143823 0.000000
vn -0.727764 0.060885 0.683120
vn -0.726908 0.057226 0.684347
vn -0.719991 0.009534 0.693918
vn -0.719738 0.005518 0.694224
vn -0.075478 0.519432 0.851172
vn -0.033176 0.228335 0.973017
vn -0.033175 0.228323 0.973020
vn -0.075476 0.519420 0.851179
vn -0.989602 -0.143830 0.000001
vn -0.989604 -0.143821 0.000000
vn -0.989603 -0.143825 0.000000
vn -0.688353 -0.210244 0.694239
vn -0.687470 -0.214086 0.693940
vn -0.680553 -0.261763 0.684345
vn -0.680327 -0.265595 0.683092
vn -0.022889 0.157545 0.987247
vn 0.022887 -0.157534 0.987248
vn 0.022889 -0.157547 0.987246
vn -0.022888 0.157532 0.987249
vn -0.989604 -0.143821 -0.000000
vn -0.989603 -0.143826 0.000001
vn -0.989604 -0.143822 0.000000
vn -0.651335 -0.464940 0.599661
vn -0.650511 -0.468374 0.597880
vn -0.644646 -0.508788 0.570583
vn -0.644531 -0.511858 0.567963
vn 0.033174 -0.228326 0.973019
vn 0.075478 -0.519423 0.851178
vn 0.075480 -0.519434 0.851170
vn 0.033176 -0.228338 0.973017
vn -0.989603 -0.143823 0.000000
vn -0.989604 -0.143821 0.000000
vn -0.989604 -0.143822 0.000002
vn -0.622343 -0.664430 0.413790
vn -0.621657 -0.666924 0.410799
vn -0.617751 -0.693921 0.369942
vn -0.617814 -0.695769 0.366349
vn 0.084197 -0.579433 0.810659
vn 0.116580 -0.802226 0.585528
vn 0.116581 -0.802233 0.585518
vn 0.084199 -0.579444 0.810651
vn -0.989604 -0.143822 0.000001
vn -0.989603 -0.143823 0.000002
vn -0.989604 -0.143823 0.000001
vn -0.605788 -0.778345 0.164924
vn -0.605293 -0.779514 0.161177
vn -0.603926 -0.788990 0.113000
vn -0.604205 -0.789340 0.108987
vn 0.122412 -0.842329 0.524878
vn 0.139932 -0.962903 0.230732
vn 0.139932 -0.962906 0.230719
vn 0.122413 -0.842336 0.524866
vn -0.989603 -0.143823 0.000002
vn -0.989604 -0.143822 -0.000002
vn 0.141979 -0.976984 0.159199
vn 0.142000 -0.976982 -0.159193
vn 0.142000 -0.976980 -0.159206
vn 0.141979 -0.976986 0.159186
vn 0.989604 0.143822 0.000002
vn 0.989603 0.143825 -0.000002
vn 0.989604 0.143821 0.000000
vn 0.989604 0.143821 -0.000000
vn 0.802283 -0.573708 -0.164926
vn 0.802141 -0.574970 -0.161181
vn 0.803526 -0.584446 -0.112997
vn 0.803894 -0.584702 -0.108985
vn 0.789736 -0.489347 -0.369941
vn 0.790321 -0.491099 -0.366353
vn 0.785747 -0.459765 -0.413784
vn 0.785799 -0.462353 -0.410791
vn 0.989603 0.143825 0.000001
vn 0.989604 0.143819 0.000000
vn 0.989604 0.143821 0.000001
vn 0.762815 -0.304229 -0.570576
vn 0.763578 -0.307203 -0.567956
vn 0.756739 -0.260295 -0.599660
vn 0.756927 -0.263820 -0.597880
vn 0.989604 0.143821 -0.000001
vn 0.989603 0.143827 0.000001
vn 0.989604 0.143820 0.000000
vn 0.726909 -0.057212 -0.684346
vn 0.727783 -0.060948 -0.683094
vn 0.719715 -0.005602 -0.694247
vn 0.719963 -0.009538 -0.693947
vn 0.989604 0.143822 -0.000001
vn 0.989604 0.143819 -0.000001
vn 0.989604 0.143819 -0.000000
vn 0.687478 0.214096 -0.693929
vn 0.688378 0.210173 -0.694236
vn 0.680320 0.265528 -0.683125
vn 0.680541 0.261776 -0.684352
vn 0.989603 0.143824 -0.000001
vn 0.989603 0.143824 0.000000
vn 0.989604 0.143821 0.000000
vn 0.650546 0.468362 -0.597852
vn 0.651385 0.464860 -0.599669
vn 0.644551 0.511801 -0.567991
vn 0.644663 0.508794 -0.570560
vn 0.989603 0.143825 0.000001
vn 0.989603 0.143825 0.000002
vn 0.989604 0.143821 -0.000001
vn 0.621701 0.666911 -0.410754
vn 0.622401 0.664366 -0.413805
vn 0.617817 0.695736 -0.366406
vn 0.617756 0.693927 -0.369922
vn 0.989603 0.143824 -0.000002
vn 0.989603 0.143823 -0.000003
vn 0.989604 0.143821 -0.000001
vn 0.605322 0.779493 -0.161174
vn 0.605825 0.778301 -0.164995
vn 0.604201 0.789334 -0.109056
vn 0.603927 0.788990 -0.112988
vn 0.989603 0.143824 0.000000
vn 0.989603 0.143825 0.000000
vn 0.989604 0.143820 0.000001
vn 0.603920 0.788994 0.112999
vn 0.604200 0.789344 0.108988
vn 0.605788 0.778346 0.164921
vn 0.605292 0.779516 0.161173
vn 0.989604 0.143822 0.000003
vn 0.989604 0.143821 0.000000
vn 0.989604 0.143820 0.000001
vn 0.617748 0.693924 0.369942
vn 0.617812 0.695771 0.366350
vn 0.622340 0.664434 0.413788
vn 0.621653 0.666928 0.410797
vn 0.989604 0.143823 -0.000003
vn 0.989603 0.143823 -0.000001
vn 0.989604 0.143822 -0.000000
vn 0.644647 0.508780 0.570590
vn 0.644531 0.511850 0.567969
vn 0.651331 0.464934 0.599670
vn 0.650508 0.468369 0.597889
vn 0.989603 0.143827 -0.000001
vn 0.989603 0.143823 0.000001
vn 0.989604 0.143820 0.000000
vn 0.680557 0.261761 0.684342
vn 0.680330 0.265595 0.683089
vn 0.688360 0.210239 0.694233
vn 0.687477 0.214082 0.693934
vn 0.989604 0.143816 0.000001
vn 0.989604 0.143819 0.000001
vn 0.989604 0.143821 -0.000000
vn 0.719994 -0.009534 0.693914
vn 0.719741 -0.005517 0.694220
vn 0.727769 -0.060879 0.683115
vn 0.726913 -0.057219 0.684342
vn 0.989603 0.143827 -0.000001
vn 0.989604 0.143821 -0.000000
vn 0.989604 0.143822 -0.000000
vn 0.756958 -0.263806 0.597847
vn 0.756766 -0.260208 0.599665
vn 0.763570 -0.307146 0.567999
vn 0.762821 -0.304230 0.570568
vn 0.989604 0.143817 0.000001
vn 0.989603 0.143824 0.000000
vn 0.989604 0.143821 0.000000
vn 0.785809 -0.462353 0.410772
vn 0.785756 -0.459713 0.413825
vn 0.790296 -0.491092 0.366416
vn 0.789722 -0.489374 0.369936
vn 0.989603 0.143825 0.000001
vn 0.989604 0.143823 -0.000002
vn 0.989604 0.143821 0.000000
vn 0.802168 -0.574939 0.161160
vn 0.802312 -0.573652 0.164985
vn 0.803892 -0.584693 0.109052
vn 0.803532 -0.584442 0.112982
vn 0.989603 0.143824 -0.000003
vn 0.989604 0.143823 0.000003
vn 0.000002 0.000000 -1.000000
vn 0.000003 0.000000 -1.000000
vn -0.000001 0.000000 -1.000000
vn -0.000000 0.000000 -1.000000
vn 0.448852 -0.540729 -0.711438
vn 0.452079 -0.538459 -0.711116
vn 0.488566 -0.505568 -0.711129
vn 0.491208 -0.502537 -0.711457
vn 0.368268 -0.929720 0.000005
vn 0.641829 -0.766848 0.000002
vn 0.641837 -0.766841 0.000002
vn 0.368278 -0.929716 0.000005
vn 0.257921 -0.654047 -0.711126
vn 0.261523 -0.652257 -0.711453
vn 0.207767 -0.671345 -0.711427
vn 0.211617 -0.670482 -0.711107
vn 0.000000 0.000000 -1.000000
vn -0.000001 0.000000 -1.000000
vn -0.000001 0.000000 -1.000000
vn 0.621602 -0.327781 -0.711457
vn 0.623714 -0.324449 -0.711136
vn 0.644839 -0.280102 -0.711144
vn 0.646121 -0.276292 -0.711470
vn 0.696018 -0.718024 0.000002
vn 0.886439 -0.462846 0.000008
vn 0.886443 -0.462837 0.000008
vn 0.696026 -0.718017 0.000002
vn 0.000001 0.000000 -1.000000
vn 0.000001 0.000000 -1.000000
vn -0.000001 0.000000 -1.000000
vn 0.699739 -0.064958 -0.711439
vn 0.700415 -0.061073 -0.711118
vn 0.702956 -0.012016 -0.711132
vn 0.702682 -0.008005 -0.711459
vn 0.917817 -0.397004 0.000007
vn 0.996086 -0.088393 -0.000000
vn 0.996086 -0.088384 -0.000000
vn 0.917821 -0.396995 0.000007
vn 0.000000 0.000000 -1.000000
vn 0.000000 0.000000 -1.000000
vn -0.000001 0.000000 -1.000000
vn 0.671338 0.207763 -0.711435
vn 0.670477 0.211611 -0.711113
vn 0.654056 0.257908 -0.711122
vn 0.652267 0.261511 -0.711449
vn 0.999879 -0.015553 -0.000001
vn 0.954090 0.299520 -0.000005
vn 0.954087 0.299530 -0.000005
vn 0.999879 -0.015543 -0.000001
vn 0.000000 0.000000 -1.000000
vn 0.000000 0.000000 -1.000000
vn 0.000000 0.000000 -1.000000
vn 0.540724 0.448854 -0.711441
vn 0.538454 0.452080 -0.711119
vn 0.505566 0.488570 -0.711127
vn 0.502536 0.491214 -0.711454
vn 0.929720 0.368266 -0.000005
vn 0.766840 0.641839 -0.000003
vn 0.766833 0.641847 -0.000003
vn 0.929717 0.368275 -0.000005
vn 0.000003 0.000000 -1.000000
vn 0.000003 0.000000 -1.000000
vn -0.000001 0.000000 -1.000000
vn 0.327794 0.621609 -0.711445
vn 0.324464 0.623719 -0.711124
vn 0.280112 0.644841 -0.711138
vn 0.276299 0.646124 -0.711465
vn 0.718019 0.696023 -0.000005
vn 0.462852 0.886436 0.000007
vn 0.462843 0.886440 0.000007
vn 0.718011 0.696032 -0.000005
vn -0.000003 0.000000 -1.000000
vn -0.000003 0.000000 -1.000000
vn -0.000001 0.000000 -1.000000
vn 0.064959 0.699746 -0.711433
vn 0.061073 0.700422 -0.711111
vn 0.012018 0.702970 -0.711118
vn 0.008006 0.702697 -0.711444
vn 0.397007 0.917816 0.000008
vn 0.088391 0.996086 -0.000005
vn 0.088381 0.996087 -0.000005
vn 0.396998 0.917819 0.000008
vn 0.000003 0.000000 -1.000000
vn 0.000003 0.000000 -1.000000
vn 0.000000 0.000000 -1.000000
vn -0.207759 0.671328 -0.711446
vn -0.211608 0.670465 -0.711125
vn -0.257910 0.654035 -0.711140
vn -0.261512 0.652247 -0.711467
vn 0.015550 0.999879 -0.000006
vn -0.299517 0.954091 0.000006
vn -0.299526 0.954088 0.000006
vn 0.015539 0.999879 -0.000006
vn 0.000000 0.000000 -1.000000
vn 0.000000 0.000000 -1.000000
vn -0.000002 0.000000 -1.000000
vn -0.448854 0.540731 -0.711435
vn -0.452081 0.538462 -0.711113
vn -0.488569 0.505569 -0.711127
vn -0.491213 0.502537 -0.711454
vn -0.368269 0.929719 0.000009
vn -0.641831 0.766846 -0.000006
vn -0.641839 0.766840 -0.000006
vn -0.368278 0.929716 0.000009
vn -0.000002 0.000000 -1.000000
vn -0.000002 0.000000 -1.000000
vn -0.000003 0.000000 -1.000000
vn -0.621602 0.327784 -0.711455
vn -0.623715 0.324451 -0.711134
vn -0.644838 0.280101 -0.711145
vn -0.646120 0.276292 -0.711471
vn -0.696019 0.718023 -0.000007
vn -0.886438 0.462848 0.000005
vn -0.886443 0.462839 0.000005
vn -0.696027 0.718016 -0.000007
vn -0.000001 0.000000 -1.000000
vn -0.000001 0.000000 -1.000000
vn -0.000002 0.000000 -1.000000
vn -0.699735 0.064958 -0.711443
vn -0.700412 0.061073 -0.711121
vn -0.702954 0.012018 -0.711134
vn -0.702679 0.008007 -0.711462
vn -0.917816 0.397006 0.000004
vn -0.996086 0.088391 0.000000
vn -0.996087 0.088382 0.000000
vn -0.917821 0.396996 0.000004
vn 0.000000 0.000000 -1.000000
vn -0.000000 0.000000 -1.000000
vn -0.000001 0.000000 -1.000000
vn -0.671338 -0.207765 -0.711435
vn -0.670476 -0.211613 -0.711113
vn -0.654053 -0.257914 -0.711122
vn -0.652265 -0.261516 -0.711450
vn -0.999879 0.015553 0.000000
vn -0.954089 -0.299523 0.000002
vn -0.954086 -0.299532 0.000002
vn -0.999879 0.015543 0.000000
vn 0.000000 0.000000 -1.000000
vn 0.000000 0.000000 -1.000000
vn -0.000001 0.000000 -1.000000
vn -0.540721 -0.448858 -0.711441
vn -0.538452 -0.452083 -0.711119
vn -0.505565 -0.488569 -0.711129
vn -0.502535 -0.491213 -0.711455
vn -0.929720 -0.368266 0.000002
vn -0.766842 -0.641836 -0.000005
vn -0.766835 -0.641844 -0.000005
vn -0.929717 -0.368275 0.000002
vn 0.000000 0.000000 -1.000000
vn 0.000000 0.000000 -1.000000
vn -0.000001 0.000000 -1.000000
vn -0.327799 -0.621619 -0.711433
vn -0.324467 -0.623731 -0.711112
vn -0.280109 -0.644852 -0.711129
vn -0.276296 -0.646134 -0.711457
vn -0.718018 -0.696025 -0.000007
vn -0.462853 -0.886435 -0.000004
vn -0.462844 -0.886440 -0.000004
vn -0.718010 -0.696033 -0.000007
vn 0.000000 0.000000 -1.000000
vn 0.000000 0.000000 -1.000000
vn -0.000003 0.000000 -1.000000
vn -0.064960 -0.699758 -0.711420
vn -0.061075 -0.700436 -0.711098
vn -0.012024 -0.702989 -0.711099
vn -0.008012 -0.702715 -0.711426
vn -0.397003 -0.917817 -0.000005
vn -0.088391 -0.996086 -0.000020
vn -0.088381 -0.996087 -0.000020
vn -0.396994 -0.917821 -0.000005
vn -0.000003 0.000000 -1.000000
vn -0.000003 0.000000 -1.000000
vn -0.015557 -0.999879 -0.000018
vn 0.299518 -0.954091 0.000003
vn 0.299528 -0.954088 0.000003
vn -0.015546 -0.999879 -0.000018
vn 0.000000 0.000000 1.000000
vn 0.000000 0.000000 1.000000
vn 0.000001 0.000000 1.000000
vn -0.000001 0.000000 1.000000
vn 0.261464 -0.652300 0.711436
vn 0.257931 -0.654056 0.711114
vn 0.211627 -0.670464 0.711120
vn 0.207702 -0.671344 0.711447
vn 0.452079 -0.538435 0.711135
vn 0.448788 -0.540750 0.711462
vn 0.491171 -0.502590 0.711445
vn 0.488580 -0.505563 0.711123
vn 0.000003 0.000000 1.000000
vn 0.000003 0.000000 1.000000
vn 0.000001 0.000000 1.000000
vn 0.623715 -0.324446 0.711135
vn 0.621562 -0.327844 0.711463
vn 0.646115 -0.276370 0.711446
vn 0.644858 -0.280107 0.711124
vn 0.000000 0.000000 1.000000
vn 0.000001 0.000000 1.000000
vn -0.000001 0.000000 1.000000
vn 0.700400 -0.061062 0.711134
vn 0.699711 -0.065026 0.711461
vn 0.702699 -0.008069 0.711441
vn 0.702968 -0.012003 0.711120
vn 0.000001 0.000000 1.000000
vn -0.000001 0.000000 1.000000
vn -0.000000 0.000000 1.000000
vn 0.670459 0.211618 0.711128
vn 0.671338 0.207695 0.711455
vn 0.652300 0.261451 0.711441
vn 0.654055 0.257919 0.711119
vn 0.000001 0.000000 1.000000
vn 0.000002 0.000000 1.000000
vn 0.000000 0.000000 1.000000
vn 0.538443 0.452078 0.711130
vn 0.540756 0.448790 0.711457
vn 0.502592 0.491176 0.711441
vn 0.505567 0.488582 0.711119
vn 0.000000 0.000000 1.000000
vn -0.000003 0.000000 1.000000
vn -0.000001 0.000000 1.000000
vn 0.324435 0.623703 0.711152
vn 0.327830 0.621551 0.711478
vn 0.276361 0.646107 0.711457
vn 0.280100 0.644848 0.711136
vn -0.000003 0.000000 1.000000
vn 0.000003 0.000000 1.000000
vn -0.000000 0.000000 1.000000
vn 0.061068 0.700396 0.711137
vn 0.065030 0.699708 0.711464
vn 0.008071 0.702692 0.711449
vn 0.012006 0.702961 0.711128
vn 0.000003 0.000000 1.000000
vn 0.000000 0.000000 1.000000
vn -0.000002 0.000000 1.000000
vn -0.211627 0.670462 0.711122
vn -0.207702 0.671342 0.711450
vn -0.261461 0.652306 0.711432
vn -0.257928 0.654061 0.711110
vn -0.000003 0.000000 1.000000
vn -0.000003 0.000000 1.000000
vn -0.000002 0.000000 1.000000
vn -0.452080 0.538436 0.711133
vn -0.448791 0.540751 0.711460
vn -0.491181 0.502588 0.711440
vn -0.488588 0.505561 0.711119
vn 0.000000 0.000000 1.000000
vn 0.000000 0.000000 1.000000
vn -0.000001 0.000000 1.000000
vn -0.623720 0.324443 0.711133
vn -0.621568 0.327840 0.711459
vn -0.646121 0.276367 0.711442
vn -0.644863 0.280105 0.711121
vn 0.000000 0.000000 1.000000
vn -0.000001 0.000000 1.000000
vn -0.000001 0.000000 1.000000
vn -0.700403 0.061060 0.711131
vn -0.699714 0.065024 0.711457
vn -0.702701 0.008069 0.711440
vn -0.702969 0.012004 0.711119
vn -0.000001 0.000000 1.000000
vn 0.000000 0.000000 1.000000
vn -0.000000 0.000000 1.000000
vn -0.670469 -0.211623 0.711116
vn -0.671349 -0.207700 0.711443
vn -0.652304 -0.261457 0.711435
vn -0.654058 -0.257927 0.711113
vn -0.000000 0.000000 1.000000
vn 0.000000 0.000000 1.000000
vn -0.000001 0.000000 1.000000
vn -0.538432 -0.452071 0.711142
vn -0.540744 -0.448784 0.711469
vn -0.502589 -0.491166 0.711449
vn -0.505563 -0.488573 0.711128
vn 0.000000 0.000000 1.000000
vn 0.000000 0.000000 1.000000
vn -0.000001 0.000000 1.000000
vn -0.324442 -0.623719 0.711135
vn -0.327839 -0.621565 0.711462
vn -0.276355 -0.646115 0.711451
vn -0.280095 -0.644859 0.711128
vn 0.000000 0.000000 1.000000
vn 0.000000 0.000000 1.000000
vn -0.000001 0.000000 1.000000
vn -0.061067 -0.700386 0.711147
vn -0.065029 -0.699696 0.711475
vn -0.008075 -0.702694 0.711446
vn -0.012011 -0.702962 0.711126
vn 0.000000 0.000000 1.000000
vn 0.000000 0.000000 1.000000
vn -0.989604 -0.143820 -0.000000
vn -0.989603 -0.143823 -0.000001
vn -0.989604 -0.143822 -0.000001
vn -0.989603 -0.143824 -0.000001
vn -0.617806 -0.695747 -0.366404
vn -0.617743 -0.693939 -0.369922
vn -0.621677 -0.666925 -0.410767
vn -0.622378 -0.664378 -0.413821
vn 0.139955 -0.962900 -0.230731
vn 0.122429 -0.842334 -0.524867
vn 0.122428 -0.842328 -0.524876
vn 0.139955 -0.962897 -0.230744
vn -0.605334 -0.779486 -0.161158
vn -0.605839 -0.778293 -0.164984
vn -0.604209 -0.789328 -0.109056
vn -0.603935 -0.788984 -0.112986
vn -0.989604 -0.143823 -0.000000
vn -0.989603 -0.143825 0.000003
vn -0.989603 -0.143823 -0.000000
vn -0.644538 -0.511803 -0.568004
vn -0.644651 -0.508795 -0.570573
vn -0.650544 -0.468363 -0.597853
vn -0.651385 -0.464859 -0.599670
vn 0.116602 -0.802233 -0.585513
vn 0.084232 -0.579437 -0.810653
vn 0.084230 -0.579426 -0.810660
vn 0.116601 -0.802225 -0.585525
vn -0.989603 -0.143824 -0.000001
vn -0.989604 -0.143817 -0.000001
vn -0.989603 -0.143824 -0.000001
vn -0.680346 -0.265517 -0.683104
vn -0.680566 -0.261766 -0.684331
vn -0.687506 -0.214090 -0.693903
vn -0.688406 -0.210167 -0.694209
vn 0.075512 -0.519423 -0.851174
vn 0.033196 -0.228335 -0.973017
vn 0.033194 -0.228323 -0.973019
vn 0.075510 -0.519412 -0.851181
vn -0.989604 -0.143822 -0.000000
vn -0.989603 -0.143829 -0.000001
vn -0.989604 -0.143823 -0.000000
vn -0.719751 0.005582 -0.694209
vn -0.719999 0.009515 -0.693910
vn -0.726938 0.057196 -0.684317
vn -0.727811 0.060933 -0.683066
vn 0.022903 -0.157545 -0.987246
vn -0.022886 0.157522 -0.987250
vn -0.022888 0.157534 -0.987248
vn 0.022901 -0.157532 -0.987248
vn -0.989604 -0.143822 0.000002
vn -0.989604 -0.143818 0.000000
vn -0.989604 -0.143823 -0.000000
vn -0.756731 0.260301 -0.599668
vn -0.756919 0.263827 -0.597887
vn -0.762807 0.304241 -0.570581
vn -0.763570 0.307215 -0.567961
vn -0.033177 0.228321 -0.973020
vn -0.075503 0.519420 -0.851177
vn -0.075504 0.519431 -0.851170
vn -0.033179 0.228333 -0.973018
vn -0.989603 -0.143825 -0.000002
vn -0.989603 -0.143824 0.000001
vn -0.989603 -0.143824 -0.000000
vn -0.785732 0.459790 -0.413786
vn -0.785783 0.462377 -0.410795
vn -0.789717 0.489369 -0.369952
vn -0.790303 0.491124 -0.366358
vn -0.084223 0.579430 -0.810659
vn -0.116597 0.802223 -0.585528
vn -0.116598 0.802231 -0.585517
vn -0.084225 0.579442 -0.810650
vn -0.989603 -0.143823 0.000003
vn -0.989603 -0.143825 0.000000
vn -0.989604 -0.143823 0.000001
vn -0.802276 0.573717 -0.164928
vn -0.802135 0.574978 -0.161183
vn -0.803521 0.584453 -0.112998
vn -0.803889 0.584710 -0.108985
vn -0.122424 0.842323 -0.524886
vn -0.139950 0.962897 -0.230744
vn -0.139950 0.962900 -0.230731
vn -0.122424 0.842328 -0.524877
vn -0.989604 -0.143820 -0.000002
vn -0.989604 -0.143821 0.000002
vn -0.989604 -0.143823 -0.000001
vn -0.803880 0.584708 0.109058
vn -0.803520 0.584457 0.112988
vn -0.802157 0.574953 0.161164
vn -0.802301 0.573664 0.164992
vn -0.141997 0.976982 -0.159193
vn -0.141984 0.976985 0.159186
vn -0.141983 0.976983 0.159199
vn -0.141998 0.976984 -0.159180
vn -0.989603 -0.143826 -0.000000
vn -0.989604 -0.143823 -0.000003
vn -0.989604 -0.143822 -0.000001
vn -0.790289 0.491101 0.366420
vn -0.789715 0.489385 0.369936
vn -0.785798 0.462370 0.410774
vn -0.785745 0.459729 0.413828
vn -0.139937 0.962905 0.230720
vn -0.122415 0.842335 0.524868
vn -0.122414 0.842330 0.524877
vn -0.139936 0.962902 0.230732
vn -0.989604 -0.143822 -0.000002
vn -0.989604 -0.143820 -0.000001
vn -0.989604 -0.143821 -0.000001
vn -0.763556 0.307169 0.568005
vn -0.762808 0.304253 0.570574
vn -0.756948 0.263812 0.597857
vn -0.756756 0.260214 0.599675
vn -0.116584 0.802235 0.585514
vn -0.084186 0.579447 0.810651
vn -0.084184 0.579436 0.810658
vn -0.116583 0.802227 0.585525
vn -0.989604 -0.143818 0.000000
vn -0.989603 -0.143824 0.000001
vn -0.989603 -0.143823 0.000000
vn -0.727781 0.060872 0.683103
vn -0.726925 0.057214 0.684329
vn -0.720009 0.009531 0.693899
vn -0.719756 0.005515 0.694205
vn -0.075467 0.519442 0.851167
vn -0.033188 0.228333 0.973017
vn -0.033187 0.228322 0.973020
vn -0.075465 0.519430 0.851174
vn -0.989603 -0.143829 0.000001
vn -0.989604 -0.143822 0.000000
vn -0.989603 -0.143824 0.000000
vn -0.688390 -0.210235 0.694205
vn -0.687507 -0.214076 0.693906
vn -0.680589 -0.261758 0.684311
vn -0.680363 -0.265588 0.683059
vn -0.022900 0.157533 0.987248
vn 0.022899 -0.157521 0.987250
vn 0.022901 -0.157533 0.987248
vn -0.022898 0.157520 0.987250
vn -0.989604 -0.143818 -0.000000
vn -0.989603 -0.143824 0.000001
vn -0.989603 -0.143823 0.000000
vn -0.651337 -0.464936 0.599662
vn -0.650513 -0.468368 0.597883
vn -0.644650 -0.508786 0.570581
vn -0.644534 -0.511855 0.567961
vn 0.033187 -0.228323 0.973020
vn 0.075477 -0.519423 0.851177
vn 0.075479 -0.519434 0.851170
vn 0.033189 -0.228336 0.973017
vn -0.989603 -0.143826 0.000000
vn -0.989603 -0.143823 0.000000
vn -0.989603 -0.143824 0.000002
vn -0.622341 -0.664436 0.413784
vn -0.621653 -0.666932 0.410791
vn -0.617744 -0.693925 0.369946
vn -0.617807 -0.695774 0.366352
vn 0.084199 -0.579432 0.810659
vn 0.116578 -0.802227 0.585526
vn 0.116580 -0.802235 0.585515
vn 0.084201 -0.579444 0.810651
vn -0.989604 -0.143822 0.000001
vn -0.989604 -0.143821 0.000002
vn -0.989604 -0.143822 0.000001
vn -0.605782 -0.778350 0.164924
vn -0.605287 -0.779518 0.161180
vn -0.603920 -0.788994 0.112998
vn -0.604200 -0.789344 0.108986
vn 0.122406 -0.842329 0.524880
vn 0.139931 -0.962903 0.230732
vn 0.139931 -0.962906 0.230719
vn 0.122407 -0.842335 0.524870
vn -0.989603 -0.143823 0.000002
vn -0.989604 -0.143823 -0.000002
vn 0.141979 -0.976984 0.159199
vn 0.142001 -0.976982 -0.159192
vn 0.142001 -0.976980 -0.159205
vn 0.141979 -0.976986 0.159186
vn 0.989604 0.143823 0.000002
vn 0.989603 0.143826 -0.000002
vn 0.989604 0.143823 0.000000
vn 0.989604 0.143822 -0.000000
vn 0.802287 -0.573703 -0.164928
vn 0.802145 -0.574966 -0.161177
vn 0.803529 -0.584442 -0.112996
vn 0.803897 -0.584698 -0.108984
vn 0.789727 -0.489355 -0.369950
vn 0.790313 -0.491109 -0.366356
vn 0.785734 -0.459779 -0.413793
vn 0.785786 -0.462366 -0.410801
vn 0.989603 0.143826 0.000001
vn 0.989604 0.143819 0.000000
vn 0.989603 0.143824 0.000001
vn 0.762795 -0.304245 -0.570596
vn 0.763559 -0.307223 -0.567972
vn 0.756720 -0.260305 -0.599680
vn 0.756908 -0.263830 -0.597900
vn 0.989604 0.143822 -0.000001
vn 0.989603 0.143829 0.000001
vn 0.989604 0.143822 0.000000
vn 0.726914 -0.057209 -0.684342
vn 0.727787 -0.060946 -0.683090
vn 0.719730 -0.005598 -0.694231
vn 0.719978 -0.009534 -0.693932
vn 0.989604 0.143820 -0.000001
vn 0.989604 0.143818 -0.000001
vn 0.989604 0.143820 -0.000000
vn 0.687510 0.214090 -0.693898
vn 0.688411 0.210167 -0.694205
vn 0.680351 0.265515 -0.683099
vn 0.680572 0.261763 -0.684326
vn 0.989604 0.143822 -0.000001
vn 0.989603 0.143825 0.000000
vn 0.989603 0.143823 0.000000
vn 0.650551 0.468360 -0.597849
vn 0.651391 0.464856 -0.599666
vn 0.644550 0.511805 -0.567989
vn 0.644662 0.508796 -0.570560
vn 0.989603 0.143827 0.000001
vn 0.989603 0.143824 0.000002
vn 0.989603 0.143823 -0.000001
vn 0.621699 0.666910 -0.410758
vn 0.622399 0.664366 -0.413809
vn 0.617817 0.695734 -0.366410
vn 0.617756 0.693925 -0.369927
vn 0.989603 0.143824 -0.000002
vn 0.989604 0.143823 -0.000003
vn 0.989604 0.143822 -0.000001
vn 0.605315 0.779498 -0.161171
vn 0.605818 0.778307 -0.164992
vn 0.604195 0.789339 -0.109054
vn 0.603921 0.788996 -0.112986
vn 0.989604 0.143821 0.000000
vn 0.989603 0.143824 0.000000
vn 0.989604 0.143821 0.000001
vn 0.603922 0.788993 0.112999
vn 0.604201 0.789343 0.108988
vn 0.605788 0.778346 0.164922
vn 0.605292 0.779516 0.161171
vn 0.989604 0.143823 0.000003
vn 0.989604 0.143822 0.000000
vn 0.989604 0.143822 0.000001
vn 0.617747 0.693925 0.369942
vn 0.617810 0.695773 0.366348
vn 0.622339 0.664435 0.413788
vn 0.621652 0.666931 0.410795
vn 0.989603 0.143824 -0.000003
vn 0.989603 0.143825 -0.000001
vn 0.989604 0.143822 -0.000000
vn 0.644624 0.508791 0.570606
vn 0.644509 0.511862 0.567983
vn 0.651314 0.464941 0.599683
vn 0.650489 0.468376 0.597903
vn 0.989603 0.143824 -0.000001
vn 0.989604 0.143821 0.000001
vn 0.989604 0.143820 0.000000
vn 0.680596 0.261758 0.684304
vn 0.680369 0.265589 0.683053
vn 0.688400 0.210232 0.694196
vn 0.687517 0.214075 0.693897
vn 0.989604 0.143818 0.000001
vn 0.989604 0.143820 0.000001
vn 0.989604 0.143822 -0.000000
vn 0.720011 -0.009532 0.693897
vn 0.719758 -0.005515 0.694203
vn 0.727782 -0.060868 0.683102
vn 0.726926 -0.057209 0.684328
vn 0.989603 0.143829 -0.000001
vn 0.989604 0.143820 -0.000000
vn 0.989603 0.143823 -0.000000
vn 0.756959 -0.263802 0.597847
vn 0.756767 -0.260204 0.599665
vn 0.763571 -0.307152 0.567995
vn 0.762822 -0.304236 0.570564
vn 0.989604 0.143816 0.000001
vn 0.989603 0.143827 0.000000
vn 0.989604 0.143822 0.000000
vn 0.785814 -0.462348 0.410770
vn 0.785761 -0.459708 0.413822
vn 0.790303 -0.491079 0.366419
vn 0.789729 -0.489363 0.369936
vn 0.989603 0.143826 0.000001
vn 0.989604 0.143823 -0.000002
vn 0.989604 0.143822 0.000000
vn 0.802164 -0.574944 0.161161
vn 0.802308 -0.573658 0.164982
vn 0.803886 -0.584701 0.109051
vn 0.803525 -0.584450 0.112982
vn 0.989603 0.143824 -0.000003
vn 0.989603 0.143823 0.000003
vn 0.000000 0.000000 -1.000000
vn 0.000000 0.000000 -1.000000
vn 0.000001 0.000000 -1.000000
vn 0.000000 0.000000 -1.000000
vn 0.448855 -0.540729 -0.711436
vn 0.452080 -0.538461 -0.711114
vn 0.488566 -0.505567 -0.711130
vn 0.491211 -0.502534 -0.711458
vn 0.368265 -0.929721 0.000005
vn 0.641827 -0.766850 0.000002
vn 0.641837 -0.766841 0.000002
vn 0.368278 -0.929716 0.000005
vn 0.257917 -0.654046 -0.711127
vn 0.261522 -0.652256 -0.711455
vn 0.207768 -0.671346 -0.711426
vn 0.211614 -0.670483 -0.711106
vn 0.000000 0.000000 -1.000000
vn 0.000000 0.000000 -1.000000
vn 0.000000 0.000000 -1.000000
vn 0.621601 -0.327779 -0.711458
vn 0.623712 -0.324450 -0.711137
vn 0.644835 -0.280104 -0.711147
vn 0.646118 -0.276291 -0.711473
vn 0.696017 -0.718026 0.000002
vn 0.886439 -0.462845 0.000008
vn 0.886445 -0.462834 0.000008
vn 0.696027 -0.718016 0.000002
vn 0.000000 0.000000 -1.000000
vn 0.000000 0.000000 -1.000000
vn 0.000000 0.000000 -1.000000
vn 0.699745 -0.064957 -0.711434
vn 0.700421 -0.061075 -0.711112
vn 0.702960 -0.012015 -0.711128
vn 0.702686 -0.008000 -0.711456
vn 0.917816 -0.397007 0.000007
vn 0.996086 -0.088394 -0.000000
vn 0.996087 -0.088382 -0.000000
vn 0.917821 -0.396994 0.000007
vn -0.000000 0.000000 -1.000000
vn 0.000000 0.000000 -1.000000
vn 0.000000 0.000000 -1.000000
vn 0.671337 0.207770 -0.711434
vn 0.670476 0.211614 -0.711113
vn 0.654052 0.257908 -0.711125
vn 0.652261 0.261515 -0.711453
vn 0.999879 -0.015553 -0.000001
vn 0.954090 0.299520 -0.000005
vn 0.954086 0.299532 -0.000005
vn 0.999879 -0.015539 -0.000001
vn 0.000000 0.000000 -1.000000
vn -0.000000 0.000000 -1.000000
vn -0.000000 0.000000 -1.000000
vn 0.540718 0.448859 -0.711442
vn 0.538450 0.452083 -0.711121
vn 0.505561 0.488572 -0.711130
vn 0.502529 0.491217 -0.711457
vn 0.929721 0.368265 -0.000005
vn 0.766843 0.641835 -0.000003
vn 0.766834 0.641846 -0.000003
vn 0.929717 0.368276 -0.000005
vn -0.000001 0.000000 -1.000000
vn -0.000001 0.000000 -1.000000
vn 0.000000 0.000000 -1.000000
vn 0.327790 0.621612 -0.711444
vn 0.324463 0.623720 -0.711124
vn 0.280111 0.644839 -0.711140
vn 0.276295 0.646124 -0.711467
vn 0.718021 0.696021 -0.000005
vn 0.462853 0.886435 0.000007
vn 0.462841 0.886442 0.000007
vn 0.718011 0.696032 -0.000005
vn 0.000001 0.000000 -1.000000
vn 0.000001 0.000000 -1.000000
vn 0.000000 0.000000 -1.000000
vn 0.064957 0.699748 -0.711431
vn 0.061074 0.700424 -0.711109
vn 0.012019 0.702970 -0.711118
vn 0.008004 0.702696 -0.711445
vn 0.397009 0.917815 0.000008
vn 0.088394 0.996086 -0.000005
vn 0.088380 0.996087 -0.000005
vn 0.396997 0.917820 0.000008
vn -0.000002 0.000000 -1.000000
vn -0.000001 0.000000 -1.000000
vn -0.000000 0.000000 -1.000000
vn -0.207762 0.671329 -0.711444
vn -0.211608 0.670466 -0.711124
vn -0.257909 0.654035 -0.711141
vn -0.261514 0.652245 -0.711468
vn 0.015552 0.999879 -0.000006
vn -0.299515 0.954092 0.000006
vn -0.299528 0.954088 0.000006
vn 0.015538 0.999879 -0.000006
vn 0.000000 0.000000 -1.000000
vn -0.000001 0.000000 -1.000000
vn 0.000001 0.000000 -1.000000
vn -0.448860 0.540729 -0.711433
vn -0.452084 0.538461 -0.711112
vn -0.488570 0.505567 -0.711127
vn -0.491216 0.502533 -0.711454
vn -0.368266 0.929721 0.000009
vn -0.641829 0.766848 -0.000006
vn -0.641839 0.766840 -0.000006
vn -0.368278 0.929716 0.000009
vn 0.000000 0.000000 -1.000000
vn 0.000001 0.000000 -1.000000
vn 0.000001 0.000000 -1.000000
vn -0.621601 0.327785 -0.711456
vn -0.623711 0.324455 -0.711135
vn -0.644834 0.280104 -0.711148
vn -0.646117 0.276291 -0.711474
vn -0.696017 0.718025 -0.000007
vn -0.886437 0.462850 0.000005
vn -0.886443 0.462837 0.000005
vn -0.696027 0.718016 -0.000007
vn 0.000000 0.000000 -1.000000
vn -0.000000 0.000000 -1.000000
vn 0.000000 0.000000 -1.000000
vn -0.699742 0.064956 -0.711437
vn -0.700417 0.061074 -0.711116
vn -0.702958 0.012019 -0.711130
vn -0.702683 0.008004 -0.711458
vn -0.917816 0.397006 0.000004
vn -0.996086 0.088395 0.000000
vn -0.996087 0.088382 0.000000
vn -0.917822 0.396993 0.000004
vn 0.000000 0.000000 -1.000000
vn 0.000000 0.000000 -1.000000
vn 0.000000 0.000000 -1.000000
vn -0.671337 -0.207769 -0.711434
vn -0.670476 -0.211614 -0.711113
vn -0.654051 -0.257912 -0.711125
vn -0.652261 -0.261516 -0.711453
vn -0.999879 0.015556 0.000000
vn -0.954090 -0.299520 0.000002
vn -0.954086 -0.299533 0.000002
vn -0.999879 0.015542 0.000000
vn 0.000000 0.000000 -1.000000
vn 0.000000 0.000000 -1.000000
vn 0.000000 0.000000 -1.000000
vn -0.540718 -0.448860 -0.711441
vn -0.538450 -0.452083 -0.711120
vn -0.505562 -0.488568 -0.711131
vn -0.502529 -0.491214 -0.711459
vn -0.929722 -0.368262 0.000002
vn -0.766843 -0.641835 -0.000005
vn -0.766834 -0.641846 -0.000005
vn -0.929717 -0.368274 0.000002
vn 0.000000 0.000000 -1.000000
vn 0.000000 0.000000 -1.000000
vn 0.000001 0.000000 -1.000000
vn -0.327799 -0.621621 -0.711432
vn -0.324470 -0.623732 -0.711110
vn -0.280111 -0.644853 -0.711128
vn -0.276294 -0.646136 -0.711456
vn -0.718021 -0.696022 -0.000007
vn -0.462856 -0.886434 -0.000004
vn -0.462843 -0.886440 -0.000004
vn -0.718011 -0.696032 -0.000007
vn 0.000000 0.000000 -1.000000
vn 0.000001 0.000000 -1.000000
vn 0.000001 0.000000 -1.000000
vn -0.064957 -0.699760 -0.711419
vn -0.061075 -0.700437 -0.711096
vn -0.012025 -0.702988 -0.711100
vn -0.008009 -0.702714 -0.711427
vn -0.397004 -0.917817 -0.000005
vn -0.088393 -0.996086 -0.000020
vn -0.088380 -0.996087 -0.000020
vn -0.396992 -0.917822 -0.000005
vn 0.000001 0.000000 -1.000000
vn 0.000000 0.000000 -1.000000
vn -0.015559 -0.999879 -0.000018
vn 0.299516 -0.954091 0.000003
vn 0.299529 -0.954087 0.000003
vn -0.015545 -0.999879 -0.000018
vn 0.000000 0.000000 1.000000
vn 0.000000 0.000000 1.000000
vn 0.000000 0.000000 1.000000
vn 0.000000 0.000000 1.000000
vn 0.261453 -0.652286 0.711453
vn 0.257921 -0.654041 0.711131
vn 0.211621 -0.670446 0.711139
vn 0.207695 -0.671327 0.711466
vn 0.452064 -0.538419 0.711156
vn 0.448772 -0.540735 0.711484
vn 0.491157 -0.502576 0.711464
vn 0.488566 -0.505548 0.711143
vn 0.000000 0.000000 1.000000
vn 0.000000 0.000000 1.000000
vn -0.000000 0.000000 1.000000
vn 0.623701 -0.324436 0.711153
vn 0.621546 -0.327836 0.711480
vn 0.646099 -0.276364 0.711463
vn 0.644843 -0.280100 0.711141
vn 0.000000 0.000000 1.000000
vn 0.000000 0.000000 1.000000
vn -0.000000 0.000000 1.000000
vn 0.700385 -0.061058 0.711149
vn 0.699695 -0.065024 0.711476
vn 0.702685 -0.008068 0.711455
vn 0.702954 -0.012001 0.711134
vn 0.000000 0.000000 1.000000
vn 0.000000 0.000000 1.000000
vn -0.000000 0.000000 1.000000
vn 0.670439 0.211613 0.711148
vn 0.671319 0.207688 0.711475
vn 0.652282 0.261443 0.711460
vn 0.654036 0.257913 0.711138
vn -0.000000 0.000000 1.000000
vn -0.000000 0.000000 1.000000
vn -0.000000 0.000000 1.000000
vn 0.538421 0.452067 0.711153
vn 0.540735 0.448777 0.711481
vn 0.502573 0.491164 0.711462
vn 0.505546 0.488571 0.711141
vn 0.000000 0.000000 1.000000
vn 0.000000 0.000000 1.000000
vn -0.000000 0.000000 1.000000
vn 0.324426 0.623686 0.711170
vn 0.327822 0.621534 0.711497
vn 0.276356 0.646089 0.711475
vn 0.280092 0.644832 0.711154
vn -0.000001 0.000000 1.000000
vn -0.000000 0.000000 1.000000
vn -0.000000 0.000000 1.000000
vn 0.061066 0.700376 0.711157
vn 0.065029 0.699687 0.711484
vn 0.008070 0.702673 0.711467
vn 0.012004 0.702942 0.711146
vn 0.000001 0.000000 1.000000
vn 0.000000 0.000000 1.000000
vn 0.000000 0.000000 1.000000
vn -0.211621 0.670443 0.711142
vn -0.207694 0.671323 0.711469
vn -0.261452 0.652288 0.711451
vn -0.257921 0.654043 0.711130
vn 0.000000 0.000000 1.000000
vn 0.000000 0.000000 1.000000
vn 0.000000 0.000000 1.000000
vn -0.452065 0.538423 0.711153
vn -0.448774 0.540738 0.711480
vn -0.491163 0.502578 0.711459
vn -0.488571 0.505550 0.711138
vn 0.000000 0.000000 1.000000
vn 0.000000 0.000000 1.000000
vn -0.000000 0.000000 1.000000
vn -0.623704 0.324436 0.711150
vn -0.621551 0.327834 0.711477
vn -0.646102 0.276364 0.711460
vn -0.644845 0.280100 0.711139
vn 0.000000 0.000000 1.000000
vn 0.000000 0.000000 1.000000
vn -0.000000 0.000000 1.000000
vn -0.700387 0.061059 0.711147
vn -0.699698 0.065024 0.711474
vn -0.702686 0.008070 0.711454
vn -0.702955 0.012003 0.711133
vn -0.000000 0.000000 1.000000
vn -0.000000 0.000000 1.000000
vn 0.000000 0.000000 1.000000
vn -0.670451 -0.211618 0.711135
vn -0.671331 -0.207693 0.711462
vn -0.652289 -0.261449 0.711452
vn -0.654043 -0.257920 0.711130
vn 0.000000 0.000000 1.000000
vn 0.000000 0.000000 1.000000
vn 0.000000 0.000000 1.000000
vn -0.538411 -0.452061 0.711164
vn -0.540725 -0.448773 0.711491
vn -0.502569 -0.491156 0.711471
vn -0.505541 -0.488564 0.711149
vn 0.000000 0.000000 1.000000
vn -0.000000 0.000000 1.000000
vn -0.000000 0.000000 1.000000
vn -0.324435 -0.623700 0.711154
vn -0.327833 -0.621546 0.711482
vn -0.276353 -0.646095 0.711471
vn -0.280091 -0.644839 0.711148
vn -0.000000 0.000000 1.000000
vn 0.000000 0.000000 1.000000
vn -0.000000 0.000000 1.000000
vn -0.061064 -0.700366 0.711167
vn -0.065028 -0.699675 0.711496
vn -0.008075 -0.702676 0.711464
vn -0.012009 -0.702945 0.711143
vn 0.000000 0.000000 1.000000
vn 0.000000 0.000000 1.000000
vn -0.989604 -0.143820 -0.000000
vn -0.989604 -0.143823 -0.000001
vn -0.989604 -0.143823 -0.000001
vn -0.989603 -0.143823 -0.000001
vn -0.617796 -0.695753 -0.366410
vn -0.617733 -0.693943 -0.369930
vn -0.621670 -0.666929 -0.410770
vn -0.622371 -0.664383 -0.413823
vn 0.139953 -0.962900 -0.230731
vn 0.122420 -0.842336 -0.524865
vn 0.122419 -0.842329 -0.524876
vn 0.139953 -0.962897 -0.230744
vn -0.605332 -0.779487 -0.161161
vn -0.605835 -0.778295 -0.164984
vn -0.604208 -0.789329 -0.109056
vn -0.603934 -0.788985 -0.112986
vn -0.989604 -0.143823 -0.000000
vn -0.989604 -0.143822 0.000003
vn -0.989603 -0.143823 -0.000000
vn -0.644536 -0.511804 -0.568005
vn -0.644649 -0.508796 -0.570574
vn -0.650536 -0.468366 -0.597859
vn -0.651376 -0.464863 -0.599676
vn 0.116594 -0.802237 -0.585510
vn 0.084220 -0.579442 -0.810650
vn 0.084218 -0.579431 -0.810658
vn 0.116592 -0.802229 -0.585521
vn -0.989603 -0.143826 -0.000001
vn -0.989604 -0.143819 -0.000001
vn -0.989603 -0.143825 -0.000001
vn -0.680306 -0.265524 -0.683141
vn -0.680526 -0.261771 -0.684369
vn -0.687466 -0.214092 -0.693942
vn -0.688367 -0.210170 -0.694247
vn 0.075495 -0.519422 -0.851177
vn 0.033177 -0.228332 -0.973018
vn 0.033175 -0.228320 -0.973021
vn 0.075493 -0.519410 -0.851184
vn -0.989604 -0.143821 -0.000000
vn -0.989602 -0.143830 -0.000001
vn -0.989603 -0.143823 -0.000000
vn -0.719717 0.005597 -0.694245
vn -0.719964 0.009530 -0.693946
vn -0.726905 0.057207 -0.684351
vn -0.727780 0.060946 -0.683098
vn 0.022890 -0.157547 -0.987246
vn -0.022894 0.157526 -0.987249
vn -0.022896 0.157539 -0.987247
vn 0.022889 -0.157534 -0.987248
vn -0.989604 -0.143820 0.000002
vn -0.989605 -0.143816 0.000000
vn -0.989603 -0.143824 -0.000000
vn -0.756730 0.260305 -0.599667
vn -0.756918 0.263833 -0.597886
vn -0.762803 0.304247 -0.570584
vn -0.763565 0.307222 -0.567963
vn -0.033184 0.228316 -0.973022
vn -0.075501 0.519420 -0.851177
vn -0.075502 0.519432 -0.851170
vn -0.033185 0.228327 -0.973019
vn -0.989603 -0.143825 -0.000002
vn -0.989603 -0.143825 0.000001
vn -0.989603 -0.143825 -0.000000
vn -0.785724 0.459800 -0.413789
vn -0.785776 0.462386 -0.410799
vn -0.789716 0.489377 -0.369945
vn -0.790302 0.491131 -0.366352
vn -0.084223 0.579434 -0.810656
vn -0.116590 0.802221 -0.585533
vn -0.116591 0.802229 -0.585522
vn -0.084225 0.579445 -0.810647
vn -0.989604 -0.143822 0.000003
vn -0.989603 -0.143823 0.000000
vn -0.989603 -0.143823 0.000001
vn -0.802279 0.573714 -0.164927
vn -0.802137 0.574976 -0.161180
vn -0.803522 0.584453 -0.112998
vn -0.803889 0.584709 -0.108985
vn -0.122414 0.842322 -0.524888
vn -0.139948 0.962898 -0.230744
vn -0.139948 0.962901 -0.230731
vn -0.122415 0.842329 -0.524878
vn -0.989604 -0.143821 -0.000002
vn -0.989604 -0.143820 0.000002
vn -0.989603 -0.143824 -0.000001
vn -0.803880 0.584708 0.109058
vn -0.803520 0.584457 0.112988
vn -0.802155 0.574955 0.161166
vn -0.802299 0.573667 0.164994
vn -0.141997 0.976982 -0.159193
vn -0.141984 0.976985 0.159186
vn -0.141983 0.976983 0.159199
vn -0.141997 0.976985 -0.159180
vn -0.989603 -0.143825 -0.000000
vn -0.989604 -0.143823 -0.000003
vn -0.989603 -0.143823 -0.000001
vn -0.790270 0.491128 0.366424
vn -0.789696 0.489410 0.369945
vn -0.785783 0.462394 0.410777
vn -0.785730 0.459753 0.413830
vn -0.139938 0.962905 0.230722
vn -0.122425 0.842334 0.524867
vn -0.122424 0.842327 0.524878
vn -0.139937 0.962902 0.230734
vn -0.989604 -0.143823 -0.000002
vn -0.989604 -0.143821 -0.000001
vn -0.989604 -0.143822 -0.000001
vn -0.763558 0.307168 0.568003
vn -0.762810 0.304252 0.570572
vn -0.756949 0.263811 0.597856
vn -0.756757 0.260213 0.599673
vn -0.116593 0.802237 0.585510
vn -0.084186 0.579447 0.810651
vn -0.084185 0.579436 0.810658
vn -0.116592 0.802229 0.585521
vn -0.989604 -0.143817 0.000000
vn -0.989603 -0.143824 0.000001
vn -0.989603 -0.143824 0.000000
vn -0.727776 0.060872 0.683108
vn -0.726920 0.057214 0.684334
vn -0.720004 0.009531 0.693904
vn -0.719751 0.005515 0.694210
vn -0.075463 0.519434 0.851172
vn -0.033173 0.228335 0.973017
vn -0.033172 0.228324 0.973020
vn -0.075461 0.519423 0.851179
vn -0.989603 -0.143828 0.000001
vn -0.989604 -0.143821 0.000000
vn -0.989603 -0.143825 0.000000
vn -0.688368 -0.210243 0.694224
vn -0.687485 -0.214085 0.693925
vn -0.680563 -0.261759 0.684337
vn -0.680336 -0.265590 0.683085
vn -0.022889 0.157545 0.987246
vn 0.022887 -0.157533 0.987249
vn 0.022889 -0.157546 0.987246
vn -0.022888 0.157532 0.987249
vn -0.989604 -0.143821 -0.000000
vn -0.989603 -0.143823 0.000001
vn -0.989603 -0.143823 0.000000
vn -0.651335 -0.464930 0.599669
vn -0.650511 -0.468362 0.597889
vn -0.644652 -0.508785 0.570580
vn -0.644536 -0.511854 0.567960
vn 0.033171 -0.228326 0.973019
vn 0.075474 -0.519416 0.851182
vn 0.075476 -0.519427 0.851175
vn 0.033173 -0.228338 0.973017
vn -0.989603 -0.143823 0.000000
vn -0.989603 -0.143823 0.000000
vn -0.989603 -0.143824 0.000002
vn -0.622342 -0.664435 0.413783
vn -0.621654 -0.666931 0.410790
vn -0.617746 -0.693927 0.369940
vn -0.617809 -0.695776 0.366345
vn 0.084200 -0.579432 0.810659
vn 0.116587 -0.802230 0.585521
vn 0.116588 -0.802238 0.585510
vn 0.084202 -0.579444 0.810651
vn -0.989604 -0.143822 0.000001
vn -0.989604 -0.143822 0.000002
vn -0.989604 -0.143823 0.000001
vn -0.605789 -0.778344 0.164925
vn -0.605294 -0.779514 0.161175
vn -0.603926 -0.788989 0.112999
vn -0.604206 -0.789340 0.108987
vn 0.122415 -0.842327 0.524881
vn 0.139932 -0.962902 0.230734
vn 0.139932 -0.962905 0.230721
vn 0.122416 -0.842334 0.524870
vn -0.989603 -0.143823 0.000002
vn -0.989604 -0.143822 -0.000002
vn 0.141979 -0.976984 0.159199
vn 0.142000 -0.976982 -0.159192
vn 0.142000 -0.976980 -0.159205
vn 0.141979 -0.976986 0.159186
vn 0.989604 0.143822 0.000002
vn 0.989603 0.143825 -0.000002
vn 0.989604 0.143822 0.000000
vn 0.989604 0.143821 -0.000000
vn 0.802284 -0.573708 -0.164926
vn 0.802142 -0.574969 -0.161178
vn 0.803529 -0.584442 -0.112996
vn 0.803897 -0.584698 -0.108984
vn 0.789729 -0.489355 -0.369946
vn 0.790314 -0.491109 -0.366354
vn 0.785740 -0.459775 -0.413787
vn 0.785791 -0.462363 -0.410795
vn 0.989603 0.143827 0.000001
vn 0.989604 0.143823 0.000000
vn 0.989603 0.143823 0.000001
vn 0.762815 -0.304233 -0.570575
vn 0.763578 -0.307209 -0.567954
vn 0.756740 -0.260293 -0.599660
vn 0.756928 -0.263819 -0.597879
vn 0.989603 0.143824 -0.000001
vn 0.989603 0.143827 0.000001
vn 0.989604 0.143821 0.000000
vn 0.726908 -0.057208 -0.684348
vn 0.727782 -0.060945 -0.683096
vn 0.719716 -0.005594 -0.694246
vn 0.719964 -0.009530 -0.693946
vn 0.989604 0.143819 -0.000001
vn 0.989604 0.143816 -0.000001
vn 0.989604 0.143820 -0.000000
vn 0.687484 0.214091 -0.693924
vn 0.688384 0.210169 -0.694231
vn 0.680327 0.265524 -0.683119
vn 0.680547 0.261771 -0.684347
vn 0.989603 0.143823 -0.000001
vn 0.989603 0.143827 0.000000
vn 0.989604 0.143823 0.000000
vn 0.650546 0.468366 -0.597849
vn 0.651386 0.464862 -0.599666
vn 0.644546 0.511804 -0.567995
vn 0.644658 0.508795 -0.570565
vn 0.989603 0.143825 0.000001
vn 0.989604 0.143821 0.000002
vn 0.989604 0.143820 -0.000001
vn 0.621681 0.666923 -0.410764
vn 0.622381 0.664380 -0.413813
vn 0.617802 0.695747 -0.366411
vn 0.617740 0.693937 -0.369930
vn 0.989604 0.143819 -0.000002
vn 0.989604 0.143822 -0.000003
vn 0.989604 0.143821 -0.000001
vn 0.605323 0.779492 -0.161171
vn 0.605827 0.778300 -0.164995
vn 0.604201 0.789334 -0.109055
vn 0.603927 0.788991 -0.112987
vn 0.989603 0.143824 0.000000
vn 0.989603 0.143824 0.000000
vn 0.989604 0.143821 0.000001
vn 0.603921 0.788993 0.112999
vn 0.604201 0.789343 0.108988
vn 0.605788 0.778346 0.164922
vn 0.605292 0.779516 0.161171
vn 0.989604 0.143823 0.000003
vn 0.989604 0.143822 0.000000
vn 0.989604 0.143820 0.000001
vn 0.617746 0.693925 0.369943
vn 0.617809 0.695773 0.366348
vn 0.622338 0.664436 0.413788
vn 0.621651 0.666931 0.410796
vn 0.989604 0.143821 -0.000003
vn 0.989604 0.143822 -0.000001
vn 0.989604 0.143820 -0.000000
vn 0.644625 0.508790 0.570606
vn 0.644510 0.511862 0.567983
vn 0.651310 0.464938 0.599690
vn 0.650486 0.468372 0.597910
vn 0.989603 0.143824 -0.000001
vn 0.989604 0.143821 0.000001
vn 0.989604 0.143821 0.000000
vn 0.680566 0.261759 0.684333
vn 0.680339 0.265592 0.683081
vn 0.688375 0.210239 0.694219
vn 0.687492 0.214082 0.693919
vn 0.989604 0.143821 0.000001
vn 0.989603 0.143823 0.000001
vn 0.989604 0.143821 -0.000000
vn 0.720008 -0.009532 0.693901
vn 0.719755 -0.005516 0.694207
vn 0.727781 -0.060868 0.683103
vn 0.726925 -0.057209 0.684330
vn 0.989603 0.143824 -0.000001
vn 0.989604 0.143818 -0.000000
vn 0.989604 0.143822 -0.000000
vn 0.756960 -0.263801 0.597847
vn 0.756768 -0.260203 0.599664
vn 0.763571 -0.307152 0.567995
vn 0.762822 -0.304236 0.570564
vn 0.989604 0.143820 0.000001
vn 0.989603 0.143828 0.000000
vn 0.989604 0.143822 0.000000
vn 0.785802 -0.462364 0.410774
vn 0.785749 -0.459724 0.413827
vn 0.790290 -0.491099 0.366420
vn 0.789715 -0.489381 0.369942
vn 0.989603 0.143825 0.000001
vn 0.989604 0.143821 -0.000002
vn 0.989604 0.143821 0.000000
vn 0.802168 -0.574939 0.161159
vn 0.802312 -0.573651 0.164986
vn 0.803892 -0.584692 0.109052
vn 0.803532 -0.584441 0.112982
vn 0.989603 0.143823 -0.000003
vn 0.989604 0.143823 0.000003
vn -0.989604 -0.143823 -0.000002
vn -0.989604 -0.143823 -0.000001
vn -0.989604 -0.143822 -0.000001
vn -0.989603 -0.143824 -0.000001
vn -0.617807 -0.695742 -0.366413
vn -0.617745 -0.693933 -0.369931
vn -0.621682 -0.666916 -0.410773
vn -0.622383 -0.664369 -0.413827
vn 0.139951 -0.962903 -0.230719
vn 0.122433 -0.842335 -0.524863
vn 0.122432 -0.842330 -0.524873
vn 0.139951 -0.962900 -0.230732
vn -0.605312 -0.779504 -0.161159
vn -0.605816 -0.778312 -0.164980
vn -0.604186 -0.789345 -0.109057
vn -0.603912 -0.789002 -0.112987
vn -0.989604 -0.143822 0.000001
vn -0.989603 -0.143827 -0.000001
vn -0.989603 -0.143824 -0.000000
vn -0.644542 -0.511804 -0.567999
vn -0.644654 -0.508796 -0.570568
vn -0.650546 -0.468365 -0.597849
vn -0.651386 -0.464862 -0.599667
vn 0.116605 -0.802232 -0.585514
vn 0.084232 -0.579436 -0.810653
vn 0.084230 -0.579426 -0.810661
vn 0.116604 -0.802224 -0.585526
vn -0.989603 -0.143824 -0.000000
vn -0.989604 -0.143819 0.000001
vn -0.989603 -0.143824 -0.000000
vn -0.680317 -0.265528 -0.683128
vn -0.680537 -0.261779 -0.684355
vn -0.687468 -0.214100 -0.693938
vn -0.688367 -0.210177 -0.694245
vn 0.075510 -0.519430 -0.851171
vn 0.033178 -0.228335 -0.973017
vn 0.033177 -0.228323 -0.973020
vn 0.075508 -0.519419 -0.851177
vn -0.989604 -0.143820 -0.000000
vn -0.989603 -0.143826 0.000000
vn -0.989603 -0.143825 -0.000001
vn -0.719723 0.005602 -0.694239
vn -0.719972 0.009536 -0.693938
vn -0.726921 0.057212 -0.684334
vn -0.727794 0.060948 -0.683082
vn 0.022887 -0.157537 -0.987248
vn -0.022886 0.157522 -0.987250
vn -0.022888 0.157534 -0.987248
vn 0.022886 -0.157525 -0.987250
vn -0.989603 -0.143826 0.000000
vn -0.989604 -0.143821 -0.000001
vn -0.989603 -0.143825 -0.000001
vn -0.756711 0.260317 -0.599686
vn -0.756898 0.263845 -0.597905
vn -0.762783 0.304258 -0.570605
vn -0.763547 0.307234 -0.567982
vn -0.033177 0.228319 -0.973021
vn -0.075514 0.519422 -0.851175
vn -0.075516 0.519434 -0.851167
vn -0.033179 0.228331 -0.973018
vn -0.989604 -0.143823 -0.000001
vn -0.989603 -0.143824 0.000001
vn -0.989604 -0.143822 0.000000
vn -0.785746 0.459768 -0.413784
vn -0.785798 0.462354 -0.410792
vn -0.789738 0.489347 -0.369937
vn -0.790323 0.491100 -0.366347
vn -0.084237 0.579428 -0.810658
vn -0.116590 0.802217 -0.585538
vn -0.116591 0.802225 -0.585527
vn -0.084238 0.579439 -0.810651
vn -0.989604 -0.143821 0.000001
vn -0.989604 -0.143820 0.000001
vn -0.989604 -0.143822 0.000000
vn -0.802278 0.573714 -0.164928
vn -0.802137 0.574975 -0.161184
vn -0.803522 0.584451 -0.113000
vn -0.803890 0.584707 -0.108987
vn -0.122416 0.842328 -0.524878
vn -0.139953 0.962899 -0.230736
vn -0.139954 0.962902 -0.230723
vn -0.122417 0.842336 -0.524867
vn -0.989604 -0.143822 0.000000
vn -0.989604 -0.143822 0.000000
vn -0.989604 -0.143822 -0.000000
vn -0.803884 0.584702 0.109057
vn -0.803524 0.584451 0.112986
vn -0.802162 0.574945 0.161163
vn -0.802307 0.573657 0.164990
vn -0.142000 0.976981 -0.159199
vn -0.141975 0.976987 0.159185
vn -0.141975 0.976985 0.159199
vn -0.142000 0.976983 -0.159185
vn -0.989603 -0.143824 -0.000001
vn -0.989604 -0.143823 -0.000001
vn -0.989603 -0.143823 -0.000000
vn -0.790296 0.491090 0.366420
vn -0.789722 0.489374 0.369936
vn -0.785805 0.462359 0.410773
vn -0.785752 0.459719 0.413827
vn -0.139929 0.962905 0.230725
vn -0.122418 0.842332 0.524873
vn -0.122417 0.842327 0.524881
vn -0.139928 0.962902 0.230737
vn -0.989604 -0.143822 0.000000
vn -0.989603 -0.143824 0.000001
vn -0.989603 -0.143824 0.000001
vn -0.763559 0.307166 0.568002
vn -0.762811 0.304250 0.570571
vn -0.756950 0.263812 0.597854
vn -0.756758 0.260213 0.599672
vn -0.116588 0.802234 0.585514
vn -0.084190 0.579448 0.810649
vn -0.084188 0.579438 0.810657
vn -0.116587 0.802227 0.585525
vn -0.989604 -0.143818 0.000001
vn -0.989603 -0.143825 0.000001
vn -0.989603 -0.143824 0.000001
vn -0.727759 0.060884 0.683125
vn -0.726903 0.057225 0.684352
vn -0.719975 0.009547 0.693934
vn -0.719721 0.005530 0.694241
vn -0.075470 0.519443 0.851166
vn -0.033188 0.228334 0.973017
vn -0.033186 0.228322 0.973020
vn -0.075468 0.519432 0.851173
vn -0.989603 -0.143826 -0.000000
vn -0.989604 -0.143817 -0.000000
vn -0.989603 -0.143824 0.000000
vn -0.688350 -0.210246 0.694241
vn -0.687468 -0.214089 0.693940
vn -0.680562 -0.261773 0.684332
vn -0.680336 -0.265602 0.683080
vn -0.022900 0.157534 0.987248
vn 0.022899 -0.157520 0.987250
vn 0.022901 -0.157532 0.987248
vn -0.022898 0.157521 0.987250
vn -0.989604 -0.143819 -0.000000
vn -0.989603 -0.143824 0.000000
vn -0.989603 -0.143824 -0.000001
vn -0.651317 -0.464950 0.599673
vn -0.650493 -0.468383 0.597894
vn -0.644628 -0.508798 0.570595
vn -0.644513 -0.511870 0.567971
vn 0.033188 -0.228322 0.973020
vn 0.075469 -0.519432 0.851172
vn 0.075471 -0.519444 0.851165
vn 0.033189 -0.228333 0.973017
vn -0.989603 -0.143826 -0.000001
vn -0.989603 -0.143823 -0.000003
vn -0.989603 -0.143824 0.000000
vn -0.622334 -0.664442 0.413785
vn -0.621646 -0.666937 0.410794
vn -0.617740 -0.693931 0.369942
vn -0.617803 -0.695780 0.366347
vn 0.084189 -0.579438 0.810656
vn 0.116581 -0.802221 0.585534
vn 0.116582 -0.802229 0.585523
vn 0.084191 -0.579448 0.810649
vn -0.989604 -0.143822 0.000001
vn -0.989604 -0.143822 0.000003
vn -0.989604 -0.143822 0.000001
vn -0.605790 -0.778344 0.164922
vn -0.605294 -0.779514 0.161173
vn -0.603925 -0.788991 0.112995
vn -0.604204 -0.789342 0.108982
vn 0.122411 -0.842327 0.524882
vn 0.139935 -0.962903 0.230732
vn 0.139935 -0.962905 0.230719
vn 0.122412 -0.842332 0.524873
vn -0.989603 -0.143823 0.000001
vn -0.989604 -0.143822 -0.000001
vn 0.141983 -0.976984 0.159192
vn 0.141997 -0.976983 -0.159192
vn 0.141997 -0.976981 -0.159205
vn 0.141983 -0.976987 0.159179
vn 0.989604 0.143822 0.000005
vn 0.989604 0.143823 0.000003
vn 0.989603 0.143824 -0.000000
vn 0.989604 0.143822 0.000001
vn 0.802280 -0.573712 -0.164927
vn 0.802138 -0.574973 -0.161182
vn 0.803523 -0.584451 -0.112994
vn 0.803891 -0.584707 -0.108983
vn 0.789720 -0.489365 -0.369953
vn 0.790306 -0.491119 -0.366359
vn 0.785730 -0.459788 -0.413791
vn 0.785782 -0.462376 -0.410798
vn 0.989603 0.143828 -0.000003
vn 0.989603 0.143823 -0.000003
vn 0.989603 0.143826 -0.000002
vn 0.762791 -0.304247 -0.570599
vn 0.763555 -0.307225 -0.567976
vn 0.756723 -0.260311 -0.599674
vn 0.756910 -0.263837 -0.597894
vn 0.989603 0.143823 0.000000
vn 0.989603 0.143827 0.000000
vn 0.989604 0.143822 -0.000000
vn 0.726921 -0.057214 -0.684334
vn 0.727794 -0.060947 -0.683082
vn 0.719722 -0.005599 -0.694240
vn 0.719971 -0.009533 -0.693939
vn 0.989604 0.143818 -0.000000
vn 0.989604 0.143816 -0.000001
vn 0.989604 0.143821 -0.000000
vn 0.687472 0.214097 -0.693934
vn 0.688372 0.210175 -0.694241
vn 0.680320 0.265526 -0.683125
vn 0.680541 0.261773 -0.684353
vn 0.989603 0.143825 -0.000000
vn 0.989603 0.143825 -0.000000
vn 0.989603 0.143825 0.000001
vn 0.650551 0.468358 -0.597850
vn 0.651390 0.464855 -0.599667
vn 0.644548 0.511801 -0.567994
vn 0.644661 0.508793 -0.570563
vn 0.989603 0.143824 0.000001
vn 0.989603 0.143824 0.000000
vn 0.989604 0.143823 0.000000
vn 0.621681 0.666915 -0.410776
vn 0.622381 0.664371 -0.413828
vn 0.617802 0.695740 -0.366423
vn 0.617741 0.693932 -0.369940
vn 0.989604 0.143821 -0.000002
vn 0.989604 0.143821 0.000000
vn 0.989604 0.143822 -0.000000
vn 0.605316 0.779498 -0.161168
vn 0.605820 0.778307 -0.164988
vn 0.604195 0.789339 -0.109056
vn 0.603921 0.788995 -0.112987
vn 0.989604 0.143821 0.000000
vn 0.989603 0.143824 0.000000
vn 0.989604 0.143822 -0.000000
vn 0.603922 0.788991 0.113009
vn 0.604202 0.789342 0.108997
vn 0.605787 0.778345 0.164928
vn 0.605291 0.779515 0.161178
vn 0.989604 0.143823 0.000000
vn 0.989604 0.143822 0.000000
vn 0.989604 0.143822 -0.000001
vn 0.617744 0.693926 0.369945
vn 0.617807 0.695774 0.366351
vn 0.622335 0.664432 0.413798
vn 0.621648 0.666928 0.410806
vn 0.989603 0.143825 -0.000002
vn 0.989604 0.143822 0.000001
vn 0.989603 0.143824 -0.000001
vn 0.644623 0.508792 0.570606
vn 0.644508 0.511862 0.567984
vn 0.651316 0.464945 0.599678
vn 0.650492 0.468378 0.597898
vn 0.989603 0.143824 0.000001
vn 0.989603 0.143824 -0.000001
vn 0.989604 0.143821 -0.000001
vn 0.680565 0.261767 0.684331
vn 0.680339 0.265598 0.683078
vn 0.688357 0.210239 0.694237
vn 0.687475 0.214082 0.693936
vn 0.989604 0.143816 0.000001
vn 0.989604 0.143818 0.000000
vn 0.989604 0.143822 -0.000000
vn 0.719980 -0.009548 0.693929
vn 0.719727 -0.005532 0.694236
vn 0.727762 -0.060883 0.683122
vn 0.726906 -0.057227 0.684349
vn 0.989603 0.143827 -0.000000
vn 0.989603 0.143823 -0.000000
vn 0.989603 0.143824 0.000000
vn 0.756950 -0.263811 0.597855
vn 0.756758 -0.260213 0.599673
vn 0.763560 -0.307163 0.568003
vn 0.762812 -0.304247 0.570572
vn 0.989604 0.143820 0.000001
vn 0.989603 0.143828 0.000003
vn 0.989604 0.143823 -0.000001
vn 0.785814 -0.462351 0.410765
vn 0.785760 -0.459712 0.413819
vn 0.790306 -0.491082 0.366408
vn 0.789732 -0.489366 0.369925
vn 0.989603 0.143825 -0.000001
vn 0.989604 0.143821 -0.000005
vn 0.989604 0.143822 -0.000002
vn 0.802170 -0.574936 0.161160
vn 0.802314 -0.573648 0.164987
vn 0.803891 -0.584694 0.109052
vn 0.803531 -0.584442 0.112982
vn 0.989604 0.143823 -0.000003
vn 0.989603 0.143824 0.000003
vn 0.000000 0.000000 -1.000000
vn 0.000000 0.000000 -1.000000
vn -0.000000 0.000000 -1.000000
vn -0.000001 0.000000 -1.000000
vn 0.448855 -0.540728 -0.711437
vn 0.452082 -0.538459 -0.711115
vn 0.488568 -0.505567 -0.711128
vn 0.491211 -0.502536 -0.711456
vn 0.368268 -0.929720 0.000005
vn 0.641829 -0.766848 0.000002
vn 0.641836 -0.766842 0.000002
vn 0.368278 -0.929716 0.000005
vn 0.257918 -0.654047 -0.711126
vn 0.261520 -0.652258 -0.711454
vn 0.207765 -0.671345 -0.711428
vn 0.211614 -0.670482 -0.711107
vn -0.000002 0.000000 -1.000000
vn -0.000002 0.000000 -1.000000
vn -0.000001 0.000000 -1.000000
vn 0.621598 -0.327782 -0.711459
vn 0.623711 -0.324450 -0.711138
vn 0.644836 -0.280102 -0.711146
vn 0.646119 -0.276293 -0.711472
vn 0.696018 -0.718025 0.000002
vn 0.886439 -0.462846 0.000008
vn 0.886444 -0.462837 0.000008
vn 0.696025 -0.718018 0.000002
vn 0.000000 0.000000 -1.000000
vn 0.000000 0.000000 -1.000000
vn -0.000000 0.000000 -1.000000
vn 0.699743 -0.064957 -0.711435
vn 0.700419 -0.061072 -0.711114
vn 0.702960 -0.012016 -0.711128
vn 0.702686 -0.008005 -0.711455
vn 0.917817 -0.397004 0.000007
vn 0.996086 -0.088393 -0.000000
vn 0.996086 -0.088384 -0.000000
vn 0.917821 -0.396995 0.000007
vn 0.000000 0.000000 -1.000000
vn 0.000000 0.000000 -1.000000
vn -0.000001 0.000000 -1.000000
vn 0.671338 0.207763 -0.711435
vn 0.670477 0.211611 -0.711113
vn 0.654055 0.257908 -0.711123
vn 0.652265 0.261512 -0.711450
vn 0.999879 -0.015553 -0.000001
vn 0.954090 0.299520 -0.000005
vn 0.954087 0.299530 -0.000005
vn 0.999879 -0.015543 -0.000001
vn -0.000002 0.000000 -1.000000
vn -0.000002 0.000000 -1.000000
vn -0.000001 0.000000 -1.000000
vn 0.540720 0.448855 -0.711443
vn 0.538450 0.452082 -0.711122
vn 0.505562 0.488572 -0.711129
vn 0.502533 0.491215 -0.711455
vn 0.929721 0.368266 -0.000005
vn 0.766841 0.641838 -0.000003
vn 0.766834 0.641846 -0.000003
vn 0.929717 0.368274 -0.000005
vn 0.000000 0.000000 -1.000000
vn 0.000000 0.000000 -1.000000
vn -0.000001 0.000000 -1.000000
vn 0.327792 0.621609 -0.711445
vn 0.324462 0.623719 -0.711125
vn 0.280110 0.644841 -0.711139
vn 0.276298 0.646124 -0.711466
vn 0.718020 0.696022 -0.000005
vn 0.462852 0.886436 0.000007
vn 0.462842 0.886441 0.000007
vn 0.718012 0.696031 -0.000005
vn -0.000000 0.000000 -1.000000
vn -0.000002 0.000000 -1.000000
vn -0.000001 0.000000 -1.000000
vn 0.064960 0.699746 -0.711432
vn 0.061074 0.700422 -0.711111
vn 0.012018 0.702970 -0.711118
vn 0.008006 0.702697 -0.711444
vn 0.397007 0.917816 0.000008
vn 0.088391 0.996086 -0.000005
vn 0.088381 0.996087 -0.000005
vn 0.396998 0.917819 0.000008
vn 0.000000 0.000000 -1.000000
vn 0.000001 0.000000 -1.000000
vn -0.000000 0.000000 -1.000000
vn -0.207761 0.671328 -0.711445
vn -0.211610 0.670464 -0.711125
vn -0.257911 0.654035 -0.711140
vn -0.261513 0.652247 -0.711467
vn 0.015550 0.999879 -0.000006
vn -0.299517 0.954091 0.000006
vn -0.299527 0.954088 0.000006
vn 0.015539 0.999879 -0.000006
vn 0.000000 0.000000 -1.000000
vn 0.000000 0.000000 -1.000000
vn 0.000000 0.000000 -1.000000
vn -0.448857 0.540731 -0.711434
vn -0.452083 0.538461 -0.711112
vn -0.488571 0.505568 -0.711125
vn -0.491215 0.502536 -0.711453
vn -0.368269 0.929719 0.000009
vn -0.641831 0.766846 -0.000006
vn -0.641839 0.766840 -0.000006
vn -0.368279 0.929715 0.000009
vn 0.000002 0.000000 -1.000000
vn 0.000002 0.000000 -1.000000
vn 0.000000 0.000000 -1.000000
vn -0.621599 0.327785 -0.711458
vn -0.623711 0.324452 -0.711137
vn -0.644835 0.280102 -0.711147
vn -0.646118 0.276293 -0.711473
vn -0.696020 0.718023 -0.000007
vn -0.886437 0.462849 0.000005
vn -0.886443 0.462839 0.000005
vn -0.696027 0.718016 -0.000007
vn 0.000000 0.000000 -1.000000
vn 0.000000 0.000000 -1.000000
vn -0.000000 0.000000 -1.000000
vn -0.699740 0.064958 -0.711438
vn -0.700416 0.061073 -0.711117
vn -0.702958 0.012018 -0.711130
vn -0.702684 0.008006 -0.711457
vn -0.917816 0.397006 0.000004
vn -0.996086 0.088391 0.000000
vn -0.996087 0.088382 0.000000
vn -0.917820 0.396996 0.000004
vn 0.000000 0.000000 -1.000000
vn 0.000000 0.000000 -1.000000
vn 0.000000 0.000000 -1.000000
vn -0.671338 -0.207765 -0.711435
vn -0.670476 -0.211613 -0.711113
vn -0.654053 -0.257914 -0.711122
vn -0.652265 -0.261516 -0.711450
vn -0.999879 0.015553 0.000000
vn -0.954089 -0.299522 0.000002
vn -0.954086 -0.299532 0.000002
vn -0.999879 0.015543 0.000000
vn 0.000002 0.000000 -1.000000
vn 0.000002 0.000000 -1.000000
vn 0.000000 0.000000 -1.000000
vn -0.540721 -0.448858 -0.711441
vn -0.538452 -0.452083 -0.711119
vn -0.505564 -0.488570 -0.711129
vn -0.502533 -0.491213 -0.711456
vn -0.929721 -0.368266 0.000002
vn -0.766843 -0.641835 -0.000005
vn -0.766836 -0.641843 -0.000005
vn -0.929717 -0.368274 0.000002
vn 0.000000 0.000000 -1.000000
vn 0.000000 0.000000 -1.000000
vn 0.000000 0.000000 -1.000000
vn -0.327801 -0.621619 -0.711433
vn -0.324470 -0.623731 -0.711111
vn -0.280113 -0.644851 -0.711128
vn -0.276299 -0.646133 -0.711456
vn -0.718018 -0.696025 -0.000007
vn -0.462853 -0.886435 -0.000004
vn -0.462844 -0.886440 -0.000004
vn -0.718010 -0.696032 -0.000007
vn 0.000000 0.000000 -1.000000
vn 0.000002 0.000000 -1.000000
vn 0.000000 0.000000 -1.000000
vn -0.064959 -0.699758 -0.711420
vn -0.061074 -0.700436 -0.711098
vn -0.012024 -0.702989 -0.711099
vn -0.008011 -0.702715 -0.711426
vn -0.397003 -0.917817 -0.000005
vn -0.088391 -0.996086 -0.000020
vn -0.088381 -0.996087 -0.000020
vn -0.396994 -0.917821 -0.000005
vn 0.000000 0.000000 -1.000000
vn -0.000001 0.000000 -1.000000
vn -0.015557 -0.999879 -0.000018
vn 0.299519 -0.954091 0.000003
vn 0.299528 -0.954088 0.000003
vn -0.015546 -0.999879 -0.000018
vn -0.000003 0.000000 1.000000
vn 0.000000 0.000000 1.000000
vn -0.000000 0.000000 1.000000
vn 0.000001 0.000000 1.000000
vn 0.261462 -0.652301 0.711436
vn 0.257929 -0.654056 0.711114
vn 0.211628 -0.670464 0.711120
vn 0.207702 -0.671344 0.711447
vn 0.452077 -0.538435 0.711136
vn 0.448787 -0.540750 0.711463
vn 0.491172 -0.502590 0.711445
vn 0.488580 -0.505563 0.711123
vn 0.000000 0.000000 1.000000
vn 0.000000 0.000000 1.000000
vn -0.000000 0.000000 1.000000
vn 0.623721 -0.324445 0.711132
vn 0.621567 -0.327843 0.711459
vn 0.646120 -0.276368 0.711442
vn 0.644864 -0.280105 0.711120
vn 0.000000 0.000000 1.000000
vn 0.000000 0.000000 1.000000
vn -0.000000 0.000000 1.000000
vn 0.700405 -0.061062 0.711129
vn 0.699715 -0.065025 0.711457
vn 0.702703 -0.008069 0.711437
vn 0.702972 -0.012003 0.711116
vn -0.000000 0.000000 1.000000
vn -0.000000 0.000000 1.000000
vn -0.000000 0.000000 1.000000
vn 0.670456 0.211619 0.711130
vn 0.671335 0.207695 0.711457
vn 0.652298 0.261452 0.711443
vn 0.654052 0.257920 0.711121
vn 0.000000 0.000000 1.000000
vn -0.000001 0.000000 1.000000
vn -0.000000 0.000000 1.000000
vn 0.538433 0.452081 0.711135
vn 0.540746 0.448793 0.711462
vn 0.502582 0.491179 0.711445
vn 0.505557 0.488586 0.711124
vn -0.000001 0.000000 1.000000
vn -0.000001 0.000000 1.000000
vn -0.000000 0.000000 1.000000
vn 0.324437 0.623702 0.711151
vn 0.327832 0.621551 0.711478
vn 0.276364 0.646106 0.711456
vn 0.280102 0.644848 0.711136
vn -0.000001 0.000000 1.000000
vn 0.000000 0.000000 1.000000
vn -0.000000 0.000000 1.000000
vn 0.061067 0.700396 0.711137
vn 0.065030 0.699708 0.711464
vn 0.008069 0.702692 0.711449
vn 0.012005 0.702961 0.711128
vn 0.000000 0.000000 1.000000
vn 0.000000 0.000000 1.000000
vn -0.000000 0.000000 1.000000
vn -0.211627 0.670462 0.711122
vn -0.207702 0.671342 0.711450
vn -0.261460 0.652306 0.711432
vn -0.257927 0.654061 0.711111
vn 0.000000 0.000000 1.000000
vn 0.000000 0.000000 1.000000
vn -0.000000 0.000000 1.000000
vn -0.452076 0.538438 0.711134
vn -0.448787 0.540752 0.711461
vn -0.491177 0.502589 0.711442
vn -0.488584 0.505562 0.711121
vn 0.000000 0.000000 1.000000
vn 0.000000 0.000000 1.000000
vn -0.000000 0.000000 1.000000
vn -0.623725 0.324442 0.711129
vn -0.621572 0.327839 0.711456
vn -0.646124 0.276366 0.711440
vn -0.644866 0.280104 0.711118
vn 0.000000 0.000000 1.000000
vn 0.000000 0.000000 1.000000
vn 0.000000 0.000000 1.000000
vn -0.700406 0.061060 0.711128
vn -0.699717 0.065024 0.711455
vn -0.702704 0.008069 0.711436
vn -0.702973 0.012003 0.711115
vn 0.000000 0.000000 1.000000
vn 0.000000 0.000000 1.000000
vn 0.000000 0.000000 1.000000
vn -0.670469 -0.211624 0.711117
vn -0.671348 -0.207700 0.711444
vn -0.652305 -0.261456 0.711434
vn -0.654060 -0.257927 0.711112
vn 0.000000 0.000000 1.000000
vn 0.000001 0.000000 1.000000
vn 0.000000 0.000000 1.000000
vn -0.538427 -0.452073 0.711144
vn -0.540740 -0.448786 0.711472
vn -0.502582 -0.491169 0.711452
vn -0.505556 -0.488575 0.711131
vn 0.000001 0.000000 1.000000
vn 0.000000 0.000000 1.000000
vn 0.000001 0.000000 1.000000
vn -0.324444 -0.623718 0.711134
vn -0.327841 -0.621565 0.711462
vn -0.276359 -0.646115 0.711450
vn -0.280099 -0.644858 0.711128
vn 0.000003 0.000000 1.000000
vn 0.000003 0.000000 1.000000
vn 0.000003 0.000000 1.000000
vn -0.061067 -0.700386 0.711147
vn -0.065030 -0.699696 0.711475
vn -0.008074 -0.702694 0.711446
vn -0.012010 -0.702962 0.711126
vn 0.000003 0.000000 1.000000
vn 0.000000 0.000000 1.000000
vn -0.989604 -0.143819 -0.000000
vn -0.989604 -0.143822 -0.000001
vn -0.989604 -0.143821 -0.000001
vn -0.989604 -0.143823 -0.000001
vn -0.617804 -0.695746 -0.366409
vn -0.617742 -0.693937 -0.369927
vn -0.621677 -0.666925 -0.410767
vn -0.622378 -0.664378 -0.413821
vn 0.139955 -0.962900 -0.230731
vn 0.122429 -0.842334 -0.524867
vn 0.122429 -0.842328 -0.524876
vn 0.139954 -0.962897 -0.230744
vn -0.605327 -0.779491 -0.161162
vn -0.605831 -0.778299 -0.164982
vn -0.604202 -0.789333 -0.109055
vn -0.603928 -0.788990 -0.112986
vn -0.989604 -0.143823 -0.000000
vn -0.989603 -0.143825 0.000003
vn -0.989603 -0.143823 -0.000000
vn -0.644535 -0.511805 -0.568006
vn -0.644647 -0.508797 -0.570575
vn -0.650540 -0.468365 -0.597856
vn -0.651381 -0.464861 -0.599673
vn 0.116601 -0.802237 -0.585508
vn 0.084219 -0.579439 -0.810653
vn 0.084217 -0.579427 -0.810661
vn 0.116600 -0.802229 -0.585519
vn -0.989603 -0.143823 -0.000001
vn -0.989604 -0.143817 -0.000001
vn -0.989604 -0.143823 -0.000001
vn -0.680319 -0.265528 -0.683126
vn -0.680539 -0.261778 -0.684353
vn -0.687469 -0.214099 -0.693936
vn -0.688369 -0.210176 -0.694243
vn 0.075497 -0.519425 -0.851174
vn 0.033180 -0.228337 -0.973017
vn 0.033178 -0.228325 -0.973020
vn 0.075496 -0.519414 -0.851181
vn -0.989603 -0.143824 -0.000000
vn -0.989603 -0.143827 -0.000001
vn -0.989604 -0.143823 -0.000000
vn -0.719721 0.005602 -0.694241
vn -0.719970 0.009536 -0.693940
vn -0.726918 0.057214 -0.684336
vn -0.727792 0.060951 -0.683084
vn 0.022889 -0.157536 -0.987248
vn -0.022887 0.157522 -0.987250
vn -0.022889 0.157534 -0.987248
vn 0.022887 -0.157524 -0.987250
vn -0.989604 -0.143822 0.000002
vn -0.989604 -0.143820 0.000000
vn -0.989604 -0.143822 -0.000000
vn -0.756731 0.260301 -0.599668
vn -0.756919 0.263827 -0.597887
vn -0.762807 0.304242 -0.570581
vn -0.763570 0.307215 -0.567961
vn -0.033178 0.228321 -0.973020
vn -0.075502 0.519420 -0.851177
vn -0.075503 0.519431 -0.851170
vn -0.033180 0.228333 -0.973018
vn -0.989603 -0.143824 -0.000002
vn -0.989603 -0.143824 0.000001
vn -0.989603 -0.143823 -0.000000
vn -0.785746 0.459767 -0.413784
vn -0.785798 0.462353 -0.410793
vn -0.789735 0.489346 -0.369944
vn -0.790320 0.491099 -0.366354
vn -0.084223 0.579430 -0.810659
vn -0.116588 0.802221 -0.585533
vn -0.116589 0.802229 -0.585522
vn -0.084225 0.579442 -0.810650
vn -0.989603 -0.143823 0.000003
vn -0.989603 -0.143825 0.000000
vn -0.989604 -0.143822 0.000001
vn -0.802279 0.573715 -0.164926
vn -0.802137 0.574976 -0.161181
vn -0.803521 0.584453 -0.112998
vn -0.803889 0.584709 -0.108985
vn -0.122414 0.842324 -0.524887
vn -0.139948 0.962898 -0.230741
vn -0.139948 0.962901 -0.230729
vn -0.122415 0.842330 -0.524876
vn -0.989604 -0.143821 -0.000002
vn -0.989604 -0.143820 0.000002
vn -0.989604 -0.143822 -0.000001
vn -0.803880 0.584708 0.109058
vn -0.803520 0.584457 0.112988
vn -0.802156 0.574954 0.161165
vn -0.802299 0.573666 0.164993
vn -0.141997 0.976982 -0.159193
vn -0.141983 0.976985 0.159186
vn -0.141983 0.976983 0.159199
vn -0.141998 0.976984 -0.159180
vn -0.989603 -0.143825 -0.000000
vn -0.989603 -0.143823 -0.000003
vn -0.989604 -0.143820 -0.000001
vn -0.790271 0.491127 0.366424
vn -0.789696 0.489409 0.369945
vn -0.785783 0.462394 0.410776
vn -0.785730 0.459753 0.413830
vn -0.139937 0.962904 0.230722
vn -0.122425 0.842334 0.524867
vn -0.122424 0.842327 0.524878
vn -0.139937 0.962902 0.230734
vn -0.989604 -0.143819 -0.000002
vn -0.989604 -0.143819 -0.000001
vn -0.989604 -0.143821 -0.000001
vn -0.763556 0.307169 0.568005
vn -0.762808 0.304252 0.570574
vn -0.756948 0.263812 0.597857
vn -0.756756 0.260214 0.599675
vn -0.116594 0.802237 0.585510
vn -0.084186 0.579447 0.810651
vn -0.084185 0.579436 0.810659
vn -0.116593 0.802229 0.585521
vn -0.989604 -0.143820 0.000000
vn -0.989603 -0.143827 0.000001
vn -0.989603 -0.143824 0.000000
vn -0.727778 0.060872 0.683106
vn -0.726922 0.057214 0.684332
vn -0.720006 0.009531 0.693902
vn -0.719753 0.005515 0.694208
vn -0.075463 0.519434 0.851172
vn -0.033173 0.228335 0.973017
vn -0.033172 0.228324 0.973020
vn -0.075461 0.519423 0.851179
vn -0.989602 -0.143831 0.000001
vn -0.989604 -0.143821 0.000000
vn -0.989604 -0.143821 0.000000
vn -0.688370 -0.210242 0.694223
vn -0.687486 -0.214085 0.693924
vn -0.680565 -0.261758 0.684335
vn -0.680339 -0.265590 0.683083
vn -0.022889 0.157545 0.987246
vn 0.022887 -0.157533 0.987249
vn 0.022889 -0.157546 0.987246
vn -0.022888 0.157532 0.987249
vn -0.989604 -0.143817 -0.000000
vn -0.989604 -0.143822 0.000001
vn -0.989604 -0.143822 0.000000
vn -0.651315 -0.464944 0.599680
vn -0.650491 -0.468377 0.597901
vn -0.644626 -0.508796 0.570600
vn -0.644511 -0.511867 0.567977
vn 0.033171 -0.228326 0.973019
vn 0.075465 -0.519425 0.851177
vn 0.075466 -0.519436 0.851170
vn 0.033173 -0.228338 0.973017
vn -0.989603 -0.143828 0.000000
vn -0.989603 -0.143828 0.000000
vn -0.989603 -0.143824 0.000002
vn -0.622338 -0.664435 0.413789
vn -0.621651 -0.666931 0.410796
vn -0.617745 -0.693927 0.369941
vn -0.617808 -0.695776 0.366345
vn 0.084187 -0.579435 0.810659
vn 0.116584 -0.802226 0.585526
vn 0.116586 -0.802234 0.585515
vn 0.084188 -0.579446 0.810651
vn -0.989604 -0.143822 0.000001
vn -0.989604 -0.143822 0.000002
vn -0.989604 -0.143821 0.000001
vn -0.605790 -0.778344 0.164925
vn -0.605294 -0.779514 0.161175
vn -0.603926 -0.788990 0.112999
vn -0.604206 -0.789340 0.108987
vn 0.122416 -0.842327 0.524881
vn 0.139932 -0.962902 0.230734
vn 0.139932 -0.962905 0.230721
vn 0.122417 -0.842334 0.524870
vn -0.989603 -0.143824 0.000002
vn -0.989604 -0.143822 -0.000002
vn 0.141979 -0.976984 0.159199
vn 0.142001 -0.976982 -0.159192
vn 0.142000 -0.976980 -0.159205
vn 0.141979 -0.976986 0.159186
vn 0.989604 0.143822 0.000002
vn 0.989603 0.143824 -0.000002
vn 0.989603 0.143823 0.000000
vn 0.989604 0.143823 -0.000000
vn 0.802279 -0.573714 -0.164926
vn 0.802137 -0.574975 -0.161181
vn 0.803524 -0.584450 -0.112995
vn 0.803892 -0.584706 -0.108983
vn 0.789725 -0.489355 -0.369955
vn 0.790311 -0.491110 -0.366361
vn 0.785739 -0.459777 -0.413787
vn 0.785790 -0.462365 -0.410795
vn 0.989603 0.143826 0.000001
vn 0.989604 0.143819 0.000000
vn 0.989603 0.143824 0.000001
vn 0.762816 -0.304230 -0.570574
vn 0.763579 -0.307205 -0.567954
vn 0.756741 -0.260293 -0.599659
vn 0.756929 -0.263818 -0.597879
vn 0.989604 0.143822 -0.000001
vn 0.989603 0.143828 0.000001
vn 0.989604 0.143823 0.000000
vn 0.726921 -0.057215 -0.684334
vn 0.727794 -0.060950 -0.683082
vn 0.719721 -0.005599 -0.694241
vn 0.719970 -0.009534 -0.693940
vn 0.989604 0.143819 -0.000001
vn 0.989604 0.143816 -0.000001
vn 0.989604 0.143820 -0.000000
vn 0.687474 0.214103 -0.693930
vn 0.688374 0.210180 -0.694238
vn 0.680325 0.265529 -0.683120
vn 0.680545 0.261777 -0.684347
vn 0.989604 0.143821 -0.000001
vn 0.989603 0.143825 0.000000
vn 0.989603 0.143824 0.000000
vn 0.650551 0.468360 -0.597848
vn 0.651391 0.464856 -0.599666
vn 0.644549 0.511805 -0.567989
vn 0.644661 0.508796 -0.570560
vn 0.989603 0.143827 0.000001
vn 0.989603 0.143824 0.000002
vn 0.989603 0.143824 -0.000001
vn 0.621701 0.666908 -0.410757
vn 0.622401 0.664364 -0.413808
vn 0.617819 0.695733 -0.366409
vn 0.617758 0.693924 -0.369926
vn 0.989603 0.143824 -0.000002
vn 0.989604 0.143822 -0.000003
vn 0.989603 0.143823 -0.000001
vn 0.605316 0.779498 -0.161171
vn 0.605820 0.778306 -0.164992
vn 0.604195 0.789338 -0.109054
vn 0.603921 0.788995 -0.112986
vn 0.989604 0.143821 0.000000
vn 0.989603 0.143824 0.000000
vn 0.989604 0.143822 0.000001
vn 0.603921 0.788993 0.112999
vn 0.604200 0.789344 0.108988
vn 0.605788 0.778346 0.164922
vn 0.605292 0.779516 0.161171
vn 0.989604 0.143823 0.000003
vn 0.989604 0.143822 0.000000
vn 0.989604 0.143822 0.000001
vn 0.617747 0.693924 0.369942
vn 0.617810 0.695773 0.366348
vn 0.622339 0.664435 0.413788
vn 0.621652 0.666931 0.410795
vn 0.989604 0.143822 -0.000003
vn 0.989604 0.143823 -0.000001
vn 0.989603 0.143824 -0.000000
vn 0.644624 0.508791 0.570607
vn 0.644509 0.511863 0.567984
vn 0.651309 0.464938 0.599691
vn 0.650485 0.468373 0.597910
vn 0.989603 0.143827 -0.000001
vn 0.989603 0.143824 0.000001
vn 0.989604 0.143822 0.000000
vn 0.680568 0.261759 0.684332
vn 0.680341 0.265591 0.683080
vn 0.688377 0.210238 0.694217
vn 0.687493 0.214082 0.693918
vn 0.989604 0.143816 0.000001
vn 0.989604 0.143819 0.000001
vn 0.989604 0.143822 -0.000000
vn 0.720010 -0.009532 0.693898
vn 0.719757 -0.005516 0.694204
vn 0.727784 -0.060867 0.683100
vn 0.726928 -0.057209 0.684327
vn 0.989603 0.143827 -0.000001
vn 0.989604 0.143821 -0.000000
vn 0.989603 0.143823 -0.000000
vn 0.756958 -0.263802 0.597849
vn 0.756766 -0.260204 0.599666
vn 0.763568 -0.307153 0.567997
vn 0.762820 -0.304237 0.570566
vn 0.989604 0.143817 0.000001
vn 0.989603 0.143825 0.000000
vn 0.989604 0.143822 0.000000
vn 0.785800 -0.462365 0.410775
vn 0.785748 -0.459725 0.413828
vn 0.790289 -0.491100 0.366420
vn 0.789714 -0.489382 0.369943
vn 0.989603 0.143825 0.000001
vn 0.989604 0.143821 -0.000002
vn 0.989604 0.143822 0.000000
vn 0.802168 -0.574939 0.161158
vn 0.802312 -0.573651 0.164986
vn 0.803892 -0.584693 0.109052
vn 0.803532 -0.584442 0.112982
vn 0.989604 0.143823 -0.000003
vn 0.989603 0.143823 0.000003
vn -0.000000 0.000000 -1.000000
vn -0.000000 0.000000 -1.000000
vn -0.000001 0.000000 -1.000000
vn -0.000001 0.000000 -1.000000
vn 0.448861 -0.540745 -0.711420
vn 0.452087 -0.538476 -0.711098
vn 0.488576 -0.505582 -0.711112
vn 0.491220 -0.502550 -0.711440
vn 0.368269 -0.929719 0.000005
vn 0.641829 -0.766848 0.000002
vn 0.641839 -0.766839 0.000002
vn 0.368281 -0.929714 0.000005
vn 0.257922 -0.654064 -0.711109
vn 0.261526 -0.652274 -0.711437
vn 0.207771 -0.671363 -0.711409
vn 0.211619 -0.670500 -0.711089
vn -0.000003 0.000000 -1.000000
vn -0.000000 0.000000 -1.000000
vn -0.000000 0.000000 -1.000000
vn 0.621620 -0.327789 -0.711437
vn 0.623732 -0.324458 -0.711116
vn 0.644858 -0.280110 -0.711124
vn 0.646141 -0.276298 -0.711450
vn 0.696018 -0.718025 0.000002
vn 0.886439 -0.462846 0.000008
vn 0.886445 -0.462834 0.000008
vn 0.696027 -0.718015 0.000002
vn -0.000002 0.000000 -1.000000
vn -0.000000 0.000000 -1.000000
vn 0.000001 0.000000 -1.000000
vn 0.699763 -0.064958 -0.711416
vn 0.700438 -0.061074 -0.711095
vn 0.702978 -0.012015 -0.711110
vn 0.702704 -0.008002 -0.711437
vn 0.917816 -0.397005 0.000007
vn 0.996085 -0.088396 -0.000000
vn 0.996087 -0.088383 -0.000000
vn 0.917822 -0.396993 0.000007
vn -0.000001 0.000000 -1.000000
vn -0.000002 0.000000 -1.000000
vn 0.000001 0.000000 -1.000000
vn 0.671356 0.207771 -0.711416
vn 0.670495 0.211617 -0.711094
vn 0.654069 0.257916 -0.711107
vn 0.652279 0.261521 -0.711435
vn 0.999879 -0.015557 -0.000001
vn 0.954090 0.299519 -0.000005
vn 0.954086 0.299531 -0.000005
vn 0.999879 -0.015544 -0.000001
vn 0.000001 0.000000 -1.000000
vn -0.000002 0.000000 -1.000000
vn 0.000001 0.000000 -1.000000
vn 0.540730 0.448872 -0.711425
vn 0.538461 0.452097 -0.711104
vn 0.505572 0.488587 -0.711112
vn 0.502541 0.491231 -0.711439
vn 0.929720 0.368266 -0.000005
vn 0.766842 0.641836 -0.000003
vn 0.766833 0.641847 -0.000003
vn 0.929716 0.368278 -0.000005
vn 0.000000 0.000000 -1.000000
vn 0.000003 0.000000 -1.000000
vn 0.000002 0.000000 -1.000000
vn 0.327796 0.621628 -0.711427
vn 0.324468 0.623737 -0.711107
vn 0.280116 0.644858 -0.711121
vn 0.276302 0.646142 -0.711447
vn 0.718022 0.696020 -0.000005
vn 0.462853 0.886435 0.000007
vn 0.462841 0.886442 0.000007
vn 0.718012 0.696031 -0.000005
vn 0.000000 0.000000 -1.000000
vn 0.000000 0.000000 -1.000000
vn 0.000003 0.000000 -1.000000
vn 0.064960 0.699766 -0.711413
vn 0.061076 0.700442 -0.711091
vn 0.012019 0.702989 -0.711099
vn 0.008005 0.702716 -0.711426
vn 0.397008 0.917815 0.000008
vn 0.088393 0.996086 -0.000005
vn 0.088379 0.996087 -0.000005
vn 0.396996 0.917820 0.000008
vn 0.000003 0.000000 -1.000000
vn 0.000003 0.000000 -1.000000
vn 0.000005 0.000000 -1.000000
vn -0.207765 0.671347 -0.711426
vn -0.211612 0.670484 -0.711106
vn -0.257915 0.654052 -0.711123
vn -0.261518 0.652263 -0.711450
vn 0.015551 0.999879 -0.000006
vn -0.299516 0.954091 0.000006
vn -0.299529 0.954087 0.000006
vn 0.015537 0.999879 -0.000006
vn 0.000003 0.000000 -1.000000
vn 0.000003 0.000000 -1.000000
vn 0.000005 0.000000 -1.000000
vn -0.448871 0.540744 -0.711414
vn -0.452096 0.538476 -0.711093
vn -0.488585 0.505580 -0.711108
vn -0.491229 0.502547 -0.711436
vn -0.368268 0.929720 0.000009
vn -0.641832 0.766845 -0.000006
vn -0.641843 0.766836 -0.000006
vn -0.368281 0.929715 0.000009
vn 0.000003 0.000000 -1.000000
vn 0.000003 0.000000 -1.000000
vn 0.000003 0.000000 -1.000000
vn -0.621619 0.327791 -0.711437
vn -0.623731 0.324460 -0.711115
vn -0.644857 0.280108 -0.711125
vn -0.646140 0.276297 -0.711451
vn -0.696021 0.718022 -0.000007
vn -0.886437 0.462848 0.000005
vn -0.886444 0.462836 0.000005
vn -0.696030 0.718012 -0.000007
vn 0.000002 0.000000 -1.000000
vn 0.000000 0.000000 -1.000000
vn 0.000003 0.000000 -1.000000
vn -0.699759 0.064957 -0.711419
vn -0.700435 0.061074 -0.711098
vn -0.702976 0.012018 -0.711112
vn -0.702702 0.008005 -0.711439
vn -0.917815 0.397009 0.000004
vn -0.996086 0.088391 0.000000
vn -0.996087 0.088378 0.000000
vn -0.917821 0.396996 0.000004
vn 0.000001 0.000000 -1.000000
vn 0.000002 0.000000 -1.000000
vn 0.000002 0.000000 -1.000000
vn -0.671356 -0.207771 -0.711416
vn -0.670494 -0.211618 -0.711094
vn -0.654068 -0.257919 -0.711107
vn -0.652279 -0.261522 -0.711434
vn -0.999879 0.015554 0.000000
vn -0.954090 -0.299521 0.000002
vn -0.954086 -0.299534 0.000002
vn -0.999879 0.015541 0.000000
vn 0.000003 0.000000 -1.000000
vn 0.000000 0.000000 -1.000000
vn 0.000002 0.000000 -1.000000
vn -0.540735 -0.448871 -0.711422
vn -0.538467 -0.452094 -0.711101
vn -0.505579 -0.488582 -0.711110
vn -0.502547 -0.491226 -0.711437
vn -0.929720 -0.368268 0.000002
vn -0.766842 -0.641835 -0.000005
vn -0.766833 -0.641846 -0.000005
vn -0.929715 -0.368280 0.000002
vn 0.000000 0.000000 -1.000000
vn 0.000003 0.000000 -1.000000
vn 0.000002 0.000000 -1.000000
vn -0.327807 -0.621638 -0.711413
vn -0.324477 -0.623749 -0.711092
vn -0.280117 -0.644871 -0.711109
vn -0.276302 -0.646154 -0.711437
vn -0.718018 -0.696024 -0.000007
vn -0.462853 -0.886435 -0.000004
vn -0.462841 -0.886441 -0.000004
vn -0.718008 -0.696034 -0.000007
vn 0.000000 0.000000 -1.000000
vn 0.000000 0.000000 -1.000000
vn 0.000000 0.000000 -1.000000
vn -0.064960 -0.699779 -0.711400
vn -0.061076 -0.700456 -0.711078
vn -0.012024 -0.703007 -0.711081
vn -0.008009 -0.702733 -0.711408
vn -0.397005 -0.917817 -0.000005
vn -0.088392 -0.996086 -0.000020
vn -0.088379 -0.996087 -0.000020
vn -0.396993 -0.917822 -0.000005
vn -0.000000 0.000000 -1.000000
vn -0.000003 0.000000 -1.000000
vn -0.015558 -0.999879 -0.000018
vn 0.299518 -0.954091 0.000003
vn 0.299530 -0.954087 0.000003
vn -0.015544 -0.999879 -0.000018
vn -0.000003 0.000000 1.000000
vn -0.000003 0.000000 1.000000
vn -0.000002 0.000000 1.000000
vn -0.000001 0.000000 1.000000
vn 0.261460 -0.652304 0.711434
vn 0.257930 -0.654058 0.711112
vn 0.211628 -0.670463 0.711121
vn 0.207700 -0.671343 0.711448
vn 0.452079 -0.538434 0.711135
vn 0.448786 -0.540751 0.711463
vn 0.491173 -0.502591 0.711443
vn 0.488583 -0.505561 0.711122
vn -0.000002 0.000000 1.000000
vn -0.000000 0.000000 1.000000
vn 0.000000 0.000000 1.000000
vn 0.623713 -0.324445 0.711138
vn 0.621558 -0.327845 0.711466
vn 0.646111 -0.276375 0.711447
vn 0.644856 -0.280109 0.711126
vn 0.000001 0.000000 1.000000
vn 0.000000 0.000000 1.000000
vn 0.000001 0.000000 1.000000
vn 0.700398 -0.061061 0.711136
vn 0.699708 -0.065028 0.711463
vn 0.702699 -0.008071 0.711441
vn 0.702968 -0.012002 0.711120
vn 0.000000 0.000000 1.000000
vn 0.000000 0.000000 1.000000
vn 0.000001 0.000000 1.000000
vn 0.670454 0.211618 0.711132
vn 0.671334 0.207691 0.711459
vn 0.652299 0.261450 0.711443
vn 0.654052 0.257921 0.711121
vn 0.000000 0.000000 1.000000
vn -0.000001 0.000000 1.000000
vn 0.000000 0.000000 1.000000
vn 0.538433 0.452080 0.711136
vn 0.540748 0.448789 0.711463
vn 0.502587 0.491176 0.711444
vn 0.505559 0.488585 0.711122
vn -0.000001 0.000000 1.000000
vn 0.000000 0.000000 1.000000
vn 0.000002 0.000000 1.000000
vn 0.324435 0.623702 0.711153
vn 0.327832 0.621549 0.711479
vn 0.276365 0.646107 0.711455
vn 0.280100 0.644850 0.711135
vn 0.000003 0.000000 1.000000
vn 0.000003 0.000000 1.000000
vn 0.000002 0.000000 1.000000
vn 0.061066 0.700394 0.711139
vn 0.065031 0.699705 0.711466
vn 0.008070 0.702692 0.711448
vn 0.012002 0.702960 0.711128
vn 0.000000 0.000000 1.000000
vn 0.000000 0.000000 1.000000
vn 0.000001 0.000000 1.000000
vn -0.211628 0.670459 0.711124
vn -0.207700 0.671340 0.711452
vn -0.261459 0.652305 0.711433
vn -0.257929 0.654059 0.711111
vn 0.000000 0.000000 1.000000
vn 0.000000 0.000000 1.000000
vn 0.000001 0.000000 1.000000
vn -0.452078 0.538437 0.711134
vn -0.448786 0.540754 0.711461
vn -0.491178 0.502591 0.711439
vn -0.488587 0.505562 0.711119
vn 0.000002 0.000000 1.000000
vn 0.000000 0.000000 1.000000
vn 0.000001 0.000000 1.000000
vn -0.623717 0.324444 0.711135
vn -0.621564 0.327843 0.711462
vn -0.646115 0.276372 0.711445
vn -0.644859 0.280107 0.711124
vn -0.000001 0.000000 1.000000
vn 0.000000 0.000000 1.000000
vn 0.000001 0.000000 1.000000
vn -0.700400 0.061057 0.711134
vn -0.699711 0.065024 0.711461
vn -0.702701 0.008071 0.711440
vn -0.702969 0.012002 0.711119
vn 0.000000 0.000000 1.000000
vn 0.000000 0.000000 1.000000
vn 0.000001 0.000000 1.000000
vn -0.670464 -0.211624 0.711121
vn -0.671345 -0.207697 0.711448
vn -0.652304 -0.261457 0.711435
vn -0.654056 -0.257930 0.711114
vn 0.000000 0.000000 1.000000
vn -0.000001 0.000000 1.000000
vn 0.000002 0.000000 1.000000
vn -0.538427 -0.452073 0.711144
vn -0.540741 -0.448784 0.711472
vn -0.502586 -0.491168 0.711450
vn -0.505557 -0.488577 0.711129
vn 0.000002 0.000000 1.000000
vn 0.000003 0.000000 1.000000
vn 0.000001 0.000000 1.000000
vn -0.324445 -0.623717 0.711135
vn -0.327844 -0.621562 0.711463
vn -0.276363 -0.646112 0.711451
vn -0.280100 -0.644857 0.711128
vn -0.000003 0.000000 1.000000
vn -0.000003 0.000000 1.000000
vn -0.000001 0.000000 1.000000
vn -0.061065 -0.700385 0.711148
vn -0.065030 -0.699694 0.711477
vn -0.008075 -0.702695 0.711445
vn -0.012008 -0.702964 0.711124
vn 0.000000 0.000000 1.000000
vn 0.000000 0.000000 1.000000
vn -0.989604 -0.143821 -0.000000
vn -0.989603 -0.143824 -0.000001
vn -0.989603 -0.143824 -0.000001
vn -0.989603 -0.143823 -0.000001
vn -0.617798 -0.695754 -0.366404
vn -0.617736 -0.693944 -0.369925
vn -0.621674 -0.666927 -0.410767
vn -0.622376 -0.664380 -0.413821
vn 0.139953 -0.962900 -0.230731
vn 0.122425 -0.842336 -0.524863
vn 0.122424 -0.842330 -0.524874
vn 0.139952 -0.962897 -0.230744
vn -0.605327 -0.779491 -0.161162
vn -0.605831 -0.778299 -0.164985
vn -0.604205 -0.789331 -0.109055
vn -0.603931 -0.788988 -0.112988
vn -0.989604 -0.143820 -0.000000
vn -0.989604 -0.143820 0.000003
vn -0.989604 -0.143822 -0.000000
vn -0.644529 -0.511806 -0.568012
vn -0.644641 -0.508798 -0.570581
vn -0.650527 -0.468374 -0.597863
vn -0.651367 -0.464871 -0.599680
vn 0.116600 -0.802235 -0.585511
vn 0.084221 -0.579439 -0.810653
vn 0.084219 -0.579428 -0.810661
vn 0.116599 -0.802228 -0.585521
vn -0.989604 -0.143823 -0.000001
vn -0.989604 -0.143818 -0.000001
vn -0.989603 -0.143824 -0.000001
vn -0.680325 -0.265523 -0.683122
vn -0.680546 -0.261771 -0.684349
vn -0.687490 -0.214091 -0.693918
vn -0.688391 -0.210168 -0.694224
vn 0.075498 -0.519426 -0.851174
vn 0.033195 -0.228335 -0.973017
vn 0.033193 -0.228324 -0.973019
vn 0.075496 -0.519414 -0.851181
vn -0.989604 -0.143821 -0.000000
vn -0.989603 -0.143828 -0.000001
vn -0.989603 -0.143824 -0.000000
vn -0.719719 0.005599 -0.694243
vn -0.719966 0.009533 -0.693944
vn -0.726901 0.057206 -0.684355
vn -0.727775 0.060944 -0.683103
vn 0.022906 -0.157545 -0.987246
vn -0.022903 0.157531 -0.987249
vn -0.022905 0.157543 -0.987246
vn 0.022904 -0.157533 -0.987248
vn -0.989604 -0.143821 0.000002
vn -0.989604 -0.143817 0.000000
vn -0.989604 -0.143822 -0.000000
vn -0.756731 0.260296 -0.599670
vn -0.756919 0.263822 -0.597889
vn -0.762810 0.304235 -0.570581
vn -0.763573 0.307208 -0.567961
vn -0.033193 0.228320 -0.973020
vn -0.075500 0.519412 -0.851182
vn -0.075501 0.519424 -0.851175
vn -0.033194 0.228332 -0.973017
vn -0.989603 -0.143823 -0.000002
vn -0.989604 -0.143821 0.000001
vn -0.989603 -0.143823 -0.000000
vn -0.785733 0.459791 -0.413783
vn -0.785784 0.462378 -0.410792
vn -0.789721 0.489372 -0.369941
vn -0.790307 0.491125 -0.366349
vn -0.084222 0.579427 -0.810661
vn -0.116594 0.802222 -0.585530
vn -0.116596 0.802231 -0.585518
vn -0.084224 0.579438 -0.810653
vn -0.989604 -0.143823 0.000003
vn -0.989603 -0.143824 0.000000
vn -0.989603 -0.143823 0.000001
vn -0.802276 0.573718 -0.164928
vn -0.802134 0.574980 -0.161181
vn -0.803519 0.584455 -0.113001
vn -0.803887 0.584712 -0.108985
vn -0.122420 0.842325 -0.524882
vn -0.139950 0.962898 -0.230743
vn -0.139950 0.962900 -0.230731
vn -0.122420 0.842331 -0.524873
vn -0.989604 -0.143819 -0.000002
vn -0.989604 -0.143821 0.000002
vn -0.989603 -0.143823 -0.000001
vn -0.803881 0.584707 0.109059
vn -0.803520 0.584456 0.112989
vn -0.802155 0.574955 0.161166
vn -0.802298 0.573669 0.164991
vn -0.141998 0.976982 -0.159194
vn -0.141983 0.976985 0.159187
vn -0.141983 0.976983 0.159200
vn -0.141999 0.976984 -0.159182
vn -0.989603 -0.143824 -0.000000
vn -0.989604 -0.143822 -0.000003
vn -0.989604 -0.143822 -0.000001
vn -0.790282 0.491112 0.366420
vn -0.789708 0.489396 0.369936
vn -0.785795 0.462375 0.410775
vn -0.785742 0.459734 0.413829
vn -0.139937 0.962905 0.230718
vn -0.122417 0.842336 0.524865
vn -0.122416 0.842330 0.524875
vn -0.139937 0.962902 0.230731
vn -0.989604 -0.143820 -0.000002
vn -0.989604 -0.143817 -0.000001
vn -0.989604 -0.143820 -0.000001
vn -0.763555 0.307164 0.568009
vn -0.762807 0.304248 0.570578
vn -0.756945 0.263818 0.597858
vn -0.756753 0.260220 0.599676
vn -0.116586 0.802236 0.585512
vn -0.084205 0.579444 0.810650
vn -0.084203 0.579432 0.810659
vn -0.116585 0.802229 0.585523
vn -0.989604 -0.143816 0.000000
vn -0.989603 -0.143824 0.000001
vn -0.989603 -0.143823 0.000000
vn -0.727766 0.060885 0.683118
vn -0.726910 0.057226 0.684344
vn -0.719993 0.009534 0.693915
vn -0.719740 0.005518 0.694221
vn -0.075485 0.519431 0.851172
vn -0.033185 0.228334 0.973017
vn -0.033183 0.228322 0.973020
vn -0.075483 0.519419 0.851179
vn -0.989603 -0.143828 0.000001
vn -0.989604 -0.143821 0.000000
vn -0.989603 -0.143826 0.000000
vn -0.688367 -0.210238 0.694227
vn -0.687485 -0.214080 0.693927
vn -0.680570 -0.261759 0.684329
vn -0.680344 -0.265590 0.683077
vn -0.022896 0.157539 0.987247
vn 0.022893 -0.157527 0.987249
vn 0.022895 -0.157540 0.987247
vn -0.022894 0.157526 0.987249
vn -0.989604 -0.143822 -0.000000
vn -0.989603 -0.143827 0.000001
vn -0.989603 -0.143824 0.000000
vn -0.651349 -0.464935 0.599649
vn -0.650526 -0.468368 0.597869
vn -0.644661 -0.508783 0.570571
vn -0.644546 -0.511851 0.567952
vn 0.033182 -0.228324 0.973019
vn 0.075486 -0.519422 0.851178
vn 0.075488 -0.519433 0.851170
vn 0.033184 -0.228337 0.973017
vn -0.989603 -0.143825 0.000000
vn -0.989604 -0.143821 0.000000
vn -0.989603 -0.143823 0.000002
vn -0.622344 -0.664430 0.413788
vn -0.621658 -0.666924 0.410797
vn -0.617749 -0.693921 0.369945
vn -0.617812 -0.695769 0.366353
vn 0.084206 -0.579432 0.810659
vn 0.116577 -0.802226 0.585529
vn 0.116578 -0.802233 0.585518
vn 0.084207 -0.579444 0.810651
vn -0.989604 -0.143822 0.000001
vn -0.989604 -0.143823 0.000002
vn -0.989604 -0.143823 0.000001
vn -0.605781 -0.778350 0.164924
vn -0.605286 -0.779519 0.161180
vn -0.603920 -0.788994 0.113002
vn -0.604200 -0.789344 0.108986
vn 0.122407 -0.842330 0.524878
vn 0.139931 -0.962903 0.230731
vn 0.139932 -0.962906 0.230718
vn 0.122408 -0.842336 0.524868
vn -0.989603 -0.143824 0.000002
vn -0.989603 -0.143824 -0.000002
vn 0.141979 -0.976984 0.159200
vn 0.142000 -0.976982 -0.159193
vn 0.142000 -0.976980 -0.159206
vn 0.141979 -0.976986 0.159187
vn 0.989604 0.143821 0.000002
vn 0.989603 0.143825 -0.000002
vn 0.989604 0.143822 0.000000
vn 0.989604 0.143821 -0.000000
vn 0.802281 -0.573711 -0.164927
vn 0.802139 -0.574973 -0.161179
vn 0.803526 -0.584446 -0.112998
vn 0.803894 -0.584702 -0.108983
vn 0.789721 -0.489367 -0.369946
vn 0.790307 -0.491121 -0.366355
vn 0.785731 -0.459786 -0.413792
vn 0.785783 -0.462373 -0.410801
vn 0.989603 0.143826 0.000001
vn 0.989604 0.143820 0.000000
vn 0.989604 0.143821 0.000001
vn 0.762804 -0.304239 -0.570587
vn 0.763567 -0.307215 -0.567965
vn 0.756729 -0.260301 -0.599670
vn 0.756917 -0.263826 -0.597890
vn 0.989604 0.143820 -0.000001
vn 0.989603 0.143823 0.000001
vn 0.989604 0.143821 0.000000
vn 0.726901 -0.057205 -0.684355
vn 0.727775 -0.060942 -0.683103
vn 0.719716 -0.005598 -0.694246
vn 0.719963 -0.009534 -0.693947
vn 0.989603 0.143823 -0.000001
vn 0.989604 0.143821 -0.000001
vn 0.989604 0.143820 -0.000000
vn 0.687495 0.214089 -0.693914
vn 0.688395 0.210167 -0.694220
vn 0.680332 0.265522 -0.683116
vn 0.680553 0.261769 -0.684343
vn 0.989604 0.143821 -0.000001
vn 0.989603 0.143824 0.000000
vn 0.989604 0.143821 0.000000
vn 0.650546 0.468362 -0.597852
vn 0.651385 0.464860 -0.599669
vn 0.644551 0.511802 -0.567991
vn 0.644663 0.508794 -0.570560
vn 0.989603 0.143824 0.000001
vn 0.989603 0.143825 0.000002
vn 0.989604 0.143821 -0.000001
vn 0.621700 0.666911 -0.410754
vn 0.622401 0.664367 -0.413805
vn 0.617819 0.695736 -0.366404
vn 0.617758 0.693927 -0.369920
vn 0.989604 0.143823 -0.000002
vn 0.989604 0.143822 -0.000003
vn 0.989604 0.143820 -0.000001
vn 0.605323 0.779492 -0.161172
vn 0.605827 0.778299 -0.164996
vn 0.604202 0.789333 -0.109056
vn 0.603927 0.788990 -0.112988
vn 0.989603 0.143824 0.000000
vn 0.989603 0.143825 0.000000
vn 0.989604 0.143821 0.000001
vn 0.603921 0.788994 0.112999
vn 0.604201 0.789344 0.108988
vn 0.605788 0.778346 0.164921
vn 0.605292 0.779516 0.161173
vn 0.989603 0.143823 0.000003
vn 0.989604 0.143823 0.000000
vn 0.989604 0.143820 0.000001
vn 0.617747 0.693925 0.369943
vn 0.617810 0.695772 0.366351
vn 0.622341 0.664435 0.413786
vn 0.621653 0.666930 0.410795
vn 0.989604 0.143823 -0.000003
vn 0.989603 0.143823 -0.000001
vn 0.989604 0.143820 -0.000000
vn 0.644661 0.508773 0.570581
vn 0.644546 0.511841 0.567961
vn 0.651345 0.464927 0.599661
vn 0.650521 0.468361 0.597880
vn 0.989603 0.143824 -0.000001
vn 0.989604 0.143820 0.000001
vn 0.989604 0.143820 0.000000
vn 0.680570 0.261762 0.684329
vn 0.680343 0.265594 0.683076
vn 0.688371 0.210236 0.694223
vn 0.687488 0.214079 0.693924
vn 0.989604 0.143821 0.000001
vn 0.989603 0.143823 0.000001
vn 0.989603 0.143823 -0.000000
vn 0.719994 -0.009534 0.693915
vn 0.719741 -0.005517 0.694221
vn 0.727769 -0.060879 0.683115
vn 0.726913 -0.057220 0.684342
vn 0.989603 0.143828 -0.000001
vn 0.989604 0.143819 -0.000000
vn 0.989604 0.143821 -0.000000
vn 0.756960 -0.263805 0.597845
vn 0.756768 -0.260207 0.599662
vn 0.763572 -0.307145 0.567997
vn 0.762823 -0.304229 0.570566
vn 0.989605 0.143813 0.000001
vn 0.989603 0.143823 0.000000
vn 0.989604 0.143820 0.000000
vn 0.785812 -0.462350 0.410769
vn 0.785759 -0.459711 0.413822
vn 0.790300 -0.491086 0.366416
vn 0.789726 -0.489370 0.369933
vn 0.989603 0.143824 0.000001
vn 0.989604 0.143822 -0.000002
vn 0.989604 0.143821 0.000000
vn 0.802161 -0.574948 0.161162
vn 0.802305 -0.573661 0.164984
vn 0.803884 -0.584704 0.109050
vn 0.803523 -0.584453 0.112983
vn 0.989603 0.143824 -0.000003
vn 0.989604 0.143822 0.000003
vn 0.000000 1.000000 0.000000
vn 0.000000 1.000000 0.000000
vn 0.000000 1.000000 0.000000
vn 0.000000 1.000000 0.000000
vn 0.142148 -0.989845 0.000000
vn 0.142148 -0.989845 0.000000
vn 0.142148 -0.989845 0.000000
vn 0.142148 -0.989845 0.000000
vn -1.000000 0.000000 0.000000
vn -1.000000 0.000000 0.000000
vn -1.000000 0.000000 0.000000
vn -1.000000 0.000000 0.000000
vn -1.000000 0.000000 0.000000
vn -1.000000 0.000000 0.000000
vn -1.000000 0.000000 0.000000
vn -1.000000 0.000000 0.000000
vn 1.000000 0.000000 0.000000
vn 1.000000 0.000000 0.000000
vn 1.000000 0.000000 0.000000
vn 1.000000 0.000000 0.000000
vn 0.258808 0.965929 0.000000
vn 0.258808 0.965929 0.000000
vn 0.258808 0.965929 0.000000
vn 0.258808 0.965929 0.000000
vn 0.707115 0.707098 0.000000
vn 0.707115 0.707098 0.000000
vn 0.707115 0.707098 0.000000
vn 0.707115 0.707098 0.000000
vn 0.965933 0.258793 0.000000
vn 0.965933 0.258793 0.000000
vn 0.965933 0.258793 0.000000
vn 0.965933 0.258793 0.000000
vn 0.965925 -0.258823 0.000000
vn 0.965925 -0.258823 0.000000
vn 0.965925 -0.258823 0.000000
vn 0.965925 -0.258823 0.000000
vn 0.707109 -0.707105 0.000004
vn 0.707109 -0.707105 0.000004
vn 0.707109 -0.707105 0.000004
vn 0.707109 -0.707105 0.000004
vn 0.258812 -0.965928 0.000000
vn 0.258812 -0.965928 0.000000
vn 0.258812 -0.965928 0.000000
vn 0.258812 -0.965928 0.000000
vn 0.000001 0.000000 1.000000
vn 0.000001 0.000000 1.000000
vn 0.000001 0.000000 1.000000
vn 0.000001 0.000000 1.000000
vn 0.000001 0.000000 -1.000000
vn 0.000001 0.000000 -1.000000
vn 0.000001 0.000000 -1.000000
vn 0.000001 0.000000 -1.000000
vn 0.000003 0.000000 1.000000
vn 0.000003 0.000000 1.000000
vn 0.000003 0.000000 1.000000
vn 0.000003 0.000000 1.000000
vn 0.000000 0.000000 -1.000000
vn 0.000000 0.000000 -1.000000
vn 0.000000 0.000000 -1.000000
vn 0.000000 0.000000 -1.000000
vn 0.000000 1.000000 0.000000
vn 0.000000 1.000000 0.000000
vn 0.000000 1.000000 0.000000
vn 0.000000 1.000000 0.000000
vn 0.000000 1.000000 0.000000
vn 0.000000 1.000000 0.000000
vn 0.000000 1.000000 0.000000
vn 0.000000 1.000000 0.000000
vn 0.000000 1.000000 0.000000
vn 0.000000 1.000000 0.000000
vn 0.000000 1.000000 0.000000
vn 0.000000 1.000000 0.000000
vn 0.214893 -0.976638 0.000000
vn 0.214893 -0.976638 0.000000
vn 0.214893 -0.976638 0.000000
vn 0.214893 -0.976638 0.000000
vn 0.214893 -0.976638 0.000000
vn 0.214893 -0.976638 0.000000
vn 0.214893 -0.976638 0.000000
vn 0.214893 -0.976638 0.000000
vn 0.142148 -0.989846 0.000000
vn 0.142148 -0.989846 0.000000
vn 0.142148 -0.989846 0.000000
vn 0.142148 -0.989846 0.000000
vn -1.000000 0.000000 0.000000
vn -1.000000 0.000000 0.000000
vn -1.000000 0.000000 0.000000
vn -1.000000 0.000000 0.000000
vn -1.000000 0.000000 0.000000
vn -1.000000 0.000000 0.000000
vn -1.000000 0.000000 0.000000
vn -1.000000 0.000000 0.000000
vn -1.000000 0.000000 0.000000
vn -1.000000 0.000000 0.000000
vn -1.000000 0.000000 0.000000
vn -1.000000 0.000000 0.000000
vn -1.000000 0.000000 0.000000
vn -1.000000 0.000000 0.000000
vn -1.000000 0.000000 0.000000
vn -1.000000 0.000000 0.000000
vn -1.000000 0.000000 0.000000
vn -1.000000 0.000000 0.000000
vn -1.000000 0.000000 0.000000
vn -1.000000 0.000000 0.000000
vn -1.000000 0.000000 0.000000
vn -1.000000 0.000000 0.000000
vn -1.000000 0.000000 0.000000
vn -1.000000 0.000000 0.000000
vn 1.000000 0.000000 0.000000
vn 1.000000 0.000000 0.000000
vn 1.000000 0.000000 0.000000
vn 1.000000 0.000000 0.000000
vn 1.000000 0.000000 0.000000
vn 1.000000 0.000000 0.000000
vn 1.000000 0.000000 0.000000
vn 1.000000 0.000000 0.000000
vn 1.000000 0.000000 0.000000
vn 1.000000 0.000000 0.000000
vn 1.000000 0.000000 0.000000
vn 1.000000 0.000000 0.000000
vn 0.258812 0.965928 0.000000
vn 0.258812 0.965928 0.000000
vn 0.258812 0.965928 0.000000
vn 0.258812 0.965928 0.000000
vn 0.258812 0.965928 0.000000
vn 0.258812 0.965928 0.000000
vn 0.258812 0.965928 0.000000
vn 0.258812 0.965928 0.000000
vn 0.258808 0.965929 0.000000
vn 0.258808 0.965929 0.000000
vn 0.258808 0.965929 0.000000
vn 0.258808 0.965929 0.000000
vn 0.707105 0.707109 0.000000
vn 0.707105 0.707109 0.000000
vn 0.707105 0.707109 0.000000
vn 0.707105 0.707109 0.000000
vn 0.707105 0.707109 0.000000
vn 0.707105 0.707109 0.000000
vn 0.707105 0.707109 0.000000
vn 0.707105 0.707109 0.000000
vn 0.707116 0.707098 0.000000
vn 0.707116 0.707098 0.000000
vn 0.707116 0.707098 0.000000
vn 0.707116 0.707098 0.000000
vn 0.965930 0.258802 0.000000
vn 0.965930 0.258802 0.000000
vn 0.965930 0.258802 0.000000
vn 0.965930 0.258802 0.000000
vn 0.965930 0.258802 0.000000
vn 0.965930 0.258802 0.000000
vn 0.965930 0.258802 0.000000
vn 0.965930 0.258802 0.000000
vn 0.965933 0.258793 0.000000
vn 0.965933 0.258793 0.000000
vn 0.965933 0.258793 0.000000
vn 0.965933 0.258793 0.000000
vn 0.965926 -0.258820 0.000000
vn 0.965926 -0.258820 0.000000
vn 0.965925 -0.258820 0.000000
vn 0.965926 -0.258820 0.000000
vn 0.965926 -0.258820 0.000000
vn 0.965926 -0.258820 0.000000
vn 0.965926 -0.258820 0.000000
vn 0.965926 -0.258820 0.000000
vn 0.965925 -0.258823 0.000000
vn 0.965925 -0.258823 0.000000
vn 0.965925 -0.258823 0.000000
vn 0.965925 -0.258823 0.000000
vn 0.707115 -0.707098 0.000000
vn 0.707115 -0.707098 0.000000
vn 0.707115 -0.707098 0.000000
vn 0.707115 -0.707098 0.000000
vn 0.707116 -0.707098 0.000000
vn 0.707116 -0.707098 0.000000
vn 0.707116 -0.707098 0.000000
vn 0.707116 -0.707098 0.000000
vn 0.707109 -0.707105 -0.000004
vn 0.707109 -0.707105 -0.000004
vn 0.707109 -0.707105 -0.000004
vn 0.707109 -0.707105 -0.000004
vn 0.271055 -0.962564 0.000000
vn 0.271055 -0.962564 0.000000
vn 0.271055 -0.962564 0.000000
vn 0.271055 -0.962564 0.000000
vn 0.271055 -0.962564 0.000000
vn 0.271055 -0.962564 0.000000
vn 0.271055 -0.962564 0.000000
vn 0.271055 -0.962564 0.000000
vn 0.258812 -0.965928 0.000000
vn 0.258812 -0.965928 0.000000
vn 0.258812 -0.965928 0.000000
vn 0.258812 -0.965928 0.000000
vn -0.000001 0.000000 1.000000
vn -0.000001 0.000000 1.000000
vn -0.000001 0.000000 1.000000
vn -0.000001 0.000000 1.000000
vn 0.000000 0.000000 1.000000
vn 0.000000 0.000000 1.000000
vn 0.000000 0.000000 1.000000
vn 0.000000 0.000000 1.000000
vn 0.000000 0.000000 1.000000
vn 0.000000 0.000000 1.000000
vn 0.000000 0.000000 1.000000
vn 0.000000 0.000000 1.000000
vn -0.000002 0.000000 1.000000
vn -0.000002 0.000000 1.000000
vn -0.000002 0.000000 1.000000
vn -0.000002 0.000000 1.000000
vn 0.000000 0.000000 1.000000
vn 0.000000 0.000000 1.000000
vn 0.000000 0.000000 1.000000
vn 0.000000 0.000000 1.000000
vn 0.000000 0.000000 -1.000000
vn 0.000000 0.000000 -1.000000
vn 0.000000 0.000000 -1.000000
vn 0.000000 0.000000 -1.000000
vn 0.000001 0.000000 -1.000000
vn 0.000001 0.000000 -1.000000
vn 0.000001 0.000000 -1.000000
vn 0.000001 0.000000 -1.000000
vn 0.000000 0.000000 -1.000000
vn 0.000000 0.000000 -1.000000
vn 0.000000 0.000000 -1.000000
vn 0.000000 0.000000 -1.000000
vn -0.000003 0.000000 -1.000000
vn -0.000003 0.000000 -1.000000
vn -0.000003 0.000000 -1.000000
vn -0.000003 0.000000 -1.000000
vn 0.000000 0.000000 -1.000000
vn 0.000000 0.000000 -1.000000
vn 0.000000 0.000000 -1.000000
vn 0.000000 0.000000 -1.000000
vn 0.000000 0.000000 1.000000
vn 0.000000 0.000000 1.000000
vn 0.000000 0.000000 1.000000
vn 0.000000 0.000000 1.000000
vn 0.000002 0.000000 1.000000
vn 0.000002 0.000000 1.000000
vn 0.000002 0.000000 1.000000
vn 0.000002 0.000000 1.000000
vn -0.000002 0.000000 1.000000
vn -0.000002 0.000000 1.000000
vn -0.000002 0.000000 1.000000
vn -0.000002 0.000000 1.000000
vn 0.000001 0.000000 1.000000
vn 0.000001 0.000000 1.000000
vn 0.000001 0.000000 1.000000
vn 0.000001 0.000000 1.000000
vn -0.000001 0.000000 1.000000
vn -0.000001 0.000000 1.000000
vn -0.000001 0.000000 1.000000
vn -0.000001 0.000000 1.000000
vn 0.000000 0.000000 1.000000
vn 0.000000 0.000000 1.000000
vn 0.000000 0.000000 1.000000
vn 0.000000 0.000000 1.000000
vn 0.000000 0.000000 -1.000000
vn 0.000000 0.000000 -1.000000
vn 0.000000 0.000000 -1.000000
vn 0.000000 0.000000 -1.000000
vn -0.000002 0.000000 -1.000000
vn -0.000002 0.000000 -1.000000
vn -0.000002 0.000000 -1.000000
vn -0.000002 0.000000 -1.000000
vn 0.000003 0.000000 -1.000000
vn 0.000003 0.000000 -1.000000
vn 0.000003 0.000000 -1.000000
vn 0.000003 0.000000 -1.000000
vn 0.000001 0.000000 -1.000000
vn 0.000001 0.000000 -1.000000
vn 0.000001 0.000000 -1.000000
vn 0.000001 0.000000 -1.000000
vn 0.000002 0.000000 -1.000000
vn 0.000002 0.000000 -1.000000
vn 0.000002 0.000000 -1.000000
vn 0.000002 0.000000 -1.000000
vn 0.000000 0.000000 -1.000000
vn 0.000000 0.000000 -1.000000
vn 0.000000 0.000000 -1.000000
vn 0.000000 0.000000 -1.000000
vn -0.007899 0.999928 0.008990
vn -0.431054 0.761050 0.484763
vn 0.431054 0.761050 0.484763
vn 0.007899 0.999928 0.008990
vn 0.000000 0.519997 0.854168
vn 0.000000 0.519997 0.854168
vn 0.000000 0.160985 0.986957
vn 0.000000 0.092766 0.995688
vn 0.000000 0.092766 0.995688
vn 0.000000 0.160986 0.986957
vn 0.007899 0.999928 -0.008990
vn -0.007899 0.999928 -0.008990
vn 0.986091 0.166204 0.000000
vn 0.995384 0.095973 0.000000
vn 0.995384 0.095973 0.000000
vn 0.986091 0.166204 0.000000
vn 0.431054 0.761050 -0.484763
vn 0.846450 0.532468 0.000000
vn 0.846450 0.532468 0.000000
vn -0.995384 0.095973 0.000000
vn -0.986091 0.166204 0.000000
vn -0.986091 0.166204 0.000000
vn -0.995384 0.095973 0.000000
vn -0.846450 0.532468 0.000000
vn -0.431054 0.761050 -0.484763
vn -0.846450 0.532468 0.000000
vn 0.000000 0.092766 -0.995688
vn 0.000000 0.160985 -0.986957
vn 0.000000 0.160986 -0.986957
vn 0.000000 0.092766 -0.995688
vn 0.000000 0.519997 -0.854168
vn 0.000000 0.519997 -0.854168
vn -0.419304 -0.907846 0.000000
vn -0.419304 -0.907846 0.000000
vn -0.419304 -0.907846 0.000000
vn -0.419304 -0.907846 0.000000
vn 0.000000 -0.890689 0.454614
vn 0.000000 -0.890689 0.454614
vn 0.000000 -0.890689 0.454614
vn 0.000000 -0.890689 0.454614
vn 0.419305 -0.907845 0.000000
vn 0.419305 -0.907845 0.000000
vn 0.419305 -0.907845 0.000000
vn 0.419305 -0.907845 0.000000
vn 0.000000 -0.890689 -0.454612
vn 0.000000 -0.890689 -0.454612
vn 0.000000 -0.890689 -0.454612
vn 0.000000 -0.890689 -0.454612
vn 0.000000 -1.000000 0.000000
vn 0.000000 -1.000000 0.000000
vn 0.000000 -1.000000 0.000000
vn 0.000000 -1.000000 0.000000
vn 0.000000 0.000000 1.000000
vn 0.000000 0.000000 1.000000
vn 0.000000 0.000000 -1.000000
vn 0.000000 0.000000 -1.000000
vn 1.000000 0.000000 0.000000
vn 1.000000 0.000000 0.000000
vn -1.000000 0.000000 0.000000
vn -1.000000 0.000000 0.000000
vn -0.009070 0.001195 -0.999958
vn -0.006916 0.382064 -0.924110
vn 0.006916 0.382064 -0.924110
vn 0.009070 0.001195 -0.999958
vn -0.006401 0.707075 -0.707110
vn 0.006401 0.707075 -0.707109
vn -0.006916 0.924109 -0.382067
vn 0.006916 0.924109 -0.382067
vn -0.009073 0.999959 -0.000822
vn 0.009073 0.999959 -0.000822
vn -0.999999 0.001204 -0.000828
vn -0.923914 0.000912 -0.382599
vn -0.923914 -0.000912 -0.382599
vn -0.999999 -0.001204 -0.000828
vn -0.707105 0.000843 -0.707108
vn -0.707105 -0.000843 -0.707108
vn -0.382604 0.000912 -0.923912
vn -0.382604 -0.000912 -0.923912
vn -0.009070 -0.001195 -0.999958
vn -0.382627 0.923903 -0.000628
vn -0.382627 0.923903 0.000628
vn -0.009073 0.999959 0.000822
vn -0.707111 0.707102 -0.000580
vn -0.707111 0.707102 0.000580
vn -0.923904 0.382624 -0.000628
vn -0.923904 0.382624 0.000628
vn -0.999999 0.001204 0.000828
vn -0.009073 -0.999959 -0.000822
vn -0.006916 -0.924110 -0.382063
vn 0.006916 -0.924110 -0.382063
vn 0.009072 -0.999959 -0.000822
vn -0.006401 -0.707088 -0.707096
vn 0.006401 -0.707088 -0.707096
vn -0.006917 -0.382067 -0.924109
vn 0.006916 -0.382067 -0.924109
vn 0.009070 -0.001195 -0.999958
vn -0.923903 -0.382626 -0.000628
vn -0.923903 -0.382626 0.000628
vn -0.999999 -0.001204 0.000828
vn -0.707111 -0.707102 -0.000580
vn -0.707111 -0.707102 0.000580
vn -0.382629 -0.923902 -0.000628
vn -0.382629 -0.923902 0.000628
vn -0.009073 -0.999959 0.000822
vn -0.006916 0.924109 0.382067
vn 0.006916 0.924109 0.382067
vn 0.009073 0.999959 0.000822
vn -0.006401 0.707088 0.707096
vn 0.006401 0.707089 0.707096
vn -0.006916 0.382087 0.924101
vn 0.006916 0.382087 0.924101
vn -0.009072 0.001195 0.999958
vn 0.009072 0.001195 0.999958
vn -0.382627 0.000912 0.923903
vn -0.382627 -0.000912 0.923903
vn -0.009072 -0.001195 0.999958
vn -0.707118 0.000843 0.707095
vn -0.707118 -0.000843 0.707095
vn -0.923914 0.000912 0.382599
vn -0.923914 -0.000912 0.382599
vn -0.006917 -0.382090 0.924099
vn 0.006917 -0.382090 0.924099
vn 0.009072 -0.001195 0.999958
vn -0.006401 -0.707102 0.707083
vn 0.006401 -0.707102 0.707083
vn -0.006916 -0.924110 0.382063
vn 0.006916 -0.924110 0.382063
vn 0.009072 -0.999959 0.000822
vn 0.382626 -0.000912 0.923903
vn 0.382626 0.000912 0.923903
vn 0.707117 -0.000843 0.707096
vn 0.707117 0.000843 0.707096
vn 0.923914 -0.000912 0.382599
vn 0.923914 0.000912 0.382599
vn 0.999977 -0.005645 0.003883
vn 0.999961 0.007297 0.005020
vn 0.923903 -0.382626 0.000628
vn 0.923903 -0.382626 -0.000628
vn 0.999977 -0.005645 -0.003883
vn 0.707105 -0.707108 0.000580
vn 0.707105 -0.707108 -0.000580
vn 0.382626 -0.923903 0.000628
vn 0.382626 -0.923903 -0.000628
vn 0.923914 -0.000912 -0.382599
vn 0.923914 0.000912 -0.382599
vn 0.999961 0.007298 -0.005020
vn 0.707103 -0.000843 -0.707110
vn 0.707103 0.000843 -0.707110
vn 0.382603 -0.000912 -0.923913
vn 0.382603 0.000912 -0.923913
vn 0.382629 0.923902 0.000628
vn 0.382629 0.923902 -0.000628
vn 0.707114 0.707099 0.000580
vn 0.707114 0.707099 -0.000580
vn 0.923904 0.382624 0.000628
vn 0.923904 0.382624 -0.000628
vn -0.337467 0.878770 -0.337460
vn -0.306178 0.673131 -0.673164
vn -0.337451 0.337460 -0.878777
vn -0.673137 0.306185 -0.673155
vn -0.878772 0.337464 -0.337458
vn -0.673153 0.673140 -0.306184
vn -0.577341 0.577354 -0.577355
vn -0.337457 -0.337460 -0.878774
vn -0.306182 -0.673143 -0.673150
vn -0.337460 -0.878775 -0.337454
vn -0.673150 -0.673146 -0.306175
vn -0.878777 -0.337458 -0.337450
vn -0.673142 -0.306183 -0.673151
vn -0.577347 -0.577353 -0.577351
vn -0.337467 0.337474 0.878765
vn -0.306177 0.673143 0.673152
vn -0.337460 0.878771 0.337464
vn -0.673149 0.673140 0.306192
vn -0.878772 0.337458 0.337463
vn -0.673152 0.306176 0.673144
vn -0.577332 0.577349 0.577370
vn -0.337451 -0.878776 0.337460
vn -0.306175 -0.673154 0.673142
vn -0.337469 -0.337473 0.878765
vn -0.673153 -0.306177 0.673142
vn -0.878778 -0.337452 0.337455
vn -0.673146 -0.673147 0.306182
vn -0.577334 -0.577348 0.577369
vn 0.878770 -0.337460 0.337467
vn 0.673154 -0.306185 0.673138
vn 0.337475 -0.337469 0.878764
vn 0.306182 -0.673154 0.673139
vn 0.337457 -0.878774 0.337461
vn 0.673145 -0.673145 0.306189
vn 0.577345 -0.577343 0.577363
vn 0.337454 -0.337458 -0.878776
vn 0.673142 -0.306187 -0.673149
vn 0.878771 -0.337463 -0.337460
vn 0.673148 -0.673146 -0.306180
vn 0.337461 -0.878775 -0.337454
vn 0.306181 -0.673145 -0.673149
vn 0.577355 -0.577350 -0.577346
vn 0.337461 0.337473 0.878767
vn 0.673152 0.306176 0.673144
vn 0.878777 0.337452 0.337457
vn 0.673150 0.673141 0.306187
vn 0.337461 0.878770 0.337467
vn 0.306176 0.673150 0.673146
vn 0.577332 0.577348 0.577371
vn 0.878777 0.337456 -0.337453
vn 0.673141 0.306175 -0.673155
vn 0.337452 0.337458 -0.878777
vn 0.306176 0.673141 -0.673155
vn 0.337465 0.878771 -0.337461
vn 0.673152 0.673142 -0.306180
vn 0.577342 0.577357 -0.577352
vn 0.250328 0.000000 -0.968161
vn 0.498386 0.000000 -0.866955
vn 0.498384 0.000000 -0.866957
vn 0.250328 0.000000 -0.968161
vn 0.748643 0.000000 -0.662973
vn 0.748646 0.000000 -0.662971
vn 0.952019 0.259619 -0.162045
vn 0.953113 -0.256700 -0.160256
vn 0.999998 0.001663 -0.001043
vn 0.999998 -0.001663 -0.001043
vn 0.999998 0.001665 0.001044
vn 0.999998 -0.001663 0.001043
vn 1.000000 0.000241 -0.000158
vn 1.000000 -0.000340 -0.000222
vn 1.000000 0.000241 0.000157
vn 1.000000 -0.000341 0.000223
vn 0.260092 0.000003 -0.965584
vn 0.260033 0.000003 -0.965600
vn 0.180858 0.983509 -0.000002
vn 0.180920 0.983498 -0.000002
vn 0.166400 0.986058 -0.000001
vn 0.166345 0.986068 -0.000001
vn 0.260093 -0.000003 0.965584
vn 0.260034 -0.000003 0.965599
vn 0.250029 -0.000002 0.968239
vn 0.250084 -0.000002 0.968224
vn 0.180859 -0.983509 0.000002
vn 0.180921 -0.983498 0.000002
vn 0.166633 -0.986019 0.000000
vn 0.166633 -0.986019 0.000000
vn 0.573524 0.000058 -0.819189
vn 0.574100 0.000058 -0.818786
vn 0.827062 0.000118 -0.562111
vn 0.827547 0.000119 -0.561397
vn 0.982632 0.155174 -0.101763
vn 0.982709 -0.154880 -0.101470
vn 0.529835 -0.848101 0.000039
vn 0.529243 -0.848471 0.000039
vn 0.814633 -0.579977 0.000080
vn 0.814163 -0.580637 0.000080
vn 0.982632 -0.155174 0.101763
vn 0.529227 0.848480 -0.000039
vn 0.529822 0.848109 -0.000039
vn 0.814173 0.580623 -0.000080
vn 0.814645 0.579960 -0.000080
vn 0.982706 0.154891 0.101479
vn 0.574123 -0.000058 0.818769
vn 0.573549 -0.000058 0.819171
vn 0.827539 -0.000119 0.561408
vn 0.827055 -0.000118 0.562121
vn 0.424829 0.905273 -0.000027
vn 0.425654 0.904886 -0.000027
vn 0.710743 0.703452 -0.000066
vn 0.711176 0.703015 -0.000066
vn 0.951379 0.261318 0.163069
vn 0.494779 -0.000042 0.869019
vn 0.493966 -0.000042 0.869482
vn 0.743429 -0.000100 0.668814
vn 0.742965 -0.000100 0.669330
vn 0.952431 -0.258486 0.161429
vn 0.429699 -0.902972 0.000000
vn 0.429699 -0.902972 0.000000
vn 0.717269 -0.696796 0.000000
vn 0.717266 -0.696799 0.000000
vn -0.064533 -0.997915 0.001421
vn -0.382584 -0.923920 0.001146
vn -0.382584 -0.923920 -0.001146
vn -0.064533 -0.997915 -0.001421
vn -0.707105 -0.707107 0.001059
vn -0.707105 -0.707107 -0.001059
vn -0.923919 -0.382586 0.001146
vn -0.923919 -0.382586 -0.001146
vn -0.999998 -0.001194 0.001516
vn -0.999998 -0.001194 -0.001516
vn -0.065871 -0.001149 0.997828
vn -0.051525 -0.377660 0.924510
vn 0.000000 -0.382690 0.923877
vn 0.000000 -0.001216 0.999999
vn -0.048188 -0.706290 0.706280
vn 0.000000 -0.707114 0.707099
vn -0.051523 -0.924510 0.377658
vn 0.000000 -0.923877 0.382690
vn 0.000000 -0.999999 0.001514
vn -0.923815 -0.000902 0.382837
vn -0.922918 0.000003 0.384998
vn -0.999999 0.000000 0.001543
vn -0.707115 -0.000835 0.707098
vn -0.707113 0.000002 0.707100
vn -0.382497 -0.000907 0.923956
vn -0.384651 -0.000001 0.923062
vn -0.068619 -0.000001 0.997643
vn 0.000000 -0.001175 0.999999
vn 0.000000 0.000000 1.000000
vn 0.000000 0.000000 1.000000
vn 0.000000 -0.001178 0.999999
vn 0.000000 0.000000 1.000000
vn 0.000000 -0.001174 0.999999
vn 0.000000 0.000000 1.000000
vn -0.000000 -0.001201 0.999999
vn -0.000000 0.000000 1.000000
vn 0.000000 -0.999999 0.001513
vn 0.000000 -0.999999 0.001513
vn 0.000000 -0.999999 -0.001513
vn 0.000000 -0.999999 -0.001513
vn 0.000000 -0.999999 0.001513
vn 0.000000 -0.999999 -0.001513
vn 0.000000 -0.999999 0.001513
vn 0.000000 -0.999999 -0.001513
vn 0.000000 -0.999999 -0.001514
vn 0.000000 -0.382678 0.923882
vn 0.001115 -0.382577 0.923923
vn 0.001471 -0.001199 0.999998
vn 0.000000 -0.707114 0.707099
vn 0.001031 -0.707114 0.707099
vn 0.000000 -0.923882 0.382678
vn 0.001115 -0.923923 0.382578
vn 0.001470 -0.999998 0.001511
vn -0.999999 -0.000000 0.001500
vn -0.924345 -0.000034 0.381558
vn -0.924386 0.017067 0.381077
vn -0.999754 0.022138 0.001482
vn -0.707109 -0.000018 0.707105
vn -0.707031 0.015856 0.707005
vn -0.381401 0.000010 0.924410
vn -0.380971 0.017105 0.924429
vn -0.082123 0.000008 0.996622
vn -0.082972 0.020080 0.996350
vn -0.999999 -0.000000 0.001540
vn -0.999999 -0.000001 0.001519
vn -0.999999 -0.000001 -0.001519
vn -0.999999 -0.000000 -0.001540
vn -0.999999 -0.000001 0.001517
vn -0.999999 -0.000001 -0.001517
vn -0.999999 -0.000001 0.001515
vn -0.999999 -0.000001 -0.001515
vn -0.999999 -0.000000 -0.001500
vn -0.077915 0.000023 0.996960
vn 0.065322 0.015516 0.997744
vn 0.075029 0.002777 0.997178
vn -0.073967 0.000027 0.997261
vn 0.047479 0.020376 0.998664
vn -0.070393 0.000020 0.997519
vn 0.023322 0.016906 0.999585
vn -0.069506 0.000003 0.997582
vn 0.001913 0.001940 0.999996
vn 0.353218 0.014736 0.935425
vn 0.373347 0.022650 0.927415
vn 0.077917 0.021465 0.996729
vn 0.688170 0.027494 0.725028
vn 0.706930 0.023520 0.706892
vn 0.916594 0.029353 0.398742
vn 0.926656 0.022887 0.375214
vn 0.999720 0.023597 0.001625
vn 0.999712 0.023946 0.001410
vn 0.001455 0.999998 0.001615
vn 0.001656 0.915418 0.402502
vn 0.001288 0.924051 0.382266
vn 0.001477 0.999998 0.001467
vn 0.001354 0.684907 0.728630
vn 0.001225 0.702100 0.712078
vn 0.000608 0.352753 0.935716
vn 0.001215 0.372969 0.927843
vn 0.000036 0.031247 0.999512
vn 0.001430 0.034006 0.999421
vn 0.925135 0.379633 0.002060
vn 0.924571 0.381005 -0.002107
vn 0.999717 0.023741 -0.001625
vn 0.710405 0.703789 0.002392
vn 0.709294 0.704909 -0.002494
vn 0.385743 0.922604 0.002073
vn 0.384413 0.923159 -0.002145
vn 0.001447 0.999998 -0.001585
vn -0.082122 0.000009 -0.996622
vn -0.381406 0.000013 -0.924408
vn -0.380977 0.017107 -0.924426
vn -0.082972 0.020081 -0.996350
vn -0.707109 -0.000015 -0.707104
vn -0.707031 0.015857 -0.707005
vn -0.924342 -0.000032 -0.381565
vn -0.924383 0.017067 -0.381084
vn -0.999754 0.022138 -0.001482
vn -0.069506 0.000003 -0.997582
vn -0.070393 0.000020 -0.997519
vn 0.022918 0.016523 -0.999601
vn 0.001855 0.001877 -0.999997
vn -0.073964 0.000025 -0.997261
vn 0.047078 0.020114 -0.998689
vn -0.077909 0.000023 -0.996961
vn 0.065098 0.015449 -0.997759
vn 0.075020 0.002773 -0.997178
vn -0.999999 0.000000 -0.001543
vn -0.922913 0.000003 -0.385010
vn -0.923810 -0.000902 -0.382849
vn -0.707113 0.000001 -0.707100
vn -0.707115 -0.000835 -0.707098
vn -0.384666 -0.000001 -0.923056
vn -0.382511 -0.000907 -0.923950
vn -0.068619 -0.000001 -0.997643
vn -0.065871 -0.001149 -0.997828
vn 0.916628 0.029076 -0.398683
vn 0.926655 0.022889 -0.375217
vn 0.999712 0.023945 -0.001410
vn 0.688103 0.027322 -0.725098
vn 0.706926 0.023522 -0.706897
vn 0.353175 0.014666 -0.935442
vn 0.373347 0.022649 -0.927415
vn 0.077922 0.021464 -0.996728
vn 0.000055 0.030750 -0.999527
vn 0.000782 0.354324 -0.935122
vn 0.001452 0.376080 -0.926586
vn 0.001459 0.033631 -0.999433
vn 0.001569 0.687969 -0.725738
vn 0.001504 0.706288 -0.707923
vn 0.001792 0.916848 -0.399232
vn 0.001466 0.925939 -0.377671
vn 0.001478 0.999998 -0.001429
vn 0.000000 0.000000 -1.000000
vn -0.000003 0.000000 -1.000000
vn -0.000003 -0.001187 -0.999999
vn 0.000000 -0.001220 -0.999999
vn -0.000003 0.000000 -1.000000
vn -0.000003 -0.001189 -0.999999
vn 0.000000 0.000000 -1.000000
vn 0.000000 -0.001186 -0.999999
vn 0.000000 0.000000 -1.000000
vn 0.000000 -0.001200 -0.999999
vn -0.051523 -0.924506 -0.377669
vn 0.000000 -0.923872 -0.382701
vn -0.048185 -0.706292 -0.706279
vn 0.000000 -0.707114 -0.707099
vn -0.051522 -0.377671 -0.924505
vn 0.000000 -0.382704 -0.923871
vn 0.000000 -0.923883 -0.382675
vn 0.001115 -0.923918 -0.382588
vn 0.001470 -0.999998 -0.001511
vn 0.000000 -0.707114 -0.707099
vn 0.001030 -0.707114 -0.707099
vn 0.000000 -0.382676 -0.923882
vn 0.001115 -0.382590 -0.923918
vn 0.001470 -0.001199 -0.999998
vn 0.999998 -0.001199 0.001512
vn 0.923919 -0.382586 0.001146
vn 0.923919 -0.382586 -0.001146
vn 0.999998 -0.001199 -0.001512
vn 0.707107 -0.707106 0.001059
vn 0.707107 -0.707106 -0.001059
vn 0.382587 -0.923919 0.001146
vn 0.382587 -0.923919 -0.001146
vn 0.382598 -0.000909 0.923914
vn 0.382684 0.000000 0.923879
vn 0.001473 0.000000 0.999999
vn 0.707114 -0.000840 0.707099
vn 0.707114 0.000000 0.707099
vn 0.923916 -0.000909 0.382595
vn 0.923880 0.000000 0.382682
vn 0.999999 0.000000 0.001514
vn 0.382574 0.923924 0.001146
vn 0.382562 0.923929 -0.001146
vn 0.707106 0.707107 0.001059
vn 0.707106 0.707107 -0.001060
vn 0.923925 0.382573 0.001146
vn 0.923930 0.382561 -0.001146
vn 0.999364 0.035617 0.001463
vn 0.999365 0.035613 -0.001463
vn 0.001471 0.000000 -0.999999
vn 0.382669 0.000000 -0.923886
vn 0.382608 -0.000909 -0.923910
vn 0.707112 0.000000 -0.707101
vn 0.707112 -0.000840 -0.707101
vn 0.923886 0.000000 -0.382667
vn 0.923911 -0.000909 -0.382606
vn 0.999999 0.000000 -0.001513
vn -0.923921 0.382582 0.001146
vn -0.923921 0.382582 -0.001146
vn -0.707109 0.707104 0.001059
vn -0.707109 0.707104 -0.001059
vn -0.382575 0.923924 0.001146
vn -0.382575 0.923924 -0.001146
vn -0.085802 0.996311 0.001388
vn -0.085802 0.996311 -0.001388
vn -0.069903 0.924187 0.375489
vn 0.070158 0.924069 0.375733
vn 0.085737 0.996317 0.001391
vn -0.065720 0.705577 0.705579
vn 0.066159 0.705550 0.705566
vn -0.069910 0.375492 0.924185
vn 0.070206 0.375765 0.924052
vn 0.382382 0.924004 0.001153
vn 0.382382 0.924004 -0.001152
vn 0.085736 0.996317 -0.001391
vn 0.707104 0.707109 0.001069
vn 0.707104 0.707109 -0.001069
vn 0.924003 0.382383 0.001152
vn 0.924003 0.382383 -0.001152
vn 0.070155 0.924069 -0.375733
vn -0.069898 0.924184 -0.375497
vn 0.066150 0.705555 -0.705561
vn -0.065717 0.705581 -0.705575
vn 0.070200 0.375768 -0.924051
vn -0.069912 0.375496 -0.924184
vn -0.878776 -0.337459 0.337454
vn -0.673151 -0.673147 0.306172
vn -0.337459 -0.878775 0.337454
vn -0.306182 -0.673148 0.673145
vn -0.337459 -0.337459 0.878773
vn -0.673147 -0.306184 0.673145
vn -0.577349 -0.577348 0.577354
vn 0.000000 -0.382669 0.923886
vn 0.000000 -0.382669 0.923886
vn 0.000000 -0.382671 0.923885
vn 0.000000 -0.707116 0.707098
vn 0.000000 -0.923886 0.382668
vn 0.000000 -0.923885 0.382670
vn 0.000000 -0.923886 0.382669
vn 0.000000 -0.707114 0.707100
vn 0.000000 -0.707114 0.707100
vn -0.382365 0.000038 0.924012
vn -0.707110 -0.000044 0.707103
vn -0.923860 -0.000093 0.382731
vn -0.923821 -0.000093 0.382825
vn -0.923785 -0.000090 0.382911
vn -0.923074 -0.000009 0.384623
vn -0.707107 -0.000004 0.707107
vn -0.707112 -0.000046 0.707101
vn -0.383934 0.000006 0.923360
vn -0.382312 0.000036 0.924033
vn -0.382339 0.000054 0.924022
vn -0.707107 -0.000033 0.707107
vn 0.827034 0.342042 0.446119
vn 0.606429 0.242268 0.757331
vn 0.318429 0.102183 0.942423
vn 0.241715 0.142796 0.959783
vn 0.117376 0.106204 0.987392
vn 0.011349 0.013829 0.999840
vn 0.012386 0.026500 0.999572
vn 0.158486 0.233294 0.959404
vn 0.006336 0.031471 0.999485
vn 0.093017 0.313162 0.945133
vn 0.231290 0.590681 0.773047
vn 0.335191 0.821588 0.461130
vn 0.616687 0.614214 0.492380
vn 0.406259 0.393419 0.824728
vn -0.923859 -0.000089 -0.382732
vn -0.707110 -0.000040 -0.707104
vn -0.382355 0.000038 -0.924015
vn -0.382334 0.000044 -0.924024
vn -0.382310 0.000036 -0.924034
vn -0.383939 0.000005 -0.923359
vn -0.707103 -0.000007 -0.707111
vn -0.707106 -0.000046 -0.707108
vn -0.923071 -0.000012 -0.384631
vn -0.923783 -0.000091 -0.382916
vn -0.923819 -0.000090 -0.382830
vn -0.707103 -0.000038 -0.707110
vn 0.317600 0.101546 -0.942772
vn 0.605934 0.240133 -0.758407
vn 0.828111 0.339152 -0.446327
vn 0.619423 0.611842 -0.491899
vn 0.336999 0.823222 -0.456877
vn 0.229967 0.594693 -0.770361
vn 0.090150 0.316330 -0.944356
vn 0.005674 0.031204 -0.999497
vn 0.011521 0.025956 -0.999597
vn 0.155099 0.232853 -0.960064
vn 0.010740 0.013414 -0.999852
vn 0.114789 0.104728 -0.987854
vn 0.239657 0.141309 -0.960519
vn 0.405522 0.391692 -0.825911
vn -0.337460 -0.878772 -0.337461
vn -0.673149 -0.673143 -0.306184
vn -0.878775 -0.337455 -0.337459
vn -0.673150 -0.306179 -0.673144
vn -0.337462 -0.337463 -0.878771
vn -0.306181 -0.673148 -0.673146
vn -0.577353 -0.577349 -0.577349
vn 0.000000 -0.923880 -0.382682
vn 0.000000 -0.923880 -0.382683
vn 0.000000 -0.923880 -0.382682
vn 0.000000 -0.707115 -0.707098
vn 0.000000 -0.382686 -0.923879
vn 0.000000 -0.382685 -0.923879
vn 0.000000 -0.382684 -0.923879
vn 0.000000 -0.707115 -0.707099
vn 0.000000 -0.707115 -0.707098
vn 0.337462 -0.337460 0.878772
vn 0.306187 -0.673147 0.673144
vn 0.337462 -0.878774 0.337455
vn 0.673150 -0.673146 0.306174
vn 0.878776 -0.337455 0.337456
vn 0.673147 -0.306182 0.673146
vn 0.577350 -0.577346 0.577355
vn 0.337505 0.878761 0.337445
vn 0.306245 0.673152 0.673113
vn 0.337499 0.337507 0.878740
vn 0.380105 0.027771 0.924527
vn 0.706879 0.025831 0.706862
vn 0.673159 0.306257 0.673100
vn 0.924528 0.027769 0.380101
vn 0.878767 0.337501 0.337433
vn 0.673151 0.673148 0.306169
vn 0.577381 0.577369 0.577301
vn 0.380106 0.027767 -0.924526
vn 0.337566 0.337478 -0.878725
vn 0.306338 0.673115 -0.673107
vn 0.337561 0.878725 -0.337485
vn 0.673171 0.673105 -0.306218
vn 0.878760 0.337475 -0.337477
vn 0.924528 0.027768 -0.380100
vn 0.706878 0.025829 -0.706863
vn 0.673178 0.306220 -0.673099
vn 0.577426 0.577321 -0.577304
vn 0.337461 -0.878772 -0.337460
vn 0.306182 -0.673149 -0.673144
vn 0.337464 -0.337464 -0.878770
vn 0.673150 -0.306180 -0.673144
vn 0.878774 -0.337457 -0.337460
vn 0.673147 -0.673145 -0.306185
vn 0.577354 -0.577350 -0.577347
vn -0.337460 0.878774 0.337457
vn -0.673156 0.673140 0.306176
vn -0.878780 0.337452 0.337449
vn -0.673153 0.306186 0.673138
vn -0.337463 0.337473 0.878767
vn -0.306194 0.673152 0.673136
vn -0.577352 0.577360 0.577339
vn 0.878046 0.338819 0.337989
vn 0.672396 0.673491 0.307072
vn 0.337477 0.878583 0.337937
vn 0.306513 0.673483 0.672660
vn 0.337634 0.338967 0.878126
vn 0.672493 0.308357 0.672807
vn 0.576587 0.578360 0.577102
vn 0.337636 0.338958 -0.878129
vn 0.306508 0.673485 -0.672660
vn 0.337472 0.878584 -0.337939
vn 0.672398 0.673489 -0.307073
vn 0.878047 0.338818 -0.337989
vn 0.672494 0.308351 -0.672808
vn 0.576595 0.578358 -0.577096
vn -0.878778 0.337448 -0.337459
vn -0.673151 0.673142 -0.306181
vn -0.337457 0.878773 -0.337462
vn -0.306186 0.673143 -0.673149
vn -0.337467 0.337469 -0.878767
vn -0.673147 0.306178 -0.673148
vn -0.577346 0.577354 -0.577351
vn 0.923887 -0.382665 0.000000
vn 0.707120 -0.707094 0.000000
vn 0.707120 -0.707094 0.000000
vn 0.923887 -0.382665 0.000000
vn 0.382711 -0.923868 0.000000
vn 0.382711 -0.923868 0.000000
vn 0.000000 -1.000000 0.000000
vn 0.000000 -1.000000 0.000000
vn -0.382709 -0.923869 0.000000
vn -0.382709 -0.923869 0.000000
vn -0.707117 -0.707096 0.000000
vn -0.707117 -0.707096 0.000000
vn -0.923889 -0.382661 0.000000
vn -0.923889 -0.382661 0.000000
vn -1.000000 0.000005 0.000000
vn -1.000000 0.000005 0.000000
vn -0.923871 0.382703 0.000000
vn -0.923871 0.382703 0.000000
vn -0.707060 0.707154 0.000000
vn -0.707060 0.707154 0.000000
vn -0.382709 0.923869 0.000000
vn -0.382709 0.923869 0.000000
vn 0.000000 1.000000 0.000000
vn 0.000000 1.000000 0.000000
vn 0.382711 0.923868 0.000000
vn 0.382711 0.923868 0.000000
vn 0.707057 0.707156 0.000000
vn 0.707057 0.707156 0.000000
vn 0.923870 0.382707 0.000000
vn 0.923870 0.382707 0.000000
vn 1.000000 0.000000 0.000000
vn 1.000000 0.000000 0.000000
vn 0.000000 0.000000 1.000000
vn 0.000000 0.000000 1.000000
vn 0.000000 0.000000 1.000000
vn 0.000000 0.000000 1.000000
vn 0.000003 0.000000 1.000000
vn 0.000003 0.000000 1.000000
vn -0.000001 0.000000 1.000000
vn -0.000001 0.000000 1.000000
vn 0.000000 0.000000 1.000000
vn 0.000000 0.000000 1.000000
vn 0.000003 0.000000 1.000000
vn 0.000003 0.000000 1.000000
vn 0.000000 0.000000 1.000000
vn -0.000003 0.000000 1.000000
vn -0.000001 0.000000 1.000000
vn 0.000001 0.000000 1.000000
vn 0.000000 0.000000 1.000000
vn 0.000001 0.000000 -1.000000
vn 0.000001 0.000000 -1.000000
vn -0.000000 0.000000 -1.000000
vn -0.000003 0.000000 -1.000000
vn -0.000003 0.000000 -1.000000
vn 0.000000 0.000000 -1.000000
vn 0.000000 0.000000 -1.000000
vn 0.000000 0.000000 -1.000000
vn 0.000000 0.000000 -1.000000
vn -0.000001 0.000000 -1.000000
vn 0.000001 0.000000 -1.000000
vn 0.000003 0.000000 -1.000000
vn 0.000000 0.000000 -1.000000
vn -0.000003 0.000000 -1.000000
vn -0.000003 0.000000 -1.000000
vn 0.000000 0.000000 -1.000000
vn 0.000000 0.000000 -1.000000
vn -0.012119 0.999926 0.000820
vn -0.009346 0.924500 0.381068
vn 0.009177 0.923862 0.382617
vn 0.012119 0.999926 0.000820
vn -0.008584 0.708320 0.705839
vn 0.008568 0.705856 0.708303
vn -0.009288 0.383702 0.923410
vn 0.009235 0.380052 0.924919
vn -0.010757 0.003268 0.999937
vn 0.008739 0.004456 0.999952
vn -0.999651 -0.026408 0.000823
vn -0.930659 0.365887 0.000626
vn -0.930659 0.365887 -0.000626
vn -0.999651 -0.026408 -0.000823
vn -0.715638 0.698471 0.000580
vn -0.715638 0.698471 -0.000580
vn -0.385493 0.922711 0.000628
vn -0.385493 0.922711 -0.000628
vn -0.012119 0.999926 -0.000820
vn -0.385568 -0.008671 0.922639
vn -0.379506 -0.015665 0.925057
vn -0.009994 -0.004470 0.999940
vn -0.708839 -0.018815 0.705120
vn -0.705191 -0.026176 0.708534
vn -0.924253 -0.025148 0.380951
vn -0.922973 -0.033674 0.383389
vn -0.999288 -0.037711 0.000828
vn -0.006735 -0.366865 0.930250
vn 0.007101 -0.397452 0.917596
vn 0.012188 -0.003751 0.999919
vn -0.006214 -0.698430 0.715651
vn 0.006594 -0.715924 0.698147
vn -0.006692 -0.921633 0.388006
vn 0.007148 -0.926637 0.375890
vn -0.009058 -0.999959 0.000836
vn 0.009087 -0.999958 0.000809
vn -0.362181 -0.932108 0.000597
vn -0.362181 -0.932108 -0.000597
vn -0.009058 -0.999959 -0.000836
vn -0.652117 -0.758118 0.000537
vn -0.652117 -0.758118 -0.000537
vn -0.864213 -0.503125 0.000590
vn -0.864213 -0.503125 -0.000590
vn -0.999288 -0.037711 -0.000828
vn -0.010754 0.003267 -0.999937
vn -0.009288 0.383679 -0.923420
vn 0.009235 0.380029 -0.924929
vn 0.008737 0.004455 -0.999952
vn -0.008584 0.708306 -0.705853
vn 0.008568 0.705843 -0.708317
vn -0.009347 0.924500 -0.381068
vn 0.009177 0.923862 -0.382617
vn 0.012119 0.999926 -0.000820
vn -0.924253 -0.025147 -0.380951
vn -0.922973 -0.033674 -0.383390
vn -0.708825 -0.018815 -0.705134
vn -0.705178 -0.026176 -0.708547
vn -0.385544 -0.008671 -0.922649
vn -0.379482 -0.015664 -0.925067
vn -0.009992 -0.004469 -0.999940
vn -0.006692 -0.921632 -0.388007
vn 0.007148 -0.926637 -0.375889
vn 0.009087 -0.999958 -0.000809
vn -0.006214 -0.698417 -0.715664
vn 0.006593 -0.715910 -0.698161
vn -0.006735 -0.366840 -0.930260
vn 0.007100 -0.397431 -0.917605
vn 0.012185 -0.003750 -0.999919
vn 0.379814 0.925063 0.000627
vn 0.379814 0.925063 -0.000627
vn 0.698689 0.715426 0.000580
vn 0.698689 0.715426 -0.000580
vn 0.916952 0.398997 0.000628
vn 0.916952 0.398998 -0.000628
vn 0.989151 0.146901 0.000832
vn 0.989151 0.146901 -0.000832
vn 0.912941 0.135291 0.385014
vn 0.918428 0.132225 0.372836
vn 0.989875 0.141940 0.000804
vn 0.694550 0.103510 0.711959
vn 0.712134 0.102031 0.694590
vn 0.366765 0.056216 0.928614
vn 0.396738 0.055287 0.916265
vn 0.971021 -0.238995 0.000656
vn 0.971021 -0.238995 -0.000656
vn 0.989875 0.141940 -0.000804
vn 0.766659 -0.642055 0.000626
vn 0.766659 -0.642055 -0.000626
vn 0.405289 -0.914189 0.000661
vn 0.405289 -0.914189 -0.000661
vn 0.918428 0.132225 -0.372836
vn 0.912941 0.135290 -0.385014
vn 0.712122 0.102029 -0.694602
vn 0.694539 0.103508 -0.711970
vn 0.396717 0.055284 -0.916275
vn 0.366739 0.056212 -0.928624
vn -0.338079 0.331013 0.880984
vn -0.306894 0.669473 0.676477
vn -0.340054 0.877129 0.339129
vn -0.680731 0.664966 0.307286
vn -0.885284 0.319978 0.337471
vn -0.676564 0.291984 0.676023
vn -0.582044 0.569204 0.580716
vn -0.320199 -0.890359 0.323626
vn -0.293812 -0.698495 0.652517
vn -0.328040 -0.383636 0.863258
vn -0.646390 -0.401338 0.648928
vn -0.829811 -0.456853 0.320467
vn -0.624382 -0.726652 0.286573
vn -0.543888 -0.633163 0.550718
vn -0.340062 0.877127 -0.339125
vn -0.306898 0.669457 -0.676492
vn -0.338060 0.330999 -0.880997
vn -0.676552 0.291989 -0.676032
vn -0.885283 0.319984 -0.337469
vn -0.680732 0.664968 -0.307281
vn -0.582056 0.569214 -0.580695
vn -0.328028 -0.383621 -0.863268
vn -0.293816 -0.698485 -0.652527
vn -0.320204 -0.890358 -0.323623
vn -0.624383 -0.726654 -0.286565
vn -0.829809 -0.456861 -0.320460
vn -0.646380 -0.401343 -0.648935
vn -0.543894 -0.633174 -0.550700
vn 0.872060 0.354576 0.337324
vn 0.665647 0.681055 0.305086
vn 0.334901 0.880379 0.335820
vn 0.305461 0.676779 0.669824
vn 0.336860 0.343893 0.876506
vn 0.669621 0.320183 0.670143
vn 0.572672 0.585317 0.573978
vn 0.356244 -0.865352 0.352499
vn 0.724793 -0.606742 0.326403
vn 0.915367 -0.199443 0.349750
vn 0.693910 -0.200530 0.691576
vn 0.346613 -0.287856 0.892748
vn 0.319513 -0.644655 0.694501
vn 0.612081 -0.511066 0.603464
vn 0.346593 -0.287841 -0.892760
vn 0.693896 -0.200535 -0.691588
vn 0.915368 -0.199447 -0.349747
vn 0.724795 -0.606744 -0.326394
vn 0.356252 -0.865350 -0.352496
vn 0.319516 -0.644641 -0.694512
vn 0.612091 -0.511075 -0.603446
vn 0.334906 0.880379 -0.335814
vn 0.665644 0.681062 -0.305077
vn 0.872059 0.354586 -0.337316
vn 0.669610 0.320189 -0.670151
vn 0.336850 0.343877 -0.876516
vn 0.305467 0.676763 -0.669837
vn 0.572675 0.585331 -0.573960
vn -0.009073 0.999959 0.000822
vn -0.006916 0.924110 0.382063
vn 0.006916 0.924110 0.382063
vn 0.009073 0.999959 0.000822
vn -0.006401 0.707102 0.707083
vn 0.006401 0.707101 0.707084
vn -0.006917 0.382088 0.924100
vn 0.006917 0.382088 0.924100
vn -0.009063 0.002252 0.999956
vn 0.009063 0.002252 0.999956
vn -0.999997 0.002268 0.000828
vn -0.923904 0.382624 0.000628
vn -0.923904 0.382624 -0.000628
vn -0.999997 0.002268 -0.000828
vn -0.707108 0.707105 0.000580
vn -0.707108 0.707105 -0.000580
vn -0.382629 0.923902 0.000628
vn -0.382629 0.923902 -0.000628
vn -0.009073 0.999959 -0.000822
vn -0.382551 0.001720 0.923933
vn -0.382551 -0.001720 0.923933
vn -0.009063 -0.002252 0.999956
vn -0.707116 0.001590 0.707096
vn -0.707116 -0.001590 0.707096
vn -0.923942 0.001720 0.382528
vn -0.923942 -0.001720 0.382528
vn -0.999997 -0.002268 0.000828
vn -0.006917 -0.382091 0.924099
vn 0.006917 -0.382089 0.924100
vn 0.009063 -0.002252 0.999956
vn -0.006401 -0.707102 0.707083
vn 0.006402 -0.707103 0.707082
vn -0.006916 -0.924108 0.382068
vn 0.006916 -0.924109 0.382067
vn -0.009073 -0.999959 0.000822
vn 0.009073 -0.999959 0.000822
vn -0.382630 -0.923901 0.000628
vn -0.382630 -0.923901 -0.000628
vn -0.009073 -0.999959 -0.000822
vn -0.707108 -0.707105 0.000580
vn -0.707108 -0.707105 -0.000580
vn -0.923903 -0.382626 0.000628
vn -0.923903 -0.382626 -0.000628
vn -0.999997 -0.002268 -0.000828
vn -0.009061 0.002251 -0.999956
vn -0.006916 0.382065 -0.924110
vn 0.006917 0.382065 -0.924110
vn 0.009061 0.002251 -0.999956
vn -0.006401 0.707088 -0.707096
vn 0.006401 0.707088 -0.707097
vn -0.006916 0.924110 -0.382063
vn 0.006916 0.924110 -0.382063
vn 0.009073 0.999959 -0.000822
vn -0.923942 0.001720 -0.382528
vn -0.923942 -0.001720 -0.382528
vn -0.707103 0.001590 -0.707109
vn -0.707103 -0.001590 -0.707109
vn -0.382529 0.001720 -0.923942
vn -0.382529 -0.001720 -0.923942
vn -0.009061 -0.002251 -0.999956
vn -0.006916 -0.924108 -0.382068
vn 0.006916 -0.924109 -0.382067
vn 0.009073 -0.999959 -0.000822
vn -0.006401 -0.707089 -0.707096
vn 0.006401 -0.707090 -0.707095
vn -0.006917 -0.382069 -0.924108
vn 0.006917 -0.382066 -0.924109
vn 0.009061 -0.002251 -0.999956
vn 0.382623 0.923904 0.000628
vn 0.382623 0.923904 -0.000628
vn 0.707108 0.707105 0.000580
vn 0.707108 0.707105 -0.000580
vn 0.923904 0.382624 0.000628
vn 0.923904 0.382624 -0.000628
vn 0.999997 0.002268 0.000828
vn 0.999997 0.002268 -0.000828
vn 0.923943 0.001720 0.382527
vn 0.923943 -0.001720 0.382527
vn 0.999997 -0.002268 0.000828
vn 0.707118 0.001590 0.707094
vn 0.707118 -0.001590 0.707094
vn 0.382551 0.001720 0.923933
vn 0.382551 -0.001720 0.923933
vn 0.923903 -0.382626 0.000628
vn 0.923903 -0.382626 -0.000628
vn 0.999997 -0.002268 -0.000828
vn 0.707108 -0.707105 0.000580
vn 0.707108 -0.707105 -0.000580
vn 0.382630 -0.923901 0.000628
vn 0.382630 -0.923901 -0.000628
vn 0.923943 -0.001720 -0.382527
vn 0.923943 0.001720 -0.382527
vn 0.707105 -0.001590 -0.707107
vn 0.707105 0.001590 -0.707107
vn 0.382529 -0.001720 -0.923942
vn 0.382529 0.001720 -0.923942
vn -0.337468 0.337470 0.878766
vn -0.306178 0.673151 0.673144
vn -0.337455 0.878774 0.337463
vn -0.673146 0.673146 0.306186
vn -0.878777 0.337448 0.337460
vn -0.673154 0.306175 0.673142
vn -0.577330 0.577352 0.577368
vn -0.337455 -0.878775 0.337460
vn -0.306182 -0.673153 0.673140
vn -0.337477 -0.337468 0.878763
vn -0.673151 -0.306175 0.673145
vn -0.878777 -0.337450 0.337459
vn -0.673147 -0.673145 0.306185
vn -0.577336 -0.577346 0.577369
vn -0.337463 0.878773 -0.337457
vn -0.306181 0.673139 -0.673155
vn -0.337455 0.337457 -0.878776
vn -0.673142 0.306181 -0.673152
vn -0.878776 0.337456 -0.337456
vn -0.673148 0.673147 -0.306178
vn -0.577343 0.577357 -0.577351
vn -0.337458 -0.337453 -0.878776
vn -0.306182 -0.673143 -0.673150
vn -0.337461 -0.878775 -0.337454
vn -0.673150 -0.673146 -0.306177
vn -0.878777 -0.337456 -0.337454
vn -0.673140 -0.306180 -0.673155
vn -0.577349 -0.577350 -0.577352
vn 0.878771 0.337460 0.337464
vn 0.673146 0.673143 0.306192
vn 0.337455 0.878773 0.337464
vn 0.306177 0.673152 0.673144
vn 0.337469 0.337471 0.878765
vn 0.673154 0.306183 0.673138
vn 0.577340 0.577345 0.577366
vn 0.337455 -0.878774 0.337462
vn 0.673148 -0.673142 0.306188
vn 0.878774 -0.337454 0.337463
vn 0.673158 -0.306183 0.673135
vn 0.337475 -0.337471 0.878763
vn 0.306183 -0.673153 0.673140
vn 0.577339 -0.577345 0.577366
vn 0.337456 -0.337460 -0.878774
vn 0.673145 -0.306185 -0.673147
vn 0.878774 -0.337458 -0.337458
vn 0.673152 -0.673142 -0.306180
vn 0.337461 -0.878774 -0.337456
vn 0.306183 -0.673143 -0.673150
vn 0.577350 -0.577351 -0.577350
vn 0.337461 0.878773 -0.337457
vn 0.673149 0.673144 -0.306182
vn 0.878771 0.337465 -0.337458
vn 0.673143 0.306185 -0.673149
vn 0.337459 0.337456 -0.878775
vn 0.306182 0.673142 -0.673151
vn 0.577349 0.577355 -0.577346
vn 0.000000 1.000000 0.000000
vn 0.000000 1.000000 0.000000
vn 0.000000 1.000000 0.000000
vn 0.000000 1.000000 0.000000
vn 0.142148 -0.989845 0.000000
vn 0.142148 -0.989845 0.000000
vn 0.142148 -0.989845 0.000000
vn 0.142148 -0.989845 0.000000
vn -1.000000 0.000000 0.000000
vn -1.000000 0.000000 0.000000
vn -1.000000 0.000000 0.000000
vn -1.000000 0.000000 0.000000
vn -1.000000 0.000000 0.000000
vn -1.000000 0.000000 0.000000
vn -1.000000 0.000000 0.000000
vn -1.000000 0.000000 0.000000
vn 1.000000 0.000000 0.000000
vn 1.000000 0.000000 0.000000
vn 1.000000 0.000000 0.000000
vn 1.000000 0.000000 0.000000
vn 0.258808 0.965929 0.000000
vn 0.258808 0.965929 0.000000
vn 0.258808 0.965929 0.000000
vn 0.258808 0.965929 0.000000
vn 0.707116 0.707098 0.000000
vn 0.707116 0.707098 0.000000
vn 0.707116 0.707098 0.000000
vn 0.707116 0.707098 0.000000
vn 0.965933 0.258793 0.000000
vn 0.965933 0.258793 0.000000
vn 0.965933 0.258793 0.000000
vn 0.965933 0.258793 0.000000
vn 0.965925 -0.258823 0.000000
vn 0.965925 -0.258823 0.000000
vn 0.965925 -0.258823 0.000000
vn 0.965925 -0.258823 0.000000
vn 0.707109 -0.707105 0.000004
vn 0.707109 -0.707105 0.000004
vn 0.707109 -0.707105 0.000004
vn 0.707109 -0.707105 0.000004
vn 0.258812 -0.965928 0.000000
vn 0.258812 -0.965928 0.000000
vn 0.258812 -0.965928 0.000000
vn 0.258812 -0.965928 0.000000
vn 0.000000 0.000000 1.000000
vn 0.000000 0.000000 1.000000
vn 0.000000 0.000000 1.000000
vn 0.000000 0.000000 1.000000
vn 0.000000 0.000000 -1.000000
vn 0.000000 0.000000 -1.000000
vn 0.000000 0.000000 -1.000000
vn 0.000000 0.000000 -1.000000
vn 0.000003 0.000000 1.000000
vn 0.000003 0.000000 1.000000
vn 0.000003 0.000000 1.000000
vn 0.000003 0.000000 1.000000
vn -0.000001 0.000000 -1.000000
vn -0.000001 0.000000 -1.000000
vn -0.000001 0.000000 -1.000000
vn -0.000001 0.000000 -1.000000
vn 0.000000 1.000000 0.000000
vn 0.000000 1.000000 0.000000
vn 0.000000 1.000000 0.000000
vn 0.000000 1.000000 0.000000
vn 0.000000 1.000000 0.000000
vn 0.000000 1.000000 0.000000
vn 0.000000 1.000000 0.000000
vn 0.000000 1.000000 0.000000
vn 0.000000 1.000000 0.000000
vn 0.000000 1.000000 0.000000
vn 0.000000 1.000000 0.000000
vn 0.000000 1.000000 0.000000
vn 0.214893 -0.976638 0.000000
vn 0.214893 -0.976638 0.000000
vn 0.214893 -0.976638 0.000000
vn 0.214893 -0.976638 0.000000
vn 0.214893 -0.976638 0.000000
vn 0.214893 -0.976638 0.000000
vn 0.214893 -0.976638 0.000000
vn 0.214893 -0.976638 0.000000
vn 0.142148 -0.989846 0.000000
vn 0.142148 -0.989846 0.000000
vn 0.142148 -0.989846 0.000000
vn 0.142148 -0.989846 0.000000
vn -1.000000 0.000000 0.000000
vn -1.000000 0.000000 0.000000
vn -1.000000 0.000000 0.000000
vn -1.000000 0.000000 0.000000
vn -1.000000 0.000000 0.000000
vn -1.000000 0.000000 0.000000
vn -1.000000 0.000000 0.000000
vn -1.000000 0.000000 0.000000
vn -1.000000 0.000000 0.000000
vn -1.000000 0.000000 0.000000
vn -1.000000 0.000000 0.000000
vn -1.000000 0.000000 0.000000
vn -1.000000 0.000000 0.000000
vn -1.000000 0.000000 0.000000
vn -1.000000 0.000000 0.000000
vn -1.000000 0.000000 0.000000
vn -1.000000 0.000000 0.000000
vn -1.000000 0.000000 0.000000
vn -1.000000 0.000000 0.000000
vn -1.000000 0.000000 0.000000
vn -1.000000 0.000000 0.000000
vn -1.000000 0.000000 0.000000
vn -1.000000 0.000000 0.000000
vn -1.000000 0.000000 0.000000
vn 1.000000 0.000000 0.000000
vn 1.000000 0.000000 0.000000
vn 1.000000 0.000000 0.000000
vn 1.000000 0.000000 0.000000
vn 1.000000 0.000000 0.000000
vn 1.000000 0.000000 0.000000
vn 1.000000 0.000000 0.000000
vn 1.000000 0.000000 0.000000
vn 1.000000 0.000000 0.000000
vn 1.000000 0.000000 0.000000
vn 1.000000 0.000000 0.000000
vn 1.000000 0.000000 0.000000
vn 0.258812 0.965928 0.000000
vn 0.258812 0.965928 0.000000
vn 0.258812 0.965928 0.000000
vn 0.258812 0.965928 0.000000
vn 0.258812 0.965928 0.000000
vn 0.258812 0.965928 0.000000
vn 0.258812 0.965928 0.000000
vn 0.258812 0.965928 0.000000
vn 0.258808 0.965929 0.000000
vn 0.258808 0.965929 0.000000
vn 0.258808 0.965929 0.000000
vn 0.258808 0.965929 0.000000
vn 0.707105 0.707109 0.000000
vn 0.707105 0.707109 0.000000
vn 0.707105 0.707109 0.000000
vn 0.707105 0.707109 0.000000
vn 0.707105 0.707109 0.000000
vn 0.707105 0.707109 0.000000
vn 0.707105 0.707109 0.000000
vn 0.707105 0.707109 0.000000
vn 0.707116 0.707098 0.000000
vn 0.707116 0.707098 0.000000
vn 0.707116 0.707098 0.000000
vn 0.707116 0.707098 0.000000
vn 0.965930 0.258802 0.000000
vn 0.965930 0.258802 0.000000
vn 0.965930 0.258802 0.000000
vn 0.965930 0.258802 0.000000
vn 0.965930 0.258802 0.000000
vn 0.965930 0.258802 0.000000
vn 0.965930 0.258802 0.000000
vn 0.965930 0.258802 0.000000
vn 0.965933 0.258793 0.000000
vn 0.965933 0.258793 0.000000
vn 0.965933 0.258793 0.000000
vn 0.965933 0.258793 0.000000
vn 0.965926 -0.258820 0.000000
vn 0.965926 -0.258820 0.000000
vn 0.965926 -0.258820 0.000000
vn 0.965926 -0.258820 0.000000
vn 0.965926 -0.258820 0.000000
vn 0.965926 -0.258820 0.000000
vn 0.965926 -0.258820 0.000000
vn 0.965926 -0.258820 0.000000
vn 0.965925 -0.258823 0.000000
vn 0.965925 -0.258823 0.000000
vn 0.965925 -0.258823 0.000000
vn 0.965925 -0.258823 0.000000
vn 0.707116 -0.707098 0.000000
vn 0.707116 -0.707098 0.000000
vn 0.707116 -0.707098 0.000000
vn 0.707116 -0.707098 0.000000
vn 0.707116 -0.707098 0.000000
vn 0.707116 -0.707098 0.000000
vn 0.707116 -0.707098 0.000000
vn 0.707116 -0.707098 0.000000
vn 0.707109 -0.707105 -0.000004
vn 0.707109 -0.707105 -0.000004
vn 0.707109 -0.707105 -0.000004
vn 0.707109 -0.707105 -0.000004
vn 0.271055 -0.962564 0.000000
vn 0.271055 -0.962564 0.000000
vn 0.271055 -0.962564 0.000000
vn 0.271055 -0.962564 0.000000
vn 0.271055 -0.962564 0.000000
vn 0.271055 -0.962564 0.000000
vn 0.271055 -0.962564 0.000000
vn 0.271055 -0.962564 0.000000
vn 0.258812 -0.965928 0.000000
vn 0.258812 -0.965928 0.000000
vn 0.258812 -0.965928 0.000000
vn 0.258812 -0.965928 0.000000
vn 0.000000 0.000000 1.000000
vn 0.000000 0.000000 1.000000
vn 0.000000 0.000000 1.000000
vn 0.000000 0.000000 1.000000
vn 0.000000 0.000000 1.000000
vn 0.000000 0.000000 1.000000
vn 0.000000 0.000000 1.000000
vn 0.000000 0.000000 1.000000
vn -0.000001 0.000000 1.000000
vn -0.000001 0.000000 1.000000
vn -0.000001 0.000000 1.000000
vn -0.000001 0.000000 1.000000
vn -0.000002 0.000000 1.000000
vn -0.000002 0.000000 1.000000
vn -0.000002 0.000000 1.000000
vn -0.000002 0.000000 1.000000
vn 0.000002 0.000000 1.000000
vn 0.000002 0.000000 1.000000
vn 0.000002 0.000000 1.000000
vn 0.000002 0.000000 1.000000
vn 0.000001 0.000000 -1.000000
vn 0.000001 0.000000 -1.000000
vn 0.000001 0.000000 -1.000000
vn 0.000001 0.000000 -1.000000
vn -0.000001 0.000000 -1.000000
vn -0.000001 0.000000 -1.000000
vn -0.000001 0.000000 -1.000000
vn -0.000001 0.000000 -1.000000
vn 0.000002 0.000000 -1.000000
vn 0.000002 0.000000 -1.000000
vn 0.000002 0.000000 -1.000000
vn 0.000002 0.000000 -1.000000
vn -0.000003 0.000000 -1.000000
vn -0.000003 0.000000 -1.000000
vn -0.000003 0.000000 -1.000000
vn -0.000003 0.000000 -1.000000
vn 0.000000 0.000000 -1.000000
vn 0.000000 0.000000 -1.000000
vn 0.000000 0.000000 -1.000000
vn 0.000000 0.000000 -1.000000
vn 0.000000 0.000000 1.000000
vn 0.000000 0.000000 1.000000
vn 0.000000 0.000000 1.000000
vn 0.000000 0.000000 1.000000
vn -0.000002 0.000000 1.000000
vn -0.000002 0.000000 1.000000
vn -0.000002 0.000000 1.000000
vn -0.000002 0.000000 1.000000
vn 0.000000 0.000000 1.000000
vn 0.000000 0.000000 1.000000
vn 0.000000 0.000000 1.000000
vn 0.000000 0.000000 1.000000
vn 0.000001 0.000000 1.000000
vn 0.000001 0.000000 1.000000
vn 0.000001 0.000000 1.000000
vn 0.000001 0.000000 1.000000
vn 0.000000 0.000000 1.000000
vn 0.000000 0.000000 1.000000
vn 0.000000 0.000000 1.000000
vn 0.000000 0.000000 1.000000
vn 0.000000 0.000000 1.000000
vn 0.000000 0.000000 1.000000
vn 0.000000 0.000000 1.000000
vn 0.000000 0.000000 1.000000
vn -0.000000 0.000000 -1.000000
vn -0.000000 0.000000 -1.000000
vn -0.000000 0.000000 -1.000000
vn -0.000000 0.000000 -1.000000
vn 0.000000 0.000000 -1.000000
vn 0.000000 0.000000 -1.000000
vn 0.000000 0.000000 -1.000000
vn 0.000000 0.000000 -1.000000
vn 0.000000 0.000000 -1.000000
vn 0.000000 0.000000 -1.000000
vn 0.000000 0.000000 -1.000000
vn 0.000000 0.000000 -1.000000
vn -0.000001 0.000000 -1.000000
vn -0.000001 0.000000 -1.000000
vn -0.000001 0.000000 -1.000000
vn -0.000001 0.000000 -1.000000
vn 0.000000 0.000000 -1.000000
vn 0.000000 0.000000 -1.000000
vn 0.000000 0.000000 -1.000000
vn 0.000000 0.000000 -1.000000
vn 0.000000 0.000000 -1.000000
vn 0.000000 0.000000 -1.000000
vn 0.000000 0.000000 -1.000000
vn 0.000000 0.000000 -1.000000
s 1
g oven
usemtl initialShadingGroup
f 1/1/1 4/178/2 144/80/3 143/10/4
s 2
f 2/3/5 1/2/6 8/213/7 7/162/8
s 3
f 3/210/9 2/3/10 67/86/11 66/4/12
s 2
f 4/5/13 3/6/14 62/81/15 61/7/16
s 1
f 5/8/17 8/9/18 143/10/4 142/15/19
s 2
f 6/12/20 5/11/21 12/215/22 11/163/23
s 3
f 7/162/24 6/12/25 71/91/26 70/87/27
s 1
f 9/13/28 12/14/29 142/15/19 141/20/30
s 2
f 10/17/31 9/16/32 16/217/33 15/164/34
s 3
f 11/163/35 10/17/36 75/96/37 74/92/38
s 1
f 13/18/39 16/19/40 141/20/30 140/25/41
s 2
f 14/22/42 13/21/43 20/219/44 19/165/45
s 3
f 15/164/46 14/22/47 79/101/48 78/97/49
s 1
f 17/23/50 20/24/51 140/25/41 139/30/52
s 2
f 18/27/53 17/26/54 24/221/55 23/166/56
s 3
f 19/165/57 18/27/58 83/106/59 82/102/60
s 1
f 21/28/61 24/29/62 139/30/52 138/35/63
s 2
f 22/32/64 21/31/65 28/223/66 27/167/67
s 3
f 23/166/68 22/32/69 87/111/70 86/107/71
s 1
f 25/33/72 28/34/73 138/35/63 137/40/74
s 2
f 26/37/75 25/36/76 32/225/77 31/168/78
s 3
f 27/167/79 26/37/80 91/116/81 90/112/82
s 1
f 29/38/83 32/39/84 137/40/74 136/45/85
s 2
f 30/42/86 29/41/87 36/227/88 35/169/89
s 3
f 31/168/90 30/42/91 95/121/92 94/117/93
s 1
f 33/43/94 36/44/95 136/45/85 135/50/96
s 2
f 34/47/97 33/46/98 40/229/99 39/170/100
s 3
f 35/169/101 34/47/102 99/126/103 98/122/104
s 1
f 37/48/105 40/49/106 135/50/96 134/55/107
s 2
f 38/52/108 37/51/109 44/231/110 43/171/111
s 3
f 39/170/112 38/52/113 103/131/114 102/127/115
s 1
f 41/53/116 44/54/117 134/55/107 133/60/118
s 2
f 42/57/119 41/56/120 48/233/121 47/172/122
s 3
f 43/171/123 42/57/124 107/136/125 106/132/126
s 1
f 45/58/127 48/59/128 133/60/118 132/65/129
s 2
f 46/62/130 45/61/131 52/235/132 51/173/133
s 3
f 47/172/134 46/62/135 111/141/136 110/137/137
s 1
f 49/63/138 52/64/139 132/65/129 131/70/140
s 2
f 50/67/141 49/66/142 56/237/143 55/174/144
s 3
f 51/173/145 50/67/146 115/146/147 114/142/148
s 1
f 53/68/149 56/69/150 131/70/140 130/75/151
s 2
f 54/72/152 53/71/153 60/239/154 59/175/155
s 3
f 55/174/156 54/72/157 119/151/158 118/147/159
s 1
f 57/73/160 60/74/161 130/75/151 129/79/162
s 2
f 58/77/163 57/76/164 64/241/165 63/176/166
s 3
f 59/175/167 58/77/168 123/156/169 122/152/170
s 1
f 61/179/171 64/78/172 129/79/162 144/80/3
s 3
f 63/176/173 62/81/174 127/85/175 126/157/176
s 18
f 65/82/177 68/180/178 146/89/179 145/160/180
s 19
f 66/177/181 65/83/182 128/84/183 127/85/184
f 68/243/185 67/86/186 70/87/187 69/88/188
s 18
f 69/181/189 72/182/190 147/94/191 146/89/179
s 19
f 72/90/192 71/91/193 74/92/194 73/93/195
s 18
f 73/183/196 76/184/197 148/99/198 147/94/191
s 19
f 76/95/199 75/96/200 78/97/201 77/98/202
s 18
f 77/185/203 80/186/204 149/104/205 148/99/198
s 19
f 80/100/206 79/101/207 82/102/208 81/103/209
s 18
f 81/187/210 84/188/211 150/109/212 149/104/205
s 19
f 84/105/213 83/106/214 86/107/215 85/108/216
s 18
f 85/189/217 88/190/218 151/114/219 150/109/212
s 19
f 88/110/220 87/111/221 90/112/222 89/113/223
s 18
f 89/191/224 92/192/225 152/119/226 151/114/219
s 19
f 92/115/227 91/116/228 94/117/229 93/118/230
s 18
f 93/193/231 96/194/232 153/124/233 152/119/226
s 19
f 96/120/234 95/121/235 98/122/236 97/123/237
s 18
f 97/195/238 100/196/239 154/129/240 153/124/233
s 19
f 100/125/241 99/126/242 102/127/243 101/128/244
s 18
f 101/197/245 104/198/246 155/134/247 154/129/240
s 19
f 104/130/248 103/131/249 106/132/250 105/133/251
s 18
f 105/199/252 108/200/253 156/139/254 155/134/247
s 19
f 108/135/255 107/136/256 110/137/257 109/138/258
s 18
f 109/201/259 112/202/260 157/144/261 156/139/254
s 19
f 112/140/262 111/141/263 114/142/264 113/143/265
s 18
f 113/203/266 116/204/267 158/149/268 157/144/261
s 19
f 116/145/269 115/146/270 118/147/271 117/148/272
s 18
f 117/205/273 120/206/274 159/154/275 158/149/268
s 19
f 120/150/276 119/151/277 122/152/278 121/153/279
s 18
f 121/207/280 124/208/281 160/161/282 159/154/275
s 19
f 124/155/283 123/156/284 126/157/285 125/158/286
s 18
f 125/209/287 128/159/288 145/160/180 160/161/282
s 3
f 2/3/10 7/162/24 70/87/27 67/86/11
f 6/12/25 11/163/35 74/92/38 71/91/26
f 10/17/36 15/164/46 78/97/49 75/96/37
f 14/22/47 19/165/57 82/102/60 79/101/48
f 18/27/58 23/166/68 86/107/71 83/106/59
f 22/32/69 27/167/79 90/112/82 87/111/70
f 26/37/80 31/168/90 94/117/93 91/116/81
f 30/42/91 35/169/101 98/122/104 95/121/92
f 34/47/102 39/170/112 102/127/115 99/126/103
f 38/52/113 43/171/123 106/132/126 103/131/114
f 42/57/124 47/172/134 110/137/137 107/136/125
f 46/62/135 51/173/145 114/142/148 111/141/136
f 50/67/146 55/174/156 118/147/159 115/146/147
f 54/72/157 59/175/167 122/152/170 119/151/158
f 58/77/168 63/176/173 126/157/176 123/156/169
f 62/81/174 3/6/9 66/177/12 127/85/175
s 1
f 8/9/18 1/1/1 143/10/4
f 12/14/29 5/8/17 142/15/19
f 16/19/40 9/13/28 141/20/30
f 20/24/51 13/18/39 140/25/41
f 24/29/62 17/23/50 139/30/52
f 28/34/73 21/28/61 138/35/63
f 32/39/84 25/33/72 137/40/74
f 36/44/95 29/38/83 136/45/85
f 40/49/106 33/43/94 135/50/96
f 44/54/117 37/48/105 134/55/107
f 48/59/128 41/53/116 133/60/118
f 52/64/139 45/58/127 132/65/129
f 56/69/150 49/63/138 131/70/140
f 60/74/161 53/68/149 130/75/151
f 64/78/172 57/73/160 129/79/162
f 4/178/2 61/179/171 144/80/3
s 18
f 68/180/178 69/181/189 146/89/179
f 72/182/190 73/183/196 147/94/191
f 76/184/197 77/185/203 148/99/198
f 80/186/204 81/187/210 149/104/205
f 84/188/211 85/189/217 150/109/212
f 88/190/218 89/191/224 151/114/219
f 92/192/225 93/193/231 152/119/226
f 96/194/232 97/195/238 153/124/233
f 100/196/239 101/197/245 154/129/240
f 104/198/246 105/199/252 155/134/247
f 108/200/253 109/201/259 156/139/254
f 112/202/260 113/203/266 157/144/261
f 116/204/267 117/205/273 158/149/268
f 120/206/274 121/207/280 159/154/275
f 124/208/281 125/209/287 160/161/282
f 128/159/288 65/82/177 145/160/180
s 2
f 1/2/6 2/3/5 3/210/14 4/211/13
f 5/212/21 6/12/20 7/162/8 8/213/7
f 9/214/32 10/17/31 11/163/23 12/215/22
f 13/216/43 14/22/42 15/164/34 16/217/33
f 17/218/54 18/27/53 19/165/45 20/219/44
f 21/220/65 22/32/64 23/166/56 24/221/55
f 25/222/76 26/37/75 27/167/67 28/223/66
f 29/224/87 30/42/86 31/168/78 32/225/77
f 33/226/98 34/47/97 35/169/89 36/227/88
f 37/228/109 38/52/108 39/170/100 40/229/99
f 41/230/120 42/57/119 43/171/111 44/231/110
f 45/232/131 46/62/130 47/172/122 48/233/121
f 49/234/142 50/67/141 51/173/133 52/235/132
f 53/236/153 54/72/152 55/174/144 56/237/143
f 57/238/164 58/77/163 59/175/155 60/239/154
f 61/240/16 62/81/15 63/176/166 64/241/165
s 19
f 65/242/182 66/4/181 67/86/186 68/243/185
f 69/88/188 70/87/187 71/91/193 72/244/192
f 73/93/195 74/92/194 75/96/200 76/245/199
f 77/98/202 78/97/201 79/101/207 80/246/206
f 81/103/209 82/102/208 83/106/214 84/247/213
f 85/108/216 86/107/215 87/111/221 88/248/220
f 89/113/223 90/112/222 91/116/228 92/249/227
f 93/118/230 94/117/229 95/121/235 96/250/234
f 97/123/237 98/122/236 99/126/242 100/251/241
f 101/128/244 102/127/243 103/131/249 104/252/248
f 105/133/251 106/132/250 107/136/256 108/253/255
f 109/138/258 110/137/257 111/141/263 112/254/262
f 113/143/265 114/142/264 115/146/270 116/255/269
f 117/148/272 118/147/271 119/151/277 120/256/276
f 121/153/279 122/152/278 123/156/284 124/257/283
f 125/158/286 126/157/285 127/85/184 128/258/183
s 1
f 129/79/162 130/75/151 131/70/140 132/65/129 133/60/118 134/55/107 135/50/96 136/45/85 137/40/74 138/35/63 139/30/52 140/25/41 141/20/30 142/15/19 143/10/4 144/80/3
s 18
f 145/160/180 146/89/179 147/94/191 148/99/198 149/104/205 150/109/212 151/114/219 152/119/226 153/124/233 154/129/240 155/134/247 156/139/254 157/144/261 158/149/268 159/154/275 160/161/282
s 34
f 161/259/289 164/260/290 304/261/291 303/262/292
s 35
f 162/263/293 161/264/294 168/265/295 167/266/296
s 36
f 163/267/297 162/263/298 227/268/299 226/269/300
s 35
f 164/270/301 163/271/302 222/272/303 221/273/304
s 34
f 165/274/305 168/275/306 303/262/292 302/276/307
s 35
f 166/277/308 165/278/309 172/279/310 171/280/311
s 36
f 167/266/312 166/277/313 231/281/314 230/282/315
s 34
f 169/283/316 172/284/317 302/276/307 301/285/318
s 35
f 170/286/319 169/287/320 176/288/321 175/289/322
s 36
f 171/280/323 170/286/324 235/290/325 234/291/326
s 34
f 173/292/327 176/293/328 301/285/318 300/294/329
s 35
f 174/295/330 173/296/331 180/297/332 179/298/333
s 36
f 175/289/334 174/295/335 239/299/336 238/300/337
s 34
f 177/301/338 180/302/339 300/294/329 299/303/340
s 35
f 178/304/341 177/305/342 184/306/343 183/307/344
s 36
f 179/298/345 178/304/346 243/308/347 242/309/348
s 34
f 181/310/349 184/311/350 299/303/340 298/312/351
s 35
f 182/313/352 181/314/353 188/315/354 187/316/355
s 36
f 183/307/356 182/313/357 247/317/358 246/318/359
s 34
f 185/319/360 188/320/361 298/312/351 297/321/362
s 35
f 186/322/363 185/323/364 192/324/365 191/325/366
s 36
f 187/316/367 186/322/368 251/326/369 250/327/370
s 34
f 189/328/371 192/329/372 297/321/362 296/330/373
s 35
f 190/331/374 189/332/375 196/333/376 195/334/377
s 36
f 191/325/378 190/331/379 255/335/380 254/336/381
s 34
f 193/337/382 196/338/383 296/330/373 295/339/384
s 35
f 194/340/385 193/341/386 200/342/387 199/343/388
s 36
f 195/334/389 194/340/390 259/344/391 258/345/392
s 34
f 197/346/393 200/347/394 295/339/384 294/348/395
s 35
f 198/349/396 197/350/397 204/351/398 203/352/399
s 36
f 199/343/400 198/349/401 263/353/402 262/354/403
s 34
f 201/355/404 204/356/405 294/348/395 293/357/406
s 35
f 202/358/407 201/359/408 208/360/409 207/361/410
s 36
f 203/352/411 202/358/412 267/362/413 266/363/414
s 34
f 205/364/415 208/365/416 293/357/406 292/366/417
s 35
f 206/367/418 205/368/419 212/369/420 211/370/421
s 36
f 207/361/422 206/367/423 271/371/424 270/372/425
s 34
f 209/373/426 212/374/427 292/366/417 291/375/428
s 35
f 210/376/429 209/377/430 216/378/431 215/379/432
s 36
f 211/370/433 210/376/434 275/380/435 274/381/436
s 34
f 213/382/437 216/383/438 291/375/428 290/384/439
s 35
f 214/385/440 213/386/441 220/387/442 219/388/443
s 36
f 215/379/444 214/385/445 279/389/446 278/390/447
s 34
f 217/391/448 220/392/449 290/384/439 289/393/450
s 35
f 218/394/451 217/395/452 224/396/453 223/397/454
s 36
f 219/388/455 218/394/456 283/398/457 282/399/458
s 34
f 221/400/459 224/401/460 289/393/450 304/261/291
s 36
f 223/397/461 222/272/462 287/402/463 286/403/464
s 51
f 225/404/465 228/405/466 306/406/467 305/407/468
s 52
f 226/408/469 225/409/470 288/410/471 287/402/472
f 228/411/473 227/268/474 230/282/475 229/412/476
s 51
f 229/413/477 232/414/478 307/415/479 306/406/467
s 52
f 232/416/480 231/281/481 234/291/482 233/417/483
s 51
f 233/418/484 236/419/485 308/420/486 307/415/479
s 52
f 236/421/487 235/290/488 238/300/489 237/422/490
s 51
f 237/423/491 240/424/492 309/425/493 308/420/486
s 52
f 240/426/494 239/299/495 242/309/496 241/427/497
s 51
f 241/428/498 244/429/499 310/430/500 309/425/493
s 52
f 244/431/501 243/308/502 246/318/503 245/432/504
s 51
f 245/433/505 248/434/506 311/435/507 310/430/500
s 52
f 248/436/508 247/317/509 250/327/510 249/437/511
s 51
f 249/438/512 252/439/513 312/440/514 311/435/507
s 52
f 252/441/515 251/326/516 254/336/517 253/442/518
s 51
f 253/443/519 256/444/520 313/445/521 312/440/514
s 52
f 256/446/522 255/335/523 258/345/524 257/447/525
s 51
f 257/448/526 260/449/527 314/450/528 313/445/521
s 52
f 260/451/529 259/344/530 262/354/531 261/452/532
s 51
f 261/453/533 264/454/534 315/455/535 314/450/528
s 52
f 264/456/536 263/353/537 266/363/538 265/457/539
s 51
f 265/458/540 268/459/541 316/460/542 315/455/535
s 52
f 268/461/543 267/362/544 270/372/545 269/462/546
s 51
f 269/463/547 272/464/548 317/465/549 316/460/542
s 52
f 272/466/550 271/371/551 274/381/552 273/467/553
s 51
f 273/468/554 276/469/555 318/470/556 317/465/549
s 52
f 276/471/557 275/380/558 278/390/559 277/472/560
s 51
f 277/473/561 280/474/562 319/475/563 318/470/556
s 52
f 280/476/564 279/389/565 282/399/566 281/477/567
s 51
f 281/478/568 284/479/569 320/480/570 319/475/563
s 52
f 284/481/571 283/398/572 286/403/573 285/482/574
s 51
f 285/483/575 288/484/576 305/407/468 320/480/570
s 36
f 162/263/298 167/266/312 230/282/315 227/268/299
f 166/277/313 171/280/323 234/291/326 231/281/314
f 170/286/324 175/289/334 238/300/337 235/290/325
f 174/295/335 179/298/345 242/309/348 239/299/336
f 178/304/346 183/307/356 246/318/359 243/308/347
f 182/313/357 187/316/367 250/327/370 247/317/358
f 186/322/368 191/325/378 254/336/381 251/326/369
f 190/331/379 195/334/389 258/345/392 255/335/380
f 194/340/390 199/343/400 262/354/403 259/344/391
f 198/349/401 203/352/411 266/363/414 263/353/402
f 202/358/412 207/361/422 270/372/425 267/362/413
f 206/367/423 211/370/433 274/381/436 271/371/424
f 210/376/434 215/379/444 278/390/447 275/380/435
f 214/385/445 219/388/455 282/399/458 279/389/446
f 218/394/456 223/397/461 286/403/464 283/398/457
f 222/272/462 163/271/297 226/408/300 287/402/463
s 34
f 168/275/306 161/259/289 303/262/292
f 172/284/317 165/274/305 302/276/307
f 176/293/328 169/283/316 301/285/318
f 180/302/339 173/292/327 300/294/329
f 184/311/350 177/301/338 299/303/340
f 188/320/361 181/310/349 298/312/351
f 192/329/372 185/319/360 297/321/362
f 196/338/383 189/328/371 296/330/373
f 200/347/394 193/337/382 295/339/384
f 204/356/405 197/346/393 294/348/395
f 208/365/416 201/355/404 293/357/406
f 212/374/427 205/364/415 292/366/417
f 216/383/438 209/373/426 291/375/428
f 220/392/449 213/382/437 290/384/439
f 224/401/460 217/391/448 289/393/450
f 164/260/290 221/400/459 304/261/291
s 51
f 228/405/466 229/413/477 306/406/467
f 232/414/478 233/418/484 307/415/479
f 236/419/485 237/423/491 308/420/486
f 240/424/492 241/428/498 309/425/493
f 244/429/499 245/433/505 310/430/500
f 248/434/506 249/438/512 311/435/507
f 252/439/513 253/443/519 312/440/514
f 256/444/520 257/448/526 313/445/521
f 260/449/527 261/453/533 314/450/528
f 264/454/534 265/458/540 315/455/535
f 268/459/541 269/463/547 316/460/542
f 272/464/548 273/468/554 317/465/549
f 276/469/555 277/473/561 318/470/556
f 280/474/562 281/478/568 319/475/563
f 284/479/569 285/483/575 320/480/570
f 288/484/576 225/404/465 305/407/468
s 35
f 161/264/294 162/263/293 163/267/302 164/485/301
f 165/486/309 166/277/308 167/266/296 168/265/295
f 169/487/320 170/286/319 171/280/311 172/279/310
f 173/488/331 174/295/330 175/289/322 176/288/321
f 177/489/342 178/304/341 179/298/333 180/297/332
f 181/490/353 182/313/352 183/307/344 184/306/343
f 185/491/364 186/322/363 187/316/355 188/315/354
f 189/492/375 190/331/374 191/325/366 192/324/365
f 193/493/386 194/340/385 195/334/377 196/333/376
f 197/494/397 198/349/396 199/343/388 200/342/387
f 201/495/408 202/358/407 203/352/399 204/351/398
f 205/496/419 206/367/418 207/361/410 208/360/409
f 209/497/430 210/376/429 211/370/421 212/369/420
f 213/498/441 214/385/440 215/379/432 216/378/431
f 217/499/452 218/394/451 219/388/443 220/387/442
f 221/500/304 222/272/303 223/397/454 224/396/453
s 52
f 225/501/470 226/269/469 227/268/474 228/411/473
f 229/412/476 230/282/475 231/281/481 232/502/480
f 233/417/483 234/291/482 235/290/488 236/503/487
f 237/422/490 238/300/489 239/299/495 240/504/494
f 241/427/497 242/309/496 243/308/502 244/505/501
f 245/432/504 246/318/503 247/317/509 248/506/508
f 249/437/511 250/327/510 251/326/516 252/507/515
f 253/442/518 254/336/517 255/335/523 256/508/522
f 257/447/525 258/345/524 259/344/530 260/509/529
f 261/452/532 262/354/531 263/353/537 264/510/536
f 265/457/539 266/363/538 267/362/544 268/511/543
f 269/462/546 270/372/545 271/371/551 272/512/550
f 273/467/553 274/381/552 275/380/558 276/513/557
f 277/472/560 278/390/559 279/389/565 280/514/564
f 281/477/567 282/399/566 283/398/572 284/515/571
f 285/482/574 286/403/573 287/402/472 288/516/471
s 34
f 289/393/450 290/384/439 291/375/428 292/366/417 293/357/406 294/348/395 295/339/384 296/330/373 297/321/362 298/312/351 299/303/340 300/294/329 301/285/318 302/276/307 303/262/292 304/261/291
s 51
f 305/407/468 306/406/467 307/415/479 308/420/486 309/425/493 310/430/500 311/435/507 312/440/514 313/445/521 314/450/528 315/455/535 316/460/542 317/465/549 318/470/556 319/475/563 320/480/570
s 67
f 321/517/577 324/518/578 464/519/579 463/520/580
s 68
f 322/521/581 321/522/582 328/523/583 327/524/584
s 69
f 323/525/585 322/521/586 387/526/587 386/527/588
s 68
f 324/528/589 323/529/590 382/530/591 381/531/592
s 67
f 325/532/593 328/533/594 463/520/580 462/534/595
s 68
f 326/535/596 325/536/597 332/537/598 331/538/599
s 69
f 327/524/600 326/535/601 391/539/602 390/540/603
s 67
f 329/541/604 332/542/605 462/534/595 461/543/606
s 68
f 330/544/607 329/545/608 336/546/609 335/547/610
s 69
f 331/538/611 330/544/612 395/548/613 394/549/614
s 67
f 333/550/615 336/551/616 461/543/606 460/552/617
s 68
f 334/553/618 333/554/619 340/555/620 339/556/621
s 69
f 335/547/622 334/553/623 399/557/624 398/558/625
s 67
f 337/559/626 340/560/627 460/552/617 459/561/628
s 68
f 338/562/629 337/563/630 344/564/631 343/565/632
s 69
f 339/556/633 338/562/634 403/566/635 402/567/636
s 67
f 341/568/637 344/569/638 459/561/628 458/570/639
s 68
f 342/571/640 341/572/641 348/573/642 347/574/643
s 69
f 343/565/644 342/571/645 407/575/646 406/576/647
s 67
f 345/577/648 348/578/649 458/570/639 457/579/650
s 68
f 346/580/651 345/581/652 352/582/653 351/583/654
s 69
f 347/574/655 346/580/656 411/584/657 410/585/658
s 67
f 349/586/659 352/587/660 457/579/650 456/588/661
s 68
f 350/589/662 349/590/663 356/591/664 355/592/665
s 69
f 351/583/666 350/589/667 415/593/668 414/594/669
s 67
f 353/595/670 356/596/671 456/588/661 455/597/672
s 68
f 354/598/673 353/599/674 360/600/675 359/601/676
s 69
f 355/592/677 354/598/678 419/602/679 418/603/680
s 67
f 357/604/681 360/605/682 455/597/672 454/606/683
s 68
f 358/607/684 357/608/685 364/609/686 363/610/687
s 69
f 359/601/688 358/607/689 423/611/690 422/612/691
s 67
f 361/613/692 364/614/693 454/606/683 453/615/694
s 68
f 362/616/695 361/617/696 368/618/697 367/619/698
s 69
f 363/610/699 362/616/700 427/620/701 426/621/702
s 67
f 365/622/703 368/623/704 453/615/694 452/624/705
s 68
f 366/625/706 365/626/707 372/627/708 371/628/709
s 69
f 367/619/710 366/625/711 431/629/712 430/630/713
s 67
f 369/631/714 372/632/715 452/624/705 451/633/716
s 68
f 370/634/717 369/635/718 376/636/719 375/637/720
s 69
f 371/628/721 370/634/722 435/638/723 434/639/724
s 67
f 373/640/725 376/641/726 451/633/716 450/642/727
s 68
f 374/643/728 373/644/729 380/645/730 379/646/731
s 69
f 375/637/732 374/643/733 439/647/734 438/648/735
s 67
f 377/649/736 380/650/737 450/642/727 449/651/738
s 68
f 378/652/739 377/653/740 384/654/741 383/655/742
s 69
f 379/646/743 378/652/744 443/656/745 442/657/746
s 67
f 381/658/747 384/659/748 449/651/738 464/519/579
s 69
f 383/655/749 382/530/750 447/660/751 446/661/752
s 84
f 385/662/753 388/663/754 466/664/755 465/665/756
s 85
f 386/666/757 385/667/758 448/668/759 447/660/760
f 388/669/761 387/526/762 390/540/763 389/670/764
s 84
f 389/671/765 392/672/766 467/673/767 466/664/755
s 85
f 392/674/768 391/539/769 394/549/770 393/675/771
s 84
f 393/676/772 396/677/773 468/678/774 467/673/767
s 85
f 396/679/775 395/548/776 398/558/777 397/680/778
s 84
f 397/681/779 400/682/780 469/683/781 468/678/774
s 85
f 400/684/782 399/557/783 402/567/784 401/685/785
s 84
f 401/686/786 404/687/787 470/688/788 469/683/781
s 85
f 404/689/789 403/566/790 406/576/791 405/690/792
s 84
f 405/691/793 408/692/794 471/693/795 470/688/788
s 85
f 408/694/796 407/575/797 410/585/798 409/695/799
s 84
f 409/696/800 412/697/801 472/698/802 471/693/795
s 85
f 412/699/803 411/584/804 414/594/805 413/700/806
s 84
f 413/701/807 416/702/808 473/703/809 472/698/802
s 85
f 416/704/810 415/593/811 418/603/812 417/705/813
s 84
f 417/706/814 420/707/815 474/708/816 473/703/809
s 85
f 420/709/817 419/602/818 422/612/819 421/710/820
s 84
f 421/711/821 424/712/822 475/713/823 474/708/816
s 85
f 424/714/824 423/611/825 426/621/826 425/715/827
s 84
f 425/716/828 428/717/829 476/718/830 475/713/823
s 85
f 428/719/831 427/620/832 430/630/833 429/720/834
s 84
f 429/721/835 432/722/836 477/723/837 476/718/830
s 85
f 432/724/838 431/629/839 434/639/840 433/725/841
s 84
f 433/726/842 436/727/843 478/728/844 477/723/837
s 85
f 436/729/845 435/638/846 438/648/847 437/730/848
s 84
f 437/731/849 440/732/850 479/733/851 478/728/844
s 85
f 440/734/852 439/647/853 442/657/854 441/735/855
s 84
f 441/736/856 444/737/857 480/738/858 479/733/851
s 85
f 444/739/859 443/656/860 446/661/861 445/740/862
s 84
f 445/741/863 448/742/864 465/665/756 480/738/858
s 69
f 322/521/586 327/524/600 390/540/603 387/526/587
f 326/535/601 331/538/611 394/549/614 391/539/602
f 330/544/612 335/547/622 398/558/625 395/548/613
f 334/553/623 339/556/633 402/567/636 399/557/624
f 338/562/634 343/565/644 406/576/647 403/566/635
f 342/571/645 347/574/655 410/585/658 407/575/646
f 346/580/656 351/583/666 414/594/669 411/584/657
f 350/589/667 355/592/677 418/603/680 415/593/668
f 354/598/678 359/601/688 422/612/691 419/602/679
f 358/607/689 363/610/699 426/621/702 423/611/690
f 362/616/700 367/619/710 430/630/713 427/620/701
f 366/625/711 371/628/721 434/639/724 431/629/712
f 370/634/722 375/637/732 438/648/735 435/638/723
f 374/643/733 379/646/743 442/657/746 439/647/734
f 378/652/744 383/655/749 446/661/752 443/656/745
f 382/530/750 323/529/585 386/666/588 447/660/751
s 67
f 328/533/594 321/517/577 463/520/580
f 332/542/605 325/532/593 462/534/595
f 336/551/616 329/541/604 461/543/606
f 340/560/627 333/550/615 460/552/617
f 344/569/638 337/559/626 459/561/628
f 348/578/649 341/568/637 458/570/639
f 352/587/660 345/577/648 457/579/650
f 356/596/671 349/586/659 456/588/661
f 360/605/682 353/595/670 455/597/672
f 364/614/693 357/604/681 454/606/683
f 368/623/704 361/613/692 453/615/694
f 372/632/715 365/622/703 452/624/705
f 376/641/726 369/631/714 451/633/716
f 380/650/737 373/640/725 450/642/727
f 384/659/748 377/649/736 449/651/738
f 324/518/578 381/658/747 464/519/579
s 84
f 388/663/754 389/671/765 466/664/755
f 392/672/766 393/676/772 467/673/767
f 396/677/773 397/681/779 468/678/774
f 400/682/780 401/686/786 469/683/781
f 404/687/787 405/691/793 470/688/788
f 408/692/794 409/696/800 471/693/795
f 412/697/801 413/701/807 472/698/802
f 416/702/808 417/706/814 473/703/809
f 420/707/815 421/711/821 474/708/816
f 424/712/822 425/716/828 475/713/823
f 428/717/829 429/721/835 476/718/830
f 432/722/836 433/726/842 477/723/837
f 436/727/843 437/731/849 478/728/844
f 440/732/850 441/736/856 479/733/851
f 444/737/857 445/741/863 480/738/858
f 448/742/864 385/662/753 465/665/756
s 68
f 321/522/582 322/521/581 323/525/590 324/743/589
f 325/744/597 326/535/596 327/524/584 328/523/583
f 329/745/608 330/544/607 331/538/599 332/537/598
f 333/746/619 334/553/618 335/547/610 336/546/609
f 337/747/630 338/562/629 339/556/621 340/555/620
f 341/748/641 342/571/640 343/565/632 344/564/631
f 345/749/652 346/580/651 347/574/643 348/573/642
f 349/750/663 350/589/662 351/583/654 352/582/653
f 353/751/674 354/598/673 355/592/665 356/591/664
f 357/752/685 358/607/684 359/601/676 360/600/675
f 361/753/696 362/616/695 363/610/687 364/609/686
f 365/754/707 366/625/706 367/619/698 368/618/697
f 369/755/718 370/634/717 371/628/709 372/627/708
f 373/756/729 374/643/728 375/637/720 376/636/719
f 377/757/740 378/652/739 379/646/731 380/645/730
f 381/758/592 382/530/591 383/655/742 384/654/741
s 85
f 385/759/758 386/527/757 387/526/762 388/669/761
f 389/670/764 390/540/763 391/539/769 392/760/768
f 393/675/771 394/549/770 395/548/776 396/761/775
f 397/680/778 398/558/777 399/557/783 400/762/782
f 401/685/785 402/567/784 403/566/790 404/763/789
f 405/690/792 406/576/791 407/575/797 408/764/796
f 409/695/799 410/585/798 411/584/804 412/765/803
f 413/700/806 414/594/805 415/593/811 416/766/810
f 417/705/813 418/603/812 419/602/818 420/767/817
f 421/710/820 422/612/819 423/611/825 424/768/824
f 425/715/827 426/621/826 427/620/832 428/769/831
f 429/720/834 430/630/833 431/629/839 432/770/838
f 433/725/841 434/639/840 435/638/846 436/771/845
f 437/730/848 438/648/847 439/647/853 440/772/852
f 441/735/855 442/657/854 443/656/860 444/773/859
f 445/740/862 446/661/861 447/660/760 448/774/759
s 67
f 449/651/738 450/642/727 451/633/716 452/624/705 453/615/694 454/606/683 455/597/672 456/588/661 457/579/650 458/570/639 459/561/628 460/552/617 461/543/606 462/534/595 463/520/580 464/519/579
s 84
f 465/665/756 466/664/755 467/673/767 468/678/774 469/683/781 470/688/788 471/693/795 472/698/802 473/703/809 474/708/816 475/713/823 476/718/830 477/723/837 478/728/844 479/733/851 480/738/858
s 100
f 481/775/865 484/776/866 624/777/867 623/778/868
s 101
f 482/779/869 481/780/870 488/781/871 487/782/872
s 102
f 483/783/873 482/779/874 547/784/875 546/785/876
s 101
f 484/786/877 483/787/878 542/788/879 541/789/880
s 100
f 485/790/881 488/791/882 623/778/868 622/792/883
s 101
f 486/793/884 485/794/885 492/795/886 491/796/887
s 102
f 487/782/888 486/793/889 551/797/890 550/798/891
s 100
f 489/799/892 492/800/893 622/792/883 621/801/894
s 101
f 490/802/895 489/803/896 496/804/897 495/805/898
s 102
f 491/796/899 490/802/900 555/806/901 554/807/902
s 100
f 493/808/903 496/809/904 621/801/894 620/810/905
s 101
f 494/811/906 493/812/907 500/813/908 499/814/909
s 102
f 495/805/910 494/811/911 559/815/912 558/816/913
s 100
f 497/817/914 500/818/915 620/810/905 619/819/916
s 101
f 498/820/917 497/821/918 504/822/919 503/823/920
s 102
f 499/814/921 498/820/922 563/824/923 562/825/924
s 100
f 501/826/925 504/827/926 619/819/916 618/828/927
s 101
f 502/829/928 501/830/929 508/831/930 507/832/931
s 102
f 503/823/932 502/829/933 567/833/934 566/834/935
s 100
f 505/835/936 508/836/937 618/828/927 617/837/938
s 101
f 506/838/939 505/839/940 512/840/941 511/841/942
s 102
f 507/832/943 506/838/944 571/842/945 570/843/946
s 100
f 509/844/947 512/845/948 617/837/938 616/846/949
s 101
f 510/847/950 509/848/951 516/849/952 515/850/953
s 102
f 511/841/954 510/847/955 575/851/956 574/852/957
s 100
f 513/853/958 516/854/959 616/846/949 615/855/960
s 101
f 514/856/961 513/857/962 520/858/963 519/859/964
s 102
f 515/850/965 514/856/966 579/860/967 578/861/968
s 100
f 517/862/969 520/863/970 615/855/960 614/864/971
s 101
f 518/865/972 517/866/973 524/867/974 523/868/975
s 102
f 519/859/976 518/865/977 583/869/978 582/870/979
s 100
f 521/871/980 524/872/981 614/864/971 613/873/982
s 101
f 522/874/983 521/875/984 528/876/985 527/877/986
s 102
f 523/868/987 522/874/988 587/878/989 586/879/990
s 100
f 525/880/991 528/881/992 613/873/982 612/882/993
s 101
f 526/883/994 525/884/995 532/885/996 531/886/997
s 102
f 527/877/998 526/883/999 591/887/1000 590/888/1001
s 100
f 529/889/1002 532/890/1003 612/882/993 611/891/1004
s 101
f 530/892/1005 529/893/1006 536/894/1007 535/895/1008
s 102
f 531/886/1009 530/892/1010 595/896/1011 594/897/1012
s 100
f 533/898/1013 536/899/1014 611/891/1004 610/900/1015
s 101
f 534/901/1016 533/902/1017 540/903/1018 539/904/1019
s 102
f 535/895/1020 534/901/1021 599/905/1022 598/906/1023
s 100
f 537/907/1024 540/908/1025 610/900/1015 609/909/1026
s 101
f 538/910/1027 537/911/1028 544/912/1029 543/913/1030
s 102
f 539/904/1031 538/910/1032 603/914/1033 602/915/1034
s 100
f 541/916/1035 544/917/1036 609/909/1026 624/777/867
s 102
f 543/913/1037 542/788/1038 607/918/1039 606/919/1040
s 117
f 545/920/1041 548/921/1042 626/922/1043 625/923/1044
s 118
f 546/924/1045 545/925/1046 608/926/1047 607/918/1048
f 548/927/1049 547/784/1050 550/798/1051 549/928/1052
s 117
f 549/929/1053 552/930/1054 627/931/1055 626/922/1043
s 118
f 552/932/1056 551/797/1057 554/807/1058 553/933/1059
s 117
f 553/934/1060 556/935/1061 628/936/1062 627/931/1055
s 118
f 556/937/1063 555/806/1064 558/816/1065 557/938/1066
s 117
f 557/939/1067 560/940/1068 629/941/1069 628/936/1062
s 118
f 560/942/1070 559/815/1071 562/825/1072 561/943/1073
s 117
f 561/944/1074 564/945/1075 630/946/1076 629/941/1069
s 118
f 564/947/1077 563/824/1078 566/834/1079 565/948/1080
s 117
f 565/949/1081 568/950/1082 631/951/1083 630/946/1076
s 118
f 568/952/1084 567/833/1085 570/843/1086 569/953/1087
s 117
f 569/954/1088 572/955/1089 632/956/1090 631/951/1083
s 118
f 572/957/1091 571/842/1092 574/852/1093 573/958/1094
s 117
f 573/959/1095 576/960/1096 633/961/1097 632/956/1090
s 118
f 576/962/1098 575/851/1099 578/861/1100 577/963/1101
s 117
f 577/964/1102 580/965/1103 634/966/1104 633/961/1097
s 118
f 580/967/1105 579/860/1106 582/870/1107 581/968/1108
s 117
f 581/969/1109 584/970/1110 635/971/1111 634/966/1104
s 118
f 584/972/1112 583/869/1113 586/879/1114 585/973/1115
s 117
f 585/974/1116 588/975/1117 636/976/1118 635/971/1111
s 118
f 588/977/1119 587/878/1120 590/888/1121 589/978/1122
s 117
f 589/979/1123 592/980/1124 637/981/1125 636/976/1118
s 118
f 592/982/1126 591/887/1127 594/897/1128 593/983/1129
s 117
f 593/984/1130 596/985/1131 638/986/1132 637/981/1125
s 118
f 596/987/1133 595/896/1134 598/906/1135 597/988/1136
s 117
f 597/989/1137 600/990/1138 639/991/1139 638/986/1132
s 118
f 600/992/1140 599/905/1141 602/915/1142 601/993/1143
s 117
f 601/994/1144 604/995/1145 640/996/1146 639/991/1139
s 118
f 604/997/1147 603/914/1148 606/919/1149 605/998/1150
s 117
f 605/999/1151 608/1000/1152 625/923/1044 640/996/1146
s 102
f 482/779/874 487/782/888 550/798/891 547/784/875
f 486/793/889 491/796/899 554/807/902 551/797/890
f 490/802/900 495/805/910 558/816/913 555/806/901
f 494/811/911 499/814/921 562/825/924 559/815/912
f 498/820/922 503/823/932 566/834/935 563/824/923
f 502/829/933 507/832/943 570/843/946 567/833/934
f 506/838/944 511/841/954 574/852/957 571/842/945
f 510/847/955 515/850/965 578/861/968 575/851/956
f 514/856/966 519/859/976 582/870/979 579/860/967
f 518/865/977 523/868/987 586/879/990 583/869/978
f 522/874/988 527/877/998 590/888/1001 587/878/989
f 526/883/999 531/886/1009 594/897/1012 591/887/1000
f 530/892/1010 535/895/1020 598/906/1023 595/896/1011
f 534/901/1021 539/904/1031 602/915/1034 599/905/1022
f 538/910/1032 543/913/1037 606/919/1040 603/914/1033
f 542/788/1038 483/787/873 546/924/876 607/918/1039
s 100
f 488/791/882 481/775/865 623/778/868
f 492/800/893 485/790/881 622/792/883
f 496/809/904 489/799/892 621/801/894
f 500/818/915 493/808/903 620/810/905
f 504/827/926 497/817/914 619/819/916
f 508/836/937 501/826/925 618/828/927
f 512/845/948 505/835/936 617/837/938
f 516/854/959 509/844/947 616/846/949
f 520/863/970 513/853/958 615/855/960
f 524/872/981 517/862/969 614/864/971
f 528/881/992 521/871/980 613/873/982
f 532/890/1003 525/880/991 612/882/993
f 536/899/1014 529/889/1002 611/891/1004
f 540/908/1025 533/898/1013 610/900/1015
f 544/917/1036 537/907/1024 609/909/1026
f 484/776/866 541/916/1035 624/777/867
s 117
f 548/921/1042 549/929/1053 626/922/1043
f 552/930/1054 553/934/1060 627/931/1055
f 556/935/1061 557/939/1067 628/936/1062
f 560/940/1068 561/944/1074 629/941/1069
f 564/945/1075 565/949/1081 630/946/1076
f 568/950/1082 569/954/1088 631/951/1083
f 572/955/1089 573/959/1095 632/956/1090
f 576/960/1096 577/964/1102 633/961/1097
f 580/965/1103 581/969/1109 634/966/1104
f 584/970/1110 585/974/1116 635/971/1111
f 588/975/1117 589/979/1123 636/976/1118
f 592/980/1124 593/984/1130 637/981/1125
f 596/985/1131 597/989/1137 638/986/1132
f 600/990/1138 601/994/1144 639/991/1139
f 604/995/1145 605/999/1151 640/996/1146
f 608/1000/1152 545/920/1041 625/923/1044
s 101
f 481/780/870 482/779/869 483/783/878 484/1001/877
f 485/1002/885 486/793/884 487/782/872 488/781/871
f 489/1003/896 490/802/895 491/796/887 492/795/886
f 493/1004/907 494/811/906 495/805/898 496/804/897
f 497/1005/918 498/820/917 499/814/909 500/813/908
f 501/1006/929 502/829/928 503/823/920 504/822/919
f 505/1007/940 506/838/939 507/832/931 508/831/930
f 509/1008/951 510/847/950 511/841/942 512/840/941
f 513/1009/962 514/856/961 515/850/953 516/849/952
f 517/1010/973 518/865/972 519/859/964 520/858/963
f 521/1011/984 522/874/983 523/868/975 524/867/974
f 525/1012/995 526/883/994 527/877/986 528/876/985
f 529/1013/1006 530/892/1005 531/886/997 532/885/996
f 533/1014/1017 534/901/1016 535/895/1008 536/894/1007
f 537/1015/1028 538/910/1027 539/904/1019 540/903/1018
f 541/1016/880 542/788/879 543/913/1030 544/912/1029
s 118
f 545/1017/1046 546/785/1045 547/784/1050 548/927/1049
f 549/928/1052 550/798/1051 551/797/1057 552/1018/1056
f 553/933/1059 554/807/1058 555/806/1064 556/1019/1063
f 557/938/1066 558/816/1065 559/815/1071 560/1020/1070
f 561/943/1073 562/825/1072 563/824/1078 564/1021/1077
f 565/948/1080 566/834/1079 567/833/1085 568/1022/1084
f 569/953/1087 570/843/1086 571/842/1092 572/1023/1091
f 573/958/1094 574/852/1093 575/851/1099 576/1024/1098
f 577/963/1101 578/861/1100 579/860/1106 580/1025/1105
f 581/968/1108 582/870/1107 583/869/1113 584/1026/1112
f 585/973/1115 586/879/1114 587/878/1120 588/1027/1119
f 589/978/1122 590/888/1121 591/887/1127 592/1028/1126
f 593/983/1129 594/897/1128 595/896/1134 596/1029/1133
f 597/988/1136 598/906/1135 599/905/1141 600/1030/1140
f 601/993/1143 602/915/1142 603/914/1148 604/1031/1147
f 605/998/1150 606/919/1149 607/918/1048 608/1032/1047
s 100
f 609/909/1026 610/900/1015 611/891/1004 612/882/993 613/873/982 614/864/971 615/855/960 616/846/949 617/837/938 618/828/927 619/819/916 620/810/905 621/801/894 622/792/883 623/778/868 624/777/867
s 117
f 625/923/1044 626/922/1043 627/931/1055 628/936/1062 629/941/1069 630/946/1076 631/951/1083 632/956/1090 633/961/1097 634/966/1104 635/971/1111 636/976/1118 637/981/1125 638/986/1132 639/991/1139 640/996/1146
s 133
f 641/1033/1153 644/1034/1154 784/1035/1155 783/1036/1156
s 134
f 642/1037/1157 641/1038/1158 648/1039/1159 647/1040/1160
s 135
f 643/1041/1161 642/1037/1162 707/1042/1163 706/1043/1164
s 134
f 644/1044/1165 643/1045/1166 702/1046/1167 701/1047/1168
s 133
f 645/1048/1169 648/1049/1170 783/1036/1156 782/1050/1171
s 134
f 646/1051/1172 645/1052/1173 652/1053/1174 651/1054/1175
s 135
f 647/1040/1176 646/1051/1177 711/1055/1178 710/1056/1179
s 133
f 649/1057/1180 652/1058/1181 782/1050/1171 781/1059/1182
s 134
f 650/1060/1183 649/1061/1184 656/1062/1185 655/1063/1186
s 135
f 651/1054/1187 650/1060/1188 715/1064/1189 714/1065/1190
s 133
f 653/1066/1191 656/1067/1192 781/1059/1182 780/1068/1193
s 134
f 654/1069/1194 653/1070/1195 660/1071/1196 659/1072/1197
s 135
f 655/1063/1198 654/1069/1199 719/1073/1200 718/1074/1201
s 133
f 657/1075/1202 660/1076/1203 780/1068/1193 779/1077/1204
s 134
f 658/1078/1205 657/1079/1206 664/1080/1207 663/1081/1208
s 135
f 659/1072/1209 658/1078/1210 723/1082/1211 722/1083/1212
s 133
f 661/1084/1213 664/1085/1214 779/1077/1204 778/1086/1215
s 134
f 662/1087/1216 661/1088/1217 668/1089/1218 667/1090/1219
s 135
f 663/1081/1220 662/1087/1221 727/1091/1222 726/1092/1223
s 133
f 665/1093/1224 668/1094/1225 778/1086/1215 777/1095/1226
s 134
f 666/1096/1227 665/1097/1228 672/1098/1229 671/1099/1230
s 135
f 667/1090/1231 666/1096/1232 731/1100/1233 730/1101/1234
s 133
f 669/1102/1235 672/1103/1236 777/1095/1226 776/1104/1237
s 134
f 670/1105/1238 669/1106/1239 676/1107/1240 675/1108/1241
s 135
f 671/1099/1242 670/1105/1243 735/1109/1244 734/1110/1245
s 133
f 673/1111/1246 676/1112/1247 776/1104/1237 775/1113/1248
s 134
f 674/1114/1249 673/1115/1250 680/1116/1251 679/1117/1252
s 135
f 675/1108/1253 674/1114/1254 739/1118/1255 738/1119/1256
s 133
f 677/1120/1257 680/1121/1258 775/1113/1248 774/1122/1259
s 134
f 678/1123/1260 677/1124/1261 684/1125/1262 683/1126/1263
s 135
f 679/1117/1264 678/1123/1265 743/1127/1266 742/1128/1267
s 133
f 681/1129/1268 684/1130/1269 774/1122/1259 773/1131/1270
s 134
f 682/1132/1271 681/1133/1272 688/1134/1273 687/1135/1274
s 135
f 683/1126/1275 682/1132/1276 747/1136/1277 746/1137/1278
s 133
f 685/1138/1279 688/1139/1280 773/1131/1270 772/1140/1281
s 134
f 686/1141/1282 685/1142/1283 692/1143/1284 691/1144/1285
s 135
f 687/1135/1286 686/1141/1287 751/1145/1288 750/1146/1289
s 133
f 689/1147/1290 692/1148/1291 772/1140/1281 771/1149/1292
s 134
f 690/1150/1293 689/1151/1294 696/1152/1295 695/1153/1296
s 135
f 691/1144/1297 690/1150/1298 755/1154/1299 754/1155/1300
s 133
f 693/1156/1301 696/1157/1302 771/1149/1292 770/1158/1303
s 134
f 694/1159/1304 693/1160/1305 700/1161/1306 699/1162/1307
s 135
f 695/1153/1308 694/1159/1309 759/1163/1310 758/1164/1311
s 133
f 697/1165/1312 700/1166/1313 770/1158/1303 769/1167/1314
s 134
f 698/1168/1315 697/1169/1316 704/1170/1317 703/1171/1318
s 135
f 699/1162/1319 698/1168/1320 763/1172/1321 762/1173/1322
s 133
f 701/1174/1323 704/1175/1324 769/1167/1314 784/1035/1155
s 135
f 703/1171/1325 702/1046/1326 767/1176/1327 766/1177/1328
s 150
f 705/1178/1329 708/1179/1330 786/1180/1331 785/1181/1332
s 151
f 706/1182/1333 705/1183/1334 768/1184/1335 767/1176/1336
f 708/1185/1337 707/1042/1338 710/1056/1339 709/1186/1340
s 150
f 709/1187/1341 712/1188/1342 787/1189/1343 786/1180/1331
s 151
f 712/1190/1344 711/1055/1345 714/1065/1346 713/1191/1347
s 150
f 713/1192/1348 716/1193/1349 788/1194/1350 787/1189/1343
s 151
f 716/1195/1351 715/1064/1352 718/1074/1353 717/1196/1354
s 150
f 717/1197/1355 720/1198/1356 789/1199/1357 788/1194/1350
s 151
f 720/1200/1358 719/1073/1359 722/1083/1360 721/1201/1361
s 150
f 721/1202/1362 724/1203/1363 790/1204/1364 789/1199/1357
s 151
f 724/1205/1365 723/1082/1366 726/1092/1367 725/1206/1368
s 150
f 725/1207/1369 728/1208/1370 791/1209/1371 790/1204/1364
s 151
f 728/1210/1372 727/1091/1373 730/1101/1374 729/1211/1375
s 150
f 729/1212/1376 732/1213/1377 792/1214/1378 791/1209/1371
s 151
f 732/1215/1379 731/1100/1380 734/1110/1381 733/1216/1382
s 150
f 733/1217/1383 736/1218/1384 793/1219/1385 792/1214/1378
s 151
f 736/1220/1386 735/1109/1387 738/1119/1388 737/1221/1389
s 150
f 737/1222/1390 740/1223/1391 794/1224/1392 793/1219/1385
s 151
f 740/1225/1393 739/1118/1394 742/1128/1395 741/1226/1396
s 150
f 741/1227/1397 744/1228/1398 795/1229/1399 794/1224/1392
s 151
f 744/1230/1400 743/1127/1401 746/1137/1402 745/1231/1403
s 150
f 745/1232/1404 748/1233/1405 796/1234/1406 795/1229/1399
s 151
f 748/1235/1407 747/1136/1408 750/1146/1409 749/1236/1410
s 150
f 749/1237/1411 752/1238/1412 797/1239/1413 796/1234/1406
s 151
f 752/1240/1414 751/1145/1415 754/1155/1416 753/1241/1417
s 150
f 753/1242/1418 756/1243/1419 798/1244/1420 797/1239/1413
s 151
f 756/1245/1421 755/1154/1422 758/1164/1423 757/1246/1424
s 150
f 757/1247/1425 760/1248/1426 799/1249/1427 798/1244/1420
s 151
f 760/1250/1428 759/1163/1429 762/1173/1430 761/1251/1431
s 150
f 761/1252/1432 764/1253/1433 800/1254/1434 799/1249/1427
s 151
f 764/1255/1435 763/1172/1436 766/1177/1437 765/1256/1438
s 150
f 765/1257/1439 768/1258/1440 785/1181/1332 800/1254/1434
s 135
f 642/1037/1162 647/1040/1176 710/1056/1179 707/1042/1163
f 646/1051/1177 651/1054/1187 714/1065/1190 711/1055/1178
f 650/1060/1188 655/1063/1198 718/1074/1201 715/1064/1189
f 654/1069/1199 659/1072/1209 722/1083/1212 719/1073/1200
f 658/1078/1210 663/1081/1220 726/1092/1223 723/1082/1211
f 662/1087/1221 667/1090/1231 730/1101/1234 727/1091/1222
f 666/1096/1232 671/1099/1242 734/1110/1245 731/1100/1233
f 670/1105/1243 675/1108/1253 738/1119/1256 735/1109/1244
f 674/1114/1254 679/1117/1264 742/1128/1267 739/1118/1255
f 678/1123/1265 683/1126/1275 746/1137/1278 743/1127/1266
f 682/1132/1276 687/1135/1286 750/1146/1289 747/1136/1277
f 686/1141/1287 691/1144/1297 754/1155/1300 751/1145/1288
f 690/1150/1298 695/1153/1308 758/1164/1311 755/1154/1299
f 694/1159/1309 699/1162/1319 762/1173/1322 759/1163/1310
f 698/1168/1320 703/1171/1325 766/1177/1328 763/1172/1321
f 702/1046/1326 643/1045/1161 706/1182/1164 767/1176/1327
s 133
f 648/1049/1170 641/1033/1153 783/1036/1156
f 652/1058/1181 645/1048/1169 782/1050/1171
f 656/1067/1192 649/1057/1180 781/1059/1182
f 660/1076/1203 653/1066/1191 780/1068/1193
f 664/1085/1214 657/1075/1202 779/1077/1204
f 668/1094/1225 661/1084/1213 778/1086/1215
f 672/1103/1236 665/1093/1224 777/1095/1226
f 676/1112/1247 669/1102/1235 776/1104/1237
f 680/1121/1258 673/1111/1246 775/1113/1248
f 684/1130/1269 677/1120/1257 774/1122/1259
f 688/1139/1280 681/1129/1268 773/1131/1270
f 692/1148/1291 685/1138/1279 772/1140/1281
f 696/1157/1302 689/1147/1290 771/1149/1292
f 700/1166/1313 693/1156/1301 770/1158/1303
f 704/1175/1324 697/1165/1312 769/1167/1314
f 644/1034/1154 701/1174/1323 784/1035/1155
s 150
f 708/1179/1330 709/1187/1341 786/1180/1331
f 712/1188/1342 713/1192/1348 787/1189/1343
f 716/1193/1349 717/1197/1355 788/1194/1350
f 720/1198/1356 721/1202/1362 789/1199/1357
f 724/1203/1363 725/1207/1369 790/1204/1364
f 728/1208/1370 729/1212/1376 791/1209/1371
f 732/1213/1377 733/1217/1383 792/1214/1378
f 736/1218/1384 737/1222/1390 793/1219/1385
f 740/1223/1391 741/1227/1397 794/1224/1392
f 744/1228/1398 745/1232/1404 795/1229/1399
f 748/1233/1405 749/1237/1411 796/1234/1406
f 752/1238/1412 753/1242/1418 797/1239/1413
f 756/1243/1419 757/1247/1425 798/1244/1420
f 760/1248/1426 761/1252/1432 799/1249/1427
f 764/1253/1433 765/1257/1439 800/1254/1434
f 768/1258/1440 705/1178/1329 785/1181/1332
s 134
f 641/1038/1158 642/1037/1157 643/1041/1166 644/1259/1165
f 645/1260/1173 646/1051/1172 647/1040/1160 648/1039/1159
f 649/1261/1184 650/1060/1183 651/1054/1175 652/1053/1174
f 653/1262/1195 654/1069/1194 655/1063/1186 656/1062/1185
f 657/1263/1206 658/1078/1205 659/1072/1197 660/1071/1196
f 661/1264/1217 662/1087/1216 663/1081/1208 664/1080/1207
f 665/1265/1228 666/1096/1227 667/1090/1219 668/1089/1218
f 669/1266/1239 670/1105/1238 671/1099/1230 672/1098/1229
f 673/1267/1250 674/1114/1249 675/1108/1241 676/1107/1240
f 677/1268/1261 678/1123/1260 679/1117/1252 680/1116/1251
f 681/1269/1272 682/1132/1271 683/1126/1263 684/1125/1262
f 685/1270/1283 686/1141/1282 687/1135/1274 688/1134/1273
f 689/1271/1294 690/1150/1293 691/1144/1285 692/1143/1284
f 693/1272/1305 694/1159/1304 695/1153/1296 696/1152/1295
f 697/1273/1316 698/1168/1315 699/1162/1307 700/1161/1306
f 701/1274/1168 702/1046/1167 703/1171/1318 704/1170/1317
s 151
f 705/1275/1334 706/1043/1333 707/1042/1338 708/1185/1337
f 709/1186/1340 710/1056/1339 711/1055/1345 712/1276/1344
f 713/1191/1347 714/1065/1346 715/1064/1352 716/1277/1351
f 717/1196/1354 718/1074/1353 719/1073/1359 720/1278/1358
f 721/1201/1361 722/1083/1360 723/1082/1366 724/1279/1365
f 725/1206/1368 726/1092/1367 727/1091/1373 728/1280/1372
f 729/1211/1375 730/1101/1374 731/1100/1380 732/1281/1379
f 733/1216/1382 734/1110/1381 735/1109/1387 736/1282/1386
f 737/1221/1389 738/1119/1388 739/1118/1394 740/1283/1393
f 741/1226/1396 742/1128/1395 743/1127/1401 744/1284/1400
f 745/1231/1403 746/1137/1402 747/1136/1408 748/1285/1407
f 749/1236/1410 750/1146/1409 751/1145/1415 752/1286/1414
f 753/1241/1417 754/1155/1416 755/1154/1422 756/1287/1421
f 757/1246/1424 758/1164/1423 759/1163/1429 760/1288/1428
f 761/1251/1431 762/1173/1430 763/1172/1436 764/1289/1435
f 765/1256/1438 766/1177/1437 767/1176/1336 768/1290/1335
s 133
f 769/1167/1314 770/1158/1303 771/1149/1292 772/1140/1281 773/1131/1270 774/1122/1259 775/1113/1248 776/1104/1237 777/1095/1226 778/1086/1215 779/1077/1204 780/1068/1193 781/1059/1182 782/1050/1171 783/1036/1156 784/1035/1155
s 150
f 785/1181/1332 786/1180/1331 787/1189/1343 788/1194/1350 789/1199/1357 790/1204/1364 791/1209/1371 792/1214/1378 793/1219/1385 794/1224/1392 795/1229/1399 796/1234/1406 797/1239/1413 798/1244/1420 799/1249/1427 800/1254/1434
s 166
f 801/1291/1441 804/1292/1442 944/1293/1443 943/1294/1444
s 167
f 802/1295/1445 801/1296/1446 808/1297/1447 807/1298/1448
s 168
f 803/1299/1449 802/1295/1450 867/1300/1451 866/1301/1452
s 167
f 804/1302/1453 803/1303/1454 862/1304/1455 861/1305/1456
s 166
f 805/1306/1457 808/1307/1458 943/1294/1444 942/1308/1459
s 167
f 806/1309/1460 805/1310/1461 812/1311/1462 811/1312/1463
s 168
f 807/1298/1464 806/1309/1465 871/1313/1466 870/1314/1467
s 166
f 809/1315/1468 812/1316/1469 942/1308/1459 941/1317/1470
s 167
f 810/1318/1471 809/1319/1472 816/1320/1473 815/1321/1474
s 168
f 811/1312/1475 810/1318/1476 875/1322/1477 874/1323/1478
s 166
f 813/1324/1479 816/1325/1480 941/1317/1470 940/1326/1481
s 167
f 814/1327/1482 813/1328/1483 820/1329/1484 819/1330/1485
s 168
f 815/1321/1486 814/1327/1487 879/1331/1488 878/1332/1489
s 166
f 817/1333/1490 820/1334/1491 940/1326/1481 939/1335/1492
s 167
f 818/1336/1493 817/1337/1494 824/1338/1495 823/1339/1496
s 168
f 819/1330/1497 818/1336/1498 883/1340/1499 882/1341/1500
s 166
f 821/1342/1501 824/1343/1502 939/1335/1492 938/1344/1503
s 167
f 822/1345/1504 821/1346/1505 828/1347/1506 827/1348/1507
s 168
f 823/1339/1508 822/1345/1509 887/1349/1510 886/1350/1511
s 166
f 825/1351/1512 828/1352/1513 938/1344/1503 937/1353/1514
s 167
f 826/1354/1515 825/1355/1516 832/1356/1517 831/1357/1518
s 168
f 827/1348/1519 826/1354/1520 891/1358/1521 890/1359/1522
s 166
f 829/1360/1523 832/1361/1524 937/1353/1514 936/1362/1525
s 167
f 830/1363/1526 829/1364/1527 836/1365/1528 835/1366/1529
s 168
f 831/1357/1530 830/1363/1531 895/1367/1532 894/1368/1533
s 166
f 833/1369/1534 836/1370/1535 936/1362/1525 935/1371/1536
s 167
f 834/1372/1537 833/1373/1538 840/1374/1539 839/1375/1540
s 168
f 835/1366/1541 834/1372/1542 899/1376/1543 898/1377/1544
s 166
f 837/1378/1545 840/1379/1546 935/1371/1536 934/1380/1547
s 167
f 838/1381/1548 837/1382/1549 844/1383/1550 843/1384/1551
s 168
f 839/1375/1552 838/1381/1553 903/1385/1554 902/1386/1555
s 166
f 841/1387/1556 844/1388/1557 934/1380/1547 933/1389/1558
s 167
f 842/1390/1559 841/1391/1560 848/1392/1561 847/1393/1562
s 168
f 843/1384/1563 842/1390/1564 907/1394/1565 906/1395/1566
s 166
f 845/1396/1567 848/1397/1568 933/1389/1558 932/1398/1569
s 167
f 846/1399/1570 845/1400/1571 852/1401/1572 851/1402/1573
s 168
f 847/1393/1574 846/1399/1575 911/1403/1576 910/1404/1577
s 166
f 849/1405/1578 852/1406/1579 932/1398/1569 931/1407/1580
s 167
f 850/1408/1581 849/1409/1582 856/1410/1583 855/1411/1584
s 168
f 851/1402/1585 850/1408/1586 915/1412/1587 914/1413/1588
s 166
f 853/1414/1589 856/1415/1590 931/1407/1580 930/1416/1591
s 167
f 854/1417/1592 853/1418/1593 860/1419/1594 859/1420/1595
s 168
f 855/1411/1596 854/1417/1597 919/1421/1598 918/1422/1599
s 166
f 857/1423/1600 860/1424/1601 930/1416/1591 929/1425/1602
s 167
f 858/1426/1603 857/1427/1604 864/1428/1605 863/1429/1606
s 168
f 859/1420/1607 858/1426/1608 923/1430/1609 922/1431/1610
s 166
f 861/1432/1611 864/1433/1612 929/1425/1602 944/1293/1443
s 168
f 863/1429/1613 862/1304/1614 927/1434/1615 926/1435/1616
s 183
f 865/1436/1617 868/1437/1618 946/1438/1619 945/1439/1620
s 184
f 866/1440/1621 865/1441/1622 928/1442/1623 927/1434/1624
f 868/1443/1625 867/1300/1626 870/1314/1627 869/1444/1628
s 183
f 869/1445/1629 872/1446/1630 947/1447/1631 946/1438/1619
s 184
f 872/1448/1632 871/1313/1633 874/1323/1634 873/1449/1635
s 183
f 873/1450/1636 876/1451/1637 948/1452/1638 947/1447/1631
s 184
f 876/1453/1639 875/1322/1640 878/1332/1641 877/1454/1642
s 183
f 877/1455/1643 880/1456/1644 949/1457/1645 948/1452/1638
s 184
f 880/1458/1646 879/1331/1647 882/1341/1648 881/1459/1649
s 183
f 881/1460/1650 884/1461/1651 950/1462/1652 949/1457/1645
s 184
f 884/1463/1653 883/1340/1654 886/1350/1655 885/1464/1656
s 183
f 885/1465/1657 888/1466/1658 951/1467/1659 950/1462/1652
s 184
f 888/1468/1660 887/1349/1661 890/1359/1662 889/1469/1663
s 183
f 889/1470/1664 892/1471/1665 952/1472/1666 951/1467/1659
s 184
f 892/1473/1667 891/1358/1668 894/1368/1669 893/1474/1670
s 183
f 893/1475/1671 896/1476/1672 953/1477/1673 952/1472/1666
s 184
f 896/1478/1674 895/1367/1675 898/1377/1676 897/1479/1677
s 183
f 897/1480/1678 900/1481/1679 954/1482/1680 953/1477/1673
s 184
f 900/1483/1681 899/1376/1682 902/1386/1683 901/1484/1684
s 183
f 901/1485/1685 904/1486/1686 955/1487/1687 954/1482/1680
s 184
f 904/1488/1688 903/1385/1689 906/1395/1690 905/1489/1691
s 183
f 905/1490/1692 908/1491/1693 956/1492/1694 955/1487/1687
s 184
f 908/1493/1695 907/1394/1696 910/1404/1697 909/1494/1698
s 183
f 909/1495/1699 912/1496/1700 957/1497/1701 956/1492/1694
s 184
f 912/1498/1702 911/1403/1703 914/1413/1704 913/1499/1705
s 183
f 913/1500/1706 916/1501/1707 958/1502/1708 957/1497/1701
s 184
f 916/1503/1709 915/1412/1710 918/1422/1711 917/1504/1712
s 183
f 917/1505/1713 920/1506/1714 959/1507/1715 958/1502/1708
s 184
f 920/1508/1716 919/1421/1717 922/1431/1718 921/1509/1719
s 183
f 921/1510/1720 924/1511/1721 960/1512/1722 959/1507/1715
s 184
f 924/1513/1723 923/1430/1724 926/1435/1725 925/1514/1726
s 183
f 925/1515/1727 928/1516/1728 945/1439/1620 960/1512/1722
s 168
f 802/1295/1450 807/1298/1464 870/1314/1467 867/1300/1451
f 806/1309/1465 811/1312/1475 874/1323/1478 871/1313/1466
f 810/1318/1476 815/1321/1486 878/1332/1489 875/1322/1477
f 814/1327/1487 819/1330/1497 882/1341/1500 879/1331/1488
f 818/1336/1498 823/1339/1508 886/1350/1511 883/1340/1499
f 822/1345/1509 827/1348/1519 890/1359/1522 887/1349/1510
f 826/1354/1520 831/1357/1530 894/1368/1533 891/1358/1521
f 830/1363/1531 835/1366/1541 898/1377/1544 895/1367/1532
f 834/1372/1542 839/1375/1552 902/1386/1555 899/1376/1543
f 838/1381/1553 843/1384/1563 906/1395/1566 903/1385/1554
f 842/1390/1564 847/1393/1574 910/1404/1577 907/1394/1565
f 846/1399/1575 851/1402/1585 914/1413/1588 911/1403/1576
f 850/1408/1586 855/1411/1596 918/1422/1599 915/1412/1587
f 854/1417/1597 859/1420/1607 922/1431/1610 919/1421/1598
f 858/1426/1608 863/1429/1613 926/1435/1616 923/1430/1609
f 862/1304/1614 803/1303/1449 866/1440/1452 927/1434/1615
s 166
f 808/1307/1458 801/1291/1441 943/1294/1444
f 812/1316/1469 805/1306/1457 942/1308/1459
f 816/1325/1480 809/1315/1468 941/1317/1470
f 820/1334/1491 813/1324/1479 940/1326/1481
f 824/1343/1502 817/1333/1490 939/1335/1492
f 828/1352/1513 821/1342/1501 938/1344/1503
f 832/1361/1524 825/1351/1512 937/1353/1514
f 836/1370/1535 829/1360/1523 936/1362/1525
f 840/1379/1546 833/1369/1534 935/1371/1536
f 844/1388/1557 837/1378/1545 934/1380/1547
f 848/1397/1568 841/1387/1556 933/1389/1558
f 852/1406/1579 845/1396/1567 932/1398/1569
f 856/1415/1590 849/1405/1578 931/1407/1580
f 860/1424/1601 853/1414/1589 930/1416/1591
f 864/1433/1612 857/1423/1600 929/1425/1602
f 804/1292/1442 861/1432/1611 944/1293/1443
s 183
f 868/1437/1618 869/1445/1629 946/1438/1619
f 872/1446/1630 873/1450/1636 947/1447/1631
f 876/1451/1637 877/1455/1643 948/1452/1638
f 880/1456/1644 881/1460/1650 949/1457/1645
f 884/1461/1651 885/1465/1657 950/1462/1652
f 888/1466/1658 889/1470/1664 951/1467/1659
f 892/1471/1665 893/1475/1671 952/1472/1666
f 896/1476/1672 897/1480/1678 953/1477/1673
f 900/1481/1679 901/1485/1685 954/1482/1680
f 904/1486/1686 905/1490/1692 955/1487/1687
f 908/1491/1693 909/1495/1699 956/1492/1694
f 912/1496/1700 913/1500/1706 957/1497/1701
f 916/1501/1707 917/1505/1713 958/1502/1708
f 920/1506/1714 921/1510/1720 959/1507/1715
f 924/1511/1721 925/1515/1727 960/1512/1722
f 928/1516/1728 865/1436/1617 945/1439/1620
s 167
f 801/1296/1446 802/1295/1445 803/1299/1454 804/1517/1453
f 805/1518/1461 806/1309/1460 807/1298/1448 808/1297/1447
f 809/1519/1472 810/1318/1471 811/1312/1463 812/1311/1462
f 813/1520/1483 814/1327/1482 815/1321/1474 816/1320/1473
f 817/1521/1494 818/1336/1493 819/1330/1485 820/1329/1484
f 821/1522/1505 822/1345/1504 823/1339/1496 824/1338/1495
f 825/1523/1516 826/1354/1515 827/1348/1507 828/1347/1506
f 829/1524/1527 830/1363/1526 831/1357/1518 832/1356/1517
f 833/1525/1538 834/1372/1537 835/1366/1529 836/1365/1528
f 837/1526/1549 838/1381/1548 839/1375/1540 840/1374/1539
f 841/1527/1560 842/1390/1559 843/1384/1551 844/1383/1550
f 845/1528/1571 846/1399/1570 847/1393/1562 848/1392/1561
f 849/1529/1582 850/1408/1581 851/1402/1573 852/1401/1572
f 853/1530/1593 854/1417/1592 855/1411/1584 856/1410/1583
f 857/1531/1604 858/1426/1603 859/1420/1595 860/1419/1594
f 861/1532/1456 862/1304/1455 863/1429/1606 864/1428/1605
s 184
f 865/1533/1622 866/1301/1621 867/1300/1626 868/1443/1625
f 869/1444/1628 870/1314/1627 871/1313/1633 872/1534/1632
f 873/1449/1635 874/1323/1634 875/1322/1640 876/1535/1639
f 877/1454/1642 878/1332/1641 879/1331/1647 880/1536/1646
f 881/1459/1649 882/1341/1648 883/1340/1654 884/1537/1653
f 885/1464/1656 886/1350/1655 887/1349/1661 888/1538/1660
f 889/1469/1663 890/1359/1662 891/1358/1668 892/1539/1667
f 893/1474/1670 894/1368/1669 895/1367/1675 896/1540/1674
f 897/1479/1677 898/1377/1676 899/1376/1682 900/1541/1681
f 901/1484/1684 902/1386/1683 903/1385/1689 904/1542/1688
f 905/1489/1691 906/1395/1690 907/1394/1696 908/1543/1695
f 909/1494/1698 910/1404/1697 911/1403/1703 912/1544/1702
f 913/1499/1705 914/1413/1704 915/1412/1710 916/1545/1709
f 917/1504/1712 918/1422/1711 919/1421/1717 920/1546/1716
f 921/1509/1719 922/1431/1718 923/1430/1724 924/1547/1723
f 925/1514/1726 926/1435/1725 927/1434/1624 928/1548/1623
s 166
f 929/1425/1602 930/1416/1591 931/1407/1580 932/1398/1569 933/1389/1558 934/1380/1547 935/1371/1536 936/1362/1525 937/1353/1514 938/1344/1503 939/1335/1492 940/1326/1481 941/1317/1470 942/1308/1459 943/1294/1444 944/1293/1443
s 183
f 945/1439/1620 946/1438/1619 947/1447/1631 948/1452/1638 949/1457/1645 950/1462/1652 951/1467/1659 952/1472/1666 953/1477/1673 954/1482/1680 955/1487/1687 956/1492/1694 957/1497/1701 958/1502/1708 959/1507/1715 960/1512/1722
s 199
f 961/1549/1729 964/1550/1730 1104/1551/1731 1103/1552/1732
s 200
f 962/1553/1733 961/1554/1734 968/1555/1735 967/1556/1736
s 201
f 963/1557/1737 962/1553/1738 1027/1558/1739 1026/1559/1740
s 200
f 964/1560/1741 963/1561/1742 1022/1562/1743 1021/1563/1744
s 199
f 965/1564/1745 968/1565/1746 1103/1552/1732 1102/1566/1747
s 200
f 966/1567/1748 965/1568/1749 972/1569/1750 971/1570/1751
s 201
f 967/1556/1752 966/1567/1753 1031/1571/1754 1030/1572/1755
s 199
f 969/1573/1756 972/1574/1757 1102/1566/1747 1101/1575/1758
s 200
f 970/1576/1759 969/1577/1760 976/1578/1761 975/1579/1762
s 201
f 971/1570/1763 970/1576/1764 1035/1580/1765 1034/1581/1766
s 199
f 973/1582/1767 976/1583/1768 1101/1575/1758 1100/1584/1769
s 200
f 974/1585/1770 973/1586/1771 980/1587/1772 979/1588/1773
s 201
f 975/1579/1774 974/1585/1775 1039/1589/1776 1038/1590/1777
s 199
f 977/1591/1778 980/1592/1779 1100/1584/1769 1099/1593/1780
s 200
f 978/1594/1781 977/1595/1782 984/1596/1783 983/1597/1784
s 201
f 979/1588/1785 978/1594/1786 1043/1598/1787 1042/1599/1788
s 199
f 981/1600/1789 984/1601/1790 1099/1593/1780 1098/1602/1791
s 200
f 982/1603/1792 981/1604/1793 988/1605/1794 987/1606/1795
s 201
f 983/1597/1796 982/1603/1797 1047/1607/1798 1046/1608/1799
s 199
f 985/1609/1800 988/1610/1801 1098/1602/1791 1097/1611/1802
s 200
f 986/1612/1803 985/1613/1804 992/1614/1805 991/1615/1806
s 201
f 987/1606/1807 986/1612/1808 1051/1616/1809 1050/1617/1810
s 199
f 989/1618/1811 992/1619/1812 1097/1611/1802 1096/1620/1813
s 200
f 990/1621/1814 989/1622/1815 996/1623/1816 995/1624/1817
s 201
f 991/1615/1818 990/1621/1819 1055/1625/1820 1054/1626/1821
s 199
f 993/1627/1822 996/1628/1823 1096/1620/1813 1095/1629/1824
s 200
f 994/1630/1825 993/1631/1826 1000/1632/1827 999/1633/1828
s 201
f 995/1624/1829 994/1630/1830 1059/1634/1831 1058/1635/1832
s 199
f 997/1636/1833 1000/1637/1834 1095/1629/1824 1094/1638/1835
s 200
f 998/1639/1836 997/1640/1837 1004/1641/1838 1003/1642/1839
s 201
f 999/1633/1840 998/1639/1841 1063/1643/1842 1062/1644/1843
s 199
f 1001/1645/1844 1004/1646/1845 1094/1638/1835 1093/1647/1846
s 200
f 1002/1648/1847 1001/1649/1848 1008/1650/1849 1007/1651/1850
s 201
f 1003/1642/1851 1002/1648/1852 1067/1652/1853 1066/1653/1854
s 199
f 1005/1654/1855 1008/1655/1856 1093/1647/1846 1092/1656/1857
s 200
f 1006/1657/1858 1005/1658/1859 1012/1659/1860 1011/1660/1861
s 201
f 1007/1651/1862 1006/1657/1863 1071/1661/1864 1070/1662/1865
s 199
f 1009/1663/1866 1012/1664/1867 1092/1656/1857 1091/1665/1868
s 200
f 1010/1666/1869 1009/1667/1870 1016/1668/1871 1015/1669/1872
s 201
f 1011/1660/1873 1010/1666/1874 1075/1670/1875 1074/1671/1876
s 199
f 1013/1672/1877 1016/1673/1878 1091/1665/1868 1090/1674/1879
s 200
f 1014/1675/1880 1013/1676/1881 1020/1677/1882 1019/1678/1883
s 201
f 1015/1669/1884 1014/1675/1885 1079/1679/1886 1078/1680/1887
s 199
f 1017/1681/1888 1020/1682/1889 1090/1674/1879 1089/1683/1890
s 200
f 1018/1684/1891 1017/1685/1892 1024/1686/1893 1023/1687/1894
s 201
f 1019/1678/1895 1018/1684/1896 1083/1688/1897 1082/1689/1898
s 199
f 1021/1690/1899 1024/1691/1900 1089/1683/1890 1104/1551/1731
s 201
f 1023/1687/1901 1022/1562/1902 1087/1692/1903 1086/1693/1904
s 216
f 1025/1694/1905 1028/1695/1906 1106/1696/1907 1105/1697/1908
s 217
f 1026/1698/1909 1025/1699/1910 1088/1700/1911 1087/1692/1912
f 1028/1701/1913 1027/1558/1914 1030/1572/1915 1029/1702/1916
s 216
f 1029/1703/1917 1032/1704/1918 1107/1705/1919 1106/1696/1907
s 217
f 1032/1706/1920 1031/1571/1921 1034/1581/1922 1033/1707/1923
s 216
f 1033/1708/1924 1036/1709/1925 1108/1710/1926 1107/1705/1919
s 217
f 1036/1711/1927 1035/1580/1928 1038/1590/1929 1037/1712/1930
s 216
f 1037/1713/1931 1040/1714/1932 1109/1715/1933 1108/1710/1926
s 217
f 1040/1716/1934 1039/1589/1935 1042/1599/1936 1041/1717/1937
s 216
f 1041/1718/1938 1044/1719/1939 1110/1720/1940 1109/1715/1933
s 217
f 1044/1721/1941 1043/1598/1942 1046/1608/1943 1045/1722/1944
s 216
f 1045/1723/1945 1048/1724/1946 1111/1725/1947 1110/1720/1940
s 217
f 1048/1726/1948 1047/1607/1949 1050/1617/1950 1049/1727/1951
s 216
f 1049/1728/1952 1052/1729/1953 1112/1730/1954 1111/1725/1947
s 217
f 1052/1731/1955 1051/1616/1956 1054/1626/1957 1053/1732/1958
s 216
f 1053/1733/1959 1056/1734/1960 1113/1735/1961 1112/1730/1954
s 217
f 1056/1736/1962 1055/1625/1963 1058/1635/1964 1057/1737/1965
s 216
f 1057/1738/1966 1060/1739/1967 1114/1740/1968 1113/1735/1961
s 217
f 1060/1741/1969 1059/1634/1970 1062/1644/1971 1061/1742/1972
s 216
f 1061/1743/1973 1064/1744/1974 1115/1745/1975 1114/1740/1968
s 217
f 1064/1746/1976 1063/1643/1977 1066/1653/1978 1065/1747/1979
s 216
f 1065/1748/1980 1068/1749/1981 1116/1750/1982 1115/1745/1975
s 217
f 1068/1751/1983 1067/1652/1984 1070/1662/1985 1069/1752/1986
s 216
f 1069/1753/1987 1072/1754/1988 1117/1755/1989 1116/1750/1982
s 217
f 1072/1756/1990 1071/1661/1991 1074/1671/1992 1073/1757/1993
s 216
f 1073/1758/1994 1076/1759/1995 1118/1760/1996 1117/1755/1989
s 217
f 1076/1761/1997 1075/1670/1998 1078/1680/1999 1077/1762/2000
s 216
f 1077/1763/2001 1080/1764/2002 1119/1765/2003 1118/1760/1996
s 217
f 1080/1766/2004 1079/1679/2005 1082/1689/2006 1081/1767/2007
s 216
f 1081/1768/2008 1084/1769/2009 1120/1770/2010 1119/1765/2003
s 217
f 1084/1771/2011 1083/1688/2012 1086/1693/2013 1085/1772/2014
s 216
f 1085/1773/2015 1088/1774/2016 1105/1697/1908 1120/1770/2010
s 201
f 962/1553/1738 967/1556/1752 1030/1572/1755 1027/1558/1739
f 966/1567/1753 971/1570/1763 1034/1581/1766 1031/1571/1754
f 970/1576/1764 975/1579/1774 1038/1590/1777 1035/1580/1765
f 974/1585/1775 979/1588/1785 1042/1599/1788 1039/1589/1776
f 978/1594/1786 983/1597/1796 1046/1608/1799 1043/1598/1787
f 982/1603/1797 987/1606/1807 1050/1617/1810 1047/1607/1798
f 986/1612/1808 991/1615/1818 1054/1626/1821 1051/1616/1809
f 990/1621/1819 995/1624/1829 1058/1635/1832 1055/1625/1820
f 994/1630/1830 999/1633/1840 1062/1644/1843 1059/1634/1831
f 998/1639/1841 1003/1642/1851 1066/1653/1854 1063/1643/1842
f 1002/1648/1852 1007/1651/1862 1070/1662/1865 1067/1652/1853
f 1006/1657/1863 1011/1660/1873 1074/1671/1876 1071/1661/1864
f 1010/1666/1874 1015/1669/1884 1078/1680/1887 1075/1670/1875
f 1014/1675/1885 1019/1678/1895 1082/1689/1898 1079/1679/1886
f 1018/1684/1896 1023/1687/1901 1086/1693/1904 1083/1688/1897
f 1022/1562/1902 963/1561/1737 1026/1698/1740 1087/1692/1903
s 199
f 968/1565/1746 961/1549/1729 1103/1552/1732
f 972/1574/1757 965/1564/1745 1102/1566/1747
f 976/1583/1768 969/1573/1756 1101/1575/1758
f 980/1592/1779 973/1582/1767 1100/1584/1769
f 984/1601/1790 977/1591/1778 1099/1593/1780
f 988/1610/1801 981/1600/1789 1098/1602/1791
f 992/1619/1812 985/1609/1800 1097/1611/1802
f 996/1628/1823 989/1618/1811 1096/1620/1813
f 1000/1637/1834 993/1627/1822 1095/1629/1824
f 1004/1646/1845 997/1636/1833 1094/1638/1835
f 1008/1655/1856 1001/1645/1844 1093/1647/1846
f 1012/1664/1867 1005/1654/1855 1092/1656/1857
f 1016/1673/1878 1009/1663/1866 1091/1665/1868
f 1020/1682/1889 1013/1672/1877 1090/1674/1879
f 1024/1691/1900 1017/1681/1888 1089/1683/1890
f 964/1550/1730 1021/1690/1899 1104/1551/1731
s 216
f 1028/1695/1906 1029/1703/1917 1106/1696/1907
f 1032/1704/1918 1033/1708/1924 1107/1705/1919
f 1036/1709/1925 1037/1713/1931 1108/1710/1926
f 1040/1714/1932 1041/1718/1938 1109/1715/1933
f 1044/1719/1939 1045/1723/1945 1110/1720/1940
f 1048/1724/1946 1049/1728/1952 1111/1725/1947
f 1052/1729/1953 1053/1733/1959 1112/1730/1954
f 1056/1734/1960 1057/1738/1966 1113/1735/1961
f 1060/1739/1967 1061/1743/1973 1114/1740/1968
f 1064/1744/1974 1065/1748/1980 1115/1745/1975
f 1068/1749/1981 1069/1753/1987 1116/1750/1982
f 1072/1754/1988 1073/1758/1994 1117/1755/1989
f 1076/1759/1995 1077/1763/2001 1118/1760/1996
f 1080/1764/2002 1081/1768/2008 1119/1765/2003
f 1084/1769/2009 1085/1773/2015 1120/1770/2010
f 1088/1774/2016 1025/1694/1905 1105/1697/1908
s 200
f 961/1554/1734 962/1553/1733 963/1557/1742 964/1775/1741
f 965/1776/1749 966/1567/1748 967/1556/1736 968/1555/1735
f 969/1777/1760 970/1576/1759 971/1570/1751 972/1569/1750
f 973/1778/1771 974/1585/1770 975/1579/1762 976/1578/1761
f 977/1779/1782 978/1594/1781 979/1588/1773 980/1587/1772
f 981/1780/1793 982/1603/1792 983/1597/1784 984/1596/1783
f 985/1781/1804 986/1612/1803 987/1606/1795 988/1605/1794
f 989/1782/1815 990/1621/1814 991/1615/1806 992/1614/1805
f 993/1783/1826 994/1630/1825 995/1624/1817 996/1623/1816
f 997/1784/1837 998/1639/1836 999/1633/1828 1000/1632/1827
f 1001/1785/1848 1002/1648/1847 1003/1642/1839 1004/1641/1838
f 1005/1786/1859 1006/1657/1858 1007/1651/1850 1008/1650/1849
f 1009/1787/1870 1010/1666/1869 1011/1660/1861 1012/1659/1860
f 1013/1788/1881 1014/1675/1880 1015/1669/1872 1016/1668/1871
f 1017/1789/1892 1018/1684/1891 1019/1678/1883 1020/1677/1882
f 1021/1790/1744 1022/1562/1743 1023/1687/1894 1024/1686/1893
s 217
f 1025/1791/1910 1026/1559/1909 1027/1558/1914 1028/1701/1913
f 1029/1702/1916 1030/1572/1915 1031/1571/1921 1032/1792/1920
f 1033/1707/1923 1034/1581/1922 1035/1580/1928 1036/1793/1927
f 1037/1712/1930 1038/1590/1929 1039/1589/1935 1040/1794/1934
f 1041/1717/1937 1042/1599/1936 1043/1598/1942 1044/1795/1941
f 1045/1722/1944 1046/1608/1943 1047/1607/1949 1048/1796/1948
f 1049/1727/1951 1050/1617/1950 1051/1616/1956 1052/1797/1955
f 1053/1732/1958 1054/1626/1957 1055/1625/1963 1056/1798/1962
f 1057/1737/1965 1058/1635/1964 1059/1634/1970 1060/1799/1969
f 1061/1742/1972 1062/1644/1971 1063/1643/1977 1064/1800/1976
f 1065/1747/1979 1066/1653/1978 1067/1652/1984 1068/1801/1983
f 1069/1752/1986 1070/1662/1985 1071/1661/1991 1072/1802/1990
f 1073/1757/1993 1074/1671/1992 1075/1670/1998 1076/1803/1997
f 1077/1762/2000 1078/1680/1999 1079/1679/2005 1080/1804/2004
f 1081/1767/2007 1082/1689/2006 1083/1688/2012 1084/1805/2011
f 1085/1772/2014 1086/1693/2013 1087/1692/1912 1088/1806/1911
s 199
f 1089/1683/1890 1090/1674/1879 1091/1665/1868 1092/1656/1857 1093/1647/1846 1094/1638/1835 1095/1629/1824 1096/1620/1813 1097/1611/1802 1098/1602/1791 1099/1593/1780 1100/1584/1769 1101/1575/1758 1102/1566/1747 1103/1552/1732 1104/1551/1731
s 216
f 1105/1697/1908 1106/1696/1907 1107/1705/1919 1108/1710/1926 1109/1715/1933 1110/1720/1940 1111/1725/1947 1112/1730/1954 1113/1735/1961 1114/1740/1968 1115/1745/1975 1116/1750/1982 1117/1755/1989 1118/1760/1996 1119/1765/2003 1120/1770/2010
s 232
f 1121/1807/2017 1124/1808/2018 1264/1809/2019 1263/1810/2020
s 233
f 1122/1811/2021 1121/1812/2022 1128/1813/2023 1127/1814/2024
s 234
f 1123/1815/2025 1122/1811/2026 1187/1816/2027 1186/1817/2028
s 233
f 1124/1818/2029 1123/1819/2030 1182/1820/2031 1181/1821/2032
s 232
f 1125/1822/2033 1128/1823/2034 1263/1810/2020 1262/1824/2035
s 233
f 1126/1825/2036 1125/1826/2037 1132/1827/2038 1131/1828/2039
s 234
f 1127/1814/2040 1126/1825/2041 1191/1829/2042 1190/1830/2043
s 232
f 1129/1831/2044 1132/1832/2045 1262/1824/2035 1261/1833/2046
s 233
f 1130/1834/2047 1129/1835/2048 1136/1836/2049 1135/1837/2050
s 234
f 1131/1828/2051 1130/1834/2052 1195/1838/2053 1194/1839/2054
s 232
f 1133/1840/2055 1136/1841/2056 1261/1833/2046 1260/1842/2057
s 233
f 1134/1843/2058 1133/1844/2059 1140/1845/2060 1139/1846/2061
s 234
f 1135/1837/2062 1134/1843/2063 1199/1847/2064 1198/1848/2065
s 232
f 1137/1849/2066 1140/1850/2067 1260/1842/2057 1259/1851/2068
s 233
f 1138/1852/2069 1137/1853/2070 1144/1854/2071 1143/1855/2072
s 234
f 1139/1846/2073 1138/1852/2074 1203/1856/2075 1202/1857/2076
s 232
f 1141/1858/2077 1144/1859/2078 1259/1851/2068 1258/1860/2079
s 233
f 1142/1861/2080 1141/1862/2081 1148/1863/2082 1147/1864/2083
s 234
f 1143/1855/2084 1142/1861/2085 1207/1865/2086 1206/1866/2087
s 232
f 1145/1867/2088 1148/1868/2089 1258/1860/2079 1257/1869/2090
s 233
f 1146/1870/2091 1145/1871/2092 1152/1872/2093 1151/1873/2094
s 234
f 1147/1864/2095 1146/1870/2096 1211/1874/2097 1210/1875/2098
s 232
f 1149/1876/2099 1152/1877/2100 1257/1869/2090 1256/1878/2101
s 233
f 1150/1879/2102 1149/1880/2103 1156/1881/2104 1155/1882/2105
s 234
f 1151/1873/2106 1150/1879/2107 1215/1883/2108 1214/1884/2109
s 232
f 1153/1885/2110 1156/1886/2111 1256/1878/2101 1255/1887/2112
s 233
f 1154/1888/2113 1153/1889/2114 1160/1890/2115 1159/1891/2116
s 234
f 1155/1882/2117 1154/1888/2118 1219/1892/2119 1218/1893/2120
s 232
f 1157/1894/2121 1160/1895/2122 1255/1887/2112 1254/1896/2123
s 233
f 1158/1897/2124 1157/1898/2125 1164/1899/2126 1163/1900/2127
s 234
f 1159/1891/2128 1158/1897/2129 1223/1901/2130 1222/1902/2131
s 232
f 1161/1903/2132 1164/1904/2133 1254/1896/2123 1253/1905/2134
s 233
f 1162/1906/2135 1161/1907/2136 1168/1908/2137 1167/1909/2138
s 234
f 1163/1900/2139 1162/1906/2140 1227/1910/2141 1226/1911/2142
s 232
f 1165/1912/2143 1168/1913/2144 1253/1905/2134 1252/1914/2145
s 233
f 1166/1915/2146 1165/1916/2147 1172/1917/2148 1171/1918/2149
s 234
f 1167/1909/2150 1166/1915/2151 1231/1919/2152 1230/1920/2153
s 232
f 1169/1921/2154 1172/1922/2155 1252/1914/2145 1251/1923/2156
s 233
f 1170/1924/2157 1169/1925/2158 1176/1926/2159 1175/1927/2160
s 234
f 1171/1918/2161 1170/1924/2162 1235/1928/2163 1234/1929/2164
s 232
f 1173/1930/2165 1176/1931/2166 1251/1923/2156 1250/1932/2167
s 233
f 1174/1933/2168 1173/1934/2169 1180/1935/2170 1179/1936/2171
s 234
f 1175/1927/2172 1174/1933/2173 1239/1937/2174 1238/1938/2175
s 232
f 1177/1939/2176 1180/1940/2177 1250/1932/2167 1249/1941/2178
s 233
f 1178/1942/2179 1177/1943/2180 1184/1944/2181 1183/1945/2182
s 234
f 1179/1936/2183 1178/1942/2184 1243/1946/2185 1242/1947/2186
s 232
f 1181/1948/2187 1184/1949/2188 1249/1941/2178 1264/1809/2019
s 234
f 1183/1945/2189 1182/1820/2190 1247/1950/2191 1246/1951/2192
s 249
f 1185/1952/2193 1188/1953/2194 1266/1954/2195 1265/1955/2196
s 250
f 1186/1956/2197 1185/1957/2198 1248/1958/2199 1247/1950/2200
f 1188/1959/2201 1187/1816/2202 1190/1830/2203 1189/1960/2204
s 249
f 1189/1961/2205 1192/1962/2206 1267/1963/2207 1266/1954/2195
s 250
f 1192/1964/2208 1191/1829/2209 1194/1839/2210 1193/1965/2211
s 249
f 1193/1966/2212 1196/1967/2213 1268/1968/2214 1267/1963/2207
s 250
f 1196/1969/2215 1195/1838/2216 1198/1848/2217 1197/1970/2218
s 249
f 1197/1971/2219 1200/1972/2220 1269/1973/2221 1268/1968/2214
s 250
f 1200/1974/2222 1199/1847/2223 1202/1857/2224 1201/1975/2225
s 249
f 1201/1976/2226 1204/1977/2227 1270/1978/2228 1269/1973/2221
s 250
f 1204/1979/2229 1203/1856/2230 1206/1866/2231 1205/1980/2232
s 249
f 1205/1981/2233 1208/1982/2234 1271/1983/2235 1270/1978/2228
s 250
f 1208/1984/2236 1207/1865/2237 1210/1875/2238 1209/1985/2239
s 249
f 1209/1986/2240 1212/1987/2241 1272/1988/2242 1271/1983/2235
s 250
f 1212/1989/2243 1211/1874/2244 1214/1884/2245 1213/1990/2246
s 249
f 1213/1991/2247 1216/1992/2248 1273/1993/2249 1272/1988/2242
s 250
f 1216/1994/2250 1215/1883/2251 1218/1893/2252 1217/1995/2253
s 249
f 1217/1996/2254 1220/1997/2255 1274/1998/2256 1273/1993/2249
s 250
f 1220/1999/2257 1219/1892/2258 1222/1902/2259 1221/2000/2260
s 249
f 1221/2001/2261 1224/2002/2262 1275/2003/2263 1274/1998/2256
s 250
f 1224/2004/2264 1223/1901/2265 1226/1911/2266 1225/2005/2267
s 249
f 1225/2006/2268 1228/2007/2269 1276/2008/2270 1275/2003/2263
s 250
f 1228/2009/2271 1227/1910/2272 1230/1920/2273 1229/2010/2274
s 249
f 1229/2011/2275 1232/2012/2276 1277/2013/2277 1276/2008/2270
s 250
f 1232/2014/2278 1231/1919/2279 1234/1929/2280 1233/2015/2281
s 249
f 1233/2016/2282 1236/2017/2283 1278/2018/2284 1277/2013/2277
s 250
f 1236/2019/2285 1235/1928/2286 1238/1938/2287 1237/2020/2288
s 249
f 1237/2021/2289 1240/2022/2290 1279/2023/2291 1278/2018/2284
s 250
f 1240/2024/2292 1239/1937/2293 1242/1947/2294 1241/2025/2295
s 249
f 1241/2026/2296 1244/2027/2297 1280/2028/2298 1279/2023/2291
s 250
f 1244/2029/2299 1243/1946/2300 1246/1951/2301 1245/2030/2302
s 249
f 1245/2031/2303 1248/2032/2304 1265/1955/2196 1280/2028/2298
s 234
f 1122/1811/2026 1127/1814/2040 1190/1830/2043 1187/1816/2027
f 1126/1825/2041 1131/1828/2051 1194/1839/2054 1191/1829/2042
f 1130/1834/2052 1135/1837/2062 1198/1848/2065 1195/1838/2053
f 1134/1843/2063 1139/1846/2073 1202/1857/2076 1199/1847/2064
f 1138/1852/2074 1143/1855/2084 1206/1866/2087 1203/1856/2075
f 1142/1861/2085 1147/1864/2095 1210/1875/2098 1207/1865/2086
f 1146/1870/2096 1151/1873/2106 1214/1884/2109 1211/1874/2097
f 1150/1879/2107 1155/1882/2117 1218/1893/2120 1215/1883/2108
f 1154/1888/2118 1159/1891/2128 1222/1902/2131 1219/1892/2119
f 1158/1897/2129 1163/1900/2139 1226/1911/2142 1223/1901/2130
f 1162/1906/2140 1167/1909/2150 1230/1920/2153 1227/1910/2141
f 1166/1915/2151 1171/1918/2161 1234/1929/2164 1231/1919/2152
f 1170/1924/2162 1175/1927/2172 1238/1938/2175 1235/1928/2163
f 1174/1933/2173 1179/1936/2183 1242/1947/2186 1239/1937/2174
f 1178/1942/2184 1183/1945/2189 1246/1951/2192 1243/1946/2185
f 1182/1820/2190 1123/1819/2025 1186/1956/2028 1247/1950/2191
s 232
f 1128/1823/2034 1121/1807/2017 1263/1810/2020
f 1132/1832/2045 1125/1822/2033 1262/1824/2035
f 1136/1841/2056 1129/1831/2044 1261/1833/2046
f 1140/1850/2067 1133/1840/2055 1260/1842/2057
f 1144/1859/2078 1137/1849/2066 1259/1851/2068
f 1148/1868/2089 1141/1858/2077 1258/1860/2079
f 1152/1877/2100 1145/1867/2088 1257/1869/2090
f 1156/1886/2111 1149/1876/2099 1256/1878/2101
f 1160/1895/2122 1153/1885/2110 1255/1887/2112
f 1164/1904/2133 1157/1894/2121 1254/1896/2123
f 1168/1913/2144 1161/1903/2132 1253/1905/2134
f 1172/1922/2155 1165/1912/2143 1252/1914/2145
f 1176/1931/2166 1169/1921/2154 1251/1923/2156
f 1180/1940/2177 1173/1930/2165 1250/1932/2167
f 1184/1949/2188 1177/1939/2176 1249/1941/2178
f 1124/1808/2018 1181/1948/2187 1264/1809/2019
s 249
f 1188/1953/2194 1189/1961/2205 1266/1954/2195
f 1192/1962/2206 1193/1966/2212 1267/1963/2207
f 1196/1967/2213 1197/1971/2219 1268/1968/2214
f 1200/1972/2220 1201/1976/2226 1269/1973/2221
f 1204/1977/2227 1205/1981/2233 1270/1978/2228
f 1208/1982/2234 1209/1986/2240 1271/1983/2235
f 1212/1987/2241 1213/1991/2247 1272/1988/2242
f 1216/1992/2248 1217/1996/2254 1273/1993/2249
f 1220/1997/2255 1221/2001/2261 1274/1998/2256
f 1224/2002/2262 1225/2006/2268 1275/2003/2263
f 1228/2007/2269 1229/2011/2275 1276/2008/2270
f 1232/2012/2276 1233/2016/2282 1277/2013/2277
f 1236/2017/2283 1237/2021/2289 1278/2018/2284
f 1240/2022/2290 1241/2026/2296 1279/2023/2291
f 1244/2027/2297 1245/2031/2303 1280/2028/2298
f 1248/2032/2304 1185/1952/2193 1265/1955/2196
s 233
f 1121/1812/2022 1122/1811/2021 1123/1815/2030 1124/2033/2029
f 1125/2034/2037 1126/1825/2036 1127/1814/2024 1128/1813/2023
f 1129/2035/2048 1130/1834/2047 1131/1828/2039 1132/1827/2038
f 1133/2036/2059 1134/1843/2058 1135/1837/2050 1136/1836/2049
f 1137/2037/2070 1138/1852/2069 1139/1846/2061 1140/1845/2060
f 1141/2038/2081 1142/1861/2080 1143/1855/2072 1144/1854/2071
f 1145/2039/2092 1146/1870/2091 1147/1864/2083 1148/1863/2082
f 1149/2040/2103 1150/1879/2102 1151/1873/2094 1152/1872/2093
f 1153/2041/2114 1154/1888/2113 1155/1882/2105 1156/1881/2104
f 1157/2042/2125 1158/1897/2124 1159/1891/2116 1160/1890/2115
f 1161/2043/2136 1162/1906/2135 1163/1900/2127 1164/1899/2126
f 1165/2044/2147 1166/1915/2146 1167/1909/2138 1168/1908/2137
f 1169/2045/2158 1170/1924/2157 1171/1918/2149 1172/1917/2148
f 1173/2046/2169 1174/1933/2168 1175/1927/2160 1176/1926/2159
f 1177/2047/2180 1178/1942/2179 1179/1936/2171 1180/1935/2170
f 1181/2048/2032 1182/1820/2031 1183/1945/2182 1184/1944/2181
s 250
f 1185/2049/2198 1186/1817/2197 1187/1816/2202 1188/1959/2201
f 1189/1960/2204 1190/1830/2203 1191/1829/2209 1192/2050/2208
f 1193/1965/2211 1194/1839/2210 1195/1838/2216 1196/2051/2215
f 1197/1970/2218 1198/1848/2217 1199/1847/2223 1200/2052/2222
f 1201/1975/2225 1202/1857/2224 1203/1856/2230 1204/2053/2229
f 1205/1980/2232 1206/1866/2231 1207/1865/2237 1208/2054/2236
f 1209/1985/2239 1210/1875/2238 1211/1874/2244 1212/2055/2243
f 1213/1990/2246 1214/1884/2245 1215/1883/2251 1216/2056/2250
f 1217/1995/2253 1218/1893/2252 1219/1892/2258 1220/2057/2257
f 1221/2000/2260 1222/1902/2259 1223/1901/2265 1224/2058/2264
f 1225/2005/2267 1226/1911/2266 1227/1910/2272 1228/2059/2271
f 1229/2010/2274 1230/1920/2273 1231/1919/2279 1232/2060/2278
f 1233/2015/2281 1234/1929/2280 1235/1928/2286 1236/2061/2285
f 1237/2020/2288 1238/1938/2287 1239/1937/2293 1240/2062/2292
f 1241/2025/2295 1242/1947/2294 1243/1946/2300 1244/2063/2299
f 1245/2030/2302 1246/1951/2301 1247/1950/2200 1248/2064/2199
s 232
f 1249/1941/2178 1250/1932/2167 1251/1923/2156 1252/1914/2145 1253/1905/2134 1254/1896/2123 1255/1887/2112 1256/1878/2101 1257/1869/2090 1258/1860/2079 1259/1851/2068 1260/1842/2057 1261/1833/2046 1262/1824/2035 1263/1810/2020 1264/1809/2019
s 249
f 1265/1955/2196 1266/1954/2195 1267/1963/2207 1268/1968/2214 1269/1973/2221 1270/1978/2228 1271/1983/2235 1272/1988/2242 1273/1993/2249 1274/1998/2256 1275/2003/2263 1276/2008/2270 1277/2013/2277 1278/2018/2284 1279/2023/2291 1280/2028/2298
s 265
f 1281/2065/2305 1284/2066/2306 1424/2067/2307 1423/2068/2308
s 266
f 1282/2069/2309 1281/2070/2310 1288/2071/2311 1287/2072/2312
s 267
f 1283/2073/2313 1282/2069/2314 1347/2074/2315 1346/2075/2316
s 266
f 1284/2076/2317 1283/2077/2318 1342/2078/2319 1341/2079/2320
s 265
f 1285/2080/2321 1288/2081/2322 1423/2068/2308 1422/2082/2323
s 266
f 1286/2083/2324 1285/2084/2325 1292/2085/2326 1291/2086/2327
s 267
f 1287/2072/2328 1286/2083/2329 1351/2087/2330 1350/2088/2331
s 265
f 1289/2089/2332 1292/2090/2333 1422/2082/2323 1421/2091/2334
s 266
f 1290/2092/2335 1289/2093/2336 1296/2094/2337 1295/2095/2338
s 267
f 1291/2086/2339 1290/2092/2340 1355/2096/2341 1354/2097/2342
s 265
f 1293/2098/2343 1296/2099/2344 1421/2091/2334 1420/2100/2345
s 266
f 1294/2101/2346 1293/2102/2347 1300/2103/2348 1299/2104/2349
s 267
f 1295/2095/2350 1294/2101/2351 1359/2105/2352 1358/2106/2353
s 265
f 1297/2107/2354 1300/2108/2355 1420/2100/2345 1419/2109/2356
s 266
f 1298/2110/2357 1297/2111/2358 1304/2112/2359 1303/2113/2360
s 267
f 1299/2104/2361 1298/2110/2362 1363/2114/2363 1362/2115/2364
s 265
f 1301/2116/2365 1304/2117/2366 1419/2109/2356 1418/2118/2367
s 266
f 1302/2119/2368 1301/2120/2369 1308/2121/2370 1307/2122/2371
s 267
f 1303/2113/2372 1302/2119/2373 1367/2123/2374 1366/2124/2375
s 265
f 1305/2125/2376 1308/2126/2377 1418/2118/2367 1417/2127/2378
s 266
f 1306/2128/2379 1305/2129/2380 1312/2130/2381 1311/2131/2382
s 267
f 1307/2122/2383 1306/2128/2384 1371/2132/2385 1370/2133/2386
s 265
f 1309/2134/2387 1312/2135/2388 1417/2127/2378 1416/2136/2389
s 266
f 1310/2137/2390 1309/2138/2391 1316/2139/2392 1315/2140/2393
s 267
f 1311/2131/2394 1310/2137/2395 1375/2141/2396 1374/2142/2397
s 265
f 1313/2143/2398 1316/2144/2399 1416/2136/2389 1415/2145/2400
s 266
f 1314/2146/2401 1313/2147/2402 1320/2148/2403 1319/2149/2404
s 267
f 1315/2140/2405 1314/2146/2406 1379/2150/2407 1378/2151/2408
s 265
f 1317/2152/2409 1320/2153/2410 1415/2145/2400 1414/2154/2411
s 266
f 1318/2155/2412 1317/2156/2413 1324/2157/2414 1323/2158/2415
s 267
f 1319/2149/2416 1318/2155/2417 1383/2159/2418 1382/2160/2419
s 265
f 1321/2161/2420 1324/2162/2421 1414/2154/2411 1413/2163/2422
s 266
f 1322/2164/2423 1321/2165/2424 1328/2166/2425 1327/2167/2426
s 267
f 1323/2158/2427 1322/2164/2428 1387/2168/2429 1386/2169/2430
s 265
f 1325/2170/2431 1328/2171/2432 1413/2163/2422 1412/2172/2433
s 266
f 1326/2173/2434 1325/2174/2435 1332/2175/2436 1331/2176/2437
s 267
f 1327/2167/2438 1326/2173/2439 1391/2177/2440 1390/2178/2441
s 265
f 1329/2179/2442 1332/2180/2443 1412/2172/2433 1411/2181/2444
s 266
f 1330/2182/2445 1329/2183/2446 1336/2184/2447 1335/2185/2448
s 267
f 1331/2176/2449 1330/2182/2450 1395/2186/2451 1394/2187/2452
s 265
f 1333/2188/2453 1336/2189/2454 1411/2181/2444 1410/2190/2455
s 266
f 1334/2191/2456 1333/2192/2457 1340/2193/2458 1339/2194/2459
s 267
f 1335/2185/2460 1334/2191/2461 1399/2195/2462 1398/2196/2463
s 265
f 1337/2197/2464 1340/2198/2465 1410/2190/2455 1409/2199/2466
s 266
f 1338/2200/2467 1337/2201/2468 1344/2202/2469 1343/2203/2470
s 267
f 1339/2194/2471 1338/2200/2472 1403/2204/2473 1402/2205/2474
s 265
f 1341/2206/2475 1344/2207/2476 1409/2199/2466 1424/2067/2307
s 267
f 1343/2203/2477 1342/2078/2478 1407/2208/2479 1406/2209/2480
s 282
f 1345/2210/2481 1348/2211/2482 1426/2212/2483 1425/2213/2484
s 283
f 1346/2214/2485 1345/2215/2486 1408/2216/2487 1407/2208/2488
f 1348/2217/2489 1347/2074/2490 1350/2088/2491 1349/2218/2492
s 282
f 1349/2219/2493 1352/2220/2494 1427/2221/2495 1426/2212/2483
s 283
f 1352/2222/2496 1351/2087/2497 1354/2097/2498 1353/2223/2499
s 282
f 1353/2224/2500 1356/2225/2501 1428/2226/2502 1427/2221/2495
s 283
f 1356/2227/2503 1355/2096/2504 1358/2106/2505 1357/2228/2506
s 282
f 1357/2229/2507 1360/2230/2508 1429/2231/2509 1428/2226/2502
s 283
f 1360/2232/2510 1359/2105/2511 1362/2115/2512 1361/2233/2513
s 282
f 1361/2234/2514 1364/2235/2515 1430/2236/2516 1429/2231/2509
s 283
f 1364/2237/2517 1363/2114/2518 1366/2124/2519 1365/2238/2520
s 282
f 1365/2239/2521 1368/2240/2522 1431/2241/2523 1430/2236/2516
s 283
f 1368/2242/2524 1367/2123/2525 1370/2133/2526 1369/2243/2527
s 282
f 1369/2244/2528 1372/2245/2529 1432/2246/2530 1431/2241/2523
s 283
f 1372/2247/2531 1371/2132/2532 1374/2142/2533 1373/2248/2534
s 282
f 1373/2249/2535 1376/2250/2536 1433/2251/2537 1432/2246/2530
s 283
f 1376/2252/2538 1375/2141/2539 1378/2151/2540 1377/2253/2541
s 282
f 1377/2254/2542 1380/2255/2543 1434/2256/2544 1433/2251/2537
s 283
f 1380/2257/2545 1379/2150/2546 1382/2160/2547 1381/2258/2548
s 282
f 1381/2259/2549 1384/2260/2550 1435/2261/2551 1434/2256/2544
s 283
f 1384/2262/2552 1383/2159/2553 1386/2169/2554 1385/2263/2555
s 282
f 1385/2264/2556 1388/2265/2557 1436/2266/2558 1435/2261/2551
s 283
f 1388/2267/2559 1387/2168/2560 1390/2178/2561 1389/2268/2562
s 282
f 1389/2269/2563 1392/2270/2564 1437/2271/2565 1436/2266/2558
s 283
f 1392/2272/2566 1391/2177/2567 1394/2187/2568 1393/2273/2569
s 282
f 1393/2274/2570 1396/2275/2571 1438/2276/2572 1437/2271/2565
s 283
f 1396/2277/2573 1395/2186/2574 1398/2196/2575 1397/2278/2576
s 282
f 1397/2279/2577 1400/2280/2578 1439/2281/2579 1438/2276/2572
s 283
f 1400/2282/2580 1399/2195/2581 1402/2205/2582 1401/2283/2583
s 282
f 1401/2284/2584 1404/2285/2585 1440/2286/2586 1439/2281/2579
s 283
f 1404/2287/2587 1403/2204/2588 1406/2209/2589 1405/2288/2590
s 282
f 1405/2289/2591 1408/2290/2592 1425/2213/2484 1440/2286/2586
s 267
f 1282/2069/2314 1287/2072/2328 1350/2088/2331 1347/2074/2315
f 1286/2083/2329 1291/2086/2339 1354/2097/2342 1351/2087/2330
f 1290/2092/2340 1295/2095/2350 1358/2106/2353 1355/2096/2341
f 1294/2101/2351 1299/2104/2361 1362/2115/2364 1359/2105/2352
f 1298/2110/2362 1303/2113/2372 1366/2124/2375 1363/2114/2363
f 1302/2119/2373 1307/2122/2383 1370/2133/2386 1367/2123/2374
f 1306/2128/2384 1311/2131/2394 1374/2142/2397 1371/2132/2385
f 1310/2137/2395 1315/2140/2405 1378/2151/2408 1375/2141/2396
f 1314/2146/2406 1319/2149/2416 1382/2160/2419 1379/2150/2407
f 1318/2155/2417 1323/2158/2427 1386/2169/2430 1383/2159/2418
f 1322/2164/2428 1327/2167/2438 1390/2178/2441 1387/2168/2429
f 1326/2173/2439 1331/2176/2449 1394/2187/2452 1391/2177/2440
f 1330/2182/2450 1335/2185/2460 1398/2196/2463 1395/2186/2451
f 1334/2191/2461 1339/2194/2471 1402/2205/2474 1399/2195/2462
f 1338/2200/2472 1343/2203/2477 1406/2209/2480 1403/2204/2473
f 1342/2078/2478 1283/2077/2313 1346/2214/2316 1407/2208/2479
s 265
f 1288/2081/2322 1281/2065/2305 1423/2068/2308
f 1292/2090/2333 1285/2080/2321 1422/2082/2323
f 1296/2099/2344 1289/2089/2332 1421/2091/2334
f 1300/2108/2355 1293/2098/2343 1420/2100/2345
f 1304/2117/2366 1297/2107/2354 1419/2109/2356
f 1308/2126/2377 1301/2116/2365 1418/2118/2367
f 1312/2135/2388 1305/2125/2376 1417/2127/2378
f 1316/2144/2399 1309/2134/2387 1416/2136/2389
f 1320/2153/2410 1313/2143/2398 1415/2145/2400
f 1324/2162/2421 1317/2152/2409 1414/2154/2411
f 1328/2171/2432 1321/2161/2420 1413/2163/2422
f 1332/2180/2443 1325/2170/2431 1412/2172/2433
f 1336/2189/2454 1329/2179/2442 1411/2181/2444
f 1340/2198/2465 1333/2188/2453 1410/2190/2455
f 1344/2207/2476 1337/2197/2464 1409/2199/2466
f 1284/2066/2306 1341/2206/2475 1424/2067/2307
s 282
f 1348/2211/2482 1349/2219/2493 1426/2212/2483
f 1352/2220/2494 1353/2224/2500 1427/2221/2495
f 1356/2225/2501 1357/2229/2507 1428/2226/2502
f 1360/2230/2508 1361/2234/2514 1429/2231/2509
f 1364/2235/2515 1365/2239/2521 1430/2236/2516
f 1368/2240/2522 1369/2244/2528 1431/2241/2523
f 1372/2245/2529 1373/2249/2535 1432/2246/2530
f 1376/2250/2536 1377/2254/2542 1433/2251/2537
f 1380/2255/2543 1381/2259/2549 1434/2256/2544
f 1384/2260/2550 1385/2264/2556 1435/2261/2551
f 1388/2265/2557 1389/2269/2563 1436/2266/2558
f 1392/2270/2564 1393/2274/2570 1437/2271/2565
f 1396/2275/2571 1397/2279/2577 1438/2276/2572
f 1400/2280/2578 1401/2284/2584 1439/2281/2579
f 1404/2285/2585 1405/2289/2591 1440/2286/2586
f 1408/2290/2592 1345/2210/2481 1425/2213/2484
s 266
f 1281/2070/2310 1282/2069/2309 1283/2073/2318 1284/2291/2317
f 1285/2292/2325 1286/2083/2324 1287/2072/2312 1288/2071/2311
f 1289/2293/2336 1290/2092/2335 1291/2086/2327 1292/2085/2326
f 1293/2294/2347 1294/2101/2346 1295/2095/2338 1296/2094/2337
f 1297/2295/2358 1298/2110/2357 1299/2104/2349 1300/2103/2348
f 1301/2296/2369 1302/2119/2368 1303/2113/2360 1304/2112/2359
f 1305/2297/2380 1306/2128/2379 1307/2122/2371 1308/2121/2370
f 1309/2298/2391 1310/2137/2390 1311/2131/2382 1312/2130/2381
f 1313/2299/2402 1314/2146/2401 1315/2140/2393 1316/2139/2392
f 1317/2300/2413 1318/2155/2412 1319/2149/2404 1320/2148/2403
f 1321/2301/2424 1322/2164/2423 1323/2158/2415 1324/2157/2414
f 1325/2302/2435 1326/2173/2434 1327/2167/2426 1328/2166/2425
f 1329/2303/2446 1330/2182/2445 1331/2176/2437 1332/2175/2436
f 1333/2304/2457 1334/2191/2456 1335/2185/2448 1336/2184/2447
f 1337/2305/2468 1338/2200/2467 1339/2194/2459 1340/2193/2458
f 1341/2306/2320 1342/2078/2319 1343/2203/2470 1344/2202/2469
s 283
f 1345/2307/2486 1346/2075/2485 1347/2074/2490 1348/2217/2489
f 1349/2218/2492 1350/2088/2491 1351/2087/2497 1352/2308/2496
f 1353/2223/2499 1354/2097/2498 1355/2096/2504 1356/2309/2503
f 1357/2228/2506 1358/2106/2505 1359/2105/2511 1360/2310/2510
f 1361/2233/2513 1362/2115/2512 1363/2114/2518 1364/2311/2517
f 1365/2238/2520 1366/2124/2519 1367/2123/2525 1368/2312/2524
f 1369/2243/2527 1370/2133/2526 1371/2132/2532 1372/2313/2531
f 1373/2248/2534 1374/2142/2533 1375/2141/2539 1376/2314/2538
f 1377/2253/2541 1378/2151/2540 1379/2150/2546 1380/2315/2545
f 1381/2258/2548 1382/2160/2547 1383/2159/2553 1384/2316/2552
f 1385/2263/2555 1386/2169/2554 1387/2168/2560 1388/2317/2559
f 1389/2268/2562 1390/2178/2561 1391/2177/2567 1392/2318/2566
f 1393/2273/2569 1394/2187/2568 1395/2186/2574 1396/2319/2573
f 1397/2278/2576 1398/2196/2575 1399/2195/2581 1400/2320/2580
f 1401/2283/2583 1402/2205/2582 1403/2204/2588 1404/2321/2587
f 1405/2288/2590 1406/2209/2589 1407/2208/2488 1408/2322/2487
s 265
f 1409/2199/2466 1410/2190/2455 1411/2181/2444 1412/2172/2433 1413/2163/2422 1414/2154/2411 1415/2145/2400 1416/2136/2389 1417/2127/2378 1418/2118/2367 1419/2109/2356 1420/2100/2345 1421/2091/2334 1422/2082/2323 1423/2068/2308 1424/2067/2307
s 282
f 1425/2213/2484 1426/2212/2483 1427/2221/2495 1428/2226/2502 1429/2231/2509 1430/2236/2516 1431/2241/2523 1432/2246/2530 1433/2251/2537 1434/2256/2544 1435/2261/2551 1436/2266/2558 1437/2271/2565 1438/2276/2572 1439/2281/2579 1440/2286/2586
s 298
f 1441/2323/2593 1444/2324/2594 1584/2325/2595 1583/2326/2596
s 299
f 1442/2327/2597 1441/2328/2598 1448/2329/2599 1447/2330/2600
s 300
f 1443/2331/2601 1442/2327/2602 1507/2332/2603 1506/2333/2604
s 299
f 1444/2334/2605 1443/2335/2606 1502/2336/2607 1501/2337/2608
s 298
f 1445/2338/2609 1448/2339/2610 1583/2326/2596 1582/2340/2611
s 299
f 1446/2341/2612 1445/2342/2613 1452/2343/2614 1451/2344/2615
s 300
f 1447/2330/2616 1446/2341/2617 1511/2345/2618 1510/2346/2619
s 298
f 1449/2347/2620 1452/2348/2621 1582/2340/2611 1581/2349/2622
s 299
f 1450/2350/2623 1449/2351/2624 1456/2352/2625 1455/2353/2626
s 300
f 1451/2344/2627 1450/2350/2628 1515/2354/2629 1514/2355/2630
s 298
f 1453/2356/2631 1456/2357/2632 1581/2349/2622 1580/2358/2633
s 299
f 1454/2359/2634 1453/2360/2635 1460/2361/2636 1459/2362/2637
s 300
f 1455/2353/2638 1454/2359/2639 1519/2363/2640 1518/2364/2641
s 298
f 1457/2365/2642 1460/2366/2643 1580/2358/2633 1579/2367/2644
s 299
f 1458/2368/2645 1457/2369/2646 1464/2370/2647 1463/2371/2648
s 300
f 1459/2362/2649 1458/2368/2650 1523/2372/2651 1522/2373/2652
s 298
f 1461/2374/2653 1464/2375/2654 1579/2367/2644 1578/2376/2655
s 299
f 1462/2377/2656 1461/2378/2657 1468/2379/2658 1467/2380/2659
s 300
f 1463/2371/2660 1462/2377/2661 1527/2381/2662 1526/2382/2663
s 298
f 1465/2383/2664 1468/2384/2665 1578/2376/2655 1577/2385/2666
s 299
f 1466/2386/2667 1465/2387/2668 1472/2388/2669 1471/2389/2670
s 300
f 1467/2380/2671 1466/2386/2672 1531/2390/2673 1530/2391/2674
s 298
f 1469/2392/2675 1472/2393/2676 1577/2385/2666 1576/2394/2677
s 299
f 1470/2395/2678 1469/2396/2679 1476/2397/2680 1475/2398/2681
s 300
f 1471/2389/2682 1470/2395/2683 1535/2399/2684 1534/2400/2685
s 298
f 1473/2401/2686 1476/2402/2687 1576/2394/2677 1575/2403/2688
s 299
f 1474/2404/2689 1473/2405/2690 1480/2406/2691 1479/2407/2692
s 300
f 1475/2398/2693 1474/2404/2694 1539/2408/2695 1538/2409/2696
s 298
f 1477/2410/2697 1480/2411/2698 1575/2403/2688 1574/2412/2699
s 299
f 1478/2413/2700 1477/2414/2701 1484/2415/2702 1483/2416/2703
s 300
f 1479/2407/2704 1478/2413/2705 1543/2417/2706 1542/2418/2707
s 298
f 1481/2419/2708 1484/2420/2709 1574/2412/2699 1573/2421/2710
s 299
f 1482/2422/2711 1481/2423/2712 1488/2424/2713 1487/2425/2714
s 300
f 1483/2416/2715 1482/2422/2716 1547/2426/2717 1546/2427/2718
s 298
f 1485/2428/2719 1488/2429/2720 1573/2421/2710 1572/2430/2721
s 299
f 1486/2431/2722 1485/2432/2723 1492/2433/2724 1491/2434/2725
s 300
f 1487/2425/2726 1486/2431/2727 1551/2435/2728 1550/2436/2729
s 298
f 1489/2437/2730 1492/2438/2731 1572/2430/2721 1571/2439/2732
s 299
f 1490/2440/2733 1489/2441/2734 1496/2442/2735 1495/2443/2736
s 300
f 1491/2434/2737 1490/2440/2738 1555/2444/2739 1554/2445/2740
s 298
f 1493/2446/2741 1496/2447/2742 1571/2439/2732 1570/2448/2743
s 299
f 1494/2449/2744 1493/2450/2745 1500/2451/2746 1499/2452/2747
s 300
f 1495/2443/2748 1494/2449/2749 1559/2453/2750 1558/2454/2751
s 298
f 1497/2455/2752 1500/2456/2753 1570/2448/2743 1569/2457/2754
s 299
f 1498/2458/2755 1497/2459/2756 1504/2460/2757 1503/2461/2758
s 300
f 1499/2452/2759 1498/2458/2760 1563/2462/2761 1562/2463/2762
s 298
f 1501/2464/2763 1504/2465/2764 1569/2457/2754 1584/2325/2595
s 300
f 1503/2461/2765 1502/2336/2766 1567/2466/2767 1566/2467/2768
s 315
f 1505/2468/2769 1508/2469/2770 1586/2470/2771 1585/2471/2772
s 316
f 1506/2472/2773 1505/2473/2774 1568/2474/2775 1567/2466/2776
f 1508/2475/2777 1507/2332/2778 1510/2346/2779 1509/2476/2780
s 315
f 1509/2477/2781 1512/2478/2782 1587/2479/2783 1586/2470/2771
s 316
f 1512/2480/2784 1511/2345/2785 1514/2355/2786 1513/2481/2787
s 315
f 1513/2482/2788 1516/2483/2789 1588/2484/2790 1587/2479/2783
s 316
f 1516/2485/2791 1515/2354/2792 1518/2364/2793 1517/2486/2794
s 315
f 1517/2487/2795 1520/2488/2796 1589/2489/2797 1588/2484/2790
s 316
f 1520/2490/2798 1519/2363/2799 1522/2373/2800 1521/2491/2801
s 315
f 1521/2492/2802 1524/2493/2803 1590/2494/2804 1589/2489/2797
s 316
f 1524/2495/2805 1523/2372/2806 1526/2382/2807 1525/2496/2808
s 315
f 1525/2497/2809 1528/2498/2810 1591/2499/2811 1590/2494/2804
s 316
f 1528/2500/2812 1527/2381/2813 1530/2391/2814 1529/2501/2815
s 315
f 1529/2502/2816 1532/2503/2817 1592/2504/2818 1591/2499/2811
s 316
f 1532/2505/2819 1531/2390/2820 1534/2400/2821 1533/2506/2822
s 315
f 1533/2507/2823 1536/2508/2824 1593/2509/2825 1592/2504/2818
s 316
f 1536/2510/2826 1535/2399/2827 1538/2409/2828 1537/2511/2829
s 315
f 1537/2512/2830 1540/2513/2831 1594/2514/2832 1593/2509/2825
s 316
f 1540/2515/2833 1539/2408/2834 1542/2418/2835 1541/2516/2836
s 315
f 1541/2517/2837 1544/2518/2838 1595/2519/2839 1594/2514/2832
s 316
f 1544/2520/2840 1543/2417/2841 1546/2427/2842 1545/2521/2843
s 315
f 1545/2522/2844 1548/2523/2845 1596/2524/2846 1595/2519/2839
s 316
f 1548/2525/2847 1547/2426/2848 1550/2436/2849 1549/2526/2850
s 315
f 1549/2527/2851 1552/2528/2852 1597/2529/2853 1596/2524/2846
s 316
f 1552/2530/2854 1551/2435/2855 1554/2445/2856 1553/2531/2857
s 315
f 1553/2532/2858 1556/2533/2859 1598/2534/2860 1597/2529/2853
s 316
f 1556/2535/2861 1555/2444/2862 1558/2454/2863 1557/2536/2864
s 315
f 1557/2537/2865 1560/2538/2866 1599/2539/2867 1598/2534/2860
s 316
f 1560/2540/2868 1559/2453/2869 1562/2463/2870 1561/2541/2871
s 315
f 1561/2542/2872 1564/2543/2873 1600/2544/2874 1599/2539/2867
s 316
f 1564/2545/2875 1563/2462/2876 1566/2467/2877 1565/2546/2878
s 315
f 1565/2547/2879 1568/2548/2880 1585/2471/2772 1600/2544/2874
s 300
f 1442/2327/2602 1447/2330/2616 1510/2346/2619 1507/2332/2603
f 1446/2341/2617 1451/2344/2627 1514/2355/2630 1511/2345/2618
f 1450/2350/2628 1455/2353/2638 1518/2364/2641 1515/2354/2629
f 1454/2359/2639 1459/2362/2649 1522/2373/2652 1519/2363/2640
f 1458/2368/2650 1463/2371/2660 1526/2382/2663 1523/2372/2651
f 1462/2377/2661 1467/2380/2671 1530/2391/2674 1527/2381/2662
f 1466/2386/2672 1471/2389/2682 1534/2400/2685 1531/2390/2673
f 1470/2395/2683 1475/2398/2693 1538/2409/2696 1535/2399/2684
f 1474/2404/2694 1479/2407/2704 1542/2418/2707 1539/2408/2695
f 1478/2413/2705 1483/2416/2715 1546/2427/2718 1543/2417/2706
f 1482/2422/2716 1487/2425/2726 1550/2436/2729 1547/2426/2717
f 1486/2431/2727 1491/2434/2737 1554/2445/2740 1551/2435/2728
f 1490/2440/2738 1495/2443/2748 1558/2454/2751 1555/2444/2739
f 1494/2449/2749 1499/2452/2759 1562/2463/2762 1559/2453/2750
f 1498/2458/2760 1503/2461/2765 1566/2467/2768 1563/2462/2761
f 1502/2336/2766 1443/2335/2601 1506/2472/2604 1567/2466/2767
s 298
f 1448/2339/2610 1441/2323/2593 1583/2326/2596
f 1452/2348/2621 1445/2338/2609 1582/2340/2611
f 1456/2357/2632 1449/2347/2620 1581/2349/2622
f 1460/2366/2643 1453/2356/2631 1580/2358/2633
f 1464/2375/2654 1457/2365/2642 1579/2367/2644
f 1468/2384/2665 1461/2374/2653 1578/2376/2655
f 1472/2393/2676 1465/2383/2664 1577/2385/2666
f 1476/2402/2687 1469/2392/2675 1576/2394/2677
f 1480/2411/2698 1473/2401/2686 1575/2403/2688
f 1484/2420/2709 1477/2410/2697 1574/2412/2699
f 1488/2429/2720 1481/2419/2708 1573/2421/2710
f 1492/2438/2731 1485/2428/2719 1572/2430/2721
f 1496/2447/2742 1489/2437/2730 1571/2439/2732
f 1500/2456/2753 1493/2446/2741 1570/2448/2743
f 1504/2465/2764 1497/2455/2752 1569/2457/2754
f 1444/2324/2594 1501/2464/2763 1584/2325/2595
s 315
f 1508/2469/2770 1509/2477/2781 1586/2470/2771
f 1512/2478/2782 1513/2482/2788 1587/2479/2783
f 1516/2483/2789 1517/2487/2795 1588/2484/2790
f 1520/2488/2796 1521/2492/2802 1589/2489/2797
f 1524/2493/2803 1525/2497/2809 1590/2494/2804
f 1528/2498/2810 1529/2502/2816 1591/2499/2811
f 1532/2503/2817 1533/2507/2823 1592/2504/2818
f 1536/2508/2824 1537/2512/2830 1593/2509/2825
f 1540/2513/2831 1541/2517/2837 1594/2514/2832
f 1544/2518/2838 1545/2522/2844 1595/2519/2839
f 1548/2523/2845 1549/2527/2851 1596/2524/2846
f 1552/2528/2852 1553/2532/2858 1597/2529/2853
f 1556/2533/2859 1557/2537/2865 1598/2534/2860
f 1560/2538/2866 1561/2542/2872 1599/2539/2867
f 1564/2543/2873 1565/2547/2879 1600/2544/2874
f 1568/2548/2880 1505/2468/2769 1585/2471/2772
s 299
f 1441/2328/2598 1442/2327/2597 1443/2331/2606 1444/2549/2605
f 1445/2550/2613 1446/2341/2612 1447/2330/2600 1448/2329/2599
f 1449/2551/2624 1450/2350/2623 1451/2344/2615 1452/2343/2614
f 1453/2552/2635 1454/2359/2634 1455/2353/2626 1456/2352/2625
f 1457/2553/2646 1458/2368/2645 1459/2362/2637 1460/2361/2636
f 1461/2554/2657 1462/2377/2656 1463/2371/2648 1464/2370/2647
f 1465/2555/2668 1466/2386/2667 1467/2380/2659 1468/2379/2658
f 1469/2556/2679 1470/2395/2678 1471/2389/2670 1472/2388/2669
f 1473/2557/2690 1474/2404/2689 1475/2398/2681 1476/2397/2680
f 1477/2558/2701 1478/2413/2700 1479/2407/2692 1480/2406/2691
f 1481/2559/2712 1482/2422/2711 1483/2416/2703 1484/2415/2702
f 1485/2560/2723 1486/2431/2722 1487/2425/2714 1488/2424/2713
f 1489/2561/2734 1490/2440/2733 1491/2434/2725 1492/2433/2724
f 1493/2562/2745 1494/2449/2744 1495/2443/2736 1496/2442/2735
f 1497/2563/2756 1498/2458/2755 1499/2452/2747 1500/2451/2746
f 1501/2564/2608 1502/2336/2607 1503/2461/2758 1504/2460/2757
s 316
f 1505/2565/2774 1506/2333/2773 1507/2332/2778 1508/2475/2777
f 1509/2476/2780 1510/2346/2779 1511/2345/2785 1512/2566/2784
f 1513/2481/2787 1514/2355/2786 1515/2354/2792 1516/2567/2791
f 1517/2486/2794 1518/2364/2793 1519/2363/2799 1520/2568/2798
f 1521/2491/2801 1522/2373/2800 1523/2372/2806 1524/2569/2805
f 1525/2496/2808 1526/2382/2807 1527/2381/2813 1528/2570/2812
f 1529/2501/2815 1530/2391/2814 1531/2390/2820 1532/2571/2819
f 1533/2506/2822 1534/2400/2821 1535/2399/2827 1536/2572/2826
f 1537/2511/2829 1538/2409/2828 1539/2408/2834 1540/2573/2833
f 1541/2516/2836 1542/2418/2835 1543/2417/2841 1544/2574/2840
f 1545/2521/2843 1546/2427/2842 1547/2426/2848 1548/2575/2847
f 1549/2526/2850 1550/2436/2849 1551/2435/2855 1552/2576/2854
f 1553/2531/2857 1554/2445/2856 1555/2444/2862 1556/2577/2861
f 1557/2536/2864 1558/2454/2863 1559/2453/2869 1560/2578/2868
f 1561/2541/2871 1562/2463/2870 1563/2462/2876 1564/2579/2875
f 1565/2546/2878 1566/2467/2877 1567/2466/2776 1568/2580/2775
s 298
f 1569/2457/2754 1570/2448/2743 1571/2439/2732 1572/2430/2721 1573/2421/2710 1574/2412/2699 1575/2403/2688 1576/2394/2677 1577/2385/2666 1578/2376/2655 1579/2367/2644 1580/2358/2633 1581/2349/2622 1582/2340/2611 1583/2326/2596 1584/2325/2595
s 315
f 1585/2471/2772 1586/2470/2771 1587/2479/2783 1588/2484/2790 1589/2489/2797 1590/2494/2804 1591/2499/2811 1592/2504/2818 1593/2509/2825 1594/2514/2832 1595/2519/2839 1596/2524/2846 1597/2529/2853 1598/2534/2860 1599/2539/2867 1600/2544/2874
s 331
f 1601/2581/2881 1604/2582/2882 1744/2583/2883 1743/2584/2884
s 332
f 1602/2585/2885 1601/2586/2886 1608/2587/2887 1607/2588/2888
s 333
f 1603/2589/2889 1602/2585/2890 1667/2590/2891 1666/2591/2892
s 332
f 1604/2592/2893 1603/2593/2894 1662/2594/2895 1661/2595/2896
s 331
f 1605/2596/2897 1608/2597/2898 1743/2584/2884 1742/2598/2899
s 332
f 1606/2599/2900 1605/2600/2901 1612/2601/2902 1611/2602/2903
s 333
f 1607/2588/2904 1606/2599/2905 1671/2603/2906 1670/2604/2907
s 331
f 1609/2605/2908 1612/2606/2909 1742/2598/2899 1741/2607/2910
s 332
f 1610/2608/2911 1609/2609/2912 1616/2610/2913 1615/2611/2914
s 333
f 1611/2602/2915 1610/2608/2916 1675/2612/2917 1674/2613/2918
s 331
f 1613/2614/2919 1616/2615/2920 1741/2607/2910 1740/2616/2921
s 332
f 1614/2617/2922 1613/2618/2923 1620/2619/2924 1619/2620/2925
s 333
f 1615/2611/2926 1614/2617/2927 1679/2621/2928 1678/2622/2929
s 331
f 1617/2623/2930 1620/2624/2931 1740/2616/2921 1739/2625/2932
s 332
f 1618/2626/2933 1617/2627/2934 1624/2628/2935 1623/2629/2936
s 333
f 1619/2620/2937 1618/2626/2938 1683/2630/2939 1682/2631/2940
s 331
f 1621/2632/2941 1624/2633/2942 1739/2625/2932 1738/2634/2943
s 332
f 1622/2635/2944 1621/2636/2945 1628/2637/2946 1627/2638/2947
s 333
f 1623/2629/2948 1622/2635/2949 1687/2639/2950 1686/2640/2951
s 331
f 1625/2641/2952 1628/2642/2953 1738/2634/2943 1737/2643/2954
s 332
f 1626/2644/2955 1625/2645/2956 1632/2646/2957 1631/2647/2958
s 333
f 1627/2638/2959 1626/2644/2960 1691/2648/2961 1690/2649/2962
s 331
f 1629/2650/2963 1632/2651/2964 1737/2643/2954 1736/2652/2965
s 332
f 1630/2653/2966 1629/2654/2967 1636/2655/2968 1635/2656/2969
s 333
f 1631/2647/2970 1630/2653/2971 1695/2657/2972 1694/2658/2973
s 331
f 1633/2659/2974 1636/2660/2975 1736/2652/2965 1735/2661/2976
s 332
f 1634/2662/2977 1633/2663/2978 1640/2664/2979 1639/2665/2980
s 333
f 1635/2656/2981 1634/2662/2982 1699/2666/2983 1698/2667/2984
s 331
f 1637/2668/2985 1640/2669/2986 1735/2661/2976 1734/2670/2987
s 332
f 1638/2671/2988 1637/2672/2989 1644/2673/2990 1643/2674/2991
s 333
f 1639/2665/2992 1638/2671/2993 1703/2675/2994 1702/2676/2995
s 331
f 1641/2677/2996 1644/2678/2997 1734/2670/2987 1733/2679/2998
s 332
f 1642/2680/2999 1641/2681/3000 1648/2682/3001 1647/2683/3002
s 333
f 1643/2674/3003 1642/2680/3004 1707/2684/3005 1706/2685/3006
s 331
f 1645/2686/3007 1648/2687/3008 1733/2679/2998 1732/2688/3009
s 332
f 1646/2689/3010 1645/2690/3011 1652/2691/3012 1651/2692/3013
s 333
f 1647/2683/3014 1646/2689/3015 1711/2693/3016 1710/2694/3017
s 331
f 1649/2695/3018 1652/2696/3019 1732/2688/3009 1731/2697/3020
s 332
f 1650/2698/3021 1649/2699/3022 1656/2700/3023 1655/2701/3024
s 333
f 1651/2692/3025 1650/2698/3026 1715/2702/3027 1714/2703/3028
s 331
f 1653/2704/3029 1656/2705/3030 1731/2697/3020 1730/2706/3031
s 332
f 1654/2707/3032 1653/2708/3033 1660/2709/3034 1659/2710/3035
s 333
f 1655/2701/3036 1654/2707/3037 1719/2711/3038 1718/2712/3039
s 331
f 1657/2713/3040 1660/2714/3041 1730/2706/3031 1729/2715/3042
s 332
f 1658/2716/3043 1657/2717/3044 1664/2718/3045 1663/2719/3046
s 333
f 1659/2710/3047 1658/2716/3048 1723/2720/3049 1722/2721/3050
s 331
f 1661/2722/3051 1664/2723/3052 1729/2715/3042 1744/2583/2883
s 333
f 1663/2719/3053 1662/2594/3054 1727/2724/3055 1726/2725/3056
s 348
f 1665/2726/3057 1668/2727/3058 1746/2728/3059 1745/2729/3060
s 349
f 1666/2730/3061 1665/2731/3062 1728/2732/3063 1727/2724/3064
f 1668/2733/3065 1667/2590/3066 1670/2604/3067 1669/2734/3068
s 348
f 1669/2735/3069 1672/2736/3070 1747/2737/3071 1746/2728/3059
s 349
f 1672/2738/3072 1671/2603/3073 1674/2613/3074 1673/2739/3075
s 348
f 1673/2740/3076 1676/2741/3077 1748/2742/3078 1747/2737/3071
s 349
f 1676/2743/3079 1675/2612/3080 1678/2622/3081 1677/2744/3082
s 348
f 1677/2745/3083 1680/2746/3084 1749/2747/3085 1748/2742/3078
s 349
f 1680/2748/3086 1679/2621/3087 1682/2631/3088 1681/2749/3089
s 348
f 1681/2750/3090 1684/2751/3091 1750/2752/3092 1749/2747/3085
s 349
f 1684/2753/3093 1683/2630/3094 1686/2640/3095 1685/2754/3096
s 348
f 1685/2755/3097 1688/2756/3098 1751/2757/3099 1750/2752/3092
s 349
f 1688/2758/3100 1687/2639/3101 1690/2649/3102 1689/2759/3103
s 348
f 1689/2760/3104 1692/2761/3105 1752/2762/3106 1751/2757/3099
s 349
f 1692/2763/3107 1691/2648/3108 1694/2658/3109 1693/2764/3110
s 348
f 1693/2765/3111 1696/2766/3112 1753/2767/3113 1752/2762/3106
s 349
f 1696/2768/3114 1695/2657/3115 1698/2667/3116 1697/2769/3117
s 348
f 1697/2770/3118 1700/2771/3119 1754/2772/3120 1753/2767/3113
s 349
f 1700/2773/3121 1699/2666/3122 1702/2676/3123 1701/2774/3124
s 348
f 1701/2775/3125 1704/2776/3126 1755/2777/3127 1754/2772/3120
s 349
f 1704/2778/3128 1703/2675/3129 1706/2685/3130 1705/2779/3131
s 348
f 1705/2780/3132 1708/2781/3133 1756/2782/3134 1755/2777/3127
s 349
f 1708/2783/3135 1707/2684/3136 1710/2694/3137 1709/2784/3138
s 348
f 1709/2785/3139 1712/2786/3140 1757/2787/3141 1756/2782/3134
s 349
f 1712/2788/3142 1711/2693/3143 1714/2703/3144 1713/2789/3145
s 348
f 1713/2790/3146 1716/2791/3147 1758/2792/3148 1757/2787/3141
s 349
f 1716/2793/3149 1715/2702/3150 1718/2712/3151 1717/2794/3152
s 348
f 1717/2795/3153 1720/2796/3154 1759/2797/3155 1758/2792/3148
s 349
f 1720/2798/3156 1719/2711/3157 1722/2721/3158 1721/2799/3159
s 348
f 1721/2800/3160 1724/2801/3161 1760/2802/3162 1759/2797/3155
s 349
f 1724/2803/3163 1723/2720/3164 1726/2725/3165 1725/2804/3166
s 348
f 1725/2805/3167 1728/2806/3168 1745/2729/3060 1760/2802/3162
s 333
f 1602/2585/2890 1607/2588/2904 1670/2604/2907 1667/2590/2891
f 1606/2599/2905 1611/2602/2915 1674/2613/2918 1671/2603/2906
f 1610/2608/2916 1615/2611/2926 1678/2622/2929 1675/2612/2917
f 1614/2617/2927 1619/2620/2937 1682/2631/2940 1679/2621/2928
f 1618/2626/2938 1623/2629/2948 1686/2640/2951 1683/2630/2939
f 1622/2635/2949 1627/2638/2959 1690/2649/2962 1687/2639/2950
f 1626/2644/2960 1631/2647/2970 1694/2658/2973 1691/2648/2961
f 1630/2653/2971 1635/2656/2981 1698/2667/2984 1695/2657/2972
f 1634/2662/2982 1639/2665/2992 1702/2676/2995 1699/2666/2983
f 1638/2671/2993 1643/2674/3003 1706/2685/3006 1703/2675/2994
f 1642/2680/3004 1647/2683/3014 1710/2694/3017 1707/2684/3005
f 1646/2689/3015 1651/2692/3025 1714/2703/3028 1711/2693/3016
f 1650/2698/3026 1655/2701/3036 1718/2712/3039 1715/2702/3027
f 1654/2707/3037 1659/2710/3047 1722/2721/3050 1719/2711/3038
f 1658/2716/3048 1663/2719/3053 1726/2725/3056 1723/2720/3049
f 1662/2594/3054 1603/2593/2889 1666/2730/2892 1727/2724/3055
s 331
f 1608/2597/2898 1601/2581/2881 1743/2584/2884
f 1612/2606/2909 1605/2596/2897 1742/2598/2899
f 1616/2615/2920 1609/2605/2908 1741/2607/2910
f 1620/2624/2931 1613/2614/2919 1740/2616/2921
f 1624/2633/2942 1617/2623/2930 1739/2625/2932
f 1628/2642/2953 1621/2632/2941 1738/2634/2943
f 1632/2651/2964 1625/2641/2952 1737/2643/2954
f 1636/2660/2975 1629/2650/2963 1736/2652/2965
f 1640/2669/2986 1633/2659/2974 1735/2661/2976
f 1644/2678/2997 1637/2668/2985 1734/2670/2987
f 1648/2687/3008 1641/2677/2996 1733/2679/2998
f 1652/2696/3019 1645/2686/3007 1732/2688/3009
f 1656/2705/3030 1649/2695/3018 1731/2697/3020
f 1660/2714/3041 1653/2704/3029 1730/2706/3031
f 1664/2723/3052 1657/2713/3040 1729/2715/3042
f 1604/2582/2882 1661/2722/3051 1744/2583/2883
s 348
f 1668/2727/3058 1669/2735/3069 1746/2728/3059
f 1672/2736/3070 1673/2740/3076 1747/2737/3071
f 1676/2741/3077 1677/2745/3083 1748/2742/3078
f 1680/2746/3084 1681/2750/3090 1749/2747/3085
f 1684/2751/3091 1685/2755/3097 1750/2752/3092
f 1688/2756/3098 1689/2760/3104 1751/2757/3099
f 1692/2761/3105 1693/2765/3111 1752/2762/3106
f 1696/2766/3112 1697/2770/3118 1753/2767/3113
f 1700/2771/3119 1701/2775/3125 1754/2772/3120
f 1704/2776/3126 1705/2780/3132 1755/2777/3127
f 1708/2781/3133 1709/2785/3139 1756/2782/3134
f 1712/2786/3140 1713/2790/3146 1757/2787/3141
f 1716/2791/3147 1717/2795/3153 1758/2792/3148
f 1720/2796/3154 1721/2800/3160 1759/2797/3155
f 1724/2801/3161 1725/2805/3167 1760/2802/3162
f 1728/2806/3168 1665/2726/3057 1745/2729/3060
s 332
f 1601/2586/2886 1602/2585/2885 1603/2589/2894 1604/2807/2893
f 1605/2808/2901 1606/2599/2900 1607/2588/2888 1608/2587/2887
f 1609/2809/2912 1610/2608/2911 1611/2602/2903 1612/2601/2902
f 1613/2810/2923 1614/2617/2922 1615/2611/2914 1616/2610/2913
f 1617/2811/2934 1618/2626/2933 1619/2620/2925 1620/2619/2924
f 1621/2812/2945 1622/2635/2944 1623/2629/2936 1624/2628/2935
f 1625/2813/2956 1626/2644/2955 1627/2638/2947 1628/2637/2946
f 1629/2814/2967 1630/2653/2966 1631/2647/2958 1632/2646/2957
f 1633/2815/2978 1634/2662/2977 1635/2656/2969 1636/2655/2968
f 1637/2816/2989 1638/2671/2988 1639/2665/2980 1640/2664/2979
f 1641/2817/3000 1642/2680/2999 1643/2674/2991 1644/2673/2990
f 1645/2818/3011 1646/2689/3010 1647/2683/3002 1648/2682/3001
f 1649/2819/3022 1650/2698/3021 1651/2692/3013 1652/2691/3012
f 1653/2820/3033 1654/2707/3032 1655/2701/3024 1656/2700/3023
f 1657/2821/3044 1658/2716/3043 1659/2710/3035 1660/2709/3034
f 1661/2822/2896 1662/2594/2895 1663/2719/3046 1664/2718/3045
s 349
f 1665/2823/3062 1666/2591/3061 1667/2590/3066 1668/2733/3065
f 1669/2734/3068 1670/2604/3067 1671/2603/3073 1672/2824/3072
f 1673/2739/3075 1674/2613/3074 1675/2612/3080 1676/2825/3079
f 1677/2744/3082 1678/2622/3081 1679/2621/3087 1680/2826/3086
f 1681/2749/3089 1682/2631/3088 1683/2630/3094 1684/2827/3093
f 1685/2754/3096 1686/2640/3095 1687/2639/3101 1688/2828/3100
f 1689/2759/3103 1690/2649/3102 1691/2648/3108 1692/2829/3107
f 1693/2764/3110 1694/2658/3109 1695/2657/3115 1696/2830/3114
f 1697/2769/3117 1698/2667/3116 1699/2666/3122 1700/2831/3121
f 1701/2774/3124 1702/2676/3123 1703/2675/3129 1704/2832/3128
f 1705/2779/3131 1706/2685/3130 1707/2684/3136 1708/2833/3135
f 1709/2784/3138 1710/2694/3137 1711/2693/3143 1712/2834/3142
f 1713/2789/3145 1714/2703/3144 1715/2702/3150 1716/2835/3149
f 1717/2794/3152 1718/2712/3151 1719/2711/3157 1720/2836/3156
f 1721/2799/3159 1722/2721/3158 1723/2720/3164 1724/2837/3163
f 1725/2804/3166 1726/2725/3165 1727/2724/3064 1728/2838/3063
s 331
f 1729/2715/3042 1730/2706/3031 1731/2697/3020 1732/2688/3009 1733/2679/2998 1734/2670/2987 1735/2661/2976 1736/2652/2965 1737/2643/2954 1738/2634/2943 1739/2625/2932 1740/2616/2921 1741/2607/2910 1742/2598/2899 1743/2584/2884 1744/2583/2883
s 348
f 1745/2729/3060 1746/2728/3059 1747/2737/3071 1748/2742/3078 1749/2747/3085 1750/2752/3092 1751/2757/3099 1752/2762/3106 1753/2767/3113 1754/2772/3120 1755/2777/3127 1756/2782/3134 1757/2787/3141 1758/2792/3148 1759/2797/3155 1760/2802/3162
s 364
f 1761/2839/3169 1764/2840/3170 1904/2841/3171 1903/2842/3172
s 365
f 1762/2843/3173 1761/2844/3174 1768/2845/3175 1767/2846/3176
s 366
f 1763/2847/3177 1762/2843/3178 1827/2848/3179 1826/2849/3180
s 365
f 1764/2850/3181 1763/2851/3182 1822/2852/3183 1821/2853/3184
s 364
f 1765/2854/3185 1768/2855/3186 1903/2842/3172 1902/2856/3187
s 365
f 1766/2857/3188 1765/2858/3189 1772/2859/3190 1771/2860/3191
s 366
f 1767/2846/3192 1766/2857/3193 1831/2861/3194 1830/2862/3195
s 364
f 1769/2863/3196 1772/2864/3197 1902/2856/3187 1901/2865/3198
s 365
f 1770/2866/3199 1769/2867/3200 1776/2868/3201 1775/2869/3202
s 366
f 1771/2860/3203 1770/2866/3204 1835/2870/3205 1834/2871/3206
s 364
f 1773/2872/3207 1776/2873/3208 1901/2865/3198 1900/2874/3209
s 365
f 1774/2875/3210 1773/2876/3211 1780/2877/3212 1779/2878/3213
s 366
f 1775/2869/3214 1774/2875/3215 1839/2879/3216 1838/2880/3217
s 364
f 1777/2881/3218 1780/2882/3219 1900/2874/3209 1899/2883/3220
s 365
f 1778/2884/3221 1777/2885/3222 1784/2886/3223 1783/2887/3224
s 366
f 1779/2878/3225 1778/2884/3226 1843/2888/3227 1842/2889/3228
s 364
f 1781/2890/3229 1784/2891/3230 1899/2883/3220 1898/2892/3231
s 365
f 1782/2893/3232 1781/2894/3233 1788/2895/3234 1787/2896/3235
s 366
f 1783/2887/3236 1782/2893/3237 1847/2897/3238 1846/2898/3239
s 364
f 1785/2899/3240 1788/2900/3241 1898/2892/3231 1897/2901/3242
s 365
f 1786/2902/3243 1785/2903/3244 1792/2904/3245 1791/2905/3246
s 366
f 1787/2896/3247 1786/2902/3248 1851/2906/3249 1850/2907/3250
s 364
f 1789/2908/3251 1792/2909/3252 1897/2901/3242 1896/2910/3253
s 365
f 1790/2911/3254 1789/2912/3255 1796/2913/3256 1795/2914/3257
s 366
f 1791/2905/3258 1790/2911/3259 1855/2915/3260 1854/2916/3261
s 364
f 1793/2917/3262 1796/2918/3263 1896/2910/3253 1895/2919/3264
s 365
f 1794/2920/3265 1793/2921/3266 1800/2922/3267 1799/2923/3268
s 366
f 1795/2914/3269 1794/2920/3270 1859/2924/3271 1858/2925/3272
s 364
f 1797/2926/3273 1800/2927/3274 1895/2919/3264 1894/2928/3275
s 365
f 1798/2929/3276 1797/2930/3277 1804/2931/3278 1803/2932/3279
s 366
f 1799/2923/3280 1798/2929/3281 1863/2933/3282 1862/2934/3283
s 364
f 1801/2935/3284 1804/2936/3285 1894/2928/3275 1893/2937/3286
s 365
f 1802/2938/3287 1801/2939/3288 1808/2940/3289 1807/2941/3290
s 366
f 1803/2932/3291 1802/2938/3292 1867/2942/3293 1866/2943/3294
s 364
f 1805/2944/3295 1808/2945/3296 1893/2937/3286 1892/2946/3297
s 365
f 1806/2947/3298 1805/2948/3299 1812/2949/3300 1811/2950/3301
s 366
f 1807/2941/3302 1806/2947/3303 1871/2951/3304 1870/2952/3305
s 364
f 1809/2953/3306 1812/2954/3307 1892/2946/3297 1891/2955/3308
s 365
f 1810/2956/3309 1809/2957/3310 1816/2958/3311 1815/2959/3312
s 366
f 1811/2950/3313 1810/2956/3314 1875/2960/3315 1874/2961/3316
s 364
f 1813/2962/3317 1816/2963/3318 1891/2955/3308 1890/2964/3319
s 365
f 1814/2965/3320 1813/2966/3321 1820/2967/3322 1819/2968/3323
s 366
f 1815/2959/3324 1814/2965/3325 1879/2969/3326 1878/2970/3327
s 364
f 1817/2971/3328 1820/2972/3329 1890/2964/3319 1889/2973/3330
s 365
f 1818/2974/3331 1817/2975/3332 1824/2976/3333 1823/2977/3334
s 366
f 1819/2968/3335 1818/2974/3336 1883/2978/3337 1882/2979/3338
s 364
f 1821/2980/3339 1824/2981/3340 1889/2973/3330 1904/2841/3171
s 366
f 1823/2977/3341 1822/2852/3342 1887/2982/3343 1886/2983/3344
s 381
f 1825/2984/3345 1828/2985/3346 1906/2986/3347 1905/2987/3348
s 382
f 1826/2988/3349 1825/2989/3350 1888/2990/3351 1887/2982/3352
f 1828/2991/3353 1827/2848/3354 1830/2862/3355 1829/2992/3356
s 381
f 1829/2993/3357 1832/2994/3358 1907/2995/3359 1906/2986/3347
s 382
f 1832/2996/3360 1831/2861/3361 1834/2871/3362 1833/2997/3363
s 381
f 1833/2998/3364 1836/2999/3365 1908/3000/3366 1907/2995/3359
s 382
f 1836/3001/3367 1835/2870/3368 1838/2880/3369 1837/3002/3370
s 381
f 1837/3003/3371 1840/3004/3372 1909/3005/3373 1908/3000/3366
s 382
f 1840/3006/3374 1839/2879/3375 1842/2889/3376 1841/3007/3377
s 381
f 1841/3008/3378 1844/3009/3379 1910/3010/3380 1909/3005/3373
s 382
f 1844/3011/3381 1843/2888/3382 1846/2898/3383 1845/3012/3384
s 381
f 1845/3013/3385 1848/3014/3386 1911/3015/3387 1910/3010/3380
s 382
f 1848/3016/3388 1847/2897/3389 1850/2907/3390 1849/3017/3391
s 381
f 1849/3018/3392 1852/3019/3393 1912/3020/3394 1911/3015/3387
s 382
f 1852/3021/3395 1851/2906/3396 1854/2916/3397 1853/3022/3398
s 381
f 1853/3023/3399 1856/3024/3400 1913/3025/3401 1912/3020/3394
s 382
f 1856/3026/3402 1855/2915/3403 1858/2925/3404 1857/3027/3405
s 381
f 1857/3028/3406 1860/3029/3407 1914/3030/3408 1913/3025/3401
s 382
f 1860/3031/3409 1859/2924/3410 1862/2934/3411 1861/3032/3412
s 381
f 1861/3033/3413 1864/3034/3414 1915/3035/3415 1914/3030/3408
s 382
f 1864/3036/3416 1863/2933/3417 1866/2943/3418 1865/3037/3419
s 381
f 1865/3038/3420 1868/3039/3421 1916/3040/3422 1915/3035/3415
s 382
f 1868/3041/3423 1867/2942/3424 1870/2952/3425 1869/3042/3426
s 381
f 1869/3043/3427 1872/3044/3428 1917/3045/3429 1916/3040/3422
s 382
f 1872/3046/3430 1871/2951/3431 1874/2961/3432 1873/3047/3433
s 381
f 1873/3048/3434 1876/3049/3435 1918/3050/3436 1917/3045/3429
s 382
f 1876/3051/3437 1875/2960/3438 1878/2970/3439 1877/3052/3440
s 381
f 1877/3053/3441 1880/3054/3442 1919/3055/3443 1918/3050/3436
s 382
f 1880/3056/3444 1879/2969/3445 1882/2979/3446 1881/3057/3447
s 381
f 1881/3058/3448 1884/3059/3449 1920/3060/3450 1919/3055/3443
s 382
f 1884/3061/3451 1883/2978/3452 1886/2983/3453 1885/3062/3454
s 381
f 1885/3063/3455 1888/3064/3456 1905/2987/3348 1920/3060/3450
s 366
f 1762/2843/3178 1767/2846/3192 1830/2862/3195 1827/2848/3179
f 1766/2857/3193 1771/2860/3203 1834/2871/3206 1831/2861/3194
f 1770/2866/3204 1775/2869/3214 1838/2880/3217 1835/2870/3205
f 1774/2875/3215 1779/2878/3225 1842/2889/3228 1839/2879/3216
f 1778/2884/3226 1783/2887/3236 1846/2898/3239 1843/2888/3227
f 1782/2893/3237 1787/2896/3247 1850/2907/3250 1847/2897/3238
f 1786/2902/3248 1791/2905/3258 1854/2916/3261 1851/2906/3249
f 1790/2911/3259 1795/2914/3269 1858/2925/3272 1855/2915/3260
f 1794/2920/3270 1799/2923/3280 1862/2934/3283 1859/2924/3271
f 1798/2929/3281 1803/2932/3291 1866/2943/3294 1863/2933/3282
f 1802/2938/3292 1807/2941/3302 1870/2952/3305 1867/2942/3293
f 1806/2947/3303 1811/2950/3313 1874/2961/3316 1871/2951/3304
f 1810/2956/3314 1815/2959/3324 1878/2970/3327 1875/2960/3315
f 1814/2965/3325 1819/2968/3335 1882/2979/3338 1879/2969/3326
f 1818/2974/3336 1823/2977/3341 1886/2983/3344 1883/2978/3337
f 1822/2852/3342 1763/2851/3177 1826/2988/3180 1887/2982/3343
s 364
f 1768/2855/3186 1761/2839/3169 1903/2842/3172
f 1772/2864/3197 1765/2854/3185 1902/2856/3187
f 1776/2873/3208 1769/2863/3196 1901/2865/3198
f 1780/2882/3219 1773/2872/3207 1900/2874/3209
f 1784/2891/3230 1777/2881/3218 1899/2883/3220
f 1788/2900/3241 1781/2890/3229 1898/2892/3231
f 1792/2909/3252 1785/2899/3240 1897/2901/3242
f 1796/2918/3263 1789/2908/3251 1896/2910/3253
f 1800/2927/3274 1793/2917/3262 1895/2919/3264
f 1804/2936/3285 1797/2926/3273 1894/2928/3275
f 1808/2945/3296 1801/2935/3284 1893/2937/3286
f 1812/2954/3307 1805/2944/3295 1892/2946/3297
f 1816/2963/3318 1809/2953/3306 1891/2955/3308
f 1820/2972/3329 1813/2962/3317 1890/2964/3319
f 1824/2981/3340 1817/2971/3328 1889/2973/3330
f 1764/2840/3170 1821/2980/3339 1904/2841/3171
s 381
f 1828/2985/3346 1829/2993/3357 1906/2986/3347
f 1832/2994/3358 1833/2998/3364 1907/2995/3359
f 1836/2999/3365 1837/3003/3371 1908/3000/3366
f 1840/3004/3372 1841/3008/3378 1909/3005/3373
f 1844/3009/3379 1845/3013/3385 1910/3010/3380
f 1848/3014/3386 1849/3018/3392 1911/3015/3387
f 1852/3019/3393 1853/3023/3399 1912/3020/3394
f 1856/3024/3400 1857/3028/3406 1913/3025/3401
f 1860/3029/3407 1861/3033/3413 1914/3030/3408
f 1864/3034/3414 1865/3038/3420 1915/3035/3415
f 1868/3039/3421 1869/3043/3427 1916/3040/3422
f 1872/3044/3428 1873/3048/3434 1917/3045/3429
f 1876/3049/3435 1877/3053/3441 1918/3050/3436
f 1880/3054/3442 1881/3058/3448 1919/3055/3443
f 1884/3059/3449 1885/3063/3455 1920/3060/3450
f 1888/3064/3456 1825/2984/3345 1905/2987/3348
s 365
f 1761/2844/3174 1762/2843/3173 1763/2847/3182 1764/3065/3181
f 1765/3066/3189 1766/2857/3188 1767/2846/3176 1768/2845/3175
f 1769/3067/3200 1770/2866/3199 1771/2860/3191 1772/2859/3190
f 1773/3068/3211 1774/2875/3210 1775/2869/3202 1776/2868/3201
f 1777/3069/3222 1778/2884/3221 1779/2878/3213 1780/2877/3212
f 1781/3070/3233 1782/2893/3232 1783/2887/3224 1784/2886/3223
f 1785/3071/3244 1786/2902/3243 1787/2896/3235 1788/2895/3234
f 1789/3072/3255 1790/2911/3254 1791/2905/3246 1792/2904/3245
f 1793/3073/3266 1794/2920/3265 1795/2914/3257 1796/2913/3256
f 1797/3074/3277 1798/2929/3276 1799/2923/3268 1800/2922/3267
f 1801/3075/3288 1802/2938/3287 1803/2932/3279 1804/2931/3278
f 1805/3076/3299 1806/2947/3298 1807/2941/3290 1808/2940/3289
f 1809/3077/3310 1810/2956/3309 1811/2950/3301 1812/2949/3300
f 1813/3078/3321 1814/2965/3320 1815/2959/3312 1816/2958/3311
f 1817/3079/3332 1818/2974/3331 1819/2968/3323 1820/2967/3322
f 1821/3080/3184 1822/2852/3183 1823/2977/3334 1824/2976/3333
s 382
f 1825/3081/3350 1826/2849/3349 1827/2848/3354 1828/2991/3353
f 1829/2992/3356 1830/2862/3355 1831/2861/3361 1832/3082/3360
f 1833/2997/3363 1834/2871/3362 1835/2870/3368 1836/3083/3367
f 1837/3002/3370 1838/2880/3369 1839/2879/3375 1840/3084/3374
f 1841/3007/3377 1842/2889/3376 1843/2888/3382 1844/3085/3381
f 1845/3012/3384 1846/2898/3383 1847/2897/3389 1848/3086/3388
f 1849/3017/3391 1850/2907/3390 1851/2906/3396 1852/3087/3395
f 1853/3022/3398 1854/2916/3397 1855/2915/3403 1856/3088/3402
f 1857/3027/3405 1858/2925/3404 1859/2924/3410 1860/3089/3409
f 1861/3032/3412 1862/2934/3411 1863/2933/3417 1864/3090/3416
f 1865/3037/3419 1866/2943/3418 1867/2942/3424 1868/3091/3423
f 1869/3042/3426 1870/2952/3425 1871/2951/3431 1872/3092/3430
f 1873/3047/3433 1874/2961/3432 1875/2960/3438 1876/3093/3437
f 1877/3052/3440 1878/2970/3439 1879/2969/3445 1880/3094/3444
f 1881/3057/3447 1882/2979/3446 1883/2978/3452 1884/3095/3451
f 1885/3062/3454 1886/2983/3453 1887/2982/3352 1888/3096/3351
s 364
f 1889/2973/3330 1890/2964/3319 1891/2955/3308 1892/2946/3297 1893/2937/3286 1894/2928/3275 1895/2919/3264 1896/2910/3253 1897/2901/3242 1898/2892/3231 1899/2883/3220 1900/2874/3209 1901/2865/3198 1902/2856/3187 1903/2842/3172 1904/2841/3171
s 381
f 1905/2987/3348 1906/2986/3347 1907/2995/3359 1908/3000/3366 1909/3005/3373 1910/3010/3380 1911/3015/3387 1912/3020/3394 1913/3025/3401 1914/3030/3408 1915/3035/3415 1916/3040/3422 1917/3045/3429 1918/3050/3436 1919/3055/3443 1920/3060/3450
s 397
f 1921/3097/3457 1924/3098/3458 2064/3099/3459 2063/3100/3460
s 398
f 1922/3101/3461 1921/3102/3462 1928/3103/3463 1927/3104/3464
s 399
f 1923/3105/3465 1922/3101/3466 1987/3106/3467 1986/3107/3468
s 398
f 1924/3108/3469 1923/3109/3470 1982/3110/3471 1981/3111/3472
s 397
f 1925/3112/3473 1928/3113/3474 2063/3100/3460 2062/3114/3475
s 398
f 1926/3115/3476 1925/3116/3477 1932/3117/3478 1931/3118/3479
s 399
f 1927/3104/3480 1926/3115/3481 1991/3119/3482 1990/3120/3483
s 397
f 1929/3121/3484 1932/3122/3485 2062/3114/3475 2061/3123/3486
s 398
f 1930/3124/3487 1929/3125/3488 1936/3126/3489 1935/3127/3490
s 399
f 1931/3118/3491 1930/3124/3492 1995/3128/3493 1994/3129/3494
s 397
f 1933/3130/3495 1936/3131/3496 2061/3123/3486 2060/3132/3497
s 398
f 1934/3133/3498 1933/3134/3499 1940/3135/3500 1939/3136/3501
s 399
f 1935/3127/3502 1934/3133/3503 1999/3137/3504 1998/3138/3505
s 397
f 1937/3139/3506 1940/3140/3507 2060/3132/3497 2059/3141/3508
s 398
f 1938/3142/3509 1937/3143/3510 1944/3144/3511 1943/3145/3512
s 399
f 1939/3136/3513 1938/3142/3514 2003/3146/3515 2002/3147/3516
s 397
f 1941/3148/3517 1944/3149/3518 2059/3141/3508 2058/3150/3519
s 398
f 1942/3151/3520 1941/3152/3521 1948/3153/3522 1947/3154/3523
s 399
f 1943/3145/3524 1942/3151/3525 2007/3155/3526 2006/3156/3527
s 397
f 1945/3157/3528 1948/3158/3529 2058/3150/3519 2057/3159/3530
s 398
f 1946/3160/3531 1945/3161/3532 1952/3162/3533 1951/3163/3534
s 399
f 1947/3154/3535 1946/3160/3536 2011/3164/3537 2010/3165/3538
s 397
f 1949/3166/3539 1952/3167/3540 2057/3159/3530 2056/3168/3541
s 398
f 1950/3169/3542 1949/3170/3543 1956/3171/3544 1955/3172/3545
s 399
f 1951/3163/3546 1950/3169/3547 2015/3173/3548 2014/3174/3549
s 397
f 1953/3175/3550 1956/3176/3551 2056/3168/3541 2055/3177/3552
s 398
f 1954/3178/3553 1953/3179/3554 1960/3180/3555 1959/3181/3556
s 399
f 1955/3172/3557 1954/3178/3558 2019/3182/3559 2018/3183/3560
s 397
f 1957/3184/3561 1960/3185/3562 2055/3177/3552 2054/3186/3563
s 398
f 1958/3187/3564 1957/3188/3565 1964/3189/3566 1963/3190/3567
s 399
f 1959/3181/3568 1958/3187/3569 2023/3191/3570 2022/3192/3571
s 397
f 1961/3193/3572 1964/3194/3573 2054/3186/3563 2053/3195/3574
s 398
f 1962/3196/3575 1961/3197/3576 1968/3198/3577 1967/3199/3578
s 399
f 1963/3190/3579 1962/3196/3580 2027/3200/3581 2026/3201/3582
s 397
f 1965/3202/3583 1968/3203/3584 2053/3195/3574 2052/3204/3585
s 398
f 1966/3205/3586 1965/3206/3587 1972/3207/3588 1971/3208/3589
s 399
f 1967/3199/3590 1966/3205/3591 2031/3209/3592 2030/3210/3593
s 397
f 1969/3211/3594 1972/3212/3595 2052/3204/3585 2051/3213/3596
s 398
f 1970/3214/3597 1969/3215/3598 1976/3216/3599 1975/3217/3600
s 399
f 1971/3208/3601 1970/3214/3602 2035/3218/3603 2034/3219/3604
s 397
f 1973/3220/3605 1976/3221/3606 2051/3213/3596 2050/3222/3607
s 398
f 1974/3223/3608 1973/3224/3609 1980/3225/3610 1979/3226/3611
s 399
f 1975/3217/3612 1974/3223/3613 2039/3227/3614 2038/3228/3615
s 397
f 1977/3229/3616 1980/3230/3617 2050/3222/3607 2049/3231/3618
s 398
f 1978/3232/3619 1977/3233/3620 1984/3234/3621 1983/3235/3622
s 399
f 1979/3226/3623 1978/3232/3624 2043/3236/3625 2042/3237/3626
s 397
f 1981/3238/3627 1984/3239/3628 2049/3231/3618 2064/3099/3459
s 399
f 1983/3235/3629 1982/3110/3630 2047/3240/3631 2046/3241/3632
s 414
f 1985/3242/3633 1988/3243/3634 2066/3244/3635 2065/3245/3636
s 415
f 1986/3246/3637 1985/3247/3638 2048/3248/3639 2047/3240/3640
f 1988/3249/3641 1987/3106/3642 1990/3120/3643 1989/3250/3644
s 414
f 1989/3251/3645 1992/3252/3646 2067/3253/3647 2066/3244/3635
s 415
f 1992/3254/3648 1991/3119/3649 1994/3129/3650 1993/3255/3651
s 414
f 1993/3256/3652 1996/3257/3653 2068/3258/3654 2067/3253/3647
s 415
f 1996/3259/3655 1995/3128/3656 1998/3138/3657 1997/3260/3658
s 414
f 1997/3261/3659 2000/3262/3660 2069/3263/3661 2068/3258/3654
s 415
f 2000/3264/3662 1999/3137/3663 2002/3147/3664 2001/3265/3665
s 414
f 2001/3266/3666 2004/3267/3667 2070/3268/3668 2069/3263/3661
s 415
f 2004/3269/3669 2003/3146/3670 2006/3156/3671 2005/3270/3672
s 414
f 2005/3271/3673 2008/3272/3674 2071/3273/3675 2070/3268/3668
s 415
f 2008/3274/3676 2007/3155/3677 2010/3165/3678 2009/3275/3679
s 414
f 2009/3276/3680 2012/3277/3681 2072/3278/3682 2071/3273/3675
s 415
f 2012/3279/3683 2011/3164/3684 2014/3174/3685 2013/3280/3686
s 414
f 2013/3281/3687 2016/3282/3688 2073/3283/3689 2072/3278/3682
s 415
f 2016/3284/3690 2015/3173/3691 2018/3183/3692 2017/3285/3693
s 414
f 2017/3286/3694 2020/3287/3695 2074/3288/3696 2073/3283/3689
s 415
f 2020/3289/3697 2019/3182/3698 2022/3192/3699 2021/3290/3700
s 414
f 2021/3291/3701 2024/3292/3702 2075/3293/3703 2074/3288/3696
s 415
f 2024/3294/3704 2023/3191/3705 2026/3201/3706 2025/3295/3707
s 414
f 2025/3296/3708 2028/3297/3709 2076/3298/3710 2075/3293/3703
s 415
f 2028/3299/3711 2027/3200/3712 2030/3210/3713 2029/3300/3714
s 414
f 2029/3301/3715 2032/3302/3716 2077/3303/3717 2076/3298/3710
s 415
f 2032/3304/3718 2031/3209/3719 2034/3219/3720 2033/3305/3721
s 414
f 2033/3306/3722 2036/3307/3723 2078/3308/3724 2077/3303/3717
s 415
f 2036/3309/3725 2035/3218/3726 2038/3228/3727 2037/3310/3728
s 414
f 2037/3311/3729 2040/3312/3730 2079/3313/3731 2078/3308/3724
s 415
f 2040/3314/3732 2039/3227/3733 2042/3237/3734 2041/3315/3735
s 414
f 2041/3316/3736 2044/3317/3737 2080/3318/3738 2079/3313/3731
s 415
f 2044/3319/3739 2043/3236/3740 2046/3241/3741 2045/3320/3742
s 414
f 2045/3321/3743 2048/3322/3744 2065/3245/3636 2080/3318/3738
s 399
f 1922/3101/3466 1927/3104/3480 1990/3120/3483 1987/3106/3467
f 1926/3115/3481 1931/3118/3491 1994/3129/3494 1991/3119/3482
f 1930/3124/3492 1935/3127/3502 1998/3138/3505 1995/3128/3493
f 1934/3133/3503 1939/3136/3513 2002/3147/3516 1999/3137/3504
f 1938/3142/3514 1943/3145/3524 2006/3156/3527 2003/3146/3515
f 1942/3151/3525 1947/3154/3535 2010/3165/3538 2007/3155/3526
f 1946/3160/3536 1951/3163/3546 2014/3174/3549 2011/3164/3537
f 1950/3169/3547 1955/3172/3557 2018/3183/3560 2015/3173/3548
f 1954/3178/3558 1959/3181/3568 2022/3192/3571 2019/3182/3559
f 1958/3187/3569 1963/3190/3579 2026/3201/3582 2023/3191/3570
f 1962/3196/3580 1967/3199/3590 2030/3210/3593 2027/3200/3581
f 1966/3205/3591 1971/3208/3601 2034/3219/3604 2031/3209/3592
f 1970/3214/3602 1975/3217/3612 2038/3228/3615 2035/3218/3603
f 1974/3223/3613 1979/3226/3623 2042/3237/3626 2039/3227/3614
f 1978/3232/3624 1983/3235/3629 2046/3241/3632 2043/3236/3625
f 1982/3110/3630 1923/3109/3465 1986/3246/3468 2047/3240/3631
s 397
f 1928/3113/3474 1921/3097/3457 2063/3100/3460
f 1932/3122/3485 1925/3112/3473 2062/3114/3475
f 1936/3131/3496 1929/3121/3484 2061/3123/3486
f 1940/3140/3507 1933/3130/3495 2060/3132/3497
f 1944/3149/3518 1937/3139/3506 2059/3141/3508
f 1948/3158/3529 1941/3148/3517 2058/3150/3519
f 1952/3167/3540 1945/3157/3528 2057/3159/3530
f 1956/3176/3551 1949/3166/3539 2056/3168/3541
f 1960/3185/3562 1953/3175/3550 2055/3177/3552
f 1964/3194/3573 1957/3184/3561 2054/3186/3563
f 1968/3203/3584 1961/3193/3572 2053/3195/3574
f 1972/3212/3595 1965/3202/3583 2052/3204/3585
f 1976/3221/3606 1969/3211/3594 2051/3213/3596
f 1980/3230/3617 1973/3220/3605 2050/3222/3607
f 1984/3239/3628 1977/3229/3616 2049/3231/3618
f 1924/3098/3458 1981/3238/3627 2064/3099/3459
s 414
f 1988/3243/3634 1989/3251/3645 2066/3244/3635
f 1992/3252/3646 1993/3256/3652 2067/3253/3647
f 1996/3257/3653 1997/3261/3659 2068/3258/3654
f 2000/3262/3660 2001/3266/3666 2069/3263/3661
f 2004/3267/3667 2005/3271/3673 2070/3268/3668
f 2008/3272/3674 2009/3276/3680 2071/3273/3675
f 2012/3277/3681 2013/3281/3687 2072/3278/3682
f 2016/3282/3688 2017/3286/3694 2073/3283/3689
f 2020/3287/3695 2021/3291/3701 2074/3288/3696
f 2024/3292/3702 2025/3296/3708 2075/3293/3703
f 2028/3297/3709 2029/3301/3715 2076/3298/3710
f 2032/3302/3716 2033/3306/3722 2077/3303/3717
f 2036/3307/3723 2037/3311/3729 2078/3308/3724
f 2040/3312/3730 2041/3316/3736 2079/3313/3731
f 2044/3317/3737 2045/3321/3743 2080/3318/3738
f 2048/3322/3744 1985/3242/3633 2065/3245/3636
s 398
f 1921/3102/3462 1922/3101/3461 1923/3105/3470 1924/3323/3469
f 1925/3324/3477 1926/3115/3476 1927/3104/3464 1928/3103/3463
f 1929/3325/3488 1930/3124/3487 1931/3118/3479 1932/3117/3478
f 1933/3326/3499 1934/3133/3498 1935/3127/3490 1936/3126/3489
f 1937/3327/3510 1938/3142/3509 1939/3136/3501 1940/3135/3500
f 1941/3328/3521 1942/3151/3520 1943/3145/3512 1944/3144/3511
f 1945/3329/3532 1946/3160/3531 1947/3154/3523 1948/3153/3522
f 1949/3330/3543 1950/3169/3542 1951/3163/3534 1952/3162/3533
f 1953/3331/3554 1954/3178/3553 1955/3172/3545 1956/3171/3544
f 1957/3332/3565 1958/3187/3564 1959/3181/3556 1960/3180/3555
f 1961/3333/3576 1962/3196/3575 1963/3190/3567 1964/3189/3566
f 1965/3334/3587 1966/3205/3586 1967/3199/3578 1968/3198/3577
f 1969/3335/3598 1970/3214/3597 1971/3208/3589 1972/3207/3588
f 1973/3336/3609 1974/3223/3608 1975/3217/3600 1976/3216/3599
f 1977/3337/3620 1978/3232/3619 1979/3226/3611 1980/3225/3610
f 1981/3338/3472 1982/3110/3471 1983/3235/3622 1984/3234/3621
s 415
f 1985/3339/3638 1986/3107/3637 1987/3106/3642 1988/3249/3641
f 1989/3250/3644 1990/3120/3643 1991/3119/3649 1992/3340/3648
f 1993/3255/3651 1994/3129/3650 1995/3128/3656 1996/3341/3655
f 1997/3260/3658 1998/3138/3657 1999/3137/3663 2000/3342/3662
f 2001/3265/3665 2002/3147/3664 2003/3146/3670 2004/3343/3669
f 2005/3270/3672 2006/3156/3671 2007/3155/3677 2008/3344/3676
f 2009/3275/3679 2010/3165/3678 2011/3164/3684 2012/3345/3683
f 2013/3280/3686 2014/3174/3685 2015/3173/3691 2016/3346/3690
f 2017/3285/3693 2018/3183/3692 2019/3182/3698 2020/3347/3697
f 2021/3290/3700 2022/3192/3699 2023/3191/3705 2024/3348/3704
f 2025/3295/3707 2026/3201/3706 2027/3200/3712 2028/3349/3711
f 2029/3300/3714 2030/3210/3713 2031/3209/3719 2032/3350/3718
f 2033/3305/3721 2034/3219/3720 2035/3218/3726 2036/3351/3725
f 2037/3310/3728 2038/3228/3727 2039/3227/3733 2040/3352/3732
f 2041/3315/3735 2042/3237/3734 2043/3236/3740 2044/3353/3739
f 2045/3320/3742 2046/3241/3741 2047/3240/3640 2048/3354/3639
s 397
f 2049/3231/3618 2050/3222/3607 2051/3213/3596 2052/3204/3585 2053/3195/3574 2054/3186/3563 2055/3177/3552 2056/3168/3541 2057/3159/3530 2058/3150/3519 2059/3141/3508 2060/3132/3497 2061/3123/3486 2062/3114/3475 2063/3100/3460 2064/3099/3459
s 414
f 2065/3245/3636 2066/3244/3635 2067/3253/3647 2068/3258/3654 2069/3263/3661 2070/3268/3668 2071/3273/3675 2072/3278/3682 2073/3283/3689 2074/3288/3696 2075/3293/3703 2076/3298/3710 2077/3303/3717 2078/3308/3724 2079/3313/3731 2080/3318/3738
s 430
f 2081/3355/3745 2084/3356/3746 2224/3357/3747 2223/3358/3748
s 431
f 2082/3359/3749 2081/3360/3750 2088/3361/3751 2087/3362/3752
s 432
f 2083/3363/3753 2082/3359/3754 2147/3364/3755 2146/3365/3756
s 431
f 2084/3366/3757 2083/3367/3758 2142/3368/3759 2141/3369/3760
s 430
f 2085/3370/3761 2088/3371/3762 2223/3358/3748 2222/3372/3763
s 431
f 2086/3373/3764 2085/3374/3765 2092/3375/3766 2091/3376/3767
s 432
f 2087/3362/3768 2086/3373/3769 2151/3377/3770 2150/3378/3771
s 430
f 2089/3379/3772 2092/3380/3773 2222/3372/3763 2221/3381/3774
s 431
f 2090/3382/3775 2089/3383/3776 2096/3384/3777 2095/3385/3778
s 432
f 2091/3376/3779 2090/3382/3780 2155/3386/3781 2154/3387/3782
s 430
f 2093/3388/3783 2096/3389/3784 2221/3381/3774 2220/3390/3785
s 431
f 2094/3391/3786 2093/3392/3787 2100/3393/3788 2099/3394/3789
s 432
f 2095/3385/3790 2094/3391/3791 2159/3395/3792 2158/3396/3793
s 430
f 2097/3397/3794 2100/3398/3795 2220/3390/3785 2219/3399/3796
s 431
f 2098/3400/3797 2097/3401/3798 2104/3402/3799 2103/3403/3800
s 432
f 2099/3394/3801 2098/3400/3802 2163/3404/3803 2162/3405/3804
s 430
f 2101/3406/3805 2104/3407/3806 2219/3399/3796 2218/3408/3807
s 431
f 2102/3409/3808 2101/3410/3809 2108/3411/3810 2107/3412/3811
s 432
f 2103/3403/3812 2102/3409/3813 2167/3413/3814 2166/3414/3815
s 430
f 2105/3415/3816 2108/3416/3817 2218/3408/3807 2217/3417/3818
s 431
f 2106/3418/3819 2105/3419/3820 2112/3420/3821 2111/3421/3822
s 432
f 2107/3412/3823 2106/3418/3824 2171/3422/3825 2170/3423/3826
s 430
f 2109/3424/3827 2112/3425/3828 2217/3417/3818 2216/3426/3829
s 431
f 2110/3427/3830 2109/3428/3831 2116/3429/3832 2115/3430/3833
s 432
f 2111/3421/3834 2110/3427/3835 2175/3431/3836 2174/3432/3837
s 430
f 2113/3433/3838 2116/3434/3839 2216/3426/3829 2215/3435/3840
s 431
f 2114/3436/3841 2113/3437/3842 2120/3438/3843 2119/3439/3844
s 432
f 2115/3430/3845 2114/3436/3846 2179/3440/3847 2178/3441/3848
s 430
f 2117/3442/3849 2120/3443/3850 2215/3435/3840 2214/3444/3851
s 431
f 2118/3445/3852 2117/3446/3853 2124/3447/3854 2123/3448/3855
s 432
f 2119/3439/3856 2118/3445/3857 2183/3449/3858 2182/3450/3859
s 430
f 2121/3451/3860 2124/3452/3861 2214/3444/3851 2213/3453/3862
s 431
f 2122/3454/3863 2121/3455/3864 2128/3456/3865 2127/3457/3866
s 432
f 2123/3448/3867 2122/3454/3868 2187/3458/3869 2186/3459/3870
s 430
f 2125/3460/3871 2128/3461/3872 2213/3453/3862 2212/3462/3873
s 431
f 2126/3463/3874 2125/3464/3875 2132/3465/3876 2131/3466/3877
s 432
f 2127/3457/3878 2126/3463/3879 2191/3467/3880 2190/3468/3881
s 430
f 2129/3469/3882 2132/3470/3883 2212/3462/3873 2211/3471/3884
s 431
f 2130/3472/3885 2129/3473/3886 2136/3474/3887 2135/3475/3888
s 432
f 2131/3466/3889 2130/3472/3890 2195/3476/3891 2194/3477/3892
s 430
f 2133/3478/3893 2136/3479/3894 2211/3471/3884 2210/3480/3895
s 431
f 2134/3481/3896 2133/3482/3897 2140/3483/3898 2139/3484/3899
s 432
f 2135/3475/3900 2134/3481/3901 2199/3485/3902 2198/3486/3903
s 430
f 2137/3487/3904 2140/3488/3905 2210/3480/3895 2209/3489/3906
s 431
f 2138/3490/3907 2137/3491/3908 2144/3492/3909 2143/3493/3910
s 432
f 2139/3484/3911 2138/3490/3912 2203/3494/3913 2202/3495/3914
s 430
f 2141/3496/3915 2144/3497/3916 2209/3489/3906 2224/3357/3747
s 432
f 2143/3493/3917 2142/3368/3918 2207/3498/3919 2206/3499/3920
s 447
f 2145/3500/3921 2148/3501/3922 2226/3502/3923 2225/3503/3924
s 448
f 2146/3504/3925 2145/3505/3926 2208/3506/3927 2207/3498/3928
f 2148/3507/3929 2147/3364/3930 2150/3378/3931 2149/3508/3932
s 447
f 2149/3509/3933 2152/3510/3934 2227/3511/3935 2226/3502/3923
s 448
f 2152/3512/3936 2151/3377/3937 2154/3387/3938 2153/3513/3939
s 447
f 2153/3514/3940 2156/3515/3941 2228/3516/3942 2227/3511/3935
s 448
f 2156/3517/3943 2155/3386/3944 2158/3396/3945 2157/3518/3946
s 447
f 2157/3519/3947 2160/3520/3948 2229/3521/3949 2228/3516/3942
s 448
f 2160/3522/3950 2159/3395/3951 2162/3405/3952 2161/3523/3953
s 447
f 2161/3524/3954 2164/3525/3955 2230/3526/3956 2229/3521/3949
s 448
f 2164/3527/3957 2163/3404/3958 2166/3414/3959 2165/3528/3960
s 447
f 2165/3529/3961 2168/3530/3962 2231/3531/3963 2230/3526/3956
s 448
f 2168/3532/3964 2167/3413/3965 2170/3423/3966 2169/3533/3967
s 447
f 2169/3534/3968 2172/3535/3969 2232/3536/3970 2231/3531/3963
s 448
f 2172/3537/3971 2171/3422/3972 2174/3432/3973 2173/3538/3974
s 447
f 2173/3539/3975 2176/3540/3976 2233/3541/3977 2232/3536/3970
s 448
f 2176/3542/3978 2175/3431/3979 2178/3441/3980 2177/3543/3981
s 447
f 2177/3544/3982 2180/3545/3983 2234/3546/3984 2233/3541/3977
s 448
f 2180/3547/3985 2179/3440/3986 2182/3450/3987 2181/3548/3988
s 447
f 2181/3549/3989 2184/3550/3990 2235/3551/3991 2234/3546/3984
s 448
f 2184/3552/3992 2183/3449/3993 2186/3459/3994 2185/3553/3995
s 447
f 2185/3554/3996 2188/3555/3997 2236/3556/3998 2235/3551/3991
s 448
f 2188/3557/3999 2187/3458/4000 2190/3468/4001 2189/3558/4002
s 447
f 2189/3559/4003 2192/3560/4004 2237/3561/4005 2236/3556/3998
s 448
f 2192/3562/4006 2191/3467/4007 2194/3477/4008 2193/3563/4009
s 447
f 2193/3564/4010 2196/3565/4011 2238/3566/4012 2237/3561/4005
s 448
f 2196/3567/4013 2195/3476/4014 2198/3486/4015 2197/3568/4016
s 447
f 2197/3569/4017 2200/3570/4018 2239/3571/4019 2238/3566/4012
s 448
f 2200/3572/4020 2199/3485/4021 2202/3495/4022 2201/3573/4023
s 447
f 2201/3574/4024 2204/3575/4025 2240/3576/4026 2239/3571/4019
s 448
f 2204/3577/4027 2203/3494/4028 2206/3499/4029 2205/3578/4030
s 447
f 2205/3579/4031 2208/3580/4032 2225/3503/3924 2240/3576/4026
s 432
f 2082/3359/3754 2087/3362/3768 2150/3378/3771 2147/3364/3755
f 2086/3373/3769 2091/3376/3779 2154/3387/3782 2151/3377/3770
f 2090/3382/3780 2095/3385/3790 2158/3396/3793 2155/3386/3781
f 2094/3391/3791 2099/3394/3801 2162/3405/3804 2159/3395/3792
f 2098/3400/3802 2103/3403/3812 2166/3414/3815 2163/3404/3803
f 2102/3409/3813 2107/3412/3823 2170/3423/3826 2167/3413/3814
f 2106/3418/3824 2111/3421/3834 2174/3432/3837 2171/3422/3825
f 2110/3427/3835 2115/3430/3845 2178/3441/3848 2175/3431/3836
f 2114/3436/3846 2119/3439/3856 2182/3450/3859 2179/3440/3847
f 2118/3445/3857 2123/3448/3867 2186/3459/3870 2183/3449/3858
f 2122/3454/3868 2127/3457/3878 2190/3468/3881 2187/3458/3869
f 2126/3463/3879 2131/3466/3889 2194/3477/3892 2191/3467/3880
f 2130/3472/3890 2135/3475/3900 2198/3486/3903 2195/3476/3891
f 2134/3481/3901 2139/3484/3911 2202/3495/3914 2199/3485/3902
f 2138/3490/3912 2143/3493/3917 2206/3499/3920 2203/3494/3913
f 2142/3368/3918 2083/3367/3753 2146/3504/3756 2207/3498/3919
s 430
f 2088/3371/3762 2081/3355/3745 2223/3358/3748
f 2092/3380/3773 2085/3370/3761 2222/3372/3763
f 2096/3389/3784 2089/3379/3772 2221/3381/3774
f 2100/3398/3795 2093/3388/3783 2220/3390/3785
f 2104/3407/3806 2097/3397/3794 2219/3399/3796
f 2108/3416/3817 2101/3406/3805 2218/3408/3807
f 2112/3425/3828 2105/3415/3816 2217/3417/3818
f 2116/3434/3839 2109/3424/3827 2216/3426/3829
f 2120/3443/3850 2113/3433/3838 2215/3435/3840
f 2124/3452/3861 2117/3442/3849 2214/3444/3851
f 2128/3461/3872 2121/3451/3860 2213/3453/3862
f 2132/3470/3883 2125/3460/3871 2212/3462/3873
f 2136/3479/3894 2129/3469/3882 2211/3471/3884
f 2140/3488/3905 2133/3478/3893 2210/3480/3895
f 2144/3497/3916 2137/3487/3904 2209/3489/3906
f 2084/3356/3746 2141/3496/3915 2224/3357/3747
s 447
f 2148/3501/3922 2149/3509/3933 2226/3502/3923
f 2152/3510/3934 2153/3514/3940 2227/3511/3935
f 2156/3515/3941 2157/3519/3947 2228/3516/3942
f 2160/3520/3948 2161/3524/3954 2229/3521/3949
f 2164/3525/3955 2165/3529/3961 2230/3526/3956
f 2168/3530/3962 2169/3534/3968 2231/3531/3963
f 2172/3535/3969 2173/3539/3975 2232/3536/3970
f 2176/3540/3976 2177/3544/3982 2233/3541/3977
f 2180/3545/3983 2181/3549/3989 2234/3546/3984
f 2184/3550/3990 2185/3554/3996 2235/3551/3991
f 2188/3555/3997 2189/3559/4003 2236/3556/3998
f 2192/3560/4004 2193/3564/4010 2237/3561/4005
f 2196/3565/4011 2197/3569/4017 2238/3566/4012
f 2200/3570/4018 2201/3574/4024 2239/3571/4019
f 2204/3575/4025 2205/3579/4031 2240/3576/4026
f 2208/3580/4032 2145/3500/3921 2225/3503/3924
s 431
f 2081/3360/3750 2082/3359/3749 2083/3363/3758 2084/3581/3757
f 2085/3582/3765 2086/3373/3764 2087/3362/3752 2088/3361/3751
f 2089/3583/3776 2090/3382/3775 2091/3376/3767 2092/3375/3766
f 2093/3584/3787 2094/3391/3786 2095/3385/3778 2096/3384/3777
f 2097/3585/3798 2098/3400/3797 2099/3394/3789 2100/3393/3788
f 2101/3586/3809 2102/3409/3808 2103/3403/3800 2104/3402/3799
f 2105/3587/3820 2106/3418/3819 2107/3412/3811 2108/3411/3810
f 2109/3588/3831 2110/3427/3830 2111/3421/3822 2112/3420/3821
f 2113/3589/3842 2114/3436/3841 2115/3430/3833 2116/3429/3832
f 2117/3590/3853 2118/3445/3852 2119/3439/3844 2120/3438/3843
f 2121/3591/3864 2122/3454/3863 2123/3448/3855 2124/3447/3854
f 2125/3592/3875 2126/3463/3874 2127/3457/3866 2128/3456/3865
f 2129/3593/3886 2130/3472/3885 2131/3466/3877 2132/3465/3876
f 2133/3594/3897 2134/3481/3896 2135/3475/3888 2136/3474/3887
f 2137/3595/3908 2138/3490/3907 2139/3484/3899 2140/3483/3898
f 2141/3596/3760 2142/3368/3759 2143/3493/3910 2144/3492/3909
s 448
f 2145/3597/3926 2146/3365/3925 2147/3364/3930 2148/3507/3929
f 2149/3508/3932 2150/3378/3931 2151/3377/3937 2152/3598/3936
f 2153/3513/3939 2154/3387/3938 2155/3386/3944 2156/3599/3943
f 2157/3518/3946 2158/3396/3945 2159/3395/3951 2160/3600/3950
f 2161/3523/3953 2162/3405/3952 2163/3404/3958 2164/3601/3957
f 2165/3528/3960 2166/3414/3959 2167/3413/3965 2168/3602/3964
f 2169/3533/3967 2170/3423/3966 2171/3422/3972 2172/3603/3971
f 2173/3538/3974 2174/3432/3973 2175/3431/3979 2176/3604/3978
f 2177/3543/3981 2178/3441/3980 2179/3440/3986 2180/3605/3985
f 2181/3548/3988 2182/3450/3987 2183/3449/3993 2184/3606/3992
f 2185/3553/3995 2186/3459/3994 2187/3458/4000 2188/3607/3999
f 2189/3558/4002 2190/3468/4001 2191/3467/4007 2192/3608/4006
f 2193/3563/4009 2194/3477/4008 2195/3476/4014 2196/3609/4013
f 2197/3568/4016 2198/3486/4015 2199/3485/4021 2200/3610/4020
f 2201/3573/4023 2202/3495/4022 2203/3494/4028 2204/3611/4027
f 2205/3578/4030 2206/3499/4029 2207/3498/3928 2208/3612/3927
s 430
f 2209/3489/3906 2210/3480/3895 2211/3471/3884 2212/3462/3873 2213/3453/3862 2214/3444/3851 2215/3435/3840 2216/3426/3829 2217/3417/3818 2218/3408/3807 2219/3399/3796 2220/3390/3785 2221/3381/3774 2222/3372/3763 2223/3358/3748 2224/3357/3747
s 447
f 2225/3503/3924 2226/3502/3923 2227/3511/3935 2228/3516/3942 2229/3521/3949 2230/3526/3956 2231/3531/3963 2232/3536/3970 2233/3541/3977 2234/3546/3984 2235/3551/3991 2236/3556/3998 2237/3561/4005 2238/3566/4012 2239/3571/4019 2240/3576/4026
s 463
f 2241/3613/4033 2244/3614/4034 2384/3615/4035 2383/3616/4036
s 464
f 2242/3617/4037 2241/3618/4038 2248/3619/4039 2247/3620/4040
s 465
f 2243/3621/4041 2242/3617/4042 2307/3622/4043 2306/3623/4044
s 464
f 2244/3624/4045 2243/3625/4046 2302/3626/4047 2301/3627/4048
s 463
f 2245/3628/4049 2248/3629/4050 2383/3616/4036 2382/3630/4051
s 464
f 2246/3631/4052 2245/3632/4053 2252/3633/4054 2251/3634/4055
s 465
f 2247/3620/4056 2246/3631/4057 2311/3635/4058 2310/3636/4059
s 463
f 2249/3637/4060 2252/3638/4061 2382/3630/4051 2381/3639/4062
s 464
f 2250/3640/4063 2249/3641/4064 2256/3642/4065 2255/3643/4066
s 465
f 2251/3634/4067 2250/3640/4068 2315/3644/4069 2314/3645/4070
s 463
f 2253/3646/4071 2256/3647/4072 2381/3639/4062 2380/3648/4073
s 464
f 2254/3649/4074 2253/3650/4075 2260/3651/4076 2259/3652/4077
s 465
f 2255/3643/4078 2254/3649/4079 2319/3653/4080 2318/3654/4081
s 463
f 2257/3655/4082 2260/3656/4083 2380/3648/4073 2379/3657/4084
s 464
f 2258/3658/4085 2257/3659/4086 2264/3660/4087 2263/3661/4088
s 465
f 2259/3652/4089 2258/3658/4090 2323/3662/4091 2322/3663/4092
s 463
f 2261/3664/4093 2264/3665/4094 2379/3657/4084 2378/3666/4095
s 464
f 2262/3667/4096 2261/3668/4097 2268/3669/4098 2267/3670/4099
s 465
f 2263/3661/4100 2262/3667/4101 2327/3671/4102 2326/3672/4103
s 463
f 2265/3673/4104 2268/3674/4105 2378/3666/4095 2377/3675/4106
s 464
f 2266/3676/4107 2265/3677/4108 2272/3678/4109 2271/3679/4110
s 465
f 2267/3670/4111 2266/3676/4112 2331/3680/4113 2330/3681/4114
s 463
f 2269/3682/4115 2272/3683/4116 2377/3675/4106 2376/3684/4117
s 464
f 2270/3685/4118 2269/3686/4119 2276/3687/4120 2275/3688/4121
s 465
f 2271/3679/4122 2270/3685/4123 2335/3689/4124 2334/3690/4125
s 463
f 2273/3691/4126 2276/3692/4127 2376/3684/4117 2375/3693/4128
s 464
f 2274/3694/4129 2273/3695/4130 2280/3696/4131 2279/3697/4132
s 465
f 2275/3688/4133 2274/3694/4134 2339/3698/4135 2338/3699/4136
s 463
f 2277/3700/4137 2280/3701/4138 2375/3693/4128 2374/3702/4139
s 464
f 2278/3703/4140 2277/3704/4141 2284/3705/4142 2283/3706/4143
s 465
f 2279/3697/4144 2278/3703/4145 2343/3707/4146 2342/3708/4147
s 463
f 2281/3709/4148 2284/3710/4149 2374/3702/4139 2373/3711/4150
s 464
f 2282/3712/4151 2281/3713/4152 2288/3714/4153 2287/3715/4154
s 465
f 2283/3706/4155 2282/3712/4156 2347/3716/4157 2346/3717/4158
s 463
f 2285/3718/4159 2288/3719/4160 2373/3711/4150 2372/3720/4161
s 464
f 2286/3721/4162 2285/3722/4163 2292/3723/4164 2291/3724/4165
s 465
f 2287/3715/4166 2286/3721/4167 2351/3725/4168 2350/3726/4169
s 463
f 2289/3727/4170 2292/3728/4171 2372/3720/4161 2371/3729/4172
s 464
f 2290/3730/4173 2289/3731/4174 2296/3732/4175 2295/3733/4176
s 465
f 2291/3724/4177 2290/3730/4178 2355/3734/4179 2354/3735/4180
s 463
f 2293/3736/4181 2296/3737/4182 2371/3729/4172 2370/3738/4183
s 464
f 2294/3739/4184 2293/3740/4185 2300/3741/4186 2299/3742/4187
s 465
f 2295/3733/4188 2294/3739/4189 2359/3743/4190 2358/3744/4191
s 463
f 2297/3745/4192 2300/3746/4193 2370/3738/4183 2369/3747/4194
s 464
f 2298/3748/4195 2297/3749/4196 2304/3750/4197 2303/3751/4198
s 465
f 2299/3742/4199 2298/3748/4200 2363/3752/4201 2362/3753/4202
s 463
f 2301/3754/4203 2304/3755/4204 2369/3747/4194 2384/3615/4035
s 465
f 2303/3751/4205 2302/3626/4206 2367/3756/4207 2366/3757/4208
s 480
f 2305/3758/4209 2308/3759/4210 2386/3760/4211 2385/3761/4212
s 481
f 2306/3762/4213 2305/3763/4214 2368/3764/4215 2367/3756/4216
f 2308/3765/4217 2307/3622/4218 2310/3636/4219 2309/3766/4220
s 480
f 2309/3767/4221 2312/3768/4222 2387/3769/4223 2386/3760/4211
s 481
f 2312/3770/4224 2311/3635/4225 2314/3645/4226 2313/3771/4227
s 480
f 2313/3772/4228 2316/3773/4229 2388/3774/4230 2387/3769/4223
s 481
f 2316/3775/4231 2315/3644/4232 2318/3654/4233 2317/3776/4234
s 480
f 2317/3777/4235 2320/3778/4236 2389/3779/4237 2388/3774/4230
s 481
f 2320/3780/4238 2319/3653/4239 2322/3663/4240 2321/3781/4241
s 480
f 2321/3782/4242 2324/3783/4243 2390/3784/4244 2389/3779/4237
s 481
f 2324/3785/4245 2323/3662/4246 2326/3672/4247 2325/3786/4248
s 480
f 2325/3787/4249 2328/3788/4250 2391/3789/4251 2390/3784/4244
s 481
f 2328/3790/4252 2327/3671/4253 2330/3681/4254 2329/3791/4255
s 480
f 2329/3792/4256 2332/3793/4257 2392/3794/4258 2391/3789/4251
s 481
f 2332/3795/4259 2331/3680/4260 2334/3690/4261 2333/3796/4262
s 480
f 2333/3797/4263 2336/3798/4264 2393/3799/4265 2392/3794/4258
s 481
f 2336/3800/4266 2335/3689/4267 2338/3699/4268 2337/3801/4269
s 480
f 2337/3802/4270 2340/3803/4271 2394/3804/4272 2393/3799/4265
s 481
f 2340/3805/4273 2339/3698/4274 2342/3708/4275 2341/3806/4276
s 480
f 2341/3807/4277 2344/3808/4278 2395/3809/4279 2394/3804/4272
s 481
f 2344/3810/4280 2343/3707/4281 2346/3717/4282 2345/3811/4283
s 480
f 2345/3812/4284 2348/3813/4285 2396/3814/4286 2395/3809/4279
s 481
f 2348/3815/4287 2347/3716/4288 2350/3726/4289 2349/3816/4290
s 480
f 2349/3817/4291 2352/3818/4292 2397/3819/4293 2396/3814/4286
s 481
f 2352/3820/4294 2351/3725/4295 2354/3735/4296 2353/3821/4297
s 480
f 2353/3822/4298 2356/3823/4299 2398/3824/4300 2397/3819/4293
s 481
f 2356/3825/4301 2355/3734/4302 2358/3744/4303 2357/3826/4304
s 480
f 2357/3827/4305 2360/3828/4306 2399/3829/4307 2398/3824/4300
s 481
f 2360/3830/4308 2359/3743/4309 2362/3753/4310 2361/3831/4311
s 480
f 2361/3832/4312 2364/3833/4313 2400/3834/4314 2399/3829/4307
s 481
f 2364/3835/4315 2363/3752/4316 2366/3757/4317 2365/3836/4318
s 480
f 2365/3837/4319 2368/3838/4320 2385/3761/4212 2400/3834/4314
s 465
f 2242/3617/4042 2247/3620/4056 2310/3636/4059 2307/3622/4043
f 2246/3631/4057 2251/3634/4067 2314/3645/4070 2311/3635/4058
f 2250/3640/4068 2255/3643/4078 2318/3654/4081 2315/3644/4069
f 2254/3649/4079 2259/3652/4089 2322/3663/4092 2319/3653/4080
f 2258/3658/4090 2263/3661/4100 2326/3672/4103 2323/3662/4091
f 2262/3667/4101 2267/3670/4111 2330/3681/4114 2327/3671/4102
f 2266/3676/4112 2271/3679/4122 2334/3690/4125 2331/3680/4113
f 2270/3685/4123 2275/3688/4133 2338/3699/4136 2335/3689/4124
f 2274/3694/4134 2279/3697/4144 2342/3708/4147 2339/3698/4135
f 2278/3703/4145 2283/3706/4155 2346/3717/4158 2343/3707/4146
f 2282/3712/4156 2287/3715/4166 2350/3726/4169 2347/3716/4157
f 2286/3721/4167 2291/3724/4177 2354/3735/4180 2351/3725/4168
f 2290/3730/4178 2295/3733/4188 2358/3744/4191 2355/3734/4179
f 2294/3739/4189 2299/3742/4199 2362/3753/4202 2359/3743/4190
f 2298/3748/4200 2303/3751/4205 2366/3757/4208 2363/3752/4201
f 2302/3626/4206 2243/3625/4041 2306/3762/4044 2367/3756/4207
s 463
f 2248/3629/4050 2241/3613/4033 2383/3616/4036
f 2252/3638/4061 2245/3628/4049 2382/3630/4051
f 2256/3647/4072 2249/3637/4060 2381/3639/4062
f 2260/3656/4083 2253/3646/4071 2380/3648/4073
f 2264/3665/4094 2257/3655/4082 2379/3657/4084
f 2268/3674/4105 2261/3664/4093 2378/3666/4095
f 2272/3683/4116 2265/3673/4104 2377/3675/4106
f 2276/3692/4127 2269/3682/4115 2376/3684/4117
f 2280/3701/4138 2273/3691/4126 2375/3693/4128
f 2284/3710/4149 2277/3700/4137 2374/3702/4139
f 2288/3719/4160 2281/3709/4148 2373/3711/4150
f 2292/3728/4171 2285/3718/4159 2372/3720/4161
f 2296/3737/4182 2289/3727/4170 2371/3729/4172
f 2300/3746/4193 2293/3736/4181 2370/3738/4183
f 2304/3755/4204 2297/3745/4192 2369/3747/4194
f 2244/3614/4034 2301/3754/4203 2384/3615/4035
s 480
f 2308/3759/4210 2309/3767/4221 2386/3760/4211
f 2312/3768/4222 2313/3772/4228 2387/3769/4223
f 2316/3773/4229 2317/3777/4235 2388/3774/4230
f 2320/3778/4236 2321/3782/4242 2389/3779/4237
f 2324/3783/4243 2325/3787/4249 2390/3784/4244
f 2328/3788/4250 2329/3792/4256 2391/3789/4251
f 2332/3793/4257 2333/3797/4263 2392/3794/4258
f 2336/3798/4264 2337/3802/4270 2393/3799/4265
f 2340/3803/4271 2341/3807/4277 2394/3804/4272
f 2344/3808/4278 2345/3812/4284 2395/3809/4279
f 2348/3813/4285 2349/3817/4291 2396/3814/4286
f 2352/3818/4292 2353/3822/4298 2397/3819/4293
f 2356/3823/4299 2357/3827/4305 2398/3824/4300
f 2360/3828/4306 2361/3832/4312 2399/3829/4307
f 2364/3833/4313 2365/3837/4319 2400/3834/4314
f 2368/3838/4320 2305/3758/4209 2385/3761/4212
s 464
f 2241/3618/4038 2242/3617/4037 2243/3621/4046 2244/3839/4045
f 2245/3840/4053 2246/3631/4052 2247/3620/4040 2248/3619/4039
f 2249/3841/4064 2250/3640/4063 2251/3634/4055 2252/3633/4054
f 2253/3842/4075 2254/3649/4074 2255/3643/4066 2256/3642/4065
f 2257/3843/4086 2258/3658/4085 2259/3652/4077 2260/3651/4076
f 2261/3844/4097 2262/3667/4096 2263/3661/4088 2264/3660/4087
f 2265/3845/4108 2266/3676/4107 2267/3670/4099 2268/3669/4098
f 2269/3846/4119 2270/3685/4118 2271/3679/4110 2272/3678/4109
f 2273/3847/4130 2274/3694/4129 2275/3688/4121 2276/3687/4120
f 2277/3848/4141 2278/3703/4140 2279/3697/4132 2280/3696/4131
f 2281/3849/4152 2282/3712/4151 2283/3706/4143 2284/3705/4142
f 2285/3850/4163 2286/3721/4162 2287/3715/4154 2288/3714/4153
f 2289/3851/4174 2290/3730/4173 2291/3724/4165 2292/3723/4164
f 2293/3852/4185 2294/3739/4184 2295/3733/4176 2296/3732/4175
f 2297/3853/4196 2298/3748/4195 2299/3742/4187 2300/3741/4186
f 2301/3854/4048 2302/3626/4047 2303/3751/4198 2304/3750/4197
s 481
f 2305/3855/4214 2306/3623/4213 2307/3622/4218 2308/3765/4217
f 2309/3766/4220 2310/3636/4219 2311/3635/4225 2312/3856/4224
f 2313/3771/4227 2314/3645/4226 2315/3644/4232 2316/3857/4231
f 2317/3776/4234 2318/3654/4233 2319/3653/4239 2320/3858/4238
f 2321/3781/4241 2322/3663/4240 2323/3662/4246 2324/3859/4245
f 2325/3786/4248 2326/3672/4247 2327/3671/4253 2328/3860/4252
f 2329/3791/4255 2330/3681/4254 2331/3680/4260 2332/3861/4259
f 2333/3796/4262 2334/3690/4261 2335/3689/4267 2336/3862/4266
f 2337/3801/4269 2338/3699/4268 2339/3698/4274 2340/3863/4273
f 2341/3806/4276 2342/3708/4275 2343/3707/4281 2344/3864/4280
f 2345/3811/4283 2346/3717/4282 2347/3716/4288 2348/3865/4287
f 2349/3816/4290 2350/3726/4289 2351/3725/4295 2352/3866/4294
f 2353/3821/4297 2354/3735/4296 2355/3734/4302 2356/3867/4301
f 2357/3826/4304 2358/3744/4303 2359/3743/4309 2360/3868/4308
f 2361/3831/4311 2362/3753/4310 2363/3752/4316 2364/3869/4315
f 2365/3836/4318 2366/3757/4317 2367/3756/4216 2368/3870/4215
s 463
f 2369/3747/4194 2370/3738/4183 2371/3729/4172 2372/3720/4161 2373/3711/4150 2374/3702/4139 2375/3693/4128 2376/3684/4117 2377/3675/4106 2378/3666/4095 2379/3657/4084 2380/3648/4073 2381/3639/4062 2382/3630/4051 2383/3616/4036 2384/3615/4035
s 480
f 2385/3761/4212 2386/3760/4211 2387/3769/4223 2388/3774/4230 2389/3779/4237 2390/3784/4244 2391/3789/4251 2392/3794/4258 2393/3799/4265 2394/3804/4272 2395/3809/4279 2396/3814/4286 2397/3819/4293 2398/3824/4300 2399/3829/4307 2400/3834/4314
s 496
f 2401/3871/4321 2404/3872/4322 2544/3873/4323 2543/3874/4324
s 497
f 2402/3875/4325 2401/3876/4326 2408/3877/4327 2407/3878/4328
s 498
f 2403/3879/4329 2402/3875/4330 2467/3880/4331 2466/3881/4332
s 497
f 2404/3882/4333 2403/3883/4334 2462/3884/4335 2461/3885/4336
s 496
f 2405/3886/4337 2408/3887/4338 2543/3874/4324 2542/3888/4339
s 497
f 2406/3889/4340 2405/3890/4341 2412/3891/4342 2411/3892/4343
s 498
f 2407/3878/4344 2406/3889/4345 2471/3893/4346 2470/3894/4347
s 496
f 2409/3895/4348 2412/3896/4349 2542/3888/4339 2541/3897/4350
s 497
f 2410/3898/4351 2409/3899/4352 2416/3900/4353 2415/3901/4354
s 498
f 2411/3892/4355 2410/3898/4356 2475/3902/4357 2474/3903/4358
s 496
f 2413/3904/4359 2416/3905/4360 2541/3897/4350 2540/3906/4361
s 497
f 2414/3907/4362 2413/3908/4363 2420/3909/4364 2419/3910/4365
s 498
f 2415/3901/4366 2414/3907/4367 2479/3911/4368 2478/3912/4369
s 496
f 2417/3913/4370 2420/3914/4371 2540/3906/4361 2539/3915/4372
s 497
f 2418/3916/4373 2417/3917/4374 2424/3918/4375 2423/3919/4376
s 498
f 2419/3910/4377 2418/3916/4378 2483/3920/4379 2482/3921/4380
s 496
f 2421/3922/4381 2424/3923/4382 2539/3915/4372 2538/3924/4383
s 497
f 2422/3925/4384 2421/3926/4385 2428/3927/4386 2427/3928/4387
s 498
f 2423/3919/4388 2422/3925/4389 2487/3929/4390 2486/3930/4391
s 496
f 2425/3931/4392 2428/3932/4393 2538/3924/4383 2537/3933/4394
s 497
f 2426/3934/4395 2425/3935/4396 2432/3936/4397 2431/3937/4398
s 498
f 2427/3928/4399 2426/3934/4400 2491/3938/4401 2490/3939/4402
s 496
f 2429/3940/4403 2432/3941/4404 2537/3933/4394 2536/3942/4405
s 497
f 2430/3943/4406 2429/3944/4407 2436/3945/4408 2435/3946/4409
s 498
f 2431/3937/4410 2430/3943/4411 2495/3947/4412 2494/3948/4413
s 496
f 2433/3949/4414 2436/3950/4415 2536/3942/4405 2535/3951/4416
s 497
f 2434/3952/4417 2433/3953/4418 2440/3954/4419 2439/3955/4420
s 498
f 2435/3946/4421 2434/3952/4422 2499/3956/4423 2498/3957/4424
s 496
f 2437/3958/4425 2440/3959/4426 2535/3951/4416 2534/3960/4427
s 497
f 2438/3961/4428 2437/3962/4429 2444/3963/4430 2443/3964/4431
s 498
f 2439/3955/4432 2438/3961/4433 2503/3965/4434 2502/3966/4435
s 496
f 2441/3967/4436 2444/3968/4437 2534/3960/4427 2533/3969/4438
s 497
f 2442/3970/4439 2441/3971/4440 2448/3972/4441 2447/3973/4442
s 498
f 2443/3964/4443 2442/3970/4444 2507/3974/4445 2506/3975/4446
s 496
f 2445/3976/4447 2448/3977/4448 2533/3969/4438 2532/3978/4449
s 497
f 2446/3979/4450 2445/3980/4451 2452/3981/4452 2451/3982/4453
s 498
f 2447/3973/4454 2446/3979/4455 2511/3983/4456 2510/3984/4457
s 496
f 2449/3985/4458 2452/3986/4459 2532/3978/4449 2531/3987/4460
s 497
f 2450/3988/4461 2449/3989/4462 2456/3990/4463 2455/3991/4464
s 498
f 2451/3982/4465 2450/3988/4466 2515/3992/4467 2514/3993/4468
s 496
f 2453/3994/4469 2456/3995/4470 2531/3987/4460 2530/3996/4471
s 497
f 2454/3997/4472 2453/3998/4473 2460/3999/4474 2459/4000/4475
s 498
f 2455/3991/4476 2454/3997/4477 2519/4001/4478 2518/4002/4479
s 496
f 2457/4003/4480 2460/4004/4481 2530/3996/4471 2529/4005/4482
s 497
f 2458/4006/4483 2457/4007/4484 2464/4008/4485 2463/4009/4486
s 498
f 2459/4000/4487 2458/4006/4488 2523/4010/4489 2522/4011/4490
s 496
f 2461/4012/4491 2464/4013/4492 2529/4005/4482 2544/3873/4323
s 498
f 2463/4009/4493 2462/3884/4494 2527/4014/4495 2526/4015/4496
s 513
f 2465/4016/4497 2468/4017/4498 2546/4018/4499 2545/4019/4500
s 514
f 2466/4020/4501 2465/4021/4502 2528/4022/4503 2527/4014/4504
f 2468/4023/4505 2467/3880/4506 2470/3894/4507 2469/4024/4508
s 513
f 2469/4025/4509 2472/4026/4510 2547/4027/4511 2546/4018/4499
s 514
f 2472/4028/4512 2471/3893/4513 2474/3903/4514 2473/4029/4515
s 513
f 2473/4030/4516 2476/4031/4517 2548/4032/4518 2547/4027/4511
s 514
f 2476/4033/4519 2475/3902/4520 2478/3912/4521 2477/4034/4522
s 513
f 2477/4035/4523 2480/4036/4524 2549/4037/4525 2548/4032/4518
s 514
f 2480/4038/4526 2479/3911/4527 2482/3921/4528 2481/4039/4529
s 513
f 2481/4040/4530 2484/4041/4531 2550/4042/4532 2549/4037/4525
s 514
f 2484/4043/4533 2483/3920/4534 2486/3930/4535 2485/4044/4536
s 513
f 2485/4045/4537 2488/4046/4538 2551/4047/4539 2550/4042/4532
s 514
f 2488/4048/4540 2487/3929/4541 2490/3939/4542 2489/4049/4543
s 513
f 2489/4050/4544 2492/4051/4545 2552/4052/4546 2551/4047/4539
s 514
f 2492/4053/4547 2491/3938/4548 2494/3948/4549 2493/4054/4550
s 513
f 2493/4055/4551 2496/4056/4552 2553/4057/4553 2552/4052/4546
s 514
f 2496/4058/4554 2495/3947/4555 2498/3957/4556 2497/4059/4557
s 513
f 2497/4060/4558 2500/4061/4559 2554/4062/4560 2553/4057/4553
s 514
f 2500/4063/4561 2499/3956/4562 2502/3966/4563 2501/4064/4564
s 513
f 2501/4065/4565 2504/4066/4566 2555/4067/4567 2554/4062/4560
s 514
f 2504/4068/4568 2503/3965/4569 2506/3975/4570 2505/4069/4571
s 513
f 2505/4070/4572 2508/4071/4573 2556/4072/4574 2555/4067/4567
s 514
f 2508/4073/4575 2507/3974/4576 2510/3984/4577 2509/4074/4578
s 513
f 2509/4075/4579 2512/4076/4580 2557/4077/4581 2556/4072/4574
s 514
f 2512/4078/4582 2511/3983/4583 2514/3993/4584 2513/4079/4585
s 513
f 2513/4080/4586 2516/4081/4587 2558/4082/4588 2557/4077/4581
s 514
f 2516/4083/4589 2515/3992/4590 2518/4002/4591 2517/4084/4592
s 513
f 2517/4085/4593 2520/4086/4594 2559/4087/4595 2558/4082/4588
s 514
f 2520/4088/4596 2519/4001/4597 2522/4011/4598 2521/4089/4599
s 513
f 2521/4090/4600 2524/4091/4601 2560/4092/4602 2559/4087/4595
s 514
f 2524/4093/4603 2523/4010/4604 2526/4015/4605 2525/4094/4606
s 513
f 2525/4095/4607 2528/4096/4608 2545/4019/4500 2560/4092/4602
s 498
f 2402/3875/4330 2407/3878/4344 2470/3894/4347 2467/3880/4331
f 2406/3889/4345 2411/3892/4355 2474/3903/4358 2471/3893/4346
f 2410/3898/4356 2415/3901/4366 2478/3912/4369 2475/3902/4357
f 2414/3907/4367 2419/3910/4377 2482/3921/4380 2479/3911/4368
f 2418/3916/4378 2423/3919/4388 2486/3930/4391 2483/3920/4379
f 2422/3925/4389 2427/3928/4399 2490/3939/4402 2487/3929/4390
f 2426/3934/4400 2431/3937/4410 2494/3948/4413 2491/3938/4401
f 2430/3943/4411 2435/3946/4421 2498/3957/4424 2495/3947/4412
f 2434/3952/4422 2439/3955/4432 2502/3966/4435 2499/3956/4423
f 2438/3961/4433 2443/3964/4443 2506/3975/4446 2503/3965/4434
f 2442/3970/4444 2447/3973/4454 2510/3984/4457 2507/3974/4445
f 2446/3979/4455 2451/3982/4465 2514/3993/4468 2511/3983/4456
f 2450/3988/4466 2455/3991/4476 2518/4002/4479 2515/3992/4467
f 2454/3997/4477 2459/4000/4487 2522/4011/4490 2519/4001/4478
f 2458/4006/4488 2463/4009/4493 2526/4015/4496 2523/4010/4489
f 2462/3884/4494 2403/3883/4329 2466/4020/4332 2527/4014/4495
s 496
f 2408/3887/4338 2401/3871/4321 2543/3874/4324
f 2412/3896/4349 2405/3886/4337 2542/3888/4339
f 2416/3905/4360 2409/3895/4348 2541/3897/4350
f 2420/3914/4371 2413/3904/4359 2540/3906/4361
f 2424/3923/4382 2417/3913/4370 2539/3915/4372
f 2428/3932/4393 2421/3922/4381 2538/3924/4383
f 2432/3941/4404 2425/3931/4392 2537/3933/4394
f 2436/3950/4415 2429/3940/4403 2536/3942/4405
f 2440/3959/4426 2433/3949/4414 2535/3951/4416
f 2444/3968/4437 2437/3958/4425 2534/3960/4427
f 2448/3977/4448 2441/3967/4436 2533/3969/4438
f 2452/3986/4459 2445/3976/4447 2532/3978/4449
f 2456/3995/4470 2449/3985/4458 2531/3987/4460
f 2460/4004/4481 2453/3994/4469 2530/3996/4471
f 2464/4013/4492 2457/4003/4480 2529/4005/4482
f 2404/3872/4322 2461/4012/4491 2544/3873/4323
s 513
f 2468/4017/4498 2469/4025/4509 2546/4018/4499
f 2472/4026/4510 2473/4030/4516 2547/4027/4511
f 2476/4031/4517 2477/4035/4523 2548/4032/4518
f 2480/4036/4524 2481/4040/4530 2549/4037/4525
f 2484/4041/4531 2485/4045/4537 2550/4042/4532
f 2488/4046/4538 2489/4050/4544 2551/4047/4539
f 2492/4051/4545 2493/4055/4551 2552/4052/4546
f 2496/4056/4552 2497/4060/4558 2553/4057/4553
f 2500/4061/4559 2501/4065/4565 2554/4062/4560
f 2504/4066/4566 2505/4070/4572 2555/4067/4567
f 2508/4071/4573 2509/4075/4579 2556/4072/4574
f 2512/4076/4580 2513/4080/4586 2557/4077/4581
f 2516/4081/4587 2517/4085/4593 2558/4082/4588
f 2520/4086/4594 2521/4090/4600 2559/4087/4595
f 2524/4091/4601 2525/4095/4607 2560/4092/4602
f 2528/4096/4608 2465/4016/4497 2545/4019/4500
s 497
f 2401/3876/4326 2402/3875/4325 2403/3879/4334 2404/4097/4333
f 2405/4098/4341 2406/3889/4340 2407/3878/4328 2408/3877/4327
f 2409/4099/4352 2410/3898/4351 2411/3892/4343 2412/3891/4342
f 2413/4100/4363 2414/3907/4362 2415/3901/4354 2416/3900/4353
f 2417/4101/4374 2418/3916/4373 2419/3910/4365 2420/3909/4364
f 2421/4102/4385 2422/3925/4384 2423/3919/4376 2424/3918/4375
f 2425/4103/4396 2426/3934/4395 2427/3928/4387 2428/3927/4386
f 2429/4104/4407 2430/3943/4406 2431/3937/4398 2432/3936/4397
f 2433/4105/4418 2434/3952/4417 2435/3946/4409 2436/3945/4408
f 2437/4106/4429 2438/3961/4428 2439/3955/4420 2440/3954/4419
f 2441/4107/4440 2442/3970/4439 2443/3964/4431 2444/3963/4430
f 2445/4108/4451 2446/3979/4450 2447/3973/4442 2448/3972/4441
f 2449/4109/4462 2450/3988/4461 2451/3982/4453 2452/3981/4452
f 2453/4110/4473 2454/3997/4472 2455/3991/4464 2456/3990/4463
f 2457/4111/4484 2458/4006/4483 2459/4000/4475 2460/3999/4474
f 2461/4112/4336 2462/3884/4335 2463/4009/4486 2464/4008/4485
s 514
f 2465/4113/4502 2466/3881/4501 2467/3880/4506 2468/4023/4505
f 2469/4024/4508 2470/3894/4507 2471/3893/4513 2472/4114/4512
f 2473/4029/4515 2474/3903/4514 2475/3902/4520 2476/4115/4519
f 2477/4034/4522 2478/3912/4521 2479/3911/4527 2480/4116/4526
f 2481/4039/4529 2482/3921/4528 2483/3920/4534 2484/4117/4533
f 2485/4044/4536 2486/3930/4535 2487/3929/4541 2488/4118/4540
f 2489/4049/4543 2490/3939/4542 2491/3938/4548 2492/4119/4547
f 2493/4054/4550 2494/3948/4549 2495/3947/4555 2496/4120/4554
f 2497/4059/4557 2498/3957/4556 2499/3956/4562 2500/4121/4561
f 2501/4064/4564 2502/3966/4563 2503/3965/4569 2504/4122/4568
f 2505/4069/4571 2506/3975/4570 2507/3974/4576 2508/4123/4575
f 2509/4074/4578 2510/3984/4577 2511/3983/4583 2512/4124/4582
f 2513/4079/4585 2514/3993/4584 2515/3992/4590 2516/4125/4589
f 2517/4084/4592 2518/4002/4591 2519/4001/4597 2520/4126/4596
f 2521/4089/4599 2522/4011/4598 2523/4010/4604 2524/4127/4603
f 2525/4094/4606 2526/4015/4605 2527/4014/4504 2528/4128/4503
s 496
f 2529/4005/4482 2530/3996/4471 2531/3987/4460 2532/3978/4449 2533/3969/4438 2534/3960/4427 2535/3951/4416 2536/3942/4405 2537/3933/4394 2538/3924/4383 2539/3915/4372 2540/3906/4361 2541/3897/4350 2542/3888/4339 2543/3874/4324 2544/3873/4323
s 513
f 2545/4019/4500 2546/4018/4499 2547/4027/4511 2548/4032/4518 2549/4037/4525 2550/4042/4532 2551/4047/4539 2552/4052/4546 2553/4057/4553 2554/4062/4560 2555/4067/4567 2556/4072/4574 2557/4077/4581 2558/4082/4588 2559/4087/4595 2560/4092/4602
s 529
f 2561/4129/4609 2564/4130/4610 2704/4131/4611 2703/4132/4612
s 530
f 2562/4133/4613 2561/4134/4614 2568/4135/4615 2567/4136/4616
s 531
f 2563/4137/4617 2562/4133/4618 2627/4138/4619 2626/4139/4620
s 530
f 2564/4140/4621 2563/4141/4622 2622/4142/4623 2621/4143/4624
s 529
f 2565/4144/4625 2568/4145/4626 2703/4132/4612 2702/4146/4627
s 530
f 2566/4147/4628 2565/4148/4629 2572/4149/4630 2571/4150/4631
s 531
f 2567/4136/4632 2566/4147/4633 2631/4151/4634 2630/4152/4635
s 529
f 2569/4153/4636 2572/4154/4637 2702/4146/4627 2701/4155/4638
s 530
f 2570/4156/4639 2569/4157/4640 2576/4158/4641 2575/4159/4642
s 531
f 2571/4150/4643 2570/4156/4644 2635/4160/4645 2634/4161/4646
s 529
f 2573/4162/4647 2576/4163/4648 2701/4155/4638 2700/4164/4649
s 530
f 2574/4165/4650 2573/4166/4651 2580/4167/4652 2579/4168/4653
s 531
f 2575/4159/4654 2574/4165/4655 2639/4169/4656 2638/4170/4657
s 529
f 2577/4171/4658 2580/4172/4659 2700/4164/4649 2699/4173/4660
s 530
f 2578/4174/4661 2577/4175/4662 2584/4176/4663 2583/4177/4664
s 531
f 2579/4168/4665 2578/4174/4666 2643/4178/4667 2642/4179/4668
s 529
f 2581/4180/4669 2584/4181/4670 2699/4173/4660 2698/4182/4671
s 530
f 2582/4183/4672 2581/4184/4673 2588/4185/4674 2587/4186/4675
s 531
f 2583/4177/4676 2582/4183/4677 2647/4187/4678 2646/4188/4679
s 529
f 2585/4189/4680 2588/4190/4681 2698/4182/4671 2697/4191/4682
s 530
f 2586/4192/4683 2585/4193/4684 2592/4194/4685 2591/4195/4686
s 531
f 2587/4186/4687 2586/4192/4688 2651/4196/4689 2650/4197/4690
s 529
f 2589/4198/4691 2592/4199/4692 2697/4191/4682 2696/4200/4693
s 530
f 2590/4201/4694 2589/4202/4695 2596/4203/4696 2595/4204/4697
s 531
f 2591/4195/4698 2590/4201/4699 2655/4205/4700 2654/4206/4701
s 529
f 2593/4207/4702 2596/4208/4703 2696/4200/4693 2695/4209/4704
s 530
f 2594/4210/4705 2593/4211/4706 2600/4212/4707 2599/4213/4708
s 531
f 2595/4204/4709 2594/4210/4710 2659/4214/4711 2658/4215/4712
s 529
f 2597/4216/4713 2600/4217/4714 2695/4209/4704 2694/4218/4715
s 530
f 2598/4219/4716 2597/4220/4717 2604/4221/4718 2603/4222/4719
s 531
f 2599/4213/4720 2598/4219/4721 2663/4223/4722 2662/4224/4723
s 529
f 2601/4225/4724 2604/4226/4725 2694/4218/4715 2693/4227/4726
s 530
f 2602/4228/4727 2601/4229/4728 2608/4230/4729 2607/4231/4730
s 531
f 2603/4222/4731 2602/4228/4732 2667/4232/4733 2666/4233/4734
s 529
f 2605/4234/4735 2608/4235/4736 2693/4227/4726 2692/4236/4737
s 530
f 2606/4237/4738 2605/4238/4739 2612/4239/4740 2611/4240/4741
s 531
f 2607/4231/4742 2606/4237/4743 2671/4241/4744 2670/4242/4745
s 529
f 2609/4243/4746 2612/4244/4747 2692/4236/4737 2691/4245/4748
s 530
f 2610/4246/4749 2609/4247/4750 2616/4248/4751 2615/4249/4752
s 531
f 2611/4240/4753 2610/4246/4754 2675/4250/4755 2674/4251/4756
s 529
f 2613/4252/4757 2616/4253/4758 2691/4245/4748 2690/4254/4759
s 530
f 2614/4255/4760 2613/4256/4761 2620/4257/4762 2619/4258/4763
s 531
f 2615/4249/4764 2614/4255/4765 2679/4259/4766 2678/4260/4767
s 529
f 2617/4261/4768 2620/4262/4769 2690/4254/4759 2689/4263/4770
s 530
f 2618/4264/4771 2617/4265/4772 2624/4266/4773 2623/4267/4774
s 531
f 2619/4258/4775 2618/4264/4776 2683/4268/4777 2682/4269/4778
s 529
f 2621/4270/4779 2624/4271/4780 2689/4263/4770 2704/4131/4611
s 531
f 2623/4267/4781 2622/4142/4782 2687/4272/4783 2686/4273/4784
s 546
f 2625/4274/4785 2628/4275/4786 2706/4276/4787 2705/4277/4788
s 547
f 2626/4278/4789 2625/4279/4790 2688/4280/4791 2687/4272/4792
f 2628/4281/4793 2627/4138/4794 2630/4152/4795 2629/4282/4796
s 546
f 2629/4283/4797 2632/4284/4798 2707/4285/4799 2706/4276/4787
s 547
f 2632/4286/4800 2631/4151/4801 2634/4161/4802 2633/4287/4803
s 546
f 2633/4288/4804 2636/4289/4805 2708/4290/4806 2707/4285/4799
s 547
f 2636/4291/4807 2635/4160/4808 2638/4170/4809 2637/4292/4810
s 546
f 2637/4293/4811 2640/4294/4812 2709/4295/4813 2708/4290/4806
s 547
f 2640/4296/4814 2639/4169/4815 2642/4179/4816 2641/4297/4817
s 546
f 2641/4298/4818 2644/4299/4819 2710/4300/4820 2709/4295/4813
s 547
f 2644/4301/4821 2643/4178/4822 2646/4188/4823 2645/4302/4824
s 546
f 2645/4303/4825 2648/4304/4826 2711/4305/4827 2710/4300/4820
s 547
f 2648/4306/4828 2647/4187/4829 2650/4197/4830 2649/4307/4831
s 546
f 2649/4308/4832 2652/4309/4833 2712/4310/4834 2711/4305/4827
s 547
f 2652/4311/4835 2651/4196/4836 2654/4206/4837 2653/4312/4838
s 546
f 2653/4313/4839 2656/4314/4840 2713/4315/4841 2712/4310/4834
s 547
f 2656/4316/4842 2655/4205/4843 2658/4215/4844 2657/4317/4845
s 546
f 2657/4318/4846 2660/4319/4847 2714/4320/4848 2713/4315/4841
s 547
f 2660/4321/4849 2659/4214/4850 2662/4224/4851 2661/4322/4852
s 546
f 2661/4323/4853 2664/4324/4854 2715/4325/4855 2714/4320/4848
s 547
f 2664/4326/4856 2663/4223/4857 2666/4233/4858 2665/4327/4859
s 546
f 2665/4328/4860 2668/4329/4861 2716/4330/4862 2715/4325/4855
s 547
f 2668/4331/4863 2667/4232/4864 2670/4242/4865 2669/4332/4866
s 546
f 2669/4333/4867 2672/4334/4868 2717/4335/4869 2716/4330/4862
s 547
f 2672/4336/4870 2671/4241/4871 2674/4251/4872 2673/4337/4873
s 546
f 2673/4338/4874 2676/4339/4875 2718/4340/4876 2717/4335/4869
s 547
f 2676/4341/4877 2675/4250/4878 2678/4260/4879 2677/4342/4880
s 546
f 2677/4343/4881 2680/4344/4882 2719/4345/4883 2718/4340/4876
s 547
f 2680/4346/4884 2679/4259/4885 2682/4269/4886 2681/4347/4887
s 546
f 2681/4348/4888 2684/4349/4889 2720/4350/4890 2719/4345/4883
s 547
f 2684/4351/4891 2683/4268/4892 2686/4273/4893 2685/4352/4894
s 546
f 2685/4353/4895 2688/4354/4896 2705/4277/4788 2720/4350/4890
s 531
f 2562/4133/4618 2567/4136/4632 2630/4152/4635 2627/4138/4619
f 2566/4147/4633 2571/4150/4643 2634/4161/4646 2631/4151/4634
f 2570/4156/4644 2575/4159/4654 2638/4170/4657 2635/4160/4645
f 2574/4165/4655 2579/4168/4665 2642/4179/4668 2639/4169/4656
f 2578/4174/4666 2583/4177/4676 2646/4188/4679 2643/4178/4667
f 2582/4183/4677 2587/4186/4687 2650/4197/4690 2647/4187/4678
f 2586/4192/4688 2591/4195/4698 2654/4206/4701 2651/4196/4689
f 2590/4201/4699 2595/4204/4709 2658/4215/4712 2655/4205/4700
f 2594/4210/4710 2599/4213/4720 2662/4224/4723 2659/4214/4711
f 2598/4219/4721 2603/4222/4731 2666/4233/4734 2663/4223/4722
f 2602/4228/4732 2607/4231/4742 2670/4242/4745 2667/4232/4733
f 2606/4237/4743 2611/4240/4753 2674/4251/4756 2671/4241/4744
f 2610/4246/4754 2615/4249/4764 2678/4260/4767 2675/4250/4755
f 2614/4255/4765 2619/4258/4775 2682/4269/4778 2679/4259/4766
f 2618/4264/4776 2623/4267/4781 2686/4273/4784 2683/4268/4777
f 2622/4142/4782 2563/4141/4617 2626/4278/4620 2687/4272/4783
s 529
f 2568/4145/4626 2561/4129/4609 2703/4132/4612
f 2572/4154/4637 2565/4144/4625 2702/4146/4627
f 2576/4163/4648 2569/4153/4636 2701/4155/4638
f 2580/4172/4659 2573/4162/4647 2700/4164/4649
f 2584/4181/4670 2577/4171/4658 2699/4173/4660
f 2588/4190/4681 2581/4180/4669 2698/4182/4671
f 2592/4199/4692 2585/4189/4680 2697/4191/4682
f 2596/4208/4703 2589/4198/4691 2696/4200/4693
f 2600/4217/4714 2593/4207/4702 2695/4209/4704
f 2604/4226/4725 2597/4216/4713 2694/4218/4715
f 2608/4235/4736 2601/4225/4724 2693/4227/4726
f 2612/4244/4747 2605/4234/4735 2692/4236/4737
f 2616/4253/4758 2609/4243/4746 2691/4245/4748
f 2620/4262/4769 2613/4252/4757 2690/4254/4759
f 2624/4271/4780 2617/4261/4768 2689/4263/4770
f 2564/4130/4610 2621/4270/4779 2704/4131/4611
s 546
f 2628/4275/4786 2629/4283/4797 2706/4276/4787
f 2632/4284/4798 2633/4288/4804 2707/4285/4799
f 2636/4289/4805 2637/4293/4811 2708/4290/4806
f 2640/4294/4812 2641/4298/4818 2709/4295/4813
f 2644/4299/4819 2645/4303/4825 2710/4300/4820
f 2648/4304/4826 2649/4308/4832 2711/4305/4827
f 2652/4309/4833 2653/4313/4839 2712/4310/4834
f 2656/4314/4840 2657/4318/4846 2713/4315/4841
f 2660/4319/4847 2661/4323/4853 2714/4320/4848
f 2664/4324/4854 2665/4328/4860 2715/4325/4855
f 2668/4329/4861 2669/4333/4867 2716/4330/4862
f 2672/4334/4868 2673/4338/4874 2717/4335/4869
f 2676/4339/4875 2677/4343/4881 2718/4340/4876
f 2680/4344/4882 2681/4348/4888 2719/4345/4883
f 2684/4349/4889 2685/4353/4895 2720/4350/4890
f 2688/4354/4896 2625/4274/4785 2705/4277/4788
s 530
f 2561/4134/4614 2562/4133/4613 2563/4137/4622 2564/4355/4621
f 2565/4356/4629 2566/4147/4628 2567/4136/4616 2568/4135/4615
f 2569/4357/4640 2570/4156/4639 2571/4150/4631 2572/4149/4630
f 2573/4358/4651 2574/4165/4650 2575/4159/4642 2576/4158/4641
f 2577/4359/4662 2578/4174/4661 2579/4168/4653 2580/4167/4652
f 2581/4360/4673 2582/4183/4672 2583/4177/4664 2584/4176/4663
f 2585/4361/4684 2586/4192/4683 2587/4186/4675 2588/4185/4674
f 2589/4362/4695 2590/4201/4694 2591/4195/4686 2592/4194/4685
f 2593/4363/4706 2594/4210/4705 2595/4204/4697 2596/4203/4696
f 2597/4364/4717 2598/4219/4716 2599/4213/4708 2600/4212/4707
f 2601/4365/4728 2602/4228/4727 2603/4222/4719 2604/4221/4718
f 2605/4366/4739 2606/4237/4738 2607/4231/4730 2608/4230/4729
f 2609/4367/4750 2610/4246/4749 2611/4240/4741 2612/4239/4740
f 2613/4368/4761 2614/4255/4760 2615/4249/4752 2616/4248/4751
f 2617/4369/4772 2618/4264/4771 2619/4258/4763 2620/4257/4762
f 2621/4370/4624 2622/4142/4623 2623/4267/4774 2624/4266/4773
s 547
f 2625/4371/4790 2626/4139/4789 2627/4138/4794 2628/4281/4793
f 2629/4282/4796 2630/4152/4795 2631/4151/4801 2632/4372/4800
f 2633/4287/4803 2634/4161/4802 2635/4160/4808 2636/4373/4807
f 2637/4292/4810 2638/4170/4809 2639/4169/4815 2640/4374/4814
f 2641/4297/4817 2642/4179/4816 2643/4178/4822 2644/4375/4821
f 2645/4302/4824 2646/4188/4823 2647/4187/4829 2648/4376/4828
f 2649/4307/4831 2650/4197/4830 2651/4196/4836 2652/4377/4835
f 2653/4312/4838 2654/4206/4837 2655/4205/4843 2656/4378/4842
f 2657/4317/4845 2658/4215/4844 2659/4214/4850 2660/4379/4849
f 2661/4322/4852 2662/4224/4851 2663/4223/4857 2664/4380/4856
f 2665/4327/4859 2666/4233/4858 2667/4232/4864 2668/4381/4863
f 2669/4332/4866 2670/4242/4865 2671/4241/4871 2672/4382/4870
f 2673/4337/4873 2674/4251/4872 2675/4250/4878 2676/4383/4877
f 2677/4342/4880 2678/4260/4879 2679/4259/4885 2680/4384/4884
f 2681/4347/4887 2682/4269/4886 2683/4268/4892 2684/4385/4891
f 2685/4352/4894 2686/4273/4893 2687/4272/4792 2688/4386/4791
s 529
f 2689/4263/4770 2690/4254/4759 2691/4245/4748 2692/4236/4737 2693/4227/4726 2694/4218/4715 2695/4209/4704 2696/4200/4693 2697/4191/4682 2698/4182/4671 2699/4173/4660 2700/4164/4649 2701/4155/4638 2702/4146/4627 2703/4132/4612 2704/4131/4611
s 546
f 2705/4277/4788 2706/4276/4787 2707/4285/4799 2708/4290/4806 2709/4295/4813 2710/4300/4820 2711/4305/4827 2712/4310/4834 2713/4315/4841 2714/4320/4848 2715/4325/4855 2716/4330/4862 2717/4335/4869 2718/4340/4876 2719/4345/4883 2720/4350/4890
s off
f 2730/4387/4897 2723/4388/4898 2724/4389/4899 2776/4390/4900
f 2732/4391/4901 2727/4392/4902 2728/4393/4903 2778/4394/4904
f 2731/4395/4905 2735/4396/4906 2740/4397/4907 2779/4398/4908
f 2736/4399/4909 2727/4400/4910 2732/4401/4911 2780/4402/4912
f 2745/4403/4913 2744/4404/4914 2748/4405/4915 2782/4406/4916
f 2747/4407/4917 2746/4408/4918 2751/4409/4919 2783/4410/4920
f 2753/4411/4921 2752/4412/4922 2756/4413/4923 2784/4414/4924
f 2758/4415/4925 2757/4416/4926 2761/4417/4927 2785/4418/4928
f 2748/4405/4929 2744/4404/4930 2763/4419/4931 2786/4420/4932
f 2765/4421/4933 2764/4422/4934 2768/4423/4935 2787/4424/4936
f 2770/4425/4937 2769/4426/4938 2773/4427/4939 2788/4428/4940
f 2724/4389/4941 2723/4388/4942 2739/4429/4943 2789/4430/4944
f 2762/4431/4945 2733/4432/4946 2737/4433/4947 2790/4434/4948
f 2773/4435/4949 2769/4436/4950 2768/4437/4951 2791/4438/4952
f 2728/4393/4953 2727/4392/4954 2736/4439/4955 2792/4440/4956
f 2724/4389/4957 2746/4408/4958 2747/4407/4959 2776/4390/4960
f 2747/4407/4961 2775/4441/4962 2726/4442/4963 2776/4390/4964
f 2726/4442/4965 2725/4443/4966 2730/4387/4967 2776/4390/4968
f 2728/4393/4969 2749/4444/4970 2750/4445/4971 2778/4394/4972
f 2750/4445/4973 2777/4446/4974 2722/4447/4975 2778/4394/4976
f 2722/4447/4977 2721/4448/4978 2732/4391/4979 2778/4394/4980
f 2740/4397/4981 2738/4449/4982 2739/4429/4983 2779/4398/4984
f 2739/4429/4985 2723/4388/4986 2730/4450/4987 2779/4398/4988
f 2730/4450/4989 2725/4451/4990 2731/4395/4991 2779/4398/4992
f 2732/4401/4993 2721/4452/4994 2729/4453/4995 2780/4402/4996
f 2729/4453/4997 2738/4449/4998 2740/4397/4999 2780/4402/5000
f 2740/4397/5001 2735/4396/5002 2736/4399/5003 2780/4402/5004
f 2748/4405/5005 2781/4454/5006 2734/4455/5007 2782/4406/5008
f 2734/4455/5009 2733/4456/5010 2743/4457/5011 2782/4406/5012
f 2743/4457/5013 2742/4458/5014 2745/4403/5015 2782/4406/5016
f 2751/4409/5017 2752/4412/5018 2753/4411/5019 2783/4410/5020
f 2753/4411/5021 2754/4459/5022 2755/4460/5023 2783/4410/5024
f 2755/4460/5025 2775/4441/5026 2747/4407/5027 2783/4410/5028
f 2756/4413/5029 2757/4416/5030 2758/4461/5031 2784/4414/5032
f 2758/4461/5033 2759/4462/5034 2760/4463/5035 2784/4414/5036
f 2760/4463/5037 2754/4459/5038 2753/4411/5039 2784/4414/5040
f 2761/4417/5041 2742/4458/5042 2743/4457/5043 2785/4418/5044
f 2743/4457/5045 2733/4456/5046 2762/4464/5047 2785/4418/5048
f 2762/4464/5049 2759/4465/5050 2758/4415/5051 2785/4418/5052
f 2763/4419/5053 2764/4466/5054 2765/4467/5055 2786/4420/5056
f 2765/4467/5057 2766/4468/5058 2767/4469/5059 2786/4420/5060
f 2767/4469/5061 2781/4454/5062 2748/4405/5063 2786/4420/5064
f 2768/4423/5065 2769/4426/5066 2770/4425/5067 2787/4424/5068
f 2770/4425/5069 2771/4470/5070 2772/4471/5071 2787/4424/5072
f 2772/4471/5073 2766/4472/5074 2765/4421/5075 2787/4424/5076
f 2773/4427/5077 2777/4446/5078 2750/4445/5079 2788/4428/5080
f 2750/4445/5081 2749/4444/5082 2774/4473/5083 2788/4428/5084
f 2774/4473/5085 2771/4470/5086 2770/4425/5087 2788/4428/5088
f 2739/4429/5089 2738/4449/5090 2741/4474/5091 2789/4430/5092
f 2741/4474/5093 2742/4458/5094 2761/4417/5095 2789/4430/5096
f 2761/4417/5097 2757/4416/5098 2756/4413/5099 2789/4430/5100
f 2756/4413/5101 2752/4412/5102 2751/4409/5103 2789/4430/5104
f 2751/4409/5105 2746/4408/5106 2724/4389/5107 2789/4430/5108
f 2737/4433/5109 2735/4475/5110 2731/4476/5111 2790/4434/5112
f 2731/4476/5113 2725/4443/5114 2726/4442/5115 2790/4434/5116
f 2726/4442/5117 2775/4441/5118 2755/4460/5119 2790/4434/5120
f 2755/4460/5121 2754/4459/5122 2760/4463/5123 2790/4434/5124
f 2760/4463/5125 2759/4462/5126 2762/4431/5127 2790/4434/5128
f 2768/4437/5129 2764/4466/5130 2763/4419/5131 2791/4438/5132
f 2763/4419/5133 2744/4404/5134 2745/4403/5135 2791/4438/5136
f 2745/4403/5137 2742/4458/5138 2741/4474/5139 2791/4438/5140
f 2741/4474/5141 2738/4449/5142 2729/4453/5143 2791/4438/5144
f 2729/4453/5145 2721/4452/5146 2722/4477/5147 2791/4438/5148
f 2722/4477/5149 2777/4478/5150 2773/4435/5151 2791/4438/5152
f 2736/4439/5153 2735/4475/5154 2737/4433/5155 2792/4440/5156
f 2737/4433/5157 2733/4432/5158 2734/4479/5159 2792/4440/5160
f 2734/4479/5161 2781/4480/5162 2767/4481/5163 2792/4440/5164
f 2767/4481/5165 2766/4472/5166 2772/4471/5167 2792/4440/5168
f 2772/4471/5169 2771/4470/5170 2774/4473/5171 2792/4440/5172
f 2774/4473/5173 2749/4444/5174 2728/4393/5175 2792/4440/5176
s 562
f 2796/4482/5177 2795/4483/5178 2798/4484/5179 2797/4485/5180
f 2795/4483/5178 2794/4486/5181 2799/4487/5182 2798/4484/5179
s 563
f 2794/4486/5183 2793/4488/5184 2800/4489/5185 2799/4487/5186
s 562
f 2796/4482/5177 2797/4485/5180 2805/4490/5187 2801/4491/5188
s 564
f 2799/4487/5189 2800/4489/5190 2808/4492/5191 2807/4493/5192
s 562
f 2797/4485/5180 2798/4484/5179 2806/4494/5193 2805/4490/5187
f 2798/4484/5179 2799/4487/5194 2807/4495/5195 2806/4494/5193
s 565
f 2793/4488/5196 2794/4486/5197 2803/4496/5198 2804/4497/5199
s 562
f 2794/4486/5200 2795/4483/5178 2802/4498/5201 2803/4499/5202
f 2795/4483/5178 2796/4482/5177 2801/4491/5188 2802/4498/5201
s 566
f 2804/4500/5203 2803/4499/5204 2807/4495/5205 2808/4501/5206
s 562
f 2803/4499/5207 2802/4498/5201 2806/4494/5193 2807/4495/5208
f 2802/4498/5201 2801/4491/5188 2805/4490/5187 2806/4494/5193
s off
f 2809/4502/5209 2810/4503/5210 2814/4504/5211 2813/4505/5212
f 2810/4503/5213 2809/4502/5214 2811/4506/5215 2812/4507/5216
f 2812/4507/5217 2811/4506/5218 2815/4508/5219 2816/4509/5220
f 2813/4505/5221 2814/4504/5222 2816/4509/5223 2815/4508/5224
f 2813/4505/5225 2815/4508/5226 2811/4506/5227 2809/4502/5228
s 563
f 2810/4510/5229 2812/4511/5230 2800/4489/5185 2793/4488/5184
s 566
f 2804/4500/5203 2808/4501/5206 2816/4509/5231 2814/4504/5232
s 564
f 2812/4511/5233 2816/4512/5234 2808/4492/5191 2800/4489/5190
s 565
f 2814/4513/5235 2810/4510/5236 2793/4488/5196 2804/4497/5199
s 567
f 2820/4514/5237 2819/4515/5238 2905/4516/5239 2904/4517/5240
f 2819/4515/5238 2818/4518/5241 2906/4519/5242 2905/4516/5239
f 2818/4520/5241 2817/4521/5243 2907/4522/5244 2906/4523/5242
f 2817/4521/5243 2828/4524/5245 2908/4525/5246 2907/4522/5244
f 2824/4526/5247 2823/4527/5248 2837/4528/5249 2836/4529/5250
f 2823/4527/5248 2822/4530/5251 2838/4531/5252 2837/4528/5249
f 2822/4532/5251 2821/4533/5253 2839/4534/5254 2838/4535/5252
f 2821/4533/5253 2820/4514/5237 2840/4536/5255 2839/4534/5254
f 2828/4524/5245 2827/4537/5256 2845/4538/5257 2844/4539/5258
f 2827/4537/5256 2826/4540/5259 2846/4541/5260 2845/4538/5257
f 2826/4542/5259 2825/4543/5261 2847/4544/5262 2846/4545/5260
f 2825/4543/5261 2824/4526/5247 2848/4546/5263 2847/4544/5262
f 2832/4547/5264 2831/4548/5265 2885/4549/5266 2884/4550/5267
f 2831/4548/5265 2830/4551/5268 2886/4552/5269 2885/4549/5266
f 2830/4551/5268 2829/4553/5270 2887/4554/5271 2886/4552/5269
f 2829/4553/5270 2840/4536/5255 2888/4555/5272 2887/4554/5271
f 2836/4529/5250 2835/4556/5273 2861/4557/5274 2860/4558/5275
f 2835/4556/5273 2834/4559/5276 2862/4560/5277 2861/4557/5274
f 2834/4561/5276 2833/4562/5278 2863/4563/5279 2862/4564/5277
f 2833/4562/5278 2832/4547/5264 2864/4565/5280 2863/4563/5279
f 2844/4539/5258 2843/4566/5281 2897/4567/5282 2896/4568/5283
f 2843/4566/5281 2842/4569/5284 2898/4570/5285 2897/4567/5282
f 2842/4569/5284 2841/4571/5286 2899/4572/5287 2898/4570/5285
f 2841/4571/5286 2852/4573/5288 2900/4574/5289 2899/4572/5287
f 2852/4573/5288 2851/4575/5290 2857/4576/5291 2856/4577/5292
f 2851/4575/5290 2850/4578/5293 2858/4579/5294 2857/4576/5291
f 2850/4580/5293 2849/4581/5295 2859/4582/5296 2858/4583/5294
f 2849/4581/5295 2848/4546/5263 2860/4558/5275 2859/4582/5296
f 2856/4577/5292 2855/4584/5297 2869/4585/5298 2868/4586/5299
f 2855/4584/5297 2854/4587/5300 2870/4588/5301 2869/4585/5298
f 2854/4589/5300 2853/4590/5302 2871/4591/5303 2870/4592/5301
f 2853/4590/5302 2864/4565/5280 2872/4593/5304 2871/4591/5303
f 2868/4586/5299 2867/4594/5305 2889/4595/5306 2900/4574/5289
f 2867/4594/5305 2866/4596/5307 2890/4597/5308 2889/4595/5306
f 2866/4596/5307 2865/4598/5309 2891/4599/5310 2890/4597/5308
f 2865/4598/5309 2876/4600/5311 2892/4601/5312 2891/4599/5310
f 2876/4600/5311 2875/4602/5313 2881/4603/5314 2880/4604/5315
f 2875/4602/5313 2874/4605/5316 2882/4606/5317 2881/4603/5314
f 2874/4605/5316 2873/4607/5318 2883/4608/5319 2882/4606/5317
f 2873/4607/5318 2872/4593/5304 2884/4550/5267 2883/4608/5319
f 2880/4604/5315 2879/4609/5320 2901/4610/5321 2912/4611/5322
f 2879/4609/5320 2878/4612/5323 2902/4613/5324 2901/4610/5321
f 2878/4612/5323 2877/4614/5325 2903/4615/5326 2902/4613/5324
f 2877/4614/5325 2888/4555/5272 2904/4517/5240 2903/4615/5326
f 2896/4568/5283 2895/4616/5327 2909/4617/5328 2908/4525/5246
f 2895/4616/5327 2894/4618/5329 2910/4619/5330 2909/4617/5328
f 2894/4618/5329 2893/4620/5331 2911/4621/5332 2910/4619/5330
f 2893/4620/5331 2892/4601/5312 2912/4611/5322 2911/4621/5332
f 2848/4546/5263 2824/4526/5247 2836/4529/5250 2860/4558/5275
f 2852/4573/5288 2856/4577/5292 2868/4586/5299 2900/4574/5289
f 2840/4536/5255 2820/4514/5237 2904/4517/5240 2888/4555/5272
f 2844/4539/5258 2896/4568/5283 2908/4525/5246 2828/4524/5245
f 2864/4565/5280 2832/4547/5264 2884/4550/5267 2872/4593/5304
f 2827/4537/5256 2828/4524/5245 2817/4521/5243 2913/4622/5333
f 2913/4622/5333 2817/4521/5243 2818/4520/5241 2914/4623/5334
f 2914/4624/5334 2818/4518/5241 2819/4515/5238 2915/4625/5335
f 2819/4515/5238 2820/4514/5237 2821/4533/5253 2915/4625/5335
f 2915/4625/5335 2821/4533/5253 2822/4532/5251 2916/4626/5336
f 2916/4627/5336 2822/4530/5251 2823/4527/5248 2917/4628/5337
f 2823/4527/5248 2824/4526/5247 2825/4543/5261 2917/4628/5337
f 2917/4628/5337 2825/4543/5261 2826/4542/5259 2918/4629/5338
f 2918/4630/5338 2826/4540/5259 2827/4537/5256 2913/4622/5333
f 2918/4630/5338 2913/4622/5333 2914/4623/5334 2919/4631/5339
f 2914/4624/5334 2915/4625/5335 2916/4626/5336 2919/4632/5339
f 2916/4627/5336 2917/4628/5337 2918/4629/5338 2919/4633/5339
f 2839/4534/5254 2840/4536/5255 2829/4553/5270 2920/4634/5340
f 2920/4634/5340 2829/4553/5270 2830/4551/5268 2921/4635/5341
f 2921/4635/5341 2830/4551/5268 2831/4548/5265 2922/4636/5342
f 2831/4548/5265 2832/4547/5264 2833/4562/5278 2922/4636/5342
f 2922/4636/5342 2833/4562/5278 2834/4561/5276 2923/4637/5343
f 2923/4638/5343 2834/4559/5276 2835/4556/5273 2924/4639/5344
f 2835/4556/5273 2836/4529/5250 2837/4528/5249 2924/4639/5344
f 2924/4639/5344 2837/4528/5249 2838/4531/5252 2925/4640/5345
f 2925/4641/5345 2838/4535/5252 2839/4534/5254 2920/4634/5340
f 2925/4641/5345 2920/4634/5340 2921/4635/5341 2926/4642/5346
f 2921/4635/5341 2922/4636/5342 2923/4637/5343 2926/4642/5346
f 2923/4638/5343 2924/4639/5344 2925/4640/5345 2926/4643/5346
f 2851/4575/5290 2852/4573/5288 2841/4571/5286 2927/4644/5347
f 2927/4644/5347 2841/4571/5286 2842/4569/5284 2928/4645/5348
f 2928/4645/5348 2842/4569/5284 2843/4566/5281 2929/4646/5349
f 2843/4566/5281 2844/4539/5258 2845/4538/5257 2929/4646/5349
f 2929/4646/5349 2845/4538/5257 2846/4541/5260 2930/4647/5350
f 2930/4648/5350 2846/4545/5260 2847/4544/5262 2931/4649/5351
f 2847/4544/5262 2848/4546/5263 2849/4581/5295 2931/4649/5351
f 2931/4649/5351 2849/4581/5295 2850/4580/5293 2932/4650/5352
f 2932/4651/5352 2850/4578/5293 2851/4575/5290 2927/4644/5347
f 2932/4651/5352 2927/4644/5347 2928/4645/5348 2933/4652/5353
f 2928/4645/5348 2929/4646/5349 2930/4647/5350 2933/4652/5353
f 2930/4648/5350 2931/4649/5351 2932/4650/5352 2933/4653/5353
f 2863/4563/5279 2864/4565/5280 2853/4590/5302 2934/4654/5354
f 2934/4654/5354 2853/4590/5302 2854/4589/5300 2935/4655/5355
f 2935/4656/5355 2854/4587/5300 2855/4584/5297 2936/4657/5356
f 2855/4584/5297 2856/4577/5292 2857/4576/5291 2936/4657/5356
f 2936/4657/5356 2857/4576/5291 2858/4579/5294 2937/4658/5357
f 2937/4659/5357 2858/4583/5294 2859/4582/5296 2938/4660/5358
f 2859/4582/5296 2860/4558/5275 2861/4557/5274 2938/4660/5358
f 2938/4660/5358 2861/4557/5274 2862/4560/5277 2939/4661/5359
f 2939/4662/5359 2862/4564/5277 2863/4563/5279 2934/4654/5354
f 2939/4662/5359 2934/4654/5354 2935/4655/5355 2940/4663/5360
f 2935/4656/5355 2936/4657/5356 2937/4658/5357 2940/4664/5360
f 2937/4659/5357 2938/4660/5358 2939/4661/5359 2940/4665/5360
f 2875/4602/5313 2876/4600/5311 2865/4598/5309 2941/4666/5361
f 2941/4666/5361 2865/4598/5309 2866/4596/5307 2942/4667/5362
f 2942/4667/5362 2866/4596/5307 2867/4594/5305 2943/4668/5363
f 2867/4594/5305 2868/4586/5299 2869/4585/5298 2943/4668/5363
f 2943/4668/5363 2869/4585/5298 2870/4588/5301 2944/4669/5364
f 2944/4670/5364 2870/4592/5301 2871/4591/5303 2945/4671/5365
f 2871/4591/5303 2872/4593/5304 2873/4607/5318 2945/4671/5365
f 2945/4671/5365 2873/4607/5318 2874/4605/5316 2946/4672/5366
f 2946/4672/5366 2874/4605/5316 2875/4602/5313 2941/4666/5361
f 2946/4672/5366 2941/4666/5361 2942/4667/5362 2947/4673/5367
f 2942/4667/5362 2943/4668/5363 2944/4669/5364 2947/4673/5367
f 2944/4670/5364 2945/4671/5365 2946/4672/5366 2947/4673/5367
f 2887/4554/5271 2888/4555/5272 2877/4614/5325 2948/4674/5368
f 2948/4674/5368 2877/4614/5325 2878/4612/5323 2949/4675/5369
f 2949/4675/5369 2878/4612/5323 2879/4609/5320 2950/4676/5370
f 2879/4609/5320 2880/4604/5315 2881/4603/5314 2950/4676/5370
f 2950/4676/5370 2881/4603/5314 2882/4606/5317 2951/4677/5371
f 2951/4677/5371 2882/4606/5317 2883/4608/5319 2952/4678/5372
f 2883/4608/5319 2884/4550/5267 2885/4549/5266 2952/4678/5372
f 2952/4678/5372 2885/4549/5266 2886/4552/5269 2953/4679/5373
f 2953/4679/5373 2886/4552/5269 2887/4554/5271 2948/4674/5368
f 2953/4679/5373 2948/4674/5368 2949/4675/5369 2954/4680/5374
f 2949/4675/5369 2950/4676/5370 2951/4677/5371 2954/4680/5374
f 2951/4677/5371 2952/4678/5372 2953/4679/5373 2954/4680/5374
f 2899/4572/5287 2900/4574/5289 2889/4595/5306 2955/4681/5375
f 2955/4681/5375 2889/4595/5306 2890/4597/5308 2956/4682/5376
f 2956/4682/5376 2890/4597/5308 2891/4599/5310 2957/4683/5377
f 2891/4599/5310 2892/4601/5312 2893/4620/5331 2957/4683/5377
f 2957/4683/5377 2893/4620/5331 2894/4618/5329 2958/4684/5378
f 2958/4684/5378 2894/4618/5329 2895/4616/5327 2959/4685/5379
f 2895/4616/5327 2896/4568/5283 2897/4567/5282 2959/4685/5379
f 2959/4685/5379 2897/4567/5282 2898/4570/5285 2960/4686/5380
f 2960/4686/5380 2898/4570/5285 2899/4572/5287 2955/4681/5375
f 2960/4686/5380 2955/4681/5375 2956/4682/5376 2961/4687/5381
f 2956/4682/5376 2957/4683/5377 2958/4684/5378 2961/4687/5381
f 2958/4684/5378 2959/4685/5379 2960/4686/5380 2961/4687/5381
f 2911/4621/5332 2912/4611/5322 2901/4610/5321 2962/4688/5382
f 2962/4688/5382 2901/4610/5321 2902/4613/5324 2963/4689/5383
f 2963/4689/5383 2902/4613/5324 2903/4615/5326 2964/4690/5384
f 2903/4615/5326 2904/4517/5240 2905/4516/5239 2964/4690/5384
f 2964/4690/5384 2905/4516/5239 2906/4519/5242 2965/4691/5385
f 2965/4692/5385 2906/4523/5242 2907/4522/5244 2966/4693/5386
f 2907/4522/5244 2908/4525/5246 2909/4617/5328 2966/4693/5386
f 2966/4693/5386 2909/4617/5328 2910/4619/5330 2967/4694/5387
f 2967/4694/5387 2910/4619/5330 2911/4621/5332 2962/4688/5382
f 2967/4694/5387 2962/4688/5382 2963/4689/5383 2968/4695/5388
f 2963/4689/5383 2964/4690/5384 2965/4691/5385 2968/4695/5388
f 2965/4692/5385 2966/4693/5386 2967/4694/5387 2968/4695/5388
f 2993/4696/5389 2992/4697/5390 2995/4698/5391 2994/4699/5392
f 2992/4697/5390 2991/4700/5393 2996/4701/5394 2995/4698/5391
f 2991/4700/5393 2990/4702/5395 2997/4703/5396 2996/4701/5394
f 2990/4702/5395 2989/4704/5397 2998/4705/5398 2997/4703/5396
f 2998/4705/5398 2989/4704/5397 2999/4706/5399 3004/4707/5400
f 2892/4601/5312 2876/4600/5311 2969/4708/5401 2974/4709/5402
f 2876/4600/5311 2880/4604/5315 2979/4710/5403 2969/4708/5401
f 2880/4604/5315 2912/4611/5322 2984/4711/5404 2979/4710/5403
f 2912/4611/5322 2892/4601/5312 2974/4709/5402 2984/4711/5404
f 2978/4712/5405 2973/4713/5406 2993/4696/5389 2994/4699/5392
f 2973/4713/5407 2983/4714/5408 3003/4715/5409 2993/4696/5410
f 2983/4714/5411 2988/4716/5412 3008/4717/5413 3003/4715/5414
f 2988/4716/5415 2978/4712/5416 2994/4699/5417 3008/4717/5418
f 2972/4718/5419 2973/4713/5406 2978/4712/5405 2977/4719/5420
f 2971/4720/5421 2972/4718/5419 2977/4719/5420 2976/4721/5422
f 2969/4708/5401 2970/4722/5423 2975/4723/5424 2974/4709/5402
f 2970/4722/5423 2971/4720/5421 2976/4721/5422 2975/4723/5424
f 2977/4719/5425 2978/4712/5416 2988/4716/5415 2987/4724/5426
f 2976/4721/5427 2977/4719/5425 2987/4724/5426 2986/4725/5428
f 2974/4709/5402 2975/4723/5424 2985/4726/5429 2984/4711/5404
f 2975/4723/5424 2976/4721/5427 2986/4725/5428 2985/4726/5429
f 2973/4713/5407 2972/4718/5430 2982/4727/5431 2983/4714/5408
f 2972/4718/5430 2971/4720/5432 2981/4728/5433 2982/4727/5431
f 2971/4720/5432 2970/4722/5423 2980/4729/5434 2981/4728/5433
f 2970/4722/5423 2969/4708/5401 2979/4710/5403 2980/4729/5434
f 2983/4714/5411 2982/4727/5435 2987/4724/5436 2988/4716/5412
f 2982/4727/5435 2981/4728/5437 2986/4725/5438 2987/4724/5436
f 2981/4728/5437 2980/4729/5434 2985/4726/5429 2986/4725/5438
f 2980/4729/5434 2979/4710/5403 2984/4711/5404 2985/4726/5429
f 2992/4697/5439 2993/4696/5410 3003/4715/5409 3002/4730/5440
f 2991/4700/5441 2992/4697/5439 3002/4730/5440 3001/4731/5442
f 2989/4704/5397 2990/4702/5395 3000/4732/5443 2999/4706/5399
f 2990/4702/5395 2991/4700/5441 3001/4731/5442 3000/4732/5443
f 3002/4730/5444 3003/4715/5414 3008/4717/5413 3007/4733/5445
f 3001/4731/5446 3002/4730/5444 3007/4733/5445 3006/4734/5447
f 2999/4706/5399 3000/4732/5443 3005/4735/5448 3004/4707/5400
f 3000/4732/5443 3001/4731/5446 3006/4734/5447 3005/4735/5448
f 2994/4699/5417 2995/4698/5449 3007/4733/5450 3008/4717/5418
f 2995/4698/5449 2996/4701/5451 3006/4734/5452 3007/4733/5450
f 2996/4701/5451 2997/4703/5396 3005/4735/5448 3006/4734/5452
f 2997/4703/5396 2998/4705/5398 3004/4707/5400 3005/4735/5448
s 574
f 3012/4736/5453 3011/4737/5454 3109/4738/5455 3120/4739/5456
f 3011/4737/5454 3010/4740/5457 3110/4741/5458 3109/4738/5455
f 3010/4742/5457 3009/4743/5459 3111/4744/5460 3110/4745/5458
f 3009/4743/5459 3020/4746/5461 3112/4747/5462 3111/4744/5460
f 3016/4748/5463 3015/4749/5464 3025/4750/5465 3024/4751/5466
f 3015/4749/5464 3014/4752/5467 3026/4753/5468 3025/4750/5465
f 3014/4754/5467 3013/4755/5469 3027/4756/5470 3026/4757/5468
f 3013/4755/5469 3012/4736/5453 3028/4758/5471 3027/4756/5470
f 3020/4746/5461 3019/4759/5472 3371/4760/5473 3372/4761/5474
f 3019/4759/5472 3018/4762/5475 3370/4763/5476 3371/4760/5473
f 3018/4762/5475 3017/4764/5477 3369/4765/5478 3370/4763/5476
f 3017/4764/5477 3016/4748/5463 3368/4766/5479 3369/4765/5478
f 3024/4751/5466 3023/4767/5480 3366/4768/5481 3367/4769/5482
f 3023/4767/5480 3022/4770/5483 3365/4771/5484 3366/4768/5481
f 3022/4770/5483 3021/4772/5485 3364/4773/5486 3365/4771/5484
f 3021/4772/5485 3036/4774/5487 3363/4775/5488 3364/4773/5486
f 3032/4776/5489 3031/4777/5490 3121/4778/5491 3136/4779/5492
f 3031/4777/5490 3030/4780/5493 3122/4781/5494 3121/4778/5491
f 3030/4780/5493 3029/4782/5495 3123/4783/5496 3122/4781/5494
f 3029/4782/5495 3028/4758/5471 3124/4784/5497 3123/4783/5496
f 3036/4774/5487 3035/4785/5498 3137/4786/5499 3148/4787/5500
f 3035/4785/5498 3034/4788/5501 3138/4789/5502 3137/4786/5499
f 3034/4790/5501 3033/4791/5503 3139/4792/5504 3138/4793/5502
f 3033/4791/5503 3032/4776/5489 3140/4794/5505 3139/4792/5504
f 3040/4795/5506 3039/4796/5507 3189/4797/5508 3188/4798/5509
f 3039/4796/5507 3038/4799/5510 3190/4800/5511 3189/4797/5508
f 3038/4799/5510 3037/4801/5512 3191/4802/5513 3190/4800/5511
f 3037/4801/5512 3052/4803/5514 3192/4804/5515 3191/4802/5513
f 3044/4805/5516 3043/4806/5517 3085/4807/5518 3084/4808/5519
f 3043/4806/5517 3042/4809/5520 3086/4810/5521 3085/4807/5518
f 3042/4811/5520 3041/4812/5522 3087/4813/5523 3086/4814/5521
f 3041/4812/5522 3040/4795/5506 3088/4815/5524 3087/4813/5523
f 3052/4803/5514 3051/4816/5525 3057/4817/5526 3056/4818/5527
f 3051/4816/5525 3050/4819/5528 3058/4820/5529 3057/4817/5526
f 3050/4819/5528 3049/4821/5530 3059/4822/5531 3058/4820/5529
f 3049/4821/5530 3048/4823/5532 3060/4824/5533 3059/4822/5531
f 3056/4818/5527 3055/4825/5534 3205/4826/5535 3204/4827/5536
f 3055/4825/5534 3054/4828/5537 3206/4829/5538 3205/4826/5535
f 3054/4828/5537 3053/4830/5539 3207/4831/5540 3206/4829/5538
f 3053/4830/5539 3072/4832/5541 3208/4833/5542 3207/4831/5540
f 3068/4834/5543 3067/4835/5544 3149/4836/5545 3160/4837/5546
f 3067/4835/5544 3066/4838/5547 3150/4839/5548 3149/4836/5545
f 3066/4838/5547 3065/4840/5549 3151/4841/5550 3150/4839/5548
f 3065/4840/5549 3064/4842/5551 3152/4843/5552 3151/4841/5550
f 3072/4832/5541 3071/4844/5553 3093/4845/5554 3092/4846/5555
f 3071/4844/5553 3070/4847/5556 3094/4848/5557 3093/4845/5554
f 3070/4847/5556 3069/4849/5558 3095/4850/5559 3094/4848/5557
f 3069/4849/5558 3068/4834/5543 3096/4851/5560 3095/4850/5559
f 3076/4852/5561 3075/4853/5562 3229/4854/5563 3228/4855/5564
f 3075/4853/5562 3074/4856/5565 3230/4857/5566 3229/4854/5563
f 3074/4856/5565 3073/4858/5567 3231/4859/5568 3230/4857/5566
f 3073/4858/5567 3088/4815/5524 3232/4860/5569 3231/4859/5568
f 3080/4861/5570 3079/4862/5571 3105/4863/5572 3104/4864/5573
f 3079/4862/5571 3078/4865/5574 3106/4866/5575 3105/4863/5572
f 3078/4865/5574 3077/4867/5576 3107/4868/5577 3106/4866/5575
f 3077/4867/5576 3076/4852/5561 3108/4869/5578 3107/4868/5577
f 3373/4870/5579 3374/4871/5580 3113/4872/5581 3112/4747/5462
f 3374/4871/5580 3375/4873/5582 3114/4874/5583 3113/4872/5581
f 3375/4875/5582 3376/4876/5584 3115/4877/5585 3114/4878/5583
f 3376/4876/5584 3377/4879/5586 3116/4880/5587 3115/4877/5585
f 3092/4846/5555 3091/4881/5588 3217/4882/5589 3216/4883/5590
f 3091/4881/5588 3090/4884/5591 3218/4885/5592 3217/4882/5589
f 3090/4884/5591 3089/4886/5593 3219/4887/5594 3218/4885/5592
f 3089/4886/5593 3108/4869/5578 3220/4888/5595 3219/4887/5594
f 3100/4889/5596 3099/4890/5597 3161/4891/5598 3172/4892/5599
f 3099/4890/5597 3098/4893/5600 3162/4894/5601 3161/4891/5598
f 3098/4893/5600 3097/4895/5602 3163/4896/5603 3162/4894/5601
f 3097/4895/5602 3096/4851/5560 3164/4897/5604 3163/4896/5603
f 3378/4898/5605 3379/4899/5606 3129/4900/5607 3128/4901/5608
f 3379/4899/5606 3380/4902/5609 3130/4903/5610 3129/4900/5607
f 3380/4902/5609 3381/4904/5611 3131/4905/5612 3130/4903/5610
f 3381/4904/5611 3382/4906/5613 3132/4907/5614 3131/4905/5612
f 3120/4739/5456 3119/4908/5615 3125/4909/5616 3124/4784/5497
f 3119/4908/5615 3118/4910/5617 3126/4911/5618 3125/4909/5616
f 3118/4910/5617 3117/4912/5619 3127/4913/5620 3126/4911/5618
f 3117/4912/5619 3116/4880/5587 3128/4901/5608 3127/4913/5620
f 3136/4779/5492 3135/4914/5621 3173/4915/5622 3184/4916/5623
f 3135/4914/5621 3134/4917/5624 3174/4918/5625 3173/4915/5622
f 3134/4917/5624 3133/4919/5626 3175/4920/5627 3174/4918/5625
f 3133/4919/5626 3132/4907/5614 3176/4921/5628 3175/4920/5627
f 3144/4922/5629 3143/4923/5630 3181/4924/5631 3180/4925/5632
f 3143/4923/5630 3142/4926/5633 3182/4927/5634 3181/4924/5631
f 3142/4928/5633 3141/4929/5635 3183/4930/5636 3182/4931/5634
f 3141/4929/5635 3140/4794/5505 3184/4916/5623 3183/4930/5636
f 3148/4787/5500 3147/4932/5637 3361/4933/5638 3362/4934/5639
f 3147/4932/5637 3146/4935/5640 3390/4936/5641 3361/4933/5638
f 3146/4935/5640 3145/4937/5642 3389/4938/5643 3390/4936/5641
f 3145/4937/5642 3144/4922/5629 3388/4939/5644 3389/4938/5643
f 3160/4837/5546 3159/4940/5645 3165/4941/5646 3164/4897/5604
f 3159/4940/5645 3158/4942/5647 3166/4943/5648 3165/4941/5646
f 3158/4944/5647 3157/4945/5649 3167/4946/5650 3166/4947/5648
f 3157/4945/5649 3156/4948/5651 3168/4949/5652 3167/4946/5650
f 3383/4950/5653 3384/4951/5654 3177/4952/5655 3176/4921/5628
f 3384/4951/5654 3385/4953/5656 3178/4954/5657 3177/4952/5655
f 3385/4955/5656 3386/4956/5658 3179/4957/5659 3178/4958/5657
f 3386/4956/5658 3387/4959/5660 3180/4925/5632 3179/4957/5659
f 3188/4798/5509 3187/4960/5661 3221/4961/5662 3232/4860/5569
f 3187/4960/5661 3186/4962/5663 3222/4963/5664 3221/4961/5662
f 3186/4962/5663 3185/4964/5665 3223/4965/5666 3222/4963/5664
f 3185/4964/5665 3196/4966/5667 3224/4967/5668 3223/4965/5666
f 3196/4966/5667 3195/4968/5669 3201/4969/5670 3200/4970/5671
f 3195/4968/5669 3194/4971/5672 3202/4972/5673 3201/4969/5670
f 3194/4971/5672 3193/4973/5674 3203/4974/5675 3202/4972/5673
f 3193/4973/5674 3192/4804/5515 3204/4827/5536 3203/4974/5675
f 3200/4970/5671 3199/4975/5676 3213/4976/5677 3212/4977/5678
f 3199/4975/5676 3198/4978/5679 3214/4979/5680 3213/4976/5677
f 3198/4978/5679 3197/4980/5681 3215/4981/5682 3214/4979/5680
f 3197/4980/5681 3208/4833/5542 3216/4883/5590 3215/4981/5682
f 3212/4977/5678 3211/4982/5683 3225/4983/5684 3224/4967/5668
f 3211/4982/5683 3210/4984/5685 3226/4985/5686 3225/4983/5684
f 3210/4984/5685 3209/4986/5687 3227/4987/5688 3226/4985/5686
f 3209/4986/5687 3220/4888/5595 3228/4855/5564 3227/4987/5688
f 3016/4748/5463 3024/4751/5466 3367/4769/5482 3368/4766/5479
f 3196/4966/5667 3200/4970/5671 3212/4977/5678 3224/4967/5668
f 3377/4879/5586 3378/4898/5605 3128/4901/5608 3116/4880/5587
f 3120/4739/5456 3124/4784/5497 3028/4758/5471 3012/4736/5453
f 3144/4922/5629 3180/4925/5632 3387/4959/5660 3388/4939/5644
f 3112/4747/5462 3020/4746/5461 3372/4761/5474 3373/4870/5579
f 3068/4834/5543 3160/4837/5546 3164/4897/5604 3096/4851/5560
f 3132/4907/5614 3382/4906/5613 3383/4950/5653 3176/4921/5628
f 3032/4776/5489 3136/4779/5492 3184/4916/5623 3140/4794/5505
f 3363/4775/5488 3036/4774/5487 3148/4787/5500 3362/4934/5639
f 3052/4803/5514 3056/4818/5527 3204/4827/5536 3192/4804/5515
f 3072/4832/5541 3092/4846/5555 3216/4883/5590 3208/4833/5542
f 3108/4869/5578 3076/4852/5561 3228/4855/5564 3220/4888/5595
f 3088/4815/5524 3040/4795/5506 3188/4798/5509 3232/4860/5569
f 3019/4759/5472 3020/4746/5461 3009/4743/5459 3233/4988/5689
f 3233/4988/5689 3009/4743/5459 3010/4742/5457 3234/4989/5690
f 3234/4990/5690 3010/4740/5457 3011/4737/5454 3235/4991/5691
f 3011/4737/5454 3012/4736/5453 3013/4755/5469 3235/4991/5691
f 3235/4991/5691 3013/4755/5469 3014/4754/5467 3236/4992/5692
f 3236/4993/5692 3014/4752/5467 3015/4749/5464 3237/4994/5693
f 3015/4749/5464 3016/4748/5463 3017/4764/5477 3237/4994/5693
f 3237/4994/5693 3017/4764/5477 3018/4762/5475 3238/4995/5694
f 3238/4995/5694 3018/4762/5475 3019/4759/5472 3233/4988/5689
f 3238/4995/5694 3233/4988/5689 3234/4989/5690 3239/4996/5695
f 3234/4990/5690 3235/4991/5691 3236/4992/5692 3239/4997/5695
f 3236/4993/5692 3237/4994/5693 3238/4995/5694 3239/4996/5695
f 3035/4785/5498 3036/4774/5487 3021/4772/5485 3240/4998/5696
f 3240/4998/5696 3021/4772/5485 3022/4770/5483 3241/4999/5697
f 3241/4999/5697 3022/4770/5483 3023/4767/5480 3242/5000/5698
f 3023/4767/5480 3024/4751/5466 3025/4750/5465 3242/5000/5698
f 3242/5000/5698 3025/4750/5465 3026/4753/5468 3243/5001/5699
f 3243/5002/5699 3026/4757/5468 3027/4756/5470 3244/5003/5700
f 3027/4756/5470 3028/4758/5471 3029/4782/5495 3244/5003/5700
f 3244/5003/5700 3029/4782/5495 3030/4780/5493 3245/5004/5701
f 3245/5004/5701 3030/4780/5493 3031/4777/5490 3246/5005/5702
f 3031/4777/5490 3032/4776/5489 3033/4791/5503 3246/5005/5702
f 3246/5005/5702 3033/4791/5503 3034/4790/5501 3247/5006/5703
f 3247/5007/5703 3034/4788/5501 3035/4785/5498 3240/4998/5696
f 3247/5007/5703 3240/4998/5696 3241/4999/5697 3248/5008/5704
f 3241/4999/5697 3242/5000/5698 3243/5001/5699 3248/5008/5704
f 3243/5002/5699 3244/5003/5700 3245/5004/5701 3248/5009/5704
f 3245/5004/5701 3246/5005/5702 3247/5006/5703 3248/5009/5704
f 3051/4816/5525 3052/4803/5514 3037/4801/5512 3249/5010/5705
f 3249/5010/5705 3037/4801/5512 3038/4799/5510 3250/5011/5706
f 3250/5011/5706 3038/4799/5510 3039/4796/5507 3251/5012/5707
f 3039/4796/5507 3040/4795/5506 3041/4812/5522 3251/5012/5707
f 3251/5012/5707 3041/4812/5522 3042/4811/5520 3252/5013/5708
f 3252/5014/5708 3042/4809/5520 3043/4806/5517 3253/5015/5709
f 3043/4806/5517 3044/4805/5516 3045/5016/5710 3253/5015/5709
f 3253/5015/5709 3045/5016/5710 3046/5017/5711 3254/5018/5712
f 3254/5018/5712 3046/5017/5711 3047/5019/5713 3255/5020/5714
f 3047/5019/5713 3048/4823/5532 3049/4821/5530 3255/5020/5714
f 3255/5020/5714 3049/4821/5530 3050/4819/5528 3256/5021/5715
f 3256/5021/5715 3050/4819/5528 3051/4816/5525 3249/5010/5705
f 3256/5021/5715 3249/5010/5705 3250/5011/5706 3257/5022/5716
f 3250/5011/5706 3251/5012/5707 3252/5013/5708 3257/5022/5716
f 3252/5014/5708 3253/5015/5709 3254/5018/5712 3257/5022/5716
f 3254/5018/5712 3255/5020/5714 3256/5021/5715 3257/5022/5716
f 3071/4844/5553 3072/4832/5541 3053/4830/5539 3258/5023/5717
f 3258/5023/5717 3053/4830/5539 3054/4828/5537 3259/5024/5718
f 3259/5024/5718 3054/4828/5537 3055/4825/5534 3260/5025/5719
f 3055/4825/5534 3056/4818/5527 3057/4817/5526 3260/5025/5719
f 3260/5025/5719 3057/4817/5526 3058/4820/5529 3261/5026/5720
f 3261/5026/5720 3058/4820/5529 3059/4822/5531 3262/5027/5721
f 3059/4822/5531 3060/4824/5533 3061/5028/5722 3262/5027/5721
f 3262/5027/5721 3061/5028/5722 3062/5029/5723 3263/5030/5724
f 3263/5030/5724 3062/5029/5723 3063/5031/5725 3264/5032/5726
f 3063/5031/5725 3064/4842/5551 3065/4840/5549 3264/5032/5726
f 3264/5032/5726 3065/4840/5549 3066/4838/5547 3265/5033/5727
f 3265/5033/5727 3066/4838/5547 3067/4835/5544 3266/5034/5728
f 3067/4835/5544 3068/4834/5543 3069/4849/5558 3266/5034/5728
f 3266/5034/5728 3069/4849/5558 3070/4847/5556 3267/5035/5729
f 3267/5035/5729 3070/4847/5556 3071/4844/5553 3258/5023/5717
f 3267/5035/5729 3258/5023/5717 3259/5024/5718 3268/5036/5730
f 3259/5024/5718 3260/5025/5719 3261/5026/5720 3268/5036/5730
f 3261/5026/5720 3262/5027/5721 3263/5030/5724 3268/5036/5730
f 3263/5030/5724 3264/5032/5726 3265/5033/5727 3268/5036/5730
f 3265/5033/5727 3266/5034/5728 3267/5035/5729 3268/5036/5730
f 3087/4813/5523 3088/4815/5524 3073/4858/5567 3269/5037/5731
f 3269/5037/5731 3073/4858/5567 3074/4856/5565 3270/5038/5732
f 3270/5038/5732 3074/4856/5565 3075/4853/5562 3271/5039/5733
f 3075/4853/5562 3076/4852/5561 3077/4867/5576 3271/5039/5733
f 3271/5039/5733 3077/4867/5576 3078/4865/5574 3272/5040/5734
f 3272/5040/5734 3078/4865/5574 3079/4862/5571 3273/5041/5735
f 3079/4862/5571 3080/4861/5570 3081/5042/5736 3273/5041/5735
f 3273/5041/5735 3081/5042/5736 3082/5043/5737 3274/5044/5738
f 3274/5045/5738 3082/5046/5737 3083/5047/5739 3275/5048/5740
f 3083/5047/5739 3084/4808/5519 3085/4807/5518 3275/5048/5740
f 3275/5048/5740 3085/4807/5518 3086/4810/5521 3276/5049/5741
f 3276/5050/5741 3086/4814/5521 3087/4813/5523 3269/5037/5731
f 3276/5050/5741 3269/5037/5731 3270/5038/5732 3277/5051/5742
f 3270/5038/5732 3271/5039/5733 3272/5040/5734 3277/5051/5742
f 3272/5040/5734 3273/5041/5735 3274/5044/5738 3277/5051/5742
f 3274/5045/5738 3275/5048/5740 3276/5049/5741 3277/5052/5742
f 3107/4868/5577 3108/4869/5578 3089/4886/5593 3278/5053/5743
f 3278/5053/5743 3089/4886/5593 3090/4884/5591 3279/5054/5744
f 3279/5054/5744 3090/4884/5591 3091/4881/5588 3280/5055/5745
f 3091/4881/5588 3092/4846/5555 3093/4845/5554 3280/5055/5745
f 3280/5055/5745 3093/4845/5554 3094/4848/5557 3281/5056/5746
f 3281/5056/5746 3094/4848/5557 3095/4850/5559 3282/5057/5747
f 3095/4850/5559 3096/4851/5560 3097/4895/5602 3282/5057/5747
f 3282/5057/5747 3097/4895/5602 3098/4893/5600 3283/5058/5748
f 3283/5058/5748 3098/4893/5600 3099/4890/5597 3284/5059/5749
f 3099/4890/5597 3100/4889/5596 3101/5060/5750 3284/5059/5749
f 3284/5059/5749 3101/5060/5750 3102/5061/5751 3285/5062/5752
f 3285/5062/5752 3102/5061/5751 3103/5063/5753 3286/5064/5754
f 3103/5063/5753 3104/4864/5573 3105/4863/5572 3286/5064/5754
f 3286/5064/5754 3105/4863/5572 3106/4866/5575 3287/5065/5755
f 3287/5065/5755 3106/4866/5575 3107/4868/5577 3278/5053/5743
f 3287/5065/5755 3278/5053/5743 3279/5054/5744 3288/5066/5756
f 3279/5054/5744 3280/5055/5745 3281/5056/5746 3288/5066/5756
f 3281/5056/5746 3282/5057/5747 3283/5058/5748 3288/5066/5756
f 3283/5058/5748 3284/5059/5749 3285/5062/5752 3288/5066/5756
f 3285/5062/5752 3286/5064/5754 3287/5065/5755 3288/5066/5756
f 3119/4908/5615 3120/4739/5456 3109/4738/5455 3289/5067/5757
f 3289/5067/5757 3109/4738/5455 3110/4741/5458 3290/5068/5758
f 3290/5069/5758 3110/4745/5458 3111/4744/5460 3291/5070/5759
f 3111/4744/5460 3112/4747/5462 3113/4872/5581 3291/5070/5759
f 3291/5070/5759 3113/4872/5581 3114/4874/5583 3292/5071/5760
f 3292/5072/5760 3114/4878/5583 3115/4877/5585 3293/5073/5761
f 3115/4877/5585 3116/4880/5587 3117/4912/5619 3293/5073/5761
f 3293/5073/5761 3117/4912/5619 3118/4910/5617 3294/5074/5762
f 3294/5074/5762 3118/4910/5617 3119/4908/5615 3289/5067/5757
f 3294/5074/5762 3289/5067/5757 3290/5068/5758 3295/5075/5763
f 3290/5069/5758 3291/5070/5759 3292/5071/5760 3295/5076/5763
f 3292/5072/5760 3293/5073/5761 3294/5074/5762 3295/5075/5763
f 3135/4914/5621 3136/4779/5492 3121/4778/5491 3296/5077/5764
f 3296/5077/5764 3121/4778/5491 3122/4781/5494 3297/5078/5765
f 3297/5078/5765 3122/4781/5494 3123/4783/5496 3298/5079/5766
f 3123/4783/5496 3124/4784/5497 3125/4909/5616 3298/5079/5766
f 3298/5079/5766 3125/4909/5616 3126/4911/5618 3299/5080/5767
f 3299/5080/5767 3126/4911/5618 3127/4913/5620 3300/5081/5768
f 3127/4913/5620 3128/4901/5608 3129/4900/5607 3300/5081/5768
f 3300/5081/5768 3129/4900/5607 3130/4903/5610 3301/5082/5769
f 3301/5082/5769 3130/4903/5610 3131/4905/5612 3302/5083/5770
f 3131/4905/5612 3132/4907/5614 3133/4919/5626 3302/5083/5770
f 3302/5083/5770 3133/4919/5626 3134/4917/5624 3303/5084/5771
f 3303/5084/5771 3134/4917/5624 3135/4914/5621 3296/5077/5764
f 3303/5084/5771 3296/5077/5764 3297/5078/5765 3304/5085/5772
f 3297/5078/5765 3298/5079/5766 3299/5080/5767 3304/5085/5772
f 3299/5080/5767 3300/5081/5768 3301/5082/5769 3304/5085/5772
f 3301/5082/5769 3302/5083/5770 3303/5084/5771 3304/5085/5772
f 3147/4932/5637 3148/4787/5500 3137/4786/5499 3305/5086/5773
f 3305/5086/5773 3137/4786/5499 3138/4789/5502 3306/5087/5774
f 3306/5088/5774 3138/4793/5502 3139/4792/5504 3307/5089/5775
f 3139/4792/5504 3140/4794/5505 3141/4929/5635 3307/5089/5775
f 3307/5089/5775 3141/4929/5635 3142/4928/5633 3308/5090/5776
f 3308/5091/5776 3142/4926/5633 3143/4923/5630 3309/5092/5777
f 3143/4923/5630 3144/4922/5629 3145/4937/5642 3309/5092/5777
f 3309/5092/5777 3145/4937/5642 3146/4935/5640 3310/5093/5778
f 3310/5093/5778 3146/4935/5640 3147/4932/5637 3305/5086/5773
f 3310/5093/5778 3305/5086/5773 3306/5087/5774 3311/5094/5779
f 3306/5088/5774 3307/5089/5775 3308/5090/5776 3311/5095/5779
f 3308/5091/5776 3309/5092/5777 3310/5093/5778 3311/5094/5779
f 3159/4940/5645 3160/4837/5546 3149/4836/5545 3312/5096/5780
f 3312/5096/5780 3149/4836/5545 3150/4839/5548 3313/5097/5781
f 3313/5097/5781 3150/4839/5548 3151/4841/5550 3314/5098/5782
f 3151/4841/5550 3152/4843/5552 3153/5099/5783 3314/5098/5782
f 3314/5098/5782 3153/5099/5783 3154/5100/5784 3315/5101/5785
f 3315/5101/5785 3154/5100/5784 3155/5102/5786 3316/5103/5787
f 3155/5102/5786 3156/4948/5651 3157/4945/5649 3316/5103/5787
f 3316/5103/5787 3157/4945/5649 3158/4944/5647 3317/5104/5788
f 3317/5105/5788 3158/4942/5647 3159/4940/5645 3312/5096/5780
f 3317/5105/5788 3312/5096/5780 3313/5097/5781 3318/5106/5789
f 3313/5097/5781 3314/5098/5782 3315/5101/5785 3318/5106/5789
f 3315/5101/5785 3316/5103/5787 3317/5104/5788 3318/5106/5789
f 3171/5107/5790 3172/4892/5599 3161/4891/5598 3319/5108/5791
f 3319/5108/5791 3161/4891/5598 3162/4894/5601 3320/5109/5792
f 3320/5109/5792 3162/4894/5601 3163/4896/5603 3321/5110/5793
f 3163/4896/5603 3164/4897/5604 3165/4941/5646 3321/5110/5793
f 3321/5110/5793 3165/4941/5646 3166/4943/5648 3322/5111/5794
f 3322/5112/5794 3166/4947/5648 3167/4946/5650 3323/5113/5795
f 3167/4946/5650 3168/4949/5652 3169/5114/5796 3323/5113/5795
f 3323/5113/5795 3169/5114/5796 3170/5115/5797 3324/5116/5798
f 3324/5117/5798 3170/5118/5797 3171/5107/5790 3319/5108/5791
f 3324/5117/5798 3319/5108/5791 3320/5109/5792 3325/5119/5799
f 3320/5109/5792 3321/5110/5793 3322/5111/5794 3325/5119/5799
f 3322/5112/5794 3323/5113/5795 3324/5116/5798 3325/5120/5799
f 3183/4930/5636 3184/4916/5623 3173/4915/5622 3326/5121/5800
f 3326/5121/5800 3173/4915/5622 3174/4918/5625 3327/5122/5801
f 3327/5122/5801 3174/4918/5625 3175/4920/5627 3328/5123/5802
f 3175/4920/5627 3176/4921/5628 3177/4952/5655 3328/5123/5802
f 3328/5123/5802 3177/4952/5655 3178/4954/5657 3329/5124/5803
f 3329/5125/5803 3178/4958/5657 3179/4957/5659 3330/5126/5804
f 3179/4957/5659 3180/4925/5632 3181/4924/5631 3330/5126/5804
f 3330/5126/5804 3181/4924/5631 3182/4927/5634 3331/5127/5805
f 3331/5128/5805 3182/4931/5634 3183/4930/5636 3326/5121/5800
f 3331/5128/5805 3326/5121/5800 3327/5122/5801 3332/5129/5806
f 3327/5122/5801 3328/5123/5802 3329/5124/5803 3332/5129/5806
f 3329/5125/5803 3330/5126/5804 3331/5127/5805 3332/5130/5806
f 3195/4968/5669 3196/4966/5667 3185/4964/5665 3333/5131/5807
f 3333/5131/5807 3185/4964/5665 3186/4962/5663 3334/5132/5808
f 3334/5132/5808 3186/4962/5663 3187/4960/5661 3335/5133/5809
f 3187/4960/5661 3188/4798/5509 3189/4797/5508 3335/5133/5809
f 3335/5133/5809 3189/4797/5508 3190/4800/5511 3336/5134/5810
f 3336/5134/5810 3190/4800/5511 3191/4802/5513 3337/5135/5811
f 3191/4802/5513 3192/4804/5515 3193/4973/5674 3337/5135/5811
f 3337/5135/5811 3193/4973/5674 3194/4971/5672 3338/5136/5812
f 3338/5136/5812 3194/4971/5672 3195/4968/5669 3333/5131/5807
f 3338/5136/5812 3333/5131/5807 3334/5132/5808 3339/5137/5813
f 3334/5132/5808 3335/5133/5809 3336/5134/5810 3339/5137/5813
f 3336/5134/5810 3337/5135/5811 3338/5136/5812 3339/5137/5813
f 3207/4831/5540 3208/4833/5542 3197/4980/5681 3340/5138/5814
f 3340/5138/5814 3197/4980/5681 3198/4978/5679 3341/5139/5815
f 3341/5139/5815 3198/4978/5679 3199/4975/5676 3342/5140/5816
f 3199/4975/5676 3200/4970/5671 3201/4969/5670 3342/5140/5816
f 3342/5140/5816 3201/4969/5670 3202/4972/5673 3343/5141/5817
f 3343/5141/5817 3202/4972/5673 3203/4974/5675 3344/5142/5818
f 3203/4974/5675 3204/4827/5536 3205/4826/5535 3344/5142/5818
f 3344/5142/5818 3205/4826/5535 3206/4829/5538 3345/5143/5819
f 3345/5143/5819 3206/4829/5538 3207/4831/5540 3340/5138/5814
f 3345/5143/5819 3340/5138/5814 3341/5139/5815 3346/5144/5820
f 3341/5139/5815 3342/5140/5816 3343/5141/5817 3346/5144/5820
f 3343/5141/5817 3344/5142/5818 3345/5143/5819 3346/5144/5820
f 3219/4887/5594 3220/4888/5595 3209/4986/5687 3347/5145/5821
f 3347/5145/5821 3209/4986/5687 3210/4984/5685 3348/5146/5822
f 3348/5146/5822 3210/4984/5685 3211/4982/5683 3349/5147/5823
f 3211/4982/5683 3212/4977/5678 3213/4976/5677 3349/5147/5823
f 3349/5147/5823 3213/4976/5677 3214/4979/5680 3350/5148/5824
f 3350/5148/5824 3214/4979/5680 3215/4981/5682 3351/5149/5825
f 3215/4981/5682 3216/4883/5590 3217/4882/5589 3351/5149/5825
f 3351/5149/5825 3217/4882/5589 3218/4885/5592 3352/5150/5826
f 3352/5150/5826 3218/4885/5592 3219/4887/5594 3347/5145/5821
f 3352/5150/5826 3347/5145/5821 3348/5146/5822 3353/5151/5827
f 3348/5146/5822 3349/5147/5823 3350/5148/5824 3353/5151/5827
f 3350/5148/5824 3351/5149/5825 3352/5150/5826 3353/5151/5827
f 3231/4859/5568 3232/4860/5569 3221/4961/5662 3354/5152/5828
f 3354/5152/5828 3221/4961/5662 3222/4963/5664 3355/5153/5829
f 3355/5153/5829 3222/4963/5664 3223/4965/5666 3356/5154/5830
f 3223/4965/5666 3224/4967/5668 3225/4983/5684 3356/5154/5830
f 3356/5154/5830 3225/4983/5684 3226/4985/5686 3357/5155/5831
f 3357/5155/5831 3226/4985/5686 3227/4987/5688 3358/5156/5832
f 3227/4987/5688 3228/4855/5564 3229/4854/5563 3358/5156/5832
f 3358/5156/5832 3229/4854/5563 3230/4857/5566 3359/5157/5833
f 3359/5157/5833 3230/4857/5566 3231/4859/5568 3354/5152/5828
f 3359/5157/5833 3354/5152/5828 3355/5153/5829 3360/5158/5834
f 3355/5153/5829 3356/5154/5830 3357/5155/5831 3360/5158/5834
f 3357/5155/5831 3358/5156/5832 3359/5157/5833 3360/5158/5834
f 3362/4934/5639 3361/4933/5638 3153/5099/5783 3152/4843/5552
f 3064/4842/5551 3363/4775/5488 3362/4934/5639 3152/4843/5552
f 3364/4773/5486 3363/4775/5488 3064/4842/5551 3063/5031/5725
f 3365/4771/5484 3364/4773/5486 3063/5031/5725 3062/5029/5723
f 3366/4768/5481 3365/4771/5484 3062/5029/5723 3061/5028/5722
f 3367/4769/5482 3366/4768/5481 3061/5028/5722 3060/4824/5533
f 3368/4766/5479 3367/4769/5482 3060/4824/5533 3048/4823/5532
f 3369/4765/5478 3368/4766/5479 3048/4823/5532 3047/5019/5713
f 3370/4763/5476 3369/4765/5478 3047/5019/5713 3046/5017/5711
f 3371/4760/5473 3370/4763/5476 3046/5017/5711 3045/5016/5710
f 3372/4761/5474 3371/4760/5473 3045/5016/5710 3044/4805/5516
f 3373/4870/5579 3372/4761/5474 3044/4805/5516 3084/4808/5519
f 3084/4808/5519 3083/5047/5739 3374/4871/5580 3373/4870/5579
f 3083/5047/5739 3082/5046/5737 3375/4873/5582 3374/4871/5580
f 3082/5043/5737 3081/5042/5736 3376/4876/5584 3375/4875/5582
f 3081/5042/5736 3080/4861/5570 3377/4879/5586 3376/4876/5584
f 3080/4861/5570 3104/4864/5573 3378/4898/5605 3377/4879/5586
f 3104/4864/5573 3103/5063/5753 3379/4899/5606 3378/4898/5605
f 3103/5063/5753 3102/5061/5751 3380/4902/5609 3379/4899/5606
f 3102/5061/5751 3101/5060/5750 3381/4904/5611 3380/4902/5609
f 3101/5060/5750 3100/4889/5596 3382/4906/5613 3381/4904/5611
f 3383/4950/5653 3382/4906/5613 3100/4889/5596 3172/4892/5599
f 3172/4892/5599 3171/5107/5790 3384/4951/5654 3383/4950/5653
f 3171/5107/5790 3170/5118/5797 3385/4953/5656 3384/4951/5654
f 3170/5115/5797 3169/5114/5796 3386/4956/5658 3385/4955/5656
f 3169/5114/5796 3168/4949/5652 3387/4959/5660 3386/4956/5658
f 3388/4939/5644 3387/4959/5660 3168/4949/5652 3156/4948/5651
f 3389/4938/5643 3388/4939/5644 3156/4948/5651 3155/5102/5786
f 3390/4936/5641 3389/4938/5643 3155/5102/5786 3154/5100/5784
f 3361/4933/5638 3390/4936/5641 3154/5100/5784 3153/5099/5783
s 587
f 3391/5159/5835 3392/5160/5836 3408/5161/5837 3407/5162/5838
f 3392/5160/5836 3393/5163/5839 3409/5164/5840 3408/5161/5837
f 3393/5163/5839 3394/5165/5841 3410/5166/5842 3409/5164/5840
f 3394/5165/5841 3395/5167/5843 3411/5168/5844 3410/5166/5842
f 3395/5167/5843 3396/5169/5845 3412/5170/5846 3411/5168/5844
f 3396/5169/5845 3397/5171/5847 3413/5172/5848 3412/5170/5846
f 3397/5171/5847 3398/5173/5849 3414/5174/5850 3413/5172/5848
f 3398/5173/5849 3399/5175/5851 3415/5176/5852 3414/5174/5850
f 3399/5175/5851 3400/5177/5853 3416/5178/5854 3415/5176/5852
f 3400/5177/5853 3401/5179/5855 3417/5180/5856 3416/5178/5854
f 3401/5179/5855 3402/5181/5857 3418/5182/5858 3417/5180/5856
f 3402/5181/5857 3403/5183/5859 3419/5184/5860 3418/5182/5858
f 3403/5183/5859 3404/5185/5861 3420/5186/5862 3419/5184/5860
f 3404/5185/5861 3405/5187/5863 3421/5188/5864 3420/5186/5862
f 3405/5187/5863 3406/5189/5865 3422/5190/5866 3421/5188/5864
f 3406/5189/5865 3391/5191/5835 3407/5192/5838 3422/5190/5866
s 588
f 3392/5193/5867 3391/5194/5868 3423/5195/5869
f 3393/5196/5870 3392/5193/5867 3423/5195/5869
f 3394/5197/5871 3393/5196/5870 3423/5195/5869
f 3395/5198/5872 3394/5197/5871 3423/5195/5869
f 3396/5199/5873 3395/5198/5872 3423/5195/5869
f 3397/5200/5874 3396/5199/5873 3423/5195/5869
f 3398/5201/5875 3397/5200/5874 3423/5195/5869
f 3399/5202/5876 3398/5201/5875 3423/5195/5869
f 3400/5203/5877 3399/5202/5876 3423/5195/5869
f 3401/5204/5878 3400/5203/5877 3423/5195/5869
f 3402/5205/5879 3401/5204/5878 3423/5195/5869
f 3403/5206/5880 3402/5205/5879 3423/5195/5869
f 3404/5207/5881 3403/5206/5880 3423/5195/5869
f 3405/5208/5882 3404/5207/5881 3423/5195/5869
f 3406/5209/5883 3405/5208/5882 3423/5195/5869
f 3391/5194/5868 3406/5209/5883 3423/5195/5869
s 589
f 3407/5210/5884 3408/5211/5885 3424/5212/5886
f 3408/5211/5885 3409/5213/5887 3424/5212/5886
f 3409/5213/5887 3410/5214/5888 3424/5212/5886
f 3410/5214/5888 3411/5215/5889 3424/5212/5886
f 3411/5215/5889 3412/5216/5890 3424/5212/5886
f 3412/5216/5890 3413/5217/5891 3424/5212/5886
f 3413/5217/5891 3414/5218/5892 3424/5212/5886
f 3414/5218/5892 3415/5219/5893 3424/5212/5886
f 3415/5219/5893 3416/5220/5894 3424/5212/5886
f 3416/5220/5894 3417/5221/5895 3424/5212/5886
f 3417/5221/5895 3418/5222/5896 3424/5212/5886
f 3418/5222/5896 3419/5223/5897 3424/5212/5886
f 3419/5223/5897 3420/5224/5898 3424/5212/5886
f 3420/5224/5898 3421/5225/5899 3424/5212/5886
f 3421/5225/5899 3422/5226/5900 3424/5212/5886
f 3422/5226/5900 3407/5210/5884 3424/5212/5886
s 590
f 3428/5227/5901 3427/5228/5902 3477/5229/5903 3476/5230/5904
f 3427/5228/5902 3426/5231/5905 3478/5232/5906 3477/5229/5903
f 3426/5231/5905 3425/5233/5907 3479/5234/5908 3478/5232/5906
f 3425/5233/5907 3436/5235/5909 3480/5236/5910 3479/5234/5908
f 3432/5237/5911 3431/5238/5912 3457/5239/5913 3456/5240/5914
f 3431/5238/5912 3430/5241/5915 3458/5242/5916 3457/5239/5913
f 3430/5243/5915 3429/5244/5917 3459/5245/5918 3458/5246/5916
f 3429/5244/5917 3428/5227/5901 3460/5247/5919 3459/5245/5918
f 3436/5235/5909 3435/5248/5920 3441/5249/5921 3440/5250/5922
f 3435/5248/5920 3434/5251/5923 3442/5252/5924 3441/5249/5921
f 3434/5253/5923 3433/5254/5925 3443/5255/5926 3442/5256/5924
f 3433/5254/5925 3432/5237/5911 3444/5257/5927 3443/5255/5926
f 3440/5250/5922 3439/5258/5928 3493/5259/5929 3492/5260/5930
f 3439/5258/5928 3438/5261/5931 3494/5262/5932 3493/5259/5929
f 3438/5263/5931 3437/5264/5933 3495/5265/5934 3494/5266/5932
f 3437/5264/5933 3448/5267/5935 3496/5268/5936 3495/5265/5934
f 3448/5267/5935 3447/5269/5937 3465/5270/5938 3464/5271/5939
f 3447/5269/5937 3446/5272/5940 3466/5273/5941 3465/5270/5938
f 3446/5274/5940 3445/5275/5942 3467/5276/5943 3466/5277/5941
f 3445/5275/5942 3444/5257/5927 3468/5278/5944 3467/5276/5943
f 3452/5279/5945 3451/5280/5946 3517/5281/5947 3516/5282/5948
f 3451/5280/5946 3450/5283/5949 3518/5284/5950 3517/5281/5947
f 3450/5283/5949 3449/5285/5951 3519/5286/5952 3518/5284/5950
f 3449/5285/5951 3460/5247/5919 3520/5287/5953 3519/5286/5952
f 3456/5240/5914 3455/5288/5954 3469/5289/5955 3468/5278/5944
f 3455/5288/5954 3454/5290/5956 3470/5291/5957 3469/5289/5955
f 3454/5292/5956 3453/5293/5958 3471/5294/5959 3470/5295/5957
f 3453/5293/5958 3452/5279/5945 3472/5296/5960 3471/5294/5959
f 3464/5271/5939 3463/5297/5961 3505/5298/5962 3504/5299/5963
f 3463/5297/5961 3462/5300/5964 3506/5301/5965 3505/5298/5962
f 3462/5300/5964 3461/5302/5966 3507/5303/5967 3506/5301/5965
f 3461/5302/5966 3472/5296/5960 3508/5304/5968 3507/5303/5967
f 3476/5230/5904 3475/5305/5969 3509/5306/5970 3520/5287/5953
f 3475/5305/5969 3474/5307/5971 3510/5308/5972 3509/5306/5970
f 3474/5307/5971 3473/5309/5973 3511/5310/5974 3510/5308/5972
f 3473/5309/5973 3484/5311/5975 3512/5312/5976 3511/5310/5974
f 3484/5311/5975 3483/5313/5977 3489/5314/5978 3488/5315/5979
f 3483/5313/5977 3482/5316/5980 3490/5317/5981 3489/5314/5978
f 3482/5316/5980 3481/5318/5982 3491/5319/5983 3490/5317/5981
f 3481/5318/5982 3480/5236/5910 3492/5260/5930 3491/5319/5983
f 3488/5315/5979 3487/5320/5984 3501/5321/5985 3500/5322/5986
f 3487/5320/5984 3486/5323/5987 3502/5324/5988 3501/5321/5985
f 3486/5323/5987 3485/5325/5989 3503/5326/5990 3502/5324/5988
f 3485/5325/5989 3496/5268/5936 3504/5299/5963 3503/5326/5990
f 3500/5322/5986 3499/5327/5991 3513/5328/5992 3512/5312/5976
f 3499/5327/5991 3498/5329/5993 3514/5330/5994 3513/5328/5992
f 3498/5329/5993 3497/5331/5995 3515/5332/5996 3514/5330/5994
f 3497/5331/5995 3508/5304/5968 3516/5282/5948 3515/5332/5996
f 3484/5311/5975 3488/5315/5979 3500/5322/5986 3512/5312/5976
f 3432/5237/5911 3456/5240/5914 3468/5278/5944 3444/5257/5927
f 3436/5235/5909 3440/5250/5922 3492/5260/5930 3480/5236/5910
f 3472/5296/5960 3452/5279/5945 3516/5282/5948 3508/5304/5968
f 3460/5247/5919 3428/5227/5901 3476/5230/5904 3520/5287/5953
f 3448/5267/5935 3464/5271/5939 3504/5299/5963 3496/5268/5936
f 3435/5248/5920 3436/5235/5909 3425/5233/5907 3521/5333/5997
f 3521/5333/5997 3425/5233/5907 3426/5231/5905 3522/5334/5998
f 3522/5334/5998 3426/5231/5905 3427/5228/5902 3523/5335/5999
f 3427/5228/5902 3428/5227/5901 3429/5244/5917 3523/5335/5999
f 3523/5335/5999 3429/5244/5917 3430/5243/5915 3524/5336/6000
f 3524/5337/6000 3430/5241/5915 3431/5238/5912 3525/5338/6001
f 3431/5238/5912 3432/5237/5911 3433/5254/5925 3525/5338/6001
f 3525/5338/6001 3433/5254/5925 3434/5253/5923 3526/5339/6002
f 3526/5340/6002 3434/5251/5923 3435/5248/5920 3521/5333/5997
f 3526/5340/6002 3521/5333/5997 3522/5334/5998 3527/5341/6003
f 3522/5334/5998 3523/5335/5999 3524/5336/6000 3527/5341/6003
f 3524/5337/6000 3525/5338/6001 3526/5339/6002 3527/5342/6003
f 3447/5269/5937 3448/5267/5935 3437/5264/5933 3528/5343/6004
f 3528/5343/6004 3437/5264/5933 3438/5263/5931 3529/5344/6005
f 3529/5345/6005 3438/5261/5931 3439/5258/5928 3530/5346/6006
f 3439/5258/5928 3440/5250/5922 3441/5249/5921 3530/5346/6006
f 3530/5346/6006 3441/5249/5921 3442/5252/5924 3531/5347/6007
f 3531/5348/6007 3442/5256/5924 3443/5255/5926 3532/5349/6008
f 3443/5255/5926 3444/5257/5927 3445/5275/5942 3532/5349/6008
f 3532/5349/6008 3445/5275/5942 3446/5274/5940 3533/5350/6009
f 3533/5351/6009 3446/5272/5940 3447/5269/5937 3528/5343/6004
f 3533/5351/6009 3528/5343/6004 3529/5344/6005 3534/5352/6010
f 3529/5345/6005 3530/5346/6006 3531/5347/6007 3534/5353/6010
f 3531/5348/6007 3532/5349/6008 3533/5350/6009 3534/5354/6010
f 3459/5245/5918 3460/5247/5919 3449/5285/5951 3535/5355/6011
f 3535/5355/6011 3449/5285/5951 3450/5283/5949 3536/5356/6012
f 3536/5356/6012 3450/5283/5949 3451/5280/5946 3537/5357/6013
f 3451/5280/5946 3452/5279/5945 3453/5293/5958 3537/5357/6013
f 3537/5357/6013 3453/5293/5958 3454/5292/5956 3538/5358/6014
f 3538/5359/6014 3454/5290/5956 3455/5288/5954 3539/5360/6015
f 3455/5288/5954 3456/5240/5914 3457/5239/5913 3539/5360/6015
f 3539/5360/6015 3457/5239/5913 3458/5242/5916 3540/5361/6016
f 3540/5362/6016 3458/5246/5916 3459/5245/5918 3535/5355/6011
f 3540/5362/6016 3535/5355/6011 3536/5356/6012 3541/5363/6017
f 3536/5356/6012 3537/5357/6013 3538/5358/6014 3541/5363/6017
f 3538/5359/6014 3539/5360/6015 3540/5361/6016 3541/5364/6017
f 3471/5294/5959 3472/5296/5960 3461/5302/5966 3542/5365/6018
f 3542/5365/6018 3461/5302/5966 3462/5300/5964 3543/5366/6019
f 3543/5366/6019 3462/5300/5964 3463/5297/5961 3544/5367/6020
f 3463/5297/5961 3464/5271/5939 3465/5270/5938 3544/5367/6020
f 3544/5367/6020 3465/5270/5938 3466/5273/5941 3545/5368/6021
f 3545/5369/6021 3466/5277/5941 3467/5276/5943 3546/5370/6022
f 3467/5276/5943 3468/5278/5944 3469/5289/5955 3546/5370/6022
f 3546/5370/6022 3469/5289/5955 3470/5291/5957 3547/5371/6023
f 3547/5372/6023 3470/5295/5957 3471/5294/5959 3542/5365/6018
f 3547/5372/6023 3542/5365/6018 3543/5366/6019 3548/5373/6024
f 3543/5366/6019 3544/5367/6020 3545/5368/6021 3548/5373/6024
f 3545/5369/6021 3546/5370/6022 3547/5371/6023 3548/5374/6024
f 3483/5313/5977 3484/5311/5975 3473/5309/5973 3549/5375/6025
f 3549/5375/6025 3473/5309/5973 3474/5307/5971 3550/5376/6026
f 3550/5376/6026 3474/5307/5971 3475/5305/5969 3551/5377/6027
f 3475/5305/5969 3476/5230/5904 3477/5229/5903 3551/5377/6027
f 3551/5377/6027 3477/5229/5903 3478/5232/5906 3552/5378/6028
f 3552/5378/6028 3478/5232/5906 3479/5234/5908 3553/5379/6029
f 3479/5234/5908 3480/5236/5910 3481/5318/5982 3553/5379/6029
f 3553/5379/6029 3481/5318/5982 3482/5316/5980 3554/5380/6030
f 3554/5380/6030 3482/5316/5980 3483/5313/5977 3549/5375/6025
f 3554/5380/6030 3549/5375/6025 3550/5376/6026 3555/5381/6031
f 3550/5376/6026 3551/5377/6027 3552/5378/6028 3555/5381/6031
f 3552/5378/6028 3553/5379/6029 3554/5380/6030 3555/5381/6031
f 3495/5265/5934 3496/5268/5936 3485/5325/5989 3556/5382/6032
f 3556/5382/6032 3485/5325/5989 3486/5323/5987 3557/5383/6033
f 3557/5383/6033 3486/5323/5987 3487/5320/5984 3558/5384/6034
f 3487/5320/5984 3488/5315/5979 3489/5314/5978 3558/5384/6034
f 3558/5384/6034 3489/5314/5978 3490/5317/5981 3559/5385/6035
f 3559/5385/6035 3490/5317/5981 3491/5319/5983 3560/5386/6036
f 3491/5319/5983 3492/5260/5930 3493/5259/5929 3560/5386/6036
f 3560/5386/6036 3493/5259/5929 3494/5262/5932 3561/5387/6037
f 3561/5388/6037 3494/5266/5932 3495/5265/5934 3556/5382/6032
f 3561/5388/6037 3556/5382/6032 3557/5383/6033 3562/5389/6038
f 3557/5383/6033 3558/5384/6034 3559/5385/6035 3562/5389/6038
f 3559/5385/6035 3560/5386/6036 3561/5387/6037 3562/5389/6038
f 3507/5303/5967 3508/5304/5968 3497/5331/5995 3563/5390/6039
f 3563/5390/6039 3497/5331/5995 3498/5329/5993 3564/5391/6040
f 3564/5391/6040 3498/5329/5993 3499/5327/5991 3565/5392/6041
f 3499/5327/5991 3500/5322/5986 3501/5321/5985 3565/5392/6041
f 3565/5392/6041 3501/5321/5985 3502/5324/5988 3566/5393/6042
f 3566/5393/6042 3502/5324/5988 3503/5326/5990 3567/5394/6043
f 3503/5326/5990 3504/5299/5963 3505/5298/5962 3567/5394/6043
f 3567/5394/6043 3505/5298/5962 3506/5301/5965 3568/5395/6044
f 3568/5395/6044 3506/5301/5965 3507/5303/5967 3563/5390/6039
f 3568/5395/6044 3563/5390/6039 3564/5391/6040 3569/5396/6045
f 3564/5391/6040 3565/5392/6041 3566/5393/6042 3569/5396/6045
f 3566/5393/6042 3567/5394/6043 3568/5395/6044 3569/5396/6045
f 3519/5286/5952 3520/5287/5953 3509/5306/5970 3570/5397/6046
f 3570/5397/6046 3509/5306/5970 3510/5308/5972 3571/5398/6047
f 3571/5398/6047 3510/5308/5972 3511/5310/5974 3572/5399/6048
f 3511/5310/5974 3512/5312/5976 3513/5328/5992 3572/5399/6048
f 3572/5399/6048 3513/5328/5992 3514/5330/5994 3573/5400/6049
f 3573/5400/6049 3514/5330/5994 3515/5332/5996 3574/5401/6050
f 3515/5332/5996 3516/5282/5948 3517/5281/5947 3574/5401/6050
f 3574/5401/6050 3517/5281/5947 3518/5284/5950 3575/5402/6051
f 3575/5402/6051 3518/5284/5950 3519/5286/5952 3570/5397/6046
f 3575/5402/6051 3570/5397/6046 3571/5398/6047 3576/5403/6052
f 3571/5398/6047 3572/5399/6048 3573/5400/6049 3576/5403/6052
f 3573/5400/6049 3574/5401/6050 3575/5402/6051 3576/5403/6052
s 593
f 3580/5404/6053 3579/5405/6054 3629/5406/6055 3628/5407/6056
f 3579/5405/6054 3578/5408/6057 3630/5409/6058 3629/5406/6055
f 3578/5408/6057 3577/5410/6059 3631/5411/6060 3630/5409/6058
f 3577/5410/6059 3588/5412/6061 3632/5413/6062 3631/5411/6060
f 3584/5414/6063 3583/5415/6064 3609/5416/6065 3608/5417/6066
f 3583/5415/6064 3582/5418/6067 3610/5419/6068 3609/5416/6065
f 3582/5420/6067 3581/5421/6069 3611/5422/6070 3610/5423/6068
f 3581/5421/6069 3580/5404/6053 3612/5424/6071 3611/5422/6070
f 3588/5412/6061 3587/5425/6072 3593/5426/6073 3592/5427/6074
f 3587/5425/6072 3586/5428/6075 3594/5429/6076 3593/5426/6073
f 3586/5430/6075 3585/5431/6077 3595/5432/6078 3594/5433/6076
f 3585/5431/6077 3584/5414/6063 3596/5434/6079 3595/5432/6078
f 3592/5427/6074 3591/5435/6080 3645/5436/6081 3644/5437/6082
f 3591/5435/6080 3590/5438/6083 3646/5439/6084 3645/5436/6081
f 3590/5440/6083 3589/5441/6085 3647/5442/6086 3646/5443/6084
f 3589/5441/6085 3600/5444/6087 3648/5445/6088 3647/5442/6086
f 3600/5444/6087 3599/5446/6089 3617/5447/6090 3616/5448/6091
f 3599/5446/6089 3598/5449/6092 3618/5450/6093 3617/5447/6090
f 3598/5451/6092 3597/5452/6094 3619/5453/6095 3618/5454/6093
f 3597/5452/6094 3596/5434/6079 3620/5455/6096 3619/5453/6095
f 3604/5456/6097 3603/5457/6098 3669/5458/6099 3668/5459/6100
f 3603/5457/6098 3602/5460/6101 3670/5461/6102 3669/5458/6099
f 3602/5460/6101 3601/5462/6103 3671/5463/6104 3670/5461/6102
f 3601/5462/6103 3612/5424/6071 3672/5464/6105 3671/5463/6104
f 3608/5417/6066 3607/5465/6106 3621/5466/6107 3620/5455/6096
f 3607/5465/6106 3606/5467/6108 3622/5468/6109 3621/5466/6107
f 3606/5469/6108 3605/5470/6110 3623/5471/6111 3622/5472/6109
f 3605/5470/6110 3604/5456/6097 3624/5473/6112 3623/5471/6111
f 3616/5448/6091 3615/5474/6113 3657/5475/6114 3656/5476/6115
f 3615/5474/6113 3614/5477/6116 3658/5478/6117 3657/5475/6114
f 3614/5477/6116 3613/5479/6118 3659/5480/6119 3658/5478/6117
f 3613/5479/6118 3624/5473/6112 3660/5481/6120 3659/5480/6119
f 3628/5407/6056 3627/5482/6121 3661/5483/6122 3672/5464/6105
f 3627/5482/6121 3626/5484/6123 3662/5485/6124 3661/5483/6122
f 3626/5484/6123 3625/5486/6125 3663/5487/6126 3662/5485/6124
f 3625/5486/6125 3636/5488/6127 3664/5489/6128 3663/5487/6126
f 3636/5488/6127 3635/5490/6129 3641/5491/6130 3640/5492/6131
f 3635/5490/6129 3634/5493/6132 3642/5494/6133 3641/5491/6130
f 3634/5493/6132 3633/5495/6134 3643/5496/6135 3642/5494/6133
f 3633/5495/6134 3632/5413/6062 3644/5437/6082 3643/5496/6135
f 3640/5492/6131 3639/5497/6136 3653/5498/6137 3652/5499/6138
f 3639/5497/6136 3638/5500/6139 3654/5501/6140 3653/5498/6137
f 3638/5500/6139 3637/5502/6141 3655/5503/6142 3654/5501/6140
f 3637/5502/6141 3648/5445/6088 3656/5476/6115 3655/5503/6142
f 3652/5499/6138 3651/5504/6143 3665/5505/6144 3664/5489/6128
f 3651/5504/6143 3650/5506/6145 3666/5507/6146 3665/5505/6144
f 3650/5506/6145 3649/5508/6147 3667/5509/6148 3666/5507/6146
f 3649/5508/6147 3660/5481/6120 3668/5459/6100 3667/5509/6148
f 3636/5488/6127 3640/5492/6131 3652/5499/6138 3664/5489/6128
f 3584/5414/6063 3608/5417/6066 3620/5455/6096 3596/5434/6079
f 3588/5412/6061 3592/5427/6074 3644/5437/6082 3632/5413/6062
f 3624/5473/6112 3604/5456/6097 3668/5459/6100 3660/5481/6120
f 3612/5424/6071 3580/5404/6053 3628/5407/6056 3672/5464/6105
f 3600/5444/6087 3616/5448/6091 3656/5476/6115 3648/5445/6088
f 3587/5425/6072 3588/5412/6061 3577/5410/6059 3673/5510/6149
f 3673/5510/6149 3577/5410/6059 3578/5408/6057 3674/5511/6150
f 3674/5511/6150 3578/5408/6057 3579/5405/6054 3675/5512/6151
f 3579/5405/6054 3580/5404/6053 3581/5421/6069 3675/5512/6151
f 3675/5512/6151 3581/5421/6069 3582/5420/6067 3676/5513/6152
f 3676/5514/6152 3582/5418/6067 3583/5415/6064 3677/5515/6153
f 3583/5415/6064 3584/5414/6063 3585/5431/6077 3677/5515/6153
f 3677/5515/6153 3585/5431/6077 3586/5430/6075 3678/5516/6154
f 3678/5517/6154 3586/5428/6075 3587/5425/6072 3673/5510/6149
f 3678/5517/6154 3673/5510/6149 3674/5511/6150 3679/5518/6155
f 3674/5511/6150 3675/5512/6151 3676/5513/6152 3679/5518/6155
f 3676/5514/6152 3677/5515/6153 3678/5516/6154 3679/5519/6155
f 3599/5446/6089 3600/5444/6087 3589/5441/6085 3680/5520/6156
f 3680/5520/6156 3589/5441/6085 3590/5440/6083 3681/5521/6157
f 3681/5522/6157 3590/5438/6083 3591/5435/6080 3682/5523/6158
f 3591/5435/6080 3592/5427/6074 3593/5426/6073 3682/5523/6158
f 3682/5523/6158 3593/5426/6073 3594/5429/6076 3683/5524/6159
f 3683/5525/6159 3594/5433/6076 3595/5432/6078 3684/5526/6160
f 3595/5432/6078 3596/5434/6079 3597/5452/6094 3684/5526/6160
f 3684/5526/6160 3597/5452/6094 3598/5451/6092 3685/5527/6161
f 3685/5528/6161 3598/5449/6092 3599/5446/6089 3680/5520/6156
f 3685/5528/6161 3680/5520/6156 3681/5521/6157 3686/5529/6162
f 3681/5522/6157 3682/5523/6158 3683/5524/6159 3686/5530/6162
f 3683/5525/6159 3684/5526/6160 3685/5527/6161 3686/5531/6162
f 3611/5422/6070 3612/5424/6071 3601/5462/6103 3687/5532/6163
f 3687/5532/6163 3601/5462/6103 3602/5460/6101 3688/5533/6164
f 3688/5533/6164 3602/5460/6101 3603/5457/6098 3689/5534/6165
f 3603/5457/6098 3604/5456/6097 3605/5470/6110 3689/5534/6165
f 3689/5534/6165 3605/5470/6110 3606/5469/6108 3690/5535/6166
f 3690/5536/6166 3606/5467/6108 3607/5465/6106 3691/5537/6167
f 3607/5465/6106 3608/5417/6066 3609/5416/6065 3691/5537/6167
f 3691/5537/6167 3609/5416/6065 3610/5419/6068 3692/5538/6168
f 3692/5539/6168 3610/5423/6068 3611/5422/6070 3687/5532/6163
f 3692/5539/6168 3687/5532/6163 3688/5533/6164 3693/5540/6169
f 3688/5533/6164 3689/5534/6165 3690/5535/6166 3693/5540/6169
f 3690/5536/6166 3691/5537/6167 3692/5538/6168 3693/5541/6169
f 3623/5471/6111 3624/5473/6112 3613/5479/6118 3694/5542/6170
f 3694/5542/6170 3613/5479/6118 3614/5477/6116 3695/5543/6171
f 3695/5543/6171 3614/5477/6116 3615/5474/6113 3696/5544/6172
f 3615/5474/6113 3616/5448/6091 3617/5447/6090 3696/5544/6172
f 3696/5544/6172 3617/5447/6090 3618/5450/6093 3697/5545/6173
f 3697/5546/6173 3618/5454/6093 3619/5453/6095 3698/5547/6174
f 3619/5453/6095 3620/5455/6096 3621/5466/6107 3698/5547/6174
f 3698/5547/6174 3621/5466/6107 3622/5468/6109 3699/5548/6175
f 3699/5549/6175 3622/5472/6109 3623/5471/6111 3694/5542/6170
f 3699/5549/6175 3694/5542/6170 3695/5543/6171 3700/5550/6176
f 3695/5543/6171 3696/5544/6172 3697/5545/6173 3700/5550/6176
f 3697/5546/6173 3698/5547/6174 3699/5548/6175 3700/5551/6176
f 3635/5490/6129 3636/5488/6127 3625/5486/6125 3701/5552/6177
f 3701/5552/6177 3625/5486/6125 3626/5484/6123 3702/5553/6178
f 3702/5553/6178 3626/5484/6123 3627/5482/6121 3703/5554/6179
f 3627/5482/6121 3628/5407/6056 3629/5406/6055 3703/5554/6179
f 3703/5554/6179 3629/5406/6055 3630/5409/6058 3704/5555/6180
f 3704/5555/6180 3630/5409/6058 3631/5411/6060 3705/5556/6181
f 3631/5411/6060 3632/5413/6062 3633/5495/6134 3705/5556/6181
f 3705/5556/6181 3633/5495/6134 3634/5493/6132 3706/5557/6182
f 3706/5557/6182 3634/5493/6132 3635/5490/6129 3701/5552/6177
f 3706/5557/6182 3701/5552/6177 3702/5553/6178 3707/5558/6183
f 3702/5553/6178 3703/5554/6179 3704/5555/6180 3707/5558/6183
f 3704/5555/6180 3705/5556/6181 3706/5557/6182 3707/5558/6183
f 3647/5442/6086 3648/5445/6088 3637/5502/6141 3708/5559/6184
f 3708/5559/6184 3637/5502/6141 3638/5500/6139 3709/5560/6185
f 3709/5560/6185 3638/5500/6139 3639/5497/6136 3710/5561/6186
f 3639/5497/6136 3640/5492/6131 3641/5491/6130 3710/5561/6186
f 3710/5561/6186 3641/5491/6130 3642/5494/6133 3711/5562/6187
f 3711/5562/6187 3642/5494/6133 3643/5496/6135 3712/5563/6188
f 3643/5496/6135 3644/5437/6082 3645/5436/6081 3712/5563/6188
f 3712/5563/6188 3645/5436/6081 3646/5439/6084 3713/5564/6189
f 3713/5565/6189 3646/5443/6084 3647/5442/6086 3708/5559/6184
f 3713/5565/6189 3708/5559/6184 3709/5560/6185 3714/5566/6190
f 3709/5560/6185 3710/5561/6186 3711/5562/6187 3714/5566/6190
f 3711/5562/6187 3712/5563/6188 3713/5564/6189 3714/5566/6190
f 3659/5480/6119 3660/5481/6120 3649/5508/6147 3715/5567/6191
f 3715/5567/6191 3649/5508/6147 3650/5506/6145 3716/5568/6192
f 3716/5568/6192 3650/5506/6145 3651/5504/6143 3717/5569/6193
f 3651/5504/6143 3652/5499/6138 3653/5498/6137 3717/5569/6193
f 3717/5569/6193 3653/5498/6137 3654/5501/6140 3718/5570/6194
f 3718/5570/6194 3654/5501/6140 3655/5503/6142 3719/5571/6195
f 3655/5503/6142 3656/5476/6115 3657/5475/6114 3719/5571/6195
f 3719/5571/6195 3657/5475/6114 3658/5478/6117 3720/5572/6196
f 3720/5572/6196 3658/5478/6117 3659/5480/6119 3715/5567/6191
f 3720/5572/6196 3715/5567/6191 3716/5568/6192 3721/5573/6197
f 3716/5568/6192 3717/5569/6193 3718/5570/6194 3721/5573/6197
f 3718/5570/6194 3719/5571/6195 3720/5572/6196 3721/5573/6197
f 3671/5463/6104 3672/5464/6105 3661/5483/6122 3722/5574/6198
f 3722/5574/6198 3661/5483/6122 3662/5485/6124 3723/5575/6199
f 3723/5575/6199 3662/5485/6124 3663/5487/6126 3724/5576/6200
f 3663/5487/6126 3664/5489/6128 3665/5505/6144 3724/5576/6200
f 3724/5576/6200 3665/5505/6144 3666/5507/6146 3725/5577/6201
f 3725/5577/6201 3666/5507/6146 3667/5509/6148 3726/5578/6202
f 3667/5509/6148 3668/5459/6100 3669/5458/6099 3726/5578/6202
f 3726/5578/6202 3669/5458/6099 3670/5461/6102 3727/5579/6203
f 3727/5579/6203 3670/5461/6102 3671/5463/6104 3722/5574/6198
f 3727/5579/6203 3722/5574/6198 3723/5575/6199 3728/5580/6204
f 3723/5575/6199 3724/5576/6200 3725/5577/6201 3728/5580/6204
f 3725/5577/6201 3726/5578/6202 3727/5579/6203 3728/5580/6204
s off
f 3738/5581/6205 3731/5582/6206 3732/5583/6207 3784/5584/6208
f 3740/5585/6209 3735/5586/6210 3736/5587/6211 3786/5588/6212
f 3739/5589/6213 3743/5590/6214 3748/5591/6215 3787/5592/6216
f 3744/5593/6217 3735/5594/6218 3740/5595/6219 3788/5596/6220
f 3753/5597/6221 3752/5598/6222 3756/5599/6223 3790/5600/6224
f 3755/5601/6225 3754/5602/6226 3759/5603/6227 3791/5604/6228
f 3761/5605/6229 3760/5606/6230 3764/5607/6231 3792/5608/6232
f 3766/5609/6233 3765/5610/6234 3769/5611/6235 3793/5612/6236
f 3756/5599/6237 3752/5598/6238 3771/5613/6239 3794/5614/6240
f 3773/5615/6241 3772/5616/6242 3776/5617/6243 3795/5618/6244
f 3778/5619/6245 3777/5620/6246 3781/5621/6247 3796/5622/6248
f 3732/5583/6249 3731/5582/6250 3747/5623/6251 3797/5624/6252
f 3770/5625/6253 3741/5626/6254 3745/5627/6255 3798/5628/6256
f 3781/5629/6257 3777/5630/6258 3776/5631/6259 3799/5632/6260
f 3736/5587/6261 3735/5586/6262 3744/5633/6263 3800/5634/6264
f 3732/5583/6265 3754/5602/6266 3755/5601/6267 3784/5584/6268
f 3755/5601/6269 3783/5635/6270 3734/5636/6271 3784/5584/6272
f 3734/5636/6273 3733/5637/6274 3738/5581/6275 3784/5584/6276
f 3736/5587/6277 3757/5638/6278 3758/5639/6279 3786/5588/6280
f 3758/5639/6281 3785/5640/6282 3730/5641/6283 3786/5588/6284
f 3730/5641/6285 3729/5642/6286 3740/5585/6287 3786/5588/6288
f 3748/5591/6289 3746/5643/6290 3747/5623/6291 3787/5592/6292
f 3747/5623/6293 3731/5582/6294 3738/5644/6295 3787/5592/6296
f 3738/5644/6297 3733/5645/6298 3739/5589/6299 3787/5592/6300
f 3740/5595/6301 3729/5646/6302 3737/5647/6303 3788/5596/6304
f 3737/5647/6305 3746/5643/6306 3748/5591/6307 3788/5596/6308
f 3748/5591/6309 3743/5590/6310 3744/5593/6311 3788/5596/6312
f 3756/5599/6313 3789/5648/6314 3742/5649/6315 3790/5600/6316
f 3742/5649/6317 3741/5650/6318 3751/5651/6319 3790/5600/6320
f 3751/5651/6321 3750/5652/6322 3753/5597/6323 3790/5600/6324
f 3759/5603/6325 3760/5606/6326 3761/5605/6327 3791/5604/6328
f 3761/5605/6329 3762/5653/6330 3763/5654/6331 3791/5604/6332
f 3763/5654/6333 3783/5635/6334 3755/5601/6335 3791/5604/6336
f 3764/5607/6337 3765/5610/6338 3766/5655/6339 3792/5608/6340
f 3766/5655/6341 3767/5656/6342 3768/5657/6343 3792/5608/6344
f 3768/5657/6345 3762/5653/6346 3761/5605/6347 3792/5608/6348
f 3769/5611/6349 3750/5652/6350 3751/5651/6351 3793/5612/6352
f 3751/5651/6353 3741/5650/6354 3770/5658/6355 3793/5612/6356
f 3770/5658/6357 3767/5659/6358 3766/5609/6359 3793/5612/6360
f 3771/5613/6361 3772/5660/6362 3773/5661/6363 3794/5614/6364
f 3773/5661/6365 3774/5662/6366 3775/5663/6367 3794/5614/6368
f 3775/5663/6369 3789/5648/6370 3756/5599/6371 3794/5614/6372
f 3776/5617/6373 3777/5620/6374 3778/5619/6375 3795/5618/6376
f 3778/5619/6377 3779/5664/6378 3780/5665/6379 3795/5618/6380
f 3780/5665/6381 3774/5666/6382 3773/5615/6383 3795/5618/6384
f 3781/5621/6385 3785/5640/6386 3758/5639/6387 3796/5622/6388
f 3758/5639/6389 3757/5638/6390 3782/5667/6391 3796/5622/6392
f 3782/5667/6393 3779/5664/6394 3778/5619/6395 3796/5622/6396
f 3747/5623/6397 3746/5643/6398 3749/5668/6399 3797/5624/6400
f 3749/5668/6401 3750/5652/6402 3769/5611/6403 3797/5624/6404
f 3769/5611/6405 3765/5610/6406 3764/5607/6407 3797/5624/6408
f 3764/5607/6409 3760/5606/6410 3759/5603/6411 3797/5624/6412
f 3759/5603/6413 3754/5602/6414 3732/5583/6415 3797/5624/6416
f 3745/5627/6417 3743/5669/6418 3739/5670/6419 3798/5628/6420
f 3739/5670/6421 3733/5637/6422 3734/5636/6423 3798/5628/6424
f 3734/5636/6425 3783/5635/6426 3763/5654/6427 3798/5628/6428
f 3763/5654/6429 3762/5653/6430 3768/5657/6431 3798/5628/6432
f 3768/5657/6433 3767/5656/6434 3770/5625/6435 3798/5628/6436
f 3776/5631/6437 3772/5660/6438 3771/5613/6439 3799/5632/6440
f 3771/5613/6441 3752/5598/6442 3753/5597/6443 3799/5632/6444
f 3753/5597/6445 3750/5652/6446 3749/5668/6447 3799/5632/6448
f 3749/5668/6449 3746/5643/6450 3737/5647/6451 3799/5632/6452
f 3737/5647/6453 3729/5646/6454 3730/5671/6455 3799/5632/6456
f 3730/5671/6457 3785/5672/6458 3781/5629/6459 3799/5632/6460
f 3744/5633/6461 3743/5669/6462 3745/5627/6463 3800/5634/6464
f 3745/5627/6465 3741/5626/6466 3742/5673/6467 3800/5634/6468
f 3742/5673/6469 3789/5674/6470 3775/5675/6471 3800/5634/6472
f 3775/5675/6473 3774/5666/6474 3780/5665/6475 3800/5634/6476
f 3780/5665/6477 3779/5664/6478 3782/5667/6479 3800/5634/6480
f 3782/5667/6481 3757/5638/6482 3736/5587/6483 3800/5634/6484
