# This file uses meters as units for non-parametric coordinates.

mtllib side_table.mtl
g default
v 13.219128 71.330490 0.641541
v 13.219128 71.316223 0.731583
v 13.219128 70.354935 0.324554
v 13.219128 70.542023 -0.042618
v 13.219128 70.833420 -0.334030
v 13.219189 71.200607 -0.521103
v 13.219128 71.607620 -0.585571
v 13.219128 72.014648 -0.521103
v 13.219189 72.381821 -0.334015
v 13.219128 72.673218 -0.042618
v 13.219128 72.860306 0.324570
v 13.219128 72.924774 0.731583
v 13.219128 72.860306 1.138611
v 13.219128 72.673218 1.505783
v 13.219189 72.381821 1.797180
v 13.219128 72.014648 1.984268
v 13.219128 71.607620 2.048737
v 13.219128 71.200607 1.984268
v 13.219128 70.833420 1.797180
v 13.219128 70.542023 1.505783
v 13.219189 70.354935 1.138611
v 13.219189 70.290466 0.731583
v 13.255077 70.174400 0.265900
v 13.255138 70.388451 -0.154205
v 13.255077 70.721840 -0.487595
v 13.255077 71.141937 -0.701645
v 13.255077 71.607620 -0.775406
v 13.255077 72.073303 -0.701645
v 13.255077 72.493408 -0.487595
v 13.255077 72.826797 -0.154205
v 13.255077 73.040848 0.265900
v 13.255077 73.114609 0.731583
v 13.255077 73.040848 1.197266
v 13.255077 72.826797 1.617371
v 13.255077 72.493408 1.950760
v 13.255077 72.073303 2.164810
v 13.255077 71.607620 2.238571
v 13.255077 71.141937 2.164810
v 13.255077 70.721840 1.950760
v 13.255077 70.388451 1.617371
v 13.255077 70.174400 1.197266
v 13.255138 70.100639 0.731583
v 13.255077 70.029144 0.218704
v 13.255077 70.264893 -0.243973
v 13.255077 70.632072 -0.611160
v 13.255077 71.094742 -0.846893
v 13.255077 71.607620 -0.928131
v 13.255077 72.120499 -0.846893
v 13.255077 72.583176 -0.611160
v 13.255077 72.950356 -0.243973
v 13.255138 73.186096 0.218704
v 13.255138 73.267334 0.731583
v 13.255138 73.186096 1.244461
v 13.255138 72.950356 1.707138
v 13.255077 72.583176 2.074326
v 13.255077 72.120499 2.310059
v 13.255077 71.607620 2.391281
v 13.255077 71.094749 2.310059
v 13.255138 70.632072 2.074310
v 13.255077 70.264893 1.707138
v 13.255077 70.029144 1.244461
v 13.255077 69.947914 0.731583
v 13.362194 69.922760 0.184128
v 13.362133 70.174393 -0.309723
v 13.362194 70.566330 -0.701645
v 13.362194 71.060181 -0.953293
v 13.362133 71.607620 -1.039993
v 13.362133 72.155060 -0.953278
v 13.362133 72.648926 -0.701645
v 13.362133 73.040848 -0.309708
v 13.362133 73.292480 0.184143
v 13.362194 73.379181 0.731583
v 13.362133 73.292480 1.279022
v 13.362194 73.040848 1.772873
v 13.362133 72.648926 2.164810
v 13.362133 72.155060 2.416443
v 13.362133 71.607620 2.503143
v 13.362194 71.060181 2.416443
v 13.362133 70.566330 2.164810
v 13.362133 70.174393 1.772888
v 13.362194 69.922760 1.279037
v 13.362133 69.836060 0.731583
v 13.491649 69.857864 0.163040
v 13.491649 70.119194 -0.349838
v 13.491588 70.526215 -0.756851
v 13.491588 71.039093 -1.018173
v 13.491649 71.607620 -1.108231
v 13.491649 72.176147 -1.018173
v 13.491649 72.689026 -0.756851
v 13.491649 73.096054 -0.349808
v 13.491649 73.357376 0.163055
v 13.491649 73.447418 0.731583
v 13.491649 73.357376 1.300110
v 13.491649 73.096054 1.812988
v 13.491649 72.689026 2.220016
v 13.491649 72.176147 2.481339
v 13.491649 71.607620 2.571381
v 13.491649 71.039093 2.481339
v 13.491649 70.526215 2.220016
v 13.491588 70.119194 1.812988
v 13.491649 69.857864 1.300110
v 13.491649 69.767822 0.731583
v 13.680065 69.836060 0.155960
v 13.680004 70.100639 -0.363297
v 13.680065 70.512733 -0.775391
v 13.680065 71.032005 -1.039978
v 13.680065 71.607620 -1.131149
v 13.680004 72.183243 -1.039993
v 13.680004 72.702507 -0.775406
v 13.680004 73.114609 -0.363297
v 13.680065 73.379189 0.155975
v 13.680065 73.470360 0.731583
v 13.680065 73.379189 1.307205
v 13.680004 73.114609 1.826462
v 13.680065 72.702507 2.238571
v 13.680004 72.183243 2.503159
v 13.680065 71.607620 2.594315
v 13.680004 71.032005 2.503143
v 13.680004 70.512733 2.238571
v 13.680065 70.100639 1.826462
v 13.680065 69.836060 1.307205
v 13.680065 69.744888 0.731583
v 13.868420 69.857872 0.163040
v 13.868420 70.119194 -0.349838
v 13.868420 70.526215 -0.756851
v 13.868420 71.039093 -1.018173
v 13.868420 71.607620 -1.108231
v 13.868481 72.176155 -1.018173
v 13.868481 72.689034 -0.756851
v 13.868420 73.096054 -0.349808
v 13.868420 73.357376 0.163055
v 13.868420 73.447426 0.731583
v 13.868420 73.357376 1.300110
v 13.868420 73.096054 1.812988
v 13.868420 72.689034 2.220016
v 13.868420 72.176155 2.481339
v 13.868420 71.607620 2.571381
v 13.868420 71.039093 2.481339
v 13.868420 70.526215 2.220016
v 13.868420 70.119194 1.812988
v 13.868481 69.857872 1.300110
v 13.868481 69.767822 0.731583
v 14.052196 69.922768 0.184128
v 14.052196 70.174400 -0.309723
v 14.052196 70.566322 -0.701645
v 14.052196 71.060181 -0.953293
v 14.052196 71.607620 -1.039993
v 14.052196 72.155067 -0.953278
v 14.052196 72.648926 -0.701645
v 14.052196 73.040848 -0.309708
v 14.052196 73.292480 0.184143
v 14.052196 73.379189 0.731583
v 14.052196 73.292480 1.279022
v 14.052196 73.040848 1.772873
v 14.052135 72.648926 2.164810
v 14.052196 72.155067 2.416443
v 14.052196 71.607620 2.503143
v 14.052196 71.060181 2.416443
v 14.052196 70.566322 2.164810
v 14.052196 70.174400 1.772888
v 14.052196 69.922768 1.279037
v 14.052196 69.836060 0.731583
v 14.226757 70.029144 0.218704
v 14.226818 70.264893 -0.243973
v 14.226757 70.632072 -0.611160
v 14.226818 71.094742 -0.846893
v 14.226818 71.607620 -0.928131
v 14.226818 72.120499 -0.846893
v 14.226818 72.583176 -0.611160
v 14.226757 72.950356 -0.243973
v 14.226818 73.186096 0.218704
v 14.226818 73.267334 0.731583
v 14.226818 73.186096 1.244461
v 14.226818 72.950356 1.707138
v 14.226757 72.583176 2.074326
v 14.226757 72.120499 2.310059
v 14.226818 71.607620 2.391281
v 14.226818 71.094742 2.310059
v 14.226818 70.632072 2.074310
v 14.226757 70.264893 1.707138
v 14.226818 70.029144 1.244461
v 14.226818 69.947914 0.731583
v 14.387951 70.174393 0.265900
v 14.387951 70.388451 -0.154205
v 14.387951 70.721840 -0.487595
v 14.387890 71.141937 -0.701645
v 14.387951 71.607620 -0.775406
v 14.387951 72.073303 -0.701645
v 14.387890 72.493408 -0.487595
v 14.387890 72.826797 -0.154205
v 14.387890 73.040848 0.265900
v 14.387890 73.114609 0.731583
v 14.387890 73.040848 1.197266
v 14.387890 72.826797 1.617371
v 14.387890 72.493408 1.950760
v 14.387951 72.073303 2.164810
v 14.387951 71.607620 2.238571
v 14.387951 71.141937 2.164810
v 14.387890 70.721840 1.950760
v 14.387951 70.388451 1.617371
v 14.387890 70.174400 1.197266
v 14.387951 70.100639 0.731583
v 14.531628 70.354935 0.324554
v 14.531628 70.542023 -0.042618
v 14.531628 70.833420 -0.334030
v 14.531628 71.200600 -0.521103
v 14.531628 71.607620 -0.585571
v 14.531628 72.014648 -0.521103
v 14.531628 72.381828 -0.334015
v 14.531628 72.673218 -0.042618
v 14.531628 72.860306 0.324570
v 14.531628 72.924774 0.731583
v 14.531628 72.860306 1.138611
v 14.531628 72.673218 1.505783
v 14.531628 72.381828 1.797180
v 14.531628 72.014648 1.984268
v 14.531628 71.607620 2.048737
v 14.531628 71.200600 1.984268
v 14.531628 70.833420 1.797180
v 14.531628 70.542023 1.505783
v 14.531628 70.354935 1.138611
v 14.531628 70.290474 0.731583
v 14.654369 70.566322 0.393250
v 14.654369 70.721840 0.088028
v 14.654369 70.964066 -0.154205
v 14.654369 71.269287 -0.309708
v 14.654369 71.607620 -0.363312
v 14.654369 71.945961 -0.309723
v 14.654308 72.251183 -0.154205
v 14.654308 72.493408 0.088028
v 14.654308 72.648926 0.393250
v 14.654308 72.702515 0.731583
v 14.654308 72.648926 1.069916
v 14.654308 72.493408 1.375137
v 14.654369 72.251183 1.617371
v 14.654369 71.945961 1.772873
v 14.654369 71.607620 1.826477
v 14.654369 71.269287 1.772873
v 14.654369 70.964066 1.617355
v 14.654308 70.721840 1.375137
v 14.654308 70.566322 1.069916
v 14.654369 70.512733 0.731583
v 14.753063 70.803345 0.470261
v 14.753124 70.923470 0.234512
v 14.753124 71.110558 0.047424
v 14.753124 71.346298 -0.072693
v 14.753124 71.607620 -0.114090
v 14.753063 71.868950 -0.072693
v 14.753124 72.104691 0.047440
v 14.753063 72.291779 0.234512
v 14.753124 72.411896 0.470261
v 14.753124 72.453285 0.731583
v 14.753124 72.411896 0.992905
v 14.753063 72.291779 1.228653
v 14.753124 72.104691 1.415741
v 14.753124 71.868950 1.535843
v 14.753124 71.607620 1.577240
v 14.753063 71.346298 1.535858
v 14.753063 71.110558 1.415741
v 14.753063 70.923470 1.228653
v 14.753124 70.803352 0.992905
v 14.753124 70.761963 0.731583
v 14.825390 71.060181 0.553696
v 14.825390 71.141937 0.393250
v 14.825451 71.269287 0.265900
v 14.825390 71.429749 0.184128
v 14.825451 71.607620 0.155960
v 14.825451 71.785500 0.184128
v 14.825390 71.945961 0.265900
v 14.825451 72.073303 0.393234
v 14.825390 72.155067 0.553711
v 14.825390 72.183243 0.731583
v 14.825390 72.155067 0.909454
v 14.825451 72.073303 1.069916
v 14.825390 71.945961 1.197266
v 14.825451 71.785500 1.279022
v 14.825451 71.607620 1.307205
v 14.825390 71.429749 1.279022
v 14.825451 71.269287 1.197266
v 14.825451 71.141937 1.069916
v 14.825451 71.060181 0.909454
v 14.825390 71.032005 0.731583
v 14.869518 71.330490 0.641541
v 14.869518 71.371880 0.560303
v 14.869579 71.436348 0.495834
v 14.869579 71.517578 0.454453
v 14.869518 71.607620 0.440186
v 14.869518 71.697670 0.454453
v 14.869518 71.778900 0.495834
v 14.869518 71.843369 0.560303
v 14.869518 71.884758 0.641541
v 14.869579 71.899017 0.731583
v 14.869518 71.884758 0.821625
v 14.869518 71.843369 0.902863
v 14.869518 71.778900 0.967331
v 14.869518 71.697670 1.008713
v 14.869518 71.607620 1.022980
v 14.869579 71.517578 1.008713
v 14.869579 71.436348 0.967331
v 14.869518 71.371880 0.902863
v 14.869518 71.330490 0.821625
v 14.869518 71.316223 0.731583
v 13.219128 71.607620 0.731583
v 14.884350 71.607620 0.731583
v 12.099193 71.330490 0.641541
v 12.099193 71.371864 0.560318
v 12.099254 71.141922 0.393250
v 12.099254 71.060165 0.553711
v 12.099254 71.436348 0.495834
v 12.099193 71.269272 0.265900
v 12.099254 71.517586 0.454453
v 12.099254 71.429733 0.184143
v 12.099254 71.607613 0.440201
v 12.099254 71.607620 0.155975
v 12.099193 71.697670 0.454453
v 12.099193 71.785477 0.184143
v 12.099193 71.778908 0.495834
v 12.099254 71.945969 0.265900
v 12.099254 71.843361 0.560303
v 12.099193 72.073288 0.393250
v 12.099254 71.884750 0.641541
v 12.099254 72.155075 0.553711
v 12.099193 71.899002 0.731583
v 12.099254 72.183243 0.731583
v 12.099254 71.884750 0.821625
v 12.099254 72.155090 0.909454
v 12.099254 71.843369 0.902863
v 12.099193 72.073303 1.069916
v 12.099193 71.778885 0.967316
v 12.099254 71.945984 1.197266
v 12.099193 71.697647 1.008713
v 12.099193 71.785492 1.279022
v 12.099254 71.607620 1.022980
v 12.099254 71.607635 1.307205
v 12.099254 71.517563 1.008713
v 12.099254 71.429749 1.279037
v 12.099254 71.436325 0.967331
v 12.099193 71.269287 1.197266
v 12.099193 71.371872 0.902847
v 12.099254 71.141937 1.069916
v 12.099193 71.330490 0.821625
v 12.099193 71.060181 0.909454
v 12.099193 71.316208 0.731583
v 12.099193 71.031998 0.731583
v 12.099254 70.923462 0.234512
v 12.099193 70.803345 0.470261
v 12.099193 71.110558 0.047424
v 12.099254 71.346306 -0.072693
v 12.099254 71.607628 -0.114090
v 12.099193 71.868950 -0.072693
v 12.099254 72.104706 0.047424
v 12.099254 72.291779 0.234512
v 12.099254 72.411896 0.470261
v 12.099254 72.453308 0.731583
v 12.099254 72.411896 0.992905
v 12.099254 72.291779 1.228653
v 12.099254 72.104706 1.415741
v 12.099193 71.868958 1.535858
v 12.099254 71.607635 1.577240
v 12.099254 71.346313 1.535858
v 12.099254 71.110565 1.415741
v 12.099193 70.923462 1.228653
v 12.099254 70.803345 0.992905
v 12.099254 70.761963 0.731583
v 12.099193 70.721840 0.088028
v 12.099193 70.566299 0.393234
v 12.099193 70.964058 -0.154190
v 12.099193 71.269295 -0.309723
v 12.099254 71.607613 -0.363297
v 12.099254 71.945961 -0.309708
v 12.099254 72.251198 -0.154205
v 12.099193 72.493416 0.088013
v 12.099193 72.648911 0.393250
v 12.099193 72.702499 0.731583
v 12.099193 72.648918 1.069916
v 12.099193 72.493401 1.375137
v 12.099254 72.251183 1.617371
v 12.099254 71.945976 1.772888
v 12.099254 71.607628 1.826462
v 12.099193 71.269279 1.772873
v 12.099254 70.964073 1.617355
v 12.099254 70.721855 1.375137
v 12.099254 70.566330 1.069916
v 12.099254 70.512741 0.731583
v 12.099193 70.542030 -0.042618
v 12.099254 70.354935 0.324554
v 12.099193 70.833412 -0.334030
v 12.099193 71.200600 -0.521103
v 12.099254 71.607613 -0.585571
v 12.099254 72.014656 -0.521103
v 12.099254 72.381813 -0.334030
v 12.099254 72.673203 -0.042618
v 12.099254 72.860306 0.324570
v 12.099193 72.924774 0.731583
v 12.099254 72.860321 1.138596
v 12.099193 72.673218 1.505783
v 12.099254 72.381813 1.797180
v 12.099254 72.014656 1.984268
v 12.099254 71.607613 2.048737
v 12.099254 71.200600 1.984268
v 12.099193 70.833412 1.797180
v 12.099254 70.542023 1.505783
v 12.099193 70.354950 1.138611
v 12.099193 70.290451 0.731583
v 12.099193 71.607613 0.731583
v 11.223888 63.187683 -18.983414
v 11.223888 79.426071 -18.983414
v 11.223888 79.426071 19.458420
v 11.223888 63.187683 19.458420
v 13.132885 79.426071 -18.983414
v 13.132885 63.187683 -18.983414
v 13.132885 79.426071 19.458420
v 13.132885 63.187683 19.458420
v 13.132885 79.157623 -18.347900
v 13.132885 63.456108 -18.347900
v 13.132885 79.157623 18.822906
v 13.132885 63.456108 18.822906
v 12.247753 78.058823 -17.096062
v 12.247753 64.554924 -17.096062
v 12.247753 78.058823 17.571075
v 12.247753 64.554924 17.571075
v 11.223888 79.426071 -17.130585
v 11.223888 63.187683 -17.130585
v 13.132885 63.187683 -17.130585
v 13.132885 63.456108 -16.556381
v 12.247753 64.554924 -15.425201
v 12.247753 78.058823 -15.425201
v 13.132885 79.157623 -16.556381
v 13.132885 79.426071 -17.130585
v 11.223888 79.426071 17.605621
v 11.223888 63.187683 17.605621
v 13.132885 63.187683 17.605621
v 13.132885 63.456108 17.031372
v 12.247753 64.554924 15.900192
v 12.247753 78.058823 15.900192
v 13.132885 79.157623 17.031372
v 13.132885 79.426071 17.605621
v 11.223888 64.576027 17.605621
v 11.223888 64.576027 19.458420
v 13.132885 64.576027 19.458420
v 13.132885 64.798569 18.822906
v 12.247753 65.709480 17.571075
v 12.247753 65.709480 15.900192
v 12.247753 65.709480 -15.425201
v 12.247753 65.709480 -17.096062
v 13.132885 64.798569 -18.347900
v 13.132885 64.576027 -18.983414
v 11.223888 64.576027 -18.983414
v 11.223888 64.576027 -17.130577
v 11.223888 78.037704 17.605621
v 11.223888 78.037704 19.458420
v 13.132885 78.037704 19.458420
v 13.132885 77.815178 18.822906
v 12.247753 76.904236 17.571075
v 12.247753 76.904236 15.900192
v 12.247753 76.904236 -15.425201
v 12.247753 76.904236 -17.096062
v 13.132885 77.815178 -18.347900
v 13.132885 78.037704 -18.983414
v 11.223888 78.037704 -18.983414
v 11.223888 78.037704 -17.130577
v -9.543873 64.576027 -17.130577
v -9.543873 64.576027 17.605621
v -9.543873 78.037704 17.605621
v -9.543873 78.037704 -17.130577
v 10.312023 78.037704 -15.605392
v 10.312023 78.037704 16.080414
v -8.632008 78.037704 -15.605392
v -8.632008 78.037704 16.080414
v 10.312023 66.414917 -15.605392
v 10.312023 66.414917 16.080414
v -8.632008 66.414917 -15.605392
v -8.632008 66.414917 16.080414
vt 0.000000 0.050000
vt 0.050000 0.050000
vt 0.100000 0.050000
vt 0.150000 0.050000
vt 0.200000 0.050000
vt 0.250000 0.050000
vt 0.300000 0.050000
vt 0.350000 0.050000
vt 0.400000 0.050000
vt 0.450000 0.050000
vt 0.500000 0.050000
vt 0.550000 0.050000
vt 0.600000 0.050000
vt 0.650000 0.050000
vt 0.700000 0.050000
vt 0.750000 0.050000
vt 0.800000 0.050000
vt 0.850000 0.050000
vt 0.900000 0.050000
vt 0.950000 0.050000
vt 1.000000 0.050000
vt 0.000000 0.100000
vt 0.050000 0.100000
vt 0.100000 0.100000
vt 0.150000 0.100000
vt 0.200000 0.100000
vt 0.250000 0.100000
vt 0.300000 0.100000
vt 0.350000 0.100000
vt 0.400000 0.100000
vt 0.450000 0.100000
vt 0.500000 0.100000
vt 0.550000 0.100000
vt 0.600000 0.100000
vt 0.650000 0.100000
vt 0.700000 0.100000
vt 0.750000 0.100000
vt 0.800000 0.100000
vt 0.850000 0.100000
vt 0.900000 0.100000
vt 0.950000 0.100000
vt 1.000000 0.100000
vt 0.000000 0.150000
vt 0.050000 0.150000
vt 0.100000 0.150000
vt 0.150000 0.150000
vt 0.200000 0.150000
vt 0.250000 0.150000
vt 0.300000 0.150000
vt 0.350000 0.150000
vt 0.400000 0.150000
vt 0.450000 0.150000
vt 0.500000 0.150000
vt 0.550000 0.150000
vt 0.600000 0.150000
vt 0.650000 0.150000
vt 0.700000 0.150000
vt 0.750000 0.150000
vt 0.800000 0.150000
vt 0.850000 0.150000
vt 0.900000 0.150000
vt 0.950000 0.150000
vt 1.000000 0.150000
vt 0.000000 0.200000
vt 0.050000 0.200000
vt 0.100000 0.200000
vt 0.150000 0.200000
vt 0.200000 0.200000
vt 0.250000 0.200000
vt 0.300000 0.200000
vt 0.350000 0.200000
vt 0.400000 0.200000
vt 0.450000 0.200000
vt 0.500000 0.200000
vt 0.550000 0.200000
vt 0.600000 0.200000
vt 0.650000 0.200000
vt 0.700000 0.200000
vt 0.750000 0.200000
vt 0.800000 0.200000
vt 0.850000 0.200000
vt 0.900000 0.200000
vt 0.950000 0.200000
vt 1.000000 0.200000
vt 0.000000 0.250000
vt 0.050000 0.250000
vt 0.100000 0.250000
vt 0.150000 0.250000
vt 0.200000 0.250000
vt 0.250000 0.250000
vt 0.300000 0.250000
vt 0.350000 0.250000
vt 0.400000 0.250000
vt 0.450000 0.250000
vt 0.500000 0.250000
vt 0.550000 0.250000
vt 0.600000 0.250000
vt 0.650000 0.250000
vt 0.700000 0.250000
vt 0.750000 0.250000
vt 0.800000 0.250000
vt 0.850000 0.250000
vt 0.900000 0.250000
vt 0.950000 0.250000
vt 1.000000 0.250000
vt 0.000000 0.300000
vt 0.050000 0.300000
vt 0.100000 0.300000
vt 0.150000 0.300000
vt 0.200000 0.300000
vt 0.250000 0.300000
vt 0.300000 0.300000
vt 0.350000 0.300000
vt 0.400000 0.300000
vt 0.450000 0.300000
vt 0.500000 0.300000
vt 0.550000 0.300000
vt 0.600000 0.300000
vt 0.650000 0.300000
vt 0.700000 0.300000
vt 0.750000 0.300000
vt 0.800000 0.300000
vt 0.850000 0.300000
vt 0.900000 0.300000
vt 0.950000 0.300000
vt 1.000000 0.300000
vt 0.000000 0.350000
vt 0.050000 0.350000
vt 0.100000 0.350000
vt 0.150000 0.350000
vt 0.200000 0.350000
vt 0.250000 0.350000
vt 0.300000 0.350000
vt 0.350000 0.350000
vt 0.400000 0.350000
vt 0.450000 0.350000
vt 0.500000 0.350000
vt 0.550000 0.350000
vt 0.600000 0.350000
vt 0.650000 0.350000
vt 0.700000 0.350000
vt 0.750000 0.350000
vt 0.800000 0.350000
vt 0.850000 0.350000
vt 0.900000 0.350000
vt 0.950000 0.350000
vt 1.000000 0.350000
vt 0.000000 0.400000
vt 0.050000 0.400000
vt 0.100000 0.400000
vt 0.150000 0.400000
vt 0.200000 0.400000
vt 0.250000 0.400000
vt 0.300000 0.400000
vt 0.350000 0.400000
vt 0.400000 0.400000
vt 0.450000 0.400000
vt 0.500000 0.400000
vt 0.550000 0.400000
vt 0.600000 0.400000
vt 0.650000 0.400000
vt 0.700000 0.400000
vt 0.750000 0.400000
vt 0.800000 0.400000
vt 0.850000 0.400000
vt 0.900000 0.400000
vt 0.950000 0.400000
vt 1.000000 0.400000
vt 0.000000 0.450000
vt 0.050000 0.450000
vt 0.100000 0.450000
vt 0.150000 0.450000
vt 0.200000 0.450000
vt 0.250000 0.450000
vt 0.300000 0.450000
vt 0.350000 0.450000
vt 0.400000 0.450000
vt 0.450000 0.450000
vt 0.500000 0.450000
vt 0.550000 0.450000
vt 0.600000 0.450000
vt 0.650000 0.450000
vt 0.700000 0.450000
vt 0.750000 0.450000
vt 0.800000 0.450000
vt 0.850000 0.450000
vt 0.900000 0.450000
vt 0.950000 0.450000
vt 1.000000 0.450000
vt 0.000000 0.500000
vt 0.050000 0.500000
vt 0.100000 0.500000
vt 0.150000 0.500000
vt 0.200000 0.500000
vt 0.250000 0.500000
vt 0.300000 0.500000
vt 0.350000 0.500000
vt 0.400000 0.500000
vt 0.450000 0.500000
vt 0.500000 0.500000
vt 0.550000 0.500000
vt 0.600000 0.500000
vt 0.650000 0.500000
vt 0.700000 0.500000
vt 0.750000 0.500000
vt 0.800000 0.500000
vt 0.850000 0.500000
vt 0.900000 0.500000
vt 0.950000 0.500000
vt 1.000000 0.500000
vt 0.000000 0.550000
vt 0.050000 0.550000
vt 0.100000 0.550000
vt 0.150000 0.550000
vt 0.200000 0.550000
vt 0.250000 0.550000
vt 0.300000 0.550000
vt 0.350000 0.550000
vt 0.400000 0.550000
vt 0.450000 0.550000
vt 0.500000 0.550000
vt 0.550000 0.550000
vt 0.600000 0.550000
vt 0.650000 0.550000
vt 0.700000 0.550000
vt 0.750000 0.550000
vt 0.800000 0.550000
vt 0.850000 0.550000
vt 0.900000 0.550000
vt 0.950000 0.550000
vt 1.000000 0.550000
vt 0.000000 0.600000
vt 0.050000 0.600000
vt 0.100000 0.600000
vt 0.150000 0.600000
vt 0.200000 0.600000
vt 0.250000 0.600000
vt 0.300000 0.600000
vt 0.350000 0.600000
vt 0.400000 0.600000
vt 0.450000 0.600000
vt 0.500000 0.600000
vt 0.550000 0.600000
vt 0.600000 0.600000
vt 0.650000 0.600000
vt 0.700000 0.600000
vt 0.750000 0.600000
vt 0.800000 0.600000
vt 0.850000 0.600000
vt 0.900000 0.600000
vt 0.950000 0.600000
vt 1.000000 0.600000
vt 0.000000 0.650000
vt 0.050000 0.650000
vt 0.100000 0.650000
vt 0.150000 0.650000
vt 0.200000 0.650000
vt 0.250000 0.650000
vt 0.300000 0.650000
vt 0.350000 0.650000
vt 0.400000 0.650000
vt 0.450000 0.650000
vt 0.500000 0.650000
vt 0.550000 0.650000
vt 0.600000 0.650000
vt 0.650000 0.650000
vt 0.700000 0.650000
vt 0.750000 0.650000
vt 0.800000 0.650000
vt 0.850000 0.650000
vt 0.900000 0.650000
vt 0.950000 0.650000
vt 1.000000 0.650000
vt 0.000000 0.700000
vt 0.050000 0.700000
vt 0.100000 0.700000
vt 0.150000 0.700000
vt 0.200000 0.700000
vt 0.250000 0.700000
vt 0.300000 0.700000
vt 0.350000 0.700000
vt 0.400000 0.700000
vt 0.450000 0.700000
vt 0.500000 0.700000
vt 0.550000 0.700000
vt 0.600000 0.700000
vt 0.650000 0.700000
vt 0.700000 0.700000
vt 0.750000 0.700000
vt 0.800000 0.700000
vt 0.850000 0.700000
vt 0.900000 0.700000
vt 0.950000 0.700000
vt 1.000000 0.700000
vt 0.000000 0.750000
vt 0.050000 0.750000
vt 0.100000 0.750000
vt 0.150000 0.750000
vt 0.200000 0.750000
vt 0.250000 0.750000
vt 0.300000 0.750000
vt 0.350000 0.750000
vt 0.400000 0.750000
vt 0.450000 0.750000
vt 0.500000 0.750000
vt 0.550000 0.750000
vt 0.600000 0.750000
vt 0.650000 0.750000
vt 0.700000 0.750000
vt 0.750000 0.750000
vt 0.800000 0.750000
vt 0.850000 0.750000
vt 0.900000 0.750000
vt 0.950000 0.750000
vt 1.000000 0.750000
vt 0.000000 0.800000
vt 0.050000 0.800000
vt 0.100000 0.800000
vt 0.150000 0.800000
vt 0.200000 0.800000
vt 0.250000 0.800000
vt 0.300000 0.800000
vt 0.350000 0.800000
vt 0.400000 0.800000
vt 0.450000 0.800000
vt 0.500000 0.800000
vt 0.550000 0.800000
vt 0.600000 0.800000
vt 0.650000 0.800000
vt 0.700000 0.800000
vt 0.750000 0.800000
vt 0.800000 0.800000
vt 0.850000 0.800000
vt 0.900000 0.800000
vt 0.950000 0.800000
vt 1.000000 0.800000
vt 0.000000 0.850000
vt 0.050000 0.850000
vt 0.100000 0.850000
vt 0.150000 0.850000
vt 0.200000 0.850000
vt 0.250000 0.850000
vt 0.300000 0.850000
vt 0.350000 0.850000
vt 0.400000 0.850000
vt 0.450000 0.850000
vt 0.500000 0.850000
vt 0.550000 0.850000
vt 0.600000 0.850000
vt 0.650000 0.850000
vt 0.700000 0.850000
vt 0.750000 0.850000
vt 0.800000 0.850000
vt 0.850000 0.850000
vt 0.900000 0.850000
vt 0.950000 0.850000
vt 1.000000 0.850000
vt 0.000000 0.900000
vt 0.050000 0.900000
vt 0.100000 0.900000
vt 0.150000 0.900000
vt 0.200000 0.900000
vt 0.250000 0.900000
vt 0.300000 0.900000
vt 0.350000 0.900000
vt 0.400000 0.900000
vt 0.450000 0.900000
vt 0.500000 0.900000
vt 0.550000 0.900000
vt 0.600000 0.900000
vt 0.650000 0.900000
vt 0.700000 0.900000
vt 0.750000 0.900000
vt 0.800000 0.900000
vt 0.850000 0.900000
vt 0.900000 0.900000
vt 0.950000 0.900000
vt 1.000000 0.900000
vt 0.000000 0.950000
vt 0.050000 0.950000
vt 0.100000 0.950000
vt 0.150000 0.950000
vt 0.200000 0.950000
vt 0.250000 0.950000
vt 0.300000 0.950000
vt 0.350000 0.950000
vt 0.400000 0.950000
vt 0.450000 0.950000
vt 0.500000 0.950000
vt 0.550000 0.950000
vt 0.600000 0.950000
vt 0.650000 0.950000
vt 0.700000 0.950000
vt 0.750000 0.950000
vt 0.800000 0.950000
vt 0.850000 0.950000
vt 0.900000 0.950000
vt 0.950000 0.950000
vt 1.000000 0.950000
vt 0.025000 0.000000
vt 0.075000 0.000000
vt 0.125000 0.000000
vt 0.175000 0.000000
vt 0.225000 0.000000
vt 0.275000 0.000000
vt 0.325000 0.000000
vt 0.375000 0.000000
vt 0.425000 0.000000
vt 0.475000 0.000000
vt 0.525000 0.000000
vt 0.575000 0.000000
vt 0.625000 0.000000
vt 0.675000 0.000000
vt 0.725000 0.000000
vt 0.775000 0.000000
vt 0.825000 0.000000
vt 0.875000 0.000000
vt 0.925000 0.000000
vt 0.975000 0.000000
vt 0.025000 1.000000
vt 0.075000 1.000000
vt 0.125000 1.000000
vt 0.175000 1.000000
vt 0.225000 1.000000
vt 0.275000 1.000000
vt 0.325000 1.000000
vt 0.375000 1.000000
vt 0.425000 1.000000
vt 0.475000 1.000000
vt 0.525000 1.000000
vt 0.575000 1.000000
vt 0.625000 1.000000
vt 0.675000 1.000000
vt 0.725000 1.000000
vt 0.775000 1.000000
vt 0.825000 1.000000
vt 0.875000 1.000000
vt 0.925000 1.000000
vt 0.975000 1.000000
vt 0.950000 0.050000
vt 1.000000 0.050000
vt 0.050000 0.250000
vt 0.000000 0.250000
vt 0.100000 0.250000
vt 0.150000 0.250000
vt 0.200000 0.250000
vt 0.250000 0.250000
vt 0.300000 0.250000
vt 0.350000 0.250000
vt 0.400000 0.250000
vt 0.450000 0.250000
vt 0.500000 0.250000
vt 0.550000 0.250000
vt 0.600000 0.250000
vt 0.650000 0.250000
vt 0.700000 0.250000
vt 0.750000 0.250000
vt 0.800000 0.250000
vt 0.850000 0.250000
vt 0.900000 0.250000
vt 0.950000 0.250000
vt 1.000000 0.250000
vt 0.000000 0.050000
vt 0.025000 0.000000
vt 0.925000 0.000000
vt 0.541667 0.867284
vt 0.541667 0.867284
vt 0.541667 0.870370
vt 0.541667 0.870370
vt 0.541667 0.867284
vt 0.541667 0.870370
vt 0.541667 0.870370
vt 0.541667 0.867284
vt 0.541667 0.861111
vt 0.541667 0.861111
vt 0.541667 0.861111
vt 0.541667 0.861111
vt 0.541667 0.867284
vt 0.541667 0.867284
vt 0.541667 0.870370
vt 0.541667 0.870370
vt 0.541667 0.870370
vt 0.541667 0.870370
vt 0.541667 0.870370
vt 0.541667 0.867284
vt 0.541667 0.867284
vt 0.541667 0.870370
vt 0.541667 0.861111
vt 0.541667 0.861111
vt 0.541667 0.870370
vt 0.541667 0.867284
vt 0.541667 0.870370
vt 0.541667 0.867284
vt 0.541667 0.870370
vt 0.541667 0.861111
vt 0.541667 0.861111
vt 0.541667 0.867284
vt 0.541667 0.870370
vt 0.541667 0.861111
vt 0.541667 0.864198
vt 0.541667 0.864198
vt 0.541667 0.861111
vt 0.541667 0.864198
vt 0.541667 0.864198
vt 0.541667 0.861111
vt 0.541667 0.861111
vt 0.541667 0.864198
vt 0.541667 0.861111
vt 0.541667 0.864198
vt 0.541667 0.861111
vt 0.541667 0.864198
vt 0.541667 0.864198
vt 0.541667 0.864198
vt 0.541667 0.864198
vt 0.541667 0.864198
vt 0.541667 0.867284
vt 0.541667 0.870370
vt 0.541667 0.870370
vt 0.541667 0.867284
vt 0.541667 0.870370
vt 0.541667 0.870370
vt 0.541667 0.870370
vt 0.541667 0.870370
vt 0.541667 0.867284
vt 0.541667 0.864198
vt 0.541667 0.861111
vt 0.541667 0.861111
vt 0.541667 0.861111
vt 0.541667 0.861111
vt 0.541667 0.861111
vt 0.541667 0.864198
vt 0.541667 0.864198
vt 0.541667 0.861111
vt 0.541667 0.864198
vt 0.541667 0.867284
vt 0.541667 0.867284
vt 0.541667 0.864198
vt 0.541667 0.867284
vt 0.541667 0.864198
vt 0.541667 0.864198
vt 0.541667 0.867284
vt 0.541667 0.864198
vt 0.541667 0.867284
vt 0.541667 0.864198
vt 0.541667 0.867284
vn -1.000000 -0.000176 -0.000148
vn -1.000000 -0.000000 -0.000099
vn -1.000000 -0.000084 0.000024
vn -1.000000 -0.000069 -0.000081
vn -1.000000 0.000185 -0.000083
vn -1.000000 0.000138 0.000022
vn -1.000000 0.000156 -0.000046
vn -1.000000 0.000153 -0.000042
vn -1.000000 -0.000313 -0.000074
vn -1.000000 -0.000138 -0.000026
vn -1.000000 -0.000313 -0.000048
vn -1.000000 -0.000054 0.000016
vn -1.000000 -0.000028 0.000046
vn -1.000000 0.000015 -0.000017
vn -1.000000 -0.000249 0.000131
vn -1.000000 0.000031 0.000008
vn -1.000000 -0.000092 -0.000081
vn -1.000000 0.000142 0.000025
vn -1.000000 0.000000 -0.000000
vn -1.000000 0.000127 0.000000
vn -1.000000 -0.000028 0.000081
vn -1.000000 0.000142 -0.000025
vn -1.000000 0.000000 -0.000131
vn -1.000000 0.000169 -0.000008
vn -1.000000 -0.000000 -0.000046
vn -1.000000 0.000042 0.000017
vn -1.000000 -0.000313 0.000048
vn -1.000000 -0.000222 -0.000016
vn -1.000000 -0.000284 0.000074
vn -1.000000 -0.000069 0.000026
vn -1.000000 0.000028 0.000046
vn -1.000000 0.000238 0.000055
vn -1.000000 0.000185 0.000083
vn -1.000000 0.000138 0.000055
vn -1.000000 0.000156 0.000158
vn -1.000000 -0.000058 0.000043
vn -1.000000 0.000000 0.000097
vn -1.000000 -0.000127 0.000055
vn -1.000000 0.000000 -0.000105
vn -1.000000 -0.000084 -0.000029
vn -1.000000 0.000027 0.000062
vn -1.000000 0.000077 0.000036
vn -1.000000 0.000000 0.000081
vn -1.000000 0.000113 0.000027
vn -1.000000 -0.000000 -0.000018
vn -1.000000 0.000051 -0.000045
vn -1.000000 0.000051 -0.000025
vn -1.000000 0.000008 0.000018
vn -1.000000 0.000003 0.000060
vn -1.000000 -0.000141 0.000000
vn -1.000000 -0.000090 -0.000060
vn -1.000000 -0.000115 -0.000018
vn -1.000000 -0.000037 0.000025
vn -1.000000 0.000011 0.000045
vn -1.000000 0.000062 0.000018
vn -1.000000 0.000225 -0.000047
vn -1.000000 0.000062 0.000033
vn -1.000000 -0.000200 0.000038
vn -1.000000 -0.000215 -0.000003
vn -1.000000 -0.000066 0.000067
vn -1.000000 0.000054 0.000029
vn -1.000000 -0.000025 0.000038
vn -1.000000 0.000079 0.000047
vn -1.000000 0.000096 0.000029
vn -1.000000 0.000106 -0.000014
vn -1.000000 0.000053 -0.000043
vn -1.000000 -0.000000 -0.000055
vn -1.000000 -0.000065 -0.000054
vn -1.000000 -0.000060 -0.000033
vn -1.000000 -0.000125 -0.000000
vn -1.000000 -0.000072 -0.000005
vn -1.000000 -0.000152 0.000003
vn -1.000000 -0.000070 0.000043
vn -1.000000 0.000096 0.000043
vn -1.000000 0.000043 0.000050
vn -1.000000 0.000087 -0.000013
vn -1.000000 0.000043 -0.000044
vn -1.000000 -0.000034 -0.000016
vn -1.000000 0.000048 -0.000017
vn -1.000000 0.000082 0.000030
vn -1.000000 0.000000 0.000004
vn -1.000000 -0.000138 0.000004
vn -1.000000 0.000138 0.000000
vn -1.000000 0.000092 -0.000013
vn -1.000000 0.000184 -0.000013
vn -1.000000 0.000092 0.000000
vn -1.000000 0.000000 -0.000078
vn -1.000000 0.000000 -0.000141
vn -1.000000 0.000046 -0.000114
vn -1.000000 0.000046 -0.000000
vn -1.000000 0.000138 0.000046
vn -1.000000 0.000000 0.000053
vn -1.000000 -0.000046 0.000057
vn -1.000000 0.000092 0.000000
vn -1.000000 0.000000 0.000075
vn -1.000000 0.000000 0.000075
vn -1.000000 0.000000 -0.000078
vn -1.000000 0.000092 -0.000073
vn -1.000000 0.000253 -0.000017
vn -1.000000 0.000161 -0.000022
vn -0.982586 -0.176685 -0.057503
vn -0.982547 -0.150388 -0.109472
vn -0.995957 -0.072692 -0.052770
vn -0.995970 -0.085303 -0.027715
vn -0.982545 -0.109322 -0.150513
vn -0.995959 -0.052890 -0.072585
vn -0.982560 -0.057511 -0.176826
vn -0.995965 -0.027781 -0.085333
vn -0.982552 0.000000 -0.185987
vn -0.995964 0.000027 -0.089756
vn -0.982559 0.057376 -0.176879
vn -0.995965 0.027715 -0.085360
vn -0.982580 0.109142 -0.150417
vn -0.995966 0.052750 -0.072588
vn -0.982567 0.150359 -0.109336
vn -0.995961 0.072641 -0.052775
vn -0.982549 0.176896 -0.057498
vn -0.995954 0.085462 -0.027775
vn -0.982534 0.186081 0.000000
vn -0.995944 0.089974 0.000000
vn -0.982556 0.176854 0.057500
vn -0.995941 0.085600 0.027812
vn -0.982563 0.150384 0.109337
vn -0.995946 0.072798 0.052837
vn -0.982585 0.109096 0.150419
vn -0.995963 0.052780 0.072613
vn -0.982564 0.057286 0.176880
vn -0.995965 0.027699 0.085362
vn -0.982537 -0.000000 0.186068
vn -0.995960 0.000027 0.089798
vn -0.982539 -0.057464 0.176958
vn -0.995957 -0.027733 0.085442
vn -0.982552 -0.109230 0.150532
vn -0.995950 -0.052847 0.072735
vn -0.982596 -0.150190 0.109312
vn -0.995962 -0.072609 0.052800
vn -0.982624 -0.176511 0.057393
vn -0.995983 -0.085163 0.027671
vn -0.982608 -0.185694 0.000021
vn -0.995981 -0.089568 0.000010
vn -0.906719 -0.341200 -0.247878
vn -0.906741 -0.401046 -0.130318
vn -0.906650 -0.248054 -0.341255
vn -0.906660 -0.130422 -0.401195
vn -0.906710 0.000023 -0.421755
vn -0.906727 0.130325 -0.401076
vn -0.906696 0.247990 -0.341178
vn -0.906710 0.341251 -0.247841
vn -0.906766 0.400998 -0.130290
vn -0.906744 0.421681 -0.000003
vn -0.906735 0.401053 0.130335
vn -0.906689 0.341260 0.247904
vn -0.906688 0.248032 0.341171
vn -0.906720 0.130373 0.401075
vn -0.906706 -0.000005 0.421764
vn -0.906689 -0.130348 0.401154
vn -0.906699 -0.247911 0.341230
vn -0.906730 -0.341155 0.247898
vn -0.906749 -0.401026 0.130324
vn -0.906730 -0.421712 0.000001
vn -0.594631 -0.650458 -0.472565
vn -0.594561 -0.764706 -0.248439
vn -0.594646 -0.472603 -0.650418
vn -0.594660 -0.248462 -0.764621
vn -0.594622 0.000012 -0.804005
vn -0.594575 0.248500 -0.764675
vn -0.594550 0.472644 -0.650475
vn -0.594598 0.650460 -0.472605
vn -0.594651 0.764639 -0.248429
vn -0.594574 0.804041 -0.000007
vn -0.594637 0.764658 0.248404
vn -0.594629 0.650465 0.472559
vn -0.594578 0.472669 0.650431
vn -0.594573 0.248484 0.764682
vn -0.594598 -0.000046 0.804024
vn -0.594601 -0.248528 0.764646
vn -0.594656 -0.472569 0.650433
vn -0.594640 -0.650470 0.472538
vn -0.594550 -0.764719 0.248426
vn -0.594525 -0.804077 -0.000005
vn -0.268342 -0.779366 -0.566200
vn -0.268318 -0.916201 -0.297628
vn -0.268366 -0.566203 -0.779355
vn -0.268344 -0.297655 -0.916184
vn -0.268338 -0.000023 -0.963325
vn -0.268393 0.297666 -0.916166
vn -0.268409 0.566213 -0.779332
vn -0.268398 0.779328 -0.566225
vn -0.268370 0.916177 -0.297653
vn -0.268332 0.963326 -0.000000
vn -0.268349 0.916192 0.297625
vn -0.268379 0.779351 0.566202
vn -0.268396 0.566203 0.779345
vn -0.268394 0.297646 0.916172
vn -0.268388 -0.000015 0.963311
vn -0.268398 -0.297685 0.916158
vn -0.268387 -0.566209 0.779344
vn -0.268349 -0.779379 0.566178
vn -0.268289 -0.916212 0.297617
vn -0.268306 -0.963334 -0.000009
vn -0.000000 -0.809026 -0.587773
vn 0.000014 -0.951054 -0.309026
vn 0.000007 -0.587769 -0.809029
vn 0.000001 -0.308991 -0.951065
vn 0.000003 0.000005 -1.000000
vn -0.000008 0.309035 -0.951051
vn -0.000006 0.587830 -0.808985
vn -0.000007 0.809043 -0.587750
vn -0.000004 0.951060 -0.309006
vn -0.000011 1.000000 0.000008
vn -0.000001 0.951045 0.309053
vn -0.000010 0.809024 0.587776
vn 0.000002 0.587785 0.809017
vn -0.000012 0.309000 0.951062
vn 0.000008 0.000008 1.000000
vn -0.000003 -0.309001 0.951062
vn -0.000002 -0.587766 0.809031
vn 0.000008 -0.809033 0.587763
vn 0.000007 -0.951057 0.309016
vn 0.000010 -1.000000 -0.000004
vn 0.233788 -0.786603 -0.571489
vn 0.233829 -0.924676 -0.300497
vn 0.233789 -0.571509 -0.786588
vn 0.233790 -0.300446 -0.924702
vn 0.233788 -0.000002 -0.972288
vn 0.233802 0.300463 -0.924694
vn 0.233795 0.571516 -0.786581
vn 0.233785 0.786609 -0.571481
vn 0.233824 0.924687 -0.300466
vn 0.233860 0.972270 0.000004
vn 0.233842 0.924675 0.300489
vn 0.233811 0.786606 0.571474
vn 0.233817 0.571570 0.786535
vn 0.233825 0.300502 0.924676
vn 0.233810 0.000012 0.972282
vn 0.233792 -0.300487 0.924689
vn 0.233785 -0.571538 0.786568
vn 0.233798 -0.786602 0.571486
vn 0.233842 -0.924684 0.300463
vn 0.233866 -0.972269 -0.000009
vn 0.442287 -0.725565 -0.527197
vn 0.442346 -0.852928 -0.277207
vn 0.442268 -0.527147 -0.725614
vn 0.442249 -0.277139 -0.853001
vn 0.442257 -0.000020 -0.896888
vn 0.442290 0.277115 -0.852987
vn 0.442305 0.527126 -0.725606
vn 0.442293 0.725563 -0.527196
vn 0.442275 0.852975 -0.277174
vn 0.442272 0.896881 0.000001
vn 0.442256 0.852987 0.277169
vn 0.442249 0.725600 0.527182
vn 0.442265 0.527184 0.725589
vn 0.442285 0.277166 0.852973
vn 0.442256 0.000009 0.896889
vn 0.442231 -0.277212 0.852986
vn 0.442253 -0.527193 0.725589
vn 0.442315 -0.725525 0.527229
vn 0.442324 -0.852945 0.277191
vn 0.442351 -0.896842 -0.000013
vn 0.611358 -0.640215 -0.465152
vn 0.611317 -0.752655 -0.244543
vn 0.611387 -0.465070 -0.640246
vn 0.611390 -0.244542 -0.752596
vn 0.611369 0.000003 -0.791346
vn 0.611359 0.244567 -0.752613
vn 0.611394 0.465130 -0.640197
vn 0.611399 0.640194 -0.465127
vn 0.611411 0.752578 -0.244546
vn 0.611414 0.791311 -0.000000
vn 0.611372 0.752618 0.244520
vn 0.611363 0.640218 0.465141
vn 0.611374 0.465072 0.640258
vn 0.611354 0.244516 0.752634
vn 0.611342 0.000032 0.791366
vn 0.611350 -0.244573 0.752619
vn 0.611379 -0.465155 0.640193
vn 0.611395 -0.640179 0.465153
vn 0.611403 -0.752578 0.244566
vn 0.611384 -0.791334 -0.000007
vn 0.739782 -0.544343 -0.395491
vn 0.739727 -0.639985 -0.207902
vn 0.739801 -0.395447 -0.544349
vn 0.739797 -0.207985 -0.639877
vn 0.739831 -0.000018 -0.672793
vn 0.739829 0.207950 -0.639851
vn 0.739820 0.395485 -0.544295
vn 0.739767 0.544393 -0.395451
vn 0.739768 0.639935 -0.207907
vn 0.739811 0.672815 -0.000001
vn 0.739820 0.639881 0.207892
vn 0.739825 0.544301 0.395470
vn 0.739788 0.395470 0.544350
vn 0.739766 0.207987 0.639913
vn 0.739795 0.000038 0.672832
vn 0.739824 -0.207936 0.639862
vn 0.739787 -0.395538 0.544303
vn 0.739764 -0.544389 0.395462
vn 0.739807 -0.639882 0.207933
vn 0.739783 -0.672846 0.000011
vn 0.833419 -0.447086 -0.324848
vn 0.833435 -0.525565 -0.170784
vn 0.833371 -0.324919 -0.447124
vn 0.833359 -0.170905 -0.525647
vn 0.833394 0.000000 -0.552680
vn 0.833403 0.170825 -0.525602
vn 0.833396 0.324876 -0.447111
vn 0.833379 0.447160 -0.324849
vn 0.833394 0.525628 -0.170790
vn 0.833407 0.552661 0.000001
vn 0.833419 0.525585 0.170803
vn 0.833390 0.447129 0.324865
vn 0.833372 0.324906 0.447133
vn 0.833387 0.170858 0.525618
vn 0.833411 -0.000000 0.552653
vn 0.833381 -0.170921 0.525607
vn 0.833363 -0.324963 0.447108
vn 0.833389 -0.447163 0.324821
vn 0.833363 -0.525679 0.170787
vn 0.833380 -0.552701 0.000033
vn 0.899683 -0.353180 -0.256582
vn 0.899666 -0.415218 -0.134893
vn 0.899670 -0.256619 -0.353188
vn 0.899665 -0.134953 -0.415199
vn 0.899679 0.000039 -0.436552
vn 0.899693 0.134940 -0.415143
vn 0.899695 0.256630 -0.353113
vn 0.899706 0.353131 -0.256568
vn 0.899716 0.415103 -0.134909
vn 0.899690 0.436530 -0.000000
vn 0.899682 0.415178 0.134903
vn 0.899679 0.353219 0.256541
vn 0.899696 0.256600 0.353133
vn 0.899678 0.134857 0.415202
vn 0.899683 -0.000039 0.436544
vn 0.899691 -0.134963 0.415139
vn 0.899707 -0.256618 0.353093
vn 0.899696 -0.353178 0.256541
vn 0.899656 -0.415225 0.134937
vn 0.899662 -0.436586 0.000025
vn 0.945257 -0.264019 -0.191790
vn 0.945255 -0.310356 -0.100855
vn 0.945231 -0.191840 -0.264074
vn 0.945223 -0.100851 -0.310455
vn 0.945227 0.000058 -0.326414
vn 0.945217 0.100916 -0.310452
vn 0.945218 0.191860 -0.264108
vn 0.945213 0.264073 -0.191935
vn 0.945199 0.310504 -0.100926
vn 0.945181 0.326547 0.000000
vn 0.945191 0.310531 0.100923
vn 0.945208 0.264123 0.191886
vn 0.945234 0.191871 0.264042
vn 0.945225 0.100848 0.310450
vn 0.945228 -0.000057 0.326410
vn 0.945233 -0.100890 0.310413
vn 0.945225 -0.191875 0.264071
vn 0.945189 -0.264152 0.191941
vn 0.945215 -0.310443 0.100960
vn 0.945254 -0.326337 -0.000036
vn 0.974801 -0.180542 -0.131022
vn 0.974811 -0.212108 -0.068951
vn 0.974791 -0.131203 -0.180464
vn 0.974781 -0.068979 -0.212234
vn 0.974790 0.000001 -0.223123
vn 0.974792 0.068895 -0.212213
vn 0.974812 0.130941 -0.180544
vn 0.974801 0.180451 -0.131155
vn 0.974783 0.212235 -0.068956
vn 0.974792 0.223114 0.000000
vn 0.974803 0.212142 0.068959
vn 0.974786 0.180534 0.131149
vn 0.974787 0.131209 0.180486
vn 0.974802 0.068979 0.212138
vn 0.974789 0.000001 0.223131
vn 0.974746 -0.069207 0.212320
vn 0.974723 -0.131469 0.180639
vn 0.974759 -0.180621 0.131226
vn 0.974803 -0.212156 0.068914
vn 0.974808 -0.223046 -0.000127
vn 0.991370 -0.106161 -0.076906
vn 0.991365 -0.124710 -0.040526
vn 0.991374 -0.077115 -0.105977
vn 0.991358 -0.040480 -0.124780
vn 0.991374 0.000126 -0.131063
vn 0.991381 0.040607 -0.124561
vn 0.991388 0.076836 -0.106052
vn 0.991374 0.106045 -0.077020
vn 0.991340 0.124888 -0.040591
vn 0.991365 0.131134 0.000000
vn 0.991361 0.124725 0.040594
vn 0.991362 0.106159 0.077021
vn 0.991366 0.077118 0.106052
vn 0.991380 0.040608 0.124565
vn 0.991374 0.000126 0.131065
vn 0.991352 -0.040636 0.124783
vn 0.991359 -0.077270 0.106006
vn 0.991386 -0.106019 0.076899
vn 0.991388 -0.124572 0.040399
vn 0.991368 -0.131108 -0.000092
vn -1.000000 -0.000031 -0.000000
vn -1.000000 0.000000 0.000000
vn -1.000000 0.000000 0.000000
vn -1.000000 0.000000 0.000000
vn 1.000000 -0.000000 -0.000000
vn -0.000007 0.987669 0.156553
vn -0.000007 0.987670 0.156553
vn -0.000007 0.987670 0.156553
vn -0.000007 0.987669 0.156554
vn -0.000002 -0.809025 -0.587775
vn 0.000002 -0.951055 -0.309022
vn 0.000002 -0.951053 -0.309029
vn -0.000002 -0.809020 -0.587782
vn 0.000002 -0.587783 -0.809019
vn 0.000002 -0.587790 -0.809014
vn 0.000002 -0.309013 -0.951058
vn 0.000002 -0.309021 -0.951055
vn 0.000001 -0.000015 -1.000000
vn 0.000001 -0.000017 -1.000000
vn 0.000003 0.309031 -0.951052
vn 0.000003 0.309026 -0.951054
vn 0.000002 0.587813 -0.808997
vn 0.000002 0.587811 -0.808998
vn -0.000004 0.809030 -0.587767
vn -0.000004 0.809033 -0.587763
vn -0.000003 0.951055 -0.309023
vn -0.000003 0.951057 -0.309016
vn 0.000003 1.000000 -0.000006
vn 0.000003 1.000000 -0.000006
vn 0.000004 0.951056 0.309020
vn 0.000004 0.951057 0.309016
vn 0.000000 0.809006 0.587800
vn 0.000000 0.809011 0.587794
vn -0.000001 0.587810 0.808999
vn -0.000001 0.587815 0.808996
vn 0.000000 0.309045 0.951048
vn 0.000000 0.309039 0.951050
vn 0.000001 0.000001 1.000000
vn 0.000001 -0.000001 1.000000
vn 0.000002 -0.309020 0.951056
vn 0.000002 -0.309028 0.951053
vn 0.000003 -0.587783 0.809018
vn 0.000003 -0.587784 0.809018
vn -0.000002 -0.809032 0.587765
vn -0.000002 -0.809028 0.587771
vn -0.000003 -0.951056 0.309019
vn -0.000003 -0.951056 0.309019
vn 0.000003 -1.000000 0.000016
vn 0.000003 -1.000000 0.000016
vn 0.000001 -0.308995 0.951064
vn 0.000001 -0.308995 0.951064
vn 0.000001 -0.308995 0.951064
vn 0.000001 -0.308995 0.951064
vn 0.000000 0.000000 -1.000000
vn 0.000000 0.000000 -1.000000
vn 0.000000 0.000000 -1.000000
vn 0.000000 0.000000 -1.000000
vn 1.000000 0.000000 0.000000
vn 1.000000 0.000000 0.000000
vn 1.000000 0.000000 0.000000
vn 1.000000 0.000000 0.000000
vn -1.000000 0.000000 0.000000
vn -1.000000 0.000000 0.000000
vn -1.000000 0.000000 0.000000
vn -1.000000 0.000000 0.000000
vn 0.000000 0.000000 -1.000000
vn 0.000000 0.000000 -1.000000
vn 0.000000 0.000000 -1.000000
vn 0.000000 0.000000 -1.000000
vn 0.000000 1.000000 0.000000
vn 0.000000 1.000000 0.000000
vn 0.000000 1.000000 0.000000
vn 0.000000 1.000000 0.000000
vn 0.000000 0.000000 1.000000
vn 0.000000 0.000000 1.000000
vn 0.000000 0.000000 1.000000
vn 0.000000 0.000000 1.000000
vn 0.000000 -1.000000 0.000000
vn 0.000000 -1.000000 0.000000
vn 0.000000 -1.000000 0.000000
vn 0.000000 -1.000000 0.000000
vn 1.000000 0.000000 0.000000
vn 1.000000 0.000000 0.000000
vn 1.000000 0.000000 0.000000
vn 1.000000 0.000000 0.000000
vn 1.000000 0.000000 0.000000
vn 1.000000 0.000000 0.000000
vn 1.000000 0.000000 0.000000
vn 1.000000 0.000000 0.000000
vn 1.000000 0.000000 0.000000
vn 1.000000 0.000000 0.000000
vn 1.000000 0.000000 0.000000
vn 1.000000 0.000000 0.000000
vn 1.000000 0.000062 0.000000
vn 1.000000 0.000062 0.000000
vn 1.000000 0.000062 0.000000
vn 1.000000 0.000062 0.000000
vn 0.816512 0.000000 0.577329
vn 0.816512 0.000000 0.577329
vn 0.816512 0.000000 0.577329
vn 0.816512 0.000000 0.577329
vn 0.778746 -0.627339 0.000000
vn 0.778746 -0.627339 0.000000
vn 0.778746 -0.627339 0.000000
vn 0.778746 -0.627339 0.000000
vn 0.816511 0.000000 -0.577330
vn 0.816511 0.000000 -0.577330
vn 0.816511 0.000000 -0.577330
vn 0.816511 0.000000 -0.577330
vn 0.778775 0.627303 0.000000
vn 0.778775 0.627303 0.000000
vn 0.778775 0.627303 0.000000
vn 0.778775 0.627303 0.000000
vn -1.000000 0.000047 0.000000
vn -1.000000 0.000047 0.000000
vn -1.000000 0.000047 0.000000
vn -1.000000 0.000047 0.000000
vn 0.000000 -1.000000 0.000000
vn 0.000000 -1.000000 0.000000
vn 0.000000 -1.000000 0.000000
vn 0.000000 -1.000000 0.000000
vn 1.000000 0.000000 0.000000
vn 1.000000 0.000000 0.000000
vn 1.000000 0.000000 0.000000
vn 1.000000 0.000000 0.000000
vn 0.778784 0.627293 0.000000
vn 0.778784 0.627293 0.000000
vn 0.778784 0.627293 0.000000
vn 0.778784 0.627293 0.000000
vn 1.000000 0.000000 0.000000
vn 1.000000 0.000000 0.000000
vn 1.000000 0.000000 0.000000
vn 1.000000 0.000000 0.000000
vn 0.778792 -0.627283 0.000000
vn 0.778792 -0.627283 0.000000
vn 0.778792 -0.627283 0.000000
vn 0.778792 -0.627283 0.000000
vn 1.000000 -0.000062 0.000000
vn 1.000000 -0.000062 0.000000
vn 1.000000 -0.000062 0.000000
vn 1.000000 -0.000062 0.000000
vn 0.000000 1.000000 0.000000
vn 0.000000 1.000000 0.000000
vn 0.000000 1.000000 0.000000
vn 0.000000 1.000000 0.000000
vn -1.000000 0.000006 0.000000
vn -1.000000 0.000006 0.000000
vn -1.000000 0.000006 0.000000
vn -1.000000 0.000006 0.000000
vn 0.000000 -1.000000 0.000000
vn 0.000000 -1.000000 0.000000
vn 0.000000 -1.000000 0.000000
vn 0.000000 -1.000000 0.000000
vn 1.000000 0.000000 0.000000
vn 1.000000 0.000000 0.000000
vn 1.000000 0.000000 0.000000
vn 1.000000 0.000000 0.000000
vn 0.778761 0.627321 0.000000
vn 0.778761 0.627321 0.000000
vn 0.778761 0.627321 0.000000
vn 0.778761 0.627321 0.000000
vn 1.000000 0.000000 0.000000
vn 1.000000 0.000000 0.000000
vn 1.000000 0.000000 0.000000
vn 1.000000 0.000000 0.000000
vn 0.778751 -0.627333 0.000000
vn 0.778751 -0.627333 0.000000
vn 0.778751 -0.627333 0.000000
vn 0.778751 -0.627333 0.000000
vn 1.000000 0.000040 0.000000
vn 1.000000 0.000040 0.000000
vn 1.000000 0.000040 0.000000
vn 1.000000 0.000040 0.000000
vn 0.000000 1.000000 0.000000
vn 0.000000 1.000000 0.000000
vn 0.000000 1.000000 0.000000
vn 0.000000 1.000000 0.000000
vn -1.000000 0.000000 0.000000
vn -1.000000 0.000000 0.000000
vn -1.000000 0.000000 0.000000
vn -1.000000 0.000000 0.000000
vn 0.000000 0.000000 1.000000
vn 0.000000 0.000000 1.000000
vn 0.000000 0.000000 1.000000
vn 0.000000 0.000000 1.000000
vn 1.000000 0.000000 0.000000
vn 1.000000 0.000000 0.000000
vn 1.000000 0.000000 0.000000
vn 1.000000 0.000000 0.000000
vn 0.816510 0.000000 -0.577332
vn 0.816510 0.000000 -0.577332
vn 0.816510 0.000000 -0.577332
vn 0.816510 0.000000 -0.577332
vn 1.000000 0.000000 0.000000
vn 1.000000 0.000000 0.000000
vn 1.000000 0.000000 0.000000
vn 1.000000 0.000000 0.000000
vn 1.000000 0.000000 0.000000
vn 1.000000 0.000000 0.000000
vn 1.000000 0.000000 0.000000
vn 1.000000 0.000000 0.000000
vn 1.000000 0.000000 0.000000
vn 1.000000 0.000000 0.000000
vn 1.000000 0.000000 0.000000
vn 1.000000 0.000000 0.000000
vn 0.816511 0.000000 0.577329
vn 0.816512 0.000000 0.577329
vn 0.816511 0.000000 0.577329
vn 0.816512 0.000000 0.577329
vn 1.000000 0.000000 0.000000
vn 1.000000 0.000000 0.000000
vn 1.000000 0.000000 0.000000
vn 1.000000 0.000000 0.000000
vn 0.000000 0.000000 -1.000000
vn 0.000000 0.000000 -1.000000
vn 0.000000 0.000000 -1.000000
vn 0.000000 0.000000 -1.000000
vn -1.000000 -0.000047 0.000000
vn -1.000000 -0.000047 0.000000
vn -1.000000 -0.000047 0.000000
vn -1.000000 -0.000047 0.000000
vn -1.000000 -0.000006 0.000000
vn -1.000000 -0.000006 0.000000
vn -1.000000 -0.000006 0.000000
vn -1.000000 -0.000006 0.000000
vn -1.000000 0.000000 0.000000
vn -1.000000 0.000000 0.000000
vn -1.000000 0.000000 0.000000
vn -1.000000 0.000000 0.000000
vn 0.000000 0.000000 1.000000
vn 0.000000 0.000000 1.000000
vn 0.000000 0.000000 1.000000
vn 0.000000 0.000000 1.000000
vn 1.000000 0.000000 0.000000
vn 1.000000 0.000000 0.000000
vn 1.000000 0.000000 0.000000
vn 1.000000 0.000000 0.000000
vn 0.816511 0.000000 -0.577330
vn 0.816511 0.000000 -0.577330
vn 0.816511 0.000000 -0.577330
vn 0.816511 0.000000 -0.577330
vn 1.000000 0.000000 0.000000
vn 1.000000 0.000000 0.000000
vn 1.000000 0.000000 0.000000
vn 1.000000 0.000000 0.000000
vn 1.000000 0.000000 0.000000
vn 1.000000 0.000000 0.000000
vn 1.000000 0.000000 0.000000
vn 1.000000 0.000000 0.000000
vn 1.000000 0.000000 0.000000
vn 1.000000 0.000000 0.000000
vn 1.000000 0.000000 0.000000
vn 1.000000 0.000000 0.000000
vn 0.816513 0.000000 0.577327
vn 0.816513 0.000000 0.577327
vn 0.816513 0.000000 0.577327
vn 0.816513 0.000000 0.577327
vn 1.000000 0.000000 0.000000
vn 1.000000 0.000000 0.000000
vn 1.000000 0.000000 0.000000
vn 1.000000 0.000000 0.000000
vn 0.000000 0.000000 -1.000000
vn 0.000000 0.000000 -1.000000
vn 0.000000 0.000000 -1.000000
vn 0.000000 0.000000 -1.000000
vn -1.000000 0.000000 0.000000
vn -1.000000 0.000000 0.000000
vn -1.000000 0.000000 0.000000
vn -1.000000 0.000000 0.000000
vn -1.000000 0.000000 0.000000
vn -1.000000 0.000000 0.000000
vn -1.000000 0.000000 0.000000
vn -1.000000 0.000000 0.000000
vn 0.000000 -1.000000 0.000000
vn 0.000000 -1.000000 0.000000
vn 0.000000 -1.000000 0.000000
vn 0.000000 -1.000000 0.000000
vn 0.000000 0.000000 1.000000
vn 0.000000 0.000000 1.000000
vn 0.000000 0.000000 1.000000
vn 0.000000 0.000000 1.000000
vn 0.000000 1.000000 0.000000
vn 0.000000 1.000000 0.000000
vn 0.000000 1.000000 0.000000
vn 0.000000 1.000000 0.000000
vn 0.000000 0.000000 -1.000000
vn 0.000000 0.000000 -1.000000
vn 0.000000 0.000000 -1.000000
vn 0.000000 0.000000 -1.000000
vn 0.000000 1.000000 0.000000
vn 0.000000 1.000000 0.000000
vn 0.000000 1.000000 0.000000
vn 0.000000 1.000000 0.000000
vn 0.000000 1.000000 0.000002
vn 0.000000 1.000000 0.000002
vn 0.000000 1.000000 0.000002
vn 0.000000 1.000000 0.000002
vn 0.000000 1.000000 0.000000
vn 0.000000 1.000000 0.000000
vn 0.000000 1.000000 0.000000
vn 0.000000 1.000000 0.000000
vn 0.000000 1.000000 -0.000002
vn 0.000000 1.000000 -0.000002
vn 0.000000 1.000000 -0.000002
vn 0.000000 1.000000 -0.000002
vn -1.000000 0.000000 0.000000
vn -1.000000 0.000000 0.000000
vn -1.000000 0.000000 0.000000
vn -1.000000 0.000000 0.000000
vn 0.000000 0.000000 1.000000
vn 0.000000 0.000000 1.000000
vn 0.000000 0.000000 1.000000
vn 0.000000 0.000000 1.000000
vn 1.000000 0.000000 0.000000
vn 1.000000 0.000000 0.000000
vn 1.000000 0.000000 0.000000
vn 1.000000 0.000000 0.000000
vn 0.000000 0.000000 -1.000000
vn 0.000000 0.000000 -1.000000
vn 0.000000 0.000000 -1.000000
vn 0.000000 0.000000 -1.000000
s 1
g sidetablehandle8
usemtl initialShadingGroup
f 305/463/1 306/2/2 307/23/3 308/22/4
f 306/2/2 309/3/5 310/24/6 307/23/3
f 309/3/5 311/4/7 312/25/8 310/24/6
f 311/4/7 313/5/9 314/26/10 312/25/8
f 313/5/9 315/6/11 316/27/12 314/26/10
f 315/6/11 317/7/13 318/28/14 316/27/12
f 317/7/13 319/8/15 320/29/16 318/28/14
f 319/8/15 321/9/17 322/30/18 320/29/16
f 321/9/17 323/10/19 324/31/20 322/30/18
f 323/10/19 325/11/21 326/32/22 324/31/20
f 325/11/21 327/12/23 328/33/24 326/32/22
f 327/12/23 329/13/25 330/34/26 328/33/24
f 329/13/25 331/14/27 332/35/28 330/34/26
f 331/14/27 333/15/29 334/36/30 332/35/28
f 333/15/29 335/16/31 336/37/32 334/36/30
f 335/16/31 337/17/33 338/38/34 336/37/32
f 337/17/33 339/18/35 340/39/36 338/38/34
f 339/18/35 341/19/37 342/40/38 340/39/36
f 341/19/37 343/440/39 344/41/40 342/40/38
f 343/440/39 305/441/1 308/42/4 344/41/40
f 308/22/4 307/23/3 345/44/41 346/43/42
f 307/23/3 310/24/6 347/45/43 345/44/41
f 310/24/6 312/25/8 348/46/44 347/45/43
f 312/25/8 314/26/10 349/47/45 348/46/44
f 314/26/10 316/27/12 350/48/46 349/47/45
f 316/27/12 318/28/14 351/49/47 350/48/46
f 318/28/14 320/29/16 352/50/48 351/49/47
f 320/29/16 322/30/18 353/51/49 352/50/48
f 322/30/18 324/31/20 354/52/50 353/51/49
f 324/31/20 326/32/22 355/53/51 354/52/50
f 326/32/22 328/33/24 356/54/52 355/53/51
f 328/33/24 330/34/26 357/55/53 356/54/52
f 330/34/26 332/35/28 358/56/54 357/55/53
f 332/35/28 334/36/30 359/57/55 358/56/54
f 334/36/30 336/37/32 360/58/56 359/57/55
f 336/37/32 338/38/34 361/59/57 360/58/56
f 338/38/34 340/39/36 362/60/58 361/59/57
f 340/39/36 342/40/38 363/61/59 362/60/58
f 342/40/38 344/41/40 364/62/60 363/61/59
f 344/41/40 308/42/4 346/63/42 364/62/60
f 346/43/42 345/44/41 365/65/61 366/64/62
f 345/44/41 347/45/43 367/66/63 365/65/61
f 347/45/43 348/46/44 368/67/64 367/66/63
f 348/46/44 349/47/45 369/68/65 368/67/64
f 349/47/45 350/48/46 370/69/66 369/68/65
f 350/48/46 351/49/47 371/70/67 370/69/66
f 351/49/47 352/50/48 372/71/68 371/70/67
f 352/50/48 353/51/49 373/72/69 372/71/68
f 353/51/49 354/52/50 374/73/70 373/72/69
f 354/52/50 355/53/51 375/74/71 374/73/70
f 355/53/51 356/54/52 376/75/72 375/74/71
f 356/54/52 357/55/53 377/76/73 376/75/72
f 357/55/53 358/56/54 378/77/74 377/76/73
f 358/56/54 359/57/55 379/78/75 378/77/74
f 359/57/55 360/58/56 380/79/76 379/78/75
f 360/58/56 361/59/57 381/80/77 380/79/76
f 361/59/57 362/60/58 382/81/78 381/80/77
f 362/60/58 363/61/59 383/82/79 382/81/78
f 363/61/59 364/62/60 384/83/80 383/82/79
f 364/62/60 346/63/42 366/84/62 384/83/80
f 366/64/62 365/65/61 385/442/81 386/443/82
f 365/65/61 367/66/63 387/444/83 385/442/81
f 367/66/63 368/67/64 388/445/84 387/444/83
f 368/67/64 369/68/65 389/446/85 388/445/84
f 369/68/65 370/69/66 390/447/86 389/446/85
f 370/69/66 371/70/67 391/448/87 390/447/86
f 371/70/67 372/71/68 392/449/88 391/448/87
f 372/71/68 373/72/69 393/450/89 392/449/88
f 373/72/69 374/73/70 394/451/90 393/450/89
f 374/73/70 375/74/71 395/452/91 394/451/90
f 375/74/71 376/75/72 396/453/92 395/452/91
f 376/75/72 377/76/73 397/454/93 396/453/92
f 377/76/73 378/77/74 398/455/94 397/454/93
f 378/77/74 379/78/75 399/456/95 398/455/94
f 379/78/75 380/79/76 400/457/96 399/456/95
f 380/79/76 381/80/77 401/458/97 400/457/96
f 381/80/77 382/81/78 402/459/98 401/458/97
f 382/81/78 383/82/79 403/460/99 402/459/98
f 383/82/79 384/83/80 404/461/100 403/460/99
f 384/83/80 366/84/62 386/462/82 404/461/100
s 2
f 3/85/101 4/86/102 24/107/103 23/106/104
f 4/86/102 5/87/105 25/108/106 24/107/103
f 5/87/105 6/88/107 26/109/108 25/108/106
f 6/88/107 7/89/109 27/110/110 26/109/108
f 7/89/109 8/90/111 28/111/112 27/110/110
f 8/90/111 9/91/113 29/112/114 28/111/112
f 9/91/113 10/92/115 30/113/116 29/112/114
f 10/92/115 11/93/117 31/114/118 30/113/116
f 11/93/117 12/94/119 32/115/120 31/114/118
f 12/94/119 13/95/121 33/116/122 32/115/120
f 13/95/121 14/96/123 34/117/124 33/116/122
f 14/96/123 15/97/125 35/118/126 34/117/124
f 15/97/125 16/98/127 36/119/128 35/118/126
f 16/98/127 17/99/129 37/120/130 36/119/128
f 17/99/129 18/100/131 38/121/132 37/120/130
f 18/100/131 19/101/133 39/122/134 38/121/132
f 19/101/133 20/102/135 40/123/136 39/122/134
f 20/102/135 21/103/137 41/124/138 40/123/136
f 21/103/137 22/104/139 42/125/140 41/124/138
f 22/104/139 3/105/101 23/126/104 42/125/140
f 23/106/104 24/107/103 44/128/141 43/127/142
f 24/107/103 25/108/106 45/129/143 44/128/141
f 25/108/106 26/109/108 46/130/144 45/129/143
f 26/109/108 27/110/110 47/131/145 46/130/144
f 27/110/110 28/111/112 48/132/146 47/131/145
f 28/111/112 29/112/114 49/133/147 48/132/146
f 29/112/114 30/113/116 50/134/148 49/133/147
f 30/113/116 31/114/118 51/135/149 50/134/148
f 31/114/118 32/115/120 52/136/150 51/135/149
f 32/115/120 33/116/122 53/137/151 52/136/150
f 33/116/122 34/117/124 54/138/152 53/137/151
f 34/117/124 35/118/126 55/139/153 54/138/152
f 35/118/126 36/119/128 56/140/154 55/139/153
f 36/119/128 37/120/130 57/141/155 56/140/154
f 37/120/130 38/121/132 58/142/156 57/141/155
f 38/121/132 39/122/134 59/143/157 58/142/156
f 39/122/134 40/123/136 60/144/158 59/143/157
f 40/123/136 41/124/138 61/145/159 60/144/158
f 41/124/138 42/125/140 62/146/160 61/145/159
f 42/125/140 23/126/104 43/147/142 62/146/160
f 43/127/142 44/128/141 64/149/161 63/148/162
f 44/128/141 45/129/143 65/150/163 64/149/161
f 45/129/143 46/130/144 66/151/164 65/150/163
f 46/130/144 47/131/145 67/152/165 66/151/164
f 47/131/145 48/132/146 68/153/166 67/152/165
f 48/132/146 49/133/147 69/154/167 68/153/166
f 49/133/147 50/134/148 70/155/168 69/154/167
f 50/134/148 51/135/149 71/156/169 70/155/168
f 51/135/149 52/136/150 72/157/170 71/156/169
f 52/136/150 53/137/151 73/158/171 72/157/170
f 53/137/151 54/138/152 74/159/172 73/158/171
f 54/138/152 55/139/153 75/160/173 74/159/172
f 55/139/153 56/140/154 76/161/174 75/160/173
f 56/140/154 57/141/155 77/162/175 76/161/174
f 57/141/155 58/142/156 78/163/176 77/162/175
f 58/142/156 59/143/157 79/164/177 78/163/176
f 59/143/157 60/144/158 80/165/178 79/164/177
f 60/144/158 61/145/159 81/166/179 80/165/178
f 61/145/159 62/146/160 82/167/180 81/166/179
f 62/146/160 43/147/142 63/168/162 82/167/180
f 63/148/162 64/149/161 84/170/181 83/169/182
f 64/149/161 65/150/163 85/171/183 84/170/181
f 65/150/163 66/151/164 86/172/184 85/171/183
f 66/151/164 67/152/165 87/173/185 86/172/184
f 67/152/165 68/153/166 88/174/186 87/173/185
f 68/153/166 69/154/167 89/175/187 88/174/186
f 69/154/167 70/155/168 90/176/188 89/175/187
f 70/155/168 71/156/169 91/177/189 90/176/188
f 71/156/169 72/157/170 92/178/190 91/177/189
f 72/157/170 73/158/171 93/179/191 92/178/190
f 73/158/171 74/159/172 94/180/192 93/179/191
f 74/159/172 75/160/173 95/181/193 94/180/192
f 75/160/173 76/161/174 96/182/194 95/181/193
f 76/161/174 77/162/175 97/183/195 96/182/194
f 77/162/175 78/163/176 98/184/196 97/183/195
f 78/163/176 79/164/177 99/185/197 98/184/196
f 79/164/177 80/165/178 100/186/198 99/185/197
f 80/165/178 81/166/179 101/187/199 100/186/198
f 81/166/179 82/167/180 102/188/200 101/187/199
f 82/167/180 63/168/162 83/189/182 102/188/200
f 83/169/182 84/170/181 104/191/201 103/190/202
f 84/170/181 85/171/183 105/192/203 104/191/201
f 85/171/183 86/172/184 106/193/204 105/192/203
f 86/172/184 87/173/185 107/194/205 106/193/204
f 87/173/185 88/174/186 108/195/206 107/194/205
f 88/174/186 89/175/187 109/196/207 108/195/206
f 89/175/187 90/176/188 110/197/208 109/196/207
f 90/176/188 91/177/189 111/198/209 110/197/208
f 91/177/189 92/178/190 112/199/210 111/198/209
f 92/178/190 93/179/191 113/200/211 112/199/210
f 93/179/191 94/180/192 114/201/212 113/200/211
f 94/180/192 95/181/193 115/202/213 114/201/212
f 95/181/193 96/182/194 116/203/214 115/202/213
f 96/182/194 97/183/195 117/204/215 116/203/214
f 97/183/195 98/184/196 118/205/216 117/204/215
f 98/184/196 99/185/197 119/206/217 118/205/216
f 99/185/197 100/186/198 120/207/218 119/206/217
f 100/186/198 101/187/199 121/208/219 120/207/218
f 101/187/199 102/188/200 122/209/220 121/208/219
f 102/188/200 83/189/182 103/210/202 122/209/220
f 103/190/202 104/191/201 124/212/221 123/211/222
f 104/191/201 105/192/203 125/213/223 124/212/221
f 105/192/203 106/193/204 126/214/224 125/213/223
f 106/193/204 107/194/205 127/215/225 126/214/224
f 107/194/205 108/195/206 128/216/226 127/215/225
f 108/195/206 109/196/207 129/217/227 128/216/226
f 109/196/207 110/197/208 130/218/228 129/217/227
f 110/197/208 111/198/209 131/219/229 130/218/228
f 111/198/209 112/199/210 132/220/230 131/219/229
f 112/199/210 113/200/211 133/221/231 132/220/230
f 113/200/211 114/201/212 134/222/232 133/221/231
f 114/201/212 115/202/213 135/223/233 134/222/232
f 115/202/213 116/203/214 136/224/234 135/223/233
f 116/203/214 117/204/215 137/225/235 136/224/234
f 117/204/215 118/205/216 138/226/236 137/225/235
f 118/205/216 119/206/217 139/227/237 138/226/236
f 119/206/217 120/207/218 140/228/238 139/227/237
f 120/207/218 121/208/219 141/229/239 140/228/238
f 121/208/219 122/209/220 142/230/240 141/229/239
f 122/209/220 103/210/202 123/231/222 142/230/240
f 123/211/222 124/212/221 144/233/241 143/232/242
f 124/212/221 125/213/223 145/234/243 144/233/241
f 125/213/223 126/214/224 146/235/244 145/234/243
f 126/214/224 127/215/225 147/236/245 146/235/244
f 127/215/225 128/216/226 148/237/246 147/236/245
f 128/216/226 129/217/227 149/238/247 148/237/246
f 129/217/227 130/218/228 150/239/248 149/238/247
f 130/218/228 131/219/229 151/240/249 150/239/248
f 131/219/229 132/220/230 152/241/250 151/240/249
f 132/220/230 133/221/231 153/242/251 152/241/250
f 133/221/231 134/222/232 154/243/252 153/242/251
f 134/222/232 135/223/233 155/244/253 154/243/252
f 135/223/233 136/224/234 156/245/254 155/244/253
f 136/224/234 137/225/235 157/246/255 156/245/254
f 137/225/235 138/226/236 158/247/256 157/246/255
f 138/226/236 139/227/237 159/248/257 158/247/256
f 139/227/237 140/228/238 160/249/258 159/248/257
f 140/228/238 141/229/239 161/250/259 160/249/258
f 141/229/239 142/230/240 162/251/260 161/250/259
f 142/230/240 123/231/222 143/252/242 162/251/260
f 143/232/242 144/233/241 164/254/261 163/253/262
f 144/233/241 145/234/243 165/255/263 164/254/261
f 145/234/243 146/235/244 166/256/264 165/255/263
f 146/235/244 147/236/245 167/257/265 166/256/264
f 147/236/245 148/237/246 168/258/266 167/257/265
f 148/237/246 149/238/247 169/259/267 168/258/266
f 149/238/247 150/239/248 170/260/268 169/259/267
f 150/239/248 151/240/249 171/261/269 170/260/268
f 151/240/249 152/241/250 172/262/270 171/261/269
f 152/241/250 153/242/251 173/263/271 172/262/270
f 153/242/251 154/243/252 174/264/272 173/263/271
f 154/243/252 155/244/253 175/265/273 174/264/272
f 155/244/253 156/245/254 176/266/274 175/265/273
f 156/245/254 157/246/255 177/267/275 176/266/274
f 157/246/255 158/247/256 178/268/276 177/267/275
f 158/247/256 159/248/257 179/269/277 178/268/276
f 159/248/257 160/249/258 180/270/278 179/269/277
f 160/249/258 161/250/259 181/271/279 180/270/278
f 161/250/259 162/251/260 182/272/280 181/271/279
f 162/251/260 143/252/242 163/273/262 182/272/280
f 163/253/262 164/254/261 184/275/281 183/274/282
f 164/254/261 165/255/263 185/276/283 184/275/281
f 165/255/263 166/256/264 186/277/284 185/276/283
f 166/256/264 167/257/265 187/278/285 186/277/284
f 167/257/265 168/258/266 188/279/286 187/278/285
f 168/258/266 169/259/267 189/280/287 188/279/286
f 169/259/267 170/260/268 190/281/288 189/280/287
f 170/260/268 171/261/269 191/282/289 190/281/288
f 171/261/269 172/262/270 192/283/290 191/282/289
f 172/262/270 173/263/271 193/284/291 192/283/290
f 173/263/271 174/264/272 194/285/292 193/284/291
f 174/264/272 175/265/273 195/286/293 194/285/292
f 175/265/273 176/266/274 196/287/294 195/286/293
f 176/266/274 177/267/275 197/288/295 196/287/294
f 177/267/275 178/268/276 198/289/296 197/288/295
f 178/268/276 179/269/277 199/290/297 198/289/296
f 179/269/277 180/270/278 200/291/298 199/290/297
f 180/270/278 181/271/279 201/292/299 200/291/298
f 181/271/279 182/272/280 202/293/300 201/292/299
f 182/272/280 163/273/262 183/294/282 202/293/300
f 183/274/282 184/275/281 204/296/301 203/295/302
f 184/275/281 185/276/283 205/297/303 204/296/301
f 185/276/283 186/277/284 206/298/304 205/297/303
f 186/277/284 187/278/285 207/299/305 206/298/304
f 187/278/285 188/279/286 208/300/306 207/299/305
f 188/279/286 189/280/287 209/301/307 208/300/306
f 189/280/287 190/281/288 210/302/308 209/301/307
f 190/281/288 191/282/289 211/303/309 210/302/308
f 191/282/289 192/283/290 212/304/310 211/303/309
f 192/283/290 193/284/291 213/305/311 212/304/310
f 193/284/291 194/285/292 214/306/312 213/305/311
f 194/285/292 195/286/293 215/307/313 214/306/312
f 195/286/293 196/287/294 216/308/314 215/307/313
f 196/287/294 197/288/295 217/309/315 216/308/314
f 197/288/295 198/289/296 218/310/316 217/309/315
f 198/289/296 199/290/297 219/311/317 218/310/316
f 199/290/297 200/291/298 220/312/318 219/311/317
f 200/291/298 201/292/299 221/313/319 220/312/318
f 201/292/299 202/293/300 222/314/320 221/313/319
f 202/293/300 183/294/282 203/315/302 222/314/320
f 203/295/302 204/296/301 224/317/321 223/316/322
f 204/296/301 205/297/303 225/318/323 224/317/321
f 205/297/303 206/298/304 226/319/324 225/318/323
f 206/298/304 207/299/305 227/320/325 226/319/324
f 207/299/305 208/300/306 228/321/326 227/320/325
f 208/300/306 209/301/307 229/322/327 228/321/326
f 209/301/307 210/302/308 230/323/328 229/322/327
f 210/302/308 211/303/309 231/324/329 230/323/328
f 211/303/309 212/304/310 232/325/330 231/324/329
f 212/304/310 213/305/311 233/326/331 232/325/330
f 213/305/311 214/306/312 234/327/332 233/326/331
f 214/306/312 215/307/313 235/328/333 234/327/332
f 215/307/313 216/308/314 236/329/334 235/328/333
f 216/308/314 217/309/315 237/330/335 236/329/334
f 217/309/315 218/310/316 238/331/336 237/330/335
f 218/310/316 219/311/317 239/332/337 238/331/336
f 219/311/317 220/312/318 240/333/338 239/332/337
f 220/312/318 221/313/319 241/334/339 240/333/338
f 221/313/319 222/314/320 242/335/340 241/334/339
f 222/314/320 203/315/302 223/336/322 242/335/340
f 223/316/322 224/317/321 244/338/341 243/337/342
f 224/317/321 225/318/323 245/339/343 244/338/341
f 225/318/323 226/319/324 246/340/344 245/339/343
f 226/319/324 227/320/325 247/341/345 246/340/344
f 227/320/325 228/321/326 248/342/346 247/341/345
f 228/321/326 229/322/327 249/343/347 248/342/346
f 229/322/327 230/323/328 250/344/348 249/343/347
f 230/323/328 231/324/329 251/345/349 250/344/348
f 231/324/329 232/325/330 252/346/350 251/345/349
f 232/325/330 233/326/331 253/347/351 252/346/350
f 233/326/331 234/327/332 254/348/352 253/347/351
f 234/327/332 235/328/333 255/349/353 254/348/352
f 235/328/333 236/329/334 256/350/354 255/349/353
f 236/329/334 237/330/335 257/351/355 256/350/354
f 237/330/335 238/331/336 258/352/356 257/351/355
f 238/331/336 239/332/337 259/353/357 258/352/356
f 239/332/337 240/333/338 260/354/358 259/353/357
f 240/333/338 241/334/339 261/355/359 260/354/358
f 241/334/339 242/335/340 262/356/360 261/355/359
f 242/335/340 223/336/322 243/357/342 262/356/360
f 243/337/342 244/338/341 264/359/361 263/358/362
f 244/338/341 245/339/343 265/360/363 264/359/361
f 245/339/343 246/340/344 266/361/364 265/360/363
f 246/340/344 247/341/345 267/362/365 266/361/364
f 247/341/345 248/342/346 268/363/366 267/362/365
f 248/342/346 249/343/347 269/364/367 268/363/366
f 249/343/347 250/344/348 270/365/368 269/364/367
f 250/344/348 251/345/349 271/366/369 270/365/368
f 251/345/349 252/346/350 272/367/370 271/366/369
f 252/346/350 253/347/351 273/368/371 272/367/370
f 253/347/351 254/348/352 274/369/372 273/368/371
f 254/348/352 255/349/353 275/370/373 274/369/372
f 255/349/353 256/350/354 276/371/374 275/370/373
f 256/350/354 257/351/355 277/372/375 276/371/374
f 257/351/355 258/352/356 278/373/376 277/372/375
f 258/352/356 259/353/357 279/374/377 278/373/376
f 259/353/357 260/354/358 280/375/378 279/374/377
f 260/354/358 261/355/359 281/376/379 280/375/378
f 261/355/359 262/356/360 282/377/380 281/376/379
f 262/356/360 243/357/342 263/378/362 282/377/380
f 263/358/362 264/359/361 284/380/381 283/379/382
f 264/359/361 265/360/363 285/381/383 284/380/381
f 265/360/363 266/361/364 286/382/384 285/381/383
f 266/361/364 267/362/365 287/383/385 286/382/384
f 267/362/365 268/363/366 288/384/386 287/383/385
f 268/363/366 269/364/367 289/385/387 288/384/386
f 269/364/367 270/365/368 290/386/388 289/385/387
f 270/365/368 271/366/369 291/387/389 290/386/388
f 271/366/369 272/367/370 292/388/390 291/387/389
f 272/367/370 273/368/371 293/389/391 292/388/390
f 273/368/371 274/369/372 294/390/392 293/389/391
f 274/369/372 275/370/373 295/391/393 294/390/392
f 275/370/373 276/371/374 296/392/394 295/391/393
f 276/371/374 277/372/375 297/393/395 296/392/394
f 277/372/375 278/373/376 298/394/396 297/393/395
f 278/373/376 279/374/377 299/395/397 298/394/396
f 279/374/377 280/375/378 300/396/398 299/395/397
f 280/375/378 281/376/379 301/397/399 300/396/398
f 281/376/379 282/377/380 302/398/400 301/397/399
f 282/377/380 263/378/362 283/399/382 302/398/400
s 1
f 306/2/2 305/463/1 405/464/401
f 309/3/5 306/2/2 405/401/401
f 311/4/7 309/3/5 405/402/401
f 313/5/9 311/4/7 405/403/401
f 315/6/11 313/5/9 405/404/401
f 317/7/13 315/6/11 405/405/401
f 319/8/15 317/7/13 405/406/401
f 321/9/17 319/8/15 405/407/401
f 323/10/19 321/9/17 405/408/401
f 325/11/21 323/10/19 405/409/401
f 327/12/23 325/11/21 405/410/401
f 329/13/25 327/12/23 405/411/401
f 331/14/27 329/13/25 405/412/401
f 333/15/29 331/14/27 405/413/401
f 335/16/31 333/15/29 405/414/401
f 337/17/33 335/16/31 405/415/401
f 339/18/35 337/17/33 405/416/401
f 341/19/37 339/18/35 405/417/401
f 343/440/39 341/19/37 405/465/401
s off
f 1/21/402 2/20/403 303/419/404
s 2
f 283/379/382 284/380/381 304/420/405
f 284/380/381 285/381/383 304/421/405
f 285/381/383 286/382/384 304/422/405
f 286/382/384 287/383/385 304/423/405
f 287/383/385 288/384/386 304/424/405
f 288/384/386 289/385/387 304/425/405
f 289/385/387 290/386/388 304/426/405
f 290/386/388 291/387/389 304/427/405
f 291/387/389 292/388/390 304/428/405
f 292/388/390 293/389/391 304/429/405
f 293/389/391 294/390/392 304/430/405
f 294/390/392 295/391/393 304/431/405
f 295/391/393 296/392/394 304/432/405
f 296/392/394 297/393/395 304/433/405
f 297/393/395 298/394/396 304/434/405
f 298/394/396 299/395/397 304/435/405
f 299/395/397 300/396/398 304/436/405
f 300/396/398 301/397/399 304/437/405
f 301/397/399 302/398/400 304/438/405
f 302/398/400 283/399/382 304/439/405
s off
f 2/20/406 1/21/407 305/441/408 343/440/409
s 3
f 4/86/410 3/85/411 386/443/412 385/442/413
f 5/87/414 4/86/410 385/442/413 387/444/415
f 6/88/416 5/87/414 387/444/415 388/445/417
f 7/89/418 6/88/416 388/445/417 389/446/419
f 8/90/420 7/89/418 389/446/419 390/447/421
f 9/91/422 8/90/420 390/447/421 391/448/423
f 10/92/424 9/91/422 391/448/423 392/449/425
f 11/93/426 10/92/424 392/449/425 393/450/427
f 12/94/428 11/93/426 393/450/427 394/451/429
f 13/95/430 12/94/428 394/451/429 395/452/431
f 14/96/432 13/95/430 395/452/431 396/453/433
f 15/97/434 14/96/432 396/453/433 397/454/435
f 16/98/436 15/97/434 397/454/435 398/455/437
f 17/99/438 16/98/436 398/455/437 399/456/439
f 18/100/440 17/99/438 399/456/439 400/457/441
f 19/101/442 18/100/440 400/457/441 401/458/443
f 20/102/444 19/101/442 401/458/443 402/459/445
f 21/103/446 20/102/444 402/459/445 403/460/447
f 22/104/448 21/103/446 403/460/447 404/461/449
f 3/105/411 22/104/448 404/461/449 386/462/412
s off
f 1/1/450 303/400/451 405/464/452 305/463/453
f 303/418/454 2/20/455 343/440/456 405/465/457
f 455/466/458 435/467/459 420/468/460 454/469/461
f 450/470/462 451/471/463 408/472/464 430/473/465
f 460/474/466 407/475/467 410/476/468 459/477/469
f 437/478/470 430/479/471 408/480/472 412/481/473
f 408/480/474 451/482/475 452/483/476 412/481/477
f 409/484/478 431/485/479 432/486/480 413/487/481
f 459/477/482 410/476/483 414/488/484 458/489/485
f 437/478/486 412/481/487 416/490/488 436/491/489
f 412/481/490 452/483/491 453/492/492 416/490/493
f 413/487/494 432/486/495 433/493/496 417/494/497
f 458/489/498 414/488/499 418/495/500 457/496/501
f 436/491/502 416/490/503 420/468/504 435/467/505
f 416/490/506 453/492/507 454/469/508 420/468/509
f 417/494/510 433/493/511 434/497/512 421/498/513
f 460/499/514 461/500/515 422/501/516 407/502/517
f 424/503/518 423/504/519 406/505/520 411/506/521
f 425/507/522 424/503/523 411/506/524 415/508/525
f 426/509/526 425/507/527 415/508/528 419/510/529
f 457/496/530 418/495/531 427/511/532 456/512/533
f 414/488/534 428/513/535 427/511/536 418/495/537
f 410/476/538 429/514/539 428/513/540 414/488/541
f 407/475/542 422/515/543 429/514/544 410/476/545
f 461/500/546 450/470/547 430/473/548 422/501/549
f 432/486/550 431/485/551 423/504/552 424/503/553
f 433/493/554 432/486/555 424/503/556 425/507/557
f 434/497/558 433/493/559 425/507/560 426/509/561
f 456/512/562 427/511/563 435/467/564 455/466/565
f 428/513/566 436/491/567 435/467/568 427/511/569
f 429/514/570 437/478/571 436/491/572 428/513/573
f 429/514/574 422/515/575 430/479/576 437/478/577
f 431/516/578 409/517/579 439/518/580 438/519/581
f 440/520/582 439/521/583 409/484/584 413/487/585
f 441/522/586 440/520/587 413/487/588 417/494/589
f 442/523/590 441/522/591 417/494/592 421/498/593
f 434/497/594 443/524/595 442/523/596 421/498/597
f 426/509/598 444/525/599 443/524/600 434/497/601
f 419/510/602 445/526/603 444/525/604 426/509/605
f 415/508/606 446/527/607 445/526/608 419/510/609
f 411/506/610 447/528/611 446/527/612 415/508/613
f 406/505/614 448/529/615 447/528/616 411/506/617
f 406/530/618 423/531/619 449/532/620 448/533/621
f 423/531/622 431/516/623 438/519/624 449/532/625
f 438/519/626 439/518/627 451/471/628 450/470/629
f 452/483/630 451/482/631 439/521/632 440/520/633
f 453/492/634 452/483/635 440/520/636 441/522/637
f 454/469/638 453/492/639 441/522/640 442/523/641
f 443/524/642 455/466/643 454/469/644 442/523/645
f 444/525/646 456/512/647 455/466/648 443/524/649
f 445/526/650 457/496/651 456/512/652 444/525/653
f 446/527/654 458/489/655 457/496/656 445/526/657
f 447/528/658 459/477/659 458/489/660 446/527/661
f 448/529/662 460/474/663 459/477/664 447/528/665
f 448/533/666 449/532/667 461/500/668 460/499/669
f 462/534/670 463/535/671 464/536/672 465/537/673
f 449/532/674 438/519/675 463/535/676 462/534/677
f 438/519/678 450/470/679 464/536/680 463/535/681
f 471/538/682 470/539/683 472/540/684 473/541/685
f 461/500/686 449/532/687 462/534/688 465/537/689
f 450/470/690 461/500/691 466/542/692 467/543/693
f 461/500/694 465/537/695 468/544/696 466/542/697
f 465/537/698 464/536/699 469/545/700 468/544/701
f 464/536/702 450/470/703 467/543/704 469/545/705
f 467/543/706 466/542/707 470/539/708 471/538/709
f 466/542/710 468/544/711 472/540/712 470/539/713
f 468/544/714 469/545/715 473/541/716 472/540/717
f 469/545/718 467/543/719 471/538/720 473/541/721
g default
v 13.219128 71.330490 42.603363
v 13.219128 71.316223 42.693405
v 13.219128 70.354935 42.286377
v 13.219128 70.542023 41.919205
v 13.219128 70.833420 41.627792
v 13.219189 71.200607 41.440720
v 13.219128 71.607620 41.376251
v 13.219128 72.014648 41.440720
v 13.219189 72.381821 41.627808
v 13.219128 72.673218 41.919205
v 13.219128 72.860306 42.286392
v 13.219128 72.924774 42.693405
v 13.219128 72.860306 43.100418
v 13.219128 72.673218 43.467606
v 13.219189 72.381821 43.759003
v 13.219128 72.014648 43.946091
v 13.219128 71.607620 44.010544
v 13.219128 71.200607 43.946091
v 13.219128 70.833420 43.759003
v 13.219128 70.542023 43.467606
v 13.219189 70.354935 43.100418
v 13.219189 70.290466 42.693405
v 13.255077 70.174400 42.227722
v 13.255138 70.388451 41.807617
v 13.255077 70.721840 41.474228
v 13.255077 71.141937 41.260162
v 13.255077 71.607620 41.186417
v 13.255077 72.073303 41.260162
v 13.255077 72.493408 41.474228
v 13.255077 72.826797 41.807617
v 13.255077 73.040848 42.227722
v 13.255077 73.114609 42.693405
v 13.255077 73.040848 43.159088
v 13.255077 72.826797 43.579193
v 13.255077 72.493408 43.912582
v 13.255077 72.073303 44.126633
v 13.255077 71.607620 44.200394
v 13.255077 71.141937 44.126633
v 13.255077 70.721840 43.912582
v 13.255077 70.388451 43.579178
v 13.255077 70.174400 43.159088
v 13.255138 70.100639 42.693405
v 13.255077 70.029144 42.180527
v 13.255077 70.264893 41.717850
v 13.255077 70.632072 41.350662
v 13.255077 71.094742 41.114929
v 13.255077 71.607620 41.033691
v 13.255077 72.120499 41.114929
v 13.255077 72.583176 41.350662
v 13.255077 72.950356 41.717850
v 13.255138 73.186096 42.180542
v 13.255138 73.267334 42.693405
v 13.255138 73.186096 43.206268
v 13.255138 72.950356 43.668945
v 13.255077 72.583176 44.036133
v 13.255077 72.120499 44.271881
v 13.255077 71.607620 44.353104
v 13.255077 71.094749 44.271881
v 13.255138 70.632072 44.036133
v 13.255077 70.264893 43.668961
v 13.255077 70.029144 43.206284
v 13.255077 69.947914 42.693405
v 13.362194 69.922760 42.145950
v 13.362133 70.174393 41.652100
v 13.362194 70.566330 41.260162
v 13.362194 71.060181 41.008530
v 13.362133 71.607620 40.921860
v 13.362133 72.155060 41.008545
v 13.362133 72.648926 41.260178
v 13.362133 73.040848 41.652115
v 13.362133 73.292480 42.145966
v 13.362194 73.379181 42.693405
v 13.362133 73.292480 43.240845
v 13.362194 73.040848 43.734695
v 13.362133 72.648926 44.126633
v 13.362133 72.155060 44.378265
v 13.362133 71.607620 44.464966
v 13.362194 71.060181 44.378265
v 13.362133 70.566330 44.126633
v 13.362133 70.174393 43.734711
v 13.362194 69.922760 43.240860
v 13.362133 69.836060 42.693405
v 13.491649 69.857864 42.124863
v 13.491649 70.119194 41.611984
v 13.491588 70.526215 41.204971
v 13.491588 71.039093 40.943634
v 13.491649 71.607620 40.853592
v 13.491649 72.176147 40.943649
v 13.491649 72.689026 41.204971
v 13.491649 73.096054 41.612015
v 13.491649 73.357376 42.124878
v 13.491649 73.447418 42.693405
v 13.491649 73.357376 43.261932
v 13.491649 73.096054 43.774811
v 13.491649 72.689026 44.181839
v 13.491649 72.176147 44.443161
v 13.491649 71.607620 44.533203
v 13.491649 71.039093 44.443161
v 13.491649 70.526215 44.181839
v 13.491588 70.119194 43.774811
v 13.491649 69.857864 43.261948
v 13.491649 69.767822 42.693405
v 13.680065 69.836060 42.117798
v 13.680004 70.100639 41.598526
v 13.680065 70.512733 41.186432
v 13.680065 71.032005 40.921844
v 13.680065 71.607620 40.830673
v 13.680004 72.183243 40.921860
v 13.680004 72.702507 41.186417
v 13.680004 73.114609 41.598526
v 13.680065 73.379189 42.117783
v 13.680065 73.470360 42.693405
v 13.680065 73.379189 43.269012
v 13.680004 73.114609 43.788284
v 13.680065 72.702507 44.200394
v 13.680004 72.183243 44.464981
v 13.680065 71.607620 44.556137
v 13.680004 71.032005 44.464966
v 13.680004 70.512733 44.200394
v 13.680065 70.100639 43.788284
v 13.680065 69.836060 43.269028
v 13.680065 69.744888 42.693405
v 13.868420 69.857872 42.124863
v 13.868420 70.119194 41.611984
v 13.868420 70.526215 41.204971
v 13.868420 71.039093 40.943634
v 13.868420 71.607620 40.853592
v 13.868481 72.176155 40.943649
v 13.868481 72.689034 41.204971
v 13.868420 73.096054 41.612015
v 13.868420 73.357376 42.124878
v 13.868420 73.447426 42.693405
v 13.868420 73.357376 43.261932
v 13.868420 73.096054 43.774811
v 13.868420 72.689034 44.181839
v 13.868420 72.176155 44.443161
v 13.868420 71.607620 44.533203
v 13.868420 71.039093 44.443161
v 13.868420 70.526215 44.181839
v 13.868420 70.119194 43.774811
v 13.868481 69.857872 43.261948
v 13.868481 69.767822 42.693405
v 14.052196 69.922768 42.145950
v 14.052196 70.174400 41.652100
v 14.052196 70.566322 41.260162
v 14.052196 71.060181 41.008530
v 14.052196 71.607620 40.921860
v 14.052196 72.155067 41.008545
v 14.052196 72.648926 41.260178
v 14.052196 73.040848 41.652115
v 14.052196 73.292480 42.145966
v 14.052196 73.379189 42.693405
v 14.052196 73.292480 43.240845
v 14.052196 73.040848 43.734695
v 14.052135 72.648926 44.126633
v 14.052196 72.155067 44.378265
v 14.052196 71.607620 44.464966
v 14.052196 71.060181 44.378265
v 14.052196 70.566322 44.126633
v 14.052196 70.174400 43.734711
v 14.052196 69.922768 43.240860
v 14.052196 69.836060 42.693405
v 14.226757 70.029144 42.180527
v 14.226818 70.264893 41.717850
v 14.226757 70.632072 41.350662
v 14.226818 71.094742 41.114929
v 14.226818 71.607620 41.033691
v 14.226818 72.120499 41.114929
v 14.226818 72.583176 41.350662
v 14.226757 72.950356 41.717850
v 14.226818 73.186096 42.180542
v 14.226818 73.267334 42.693405
v 14.226818 73.186096 43.206268
v 14.226818 72.950356 43.668945
v 14.226757 72.583176 44.036133
v 14.226757 72.120499 44.271881
v 14.226818 71.607620 44.353104
v 14.226818 71.094742 44.271881
v 14.226818 70.632072 44.036133
v 14.226757 70.264893 43.668961
v 14.226818 70.029144 43.206284
v 14.226818 69.947914 42.693405
v 14.387951 70.174393 42.227722
v 14.387951 70.388451 41.807617
v 14.387951 70.721840 41.474228
v 14.387890 71.141937 41.260162
v 14.387951 71.607620 41.186417
v 14.387951 72.073303 41.260162
v 14.387890 72.493408 41.474228
v 14.387890 72.826797 41.807617
v 14.387890 73.040848 42.227722
v 14.387890 73.114609 42.693405
v 14.387890 73.040848 43.159088
v 14.387890 72.826797 43.579193
v 14.387890 72.493408 43.912582
v 14.387951 72.073303 44.126633
v 14.387951 71.607620 44.200394
v 14.387951 71.141937 44.126633
v 14.387890 70.721840 43.912582
v 14.387951 70.388451 43.579178
v 14.387890 70.174400 43.159088
v 14.387951 70.100639 42.693405
v 14.531628 70.354935 42.286377
v 14.531628 70.542023 41.919205
v 14.531628 70.833420 41.627792
v 14.531628 71.200600 41.440720
v 14.531628 71.607620 41.376251
v 14.531628 72.014648 41.440720
v 14.531628 72.381828 41.627808
v 14.531628 72.673218 41.919205
v 14.531628 72.860306 42.286392
v 14.531628 72.924774 42.693405
v 14.531628 72.860306 43.100418
v 14.531628 72.673218 43.467606
v 14.531628 72.381828 43.759003
v 14.531628 72.014648 43.946091
v 14.531628 71.607620 44.010544
v 14.531628 71.200600 43.946091
v 14.531628 70.833420 43.759003
v 14.531628 70.542023 43.467606
v 14.531628 70.354935 43.100418
v 14.531628 70.290474 42.693405
v 14.654369 70.566322 42.355057
v 14.654369 70.721840 42.049850
v 14.654369 70.964066 41.807617
v 14.654369 71.269287 41.652115
v 14.654369 71.607620 41.598511
v 14.654369 71.945961 41.652100
v 14.654308 72.251183 41.807617
v 14.654308 72.493408 42.049850
v 14.654308 72.648926 42.355072
v 14.654308 72.702515 42.693405
v 14.654308 72.648926 43.031738
v 14.654308 72.493408 43.336960
v 14.654369 72.251183 43.579178
v 14.654369 71.945961 43.734695
v 14.654369 71.607620 43.788284
v 14.654369 71.269287 43.734711
v 14.654369 70.964066 43.579193
v 14.654308 70.721840 43.336960
v 14.654308 70.566322 43.031738
v 14.654369 70.512733 42.693405
v 14.753063 70.803345 42.432083
v 14.753124 70.923470 42.196335
v 14.753124 71.110558 42.009247
v 14.753124 71.346298 41.889130
v 14.753124 71.607620 41.847733
v 14.753063 71.868950 41.889130
v 14.753124 72.104691 42.009262
v 14.753063 72.291779 42.196335
v 14.753124 72.411896 42.432083
v 14.753124 72.453285 42.693405
v 14.753124 72.411896 42.954727
v 14.753063 72.291779 43.190460
v 14.753124 72.104691 43.377563
v 14.753124 71.868950 43.497665
v 14.753124 71.607620 43.539062
v 14.753063 71.346298 43.497681
v 14.753063 71.110558 43.377563
v 14.753063 70.923470 43.190475
v 14.753124 70.803352 42.954727
v 14.753124 70.761963 42.693405
v 14.825390 71.060181 42.515518
v 14.825390 71.141937 42.355057
v 14.825451 71.269287 42.227722
v 14.825390 71.429749 42.145950
v 14.825451 71.607620 42.117783
v 14.825451 71.785500 42.145950
v 14.825390 71.945961 42.227722
v 14.825451 72.073303 42.355057
v 14.825390 72.155067 42.515533
v 14.825390 72.183243 42.693405
v 14.825390 72.155067 42.871277
v 14.825451 72.073303 43.031738
v 14.825390 71.945961 43.159088
v 14.825451 71.785500 43.240845
v 14.825451 71.607620 43.269028
v 14.825390 71.429749 43.240845
v 14.825451 71.269287 43.159088
v 14.825451 71.141937 43.031738
v 14.825451 71.060181 42.871277
v 14.825390 71.032005 42.693405
v 14.869518 71.330490 42.603363
v 14.869518 71.371880 42.522125
v 14.869579 71.436348 42.457657
v 14.869579 71.517578 42.416275
v 14.869518 71.607620 42.402008
v 14.869518 71.697670 42.416275
v 14.869518 71.778900 42.457657
v 14.869518 71.843369 42.522125
v 14.869518 71.884758 42.603363
v 14.869579 71.899017 42.693405
v 14.869518 71.884758 42.783447
v 14.869518 71.843369 42.864685
v 14.869518 71.778900 42.929153
v 14.869518 71.697670 42.970535
v 14.869518 71.607620 42.984802
v 14.869579 71.517578 42.970535
v 14.869579 71.436348 42.929153
v 14.869518 71.371880 42.864685
v 14.869518 71.330490 42.783447
v 14.869518 71.316223 42.693405
v 13.219128 71.607620 42.693405
v 14.884350 71.607620 42.693405
v 12.099193 71.330490 42.603363
v 12.099193 71.371864 42.522110
v 12.099254 71.141922 42.355072
v 12.099254 71.060165 42.515533
v 12.099254 71.436348 42.457657
v 12.099193 71.269272 42.227722
v 12.099254 71.517586 42.416275
v 12.099254 71.429733 42.145966
v 12.099254 71.607613 42.402023
v 12.099254 71.607620 42.117798
v 12.099193 71.697670 42.416260
v 12.099193 71.785477 42.145950
v 12.099193 71.778908 42.457657
v 12.099254 71.945969 42.227722
v 12.099254 71.843361 42.522125
v 12.099193 72.073288 42.355072
v 12.099254 71.884750 42.603363
v 12.099254 72.155075 42.515533
v 12.099193 71.899002 42.693405
v 12.099254 72.183243 42.693405
v 12.099254 71.884750 42.783447
v 12.099254 72.155090 42.871277
v 12.099254 71.843369 42.864685
v 12.099193 72.073303 43.031738
v 12.099193 71.778885 42.929138
v 12.099254 71.945984 43.159073
v 12.099193 71.697647 42.970535
v 12.099193 71.785492 43.240860
v 12.099254 71.607620 42.984787
v 12.099254 71.607635 43.269028
v 12.099254 71.517563 42.970535
v 12.099254 71.429749 43.240860
v 12.099254 71.436325 42.929153
v 12.099193 71.269287 43.159088
v 12.099193 71.371872 42.864685
v 12.099254 71.141937 43.031738
v 12.099193 71.330490 42.783447
v 12.099193 71.060181 42.871277
v 12.099193 71.316208 42.693390
v 12.099193 71.031998 42.693405
v 12.099254 70.923462 42.196335
v 12.099193 70.803345 42.432083
v 12.099193 71.110558 42.009247
v 12.099254 71.346306 41.889130
v 12.099254 71.607628 41.847733
v 12.099193 71.868950 41.889130
v 12.099254 72.104706 42.009247
v 12.099254 72.291779 42.196335
v 12.099254 72.411896 42.432083
v 12.099254 72.453308 42.693405
v 12.099254 72.411896 42.954727
v 12.099254 72.291779 43.190475
v 12.099254 72.104706 43.377548
v 12.099193 71.868958 43.497681
v 12.099254 71.607635 43.539062
v 12.099254 71.346313 43.497681
v 12.099254 71.110565 43.377563
v 12.099193 70.923462 43.190460
v 12.099254 70.803345 42.954727
v 12.099254 70.761963 42.693405
v 12.099193 70.721840 42.049850
v 12.099193 70.566299 42.355057
v 12.099193 70.964058 41.807632
v 12.099193 71.269295 41.652100
v 12.099254 71.607613 41.598526
v 12.099254 71.945961 41.652115
v 12.099254 72.251198 41.807617
v 12.099193 72.493416 42.049835
v 12.099193 72.648911 42.355072
v 12.099193 72.702499 42.693405
v 12.099193 72.648918 43.031738
v 12.099193 72.493401 43.336975
v 12.099254 72.251183 43.579193
v 12.099254 71.945976 43.734711
v 12.099254 71.607628 43.788284
v 12.099193 71.269279 43.734695
v 12.099254 70.964073 43.579178
v 12.099254 70.721855 43.336960
v 12.099254 70.566330 43.031738
v 12.099254 70.512741 42.693405
v 12.099193 70.542030 41.919205
v 12.099254 70.354935 42.286377
v 12.099193 70.833412 41.627823
v 12.099193 71.200600 41.440720
v 12.099254 71.607613 41.376251
v 12.099254 72.014656 41.440720
v 12.099254 72.381813 41.627792
v 12.099254 72.673203 41.919205
v 12.099254 72.860306 42.286392
v 12.099193 72.924774 42.693405
v 12.099254 72.860321 43.100418
v 12.099193 72.673218 43.467606
v 12.099254 72.381813 43.759003
v 12.099254 72.014656 43.946091
v 12.099254 71.607613 44.010559
v 12.099254 71.200600 43.946091
v 12.099193 70.833412 43.759003
v 12.099254 70.542023 43.467606
v 12.099193 70.354950 43.100418
v 12.099193 70.290451 42.693405
v 12.099193 71.607613 42.693405
v 11.157116 63.187683 22.558411
v 11.157116 79.426071 22.558411
v 11.157116 79.426071 61.000259
v 11.157116 63.187683 61.000259
v 13.066173 79.426071 22.558411
v 13.066173 63.187683 22.558411
v 13.066173 79.426071 61.000259
v 13.066173 63.187683 61.000259
v 13.066173 79.157623 23.193893
v 13.066173 63.456108 23.193893
v 13.066173 79.157623 60.364746
v 13.066173 63.456108 60.364746
v 12.181042 78.058823 24.445755
v 12.181042 64.554924 24.445755
v 12.181042 78.058823 59.112869
v 12.181042 64.554924 59.112869
v 11.157116 79.426071 24.411224
v 11.157116 63.187683 24.411224
v 13.066173 63.187683 24.411224
v 13.066173 63.456108 24.985443
v 12.181042 64.554924 26.116623
v 12.181042 78.058823 26.116623
v 13.066173 79.157623 24.985443
v 13.066173 79.426071 24.411224
v 11.157116 79.426071 59.147415
v 11.157116 63.187683 59.147415
v 13.066173 63.187683 59.147415
v 13.066173 63.456108 58.573196
v 12.181042 64.554924 57.442001
v 12.181042 78.058823 57.442001
v 13.066173 79.157623 58.573196
v 13.066173 79.426071 59.147415
v 11.157116 64.576027 59.147415
v 11.157116 64.576027 61.000259
v 13.066173 64.576027 61.000259
v 13.066173 64.798569 60.364746
v 12.181042 65.709480 59.112869
v 12.181042 65.709480 57.442001
v 12.181042 65.709480 26.116623
v 12.181042 65.709480 24.445755
v 13.066173 64.798569 23.193893
v 13.066173 64.576027 22.558411
v 11.157116 64.576027 22.558411
v 11.157116 64.576027 24.411240
v 11.157116 78.037704 59.147415
v 11.157116 78.037704 61.000259
v 13.066173 78.037704 61.000259
v 13.066173 77.815178 60.364746
v 12.181042 76.904236 59.112869
v 12.181042 76.904236 57.442001
v 12.181042 76.904236 26.116623
v 12.181042 76.904236 24.445755
v 13.066173 77.815178 23.193893
v 13.066173 78.037704 22.558411
v 11.157116 78.037704 22.558411
v 11.157116 78.037704 24.411240
v -9.610584 64.576027 24.411240
v -9.610584 64.576027 59.147415
v -9.610584 78.037704 59.147415
v -9.610584 78.037704 24.411240
v 10.245251 78.037704 25.936432
v 10.245251 78.037704 57.622223
v -8.698658 78.037704 25.936432
v -8.698658 78.037704 57.622223
v 10.245251 66.414917 25.936432
v 10.245251 66.414917 57.622223
v -8.698658 66.414917 25.936432
v -8.698658 66.414917 57.622223
vt 0.000000 0.050000
vt 0.050000 0.050000
vt 0.100000 0.050000
vt 0.150000 0.050000
vt 0.200000 0.050000
vt 0.250000 0.050000
vt 0.300000 0.050000
vt 0.350000 0.050000
vt 0.400000 0.050000
vt 0.450000 0.050000
vt 0.500000 0.050000
vt 0.550000 0.050000
vt 0.600000 0.050000
vt 0.650000 0.050000
vt 0.700000 0.050000
vt 0.750000 0.050000
vt 0.800000 0.050000
vt 0.850000 0.050000
vt 0.900000 0.050000
vt 0.950000 0.050000
vt 1.000000 0.050000
vt 0.000000 0.100000
vt 0.050000 0.100000
vt 0.100000 0.100000
vt 0.150000 0.100000
vt 0.200000 0.100000
vt 0.250000 0.100000
vt 0.300000 0.100000
vt 0.350000 0.100000
vt 0.400000 0.100000
vt 0.450000 0.100000
vt 0.500000 0.100000
vt 0.550000 0.100000
vt 0.600000 0.100000
vt 0.650000 0.100000
vt 0.700000 0.100000
vt 0.750000 0.100000
vt 0.800000 0.100000
vt 0.850000 0.100000
vt 0.900000 0.100000
vt 0.950000 0.100000
vt 1.000000 0.100000
vt 0.000000 0.150000
vt 0.050000 0.150000
vt 0.100000 0.150000
vt 0.150000 0.150000
vt 0.200000 0.150000
vt 0.250000 0.150000
vt 0.300000 0.150000
vt 0.350000 0.150000
vt 0.400000 0.150000
vt 0.450000 0.150000
vt 0.500000 0.150000
vt 0.550000 0.150000
vt 0.600000 0.150000
vt 0.650000 0.150000
vt 0.700000 0.150000
vt 0.750000 0.150000
vt 0.800000 0.150000
vt 0.850000 0.150000
vt 0.900000 0.150000
vt 0.950000 0.150000
vt 1.000000 0.150000
vt 0.000000 0.200000
vt 0.050000 0.200000
vt 0.100000 0.200000
vt 0.150000 0.200000
vt 0.200000 0.200000
vt 0.250000 0.200000
vt 0.300000 0.200000
vt 0.350000 0.200000
vt 0.400000 0.200000
vt 0.450000 0.200000
vt 0.500000 0.200000
vt 0.550000 0.200000
vt 0.600000 0.200000
vt 0.650000 0.200000
vt 0.700000 0.200000
vt 0.750000 0.200000
vt 0.800000 0.200000
vt 0.850000 0.200000
vt 0.900000 0.200000
vt 0.950000 0.200000
vt 1.000000 0.200000
vt 0.000000 0.250000
vt 0.050000 0.250000
vt 0.100000 0.250000
vt 0.150000 0.250000
vt 0.200000 0.250000
vt 0.250000 0.250000
vt 0.300000 0.250000
vt 0.350000 0.250000
vt 0.400000 0.250000
vt 0.450000 0.250000
vt 0.500000 0.250000
vt 0.550000 0.250000
vt 0.600000 0.250000
vt 0.650000 0.250000
vt 0.700000 0.250000
vt 0.750000 0.250000
vt 0.800000 0.250000
vt 0.850000 0.250000
vt 0.900000 0.250000
vt 0.950000 0.250000
vt 1.000000 0.250000
vt 0.000000 0.300000
vt 0.050000 0.300000
vt 0.100000 0.300000
vt 0.150000 0.300000
vt 0.200000 0.300000
vt 0.250000 0.300000
vt 0.300000 0.300000
vt 0.350000 0.300000
vt 0.400000 0.300000
vt 0.450000 0.300000
vt 0.500000 0.300000
vt 0.550000 0.300000
vt 0.600000 0.300000
vt 0.650000 0.300000
vt 0.700000 0.300000
vt 0.750000 0.300000
vt 0.800000 0.300000
vt 0.850000 0.300000
vt 0.900000 0.300000
vt 0.950000 0.300000
vt 1.000000 0.300000
vt 0.000000 0.350000
vt 0.050000 0.350000
vt 0.100000 0.350000
vt 0.150000 0.350000
vt 0.200000 0.350000
vt 0.250000 0.350000
vt 0.300000 0.350000
vt 0.350000 0.350000
vt 0.400000 0.350000
vt 0.450000 0.350000
vt 0.500000 0.350000
vt 0.550000 0.350000
vt 0.600000 0.350000
vt 0.650000 0.350000
vt 0.700000 0.350000
vt 0.750000 0.350000
vt 0.800000 0.350000
vt 0.850000 0.350000
vt 0.900000 0.350000
vt 0.950000 0.350000
vt 1.000000 0.350000
vt 0.000000 0.400000
vt 0.050000 0.400000
vt 0.100000 0.400000
vt 0.150000 0.400000
vt 0.200000 0.400000
vt 0.250000 0.400000
vt 0.300000 0.400000
vt 0.350000 0.400000
vt 0.400000 0.400000
vt 0.450000 0.400000
vt 0.500000 0.400000
vt 0.550000 0.400000
vt 0.600000 0.400000
vt 0.650000 0.400000
vt 0.700000 0.400000
vt 0.750000 0.400000
vt 0.800000 0.400000
vt 0.850000 0.400000
vt 0.900000 0.400000
vt 0.950000 0.400000
vt 1.000000 0.400000
vt 0.000000 0.450000
vt 0.050000 0.450000
vt 0.100000 0.450000
vt 0.150000 0.450000
vt 0.200000 0.450000
vt 0.250000 0.450000
vt 0.300000 0.450000
vt 0.350000 0.450000
vt 0.400000 0.450000
vt 0.450000 0.450000
vt 0.500000 0.450000
vt 0.550000 0.450000
vt 0.600000 0.450000
vt 0.650000 0.450000
vt 0.700000 0.450000
vt 0.750000 0.450000
vt 0.800000 0.450000
vt 0.850000 0.450000
vt 0.900000 0.450000
vt 0.950000 0.450000
vt 1.000000 0.450000
vt 0.000000 0.500000
vt 0.050000 0.500000
vt 0.100000 0.500000
vt 0.150000 0.500000
vt 0.200000 0.500000
vt 0.250000 0.500000
vt 0.300000 0.500000
vt 0.350000 0.500000
vt 0.400000 0.500000
vt 0.450000 0.500000
vt 0.500000 0.500000
vt 0.550000 0.500000
vt 0.600000 0.500000
vt 0.650000 0.500000
vt 0.700000 0.500000
vt 0.750000 0.500000
vt 0.800000 0.500000
vt 0.850000 0.500000
vt 0.900000 0.500000
vt 0.950000 0.500000
vt 1.000000 0.500000
vt 0.000000 0.550000
vt 0.050000 0.550000
vt 0.100000 0.550000
vt 0.150000 0.550000
vt 0.200000 0.550000
vt 0.250000 0.550000
vt 0.300000 0.550000
vt 0.350000 0.550000
vt 0.400000 0.550000
vt 0.450000 0.550000
vt 0.500000 0.550000
vt 0.550000 0.550000
vt 0.600000 0.550000
vt 0.650000 0.550000
vt 0.700000 0.550000
vt 0.750000 0.550000
vt 0.800000 0.550000
vt 0.850000 0.550000
vt 0.900000 0.550000
vt 0.950000 0.550000
vt 1.000000 0.550000
vt 0.000000 0.600000
vt 0.050000 0.600000
vt 0.100000 0.600000
vt 0.150000 0.600000
vt 0.200000 0.600000
vt 0.250000 0.600000
vt 0.300000 0.600000
vt 0.350000 0.600000
vt 0.400000 0.600000
vt 0.450000 0.600000
vt 0.500000 0.600000
vt 0.550000 0.600000
vt 0.600000 0.600000
vt 0.650000 0.600000
vt 0.700000 0.600000
vt 0.750000 0.600000
vt 0.800000 0.600000
vt 0.850000 0.600000
vt 0.900000 0.600000
vt 0.950000 0.600000
vt 1.000000 0.600000
vt 0.000000 0.650000
vt 0.050000 0.650000
vt 0.100000 0.650000
vt 0.150000 0.650000
vt 0.200000 0.650000
vt 0.250000 0.650000
vt 0.300000 0.650000
vt 0.350000 0.650000
vt 0.400000 0.650000
vt 0.450000 0.650000
vt 0.500000 0.650000
vt 0.550000 0.650000
vt 0.600000 0.650000
vt 0.650000 0.650000
vt 0.700000 0.650000
vt 0.750000 0.650000
vt 0.800000 0.650000
vt 0.850000 0.650000
vt 0.900000 0.650000
vt 0.950000 0.650000
vt 1.000000 0.650000
vt 0.000000 0.700000
vt 0.050000 0.700000
vt 0.100000 0.700000
vt 0.150000 0.700000
vt 0.200000 0.700000
vt 0.250000 0.700000
vt 0.300000 0.700000
vt 0.350000 0.700000
vt 0.400000 0.700000
vt 0.450000 0.700000
vt 0.500000 0.700000
vt 0.550000 0.700000
vt 0.600000 0.700000
vt 0.650000 0.700000
vt 0.700000 0.700000
vt 0.750000 0.700000
vt 0.800000 0.700000
vt 0.850000 0.700000
vt 0.900000 0.700000
vt 0.950000 0.700000
vt 1.000000 0.700000
vt 0.000000 0.750000
vt 0.050000 0.750000
vt 0.100000 0.750000
vt 0.150000 0.750000
vt 0.200000 0.750000
vt 0.250000 0.750000
vt 0.300000 0.750000
vt 0.350000 0.750000
vt 0.400000 0.750000
vt 0.450000 0.750000
vt 0.500000 0.750000
vt 0.550000 0.750000
vt 0.600000 0.750000
vt 0.650000 0.750000
vt 0.700000 0.750000
vt 0.750000 0.750000
vt 0.800000 0.750000
vt 0.850000 0.750000
vt 0.900000 0.750000
vt 0.950000 0.750000
vt 1.000000 0.750000
vt 0.000000 0.800000
vt 0.050000 0.800000
vt 0.100000 0.800000
vt 0.150000 0.800000
vt 0.200000 0.800000
vt 0.250000 0.800000
vt 0.300000 0.800000
vt 0.350000 0.800000
vt 0.400000 0.800000
vt 0.450000 0.800000
vt 0.500000 0.800000
vt 0.550000 0.800000
vt 0.600000 0.800000
vt 0.650000 0.800000
vt 0.700000 0.800000
vt 0.750000 0.800000
vt 0.800000 0.800000
vt 0.850000 0.800000
vt 0.900000 0.800000
vt 0.950000 0.800000
vt 1.000000 0.800000
vt 0.000000 0.850000
vt 0.050000 0.850000
vt 0.100000 0.850000
vt 0.150000 0.850000
vt 0.200000 0.850000
vt 0.250000 0.850000
vt 0.300000 0.850000
vt 0.350000 0.850000
vt 0.400000 0.850000
vt 0.450000 0.850000
vt 0.500000 0.850000
vt 0.550000 0.850000
vt 0.600000 0.850000
vt 0.650000 0.850000
vt 0.700000 0.850000
vt 0.750000 0.850000
vt 0.800000 0.850000
vt 0.850000 0.850000
vt 0.900000 0.850000
vt 0.950000 0.850000
vt 1.000000 0.850000
vt 0.000000 0.900000
vt 0.050000 0.900000
vt 0.100000 0.900000
vt 0.150000 0.900000
vt 0.200000 0.900000
vt 0.250000 0.900000
vt 0.300000 0.900000
vt 0.350000 0.900000
vt 0.400000 0.900000
vt 0.450000 0.900000
vt 0.500000 0.900000
vt 0.550000 0.900000
vt 0.600000 0.900000
vt 0.650000 0.900000
vt 0.700000 0.900000
vt 0.750000 0.900000
vt 0.800000 0.900000
vt 0.850000 0.900000
vt 0.900000 0.900000
vt 0.950000 0.900000
vt 1.000000 0.900000
vt 0.000000 0.950000
vt 0.050000 0.950000
vt 0.100000 0.950000
vt 0.150000 0.950000
vt 0.200000 0.950000
vt 0.250000 0.950000
vt 0.300000 0.950000
vt 0.350000 0.950000
vt 0.400000 0.950000
vt 0.450000 0.950000
vt 0.500000 0.950000
vt 0.550000 0.950000
vt 0.600000 0.950000
vt 0.650000 0.950000
vt 0.700000 0.950000
vt 0.750000 0.950000
vt 0.800000 0.950000
vt 0.850000 0.950000
vt 0.900000 0.950000
vt 0.950000 0.950000
vt 1.000000 0.950000
vt 0.025000 0.000000
vt 0.075000 0.000000
vt 0.125000 0.000000
vt 0.175000 0.000000
vt 0.225000 0.000000
vt 0.275000 0.000000
vt 0.325000 0.000000
vt 0.375000 0.000000
vt 0.425000 0.000000
vt 0.475000 0.000000
vt 0.525000 0.000000
vt 0.575000 0.000000
vt 0.625000 0.000000
vt 0.675000 0.000000
vt 0.725000 0.000000
vt 0.775000 0.000000
vt 0.825000 0.000000
vt 0.875000 0.000000
vt 0.925000 0.000000
vt 0.975000 0.000000
vt 0.025000 1.000000
vt 0.075000 1.000000
vt 0.125000 1.000000
vt 0.175000 1.000000
vt 0.225000 1.000000
vt 0.275000 1.000000
vt 0.325000 1.000000
vt 0.375000 1.000000
vt 0.425000 1.000000
vt 0.475000 1.000000
vt 0.525000 1.000000
vt 0.575000 1.000000
vt 0.625000 1.000000
vt 0.675000 1.000000
vt 0.725000 1.000000
vt 0.775000 1.000000
vt 0.825000 1.000000
vt 0.875000 1.000000
vt 0.925000 1.000000
vt 0.975000 1.000000
vt 0.950000 0.050000
vt 1.000000 0.050000
vt 0.050000 0.250000
vt 0.000000 0.250000
vt 0.100000 0.250000
vt 0.150000 0.250000
vt 0.200000 0.250000
vt 0.250000 0.250000
vt 0.300000 0.250000
vt 0.350000 0.250000
vt 0.400000 0.250000
vt 0.450000 0.250000
vt 0.500000 0.250000
vt 0.550000 0.250000
vt 0.600000 0.250000
vt 0.650000 0.250000
vt 0.700000 0.250000
vt 0.750000 0.250000
vt 0.800000 0.250000
vt 0.850000 0.250000
vt 0.900000 0.250000
vt 0.950000 0.250000
vt 1.000000 0.250000
vt 0.000000 0.050000
vt 0.025000 0.000000
vt 0.925000 0.000000
vt 0.541667 0.867284
vt 0.541667 0.867284
vt 0.541667 0.870370
vt 0.541667 0.870370
vt 0.541667 0.867284
vt 0.541667 0.870370
vt 0.541667 0.870370
vt 0.541667 0.867284
vt 0.541667 0.861111
vt 0.541667 0.861111
vt 0.541667 0.861111
vt 0.541667 0.861111
vt 0.541667 0.867284
vt 0.541667 0.867284
vt 0.541667 0.870370
vt 0.541667 0.870370
vt 0.541667 0.870370
vt 0.541667 0.870370
vt 0.541667 0.870370
vt 0.541667 0.867284
vt 0.541667 0.867284
vt 0.541667 0.870370
vt 0.541667 0.861111
vt 0.541667 0.861111
vt 0.541667 0.870370
vt 0.541667 0.867284
vt 0.541667 0.870370
vt 0.541667 0.867284
vt 0.541667 0.870370
vt 0.541667 0.861111
vt 0.541667 0.861111
vt 0.541667 0.867284
vt 0.541667 0.870370
vt 0.541667 0.861111
vt 0.541667 0.864198
vt 0.541667 0.864198
vt 0.541667 0.861111
vt 0.541667 0.864198
vt 0.541667 0.864198
vt 0.541667 0.861111
vt 0.541667 0.861111
vt 0.541667 0.864198
vt 0.541667 0.861111
vt 0.541667 0.864198
vt 0.541667 0.861111
vt 0.541667 0.864198
vt 0.541667 0.864198
vt 0.541667 0.864198
vt 0.541667 0.864198
vt 0.541667 0.864198
vt 0.541667 0.867284
vt 0.541667 0.870370
vt 0.541667 0.870370
vt 0.541667 0.867284
vt 0.541667 0.870370
vt 0.541667 0.870370
vt 0.541667 0.870370
vt 0.541667 0.870370
vt 0.541667 0.867284
vt 0.541667 0.864198
vt 0.541667 0.861111
vt 0.541667 0.861111
vt 0.541667 0.861111
vt 0.541667 0.861111
vt 0.541667 0.861111
vt 0.541667 0.864198
vt 0.541667 0.864198
vt 0.541667 0.861111
vt 0.541667 0.864198
vt 0.541667 0.867284
vt 0.541667 0.867284
vt 0.541667 0.864198
vt 0.541667 0.867284
vt 0.541667 0.864198
vt 0.541667 0.864198
vt 0.541667 0.867284
vt 0.541667 0.864198
vt 0.541667 0.867284
vt 0.541667 0.864198
vt 0.541667 0.867284
vn -1.000000 -0.000265 -0.000148
vn -1.000000 -0.000156 -0.000099
vn -1.000000 -0.000153 0.000024
vn -1.000000 -0.000048 -0.000081
vn -1.000000 0.000000 -0.000083
vn -1.000000 -0.000000 0.000022
vn -1.000000 0.000156 -0.000046
vn -1.000000 0.000153 -0.000042
vn -1.000000 -0.000185 -0.000074
vn -1.000000 -0.000222 -0.000026
vn -1.000000 -0.000313 -0.000048
vn -1.000000 -0.000138 0.000016
vn -1.000000 -0.000156 0.000046
vn -1.000000 0.000015 -0.000017
vn -1.000000 -0.000249 0.000131
vn -1.000000 0.000031 0.000008
vn -1.000000 -0.000092 -0.000081
vn -1.000000 0.000142 0.000025
vn -1.000000 0.000000 -0.000000
vn -1.000000 0.000127 0.000000
vn -1.000000 -0.000028 0.000081
vn -1.000000 0.000142 -0.000025
vn -1.000000 0.000000 -0.000131
vn -1.000000 0.000169 -0.000008
vn -1.000000 0.000313 -0.000046
vn -1.000000 0.000180 0.000017
vn -1.000000 -0.000156 0.000048
vn -1.000000 -0.000238 -0.000016
vn -1.000000 -0.000313 0.000074
vn -1.000000 -0.000222 0.000026
vn -1.000000 0.000156 0.000046
vn -1.000000 0.000238 0.000055
vn -1.000000 0.000185 0.000083
vn -1.000000 0.000222 0.000055
vn -1.000000 0.000156 0.000158
vn -1.000000 -0.000015 0.000043
vn -1.000000 -0.000039 0.000097
vn -1.000000 -0.000203 0.000055
vn -1.000000 -0.000165 -0.000105
vn -1.000000 -0.000167 -0.000029
vn -1.000000 0.000027 0.000062
vn -1.000000 0.000077 0.000036
vn -1.000000 0.000000 0.000081
vn -1.000000 0.000113 0.000027
vn -1.000000 -0.000051 -0.000018
vn -1.000000 0.000000 -0.000045
vn -1.000000 0.000051 -0.000025
vn -1.000000 0.000008 0.000018
vn -1.000000 0.000003 0.000060
vn -1.000000 -0.000141 0.000000
vn -1.000000 -0.000028 -0.000060
vn -1.000000 -0.000053 -0.000018
vn -1.000000 0.000025 0.000025
vn -1.000000 0.000023 0.000045
vn -1.000000 0.000011 0.000018
vn -1.000000 0.000225 -0.000047
vn -1.000000 0.000113 0.000033
vn -1.000000 -0.000174 0.000038
vn -1.000000 -0.000241 -0.000003
vn -1.000000 -0.000066 0.000067
vn -1.000000 -0.000052 0.000029
vn -1.000000 -0.000025 0.000038
vn -1.000000 -0.000026 0.000047
vn -1.000000 0.000096 0.000029
vn -1.000000 0.000106 -0.000014
vn -1.000000 0.000053 -0.000043
vn -1.000000 -0.000000 -0.000055
vn -1.000000 -0.000065 -0.000054
vn -1.000000 -0.000060 -0.000033
vn -1.000000 -0.000125 -0.000000
vn -1.000000 -0.000135 -0.000005
vn -1.000000 -0.000241 0.000003
vn -1.000000 -0.000053 0.000043
vn -1.000000 0.000140 0.000043
vn -1.000000 0.000043 0.000050
vn -1.000000 0.000087 -0.000013
vn -1.000000 0.000043 -0.000044
vn -1.000000 -0.000034 -0.000016
vn -1.000000 0.000035 -0.000017
vn -1.000000 0.000069 0.000030
vn -1.000000 -0.000184 0.000004
vn -1.000000 -0.000138 0.000004
vn -1.000000 -0.000046 0.000000
vn -1.000000 0.000092 -0.000013
vn -1.000000 0.000184 -0.000013
vn -1.000000 0.000092 0.000000
vn -1.000000 0.000000 -0.000078
vn -1.000000 0.000000 -0.000141
vn -1.000000 0.000046 -0.000114
vn -1.000000 0.000046 -0.000000
vn -1.000000 -0.000046 0.000046
vn -1.000000 -0.000230 0.000053
vn -1.000000 -0.000092 0.000057
vn -1.000000 0.000092 0.000000
vn -1.000000 0.000000 0.000075
vn -1.000000 0.000000 0.000075
vn -1.000000 0.000000 -0.000078
vn -1.000000 0.000092 -0.000073
vn -1.000000 0.000230 -0.000017
vn -1.000000 0.000138 -0.000022
vn -0.982586 -0.176686 -0.057503
vn -0.982547 -0.150388 -0.109472
vn -0.995957 -0.072692 -0.052770
vn -0.995969 -0.085304 -0.027715
vn -0.982546 -0.109319 -0.150509
vn -0.995964 -0.052785 -0.072587
vn -0.982567 -0.057419 -0.176820
vn -0.995969 -0.027657 -0.085333
vn -0.982554 0.000000 -0.185980
vn -0.995964 -0.000000 -0.089758
vn -0.982560 0.057374 -0.176871
vn -0.995966 0.027688 -0.085359
vn -0.982571 0.109228 -0.150412
vn -0.995965 0.052767 -0.072589
vn -0.982567 0.150359 -0.109336
vn -0.995961 0.072642 -0.052775
vn -0.982548 0.176898 -0.057498
vn -0.995947 0.085543 -0.027775
vn -0.982534 0.186083 0.000000
vn -0.995937 0.090055 0.000000
vn -0.982564 0.176809 0.057499
vn -0.995941 0.085606 0.027814
vn -0.982570 0.150338 0.109335
vn -0.995951 0.072725 0.052839
vn -0.982585 0.109096 0.150419
vn -0.995967 0.052702 0.072616
vn -0.982565 0.057285 0.176877
vn -0.995965 0.027699 0.085363
vn -0.982538 0.000000 0.186062
vn -0.995960 0.000027 0.089797
vn -0.982540 -0.057463 0.176955
vn -0.995957 -0.027733 0.085441
vn -0.982542 -0.109319 0.150532
vn -0.995954 -0.052784 0.072735
vn -0.982562 -0.150412 0.109310
vn -0.995966 -0.072560 0.052799
vn -0.982592 -0.176687 0.057391
vn -0.995980 -0.085196 0.027671
vn -0.982599 -0.185739 0.000021
vn -0.995979 -0.089589 0.000010
vn -0.906714 -0.341205 -0.247889
vn -0.906741 -0.401046 -0.130318
vn -0.906673 -0.247952 -0.341269
vn -0.906659 -0.130383 -0.401210
vn -0.906697 -0.000056 -0.421783
vn -0.906720 0.130307 -0.401097
vn -0.906700 0.247970 -0.341183
vn -0.906676 0.341349 -0.247829
vn -0.906734 0.401074 -0.130280
vn -0.906793 0.421576 -0.000001
vn -0.906775 0.400962 0.130342
vn -0.906691 0.341266 0.247890
vn -0.906695 0.248009 0.341167
vn -0.906718 0.130351 0.401087
vn -0.906704 -0.000004 0.421767
vn -0.906687 -0.130350 0.401157
vn -0.906722 -0.247819 0.341235
vn -0.906776 -0.341026 0.247907
vn -0.906767 -0.400985 0.130326
vn -0.906730 -0.421711 0.000001
vn -0.594634 -0.650454 -0.472568
vn -0.594560 -0.764707 -0.248439
vn -0.594639 -0.472633 -0.650401
vn -0.594666 -0.248516 -0.764600
vn -0.594643 -0.000031 -0.803990
vn -0.594582 0.248475 -0.764678
vn -0.594555 0.472642 -0.650472
vn -0.594575 0.650504 -0.472573
vn -0.594645 0.764644 -0.248429
vn -0.594645 0.803989 -0.000005
vn -0.594694 0.764606 0.248429
vn -0.594625 0.650484 0.472537
vn -0.594583 0.472689 0.650412
vn -0.594587 0.248462 0.764678
vn -0.594592 -0.000046 0.804028
vn -0.594598 -0.248529 0.764648
vn -0.594657 -0.472569 0.650432
vn -0.594682 -0.650410 0.472567
vn -0.594585 -0.764691 0.248428
vn -0.594510 -0.804088 0.000005
vn -0.268328 -0.779371 -0.566199
vn -0.268307 -0.916203 -0.297629
vn -0.268342 -0.566242 -0.779335
vn -0.268347 -0.297688 -0.916172
vn -0.268358 -0.000013 -0.963319
vn -0.268377 0.297653 -0.916175
vn -0.268395 0.566204 -0.779344
vn -0.268407 0.779326 -0.566224
vn -0.268375 0.916177 -0.297647
vn -0.268331 0.963327 0.000001
vn -0.268342 0.916194 0.297626
vn -0.268374 0.779355 0.566199
vn -0.268396 0.566203 0.779345
vn -0.268397 0.297646 0.916171
vn -0.268394 -0.000015 0.963309
vn -0.268396 -0.297685 0.916159
vn -0.268382 -0.566209 0.779345
vn -0.268363 -0.779349 0.566213
vn -0.268318 -0.916198 0.297635
vn -0.268314 -0.963332 0.000000
vn 0.000000 -0.809027 -0.587771
vn 0.000015 -0.951057 -0.309016
vn 0.000007 -0.587793 -0.809012
vn 0.000001 -0.309033 -0.951051
vn -0.000001 0.000013 -1.000000
vn -0.000014 0.309045 -0.951048
vn -0.000004 0.587821 -0.808991
vn -0.000004 0.809043 -0.587750
vn -0.000002 0.951058 -0.309013
vn -0.000011 1.000000 0.000009
vn -0.000000 0.951048 0.309043
vn -0.000010 0.809025 0.587774
vn 0.000001 0.587785 0.809017
vn -0.000013 0.309000 0.951062
vn 0.000007 0.000008 1.000000
vn -0.000003 -0.309001 0.951062
vn -0.000002 -0.587766 0.809031
vn 0.000008 -0.809033 0.587763
vn 0.000006 -0.951059 0.309009
vn 0.000009 -1.000000 -0.000003
vn 0.233782 -0.786604 -0.571490
vn 0.233822 -0.924676 -0.300501
vn 0.233769 -0.571545 -0.786567
vn 0.233791 -0.300466 -0.924696
vn 0.233803 0.000006 -0.972284
vn 0.233782 0.300455 -0.924702
vn 0.233777 0.571519 -0.786584
vn 0.233791 0.786609 -0.571480
vn 0.233830 0.924687 -0.300462
vn 0.233860 0.972270 0.000004
vn 0.233837 0.924675 0.300493
vn 0.233806 0.786607 0.571476
vn 0.233815 0.571570 0.786536
vn 0.233826 0.300502 0.924675
vn 0.233814 0.000012 0.972281
vn 0.233792 -0.300486 0.924689
vn 0.233785 -0.571538 0.786568
vn 0.233797 -0.786602 0.571486
vn 0.233839 -0.924682 0.300470
vn 0.233864 -0.972269 -0.000010
vn 0.442280 -0.725579 -0.527185
vn 0.442344 -0.852929 -0.277208
vn 0.442270 -0.527164 -0.725600
vn 0.442270 -0.277096 -0.853003
vn 0.442275 0.000006 -0.896879
vn 0.442294 0.277107 -0.852987
vn 0.442304 0.527127 -0.725607
vn 0.442276 0.725593 -0.527169
vn 0.442249 0.852994 -0.277159
vn 0.442265 0.896885 0.000002
vn 0.442267 0.852979 0.277175
vn 0.442261 0.725596 0.527177
vn 0.442277 0.527208 0.725564
vn 0.442293 0.277181 0.852964
vn 0.442254 0.000008 0.896890
vn 0.442232 -0.277212 0.852986
vn 0.442255 -0.527193 0.725589
vn 0.442318 -0.725524 0.527228
vn 0.442327 -0.852945 0.277186
vn 0.442351 -0.896842 -0.000014
vn 0.611347 -0.640233 -0.465142
vn 0.611317 -0.752656 -0.244543
vn 0.611379 -0.465099 -0.640233
vn 0.611377 -0.244528 -0.752612
vn 0.611339 0.000020 -0.791369
vn 0.611340 0.244588 -0.752622
vn 0.611384 0.465145 -0.640195
vn 0.611371 0.640237 -0.465104
vn 0.611377 0.752610 -0.244533
vn 0.611440 0.791291 0.000005
vn 0.611433 0.752561 0.244543
vn 0.611374 0.640206 0.465142
vn 0.611364 0.465114 0.640237
vn 0.611355 0.244519 0.752632
vn 0.611344 0.000032 0.791366
vn 0.611351 -0.244572 0.752618
vn 0.611382 -0.465154 0.640191
vn 0.611418 -0.640146 0.465169
vn 0.611427 -0.752556 0.244574
vn 0.611383 -0.791335 -0.000007
vn 0.739782 -0.544343 -0.395491
vn 0.739727 -0.639985 -0.207901
vn 0.739794 -0.395464 -0.544347
vn 0.739789 -0.208004 -0.639881
vn 0.739829 -0.000052 -0.672795
vn 0.739824 0.207968 -0.639851
vn 0.739803 0.395531 -0.544285
vn 0.739765 0.544394 -0.395453
vn 0.739776 0.639924 -0.207917
vn 0.739857 0.672764 0.000004
vn 0.739860 0.639829 0.207912
vn 0.739814 0.544310 0.395478
vn 0.739777 0.395479 0.544359
vn 0.739771 0.207938 0.639922
vn 0.739803 0.000039 0.672824
vn 0.739834 -0.207902 0.639861
vn 0.739790 -0.395536 0.544300
vn 0.739744 -0.544426 0.395448
vn 0.739767 -0.639933 0.207921
vn 0.739768 -0.672862 0.000010
vn 0.833416 -0.447089 -0.324851
vn 0.833432 -0.525570 -0.170784
vn 0.833376 -0.324915 -0.447118
vn 0.833365 -0.170902 -0.525637
vn 0.833397 -0.000041 -0.552675
vn 0.833409 0.170822 -0.525595
vn 0.833388 0.324911 -0.447099
vn 0.833380 0.447159 -0.324850
vn 0.833394 0.525629 -0.170790
vn 0.833404 0.552664 0.000001
vn 0.833413 0.525597 0.170794
vn 0.833400 0.447108 0.324867
vn 0.833366 0.324932 0.447123
vn 0.833387 0.170884 0.525608
vn 0.833415 0.000000 0.552648
vn 0.833399 -0.170781 0.525623
vn 0.833377 -0.324904 0.447124
vn 0.833347 -0.447250 0.324808
vn 0.833333 -0.525730 0.170775
vn 0.833381 -0.552698 0.000032
vn 0.899680 -0.353184 -0.256586
vn 0.899650 -0.415251 -0.134893
vn 0.899670 -0.256619 -0.353187
vn 0.899666 -0.134952 -0.415198
vn 0.899679 0.000039 -0.436553
vn 0.899693 0.134940 -0.415144
vn 0.899696 0.256630 -0.353112
vn 0.899706 0.353130 -0.256568
vn 0.899716 0.415104 -0.134909
vn 0.899689 0.436532 -0.000000
vn 0.899699 0.415141 0.134906
vn 0.899711 0.353133 0.256550
vn 0.899687 0.256642 0.353125
vn 0.899665 0.134952 0.415200
vn 0.899680 -0.000039 0.436550
vn 0.899699 -0.134866 0.415153
vn 0.899719 -0.256565 0.353102
vn 0.899710 -0.353139 0.256543
vn 0.899707 -0.415111 0.134947
vn 0.899666 -0.436579 0.000027
vn 0.945255 -0.264023 -0.191793
vn 0.945239 -0.310407 -0.100852
vn 0.945230 -0.191842 -0.264075
vn 0.945223 -0.100851 -0.310454
vn 0.945227 0.000058 -0.326414
vn 0.945217 0.100915 -0.310452
vn 0.945218 0.191860 -0.264108
vn 0.945212 0.264073 -0.191935
vn 0.945199 0.310504 -0.100926
vn 0.945182 0.326546 0.000000
vn 0.945190 0.310532 0.100923
vn 0.945209 0.264124 0.191884
vn 0.945233 0.191872 0.264045
vn 0.945223 0.100850 0.310455
vn 0.945227 -0.000057 0.326414
vn 0.945229 -0.100947 0.310407
vn 0.945218 -0.191925 0.264060
vn 0.945191 -0.264148 0.191938
vn 0.945216 -0.310443 0.100960
vn 0.945237 -0.326385 -0.000036
vn 0.974801 -0.180543 -0.131025
vn 0.974798 -0.212169 -0.068948
vn 0.974799 -0.131139 -0.180469
vn 0.974781 -0.068979 -0.212235
vn 0.974790 0.000001 -0.223123
vn 0.974792 0.068895 -0.212213
vn 0.974812 0.130941 -0.180544
vn 0.974801 0.180450 -0.131155
vn 0.974783 0.212234 -0.068956
vn 0.974793 0.223113 -0.000000
vn 0.974803 0.212143 0.068959
vn 0.974786 0.180534 0.131150
vn 0.974787 0.131209 0.180486
vn 0.974802 0.068979 0.212139
vn 0.974788 0.000001 0.223131
vn 0.974746 -0.069207 0.212320
vn 0.974724 -0.131468 0.180638
vn 0.974759 -0.180621 0.131226
vn 0.974803 -0.212156 0.068914
vn 0.974808 -0.223047 -0.000126
vn 0.991371 -0.106159 -0.076905
vn 0.991346 -0.124860 -0.040524
vn 0.991386 -0.076962 -0.105979
vn 0.991358 -0.040481 -0.124781
vn 0.991374 0.000126 -0.131063
vn 0.991381 0.040607 -0.124561
vn 0.991388 0.076836 -0.106051
vn 0.991374 0.106045 -0.077020
vn 0.991340 0.124889 -0.040592
vn 0.991365 0.131132 -0.000000
vn 0.991361 0.124723 0.040593
vn 0.991362 0.106158 0.077020
vn 0.991366 0.077117 0.106052
vn 0.991380 0.040608 0.124566
vn 0.991374 0.000126 0.131065
vn 0.991352 -0.040636 0.124783
vn 0.991359 -0.077271 0.106006
vn 0.991386 -0.106020 0.076900
vn 0.991388 -0.124573 0.040399
vn 0.991368 -0.131107 -0.000092
vn -1.000000 0.000050 -0.000000
vn -1.000000 0.000000 0.000000
vn -1.000000 0.000000 0.000000
vn -1.000000 0.000000 0.000000
vn 1.000000 0.000000 -0.000000
vn -0.000008 0.987668 0.156562
vn -0.000008 0.987668 0.156562
vn -0.000008 0.987668 0.156562
vn -0.000008 0.987668 0.156562
vn -0.000006 -0.809015 -0.587789
vn 0.000002 -0.951055 -0.309022
vn 0.000002 -0.951053 -0.309029
vn -0.000006 -0.809010 -0.587795
vn -0.000009 -0.587773 -0.809026
vn -0.000009 -0.587783 -0.809019
vn -0.000004 -0.309028 -0.951053
vn -0.000004 -0.309036 -0.951050
vn 0.000003 -0.000015 -1.000000
vn 0.000003 -0.000017 -1.000000
vn 0.000005 0.309031 -0.951052
vn 0.000005 0.309026 -0.951054
vn 0.000001 0.587813 -0.808997
vn 0.000001 0.587811 -0.808998
vn -0.000005 0.809030 -0.587767
vn -0.000005 0.809033 -0.587763
vn -0.000003 0.951055 -0.309023
vn -0.000003 0.951057 -0.309016
vn 0.000004 1.000000 -0.000008
vn 0.000004 1.000000 -0.000008
vn 0.000007 0.951057 0.309016
vn 0.000007 0.951057 0.309015
vn 0.000002 0.809018 0.587784
vn 0.000002 0.809022 0.587778
vn -0.000002 0.587810 0.808999
vn -0.000002 0.587815 0.808996
vn 0.000002 0.309035 0.951051
vn 0.000002 0.309029 0.951053
vn 0.000007 0.000003 1.000000
vn 0.000007 0.000001 1.000000
vn 0.000007 -0.309009 0.951059
vn 0.000007 -0.309017 0.951057
vn 0.000003 -0.587783 0.809018
vn 0.000003 -0.587784 0.809018
vn -0.000001 -0.809044 0.587749
vn -0.000001 -0.809039 0.587755
vn -0.000002 -0.951056 0.309019
vn -0.000002 -0.951056 0.309019
vn 0.000004 -1.000000 0.000016
vn 0.000004 -1.000000 0.000016
vn 0.000003 -0.308995 0.951064
vn 0.000003 -0.308995 0.951064
vn 0.000003 -0.308995 0.951064
vn 0.000003 -0.308995 0.951064
vn 0.000004 0.000026 -1.000000
vn 0.000004 0.000026 -1.000000
vn 0.000004 0.000026 -1.000000
vn 0.000004 0.000026 -1.000000
vn 1.000000 0.000000 0.000000
vn 1.000000 0.000000 0.000000
vn 1.000000 0.000000 0.000000
vn 1.000000 0.000000 0.000000
vn -1.000000 0.000000 0.000000
vn -1.000000 0.000000 0.000000
vn -1.000000 0.000000 0.000000
vn -1.000000 0.000000 0.000000
vn 0.000000 0.000000 -1.000000
vn 0.000000 0.000000 -1.000000
vn 0.000000 0.000000 -1.000000
vn 0.000000 0.000000 -1.000000
vn 0.000000 1.000000 0.000000
vn 0.000000 1.000000 0.000000
vn 0.000000 1.000000 0.000000
vn 0.000000 1.000000 0.000000
vn 0.000000 0.000000 1.000000
vn 0.000000 0.000000 1.000000
vn 0.000000 0.000000 1.000000
vn 0.000000 0.000000 1.000000
vn 0.000000 -1.000000 0.000000
vn 0.000000 -1.000000 0.000000
vn 0.000000 -1.000000 0.000000
vn 0.000000 -1.000000 0.000000
vn 1.000000 0.000000 0.000000
vn 1.000000 0.000000 0.000000
vn 1.000000 0.000000 0.000000
vn 1.000000 0.000000 0.000000
vn 1.000000 0.000125 0.000000
vn 1.000000 0.000125 0.000000
vn 1.000000 0.000125 0.000000
vn 1.000000 0.000125 0.000000
vn 1.000000 0.000000 0.000000
vn 1.000000 0.000000 0.000000
vn 1.000000 0.000000 0.000000
vn 1.000000 0.000000 0.000000
vn 1.000000 -0.000125 0.000000
vn 1.000000 -0.000125 0.000000
vn 1.000000 -0.000125 0.000000
vn 1.000000 -0.000125 0.000000
vn 0.816517 0.000000 0.577321
vn 0.816517 0.000000 0.577321
vn 0.816517 0.000000 0.577321
vn 0.816517 0.000000 0.577321
vn 0.778759 -0.627324 0.000000
vn 0.778759 -0.627324 0.000000
vn 0.778759 -0.627324 0.000000
vn 0.778759 -0.627324 0.000000
vn 0.816521 0.000000 -0.577316
vn 0.816521 0.000000 -0.577316
vn 0.816521 0.000000 -0.577316
vn 0.816521 0.000000 -0.577317
vn 0.778750 0.627334 0.000000
vn 0.778750 0.627334 0.000000
vn 0.778750 0.627334 0.000000
vn 0.778750 0.627334 0.000000
vn -1.000000 0.000000 0.000000
vn -1.000000 0.000000 0.000000
vn -1.000000 0.000000 0.000000
vn -1.000000 0.000000 0.000000
vn 0.000000 -1.000000 0.000000
vn 0.000000 -1.000000 0.000000
vn 0.000000 -1.000000 0.000000
vn 0.000000 -1.000000 0.000000
vn 1.000000 0.000000 0.000000
vn 1.000000 0.000000 0.000000
vn 1.000000 0.000000 0.000000
vn 1.000000 0.000000 0.000000
vn 0.778763 0.627319 0.000000
vn 0.778763 0.627319 0.000000
vn 0.778763 0.627319 0.000000
vn 0.778763 0.627319 0.000000
vn 1.000000 0.000000 0.000000
vn 1.000000 0.000000 0.000000
vn 1.000000 0.000000 0.000000
vn 1.000000 0.000000 0.000000
vn 0.778746 -0.627339 0.000000
vn 0.778746 -0.627339 0.000000
vn 0.778746 -0.627339 0.000000
vn 0.778746 -0.627339 0.000000
vn 1.000000 0.000000 0.000000
vn 1.000000 0.000000 0.000000
vn 1.000000 0.000000 0.000000
vn 1.000000 0.000000 0.000000
vn 0.000000 1.000000 0.000000
vn 0.000000 1.000000 0.000000
vn 0.000000 1.000000 0.000000
vn 0.000000 1.000000 0.000000
vn -1.000000 -0.000029 0.000000
vn -1.000000 -0.000029 0.000000
vn -1.000000 -0.000029 0.000000
vn -1.000000 -0.000029 0.000000
vn 0.000000 -1.000000 0.000000
vn 0.000000 -1.000000 0.000000
vn 0.000000 -1.000000 0.000000
vn 0.000000 -1.000000 0.000000
vn 1.000000 0.000213 0.000000
vn 1.000000 0.000213 0.000000
vn 1.000000 0.000213 0.000000
vn 1.000000 0.000213 0.000000
vn 0.778761 0.627321 0.000000
vn 0.778761 0.627321 0.000000
vn 0.778761 0.627321 0.000000
vn 0.778761 0.627321 0.000000
vn 1.000000 0.000000 0.000000
vn 1.000000 0.000000 0.000000
vn 1.000000 0.000000 0.000000
vn 1.000000 0.000000 0.000000
vn 0.778759 -0.627324 0.000000
vn 0.778759 -0.627324 0.000000
vn 0.778759 -0.627324 0.000000
vn 0.778759 -0.627324 0.000000
vn 1.000000 -0.000146 0.000000
vn 1.000000 -0.000146 0.000000
vn 1.000000 -0.000146 0.000000
vn 1.000000 -0.000146 0.000000
vn 0.000000 1.000000 0.000000
vn 0.000000 1.000000 0.000000
vn 0.000000 1.000000 0.000000
vn 0.000000 1.000000 0.000000
vn -1.000000 0.000000 0.000000
vn -1.000000 0.000000 0.000000
vn -1.000000 0.000000 0.000000
vn -1.000000 0.000000 0.000000
vn 0.000000 0.000000 1.000000
vn 0.000000 0.000000 1.000000
vn 0.000000 0.000000 1.000000
vn 0.000000 0.000000 1.000000
vn 1.000000 0.000000 0.000000
vn 1.000000 0.000000 0.000000
vn 1.000000 0.000000 0.000000
vn 1.000000 0.000000 0.000000
vn 0.816520 0.000000 -0.577317
vn 0.816520 0.000000 -0.577317
vn 0.816520 0.000000 -0.577317
vn 0.816520 0.000000 -0.577317
vn 1.000000 0.000000 0.000000
vn 1.000000 0.000000 0.000000
vn 1.000000 0.000000 0.000000
vn 1.000000 0.000000 0.000000
vn 1.000000 0.000000 0.000000
vn 1.000000 0.000000 0.000000
vn 1.000000 0.000000 0.000000
vn 1.000000 0.000000 0.000000
vn 1.000000 0.000000 0.000000
vn 1.000000 0.000000 0.000000
vn 1.000000 0.000000 0.000000
vn 1.000000 0.000000 0.000000
vn 0.816517 0.000000 0.577322
vn 0.816516 0.000000 0.577322
vn 0.816516 0.000000 0.577322
vn 0.816516 0.000000 0.577322
vn 1.000000 0.000000 0.000000
vn 1.000000 0.000000 0.000000
vn 1.000000 0.000000 0.000000
vn 1.000000 0.000000 0.000000
vn 0.000000 0.000000 -1.000000
vn 0.000000 0.000000 -1.000000
vn 0.000000 0.000000 -1.000000
vn 0.000000 0.000000 -1.000000
vn -1.000000 0.000000 0.000000
vn -1.000000 0.000000 0.000000
vn -1.000000 0.000000 0.000000
vn -1.000000 0.000000 0.000000
vn -1.000000 0.000029 0.000000
vn -1.000000 0.000029 0.000000
vn -1.000000 0.000029 0.000000
vn -1.000000 0.000029 0.000000
vn -1.000000 0.000000 0.000000
vn -1.000000 0.000000 0.000000
vn -1.000000 0.000000 0.000000
vn -1.000000 0.000000 0.000000
vn 0.000000 0.000000 1.000000
vn 0.000000 0.000000 1.000000
vn 0.000000 0.000000 1.000000
vn 0.000000 0.000000 1.000000
vn 1.000000 0.000000 0.000000
vn 1.000000 0.000000 0.000000
vn 1.000000 0.000000 0.000000
vn 1.000000 0.000000 0.000000
vn 0.816521 0.000000 -0.577315
vn 0.816521 0.000000 -0.577315
vn 0.816521 0.000000 -0.577315
vn 0.816521 0.000000 -0.577315
vn 1.000000 0.000000 0.000000
vn 1.000000 0.000000 0.000000
vn 1.000000 0.000000 0.000000
vn 1.000000 0.000000 0.000000
vn 1.000000 0.000000 0.000000
vn 1.000000 0.000000 0.000000
vn 1.000000 0.000000 0.000000
vn 1.000000 0.000000 0.000000
vn 1.000000 0.000000 0.000000
vn 1.000000 0.000000 0.000000
vn 1.000000 0.000000 0.000000
vn 1.000000 0.000000 0.000000
vn 0.816517 0.000000 0.577321
vn 0.816517 0.000000 0.577321
vn 0.816518 0.000000 0.577321
vn 0.816518 0.000000 0.577321
vn 1.000000 0.000000 0.000000
vn 1.000000 0.000000 0.000000
vn 1.000000 0.000000 0.000000
vn 1.000000 0.000000 0.000000
vn 0.000000 0.000000 -1.000000
vn 0.000000 0.000000 -1.000000
vn 0.000000 0.000000 -1.000000
vn 0.000000 0.000000 -1.000000
vn -1.000000 0.000000 0.000000
vn -1.000000 0.000000 0.000000
vn -1.000000 0.000000 0.000000
vn -1.000000 0.000000 0.000000
vn -1.000000 0.000000 0.000000
vn -1.000000 0.000000 0.000000
vn -1.000000 0.000000 0.000000
vn -1.000000 0.000000 0.000000
vn 0.000000 -1.000000 0.000000
vn 0.000000 -1.000000 0.000000
vn 0.000000 -1.000000 0.000000
vn 0.000000 -1.000000 0.000000
vn 0.000000 0.000000 1.000000
vn 0.000000 0.000000 1.000000
vn 0.000000 0.000000 1.000000
vn 0.000000 0.000000 1.000000
vn 0.000000 1.000000 0.000000
vn 0.000000 1.000000 0.000000
vn 0.000000 1.000000 0.000000
vn 0.000000 1.000000 0.000000
vn 0.000000 0.000000 -1.000000
vn 0.000000 0.000000 -1.000000
vn 0.000000 0.000000 -1.000000
vn 0.000000 0.000000 -1.000000
vn 0.000000 1.000000 0.000000
vn 0.000000 1.000000 0.000000
vn 0.000000 1.000000 0.000000
vn 0.000000 1.000000 0.000000
vn 0.000000 1.000000 0.000002
vn 0.000000 1.000000 0.000002
vn 0.000000 1.000000 0.000002
vn 0.000000 1.000000 0.000002
vn 0.000000 1.000000 0.000000
vn 0.000000 1.000000 0.000000
vn 0.000000 1.000000 0.000000
vn 0.000000 1.000000 0.000000
vn 0.000000 1.000000 -0.000001
vn 0.000000 1.000000 -0.000001
vn 0.000000 1.000000 -0.000001
vn 0.000000 1.000000 -0.000001
vn -1.000000 0.000000 0.000000
vn -1.000000 0.000000 0.000000
vn -1.000000 0.000000 0.000000
vn -1.000000 0.000000 0.000000
vn 0.000000 0.000000 1.000000
vn 0.000000 0.000000 1.000000
vn 0.000000 0.000000 1.000000
vn 0.000000 0.000000 1.000000
vn 1.000000 0.000000 0.000000
vn 1.000000 0.000000 0.000000
vn 1.000000 0.000000 0.000000
vn 1.000000 0.000000 0.000000
vn 0.000000 0.000000 -1.000000
vn 0.000000 0.000000 -1.000000
vn 0.000000 0.000000 -1.000000
vn 0.000000 0.000000 -1.000000
s 1
g sidetablehandle9
usemtl initialShadingGroup
f 778/1008/722 779/547/723 780/568/724 781/567/725
f 779/547/723 782/548/726 783/569/727 780/568/724
f 782/548/726 784/549/728 785/570/729 783/569/727
f 784/549/728 786/550/730 787/571/731 785/570/729
f 786/550/730 788/551/732 789/572/733 787/571/731
f 788/551/732 790/552/734 791/573/735 789/572/733
f 790/552/734 792/553/736 793/574/737 791/573/735
f 792/553/736 794/554/738 795/575/739 793/574/737
f 794/554/738 796/555/740 797/576/741 795/575/739
f 796/555/740 798/556/742 799/577/743 797/576/741
f 798/556/742 800/557/744 801/578/745 799/577/743
f 800/557/744 802/558/746 803/579/747 801/578/745
f 802/558/746 804/559/748 805/580/749 803/579/747
f 804/559/748 806/560/750 807/581/751 805/580/749
f 806/560/750 808/561/752 809/582/753 807/581/751
f 808/561/752 810/562/754 811/583/755 809/582/753
f 810/562/754 812/563/756 813/584/757 811/583/755
f 812/563/756 814/564/758 815/585/759 813/584/757
f 814/564/758 816/985/760 817/586/761 815/585/759
f 816/985/760 778/986/722 781/587/725 817/586/761
f 781/567/725 780/568/724 818/589/762 819/588/763
f 780/568/724 783/569/727 820/590/764 818/589/762
f 783/569/727 785/570/729 821/591/765 820/590/764
f 785/570/729 787/571/731 822/592/766 821/591/765
f 787/571/731 789/572/733 823/593/767 822/592/766
f 789/572/733 791/573/735 824/594/768 823/593/767
f 791/573/735 793/574/737 825/595/769 824/594/768
f 793/574/737 795/575/739 826/596/770 825/595/769
f 795/575/739 797/576/741 827/597/771 826/596/770
f 797/576/741 799/577/743 828/598/772 827/597/771
f 799/577/743 801/578/745 829/599/773 828/598/772
f 801/578/745 803/579/747 830/600/774 829/599/773
f 803/579/747 805/580/749 831/601/775 830/600/774
f 805/580/749 807/581/751 832/602/776 831/601/775
f 807/581/751 809/582/753 833/603/777 832/602/776
f 809/582/753 811/583/755 834/604/778 833/603/777
f 811/583/755 813/584/757 835/605/779 834/604/778
f 813/584/757 815/585/759 836/606/780 835/605/779
f 815/585/759 817/586/761 837/607/781 836/606/780
f 817/586/761 781/587/725 819/608/763 837/607/781
f 819/588/763 818/589/762 838/610/782 839/609/783
f 818/589/762 820/590/764 840/611/784 838/610/782
f 820/590/764 821/591/765 841/612/785 840/611/784
f 821/591/765 822/592/766 842/613/786 841/612/785
f 822/592/766 823/593/767 843/614/787 842/613/786
f 823/593/767 824/594/768 844/615/788 843/614/787
f 824/594/768 825/595/769 845/616/789 844/615/788
f 825/595/769 826/596/770 846/617/790 845/616/789
f 826/596/770 827/597/771 847/618/791 846/617/790
f 827/597/771 828/598/772 848/619/792 847/618/791
f 828/598/772 829/599/773 849/620/793 848/619/792
f 829/599/773 830/600/774 850/621/794 849/620/793
f 830/600/774 831/601/775 851/622/795 850/621/794
f 831/601/775 832/602/776 852/623/796 851/622/795
f 832/602/776 833/603/777 853/624/797 852/623/796
f 833/603/777 834/604/778 854/625/798 853/624/797
f 834/604/778 835/605/779 855/626/799 854/625/798
f 835/605/779 836/606/780 856/627/800 855/626/799
f 836/606/780 837/607/781 857/628/801 856/627/800
f 837/607/781 819/608/763 839/629/783 857/628/801
f 839/609/783 838/610/782 858/987/802 859/988/803
f 838/610/782 840/611/784 860/989/804 858/987/802
f 840/611/784 841/612/785 861/990/805 860/989/804
f 841/612/785 842/613/786 862/991/806 861/990/805
f 842/613/786 843/614/787 863/992/807 862/991/806
f 843/614/787 844/615/788 864/993/808 863/992/807
f 844/615/788 845/616/789 865/994/809 864/993/808
f 845/616/789 846/617/790 866/995/810 865/994/809
f 846/617/790 847/618/791 867/996/811 866/995/810
f 847/618/791 848/619/792 868/997/812 867/996/811
f 848/619/792 849/620/793 869/998/813 868/997/812
f 849/620/793 850/621/794 870/999/814 869/998/813
f 850/621/794 851/622/795 871/1000/815 870/999/814
f 851/622/795 852/623/796 872/1001/816 871/1000/815
f 852/623/796 853/624/797 873/1002/817 872/1001/816
f 853/624/797 854/625/798 874/1003/818 873/1002/817
f 854/625/798 855/626/799 875/1004/819 874/1003/818
f 855/626/799 856/627/800 876/1005/820 875/1004/819
f 856/627/800 857/628/801 877/1006/821 876/1005/820
f 857/628/801 839/629/783 859/1007/803 877/1006/821
s 2
f 476/630/822 477/631/823 497/652/824 496/651/825
f 477/631/823 478/632/826 498/653/827 497/652/824
f 478/632/826 479/633/828 499/654/829 498/653/827
f 479/633/828 480/634/830 500/655/831 499/654/829
f 480/634/830 481/635/832 501/656/833 500/655/831
f 481/635/832 482/636/834 502/657/835 501/656/833
f 482/636/834 483/637/836 503/658/837 502/657/835
f 483/637/836 484/638/838 504/659/839 503/658/837
f 484/638/838 485/639/840 505/660/841 504/659/839
f 485/639/840 486/640/842 506/661/843 505/660/841
f 486/640/842 487/641/844 507/662/845 506/661/843
f 487/641/844 488/642/846 508/663/847 507/662/845
f 488/642/846 489/643/848 509/664/849 508/663/847
f 489/643/848 490/644/850 510/665/851 509/664/849
f 490/644/850 491/645/852 511/666/853 510/665/851
f 491/645/852 492/646/854 512/667/855 511/666/853
f 492/646/854 493/647/856 513/668/857 512/667/855
f 493/647/856 494/648/858 514/669/859 513/668/857
f 494/648/858 495/649/860 515/670/861 514/669/859
f 495/649/860 476/650/822 496/671/825 515/670/861
f 496/651/825 497/652/824 517/673/862 516/672/863
f 497/652/824 498/653/827 518/674/864 517/673/862
f 498/653/827 499/654/829 519/675/865 518/674/864
f 499/654/829 500/655/831 520/676/866 519/675/865
f 500/655/831 501/656/833 521/677/867 520/676/866
f 501/656/833 502/657/835 522/678/868 521/677/867
f 502/657/835 503/658/837 523/679/869 522/678/868
f 503/658/837 504/659/839 524/680/870 523/679/869
f 504/659/839 505/660/841 525/681/871 524/680/870
f 505/660/841 506/661/843 526/682/872 525/681/871
f 506/661/843 507/662/845 527/683/873 526/682/872
f 507/662/845 508/663/847 528/684/874 527/683/873
f 508/663/847 509/664/849 529/685/875 528/684/874
f 509/664/849 510/665/851 530/686/876 529/685/875
f 510/665/851 511/666/853 531/687/877 530/686/876
f 511/666/853 512/667/855 532/688/878 531/687/877
f 512/667/855 513/668/857 533/689/879 532/688/878
f 513/668/857 514/669/859 534/690/880 533/689/879
f 514/669/859 515/670/861 535/691/881 534/690/880
f 515/670/861 496/671/825 516/692/863 535/691/881
f 516/672/863 517/673/862 537/694/882 536/693/883
f 517/673/862 518/674/864 538/695/884 537/694/882
f 518/674/864 519/675/865 539/696/885 538/695/884
f 519/675/865 520/676/866 540/697/886 539/696/885
f 520/676/866 521/677/867 541/698/887 540/697/886
f 521/677/867 522/678/868 542/699/888 541/698/887
f 522/678/868 523/679/869 543/700/889 542/699/888
f 523/679/869 524/680/870 544/701/890 543/700/889
f 524/680/870 525/681/871 545/702/891 544/701/890
f 525/681/871 526/682/872 546/703/892 545/702/891
f 526/682/872 527/683/873 547/704/893 546/703/892
f 527/683/873 528/684/874 548/705/894 547/704/893
f 528/684/874 529/685/875 549/706/895 548/705/894
f 529/685/875 530/686/876 550/707/896 549/706/895
f 530/686/876 531/687/877 551/708/897 550/707/896
f 531/687/877 532/688/878 552/709/898 551/708/897
f 532/688/878 533/689/879 553/710/899 552/709/898
f 533/689/879 534/690/880 554/711/900 553/710/899
f 534/690/880 535/691/881 555/712/901 554/711/900
f 535/691/881 516/692/863 536/713/883 555/712/901
f 536/693/883 537/694/882 557/715/902 556/714/903
f 537/694/882 538/695/884 558/716/904 557/715/902
f 538/695/884 539/696/885 559/717/905 558/716/904
f 539/696/885 540/697/886 560/718/906 559/717/905
f 540/697/886 541/698/887 561/719/907 560/718/906
f 541/698/887 542/699/888 562/720/908 561/719/907
f 542/699/888 543/700/889 563/721/909 562/720/908
f 543/700/889 544/701/890 564/722/910 563/721/909
f 544/701/890 545/702/891 565/723/911 564/722/910
f 545/702/891 546/703/892 566/724/912 565/723/911
f 546/703/892 547/704/893 567/725/913 566/724/912
f 547/704/893 548/705/894 568/726/914 567/725/913
f 548/705/894 549/706/895 569/727/915 568/726/914
f 549/706/895 550/707/896 570/728/916 569/727/915
f 550/707/896 551/708/897 571/729/917 570/728/916
f 551/708/897 552/709/898 572/730/918 571/729/917
f 552/709/898 553/710/899 573/731/919 572/730/918
f 553/710/899 554/711/900 574/732/920 573/731/919
f 554/711/900 555/712/901 575/733/921 574/732/920
f 555/712/901 536/713/883 556/734/903 575/733/921
f 556/714/903 557/715/902 577/736/922 576/735/923
f 557/715/902 558/716/904 578/737/924 577/736/922
f 558/716/904 559/717/905 579/738/925 578/737/924
f 559/717/905 560/718/906 580/739/926 579/738/925
f 560/718/906 561/719/907 581/740/927 580/739/926
f 561/719/907 562/720/908 582/741/928 581/740/927
f 562/720/908 563/721/909 583/742/929 582/741/928
f 563/721/909 564/722/910 584/743/930 583/742/929
f 564/722/910 565/723/911 585/744/931 584/743/930
f 565/723/911 566/724/912 586/745/932 585/744/931
f 566/724/912 567/725/913 587/746/933 586/745/932
f 567/725/913 568/726/914 588/747/934 587/746/933
f 568/726/914 569/727/915 589/748/935 588/747/934
f 569/727/915 570/728/916 590/749/936 589/748/935
f 570/728/916 571/729/917 591/750/937 590/749/936
f 571/729/917 572/730/918 592/751/938 591/750/937
f 572/730/918 573/731/919 593/752/939 592/751/938
f 573/731/919 574/732/920 594/753/940 593/752/939
f 574/732/920 575/733/921 595/754/941 594/753/940
f 575/733/921 556/734/903 576/755/923 595/754/941
f 576/735/923 577/736/922 597/757/942 596/756/943
f 577/736/922 578/737/924 598/758/944 597/757/942
f 578/737/924 579/738/925 599/759/945 598/758/944
f 579/738/925 580/739/926 600/760/946 599/759/945
f 580/739/926 581/740/927 601/761/947 600/760/946
f 581/740/927 582/741/928 602/762/948 601/761/947
f 582/741/928 583/742/929 603/763/949 602/762/948
f 583/742/929 584/743/930 604/764/950 603/763/949
f 584/743/930 585/744/931 605/765/951 604/764/950
f 585/744/931 586/745/932 606/766/952 605/765/951
f 586/745/932 587/746/933 607/767/953 606/766/952
f 587/746/933 588/747/934 608/768/954 607/767/953
f 588/747/934 589/748/935 609/769/955 608/768/954
f 589/748/935 590/749/936 610/770/956 609/769/955
f 590/749/936 591/750/937 611/771/957 610/770/956
f 591/750/937 592/751/938 612/772/958 611/771/957
f 592/751/938 593/752/939 613/773/959 612/772/958
f 593/752/939 594/753/940 614/774/960 613/773/959
f 594/753/940 595/754/941 615/775/961 614/774/960
f 595/754/941 576/755/923 596/776/943 615/775/961
f 596/756/943 597/757/942 617/778/962 616/777/963
f 597/757/942 598/758/944 618/779/964 617/778/962
f 598/758/944 599/759/945 619/780/965 618/779/964
f 599/759/945 600/760/946 620/781/966 619/780/965
f 600/760/946 601/761/947 621/782/967 620/781/966
f 601/761/947 602/762/948 622/783/968 621/782/967
f 602/762/948 603/763/949 623/784/969 622/783/968
f 603/763/949 604/764/950 624/785/970 623/784/969
f 604/764/950 605/765/951 625/786/971 624/785/970
f 605/765/951 606/766/952 626/787/972 625/786/971
f 606/766/952 607/767/953 627/788/973 626/787/972
f 607/767/953 608/768/954 628/789/974 627/788/973
f 608/768/954 609/769/955 629/790/975 628/789/974
f 609/769/955 610/770/956 630/791/976 629/790/975
f 610/770/956 611/771/957 631/792/977 630/791/976
f 611/771/957 612/772/958 632/793/978 631/792/977
f 612/772/958 613/773/959 633/794/979 632/793/978
f 613/773/959 614/774/960 634/795/980 633/794/979
f 614/774/960 615/775/961 635/796/981 634/795/980
f 615/775/961 596/776/943 616/797/963 635/796/981
f 616/777/963 617/778/962 637/799/982 636/798/983
f 617/778/962 618/779/964 638/800/984 637/799/982
f 618/779/964 619/780/965 639/801/985 638/800/984
f 619/780/965 620/781/966 640/802/986 639/801/985
f 620/781/966 621/782/967 641/803/987 640/802/986
f 621/782/967 622/783/968 642/804/988 641/803/987
f 622/783/968 623/784/969 643/805/989 642/804/988
f 623/784/969 624/785/970 644/806/990 643/805/989
f 624/785/970 625/786/971 645/807/991 644/806/990
f 625/786/971 626/787/972 646/808/992 645/807/991
f 626/787/972 627/788/973 647/809/993 646/808/992
f 627/788/973 628/789/974 648/810/994 647/809/993
f 628/789/974 629/790/975 649/811/995 648/810/994
f 629/790/975 630/791/976 650/812/996 649/811/995
f 630/791/976 631/792/977 651/813/997 650/812/996
f 631/792/977 632/793/978 652/814/998 651/813/997
f 632/793/978 633/794/979 653/815/999 652/814/998
f 633/794/979 634/795/980 654/816/1000 653/815/999
f 634/795/980 635/796/981 655/817/1001 654/816/1000
f 635/796/981 616/797/963 636/818/983 655/817/1001
f 636/798/983 637/799/982 657/820/1002 656/819/1003
f 637/799/982 638/800/984 658/821/1004 657/820/1002
f 638/800/984 639/801/985 659/822/1005 658/821/1004
f 639/801/985 640/802/986 660/823/1006 659/822/1005
f 640/802/986 641/803/987 661/824/1007 660/823/1006
f 641/803/987 642/804/988 662/825/1008 661/824/1007
f 642/804/988 643/805/989 663/826/1009 662/825/1008
f 643/805/989 644/806/990 664/827/1010 663/826/1009
f 644/806/990 645/807/991 665/828/1011 664/827/1010
f 645/807/991 646/808/992 666/829/1012 665/828/1011
f 646/808/992 647/809/993 667/830/1013 666/829/1012
f 647/809/993 648/810/994 668/831/1014 667/830/1013
f 648/810/994 649/811/995 669/832/1015 668/831/1014
f 649/811/995 650/812/996 670/833/1016 669/832/1015
f 650/812/996 651/813/997 671/834/1017 670/833/1016
f 651/813/997 652/814/998 672/835/1018 671/834/1017
f 652/814/998 653/815/999 673/836/1019 672/835/1018
f 653/815/999 654/816/1000 674/837/1020 673/836/1019
f 654/816/1000 655/817/1001 675/838/1021 674/837/1020
f 655/817/1001 636/818/983 656/839/1003 675/838/1021
f 656/819/1003 657/820/1002 677/841/1022 676/840/1023
f 657/820/1002 658/821/1004 678/842/1024 677/841/1022
f 658/821/1004 659/822/1005 679/843/1025 678/842/1024
f 659/822/1005 660/823/1006 680/844/1026 679/843/1025
f 660/823/1006 661/824/1007 681/845/1027 680/844/1026
f 661/824/1007 662/825/1008 682/846/1028 681/845/1027
f 662/825/1008 663/826/1009 683/847/1029 682/846/1028
f 663/826/1009 664/827/1010 684/848/1030 683/847/1029
f 664/827/1010 665/828/1011 685/849/1031 684/848/1030
f 665/828/1011 666/829/1012 686/850/1032 685/849/1031
f 666/829/1012 667/830/1013 687/851/1033 686/850/1032
f 667/830/1013 668/831/1014 688/852/1034 687/851/1033
f 668/831/1014 669/832/1015 689/853/1035 688/852/1034
f 669/832/1015 670/833/1016 690/854/1036 689/853/1035
f 670/833/1016 671/834/1017 691/855/1037 690/854/1036
f 671/834/1017 672/835/1018 692/856/1038 691/855/1037
f 672/835/1018 673/836/1019 693/857/1039 692/856/1038
f 673/836/1019 674/837/1020 694/858/1040 693/857/1039
f 674/837/1020 675/838/1021 695/859/1041 694/858/1040
f 675/838/1021 656/839/1003 676/860/1023 695/859/1041
f 676/840/1023 677/841/1022 697/862/1042 696/861/1043
f 677/841/1022 678/842/1024 698/863/1044 697/862/1042
f 678/842/1024 679/843/1025 699/864/1045 698/863/1044
f 679/843/1025 680/844/1026 700/865/1046 699/864/1045
f 680/844/1026 681/845/1027 701/866/1047 700/865/1046
f 681/845/1027 682/846/1028 702/867/1048 701/866/1047
f 682/846/1028 683/847/1029 703/868/1049 702/867/1048
f 683/847/1029 684/848/1030 704/869/1050 703/868/1049
f 684/848/1030 685/849/1031 705/870/1051 704/869/1050
f 685/849/1031 686/850/1032 706/871/1052 705/870/1051
f 686/850/1032 687/851/1033 707/872/1053 706/871/1052
f 687/851/1033 688/852/1034 708/873/1054 707/872/1053
f 688/852/1034 689/853/1035 709/874/1055 708/873/1054
f 689/853/1035 690/854/1036 710/875/1056 709/874/1055
f 690/854/1036 691/855/1037 711/876/1057 710/875/1056
f 691/855/1037 692/856/1038 712/877/1058 711/876/1057
f 692/856/1038 693/857/1039 713/878/1059 712/877/1058
f 693/857/1039 694/858/1040 714/879/1060 713/878/1059
f 694/858/1040 695/859/1041 715/880/1061 714/879/1060
f 695/859/1041 676/860/1023 696/881/1043 715/880/1061
f 696/861/1043 697/862/1042 717/883/1062 716/882/1063
f 697/862/1042 698/863/1044 718/884/1064 717/883/1062
f 698/863/1044 699/864/1045 719/885/1065 718/884/1064
f 699/864/1045 700/865/1046 720/886/1066 719/885/1065
f 700/865/1046 701/866/1047 721/887/1067 720/886/1066
f 701/866/1047 702/867/1048 722/888/1068 721/887/1067
f 702/867/1048 703/868/1049 723/889/1069 722/888/1068
f 703/868/1049 704/869/1050 724/890/1070 723/889/1069
f 704/869/1050 705/870/1051 725/891/1071 724/890/1070
f 705/870/1051 706/871/1052 726/892/1072 725/891/1071
f 706/871/1052 707/872/1053 727/893/1073 726/892/1072
f 707/872/1053 708/873/1054 728/894/1074 727/893/1073
f 708/873/1054 709/874/1055 729/895/1075 728/894/1074
f 709/874/1055 710/875/1056 730/896/1076 729/895/1075
f 710/875/1056 711/876/1057 731/897/1077 730/896/1076
f 711/876/1057 712/877/1058 732/898/1078 731/897/1077
f 712/877/1058 713/878/1059 733/899/1079 732/898/1078
f 713/878/1059 714/879/1060 734/900/1080 733/899/1079
f 714/879/1060 715/880/1061 735/901/1081 734/900/1080
f 715/880/1061 696/881/1043 716/902/1063 735/901/1081
f 716/882/1063 717/883/1062 737/904/1082 736/903/1083
f 717/883/1062 718/884/1064 738/905/1084 737/904/1082
f 718/884/1064 719/885/1065 739/906/1085 738/905/1084
f 719/885/1065 720/886/1066 740/907/1086 739/906/1085
f 720/886/1066 721/887/1067 741/908/1087 740/907/1086
f 721/887/1067 722/888/1068 742/909/1088 741/908/1087
f 722/888/1068 723/889/1069 743/910/1089 742/909/1088
f 723/889/1069 724/890/1070 744/911/1090 743/910/1089
f 724/890/1070 725/891/1071 745/912/1091 744/911/1090
f 725/891/1071 726/892/1072 746/913/1092 745/912/1091
f 726/892/1072 727/893/1073 747/914/1093 746/913/1092
f 727/893/1073 728/894/1074 748/915/1094 747/914/1093
f 728/894/1074 729/895/1075 749/916/1095 748/915/1094
f 729/895/1075 730/896/1076 750/917/1096 749/916/1095
f 730/896/1076 731/897/1077 751/918/1097 750/917/1096
f 731/897/1077 732/898/1078 752/919/1098 751/918/1097
f 732/898/1078 733/899/1079 753/920/1099 752/919/1098
f 733/899/1079 734/900/1080 754/921/1100 753/920/1099
f 734/900/1080 735/901/1081 755/922/1101 754/921/1100
f 735/901/1081 716/902/1063 736/923/1083 755/922/1101
f 736/903/1083 737/904/1082 757/925/1102 756/924/1103
f 737/904/1082 738/905/1084 758/926/1104 757/925/1102
f 738/905/1084 739/906/1085 759/927/1105 758/926/1104
f 739/906/1085 740/907/1086 760/928/1106 759/927/1105
f 740/907/1086 741/908/1087 761/929/1107 760/928/1106
f 741/908/1087 742/909/1088 762/930/1108 761/929/1107
f 742/909/1088 743/910/1089 763/931/1109 762/930/1108
f 743/910/1089 744/911/1090 764/932/1110 763/931/1109
f 744/911/1090 745/912/1091 765/933/1111 764/932/1110
f 745/912/1091 746/913/1092 766/934/1112 765/933/1111
f 746/913/1092 747/914/1093 767/935/1113 766/934/1112
f 747/914/1093 748/915/1094 768/936/1114 767/935/1113
f 748/915/1094 749/916/1095 769/937/1115 768/936/1114
f 749/916/1095 750/917/1096 770/938/1116 769/937/1115
f 750/917/1096 751/918/1097 771/939/1117 770/938/1116
f 751/918/1097 752/919/1098 772/940/1118 771/939/1117
f 752/919/1098 753/920/1099 773/941/1119 772/940/1118
f 753/920/1099 754/921/1100 774/942/1120 773/941/1119
f 754/921/1100 755/922/1101 775/943/1121 774/942/1120
f 755/922/1101 736/923/1083 756/944/1103 775/943/1121
s 1
f 779/547/723 778/1008/722 878/1009/1122
f 782/548/726 779/547/723 878/946/1122
f 784/549/728 782/548/726 878/947/1122
f 786/550/730 784/549/728 878/948/1122
f 788/551/732 786/550/730 878/949/1122
f 790/552/734 788/551/732 878/950/1122
f 792/553/736 790/552/734 878/951/1122
f 794/554/738 792/553/736 878/952/1122
f 796/555/740 794/554/738 878/953/1122
f 798/556/742 796/555/740 878/954/1122
f 800/557/744 798/556/742 878/955/1122
f 802/558/746 800/557/744 878/956/1122
f 804/559/748 802/558/746 878/957/1122
f 806/560/750 804/559/748 878/958/1122
f 808/561/752 806/560/750 878/959/1122
f 810/562/754 808/561/752 878/960/1122
f 812/563/756 810/562/754 878/961/1122
f 814/564/758 812/563/756 878/962/1122
f 816/985/760 814/564/758 878/1010/1122
s off
f 474/566/1123 475/565/1124 776/964/1125
s 2
f 756/924/1103 757/925/1102 777/965/1126
f 757/925/1102 758/926/1104 777/966/1126
f 758/926/1104 759/927/1105 777/967/1126
f 759/927/1105 760/928/1106 777/968/1126
f 760/928/1106 761/929/1107 777/969/1126
f 761/929/1107 762/930/1108 777/970/1126
f 762/930/1108 763/931/1109 777/971/1126
f 763/931/1109 764/932/1110 777/972/1126
f 764/932/1110 765/933/1111 777/973/1126
f 765/933/1111 766/934/1112 777/974/1126
f 766/934/1112 767/935/1113 777/975/1126
f 767/935/1113 768/936/1114 777/976/1126
f 768/936/1114 769/937/1115 777/977/1126
f 769/937/1115 770/938/1116 777/978/1126
f 770/938/1116 771/939/1117 777/979/1126
f 771/939/1117 772/940/1118 777/980/1126
f 772/940/1118 773/941/1119 777/981/1126
f 773/941/1119 774/942/1120 777/982/1126
f 774/942/1120 775/943/1121 777/983/1126
f 775/943/1121 756/944/1103 777/984/1126
s off
f 475/565/1127 474/566/1128 778/986/1129 816/985/1130
s 3
f 477/631/1131 476/630/1132 859/988/1133 858/987/1134
f 478/632/1135 477/631/1131 858/987/1134 860/989/1136
f 479/633/1137 478/632/1135 860/989/1136 861/990/1138
f 480/634/1139 479/633/1137 861/990/1138 862/991/1140
f 481/635/1141 480/634/1139 862/991/1140 863/992/1142
f 482/636/1143 481/635/1141 863/992/1142 864/993/1144
f 483/637/1145 482/636/1143 864/993/1144 865/994/1146
f 484/638/1147 483/637/1145 865/994/1146 866/995/1148
f 485/639/1149 484/638/1147 866/995/1148 867/996/1150
f 486/640/1151 485/639/1149 867/996/1150 868/997/1152
f 487/641/1153 486/640/1151 868/997/1152 869/998/1154
f 488/642/1155 487/641/1153 869/998/1154 870/999/1156
f 489/643/1157 488/642/1155 870/999/1156 871/1000/1158
f 490/644/1159 489/643/1157 871/1000/1158 872/1001/1160
f 491/645/1161 490/644/1159 872/1001/1160 873/1002/1162
f 492/646/1163 491/645/1161 873/1002/1162 874/1003/1164
f 493/647/1165 492/646/1163 874/1003/1164 875/1004/1166
f 494/648/1167 493/647/1165 875/1004/1166 876/1005/1168
f 495/649/1169 494/648/1167 876/1005/1168 877/1006/1170
f 476/650/1132 495/649/1169 877/1006/1170 859/1007/1133
s off
f 474/546/1171 776/945/1172 878/1009/1173 778/1008/1174
f 776/963/1175 475/565/1176 816/985/1177 878/1010/1178
f 928/1011/1179 908/1012/1180 893/1013/1181 927/1014/1182
f 923/1015/1183 924/1016/1184 881/1017/1185 903/1018/1186
f 933/1019/1187 880/1020/1188 883/1021/1189 932/1022/1190
f 910/1023/1191 903/1024/1192 881/1025/1193 885/1026/1194
f 881/1025/1195 924/1027/1196 925/1028/1197 885/1026/1198
f 882/1029/1199 904/1030/1200 905/1031/1201 886/1032/1202
f 932/1022/1203 883/1021/1204 887/1033/1205 931/1034/1206
f 910/1023/1207 885/1026/1208 889/1035/1209 909/1036/1210
f 885/1026/1211 925/1028/1212 926/1037/1213 889/1035/1214
f 886/1032/1215 905/1031/1216 906/1038/1217 890/1039/1218
f 931/1034/1219 887/1033/1220 891/1040/1221 930/1041/1222
f 909/1036/1223 889/1035/1224 893/1013/1225 908/1012/1226
f 889/1035/1227 926/1037/1228 927/1014/1229 893/1013/1230
f 890/1039/1231 906/1038/1232 907/1042/1233 894/1043/1234
f 933/1044/1235 934/1045/1236 895/1046/1237 880/1047/1238
f 897/1048/1239 896/1049/1240 879/1050/1241 884/1051/1242
f 898/1052/1243 897/1048/1244 884/1051/1245 888/1053/1246
f 899/1054/1247 898/1052/1248 888/1053/1249 892/1055/1250
f 930/1041/1251 891/1040/1252 900/1056/1253 929/1057/1254
f 887/1033/1255 901/1058/1256 900/1056/1257 891/1040/1258
f 883/1021/1259 902/1059/1260 901/1058/1261 887/1033/1262
f 880/1020/1263 895/1060/1264 902/1059/1265 883/1021/1266
f 934/1045/1267 923/1015/1268 903/1018/1269 895/1046/1270
f 905/1031/1271 904/1030/1272 896/1049/1273 897/1048/1274
f 906/1038/1275 905/1031/1276 897/1048/1277 898/1052/1278
f 907/1042/1279 906/1038/1280 898/1052/1281 899/1054/1282
f 929/1057/1283 900/1056/1284 908/1012/1285 928/1011/1286
f 901/1058/1287 909/1036/1288 908/1012/1289 900/1056/1290
f 902/1059/1291 910/1023/1292 909/1036/1293 901/1058/1294
f 902/1059/1295 895/1060/1296 903/1024/1297 910/1023/1298
f 904/1061/1299 882/1062/1300 912/1063/1301 911/1064/1302
f 913/1065/1303 912/1066/1304 882/1029/1305 886/1032/1306
f 914/1067/1307 913/1065/1308 886/1032/1309 890/1039/1310
f 915/1068/1311 914/1067/1312 890/1039/1313 894/1043/1314
f 907/1042/1315 916/1069/1316 915/1068/1317 894/1043/1318
f 899/1054/1319 917/1070/1320 916/1069/1321 907/1042/1322
f 892/1055/1323 918/1071/1324 917/1070/1325 899/1054/1326
f 888/1053/1327 919/1072/1328 918/1071/1329 892/1055/1330
f 884/1051/1331 920/1073/1332 919/1072/1333 888/1053/1334
f 879/1050/1335 921/1074/1336 920/1073/1337 884/1051/1338
f 879/1075/1339 896/1076/1340 922/1077/1341 921/1078/1342
f 896/1076/1343 904/1061/1344 911/1064/1345 922/1077/1346
f 911/1064/1347 912/1063/1348 924/1016/1349 923/1015/1350
f 925/1028/1351 924/1027/1352 912/1066/1353 913/1065/1354
f 926/1037/1355 925/1028/1356 913/1065/1357 914/1067/1358
f 927/1014/1359 926/1037/1360 914/1067/1361 915/1068/1362
f 916/1069/1363 928/1011/1364 927/1014/1365 915/1068/1366
f 917/1070/1367 929/1057/1368 928/1011/1369 916/1069/1370
f 918/1071/1371 930/1041/1372 929/1057/1373 917/1070/1374
f 919/1072/1375 931/1034/1376 930/1041/1377 918/1071/1378
f 920/1073/1379 932/1022/1380 931/1034/1381 919/1072/1382
f 921/1074/1383 933/1019/1384 932/1022/1385 920/1073/1386
f 921/1078/1387 922/1077/1388 934/1045/1389 933/1044/1390
f 935/1079/1391 936/1080/1392 937/1081/1393 938/1082/1394
f 922/1077/1395 911/1064/1396 936/1080/1397 935/1079/1398
f 911/1064/1399 923/1015/1400 937/1081/1401 936/1080/1402
f 944/1083/1403 943/1084/1404 945/1085/1405 946/1086/1406
f 934/1045/1407 922/1077/1408 935/1079/1409 938/1082/1410
f 923/1015/1411 934/1045/1412 939/1087/1413 940/1088/1414
f 934/1045/1415 938/1082/1416 941/1089/1417 939/1087/1418
f 938/1082/1419 937/1081/1420 942/1090/1421 941/1089/1422
f 937/1081/1423 923/1015/1424 940/1088/1425 942/1090/1426
f 940/1088/1427 939/1087/1428 943/1084/1429 944/1083/1430
f 939/1087/1431 941/1089/1432 945/1085/1433 943/1084/1434
f 941/1089/1435 942/1090/1436 946/1086/1437 945/1085/1438
f 942/1090/1439 940/1088/1440 944/1083/1441 946/1086/1442
g default
v 12.925979 81.065371 64.782697
v 13.482070 83.680867 65.371783
v 13.482070 83.680867 -64.896738
v 12.925979 81.065371 -64.307688
v -10.241683 81.065371 64.782697
v -9.949773 83.680867 65.371783
v -9.949773 83.680867 -64.896738
v -10.241683 81.065371 -64.307688
v -10.241683 60.624273 -64.307688
v -10.241683 60.624273 64.782697
v 12.925979 60.624273 -64.307688
v 12.925979 60.624273 64.782697
v 12.925979 81.065371 67.375822
v -10.241683 81.065371 67.375822
v -9.949773 83.680867 68.750339
v 13.482070 83.680876 68.750339
v -9.949773 83.680867 67.061052
v 13.482070 83.680867 67.061052
v -9.949773 83.680849 -66.586016
v 13.482070 83.680849 -66.586016
v 12.925979 81.065371 -66.900812
v -10.241683 81.065371 -66.900812
v -9.949773 83.680849 -68.275316
v 13.482070 83.680849 -68.275316
v 16.180063 83.680876 68.750339
v 16.180063 83.680867 67.061052
v 16.180063 83.680867 65.371783
v 16.180063 83.680849 -64.896738
v 16.180063 83.680849 -66.586016
v 16.180063 83.680849 -68.275294
v 15.447972 81.065371 -65.604250
v 15.447972 81.065371 -64.307688
v 15.447972 81.065371 64.782697
v 15.447972 81.065371 66.079277
v 14.831067 83.680876 68.750339
v 14.831067 83.680867 67.061052
v 14.831067 83.680867 65.371783
v 14.831067 83.680849 -64.896738
v 14.831067 83.680849 -66.586016
v 14.831067 83.680849 -68.275294
v 14.187012 81.065371 -66.900812
v 14.187012 81.065371 67.375822
v 14.187012 81.065371 62.646206
v 12.925979 81.065371 62.646206
v -10.241683 81.065371 62.646206
v -9.949773 83.680867 62.842568
v 13.482070 83.680867 62.842568
v 14.831067 83.680867 62.842568
v 16.180063 83.680849 62.842568
v 14.187012 81.065371 -62.171188
v 12.925979 81.065371 -62.171188
v -10.241683 81.065371 -62.171188
v -9.949773 83.680867 -62.367550
v 13.482070 83.680867 -62.367550
v 14.831067 83.680867 -62.367550
v 16.180063 83.680849 -62.367550
v 10.841922 83.680876 68.750339
v 10.841922 83.680867 67.061052
v 10.841922 83.680867 65.371783
v 10.841922 83.680867 62.842568
v 10.841922 83.680867 -62.367550
v 10.841922 83.680867 -64.896738
v 10.841922 83.680849 -66.586016
v 10.841922 83.680849 -68.275294
v 10.373940 81.065371 -65.604250
v 10.373940 81.065371 -64.307688
v 10.373940 60.624273 62.646206
v 10.373940 81.065371 64.782697
v 10.373940 81.065371 66.079277
v 10.373940 81.065371 67.375822
v -7.430748 83.680867 68.750339
v -7.430748 83.680867 67.061052
v -7.430748 83.680867 65.371783
v -7.430748 83.680867 62.842568
v -7.430748 83.680867 -62.367550
v -7.430748 83.680867 -64.896738
v -7.430748 83.680849 -66.586016
v -7.430748 83.680849 -68.275294
v -7.810694 81.065371 -65.604250
v -7.810694 81.065371 -64.307688
v -7.810694 81.065371 64.782697
v -7.810694 81.065371 66.079277
v -11.281539 83.680867 68.750339
v -11.281539 83.680867 67.061052
v -11.281539 83.680867 65.371783
v -11.281539 83.680867 62.842568
v -11.281539 83.680867 -62.367541
v -11.281539 83.680867 -64.896738
v -11.281539 83.680867 -66.586016
v -11.281539 83.680849 -68.275294
v -11.485413 81.065371 -66.900812
v -11.485413 81.065371 -62.171188
v -11.485413 81.065371 62.646206
v -11.485413 81.065371 67.375822
v -12.613305 83.680867 68.750339
v -12.613305 83.680867 67.061052
v -12.613305 83.680867 65.371783
v -12.613305 83.680867 62.842568
v -12.613305 83.680867 -62.367541
v -12.613305 83.680867 -64.896738
v -12.613305 83.680867 -66.586016
v -12.613305 83.680849 -68.275294
v -12.729142 81.065371 -65.604250
v -12.729142 81.065371 -64.307688
v -12.729142 81.065371 64.782697
v -12.729142 81.065371 66.079277
v 12.925979 0.000004 64.782697
v 14.187012 0.000004 64.782697
v 14.187012 0.000004 66.079277
v 12.925979 0.000004 66.079277
v 14.187012 0.000004 67.375822
v 12.925979 0.000004 67.375822
v 15.447972 0.000004 64.782697
v 15.447972 0.000004 66.079277
v 14.187012 0.000004 62.646206
v 12.925979 0.000004 62.646206
v 10.373940 0.000004 64.782697
v 10.373940 0.000004 66.079277
v 10.373940 0.000004 67.375822
v 12.925979 0.000004 -64.307688
v 12.925979 0.000004 -62.171188
v 14.187012 0.000004 -64.307688
v 14.187012 0.000004 -62.171188
v 12.925979 0.000004 -65.604250
v 14.187012 0.000004 -65.604250
v 12.925979 0.000004 -66.900812
v 14.187012 0.000004 -66.900812
v 15.447972 0.000004 -65.604250
v 15.447972 0.000004 -64.307688
v 10.373940 0.000004 -65.604250
v 10.373940 0.000004 -64.307688
v -10.241683 0.000004 64.782697
v -7.810694 0.000004 64.782697
v -7.810694 0.000004 66.079277
v -10.241683 0.000004 66.079277
v -10.241683 0.000004 67.375822
v -11.485413 0.000004 62.646206
v -11.485413 0.000004 64.782697
v -10.241683 0.000004 62.646206
v -11.485413 0.000004 66.079277
v -11.485413 0.000004 67.375822
v -12.729142 0.000004 64.782697
v -12.729142 0.000004 66.079277
v -10.241683 0.000004 -64.307688
v -10.241683 0.000004 -62.171188
v -7.810694 0.000004 -64.307688
v -10.241683 0.000004 -65.604250
v -10.241683 0.000004 -64.307688
v -7.810694 0.000004 -65.604250
v -7.810694 0.000004 -64.307688
v -10.241683 0.000004 -66.900812
v -11.485413 0.000004 -66.900812
v -11.485413 0.000004 -65.604250
v -11.485413 0.000004 -64.307688
v -11.485413 0.000004 -62.171188
v -10.241683 -0.000023 -62.171188
v -12.729142 0.000004 -65.604250
v -12.729142 0.000004 -64.307688
v -10.241683 0.000004 62.646206
v -10.241683 0.000004 64.782697
v -7.810694 0.000004 64.782697
v 10.373940 0.000004 -64.307688
v 12.925979 0.000004 -64.307688
v 12.925979 0.000004 -62.171188
v 10.373940 0.000004 62.646206
v 10.373940 0.000004 64.782697
v 12.925979 0.000004 62.646206
v 12.925979 0.000004 64.782697
v 10.373940 60.624273 21.040390
v -7.810694 60.624273 21.040390
v -10.241683 81.065371 21.040390
v -11.485413 81.065371 21.040390
v -12.729142 81.065371 21.040390
v -12.613305 83.680867 21.105838
v -11.281539 83.680867 21.105838
v -9.949773 83.680867 21.105838
v -7.430748 83.680867 21.105838
v 10.841922 83.680867 21.105838
v 13.482070 83.680867 21.105838
v 14.831067 83.680867 21.105838
v 16.180063 83.680849 21.105838
v 15.447972 81.065371 21.040390
v 14.187012 81.065371 21.040390
v 12.925979 81.065371 21.040390
v 10.373940 60.624273 -20.565372
v -7.810694 60.624273 -20.565372
v -10.241683 81.065371 -20.565372
v -11.485413 81.065371 -20.565372
v -12.729142 81.065371 -20.565372
v -12.613305 83.680867 -20.630820
v -11.281539 83.680867 -20.630820
v -9.949773 83.680867 -20.630829
v -7.430748 83.680867 -20.630829
v 10.841922 83.680867 -20.630829
v 13.482070 83.680867 -20.630829
v 14.831067 83.680867 -20.630829
v 16.180063 83.680849 -20.630829
v 15.447972 81.065371 -20.565372
v 14.187012 81.065371 -20.565372
v 12.925979 81.065371 -20.565372
v 12.925979 62.519434 -20.565372
v 12.925979 62.519434 -62.171188
v 12.925979 62.519434 -64.307688
v 10.373940 62.519434 -64.307688
v -7.810694 62.519434 -64.307688
v -10.241683 62.519434 -64.307688
v -10.241683 62.519434 -62.171188
v -10.241683 62.519434 -20.565381
v -10.241683 62.519434 21.040390
v -10.241683 62.519434 62.646206
v -10.241683 62.519434 64.782697
v -7.810694 62.519434 64.782697
v 10.373940 62.519434 64.782697
v 12.925979 62.519434 64.782697
v 12.925979 62.519434 62.646206
v 12.925979 62.519434 21.040390
v 12.925979 80.094347 -20.565372
v 12.925979 80.094347 -62.171188
v 12.925979 80.094347 -64.307688
v 10.373940 80.094347 -64.307688
v -7.810694 80.094347 -64.307688
v -10.241683 80.094347 -64.307688
v -10.241683 80.094347 -62.171188
v -10.241683 80.094347 -20.565372
v -10.241683 80.094347 21.040390
v -10.241683 80.094347 62.646206
v -10.241683 80.094347 64.782697
v -7.810694 80.094347 64.782697
v 10.373940 80.094347 64.782697
v 12.925979 80.094347 64.782697
v 12.925979 80.094347 62.646206
v 12.925979 80.094347 21.040390
v 12.925979 79.508519 -60.784327
v 12.925979 63.105262 -60.784327
v 12.925979 79.508519 -21.952233
v 12.925979 63.105262 -21.952233
v 12.925979 79.508519 22.427251
v 12.925979 63.105262 22.427251
v 12.925979 79.508519 61.259363
v 12.925979 63.105262 61.259363
v 12.925979 63.105262 19.653529
v 12.925979 63.105262 -19.178520
v 12.925979 79.508519 -19.178520
v 12.925979 79.508519 19.653529
v -7.640920 78.552310 -58.520596
v -7.640920 64.061462 -58.520596
v -7.640920 78.552310 -24.215928
v -7.640920 64.061462 -24.215928
v -7.632884 78.552310 24.690946
v -7.632884 64.061462 24.690946
v -7.632884 78.552310 58.995614
v -7.632884 64.061462 58.995614
v -7.634983 64.061462 17.389852
v -7.634983 64.061462 -16.914834
v -7.634983 78.552310 -16.914834
v -7.634983 78.552310 17.389852
v 11.368040 63.105262 -21.952233
v 11.368040 79.508519 -21.952233
v 11.368040 79.508519 -60.784327
v 11.368040 63.105262 -60.784327
v 11.368040 63.105262 19.653529
v 11.368040 79.508519 19.653529
v 11.368040 79.508519 -19.178520
v 11.368040 63.105262 -19.178520
v 11.368040 63.105262 61.259363
v 11.368040 79.508519 61.259363
v 11.368040 79.508519 22.427251
v 11.368040 63.105262 22.427251
v 10.376981 64.061462 24.690946
v 10.376981 64.061462 58.995614
v 10.376981 78.552310 58.995614
v 10.376981 78.552310 24.690946
v 10.343822 64.061462 -16.914834
v 10.343822 64.061462 17.389852
v 10.343822 78.552310 17.389852
v 10.343822 78.552310 -16.914834
v 10.247315 64.061462 -58.520596
v 10.247315 64.061462 -24.215928
v 10.247315 78.552310 -24.215928
v 10.247315 78.552310 -58.520596
v -13.948474 83.360188 70.222938
v -13.624564 83.680867 69.993725
v -12.629522 83.314867 70.192331
v -12.613305 83.680867 69.997652
v -13.624564 83.680849 -69.518702
v -13.948474 83.360188 -69.747919
v -12.613305 83.680849 -69.522639
v -12.629522 83.314858 -69.717318
v -13.947967 83.407545 68.606701
v -13.636293 83.680867 68.750339
v 17.424010 83.345880 70.213254
v 17.159829 83.680876 70.002394
v 17.430454 83.366387 68.585090
v 17.160408 83.680876 68.750339
v 17.425531 83.350532 -64.822344
v 17.175033 83.680849 -64.896738
v 17.427558 83.357066 -66.464486
v 17.168662 83.680849 -66.586016
v -13.948112 83.392921 -64.831887
v -13.649904 83.680867 -64.896738
v -13.948040 83.399048 -66.480242
v -13.644039 83.680867 -66.586016
v 17.425531 83.350550 65.297376
v 17.175033 83.680867 65.371783
v 17.178508 83.680849 62.842568
v 17.424445 83.347147 62.817518
v -13.948112 83.392930 65.306933
v -13.649904 83.680867 65.371783
v -13.948184 83.389708 62.820704
v -13.653089 83.680867 62.842568
v 13.404821 83.317600 70.194159
v 13.482070 83.680876 69.994449
v 14.741872 83.318568 70.194811
v 14.831067 83.680876 69.993345
v 13.482070 83.680849 -69.519426
v 13.404821 83.317572 -69.719141
v 14.831067 83.680849 -69.518336
v 14.741872 83.318532 -69.719797
v -9.990533 83.315545 70.192766
v -9.949773 83.680867 69.996820
v -7.483743 83.316088 70.193128
v -7.430748 83.680867 69.996222
v -9.949773 83.680849 -69.521806
v -9.990533 83.315509 -69.717752
v -7.430748 83.680849 -69.521204
v -7.483743 83.316061 -69.718119
v -13.948040 83.399048 66.955278
v -13.644039 83.680867 67.061052
v 17.427558 83.357102 66.939532
v 17.168662 83.680867 67.061052
v -13.947967 83.407536 -68.131678
v -13.636293 83.680849 -68.275316
v 17.430454 83.366351 -68.110040
v 17.160408 83.680849 -68.275316
v 17.159829 83.680849 -69.527376
v 17.424010 83.345844 -69.738245
v 16.078995 83.319672 70.195571
v 16.180063 83.680876 69.992168
v 16.180063 83.680849 -69.517145
v 16.078995 83.319636 -69.720553
v -13.948184 83.389337 21.098544
v -13.653451 83.680867 21.105838
v 17.178870 83.680849 21.105838
v 17.424300 83.346758 21.097476
v -13.653089 83.680867 -62.367550
v -13.948184 83.389708 -62.345686
v 17.424445 83.347147 -62.342500
v 17.178508 83.680849 -62.367550
v 10.776764 83.316776 70.193598
v 10.841922 83.680876 69.995390
v 10.841922 83.680849 -69.520372
v 10.776764 83.316749 -69.718585
v -11.310064 83.315138 70.192512
v -11.281539 83.680867 69.997308
v -11.281539 83.680849 -69.522295
v -11.310064 83.315111 -69.717485
v -13.948184 83.389337 -20.623535
v -13.653451 83.680867 -20.630829
v 17.178870 83.680849 -20.630829
v 17.424300 83.346758 -20.622476
v 12.925979 61.382256 -62.171188
v 12.704006 60.846283 -62.171188
v 12.168041 60.624273 -62.171188
v 12.925979 59.820300 -62.171188
v 12.925979 60.624273 -62.975152
v 12.168041 60.624273 -20.565372
v 12.704006 60.846283 -20.565372
v 12.925979 61.382256 -20.565372
v -10.241683 59.820300 -62.171188
v -9.483673 60.624273 -62.171188
v -10.019710 60.846283 -62.171188
v -10.241683 61.382256 -62.171188
v -10.241683 60.624273 -62.975152
v -9.483673 60.624273 -20.565372
v -10.019710 60.846283 -20.565381
v -10.241683 61.382256 -20.565381
v 10.373940 61.382256 -64.307688
v 11.177923 60.624273 -64.307688
v 10.373940 59.820300 -64.307688
v 10.373940 60.624273 -63.549723
v 10.373940 60.846283 -64.085687
v -7.810694 61.382256 -64.307688
v -7.810694 60.846283 -64.085687
v -7.810694 60.624273 -63.549723
v -7.810694 59.820300 -64.307688
v -8.614677 60.624273 -64.307688
v 10.373940 59.820300 64.782697
v 11.177923 60.624273 64.782697
v 10.373940 61.382256 64.782697
v 10.373940 60.846283 64.560706
v 10.373940 60.624273 64.024741
v -7.810694 59.820300 64.782697
v -7.810694 60.624273 64.024741
v -7.810694 60.846283 64.560706
v -7.810694 61.382256 64.782697
v -8.614677 60.624273 64.782697
v 12.925979 61.382256 62.646206
v 12.925979 60.624273 63.450171
v 12.925979 59.820300 62.646206
v 12.168041 60.624273 62.646206
v 12.704006 60.846283 62.646206
v 12.168041 60.624273 21.040390
v 12.704006 60.846283 21.040390
v 12.925979 61.382256 21.040390
v -10.019710 60.846283 62.646206
v -9.483673 60.624273 62.646206
v -10.241683 59.820300 62.646206
v -10.241683 60.624273 63.450171
v -10.241683 61.382256 62.646206
v -9.483673 60.624273 21.040390
v -10.019710 60.846283 21.040390
v -10.241683 61.382256 21.040390
v 12.925979 60.624273 -62.171188
v -10.241683 60.624273 -62.171188
v 10.373940 60.624273 -64.307688
v -7.810694 60.624273 -64.307688
v 10.373940 60.624273 64.782697
v -7.810694 60.624273 64.782697
v 12.925979 60.624273 62.646206
v -10.241683 60.624273 62.646206
v 15.302234 81.065371 67.230156
v 15.447972 81.065371 66.878409
v 15.872588 81.065371 67.375858
v 15.447972 81.065371 67.800456
v 14.950524 81.065371 67.375858
v 14.950524 0.000004 67.375858
v 15.447972 0.000004 66.878409
v 15.302234 0.000004 67.230156
v 15.447972 81.065371 62.221608
v 15.872588 81.065371 62.646206
v 15.447972 81.065371 63.143654
v 15.302234 81.065371 62.791907
v 14.950524 81.065371 62.646206
v 15.447972 0.000004 63.143654
v 14.950524 0.000004 62.646206
v 15.302234 0.000004 62.791907
v 15.302234 81.065371 -66.755129
v 14.950524 81.065371 -66.900812
v 15.447972 81.065371 -67.325410
v 15.872588 81.065371 -66.900812
v 15.447972 81.065371 -66.403369
v 15.447972 0.000004 -66.403369
v 14.950524 0.000004 -66.900812
v 15.302234 0.000004 -66.755129
v 15.302234 81.065371 -62.316889
v 15.447972 81.065371 -62.668636
v 15.872588 81.065371 -62.171188
v 15.447972 81.065371 -61.746590
v 14.950524 81.065371 -62.171188
v 14.950524 0.000004 -62.171188
v 15.447972 0.000004 -62.668636
v 15.302234 0.000004 -62.316889
v 10.519605 81.065371 -66.755129
v 10.373940 81.065371 -66.403369
v 9.949324 81.065371 -66.900812
v 10.373940 81.065371 -67.325410
v 10.871388 81.065371 -66.900812
v 10.871388 0.000004 -66.900812
v 10.373940 0.000004 -66.403369
v 10.519605 0.000004 -66.755129
v -7.956359 81.065371 67.230156
v -7.810694 81.065371 66.878391
v -7.386078 81.065371 67.375822
v -7.810694 81.065371 67.800437
v -8.308143 81.065371 67.375822
v -8.308143 0.000004 67.375822
v -7.810694 0.000004 66.878391
v -7.956359 0.000004 67.230156
v -12.729142 81.065371 62.221608
v -12.231694 81.065371 62.646206
v -12.583477 81.065371 62.791907
v -12.729142 81.065371 63.143654
v -13.153758 81.065371 62.646206
v -12.231694 0.000004 62.646206
v -12.729142 0.000004 63.143654
v -12.583477 0.000004 62.791907
v -12.583477 81.065371 67.230156
v -12.231694 81.065371 67.375822
v -12.729142 81.065371 67.800437
v -13.153758 81.065371 67.375858
v -12.729142 81.065371 66.878391
v -12.231694 0.000004 67.375822
v -12.583477 0.000004 67.230156
v -12.729142 0.000004 66.878391
v -7.810694 60.624273 -62.668636
v -7.386078 60.624273 -62.171188
v -7.810694 60.624273 -61.746590
v -8.308143 60.624273 -62.171188
v -7.956359 60.624273 -62.316889
v -8.308143 0.000004 -62.171188
v -7.810694 0.000004 -62.668636
v -7.956359 0.000004 -62.316889
v -7.956359 81.065371 -66.755129
v -8.308143 81.065371 -66.900812
v -7.810694 81.065371 -67.325410
v -7.386078 81.065371 -66.900812
v -7.810694 81.065371 -66.403369
v -7.810694 0.000004 -66.403369
v -8.308143 0.000004 -66.900812
v -7.956359 0.000004 -66.755129
v -12.583477 81.065371 -66.755129
v -12.729142 81.065371 -66.403369
v -13.153758 81.065371 -66.900812
v -12.729142 81.065371 -67.325410
v -12.231694 81.065371 -66.900812
v -12.231694 -0.000023 -66.900812
v -12.729142 -0.000023 -66.403369
v -12.583477 -0.000023 -66.755129
v -12.583477 81.065371 -62.316889
v -12.231694 81.065371 -62.171188
v -12.729142 81.065371 -61.746590
v -13.153758 81.065371 -62.171188
v -12.729142 81.065371 -62.668636
v -12.231694 0.000004 -62.171188
v -12.583477 0.000004 -62.316889
v -12.729142 0.000004 -62.668636
v -7.810694 60.624273 62.221608
v -7.386078 60.624273 62.646206
v -7.810694 60.624273 63.143654
v -7.956359 60.624273 62.791907
v -8.308143 60.624273 62.646206
v -7.810694 0.000004 63.143654
v -8.308143 0.000004 62.646206
v -7.956359 0.000004 62.791907
v 10.373940 60.624273 -62.668636
v 10.519605 60.624273 -62.316889
v 10.871388 60.624273 -62.171188
v 10.373940 60.624273 -61.746590
v 9.949324 60.624273 -62.171188
v 10.871388 0.000004 -62.171188
v 10.519605 0.000004 -62.316889
v 10.373940 0.000004 -62.668636
v 15.447972 81.065371 67.375858
v 15.447972 81.065371 62.646206
v 15.447972 81.065371 -66.900812
v 15.447972 81.065371 -62.171188
v 10.373940 81.065371 -66.900812
v -7.810694 81.065371 67.375822
v -12.729142 81.065371 62.646206
v -12.729142 81.065371 67.375822
v -7.810694 60.624273 -62.171188
v -7.810694 81.065371 -66.900812
v -12.729142 81.065371 -66.900812
v -12.729142 81.065371 -62.171188
v -7.810694 60.624273 62.646206
v 10.373940 60.624273 -62.171188
v -13.402664 81.065371 68.255352
v -13.814899 81.178864 68.634393
v -13.968528 81.478032 68.951244
v -12.713360 81.422548 68.913760
v -12.724943 81.160204 68.621959
v -12.729142 81.065371 68.241053
v -13.381740 81.065371 -67.765040
v -13.809107 81.183036 -68.157999
v -13.968311 81.493209 -68.486475
v -12.729142 81.065371 -67.766031
v -12.724943 81.160204 -68.146936
v -12.713360 81.422548 -68.438737
v -13.967515 81.572865 -67.167523
v -13.803026 81.214303 -66.979093
v -13.399550 81.065371 -66.900812
v 16.210615 81.065371 -67.771985
v 16.608589 81.167208 -68.153280
v 16.829259 81.448964 -68.456583
v 16.210398 81.065371 -66.900812
v 16.607286 81.183751 -66.963030
v 16.842290 81.490602 -67.124292
v -13.424745 81.065371 -64.307688
v -13.810338 81.222321 -64.343045
v -13.967225 81.600068 -64.428113
v -13.967153 81.606041 -62.211785
v -13.812076 81.224077 -62.183106
v -13.430682 81.065371 -62.171188
v 16.231104 81.065371 -64.307688
v 16.615249 81.188928 -64.335516
v 16.848734 81.511118 -64.408086
v 16.235882 81.065371 -62.171188
v 16.617059 81.190050 -62.180545
v 16.850109 81.515643 -62.204998
v -13.424745 81.065371 64.782697
v -13.810338 81.222321 64.818063
v -13.967225 81.600068 64.903131
v -13.413885 81.065371 66.079277
v -13.807225 81.218964 66.136943
v -13.967298 81.588675 66.275694
v 16.231104 81.065371 64.782697
v 16.615249 81.188928 64.810534
v 16.848734 81.511118 64.883113
v 16.222344 81.065371 66.079277
v 16.611847 81.186756 66.124834
v 16.846055 81.502521 66.243368
v 12.925979 81.065371 68.237886
v 12.946033 81.159625 68.620565
v 13.001418 81.419942 68.911968
v 14.187012 81.065371 68.236800
v 14.210179 81.159425 68.620112
v 14.274107 81.419037 68.911371
v 12.925979 81.065371 -67.762872
v 12.946033 81.159625 -68.145556
v 13.001418 81.419942 -68.436963
v 14.187012 81.065371 -67.761800
v 14.210179 81.159425 -68.145090
v 14.274107 81.419028 -68.436357
v -10.241683 81.065371 68.240257
v -10.231113 81.160068 68.621615
v -10.201864 81.421914 68.913307
v -7.759002 81.421390 68.912945
v -7.796938 81.159959 68.621343
v -7.810694 81.065371 68.239641
v -10.241683 81.065371 -67.765248
v -10.231113 81.160068 -68.146588
v -10.201864 81.421914 -68.438280
v -7.810694 81.065371 -67.764614
v -7.796938 81.159959 -68.146321
v -7.759002 81.421390 -68.437936
v -13.967515 81.572865 67.642573
v -13.803026 81.214303 67.454138
v -13.399550 81.065371 67.375858
v 16.201204 81.065371 68.238936
v 16.606706 81.169145 68.627443
v 16.831503 81.456240 68.936529
v 16.210398 81.065371 67.375858
v 16.607286 81.183751 67.438066
v 16.842290 81.490602 67.599333
v -13.413885 81.065371 -65.604250
v -13.807225 81.218964 -65.661915
v -13.967298 81.588675 -65.800685
v 16.222344 81.065371 -65.604250
v 16.611847 81.186756 -65.649820
v 16.846055 81.502521 -65.768350
v 15.546651 81.417987 68.910665
v 15.474253 81.159199 68.619569
v 15.447972 81.065371 68.235551
v 15.447972 81.065371 -67.760537
v 15.474253 81.159199 -68.144556
v 15.546651 81.417987 -68.435656
v 16.235882 81.065371 62.646206
v 16.617059 81.190050 62.655563
v 16.850109 81.515643 62.680016
v -13.967153 81.606041 62.686803
v -13.812076 81.224077 62.658134
v -13.430682 81.065371 62.646206
v 16.236389 81.065371 -20.565372
v 16.617276 81.190186 -20.568503
v 16.850326 81.516168 -20.576666
v -13.431333 81.065371 -20.565372
v -13.812220 81.224276 -20.569354
v -13.967153 81.606720 -20.578919
v 10.373940 81.065371 68.238845
v 10.390809 81.159815 68.620981
v 10.437505 81.420738 68.912493
v 10.373940 81.065371 -67.763822
v 10.390809 81.159815 -68.145968
v 10.437505 81.420738 -68.437497
v -11.485413 81.065371 68.240764
v -11.478028 81.160159 68.621832
v -11.457612 81.422304 68.913597
v -11.485413 81.065371 -67.765736
v -11.478028 81.160159 -68.146814
v -11.457612 81.422304 -68.438570
v -13.431333 81.065371 21.040390
v -13.812220 81.224276 21.044372
v -13.967153 81.606720 21.053947
v 16.236389 81.065371 21.040390
v 16.617276 81.190186 21.043521
v 16.850326 81.516168 21.051684
vt 0.541667 0.916667
vt 0.541667 0.944444
vt 0.541667 0.333333
vt 0.541667 0.305556
vt 0.569444 0.305556
vt 0.569444 0.333333
vt 0.541667 0.416667
vt 0.541667 0.388889
vt 0.569444 0.388889
vt 0.569444 0.416667
vt 0.541667 0.777778
vt 0.541667 0.861111
vt 0.541667 0.833333
vt 0.569444 0.861111
vt 0.458333 0.916667
vt 0.486111 0.916667
vt 0.486111 0.944444
vt 0.458333 0.944444
vt 0.458333 0.333333
vt 0.458333 0.305556
vt 0.486111 0.305556
vt 0.486111 0.333333
vt 0.458333 0.416667
vt 0.458333 0.388889
vt 0.486111 0.388889
vt 0.486111 0.416667
vt 0.458333 0.777778
vt 0.486111 0.777778
vt 0.458333 0.861111
vt 0.486111 0.833333
vt 0.486111 0.861111
vt 0.458333 0.861111
vt 0.458333 0.833333
vt 0.458333 0.833333
vt 0.458333 0.861111
vt 0.486111 0.833333
vt 0.486111 0.833333
vt 0.541667 0.833333
vt 0.541667 0.861111
vt 0.541667 0.861111
vt 0.541667 0.833333
vt 0.486111 0.916667
vt 0.458333 0.916667
vt 0.458333 0.916667
vt 0.486111 0.916667
vt 0.458333 0.972222
vt 0.486111 0.972222
vt 0.541667 0.972222
vt 0.569444 0.972222
vt 0.486111 0.972222
vt 0.458333 0.972222
vt 0.569444 0.972222
vt 0.541667 0.972222
vt 0.458333 0.833333
vt 0.458333 0.805556
vt 0.486111 0.805556
vt 0.486111 0.833333
vt 0.486111 0.444444
vt 0.458333 0.444444
vt 0.569444 0.444444
vt 0.541667 0.444444
vt 0.569444 0.805556
vt 0.458333 0.777778
vt 0.486111 0.777778
vt 0.541667 0.777778
vt 0.597222 0.777778
vt 0.597222 0.805556
vt 0.597222 0.944444
vt 0.597222 0.916667
vt 0.597222 0.972222
vt 0.597222 0.805556
vt 0.597222 0.916667
vt 0.597222 0.944444
vt 0.597222 0.972222
vt 0.597222 0.888889
vt 0.569444 0.888889
vt 0.597222 0.888889
vt 0.541667 0.888889
vt 0.541667 0.888889
vt 0.541667 0.888889
vt 0.541667 0.916667
vt 0.541667 0.916667
vt 0.458333 0.916667
vt 0.458333 0.888889
vt 0.486111 0.888889
vt 0.486111 0.916667
vt 0.458333 0.888889
vt 0.458333 0.888889
vt 0.486111 0.361111
vt 0.458333 0.361111
vt 0.569444 0.361111
vt 0.541667 0.361111
vt 0.569444 0.870370
vt 0.569444 0.861111
vt 0.541667 0.870370
vt 0.541667 0.870370
vt 0.486111 0.861111
vt 0.458333 0.870370
vt 0.458333 0.870370
vt 0.458333 0.379630
vt 0.486111 0.379630
vt 0.541667 0.379630
vt 0.569444 0.379630
vt 0.513889 0.305556
vt 0.513889 0.333333
vt 0.513889 0.361111
vt 0.513889 0.388889
vt 0.513889 0.379630
vt 0.513889 0.416667
vt 0.513889 0.444444
vt 0.513889 0.777778
vt 0.513889 0.777778
vt 0.513889 0.833333
vt 0.513889 0.833333
vt 0.513889 0.833333
vt 0.513889 0.916667
vt 0.513889 0.888889
vt 0.541667 0.888889
vt 0.541667 0.916667
vt 0.513889 0.916667
vt 0.513889 0.916667
vt 0.513889 0.944444
vt 0.513889 0.916667
vt 0.513889 0.972222
vt 0.513889 0.972222
vt 0.486111 0.805556
vt 0.513889 0.805556
vt 0.486111 0.833333
vt 0.486111 0.916667
vt 0.486111 0.888889
vt 0.513889 0.888889
vt 0.513889 0.916667
vt 0.486111 0.944444
vt 0.513889 0.944444
vt 0.430556 0.305556
vt 0.430556 0.333333
vt 0.430556 0.361111
vt 0.430556 0.388889
vt 0.430556 0.379630
vt 0.430556 0.416667
vt 0.430556 0.444444
vt 0.430556 0.777778
vt 0.430556 0.833333
vt 0.458333 0.861111
vt 0.430556 0.861111
vt 0.430556 0.888889
vt 0.458333 0.888889
vt 0.430556 0.944444
vt 0.402778 0.833333
vt 0.402778 0.944444
vt 0.569444 0.888889
vt 0.458333 0.916667
vt 0.458333 0.888889
vt 0.541667 0.888889
vt 0.430556 0.888889
vt 0.458333 0.879630
vt 0.458333 0.879630
vt 0.430556 0.879630
vt 0.430556 0.370370
vt 0.458333 0.370370
vt 0.486111 0.370370
vt 0.513889 0.370370
vt 0.541667 0.370370
vt 0.569444 0.370370
vt 0.569444 0.879630
vt 0.541667 0.879630
vt 0.541667 0.879630
vt 0.541667 0.861111
vt 0.541667 0.833333
vt 0.513889 0.833333
vt 0.486111 0.833333
vt 0.458333 0.833333
vt 0.458333 0.916667
vt 0.541667 0.916667
vt 0.541667 0.888889
vt 0.541667 0.861111
vt 0.541667 0.861111
vt 0.541667 0.870370
vt 0.541667 0.870370
vt 0.541667 0.879630
vt 0.541667 0.879630
vt 0.541667 0.888889
vt 0.541667 0.888889
vt 0.541667 0.861111
vt 0.541667 0.861111
vt 0.541667 0.870370
vt 0.541667 0.870370
vt 0.541667 0.879630
vt 0.541667 0.879630
vt 0.541667 0.888889
vt 0.541667 0.888889
vt 0.541667 0.870370
vt 0.541667 0.879630
vt 0.541667 0.870370
vt 0.541667 0.879630
vt 0.541667 0.870370
vt 0.541667 0.870370
vt 0.541667 0.861111
vt 0.541667 0.861111
vt 0.541667 0.879630
vt 0.541667 0.879630
vt 0.541667 0.870370
vt 0.541667 0.870370
vt 0.541667 0.888889
vt 0.541667 0.888889
vt 0.541667 0.879630
vt 0.541667 0.879630
vt 0.541667 0.879630
vt 0.541667 0.888889
vt 0.541667 0.888889
vt 0.541667 0.879630
vt 0.541667 0.870370
vt 0.541667 0.879630
vt 0.541667 0.879630
vt 0.541667 0.870370
vt 0.541667 0.861111
vt 0.541667 0.870370
vt 0.541667 0.870370
vt 0.541667 0.861111
vt 0.367640 0.250000
vt 0.347222 0.250000
vt 0.375000 0.530652
vt 0.375000 0.472222
vt 0.381684 0.492668
vt 0.347194 0.250000
vt 0.319444 0.250000
vt 0.631019 0.239924
vt 0.651608 0.239938
vt 0.652778 0.240257
vt 0.679728 0.240164
vt 0.791667 0.240423
vt 0.763987 0.240432
vt 0.792154 0.240337
vt 0.819444 0.240384
vt 0.820272 0.240164
vt 0.847222 0.240257
vt 0.208333 0.250000
vt 0.180575 0.250000
vt 0.375000 0.415892
vt 0.375000 0.388889
vt 0.180556 0.250000
vt 0.152806 0.250000
vt 0.707846 0.240338
vt 0.680556 0.240384
vt 0.622867 0.334150
vt 0.622867 0.361111
vt 0.622845 0.361117
vt 0.291659 0.250000
vt 0.375000 0.333333
vt 0.375000 0.307291
vt 0.263889 0.250000
vt 0.848392 0.239938
vt 0.875000 0.217979
vt 0.868982 0.239924
vt 0.254630 0.250000
vt 0.622843 0.370372
vt 0.236111 0.250000
vt 0.245370 0.250000
vt 0.622845 0.388883
vt 0.622838 0.379630
vt 0.381279 0.305556
vt 0.402778 0.333333
vt 0.381441 0.472222
vt 0.402778 0.472222
vt 0.381090 0.388889
vt 0.402778 0.416667
vt 0.541667 0.492680
vt 0.569444 0.472222
vt 0.458333 0.492719
vt 0.486111 0.472222
vt 0.381684 0.257332
vt 0.402778 0.257268
vt 0.402778 0.277778
vt 0.458333 0.277778
vt 0.486111 0.257292
vt 0.541667 0.277778
vt 0.569444 0.257338
vt 0.381441 0.277778
vt 0.402778 0.305556
vt 0.381157 0.416667
vt 0.402778 0.444444
vt 0.381279 0.444444
vt 0.617408 0.277778
vt 0.597222 0.277778
vt 0.617397 0.257190
vt 0.617578 0.305556
vt 0.597222 0.305556
vt 0.617709 0.333333
vt 0.597222 0.388889
vt 0.617709 0.416667
vt 0.617578 0.444444
vt 0.597222 0.416667
vt 0.617408 0.472222
vt 0.597222 0.444444
vt 0.597222 0.492642
vt 0.617397 0.492810
vt 0.569444 0.277778
vt 0.597222 0.257358
vt 0.569444 0.492662
vt 0.597222 0.472222
vt 0.381157 0.333333
vt 0.402778 0.361111
vt 0.617780 0.361111
vt 0.597222 0.333333
vt 0.381083 0.379630
vt 0.402778 0.388889
vt 0.617780 0.388889
vt 0.597222 0.379630
vt 0.513889 0.277778
vt 0.541667 0.257320
vt 0.513889 0.492695
vt 0.541667 0.472222
vt 0.486111 0.277778
vt 0.513889 0.257305
vt 0.486111 0.492709
vt 0.513889 0.472222
vt 0.430556 0.277778
vt 0.458333 0.257281
vt 0.430556 0.492727
vt 0.458333 0.472222
vt 0.430556 0.257273
vt 0.402778 0.492732
vt 0.430556 0.472222
vt 0.381092 0.361111
vt 0.402778 0.370370
vt 0.617789 0.370370
vt 0.597222 0.361111
vt 0.381083 0.370370
vt 0.402778 0.379630
vt 0.617788 0.379630
vt 0.597222 0.370370
vt 0.430556 0.861111
vt 0.413231 0.861111
vt 0.402778 0.861111
vt 0.402778 0.861111
vt 0.430556 0.861111
vt 0.513889 0.861111
vt 0.513889 0.850660
vt 0.513889 0.833333
vt 0.541667 0.833333
vt 0.402778 0.861111
vt 0.402778 0.852361
vt 0.402778 0.833333
vt 0.402778 0.833333
vt 0.402778 0.861111
vt 0.458333 0.833333
vt 0.513889 0.833333
vt 0.532481 0.833333
vt 0.430556 0.972222
vt 0.411529 0.972222
vt 0.402778 0.972222
vt 0.402778 0.972222
vt 0.430556 0.972222
vt 0.402778 0.888889
vt 0.412631 0.888889
vt 0.430556 0.888889
vt 0.430555 0.888889
vt 0.402778 0.888889
vt 0.513889 0.916667
vt 0.402778 0.777778
vt 0.411964 0.777778
vt 0.430556 0.777778
vt 0.430556 0.777778
vt 0.458333 0.916667
vt 0.541667 0.916667
vt 0.402778 0.972222
vt 0.402778 0.961771
vt 0.402778 0.944444
vt 0.402778 0.944444
vt 0.402778 0.972222
vt 0.402778 0.944444
vt 0.402778 0.924918
vt 0.402778 0.916667
vt 0.402778 0.916667
vt 0.402778 0.944444
vt 0.458333 0.888889
vt 0.458333 0.906214
vt 0.458333 0.916667
vt 0.458333 0.916667
vt 0.458333 0.888889
vt 0.458333 0.888889
vt 0.486111 0.916667
vt 0.541667 0.861111
vt 0.513889 0.833333
vt 0.486111 0.843188
vt 0.513889 0.906812
vt 0.486111 0.916667
vt 0.458333 0.888889
vt 0.513889 0.879630
vt 0.466994 0.888889
vt 0.533416 0.879630
vt 0.466994 0.870370
vt 0.486111 0.879630
vt 0.541667 0.870370
vt 0.458333 0.861111
vt 0.458333 0.861111
vt 0.458333 0.870370
vt 0.458333 0.870370
vt 0.458333 0.879630
vt 0.458333 0.879630
vt 0.541667 0.879630
vt 0.541667 0.888889
vt 0.541667 0.870370
vt 0.541667 0.879630
vt 0.533416 0.888889
vt 0.541667 0.850658
vt 0.541667 0.861111
vt 0.458333 0.861111
vt 0.458333 0.850658
vt 0.513889 0.843188
vt 0.513889 0.833333
vt 0.522640 0.833333
vt 0.486111 0.833333
vt 0.476925 0.833333
vt 0.486111 0.833333
vt 0.513889 0.916667
vt 0.522640 0.916667
vt 0.513889 0.916667
vt 0.486111 0.916667
vt 0.476925 0.916667
vt 0.541667 0.888889
vt 0.541667 0.899342
vt 0.458333 0.899342
vt 0.458333 0.888889
vt 0.541667 0.861111
vt 0.541667 0.870370
vt 0.458333 0.861111
vt 0.458333 0.870370
vt 0.513889 0.833333
vt 0.486111 0.833333
vt 0.513889 0.916667
vt 0.486111 0.916667
vt 0.541667 0.888889
vt 0.541667 0.879630
vt 0.458333 0.888889
vt 0.458333 0.879630
vt 0.541071 0.859488
vt 0.458333 0.859443
vt 0.515285 0.833333
vt 0.484685 0.834045
vt 0.515248 0.915955
vt 0.484645 0.916667
vt 0.541667 0.890557
vt 0.458959 0.890512
vt 0.597222 0.888794
vt 0.586264 0.888889
vt 0.569444 0.861111
vt 0.586264 0.861111
vt 0.486760 0.972222
vt 0.486111 0.961565
vt 0.513889 0.944444
vt 0.413888 0.888889
vt 0.466994 0.861111
vt 0.480427 0.861111
vt 0.486111 0.805556
vt 0.486111 0.788435
vt 0.513240 0.777778
vt 0.513889 0.788435
vt 0.402778 0.861206
vt 0.413888 0.861111
vt 0.430556 0.870370
vt 0.466994 0.879630
vt 0.486111 0.888794
vt 0.480427 0.888889
vt 0.486760 0.888889
vt 0.486111 0.906812
vt 0.486111 0.895356
vt 0.513889 0.888889
vt 0.486760 0.861111
vt 0.486111 0.854644
vt 0.513889 0.854644
vt 0.513889 0.870370
vt 0.513889 0.861206
vt 0.519303 0.861111
vt 0.533416 0.861111
vt 0.533416 0.870370
vt 0.486111 0.870370
vt 0.486111 0.861206
vt 0.513240 0.861111
vt 0.458333 0.916667
vt 0.475454 0.916667
vt 0.458333 0.916667
vt 0.486111 0.944444
vt 0.486111 0.944444
vt 0.458333 0.861111
vt 0.458333 0.844292
vt 0.486111 0.833333
vt 0.486111 0.833333
vt 0.541667 0.777778
vt 0.558486 0.777778
vt 0.541667 0.777778
vt 0.597222 0.777778
vt 0.597222 0.826866
vt 0.597222 0.861111
vt 0.597222 0.861111
vt 0.597222 0.861111
vt 0.580102 0.861111
vt 0.597222 0.861111
vt 0.597222 0.922081
vt 0.597222 0.944444
vt 0.597222 0.944444
vt 0.541667 0.916667
vt 0.541667 0.899546
vt 0.541667 0.916667
vt 0.569444 0.888889
vt 0.569444 0.888889
vt 0.486111 0.916667
vt 0.464801 0.916667
vt 0.486111 0.916667
vt 0.513889 0.794436
vt 0.513889 0.777778
vt 0.513889 0.777778
vt 0.541667 0.833333
vt 0.524999 0.833333
vt 0.541667 0.833333
vt 0.513889 0.805556
vt 0.513889 0.805556
vt 0.541667 0.833333
vt 0.541667 0.843186
vt 0.541667 0.854644
vt 0.541667 0.833333
vt 0.522550 0.861111
vt 0.513889 0.861111
vt 0.541667 0.888889
vt 0.541667 0.910983
vt 0.541667 0.888889
vt 0.513889 0.916667
vt 0.541667 0.972222
vt 0.524546 0.972222
vt 0.541667 0.972222
vt 0.441664 0.777778
vt 0.458333 0.777778
vt 0.458333 0.777778
vt 0.430556 0.888889
vt 0.447223 0.888889
vt 0.430556 0.888889
vt 0.451866 0.861111
vt 0.430556 0.861111
vt 0.430556 0.861111
vt 0.458333 0.972222
vt 0.449673 0.972222
vt 0.436240 0.972222
vt 0.458333 0.972222
vt 0.402778 0.799089
vt 0.402778 0.787634
vt 0.402778 0.777778
vt 0.402778 0.916667
vt 0.402778 0.908417
vt 0.402778 0.894303
vt 0.402778 0.916667
vt 0.402778 0.826867
vt 0.402778 0.815412
vt 0.402778 0.805556
vt 0.402778 0.805556
vt 0.475458 0.916667
vt 0.486111 0.927625
vt 0.458333 0.844291
vt 0.464801 0.833333
vt 0.558487 0.777778
vt 0.580102 0.777778
vt 0.597222 0.826866
vt 0.597222 0.844291
vt 0.580098 0.861111
vt 0.597222 0.922081
vt 0.541667 0.899542
vt 0.547351 0.888889
vt 0.464801 0.916667
vt 0.513889 0.794446
vt 0.524998 0.833333
vt 0.513889 0.822676
vt 0.541667 0.854643
vt 0.535983 0.861111
vt 0.541667 0.910983
vt 0.531009 0.916667
vt 0.524542 0.972222
vt 0.441666 0.777778
vt 0.447224 0.888889
vt 0.451866 0.861111
vt 0.436240 0.972222
vt 0.402778 0.799088
vt 0.402778 0.894304
vt 0.402778 0.826866
vt 0.586264 0.972222
vt 0.569444 0.944444
vt 0.597222 0.944444
vt 0.597222 0.961565
vt 0.597222 0.895357
vt 0.569444 0.916667
vt 0.569444 0.888889
vt 0.586264 0.888889
vt 0.597222 0.788435
vt 0.569444 0.777778
vt 0.586264 0.777778
vt 0.586264 0.861111
vt 0.569444 0.833333
vt 0.597222 0.833333
vt 0.597222 0.854644
vt 0.519303 0.777778
vt 0.541667 0.805556
vt 0.513889 0.805556
vt 0.513889 0.788435
vt 0.480427 0.972222
vt 0.486111 0.944444
vt 0.486111 0.961565
vt 0.413888 0.888889
vt 0.430556 0.916667
vt 0.402778 0.916667
vt 0.402778 0.895357
vt 0.430556 0.972222
vt 0.413888 0.972222
vt 0.402778 0.961565
vt 0.480427 0.861111
vt 0.458333 0.861111
vt 0.458333 0.833333
vt 0.486111 0.833333
vt 0.486111 0.854644
vt 0.486111 0.788435
vt 0.458333 0.777778
vt 0.480427 0.777778
vt 0.413888 0.777778
vt 0.430556 0.805556
vt 0.402778 0.805556
vt 0.402778 0.788435
vt 0.430556 0.861111
vt 0.413888 0.861111
vt 0.402778 0.854644
vt 0.486111 0.895357
vt 0.486111 0.916667
vt 0.458333 0.916667
vt 0.458333 0.888889
vt 0.480427 0.888889
vt 0.513889 0.833333
vt 0.541667 0.833333
vt 0.541667 0.861111
vt 0.519303 0.861111
vt 0.513889 0.854644
vt 0.486111 0.927624
vt 0.486111 0.916667
vt 0.486111 0.916667
vt 0.464801 0.833333
vt 0.458333 0.833333
vt 0.458333 0.833333
vt 0.580108 0.777778
vt 0.569444 0.777778
vt 0.569444 0.777778
vt 0.597222 0.844291
vt 0.597222 0.833333
vt 0.597222 0.833333
vt 0.569444 0.861111
vt 0.569444 0.861111
vt 0.569444 0.861111
vt 0.547350 0.888889
vt 0.541667 0.888889
vt 0.541667 0.888889
vt 0.458333 0.916667
vt 0.458333 0.916667
vt 0.458333 0.916667
vt 0.513889 0.822670
vt 0.513889 0.833333
vt 0.513889 0.833333
vt 0.535982 0.861111
vt 0.541667 0.861111
vt 0.541667 0.861111
vt 0.531004 0.916667
vt 0.541667 0.916667
vt 0.541667 0.916667
vt 0.513889 0.972222
vt 0.513889 0.972222
vt 0.513889 0.972222
vt 0.458333 0.888889
vt 0.458333 0.888889
vt 0.458333 0.888889
vt 0.430556 0.972222
vt 0.430556 0.972222
vt 0.430556 0.972222
vt 0.402778 0.888889
vt 0.402778 0.888889
vt 0.402778 0.888889
vt 0.486111 0.916667
vt 0.486111 0.916667
vt 0.597222 0.972222
vt 0.458333 0.833333
vt 0.458333 0.833333
vt 0.597222 0.888889
vt 0.569444 0.777778
vt 0.569444 0.777778
vt 0.597222 0.777778
vt 0.597222 0.833333
vt 0.597222 0.833333
vt 0.597222 0.861111
vt 0.569444 0.861111
vt 0.597222 0.916667
vt 0.597222 0.916667
vt 0.513889 0.777778
vt 0.569444 0.861111
vt 0.541667 0.888889
vt 0.541667 0.888889
vt 0.486111 0.972222
vt 0.458333 0.916667
vt 0.513889 0.805556
vt 0.513889 0.805556
vt 0.402778 0.888889
vt 0.458333 0.916667
vt 0.513889 0.833333
vt 0.513889 0.833333
vt 0.402778 0.972222
vt 0.541667 0.861111
vt 0.541667 0.861111
vt 0.486111 0.861111
vt 0.541667 0.916667
vt 0.541667 0.916667
vt 0.486111 0.777778
vt 0.513889 0.972222
vt 0.430556 0.777778
vt 0.430556 0.777778
vt 0.402778 0.777778
vt 0.513889 0.972222
vt 0.458333 0.888889
vt 0.458333 0.861111
vt 0.458333 0.861111
vt 0.402778 0.861111
vt 0.458333 0.888889
vt 0.430556 0.972222
vt 0.402778 0.805556
vt 0.402778 0.805556
vt 0.486111 0.888889
vt 0.430556 0.972222
vt 0.402778 0.888889
vt 0.402778 0.833333
vt 0.402778 0.833333
vt 0.513889 0.861111
vt 0.402778 0.888889
vt 0.485709 0.916667
vt 0.458333 0.833748
vt 0.569030 0.777778
vt 0.597222 0.833089
vt 0.569847 0.861111
vt 0.541667 0.889292
vt 0.458578 0.916667
vt 0.514309 0.833333
vt 0.541667 0.860867
vt 0.541667 0.916452
vt 0.514291 0.972222
vt 0.457913 0.888889
vt 0.430770 0.972222
vt 0.402778 0.889094
vt 0.387735 0.991065
vt 0.125000 0.040895
vt 0.388202 0.759263
vt 0.387242 0.916667
vt 0.402778 0.944444
vt 0.402778 0.759242
vt 0.393295 0.777778
vt 0.387242 0.833333
vt 0.402778 0.854644
vt 0.393295 0.861111
vt 0.541667 0.777778
vt 0.569444 0.759332
vt 0.458333 0.777778
vt 0.486111 0.759272
vt 0.480427 0.777778
vt 0.480427 0.972222
vt 0.486111 0.981319
vt 0.458333 0.990742
vt 0.387805 0.972222
vt 0.402778 0.981319
vt 0.569444 0.972222
vt 0.541667 0.990691
vt 0.387484 0.944444
vt 0.402778 0.961565
vt 0.393295 0.972222
vt 0.387484 0.805556
vt 0.402778 0.833333
vt 0.387805 0.777778
vt 0.402778 0.788435
vt 0.402778 0.805556
vt 0.614018 0.777778
vt 0.597222 0.768681
vt 0.614280 0.805556
vt 0.597222 0.788435
vt 0.606575 0.777778
vt 0.597222 0.805556
vt 0.614474 0.833333
vt 0.597222 0.916667
vt 0.614280 0.944444
vt 0.597222 0.990641
vt 0.606575 0.972222
vt 0.569444 0.990667
vt 0.586264 0.972222
vt 0.597222 0.981319
vt 0.597222 0.895357
vt 0.606575 0.888889
vt 0.614474 0.916667
vt 0.387110 0.888889
vt 0.402778 0.895357
vt 0.402778 0.916667
vt 0.597222 0.861206
vt 0.606575 0.861111
vt 0.614590 0.870370
vt 0.387110 0.861111
vt 0.402778 0.870370
vt 0.513889 0.990711
vt 0.541667 0.972222
vt 0.486111 0.990728
vt 0.513889 0.972222
vt 0.430556 0.777778
vt 0.458333 0.759258
vt 0.430556 0.990752
vt 0.458333 0.972222
vt 0.402778 0.990758
vt 0.413888 0.972222
vt 0.430556 0.972222
vt 0.387095 0.879630
vt 0.402778 0.888794
vt 0.393295 0.888889
vt 0.387096 0.870370
vt 0.402778 0.879630
vt 0.597222 0.870370
vt 0.614590 0.879630
vt 0.402778 0.034141
vt 0.375000 0.219348
vt 0.402778 0.534983
vt 0.375000 0.709106
vt 0.708333 0.042607
vt 0.680556 0.219053
vt 0.319444 0.050020
vt 0.291667 0.222478
vt 0.152778 0.048509
vt 0.125000 0.219348
vt 0.847222 0.219939
vt 0.875000 0.036666
vt 0.236111 0.051688
vt 0.208333 0.222477
vt 0.763889 0.218103
vt 0.791667 0.042607
vt 0.541667 0.215277
vt 0.569444 0.033805
vt 0.541667 0.716108
vt 0.569444 0.534632
vt 0.458333 0.215081
vt 0.486111 0.034030
vt 0.458333 0.715920
vt 0.486111 0.534868
vt 0.347222 0.223874
vt 0.375000 0.039444
vt 0.652778 0.040646
vt 0.625000 0.217980
vt 0.319444 0.223063
vt 0.347222 0.048509
vt 0.680556 0.041785
vt 0.652778 0.219940
vt 0.180555 0.223063
vt 0.208333 0.051109
vt 0.791667 0.218427
vt 0.819444 0.041785
vt 0.152778 0.223874
vt 0.180556 0.050020
vt 0.819445 0.219051
vt 0.847222 0.040647
vt 0.597222 0.215475
vt 0.625000 0.037362
vt 0.597222 0.716295
vt 0.625000 0.532021
vt 0.569444 0.215369
vt 0.597222 0.033705
vt 0.569444 0.716196
vt 0.597222 0.534526
vt 0.263889 0.222170
vt 0.291667 0.051109
vt 0.708333 0.218427
vt 0.736111 0.043042
vt 0.236111 0.222170
vt 0.245371 0.051744
vt 0.754630 0.218067
vt 0.763889 0.043040
vt 0.513889 0.215198
vt 0.541667 0.033891
vt 0.513889 0.716032
vt 0.541667 0.534724
vt 0.486111 0.215133
vt 0.513889 0.033967
vt 0.486111 0.715970
vt 0.513889 0.534802
vt 0.458333 0.034080
vt 0.430556 0.215042
vt 0.430555 0.715882
vt 0.458333 0.534920
vt 0.430556 0.034117
vt 0.402778 0.215017
vt 0.402778 0.715858
vt 0.430556 0.534959
vt 0.254630 0.222134
vt 0.263889 0.051680
vt 0.736111 0.218098
vt 0.745370 0.043098
vt 0.245370 0.222134
vt 0.254630 0.051744
vt 0.745370 0.218067
vt 0.754630 0.043090
vt 0.597222 0.961565
vt 0.597222 0.944444
vt 0.614018 0.972222
vt 0.597222 0.879630
vt 0.614578 0.888889
vt 0.586264 0.777778
vt 0.569444 0.777778
vt 0.597222 0.759359
vt 0.597222 0.854644
vt 0.597222 0.833333
vt 0.614578 0.861111
vt 0.519303 0.777778
vt 0.513889 0.768681
vt 0.541667 0.759309
vt 0.486760 0.777778
vt 0.486111 0.768681
vt 0.513889 0.759289
vt 0.413888 0.777778
vt 0.402778 0.768681
vt 0.430556 0.759248
vt 0.613814 0.990713
vt 0.625000 0.713334
vt 0.614023 0.759114
vt 0.375000 0.000000
vt 0.375000 1.000000
vt 0.402778 1.000000
vt 0.402778 0.000000
vt 0.375000 0.750000
vt 0.125000 0.000000
vt 0.402778 0.750000
vt 0.375000 0.777778
vt 0.152778 0.000000
vt 0.625000 0.750000
vt 0.875000 0.000000
vt 0.847222 0.000000
vt 0.625000 0.777778
vt 0.208333 0.000000
vt 0.375000 0.833333
vt 0.375000 0.861111
vt 0.236111 0.000000
vt 0.625000 0.833333
vt 0.791667 0.000000
vt 0.763889 0.000000
vt 0.625000 0.861111
vt 0.291667 0.000000
vt 0.375000 0.916667
vt 0.319444 0.000000
vt 0.375000 0.944444
vt 0.625000 0.916667
vt 0.708333 0.000000
vt 0.680556 0.000000
vt 0.625000 0.944444
vt 0.541667 1.000000
vt 0.541667 0.000000
vt 0.569444 0.000000
vt 0.569444 1.000000
vt 0.541667 0.750000
vt 0.569444 0.750000
vt 0.458333 0.000000
vt 0.458333 1.000000
vt 0.486111 1.000000
vt 0.486111 0.000000
vt 0.458333 0.750000
vt 0.486111 0.750000
vt 0.375000 0.972222
vt 0.347222 0.000000
vt 0.625000 0.000000
vt 0.625000 1.000000
vt 0.652778 0.000000
vt 0.625000 0.972222
vt 0.180556 0.000000
vt 0.375000 0.805556
vt 0.819444 0.000000
vt 0.625000 0.805556
vt 0.597222 1.000000
vt 0.597222 0.000000
vt 0.597222 0.750000
vt 0.625000 0.888889
vt 0.736111 0.000000
vt 0.375000 0.888889
vt 0.263889 0.000000
vt 0.754630 0.000000
vt 0.625000 0.870370
vt 0.375000 0.870370
vt 0.245370 0.000000
vt 0.513889 0.000000
vt 0.513889 1.000000
vt 0.513889 0.750000
vt 0.430556 0.000000
vt 0.430556 1.000000
vt 0.430556 0.750000
vt 0.254630 0.000000
vt 0.375000 0.879630
vt 0.745370 0.000000
vt 0.625000 0.879630
vn 0.000000 -1.000000 0.000000
vn 0.000000 -1.000000 0.000000
vn 0.000000 -1.000000 0.000000
vn 0.000000 -1.000000 0.000000
vn 0.000000 1.000000 0.000000
vn 0.000000 1.000000 0.000000
vn 0.000000 1.000000 0.000000
vn 0.000000 1.000000 0.000000
vn 0.000007 1.000000 -0.000003
vn 0.000007 1.000000 -0.000003
vn 0.000007 1.000000 -0.000003
vn 0.000007 1.000000 -0.000003
vn 0.000000 -1.000000 0.000000
vn 0.000000 -1.000000 0.000000
vn 0.000000 -1.000000 0.000001
vn 0.000000 -1.000000 0.000001
vn 0.000000 -1.000000 0.000000
vn 0.000000 -1.000000 0.000000
vn 0.000000 -1.000000 0.000001
vn 0.000000 -1.000000 0.000001
vn 0.000000 1.000000 0.000000
vn 0.000000 1.000000 0.000000
vn 0.000000 1.000000 0.000000
vn 0.000000 1.000000 0.000000
vn 0.000000 1.000000 0.000000
vn 0.000000 1.000000 0.000000
vn 0.000000 1.000000 0.000000
vn 0.000000 1.000000 0.000000
vn -1.000000 0.000000 0.000000
vn -1.000000 0.000000 0.000000
vn -1.000000 0.000000 0.000000
vn -1.000000 0.000000 0.000000
vn 0.000000 0.000000 -1.000000
vn 0.000000 0.000000 -1.000000
vn 0.000000 0.000000 -1.000000
vn 0.000000 0.000000 -1.000000
vn 1.000000 0.000000 0.000000
vn 1.000000 0.000000 0.000000
vn 1.000000 0.000000 0.000000
vn 1.000000 0.000000 0.000000
vn 0.000000 0.000000 1.000000
vn 0.000000 0.000000 1.000000
vn 0.000000 0.000000 1.000000
vn 0.000000 0.000000 1.000000
vn 0.000000 1.000000 0.000000
vn 0.000000 1.000000 0.000000
vn 0.000000 1.000000 0.000000
vn -0.000000 1.000000 -0.000001
vn 0.000000 1.000000 -0.000007
vn 0.000000 1.000000 -0.000007
vn 0.000000 1.000000 -0.000003
vn 0.000000 1.000000 -0.000004
vn 0.000000 -1.000000 0.000000
vn 0.000000 -1.000000 0.000001
vn 0.000000 -1.000000 0.000002
vn 0.000000 -1.000000 0.000000
vn 0.000000 -1.000000 0.000000
vn 0.000000 -1.000000 -0.000001
vn 0.000000 -1.000000 -0.000001
vn 0.000000 -1.000000 0.000000
vn 0.000000 1.000000 -0.000010
vn 0.000000 1.000000 -0.000010
vn 0.000000 1.000000 -0.000010
vn 0.000000 1.000000 -0.000010
vn 0.000007 1.000000 -0.000005
vn 0.000007 1.000000 -0.000005
vn 0.000007 1.000000 -0.000005
vn 0.000007 1.000000 -0.000005
vn 0.000000 -1.000000 0.000000
vn 0.000000 -1.000000 0.000000
vn 0.000000 -1.000000 0.000000
vn 0.000000 -1.000000 0.000000
vn 0.000000 1.000000 0.000000
vn 0.000001 1.000000 -0.000001
vn 0.000000 1.000000 0.000000
vn 0.000000 1.000000 0.000000
vn 0.000000 1.000000 0.000000
vn 0.000000 1.000000 0.000000
vn 0.000000 1.000000 0.000000
vn 0.000000 1.000000 0.000000
vn 0.000000 -1.000000 -0.000001
vn 0.000000 -1.000000 -0.000001
vn 0.000000 -1.000000 -0.000001
vn 0.000000 -1.000000 -0.000002
vn 0.000000 1.000000 -0.000003
vn 0.000000 1.000000 -0.000007
vn 0.000000 1.000000 -0.000004
vn 0.000000 1.000000 0.000000
vn 0.000000 1.000000 0.000000
vn 0.000002 1.000000 -0.000003
vn 0.000007 1.000000 -0.000003
vn 0.000007 1.000000 -0.000003
vn 0.000007 1.000000 -0.000000
vn 0.000002 1.000000 -0.000001
vn 0.000000 1.000000 -0.000000
vn 0.000000 1.000000 0.000000
vn 0.000000 1.000000 0.000000
vn 0.000000 1.000000 -0.000000
vn 0.000000 1.000000 0.000000
vn 0.000000 -1.000000 -0.000002
vn 0.000000 -1.000000 0.000001
vn 0.000000 -1.000000 -0.000001
vn 0.000000 -1.000000 -0.000001
vn 0.000000 -1.000000 0.000002
vn 0.000000 -1.000000 0.000000
vn 0.000000 -1.000000 0.000000
vn 0.000000 -1.000000 -0.000001
vn 1.000000 0.000000 0.000000
vn 1.000000 0.000000 0.000000
vn 1.000000 0.000000 0.000000
vn 1.000000 0.000000 0.000000
vn -1.000000 0.000000 0.000000
vn -1.000000 0.000000 0.000000
vn -1.000000 0.000000 0.000000
vn -1.000000 0.000000 0.000000
vn 0.000000 1.000000 0.000000
vn 0.000000 1.000000 0.000000
vn 0.000000 1.000000 0.000000
vn 0.000000 1.000000 0.000000
vn 0.000000 1.000000 0.000000
vn 0.000000 1.000000 0.000000
vn 0.000000 1.000000 0.000000
vn 0.000000 1.000000 0.000000
vn 0.000007 1.000000 -0.000000
vn 0.000007 1.000000 -0.000003
vn 0.000007 1.000000 -0.000003
vn 0.000000 -1.000000 0.000000
vn 0.000000 -1.000000 0.000000
vn 0.000000 -1.000000 0.000000
vn 0.000000 -1.000000 0.000000
vn 0.000000 -1.000000 0.000000
vn 0.000000 -1.000000 0.000000
vn 0.000000 -1.000000 0.000000
vn 0.000000 -1.000000 0.000000
vn 0.000000 -1.000000 0.000000
vn 1.000000 0.000000 0.000000
vn 1.000000 0.000000 0.000000
vn 1.000000 0.000000 0.000000
vn 1.000000 0.000000 0.000000
vn -1.000000 0.000000 0.000000
vn -1.000000 0.000000 0.000000
vn -1.000000 0.000000 0.000000
vn -1.000000 0.000000 0.000000
vn 0.000000 1.000000 0.000000
vn 0.000000 1.000000 0.000000
vn 0.000000 1.000000 0.000000
vn 0.000000 1.000000 0.000000
vn 0.000000 1.000000 0.000000
vn 0.000000 1.000000 0.000000
vn 0.000000 1.000000 0.000000
vn 0.000000 1.000000 0.000000
vn 0.000013 1.000000 0.000000
vn 0.000013 1.000000 0.000000
vn 0.000008 1.000000 -0.000000
vn 0.000000 1.000000 -0.000005
vn 0.000000 1.000000 -0.000005
vn -0.000000 1.000000 -0.000002
vn 0.000000 1.000000 0.000000
vn 0.000000 1.000000 0.000000
vn 0.000000 1.000000 0.000000
vn 0.000000 1.000000 0.000000
vn 0.000000 1.000000 0.000000
vn 0.000000 1.000000 0.000000
vn 0.000000 1.000000 0.000000
vn 0.000000 1.000000 0.000000
vn 0.000000 1.000000 0.000000
vn 0.000000 1.000000 0.000000
vn 0.000000 1.000000 0.000000
vn 0.000000 1.000000 0.000000
vn 0.000000 1.000000 0.000000
vn 0.000000 1.000000 0.000000
vn 0.000000 1.000000 0.000000
vn 0.000000 1.000000 0.000000
vn 0.000000 1.000000 -0.000010
vn 0.000000 1.000000 -0.000010
vn 0.000000 1.000000 -0.000010
vn 0.000000 1.000000 -0.000010
vn 0.000000 1.000000 0.000000
vn 0.000000 1.000000 0.000000
vn 0.000000 1.000000 0.000000
vn 0.000000 -1.000000 0.000000
vn 0.000000 -1.000000 -0.000001
vn 0.000000 -1.000000 0.000000
vn 0.000000 0.000000 -1.000000
vn 0.000000 0.000000 -1.000000
vn 0.000000 0.000000 -1.000000
vn 0.000000 0.000000 -1.000000
vn 0.000000 -1.000000 0.000000
vn 0.000000 -1.000000 0.000000
vn 0.000000 -1.000000 0.000000
vn 0.000000 -1.000000 0.000000
vn 0.000000 0.000000 1.000000
vn 0.000000 0.000000 1.000000
vn 0.000000 0.000000 1.000000
vn 0.000000 0.000000 1.000000
vn 0.000000 -1.000000 0.000000
vn 0.000000 -1.000000 0.000000
vn 0.000000 -1.000000 0.000000
vn 0.000000 -1.000000 0.000000
vn 0.000000 -1.000000 0.000000
vn 0.000000 -1.000000 0.000000
vn 0.000000 -1.000000 0.000000
vn 0.000000 -1.000000 0.000000
vn -0.000000 1.000000 -0.000003
vn -0.000000 1.000000 -0.000003
vn 0.000000 1.000000 0.000000
vn 0.000000 1.000000 0.000000
vn 0.000000 1.000000 0.000000
vn 0.000000 1.000000 0.000000
vn 0.000000 1.000000 0.000000
vn 0.000000 1.000000 0.000000
vn 0.000000 1.000000 0.000000
vn 0.000000 1.000000 0.000000
vn 0.000000 1.000000 0.000000
vn 0.000000 1.000000 0.000000
vn 0.000000 1.000000 0.000000
vn 0.000000 1.000000 0.000000
vn 0.000000 1.000000 0.000000
vn 0.000000 1.000000 0.000000
vn 0.000000 1.000000 0.000000
vn 0.000000 1.000000 0.000000
vn 0.000000 1.000000 -0.000011
vn 0.000000 1.000000 -0.000011
vn 0.000000 1.000000 -0.000011
vn 0.000000 1.000000 -0.000011
vn 0.000000 1.000000 0.000000
vn 0.000000 1.000000 0.000000
vn 0.000000 -1.000000 0.000000
vn 0.000000 -1.000000 0.000000
vn 0.000000 -1.000000 0.000000
vn 0.000000 -1.000000 0.000000
vn 0.000000 -1.000000 0.000000
vn 0.000000 -1.000000 0.000000
vn 0.000000 -1.000000 0.000000
vn 0.000000 -1.000000 0.000000
vn 0.000000 -1.000000 0.000000
vn 0.000000 -1.000000 0.000000
vn 0.000000 0.000000 -1.000000
vn 0.000000 0.000000 -1.000000
vn 0.000000 0.000000 -1.000000
vn 0.000000 0.000000 -1.000000
vn 0.000000 -1.000000 -0.000000
vn 0.000000 -1.000000 -0.000000
vn 0.000000 -1.000000 -0.000000
vn 0.000000 -1.000000 -0.000000
vn 0.000000 -1.000000 -0.000000
vn 0.000000 -1.000000 -0.000000
vn 0.000000 -0.993303 0.115536
vn 0.000000 -0.993303 0.115536
vn 0.000000 -1.000000 -0.000003
vn 0.000000 -1.000000 0.000000
vn 0.000000 -1.000000 -0.000003
vn 0.000000 0.000000 1.000000
vn 0.000000 0.000000 1.000000
vn 0.000000 0.000000 1.000000
vn 0.000000 0.000000 1.000000
vn 0.000000 -1.000000 0.000000
vn 0.000000 -1.000000 0.000000
vn 0.000000 -1.000000 0.000000
vn 0.000000 -1.000000 0.000000
vn 0.000000 1.000000 0.000000
vn 0.000000 1.000000 0.000000
vn 0.000000 1.000000 0.000000
vn 0.000000 1.000000 0.000000
vn 0.000000 1.000000 0.000000
vn 0.000000 1.000000 0.000000
vn 0.000000 1.000000 0.000000
vn 0.000000 1.000000 0.000000
vn 0.000000 1.000000 0.000000
vn 0.000000 1.000000 0.000000
vn 0.000000 1.000000 0.000000
vn 0.000000 1.000000 0.000000
vn 0.000000 1.000000 0.000000
vn 0.000000 1.000000 0.000000
vn 0.000000 1.000000 0.000000
vn 0.000000 1.000000 0.000000
vn 0.000000 1.000000 0.000000
vn 0.000000 1.000000 0.000000
vn 0.000000 1.000000 0.000000
vn 0.000007 1.000000 -0.000007
vn 0.000007 1.000000 -0.000007
vn 0.000007 1.000000 -0.000007
vn 0.000007 1.000000 -0.000007
vn 0.000002 1.000000 -0.000005
vn 0.000007 1.000000 -0.000005
vn 0.000007 1.000000 -0.000005
vn 0.000005 -1.000000 0.000006
vn 0.000008 -1.000000 0.000009
vn 0.000000 -1.000000 -0.000002
vn 0.000000 -1.000000 0.000000
vn 0.000000 -1.000000 0.000000
vn 0.000000 -1.000000 0.000000
vn 0.000000 -1.000000 0.000000
vn -0.000006 -1.000000 -0.000003
vn -0.000004 -1.000000 -0.000002
vn -0.000011 -1.000000 -0.000008
vn -0.000011 -1.000000 -0.000008
vn 0.000000 -1.000000 0.000000
vn 0.000000 -1.000000 0.000000
vn 0.000000 -1.000000 0.000000
vn 0.000000 -1.000000 0.000000
vn 0.000000 -1.000000 -0.000001
vn 0.000000 -1.000000 -0.000001
vn 0.000000 -1.000000 0.000000
vn 0.000000 -1.000000 0.000000
vn 0.000000 -1.000000 0.000000
vn 0.000000 -1.000000 0.000000
vn 0.000000 -1.000000 0.000000
vn 0.000000 -1.000000 0.000000
vn 0.000000 -1.000000 0.000003
vn 0.000000 -1.000000 0.000002
vn 0.000000 -1.000000 0.000001
vn 0.000000 1.000000 0.000000
vn 0.000000 1.000000 -0.000000
vn 0.000000 1.000000 0.000000
vn 0.000000 1.000000 0.000000
vn 0.000000 1.000000 0.000000
vn 0.000000 1.000000 0.000000
vn 0.000000 1.000000 0.000000
vn 0.000000 1.000000 0.000000
vn 0.000000 1.000000 0.000000
vn 0.000000 1.000000 -0.000000
vn 0.000000 1.000000 -0.000000
vn 0.000000 1.000000 0.000000
vn 0.000000 1.000000 0.000000
vn 0.000000 1.000000 -0.000000
vn 0.000000 1.000000 0.000000
vn 0.000000 1.000000 0.000000
vn 0.000000 1.000000 -0.000006
vn 0.000000 1.000000 0.000000
vn 0.000000 1.000000 0.000000
vn 0.000000 1.000000 -0.000006
vn 0.000000 1.000000 -0.000012
vn 0.000000 -1.000000 0.000002
vn 0.000008 -1.000000 0.000009
vn 0.000000 -1.000000 0.000000
vn 0.000000 -1.000000 0.000000
vn 0.000000 -1.000000 0.000000
vn 0.000000 -1.000000 0.000000
vn 0.000000 -1.000000 0.000000
vn 0.000000 -1.000000 0.000003
vn 0.000000 -1.000000 -0.000001
vn 0.000000 0.000000 1.000000
vn 0.000000 0.000000 1.000000
vn 0.000000 0.000000 1.000000
vn 0.000000 0.000000 1.000000
vn 1.000000 0.000000 0.000000
vn 1.000000 0.000000 0.000000
vn 1.000000 0.000000 0.000000
vn 1.000000 0.000000 0.000000
vn 1.000000 0.000000 0.000000
vn 0.992077 0.000000 0.125628
vn 0.992077 0.000000 0.125628
vn 1.000000 0.000000 0.000000
vn 0.129515 0.000000 0.991577
vn 0.129515 0.000000 0.991577
vn -0.000044 0.000000 1.000000
vn -0.000044 0.000000 1.000000
vn 0.000000 0.000000 -1.000000
vn 0.129545 0.000000 -0.991574
vn 0.129545 0.000000 -0.991574
vn 0.000000 0.000000 -1.000000
vn 0.997331 0.000000 -0.073011
vn 0.997331 0.000000 -0.073011
vn 1.000000 0.000000 0.000000
vn 1.000000 0.000000 0.000000
vn -1.000000 0.000000 0.000000
vn -1.000000 0.000000 0.000000
vn -1.000000 0.000000 0.000000
vn -1.000000 0.000000 0.000000
vn 0.000000 0.000000 -1.000000
vn 0.000000 0.000000 -1.000000
vn 0.000000 0.000000 -1.000000
vn 0.000000 0.000000 -1.000000
vn -1.000000 0.000000 0.000000
vn -1.000000 0.000000 0.000000
vn -1.000000 0.000000 0.000000
vn -1.000000 0.000000 0.000000
vn 0.000000 0.000000 -1.000000
vn 0.000000 0.000000 -1.000000
vn 0.000000 0.000000 -1.000000
vn 0.000000 0.000000 -1.000000
vn -1.000000 0.000000 0.000000
vn -1.000000 0.000000 0.000000
vn -1.000000 0.000000 0.000000
vn -1.000000 0.000000 0.000000
vn 0.000000 0.000000 1.000000
vn 0.000000 0.000000 1.000000
vn 0.000000 0.000000 1.000000
vn 0.000000 0.000000 1.000000
vn -1.000000 0.000000 0.000000
vn -1.000000 0.000000 0.000000
vn -1.000000 0.000000 0.000000
vn -1.000000 0.000000 0.000000
vn 0.000000 0.000000 1.000000
vn 0.000000 0.000000 1.000000
vn 0.000000 0.000000 1.000000
vn 0.000000 0.000000 1.000000
vn 0.000000 0.000000 -1.000000
vn 0.000000 0.000000 -1.000000
vn 0.000000 0.000000 -1.000000
vn 0.000000 0.000000 -1.000000
vn 0.000000 0.000000 -1.000000
vn 0.129530 0.000000 -0.991575
vn 0.129530 0.000000 -0.991575
vn 0.000000 0.000000 -1.000000
vn 0.992077 0.000000 -0.125628
vn 0.992077 0.000000 -0.125628
vn 1.000000 0.000000 0.000000
vn 1.000000 0.000000 0.000000
vn 1.000000 0.000000 0.000000
vn 1.000000 0.000000 0.000000
vn 1.000000 0.000000 0.000000
vn 1.000000 0.000000 0.000000
vn 1.000000 0.000000 0.000000
vn 0.997331 0.000000 0.073010
vn 0.997331 0.000000 0.073010
vn 1.000000 0.000000 0.000000
vn 0.129545 0.000000 0.991574
vn 0.129545 0.000000 0.991574
vn 0.000000 0.000000 1.000000
vn 0.000000 0.000000 1.000000
vn -1.000000 0.000000 0.000000
vn -0.992085 0.000000 -0.125567
vn -0.992085 0.000000 -0.125567
vn -1.000000 0.000000 0.000000
vn -0.060430 0.000000 -0.998172
vn -0.060430 0.000000 -0.998172
vn 0.000000 0.000000 -1.000000
vn 0.000000 0.000000 -1.000000
vn -1.000000 0.000000 0.000000
vn -1.000000 0.000000 0.000000
vn -1.000000 0.000000 0.000000
vn -1.000000 0.000000 0.000000
vn 0.000000 0.000000 1.000000
vn 0.000000 0.000000 1.000000
vn 0.000000 0.000000 1.000000
vn 0.000000 0.000000 1.000000
vn 0.000000 0.000000 -1.000000
vn 0.000000 0.000000 -1.000000
vn 0.000000 0.000000 -1.000000
vn 0.000000 0.000000 -1.000000
vn 1.000000 0.000000 0.000000
vn 1.000000 0.000000 0.000000
vn 1.000000 0.000000 0.000000
vn 1.000000 0.000000 0.000000
vn 1.000000 0.000000 0.000000
vn 0.992085 0.000000 0.125567
vn 0.992085 0.000000 0.125567
vn 1.000000 0.000000 0.000000
vn 0.063610 0.000000 0.997975
vn 0.063610 0.000000 0.997975
vn 0.000000 0.000000 1.000000
vn 0.000000 0.000000 1.000000
vn 0.000000 0.000000 -1.000000
vn 0.000000 0.000000 -1.000000
vn 0.000000 0.000000 -1.000000
vn 0.000000 0.000000 -1.000000
vn 1.000000 0.000000 0.000000
vn 1.000000 0.000000 0.000000
vn 1.000000 0.000000 0.000000
vn 1.000000 0.000000 0.000000
vn 0.000000 0.000000 1.000000
vn 0.000000 0.000000 1.000000
vn 0.000000 0.000000 1.000000
vn 0.000000 0.000000 1.000000
vn -1.000000 0.000000 0.000000
vn -0.997334 0.000000 -0.072975
vn -0.997334 0.000000 -0.072975
vn -1.000000 0.000000 0.000000
vn -0.131535 0.000000 -0.991312
vn -0.131535 0.000000 -0.991312
vn 0.000000 0.000000 -1.000000
vn 0.000000 0.000000 -1.000000
vn -1.000000 0.000000 0.000000
vn -1.000000 0.000000 0.000000
vn -1.000000 0.000000 0.000000
vn -1.000000 0.000000 0.000000
vn -0.992085 0.000000 0.125567
vn -0.992085 0.000000 0.125567
vn -1.000000 0.000000 0.000000
vn -1.000000 0.000000 0.000000
vn 0.000000 0.000000 1.000000
vn -0.131504 0.000000 0.991316
vn -0.131504 0.000000 0.991316
vn 0.000000 0.000000 1.000000
vn 0.000000 0.000000 -1.000000
vn 0.000178 0.000000 -1.000000
vn 0.000000 0.000000 -1.000000
vn 0.000000 0.000000 -1.000000
vn 0.000000 0.000000 -1.000000
vn 0.063765 0.000000 0.997965
vn 0.063765 0.000000 0.997965
vn 0.000000 0.000000 1.000000
vn 0.000000 0.000000 1.000000
vn 0.000000 0.000000 1.000000
vn 1.000000 0.000000 0.000000
vn 1.000000 0.000000 0.000000
vn 1.000000 0.000000 0.000000
vn 1.000000 0.000000 0.000000
vn 0.000000 0.000000 1.000000
vn 0.000000 0.000000 1.000000
vn 0.000000 0.000000 1.000000
vn 0.000000 0.000000 1.000000
vn 0.000000 0.000000 -1.000000
vn 0.063618 0.000000 -0.997974
vn 0.063618 0.000000 -0.997974
vn 0.000000 0.000000 -1.000000
vn 0.992085 0.000000 -0.125567
vn 0.992085 0.000000 -0.125567
vn 1.000000 0.000000 0.000000
vn 1.000000 0.000000 0.000000
vn 0.000000 0.000000 -1.000000
vn 0.000000 0.000000 -1.000000
vn 0.000000 0.000000 -1.000000
vn 0.000000 0.000000 -1.000000
vn 1.000000 0.000000 0.000000
vn 1.000000 0.000000 0.000000
vn 1.000000 0.000000 0.000000
vn 1.000000 0.000000 0.000000
vn 0.000000 0.000000 1.000000
vn 0.000000 0.000000 1.000000
vn 0.000000 0.000000 1.000000
vn 0.000000 0.000000 1.000000
vn -1.000000 0.000000 0.000000
vn -0.992085 0.000000 -0.125567
vn -0.992085 0.000000 -0.125569
vn -1.000000 0.000000 0.000000
vn -0.131522 0.000000 -0.991313
vn -0.131520 0.000000 -0.991314
vn -0.000001 0.000000 -1.000000
vn -0.000001 0.000000 -1.000000
vn -1.000000 0.000000 0.000000
vn -1.000000 0.000000 0.000000
vn -1.000000 0.000000 0.000000
vn -1.000000 0.000000 0.000000
vn -0.997334 0.000000 0.072974
vn -0.997334 0.000000 0.072974
vn -1.000000 0.000000 0.000000
vn -1.000000 0.000000 0.000000
vn 0.000000 0.000000 1.000000
vn -0.131535 0.000000 0.991312
vn -0.131535 0.000000 0.991312
vn 0.000000 0.000000 1.000000
vn -1.000000 0.000000 0.000000
vn -1.000000 -0.000001 -0.000203
vn -1.000000 0.000000 0.000000
vn -1.000000 0.000000 0.000000
vn -1.000000 0.000000 0.000000
vn 0.997320 0.000000 -0.073158
vn 0.997320 0.000000 -0.073158
vn 1.000000 -0.000000 0.000000
vn 1.000000 -0.000000 0.000000
vn 1.000000 0.000000 0.000000
vn -0.997320 0.000001 0.073158
vn -0.997320 0.000001 0.073158
vn -1.000000 0.000002 0.000000
vn -1.000000 0.000002 0.000000
vn -1.000000 0.000002 0.000000
vn 1.000000 0.000000 0.000000
vn 1.000000 0.000000 0.000203
vn 1.000000 0.000000 0.000000
vn 1.000000 0.000000 0.000000
vn 1.000000 0.000000 0.000000
vn 0.000000 0.000000 -1.000000
vn 0.000000 0.000000 -1.000000
vn 0.000000 0.000000 -1.000000
vn 0.000000 0.000000 -1.000000
vn 0.000000 0.000000 -1.000000
vn 0.000000 0.000000 1.000000
vn -0.000169 0.000000 1.000000
vn 0.000000 0.000000 1.000000
vn 0.000000 0.000000 1.000000
vn 0.000000 0.000000 1.000000
vn -1.000000 0.000000 0.000000
vn -1.000000 0.000000 0.000000
vn -1.000000 0.000000 0.000000
vn -1.000000 0.000000 0.000000
vn 0.000000 -1.000000 0.000000
vn 0.000000 -1.000000 0.000000
vn 0.000000 -1.000000 0.000000
vn 0.000000 -1.000000 0.000000
vn 0.000000 1.000000 0.000000
vn 0.000000 1.000000 0.000000
vn 0.000000 1.000000 0.000000
vn 0.000000 1.000000 0.000000
vn 0.000000 1.000000 0.000000
vn 0.000000 1.000000 0.000000
vn 0.000000 1.000000 0.000000
vn 0.000000 1.000000 0.000000
vn 0.000000 1.000000 0.000000
vn 0.000000 1.000000 0.000000
vn 0.000000 1.000000 0.000000
vn 0.000000 1.000000 0.000000
vn 0.000000 1.000000 0.000000
vn 0.000000 1.000000 0.000000
vn 0.000000 1.000000 0.000000
vn 0.000000 1.000000 0.000000
vn 0.000000 1.000000 0.000000
vn 0.000000 1.000000 0.000000
vn 0.000000 1.000000 0.000000
vn 0.000000 1.000000 0.000000
vn 0.000000 1.000000 0.000000
vn 0.000000 1.000000 0.000000
vn 0.000000 1.000000 0.000000
vn 0.000008 1.000000 0.000000
vn 0.000013 1.000000 0.000000
vn 0.000013 1.000000 0.000000
vn 0.000000 -1.000000 0.000000
vn 0.000000 -1.000000 0.000000
vn 0.000000 -1.000000 0.000000
vn 0.000000 -1.000000 0.000000
vn 0.000000 -1.000000 0.000000
vn 0.000000 -1.000000 0.000000
vn 0.000000 -1.000000 0.000000
vn 0.000000 -1.000000 0.000000
vn 0.000000 -1.000000 0.000000
vn 1.000000 0.000000 0.000000
vn 1.000000 0.000000 0.000000
vn 1.000000 0.000000 0.000000
vn 1.000000 0.000000 0.000000
vn 0.000000 -1.000000 0.000000
vn 0.000000 -1.000000 0.000000
vn -1.000000 0.000000 0.000000
vn -1.000000 0.000000 0.000000
vn -1.000000 0.000000 0.000000
vn -1.000000 0.000000 0.000000
vn 0.000000 -1.000000 0.000000
vn 0.000000 -1.000000 0.000000
vn 0.000000 -1.000000 0.000000
vn 0.000000 -1.000000 0.000000
vn 0.000000 -1.000000 0.000000
vn 0.000000 -1.000000 0.000000
vn 0.000000 -1.000000 0.000000
vn 0.000000 1.000000 0.000000
vn 0.000000 1.000000 0.000000
vn 0.000000 1.000000 0.000000
vn 0.000000 1.000000 0.000000
vn 0.000000 1.000000 0.000000
vn 0.000000 1.000000 0.000000
vn 0.000000 1.000000 0.000000
vn 0.000000 1.000000 0.000000
vn 0.000000 1.000000 0.000000
vn 0.000000 1.000000 0.000000
vn 0.000000 1.000000 0.000000
vn 0.000000 1.000000 0.000000
vn 0.000000 1.000000 0.000000
vn 0.000000 1.000000 0.000000
vn 0.000000 1.000000 0.000000
vn 0.000000 1.000000 0.000000
vn 0.000000 1.000000 0.000000
vn 0.000000 1.000000 0.000000
vn 0.000000 1.000000 0.000000
vn 0.000000 1.000000 0.000000
vn 0.000000 1.000000 0.000000
vn 0.000000 1.000000 0.000000
vn 0.000013 1.000000 0.000000
vn 0.000013 1.000000 0.000000
vn 0.000000 -1.000000 0.000000
vn 0.000000 -1.000000 0.000000
vn 0.000000 -1.000000 0.000000
vn 0.000000 -1.000000 0.000000
vn 0.000000 -1.000000 0.000000
vn 0.000000 -1.000000 0.000000
vn 1.000000 0.000000 0.000000
vn 1.000000 0.000000 0.000000
vn 1.000000 0.000000 0.000000
vn 1.000000 0.000000 0.000000
vn 1.000000 0.000000 0.000000
vn 1.000000 -0.000009 0.000000
vn 0.992567 -0.121698 0.000624
vn 1.000000 0.000000 0.000000
vn -0.001262 -0.107573 -0.994196
vn 0.001274 -0.108551 -0.994090
vn 0.000000 0.000000 -1.000000
vn 0.000000 0.000000 -1.000000
vn 0.000000 0.000000 -1.000000
vn 0.000000 0.000000 -1.000000
vn 0.000000 0.000000 -1.000000
vn -1.000000 -0.000000 0.000000
vn -1.000000 -0.000023 0.000000
vn -1.000000 -0.000023 0.000000
vn -1.000000 -0.000001 0.000203
vn -0.992567 -0.121699 0.000624
vn -1.000000 -0.000023 0.000000
vn -1.000000 -0.000000 0.000000
vn -0.992567 -0.121700 -0.000624
vn -1.000000 -0.000023 0.000000
vn -0.000005 0.000000 1.000000
vn -0.000005 0.000000 1.000000
vn -0.000005 0.000000 1.000000
vn 0.000178 0.000000 1.000000
vn 0.001273 -0.108546 0.994091
vn 0.000000 0.000000 1.000000
vn 0.000000 0.000000 1.000000
vn -0.001260 -0.107569 0.994197
vn 0.000009 0.000000 1.000000
vn 0.000009 0.000000 1.000000
vn 0.000009 0.000000 1.000000
vn 1.000000 0.000000 0.000000
vn 1.000000 0.000000 0.000000
vn 1.000000 0.000000 0.000000
vn 1.000000 0.000000 0.000000
vn 1.000000 0.000000 0.000000
vn 1.000000 0.000000 0.000000
vn 1.000000 0.000000 0.000000
vn 1.000000 0.000000 0.000000
vn 0.000000 0.000000 -1.000000
vn 0.000000 0.000000 -1.000000
vn 0.000000 0.000000 -1.000000
vn 0.000000 0.000000 -1.000000
vn 0.000000 0.000000 -1.000000
vn 0.000000 0.000000 -1.000000
vn 0.000000 0.000000 -1.000000
vn 0.000000 0.000000 -1.000000
vn 0.000000 0.000000 -1.000000
vn 0.000000 0.000000 -1.000000
vn 0.000000 0.000000 -1.000000
vn 0.000000 0.000000 -1.000000
vn -1.000000 0.000000 0.000000
vn -1.000000 0.000000 0.000000
vn -1.000000 0.000000 0.000000
vn -1.000000 0.000000 0.000000
vn -1.000000 -0.000000 0.000000
vn -1.000000 -0.000000 0.000000
vn -1.000000 -0.000000 0.000000
vn -1.000000 0.000000 0.000000
vn -1.000000 0.000000 0.000000
vn -1.000000 0.000000 0.000000
vn -1.000000 0.000000 0.000000
vn -1.000000 0.000000 0.000000
vn -1.000000 0.000000 0.000000
vn -1.000000 0.000000 0.000000
vn -1.000000 0.000000 0.000000
vn -1.000000 0.000000 0.000000
vn 0.000000 0.000000 1.000000
vn 0.000000 0.000000 1.000000
vn 0.000000 0.000000 1.000000
vn 0.000000 0.000000 1.000000
vn 0.000000 0.000000 1.000000
vn 0.000000 0.000000 1.000000
vn 0.000000 0.000000 1.000000
vn 0.000000 0.000000 1.000000
vn 0.000000 0.000000 1.000000
vn 0.000000 0.000000 1.000000
vn 0.000000 0.000000 1.000000
vn 0.000000 0.000000 1.000000
vn 1.000000 0.000000 0.000000
vn 1.000000 0.000000 0.000000
vn 1.000000 0.000000 0.000000
vn 1.000000 0.000000 0.000000
vn 1.000000 0.000000 0.000000
vn 1.000000 0.000000 0.000000
vn 1.000000 0.000000 0.000000
vn 1.000000 0.000000 0.000000
vn 1.000000 0.000000 0.000000
vn 1.000000 0.000000 0.000000
vn 1.000000 0.000000 0.000000
vn 1.000000 0.000000 0.000000
vn 1.000000 0.000000 0.000000
vn 1.000000 0.000000 0.000000
vn 1.000000 0.000000 0.000000
vn 1.000000 0.000000 0.000000
vn 1.000000 0.000084 0.000000
vn 1.000000 0.000084 0.000000
vn 1.000000 0.000084 0.000000
vn 1.000000 0.000084 0.000000
vn 1.000000 0.000000 0.000000
vn 1.000000 0.000000 0.000000
vn 1.000000 0.000000 0.000000
vn 1.000000 0.000000 0.000000
vn 1.000000 -0.000003 0.000000
vn 1.000000 -0.000084 0.000000
vn 1.000000 -0.000084 0.000000
vn 1.000000 0.000000 0.000000
vn 1.000000 0.000000 0.000000
vn 1.000000 0.000000 0.000000
vn 1.000000 0.000000 0.000000
vn 1.000000 0.000084 0.000000
vn 1.000000 0.000084 0.000000
vn 1.000000 0.000084 0.000000
vn 1.000000 0.000084 0.000000
vn 1.000000 0.000000 0.000000
vn 1.000000 0.000000 0.000000
vn 1.000000 0.000000 0.000000
vn 1.000000 0.000000 0.000000
vn 1.000000 -0.000007 0.000000
vn 1.000000 -0.000002 0.000000
vn 1.000000 -0.000062 0.000000
vn 1.000000 -0.000062 0.000000
vn 1.000000 0.000033 0.000000
vn 1.000000 0.000033 0.000000
vn 1.000000 0.000000 0.000000
vn 1.000000 0.000000 0.000000
vn 1.000000 0.000000 0.000000
vn 1.000000 0.000000 0.000000
vn 1.000000 -0.000044 0.000000
vn 1.000000 -0.000044 0.000000
vn 1.000000 -0.000044 0.000000
vn 1.000000 -0.000044 0.000000
vn 1.000000 0.000000 0.000000
vn 1.000000 0.000000 0.000000
vn 1.000000 0.000000 0.000000
vn 1.000000 0.000000 0.000000
vn 0.000000 0.000000 1.000000
vn 0.000000 0.000000 1.000000
vn 0.000000 0.000000 1.000000
vn 0.000000 0.000000 1.000000
vn 0.000000 -1.000000 0.000000
vn 0.000000 -1.000000 0.000000
vn 0.000000 -1.000000 0.000000
vn 0.000000 -1.000000 0.000000
vn 0.000000 0.000000 -1.000000
vn 0.000000 0.000000 -1.000000
vn 0.000000 0.000000 -1.000000
vn 0.000000 0.000000 -1.000000
vn 0.000000 1.000000 0.000000
vn 0.000000 1.000000 0.000000
vn 0.000000 1.000000 0.000000
vn 0.000000 1.000000 0.000000
vn 0.000000 0.000000 1.000000
vn 0.000000 0.000000 1.000000
vn 0.000000 0.000000 1.000000
vn 0.000000 0.000000 1.000000
vn 0.000000 -1.000000 0.000000
vn 0.000000 -1.000000 0.000000
vn 0.000000 -1.000000 0.000000
vn 0.000000 -1.000000 0.000000
vn 0.000000 0.000000 -1.000000
vn 0.000000 0.000000 -1.000000
vn 0.000000 0.000000 -1.000000
vn 0.000000 0.000000 -1.000000
vn 0.000000 1.000000 0.000000
vn 0.000000 1.000000 0.000000
vn 0.000000 1.000000 0.000000
vn 0.000000 1.000000 0.000000
vn 0.000000 1.000000 0.000000
vn 0.000000 1.000000 0.000000
vn 0.000000 1.000000 0.000000
vn 0.000000 1.000000 0.000000
vn 0.000000 0.000000 1.000000
vn 0.000000 0.000000 1.000000
vn 0.000000 0.000000 1.000000
vn 0.000000 0.000000 1.000000
vn 0.000000 -1.000000 0.000000
vn 0.000000 -1.000000 0.000000
vn 0.000000 -1.000000 0.000000
vn 0.000000 -1.000000 0.000000
vn 0.000000 0.000000 -1.000000
vn 0.000000 0.000000 -1.000000
vn 0.000000 0.000000 -1.000000
vn 0.000000 0.000000 -1.000000
vn 0.896181 0.000000 -0.443688
vn 0.896181 0.000000 -0.443688
vn 0.896181 0.000000 -0.443688
vn 0.896181 0.000000 -0.443688
vn 0.649065 -0.760733 0.000000
vn 0.649065 -0.760733 0.000000
vn 0.649065 -0.760733 0.000000
vn 0.649065 -0.760733 0.000000
vn 0.896184 0.000000 0.443682
vn 0.896184 0.000000 0.443682
vn 0.896184 0.000000 0.443682
vn 0.896184 0.000000 0.443682
vn 0.649079 0.760721 0.000000
vn 0.649079 0.760721 0.000000
vn 0.649079 0.760721 0.000000
vn 0.649079 0.760721 0.000000
vn 0.911082 0.000000 -0.412225
vn 0.911082 0.000000 -0.412225
vn 0.911082 0.000000 -0.412225
vn 0.911082 0.000000 -0.412225
vn 0.682402 -0.730977 0.000000
vn 0.682402 -0.730977 0.000000
vn 0.682402 -0.730977 0.000000
vn 0.682402 -0.730977 0.000000
vn 0.911082 0.000000 0.412225
vn 0.911082 0.000000 0.412225
vn 0.911082 0.000000 0.412225
vn 0.911082 0.000000 0.412225
vn 0.682397 0.730982 0.000000
vn 0.682397 0.730982 0.000000
vn 0.682397 0.730982 0.000000
vn 0.682397 0.730982 0.000000
vn 0.916058 0.000000 -0.401047
vn 0.916058 0.000000 -0.401047
vn 0.916058 0.000000 -0.401047
vn 0.916058 0.000000 -0.401047
vn 0.694332 -0.719654 0.000000
vn 0.694332 -0.719654 0.000000
vn 0.694332 -0.719654 0.000000
vn 0.694332 -0.719654 0.000000
vn 0.916055 0.000000 0.401053
vn 0.916055 0.000000 0.401053
vn 0.916055 0.000000 0.401053
vn 0.916055 0.000000 0.401053
vn 0.694341 0.719646 0.000000
vn 0.694341 0.719646 0.000000
vn 0.694341 0.719646 0.000000
vn 0.694341 0.719646 0.000000
vn 0.000000 1.000000 0.000000
vn 0.000000 1.000000 0.000000
vn 0.000000 1.000000 0.000000
vn 0.000000 1.000000 0.000000
vn 0.000000 0.000000 -1.000000
vn 0.000000 0.000000 -1.000000
vn 0.000000 0.000000 -1.000000
vn 0.000000 0.000000 -1.000000
vn 0.000000 -1.000000 0.000000
vn 0.000000 -1.000000 0.000000
vn 0.000000 -1.000000 0.000000
vn 0.000000 -1.000000 0.000000
vn 0.000000 0.000000 1.000000
vn 0.000000 0.000000 1.000000
vn 0.000000 0.000000 1.000000
vn 0.000000 0.000000 1.000000
vn 0.000000 1.000000 0.000000
vn 0.000000 1.000000 0.000000
vn 0.000000 1.000000 0.000000
vn 0.000000 1.000000 0.000000
vn 0.000000 0.000000 -1.000000
vn 0.000000 0.000000 -1.000000
vn 0.000000 0.000000 -1.000000
vn 0.000000 0.000000 -1.000000
vn 0.000000 -1.000000 0.000000
vn 0.000000 -1.000000 0.000000
vn 0.000000 -1.000000 0.000000
vn 0.000000 -1.000000 0.000000
vn 0.000000 0.000000 1.000000
vn 0.000000 0.000000 1.000000
vn 0.000000 0.000000 1.000000
vn 0.000000 0.000000 1.000000
vn 0.000000 1.000000 0.000000
vn 0.000000 1.000000 0.000000
vn 0.000000 1.000000 0.000000
vn 0.000000 1.000000 0.000000
vn 0.000000 0.000000 -1.000000
vn 0.000000 0.000000 -1.000000
vn 0.000000 0.000000 -1.000000
vn 0.000000 0.000000 -1.000000
vn 0.000000 -1.000000 0.000000
vn 0.000000 -1.000000 0.000000
vn 0.000000 -1.000000 0.000000
vn 0.000000 -1.000000 0.000000
vn 0.000000 0.000000 1.000000
vn 0.000000 0.000000 1.000000
vn 0.000000 0.000000 1.000000
vn 0.000000 0.000000 1.000000
vn -0.681657 0.731522 0.014789
vn -0.681657 0.731522 0.014789
vn -0.676648 0.736258 0.008472
vn -0.674109 0.738613 0.005297
vn 0.019876 0.518013 0.855142
vn 0.019876 0.518013 0.855142
vn 0.009377 0.492980 0.869990
vn 0.008951 0.491953 0.870576
vn 0.000007 0.470978 0.882145
vn 0.000008 0.471045 0.882109
vn -0.681710 0.731473 -0.014790
vn -0.681710 0.731473 -0.014790
vn -0.674205 0.738525 -0.005301
vn -0.676730 0.736182 -0.008475
vn 0.019867 0.518074 -0.855105
vn 0.019867 0.518074 -0.855105
vn 0.008952 0.491970 -0.870566
vn 0.009378 0.492999 -0.869979
vn 0.000007 0.471023 -0.882121
vn 0.000007 0.470955 -0.882157
vn -0.676990 0.735992 -0.000233
vn -0.679816 0.733382 -0.000199
vn -0.016066 0.508503 0.860910
vn -0.016066 0.508503 0.860910
vn -0.008617 0.499158 0.866468
vn -0.006177 0.496077 0.868256
vn 0.772020 0.635566 0.006407
vn 0.772020 0.635566 0.006407
vn 0.770552 0.637374 0.001890
vn 0.771097 0.636708 0.003559
vn 0.781181 0.624304 -0.000328
vn 0.777668 0.628675 -0.000394
vn 0.796813 0.604226 0.000076
vn 0.795504 0.605949 0.000093
vn 0.805081 0.593165 0.000002
vn 0.805117 0.593116 0.000002
vn 0.781244 0.624226 0.000326
vn 0.777754 0.628569 0.000392
vn 0.770647 0.637260 -0.001891
vn 0.771161 0.636630 -0.003560
vn -0.694506 0.719487 0.000041
vn -0.693421 0.720533 0.000051
vn -0.677065 0.735923 0.000230
vn -0.679874 0.733329 0.000197
vn -0.702581 0.711604 0.000000
vn -0.702550 0.711635 0.000000
vn 0.796864 0.604159 -0.000080
vn 0.795544 0.605896 -0.000097
vn 0.805122 0.593110 -0.000002
vn 0.805086 0.593158 -0.000002
vn 0.805663 0.592375 -0.000000
vn 0.805655 0.592385 -0.000000
vn -0.694556 0.719439 -0.000042
vn -0.693462 0.720493 -0.000052
vn -0.702555 0.711630 -0.000000
vn -0.702586 0.711599 -0.000000
vn -0.703001 0.711189 -0.000000
vn -0.703005 0.711185 -0.000000
vn -0.000017 0.481075 0.876679
vn -0.000019 0.481488 0.876453
vn -0.000002 0.477072 0.878864
vn -0.000002 0.476923 0.878945
vn -0.000046 0.485799 0.874070
vn -0.000051 0.486401 0.873736
vn -0.000019 0.481481 -0.876457
vn -0.000017 0.481071 -0.876682
vn -0.000001 0.476934 -0.878939
vn -0.000002 0.477082 -0.878859
vn -0.000047 0.486396 -0.873739
vn -0.000043 0.485789 -0.874076
vn -0.008617 0.499156 -0.866469
vn -0.006175 0.496079 -0.868255
vn -0.000001 0.473066 0.881027
vn -0.000002 0.473181 0.880965
vn -0.000002 0.476185 0.879345
vn -0.000002 0.476279 0.879294
vn -0.000007 0.473168 -0.880972
vn -0.000006 0.473052 -0.881035
vn -0.000001 0.476289 -0.879289
vn -0.000002 0.476194 -0.879340
vn 0.772033 0.635550 -0.006407
vn 0.772033 0.635550 -0.006407
vn -0.016071 0.508491 -0.860917
vn -0.016071 0.508491 -0.860918
vn -0.703001 0.711189 0.000000
vn -0.703005 0.711185 0.000000
vn 0.805663 0.592375 0.000000
vn 0.805655 0.592386 0.000000
vn 0.000000 1.000000 0.000001
vn 0.000000 1.000000 0.000000
vn 0.000000 1.000000 -0.000005
vn 0.000000 1.000000 0.000001
vn 0.000000 1.000000 0.000001
vn 0.000000 1.000000 -0.000000
vn 0.000000 1.000000 -0.000000
vn 0.000000 1.000000 0.000000
vn 0.000000 1.000000 0.000000
vn 0.000000 1.000000 0.000000
vn 0.000000 1.000000 0.000000
vn 0.000000 1.000000 -0.000001
vn 0.000000 1.000000 -0.000001
vn 0.000000 1.000000 -0.000000
vn 0.000000 1.000000 0.000000
vn -0.000000 1.000000 0.000000
vn 0.000000 1.000000 0.000000
vn 0.000000 1.000000 0.000000
vn 0.000000 1.000000 -0.000005
vn 0.000000 1.000000 -0.000004
vn 0.000000 1.000000 -0.000000
vn 0.000000 1.000000 -0.000001
vn 0.000000 1.000000 -0.000003
vn 0.000000 1.000000 -0.000004
vn 0.000000 1.000000 -0.000000
vn 0.000000 1.000000 -0.000001
vn 0.000000 1.000000 -0.000001
vn 0.000000 1.000000 -0.000000
vn 0.000000 1.000000 0.000000
vn 0.000000 1.000000 0.000000
vn 0.000000 1.000000 0.000000
vn 0.000000 1.000000 -0.000000
vn 0.000000 1.000000 -0.000000
vn 0.000000 1.000000 -0.000000
vn -0.000000 1.000000 0.000000
vn 0.000000 1.000000 0.000000
vn 0.000000 1.000000 0.000000
vn 0.000000 1.000000 0.000000
vn 0.000000 1.000000 0.000000
vn 0.000000 1.000000 0.000000
vn 0.000000 0.000000 1.000000
vn 0.000000 0.000000 1.000000
vn -0.060563 0.000000 0.998164
vn -0.060563 0.000000 0.998164
vn 0.000000 0.000000 1.000000
vn -1.000000 0.000000 0.000000
vn -1.000000 0.000000 0.000000
vn -1.000000 0.000000 0.000000
vn -1.000000 0.000000 0.000000
vn -0.000170 0.000000 -1.000000
vn 0.000000 0.000000 -1.000000
vn 0.000000 0.000000 -1.000000
vn 0.000000 0.000000 -1.000000
vn 0.000000 0.000000 -1.000000
vn 0.000000 0.000000 -1.000000
vn 0.000000 0.000000 -1.000000
vn 0.000000 0.000000 -1.000000
vn 1.000000 0.000000 0.000000
vn 1.000000 0.000000 0.000000
vn 0.997320 0.000000 0.073158
vn 0.997320 0.000000 0.073158
vn 1.000000 0.000000 0.000000
vn -1.000000 -0.000000 0.000000
vn -1.000000 -0.000000 0.000000
vn -1.000000 0.000000 0.000000
vn -1.000000 0.000000 0.000000
vn -1.000000 0.000000 0.000000
vn 0.000000 0.000000 1.000000
vn 0.000000 0.000000 1.000000
vn 0.000000 0.000000 1.000000
vn 0.000000 0.000000 1.000000
vn 1.000000 0.000000 -0.000203
vn 0.992567 -0.121698 -0.000624
vn 1.000000 0.000000 0.000000
vn 1.000000 0.000000 0.000000
vn 1.000000 0.000000 0.000000
vn 1.000000 0.000000 0.000000
vn 1.000000 0.000000 0.000000
vn 1.000000 0.000000 0.000000
vn 0.000000 0.000000 -1.000000
vn 0.000000 0.000000 -1.000000
vn 0.063770 0.000000 -0.997965
vn 0.063770 0.000000 -0.997965
vn 0.000000 0.000000 -1.000000
vn 0.094956 -0.995481 0.000000
vn 0.382713 -0.923867 0.000000
vn 0.382693 -0.923876 0.000000
vn 0.094904 -0.995486 0.000000
vn 0.926140 -0.377154 0.004294
vn 0.991312 -0.131527 0.000000
vn 0.923888 -0.382663 0.000000
vn -0.009646 -0.370271 -0.928874
vn 0.009646 -0.370271 -0.928874
vn 0.000000 -0.923873 -0.382699
vn 0.000000 -0.993263 -0.115882
vn 0.000000 -0.993263 -0.115882
vn 0.000000 -0.923873 -0.382699
vn 0.000000 -0.923873 0.382699
vn 0.000000 -0.923873 0.382699
vn -0.009646 -0.370257 0.928879
vn 0.009646 -0.370257 0.928879
vn -0.100112 -0.994976 0.000000
vn -0.382633 -0.923900 0.000000
vn -0.382653 -0.923892 0.000000
vn -0.100056 -0.994982 0.000000
vn -0.926140 -0.377154 -0.004294
vn -0.991312 -0.131527 0.000000
vn -0.923888 -0.382663 0.000000
vn -0.100056 -0.994982 0.000000
vn -0.100112 -0.994976 0.000000
vn 0.000000 -1.000000 -0.000000
vn 0.000000 -1.000000 -0.000000
vn 0.000000 -1.000000 0.000000
vn 0.094852 -0.995491 0.000000
vn 0.094852 -0.995491 0.000000
vn 0.000000 -1.000000 0.000000
vn 0.000000 -1.000000 0.000000
vn -0.991312 -0.131527 0.000000
vn 0.991312 -0.131527 0.000000
vn 0.382693 -0.923876 0.000000
vn 0.923888 -0.382663 0.000000
vn -0.926140 -0.377154 0.004294
vn -0.923888 -0.382663 0.000000
vn -0.382633 -0.923900 0.000000
vn -0.382653 -0.923892 0.000000
vn 0.926140 -0.377154 -0.004295
vn 0.382713 -0.923867 0.000000
vn 0.991143 0.000000 0.132798
vn 0.000000 0.000000 1.000000
vn 0.000000 0.000000 1.000000
vn 0.000000 0.000000 1.000000
vn 0.000000 0.000000 1.000000
vn -0.991143 0.000000 0.132798
vn -1.000000 0.000000 0.000000
vn -1.000000 0.000000 0.000000
vn -0.132805 0.000000 -0.991142
vn 0.132805 0.000000 -0.991142
vn 1.000000 0.000000 0.000000
vn 1.000000 0.000000 0.000000
vn -0.132796 0.000000 0.991143
vn -1.000000 -0.000110 0.000000
vn -1.000000 -0.000110 0.000000
vn 1.000000 -0.000110 0.000000
vn 1.000000 -0.000110 0.000000
vn 0.132796 0.000000 0.991143
vn 0.000000 0.000000 -1.000000
vn 0.000000 0.000000 -1.000000
vn 0.991142 0.000000 -0.132806
vn -0.991142 0.000000 -0.132805
vn 0.000028 0.000000 -1.000000
vn 0.000028 0.000000 -1.000000
vn 0.000000 -1.000000 0.000000
vn 0.000000 -1.000000 0.000000
vn 0.000000 -1.000000 0.000000
vn 0.000000 -1.000000 0.000000
vn 0.000000 -1.000000 0.000000
vn 0.000000 -1.000000 0.000000
vn 0.000000 -1.000000 0.000000
vn 0.000000 -1.000000 0.000000
vn 0.000000 -1.000000 0.000000
vn 0.000000 -1.000000 0.000007
vn 0.000000 -1.000000 0.000007
vn 0.923847 0.000000 0.382763
vn 0.923847 0.000000 0.382763
vn 0.382719 0.000000 0.923865
vn 0.382719 0.000000 0.923865
vn 0.382719 0.000000 -0.923865
vn 0.382719 0.000000 -0.923865
vn 0.923840 0.000000 -0.382779
vn 0.923840 0.000000 -0.382779
vn 0.382681 0.000000 -0.923880
vn 0.382681 0.000000 -0.923880
vn 0.923847 0.000000 -0.382763
vn 0.923847 0.000000 -0.382763
vn 0.923843 0.000000 0.382771
vn 0.923843 0.000000 0.382771
vn 0.382719 0.000000 0.923865
vn 0.382719 0.000000 0.923865
vn -0.923914 0.000000 -0.382601
vn -0.923914 0.000000 -0.382601
vn -0.382614 0.000000 -0.923908
vn -0.382614 0.000000 -0.923908
vn 0.923920 0.000000 0.382585
vn 0.923920 0.000000 0.382585
vn 0.382576 0.000000 0.923924
vn 0.382576 0.000000 0.923924
vn -0.923907 0.000000 -0.382616
vn -0.923907 0.000000 -0.382616
vn -0.382652 0.000000 -0.923893
vn -0.382652 0.000000 -0.923893
vn -0.382576 0.000000 0.923924
vn -0.382576 0.000000 0.923924
vn -0.923920 0.000000 0.382585
vn -0.923920 0.000000 0.382585
vn 0.923911 0.000000 0.382606
vn 0.923911 0.000000 0.382606
vn 0.382653 0.000000 0.923892
vn 0.382653 0.000000 0.923892
vn 0.382614 0.000000 -0.923908
vn 0.382614 0.000000 -0.923908
vn 0.923914 0.000000 -0.382601
vn 0.923914 0.000000 -0.382601
vn -0.923914 0.000000 -0.382601
vn -0.923914 0.000000 -0.382601
vn -0.382614 0.000000 -0.923908
vn -0.382614 0.000000 -0.923908
vn -0.382652 0.000000 0.923893
vn -0.382652 0.000000 0.923893
vn -0.923910 0.000000 0.382609
vn -0.923910 0.000000 0.382609
vn 0.382679 0.000000 -0.923881
vn 0.382679 0.000000 -0.923881
vn 0.923905 0.000000 -0.382622
vn 0.923905 0.000000 -0.382622
vn -0.382653 0.000000 0.923892
vn -0.382653 0.000000 0.923892
vn -0.923911 0.000000 0.382606
vn -0.923911 0.000000 0.382606
vn 0.000000 -1.000000 0.000003
vn 0.000000 -1.000000 0.000003
vn 0.000000 -1.000000 0.000003
vn 0.000000 -1.000000 -0.000002
vn 0.000000 -1.000000 -0.000002
vn 0.000000 -1.000000 -0.000002
vn 0.000000 -1.000000 -0.000003
vn 0.000000 -1.000000 -0.000003
vn 0.000000 -1.000000 -0.000003
vn 0.000000 -1.000000 0.000002
vn 0.000000 -1.000000 0.000002
vn 0.000000 -1.000000 0.000002
vn 0.000000 -1.000000 -0.000002
vn 0.000000 -1.000000 -0.000002
vn 0.000000 -1.000000 -0.000002
vn 0.000000 -1.000000 0.000002
vn 0.000000 -1.000000 0.000002
vn 0.000000 -1.000000 0.000002
vn 0.000000 -1.000000 -0.000002
vn 0.000000 -1.000000 -0.000002
vn 0.000000 -1.000000 -0.000002
vn 0.000000 -1.000000 0.000005
vn 0.000000 -1.000000 0.000005
vn 0.000000 -1.000000 0.000005
vn 0.000000 -1.000000 0.000001
vn 0.000000 -1.000000 0.000001
vn 0.000000 -1.000000 0.000001
vn 0.000000 -1.000000 0.000001
vn 0.000000 -1.000000 0.000001
vn 0.000000 -1.000000 0.000001
vn 0.000000 -1.000000 -0.000003
vn 0.000000 -1.000000 -0.000003
vn 0.000000 -1.000000 -0.000003
vn 0.000016 -1.000000 0.000017
vn 0.000016 -1.000000 0.000017
vn 0.000016 -1.000000 0.000017
vn 0.000000 -1.000000 0.000003
vn 0.000000 -1.000000 0.000003
vn 0.000000 -1.000000 0.000003
vn 0.000000 -1.000000 -0.000002
vn 0.000000 -1.000000 -0.000002
vn 0.000000 -1.000000 -0.000002
vn 0.000000 -1.000000 -0.000002
vn 0.000000 -1.000000 -0.000002
vn 0.000000 -1.000000 -0.000002
vn 0.000000 -1.000000 0.000001
vn 0.000000 -1.000000 0.000001
vn 0.000000 -1.000000 0.000001
vn 0.000000 -1.000000 0.000001
vn 0.000000 -1.000000 0.000001
vn 0.000000 -1.000000 0.000001
vn 0.000000 -1.000000 0.000000
vn 0.000000 -1.000000 0.000000
vn 0.000000 -1.000000 0.000000
vn 0.000000 -1.000000 0.000000
vn 0.000000 -1.000000 0.000000
vn 0.000000 -1.000000 0.000000
vn 0.000000 -1.000000 0.000000
vn 0.000000 -1.000000 0.000000
vn 0.000000 -1.000000 0.000000
vn 0.000000 -1.000000 0.000000
vn 0.000000 -1.000000 0.000000
vn 0.000000 -1.000000 0.000000
vn 0.000000 -1.000000 0.000000
vn 0.000000 -1.000000 0.000000
vn 0.000000 -1.000000 0.000000
vn 0.000000 -1.000000 0.000000
vn 0.000000 -1.000000 0.000000
vn 0.000000 -1.000000 0.000000
vn 0.000000 -1.000000 0.000000
vn 0.000000 -1.000000 0.000000
vn 0.000000 -1.000000 0.000000
vn 0.000000 -1.000000 0.000000
vn 0.000000 -1.000000 0.000000
vn 0.000000 -1.000000 0.000000
vn 0.000000 -1.000000 0.000000
vn 0.000000 -1.000000 0.000000
vn 0.000000 -1.000000 0.000000
vn 0.000000 -1.000000 0.000000
vn 0.000000 -1.000000 0.000000
vn 0.000000 -1.000000 0.000000
vn 0.000000 -1.000000 0.000000
vn 0.000000 -1.000000 0.000000
vn 0.000000 -1.000000 0.000000
vn 0.000000 -1.000000 0.000000
vn 0.000000 -1.000000 0.000000
vn 0.000000 -1.000000 0.000000
vn 0.000000 -1.000000 0.000000
vn 0.000000 -1.000000 0.000000
vn 0.000000 -1.000000 -0.000009
vn 0.000000 -1.000000 -0.000008
vn 0.000000 -1.000000 0.000000
vn 0.000000 -1.000000 0.000000
vn 0.000000 -1.000000 0.000000
vn 0.000000 -1.000000 0.000000
vn 0.000000 -1.000000 0.000000
vn 0.000000 -1.000000 0.000000
vn 0.000000 -1.000000 0.000000
vn 0.000000 -1.000000 0.000000
vn 0.000000 -1.000000 0.000000
vn 0.000000 -1.000000 0.000000
vn 0.000000 -1.000000 0.000000
vn 0.000000 -1.000000 0.000000
vn 0.000000 -1.000000 0.000000
vn 0.000000 -1.000000 0.000000
vn 0.000000 -1.000000 0.000009
vn 0.000000 -1.000000 0.000008
vn 0.000000 -1.000000 -0.000009
vn 0.000000 -1.000000 -0.000008
vn -0.000965 -0.580234 0.814449
vn -0.086848 -0.877871 0.470957
vn -0.003681 -0.871320 0.490702
vn -0.000650 -0.588276 0.808660
vn -0.127347 -0.988863 0.077029
vn -0.000932 -0.995897 0.090492
vn -0.999837 -0.018003 0.001395
vn -0.906198 -0.422319 0.021246
vn -0.911272 -0.411722 0.008301
vn -0.998563 -0.053546 0.002051
vn -0.089360 -0.877526 -0.471130
vn -0.127897 -0.988696 -0.078252
vn -0.153883 -0.988087 0.002055
vn -0.333441 -0.942752 0.005972
vn -0.998507 -0.054621 0.000101
vn -0.923730 -0.383043 0.000568
vn -0.926659 -0.375902 0.000017
vn -0.998341 -0.057576 0.000003
vn -0.376375 -0.926467 -0.000499
vn -0.149757 -0.988723 -0.000189
vn -0.147207 -0.989106 -0.000006
vn -0.384460 -0.923142 -0.000017
vn -0.998333 -0.057718 -0.000245
vn -0.918076 -0.396402 -0.001350
vn -0.911819 -0.410471 -0.010021
vn -0.998635 -0.052178 -0.002487
vn -0.361830 -0.932244 0.000822
vn -0.147278 -0.989095 0.000331
vn -0.152153 -0.988352 -0.002992
vn -0.335362 -0.942048 -0.008849
vn -0.000016 -0.588558 0.808455
vn 0.000015 -0.885397 0.464836
vn 0.002088 -0.876614 0.481190
vn 0.000428 -0.588381 0.808584
vn 0.000024 -0.996949 0.078051
vn 0.000559 -0.996125 0.087946
vn 0.000002 -0.589404 0.807839
vn 0.000009 -0.884762 0.466042
vn 0.000002 -0.887909 0.460019
vn -0.000001 -0.591715 0.806147
vn 0.000008 -0.997007 0.077316
vn 0.000002 -0.997155 0.075380
vn -0.147211 -0.989105 0.000006
vn -0.384460 -0.923142 0.000017
vn -0.384827 -0.922989 0.000001
vn -0.145276 -0.989391 0.000000
vn -0.926659 -0.375903 -0.000017
vn -0.998341 -0.057576 -0.000003
vn -0.998038 -0.062609 -0.000000
vn -0.926775 -0.375616 -0.000001
vn -0.149759 -0.988723 0.000189
vn 0.000000 -1.000000 0.000000
vn 0.000000 -1.000000 0.000000
vn -0.001718 -0.995798 -0.091556
vn 0.000000 -1.000000 0.000000
vn 0.000000 -1.000000 0.000000
vn 0.000000 -1.000000 0.000000
vn 0.000013 -0.996964 -0.077857
vn 0.000025 -0.996949 -0.078052
vn 0.000000 -1.000000 0.000000
vn 0.000009 -0.997006 -0.077317
vn 0.000002 -0.997135 -0.075648
vn 0.000000 -1.000000 0.000000
vn 0.000000 -1.000000 0.000000
vn 0.000000 -1.000000 0.000000
vn 0.000013 -0.997097 0.076141
vn -0.147276 -0.989095 -0.000331
vn 0.000000 -1.000000 0.000000
vn 0.113978 -0.993483 0.001084
vn 0.000232 -0.996173 -0.087402
vn 0.099011 -0.992059 -0.077568
vn 0.107953 -0.994156 -0.000246
vn 0.000000 -1.000000 0.000000
vn 0.000000 -1.000000 0.000000
vn 0.109302 -0.994009 -0.000131
vn 0.000000 -1.000000 0.000000
vn 0.000000 -1.000000 0.000000
vn 0.109305 -0.994008 0.000131
vn 0.107957 -0.994156 0.000245
vn 0.114662 -0.993404 -0.000724
vn 0.099310 -0.991994 0.078012
vn 0.107455 -0.994210 0.000004
vn 0.107454 -0.994210 -0.000004
vn 0.106217 -0.994343 -0.000000
vn -0.145274 -0.989391 -0.000000
vn 0.000002 -0.997031 0.077005
vn 0.000000 -1.000000 0.000000
vn 0.000009 -0.996908 -0.078580
vn 0.000009 -0.996908 0.078580
vn 0.000000 -1.000000 0.000000
vn 0.106217 -0.994343 0.000000
vn -0.000007 -0.559856 0.828590
vn -0.000015 -0.559842 0.828599
vn -0.000011 -0.559831 -0.828607
vn -0.000004 -0.559853 -0.828592
vn -0.000931 -0.588740 -0.808322
vn -0.001342 -0.580225 -0.814455
vn 0.937825 -0.347107 -0.000107
vn 0.938580 -0.345062 -0.000056
vn 0.954194 -0.299190 -0.000006
vn 0.954185 -0.299219 0.000009
vn -0.998508 -0.054611 -0.000101
vn -0.999943 0.010646 -0.000007
vn -0.999943 0.010638 0.000012
vn -0.999943 0.010663 -0.000003
vn -0.999943 0.010661 -0.000016
vn 0.954191 -0.299198 -0.000003
vn 0.938605 -0.344993 0.000924
vn 0.947407 -0.320029 0.000664
vn 0.954198 -0.299176 0.000003
vn -0.999943 0.010648 -0.000000
vn -0.999943 0.010649 -0.000012
vn 0.954199 -0.299173 0.000000
vn 0.937788 -0.347208 0.000002
vn 0.938577 -0.345069 0.000058
vn 0.954187 -0.299211 0.000007
vn -0.000002 -0.559859 0.828588
vn -0.000005 -0.587123 0.809498
vn -0.000011 -0.559841 0.828600
vn -0.000007 -0.587124 -0.809497
vn -0.000004 -0.559857 -0.828589
vn -0.000006 -0.559845 -0.828597
vn -0.000012 -0.588565 -0.808450
vn 0.000002 -0.559854 0.828591
vn -0.000001 -0.559853 0.828592
vn 0.000001 -0.589413 -0.807832
vn 0.000003 -0.559863 -0.828585
vn 0.000000 -0.559857 -0.828589
vn -0.000000 -0.591723 -0.806141
vn -0.999943 0.010677 -0.000009
vn -0.999842 -0.017672 -0.001764
vn -0.999943 0.010683 -0.000002
vn 0.947364 -0.320157 -0.000520
vn 0.938425 -0.345482 -0.000750
vn 0.954185 -0.299216 0.000010
vn 0.954188 -0.299206 0.000009
vn -0.999943 0.010664 0.000007
vn -0.998335 -0.057690 0.000245
vn 0.937832 -0.347088 0.000108
vn 0.954183 -0.299224 -0.000008
vn -0.000002 -0.559845 0.828597
vn 0.000460 -0.576327 0.817219
vn 0.000006 -0.559861 0.828586
vn 0.000292 -0.588129 -0.808767
vn 0.000003 -0.559864 -0.828584
vn 0.000009 -0.559891 -0.828567
vn 0.000320 -0.576311 -0.817230
vn -0.999943 0.010650 0.000000
vn 0.937788 -0.347208 -0.000002
vn 0.954200 -0.299171 -0.000000
vn -0.998038 -0.062609 0.000000
vn -0.999944 0.010632 -0.000000
vn 0.954194 -0.299188 -0.000000
vn 0.936587 -0.350435 -0.000000
vn 0.000000 -0.559853 0.828592
vn -0.000001 -0.586032 0.810288
vn -0.000001 -0.586037 -0.810284
vn -0.000000 -0.559855 -0.828591
vn 0.000005 -0.588319 0.808629
vn 0.000008 -0.559858 0.828588
vn 0.000004 -0.588321 -0.808628
vn 0.000006 -0.559860 -0.828587
vn -0.999943 0.010632 0.000000
vn 0.936587 -0.350435 0.000000
vn 0.954194 -0.299188 0.000000
vn 0.000002 -0.996985 -0.077589
vn -0.005679 -0.871313 -0.490695
vn 0.000011 -0.883130 -0.469129
vn 0.064169 -0.876279 -0.477511
vn 0.281575 -0.959533 0.003488
vn 0.794538 -0.607127 0.010305
vn 0.797385 -0.603456 0.004224
vn 0.296293 -0.955097 -0.000684
vn 0.803492 -0.595315 0.000678
vn -0.361805 -0.932253 -0.000822
vn -0.918063 -0.396432 0.001351
vn 0.305857 -0.952077 -0.000382
vn 0.311068 -0.950388 -0.000013
vn 0.809928 -0.586529 0.000289
vn 0.813142 -0.582066 0.000008
vn 0.311255 -0.950326 -0.000001
vn 0.813420 -0.581677 0.000000
vn -0.923748 -0.383001 -0.000568
vn -0.376399 -0.926458 0.000499
vn 0.305855 -0.952078 0.000381
vn 0.296296 -0.955096 0.000684
vn 0.809865 -0.586616 -0.000288
vn 0.803431 -0.595397 -0.000678
vn 0.280826 -0.959756 -0.002350
vn 0.797014 -0.603951 -0.003495
vn 0.000005 -0.882388 0.470523
vn 0.000001 -0.879808 0.475328
vn 0.000006 -0.882389 -0.470521
vn 0.000014 -0.885400 -0.464830
vn 0.001202 -0.876514 -0.481376
vn 0.000010 -0.883133 0.469123
vn 0.000009 -0.884760 -0.466047
vn 0.000002 -0.887915 -0.460008
vn 0.000001 -0.879815 -0.475316
vn -0.907846 -0.418458 -0.026613
vn 0.793810 -0.608111 -0.008214
vn 0.065377 -0.876246 0.477409
vn 0.813137 -0.582072 -0.000008
vn 0.311068 -0.950388 0.000013
vn 0.311255 -0.950326 0.000001
vn 0.813420 -0.581677 -0.000000
vn -0.926776 -0.375616 0.000001
vn -0.384827 -0.922989 -0.000001
s off
g sidetablebody1 pCube56
usemtl initialShadingGroup
f 1053/1091/1443 1054/1678/1444 1055/1674/1445 1056/1092/1446
f 948/1093/1447 964/1094/1448 982/1095/1449 983/1096/1450
f 949/1097/1451 1000/1098/1452 1001/1099/1453 984/1100/1454
s 1
f 1067/1102/1455 1066/1103/1456 1068/1685/1457 1069/1104/1458
s 2
f 1078/1105/1459 1079/1106/1460 1080/1693/1461 1081/1108/1462
s off
f 952/1109/1463 963/1110/1464 1018/1111/1465 1019/1112/1466
f 953/1113/1467 999/1114/1468 1021/1115/1469 1022/1116/1470
f 998/1122/1471 954/1123/1472 1168/1124/1473 1169/1125/1474
f 954/1123/1475 1026/1126/1476 1167/1127/1477 1168/1124/1478
f 950/1128/1479 997/1129/1480 1164/1130/1481 1165/1131/1482
f 1027/1132/1483 951/1133/1484 1173/1134/1485 1174/1135/1486
s 3
f 1018/1111/1487 963/1110/1488 961/1364/1489 1017/1403/1490
f 982/1095/1491 964/1094/1492 962/1366/1493 981/1387/1494
s 5
f 1056/1092/1495 1055/1674/1496 1057/1142/1497 1058/1143/1498
s 6
f 1094/1144/1499 1093/1145/1500 1095/1146/1501 1096/1147/1502
s off
f 1023/1148/1503 965/1149/1504 953/1113/1505 1022/1116/1506
f 985/1150/1507 966/1151/1508 949/1097/1509 984/1100/1510
f 1066/1103/1511 1070/1689/1512 1071/1152/1513 1068/1685/1514
s 3
f 1024/1360/1515 969/1410/1516 965/1149/1517 1023/1148/1518
f 986/1358/1519 970/1402/1520 966/1151/1521 985/1150/1522
s 1
f 1071/1152/1523 1070/1689/1524 1072/1155/1525 1073/1682/1526
s 3
f 972/1377/1527 982/1095/1528 981/1387/1494 971/1374/1529
f 983/1096/1530 982/1095/1531 972/1377/1527 973/1394/1532
f 984/1100/1533 1001/1099/1534 1002/1379/1535 974/1382/1536
f 975/1384/1537 985/1150/1538 984/1100/1539 974/1382/1536
f 976/1390/1540 986/1358/1519 985/1150/1541 975/1384/1537
s 1
f 1068/1685/1457 1071/1152/1523 1074/1161/1542 1075/1686/1543
s 5
f 1055/1674/1496 1054/1678/1544 1059/1162/1545 1060/1675/1546
f 1053/1091/1547 1062/1168/1548 1061/1679/1549 1054/1678/1544
s off
f 1177/1169/1550 990/1170/1551 947/1171/1552 1176/1172/1553
f 951/1133/1554 991/1177/1555 1172/1178/1556 1173/1134/1557
f 1020/1179/1558 992/1180/1559 952/1109/1560 1019/1112/1561
f 994/1181/1562 993/1182/1563 948/1093/1564 983/1096/1565
s 3
f 995/1417/1566 994/1181/1567 983/1096/1568 973/1394/1532
s 17
f 1145/1183/1569 996/1537/1570 1395/1538/1571 1394/1887/1572 1144/1908/1573
s off
f 1146/1185/1574 997/1129/1575 996/1537/1576 1145/1183/1577
f 1164/1130/1578 997/1129/1579 1146/1185/1580 1163/1186/1581
f 1133/1188/1582 998/1122/1583 1169/1125/1584 1170/1189/1585
f 1021/1115/1586 999/1114/1587 1138/1190/1588 1139/1191/1589
f 1001/1099/1590 1000/1098/1591 1141/1192/1592 1142/1193/1593
s 3
f 1002/1379/1535 1001/1099/1594 1142/1193/1595 1143/1398/1596
f 964/1094/1597 1004/1194/1598 1003/1399/1599 962/1366/1493
s off
f 1005/1195/1600 1004/1194/1601 964/1094/1602 948/1093/1603
f 993/1182/1604 1006/1196/1605 1005/1195/1606 948/1093/1607
f 1000/1098/1608 1007/1197/1609 1140/1198/1610 1141/1192/1611
f 1008/1199/1612 1007/1197/1613 1000/1098/1614 949/1097/1615
f 966/1151/1616 1009/1200/1617 1008/1199/1618 949/1097/1619
s 3
f 970/1402/1520 1010/1406/1620 1009/1200/1621 966/1151/1622
s 1
f 1077/1203/1623 1076/1690/1624 1070/1689/1524 1066/1103/1625
s off
f 1166/1204/1626 1012/1205/1627 950/1128/1628 1165/1131/1629
f 1112/1206/1630 1111/1207/1631 1113/1208/1632 1114/1209/1633
f 947/1171/1634 1014/1210/1635 1175/1211/1636 1176/1172/1637
f 1064/1212/1638 1063/1213/1639 1053/1091/1640 1056/1092/1641
f 1065/1214/1642 1064/1212/1643 1056/1092/1644 1058/1143/1645
s 3
f 1004/1194/1646 1018/1111/1647 1017/1403/1490 1003/1399/1599
s off
f 1019/1112/1648 1018/1111/1649 1004/1194/1650 1005/1195/1651
f 1006/1196/1652 1020/1179/1653 1019/1112/1654 1005/1195/1655
f 1007/1197/1656 1021/1115/1657 1139/1191/1658 1140/1198/1659
f 1022/1116/1660 1021/1115/1661 1007/1197/1662 1008/1199/1663
f 1009/1200/1664 1023/1148/1665 1022/1116/1666 1008/1199/1667
s 3
f 1010/1406/1620 1024/1360/1515 1023/1148/1668 1009/1200/1669
s 17
f 1025/1545/1670 1443/1546/1671 1442/2004/1672 1401/1547/1673 1400/1548/1674 1011/1217/1675
s off
f 1026/1126/1676 1025/1545/1677 1011/1217/1678 1012/1205/1679
f 1167/1127/1680 1026/1126/1681 1012/1205/1682 1166/1204/1683
s 24
f 1132/1567/1684 1433/1568/1685 1432/1559/1686 1475/1569/1687 1474/1563/1688 1131/1562/1689
f 1337/1476/1690 1339/1556/1691 1465/1557/1692 1464/1555/1693 1013/1558/1694
s off
f 1014/1210/1695 1027/1132/1696 1174/1135/1697 1175/1211/1698
f 1028/1223/1699 1027/1132/1700 1014/1210/1701 1015/1541/1702
s 3
f 1030/1225/1703 1029/1407/1704 961/1364/1489 963/1110/1705
s off
f 1031/1226/1706 1030/1225/1707 963/1110/1708 952/1109/1709
f 1032/1227/1710 1031/1226/1711 952/1109/1712 992/1180/1713
f 1033/1228/1714 1137/1229/1715 1138/1190/1716 999/1114/1717
f 1034/1230/1718 1033/1228/1719 999/1114/1720 953/1113/1721
f 1035/1231/1722 1034/1230/1723 953/1113/1724 965/1149/1725
s 3
f 1036/1413/1726 1035/1231/1727 965/1149/1728 969/1410/1516
s 6
f 1099/1711/1729 1098/1232/1730 1097/1708/1731 1093/1145/1500
s off
f 1100/1233/1732 1099/1711/1733 1093/1145/1734 1094/1144/1735
s 6
f 1101/1714/1736 1100/1233/1737 1094/1144/1738 1102/1234/1739
s off
f 1134/1551/1740 1038/1235/1741 998/1122/1742 1133/1188/1743
s 2
f 1084/1696/1744 1083/1236/1745 1085/1237/1746 1078/1105/1747
s off
f 1086/1238/1748 1084/1696/1749 1078/1105/1750 1081/1108/1751
s 2
f 1087/1699/1752 1086/1238/1753 1081/1108/1462 1082/1141/1754
s 3
f 1042/1369/1755 1041/1363/1756 1029/1407/1704 1030/1225/1757
f 1043/1352/1758 1042/1369/1755 1030/1225/1759 1031/1226/1760
f 1044/1392/1761 1043/1352/1758 1031/1226/1762 1032/1227/1763
f 1045/1396/1764 1136/1419/1765 1137/1229/1766 1033/1228/1767
f 1046/1356/1768 1045/1396/1764 1033/1228/1769 1034/1230/1770
f 1047/1371/1771 1046/1356/1768 1034/1230/1772 1035/1231/1773
f 1048/1354/1774 1047/1371/1771 1035/1231/1775 1036/1413/1726
s 6
f 1104/1239/1776 1103/1712/1777 1099/1711/1729 1100/1233/1737
s 17
f 1135/1891/1778 1457/1549/1779 1456/1550/1780 1038/1235/1781 1134/1551/1782
s 2
f 1089/1240/1783 1088/1697/1784 1084/1696/1744 1086/1238/1753
s off
f 988/1129/1785 959/1128/1786 1058/1103/1787 1057/1102/1788
f 979/1184/1789 980/1129/1790 1060/1102/1791 1059/1104/1792
s 40
f 980/1570/1793 1368/1645/1794 1373/1571/1795 1060/1572/1796
s 41
f 1372/1646/1797 1371/1727/1798 988/1573/1799 1057/1574/1800
s 42
f 989/1575/1801 1379/1647/1802 1381/1576/1803 1061/1119/1804
s 43
f 1380/1648/1805 1377/1730/1806 979/1577/1807 1059/1578/1808
s off
f 947/1218/1809 990/1187/1810 1062/1121/1811 1053/1120/1812
f 990/1187/1813 989/1575/1814 1061/1119/1815 1062/1121/1816
f 1015/1223/1817 1014/1137/1818 1063/1140/1819 1064/1107/1820
f 1014/1137/1821 947/1136/1822 1053/1141/1823 1063/1140/1824
f 1016/1139/1825 1015/1138/1826 1064/1143/1827 1065/1142/1828
f 959/1216/1829 1016/1126/1830 1065/1147/1831 1058/1146/1832
f 997/1126/1833 950/1123/1834 1066/1144/1835 1067/1147/1836
f 996/1117/1837 997/1118/1838 1067/1154/1839 1069/1153/1840
f 967/1118/1841 987/1216/1842 1073/1146/1843 1072/1154/1844
s 44
f 987/1579/1845 1384/1649/1846 1389/1580/1847 1073/1581/1848
s 45
f 1388/1650/1849 1387/1733/1850 977/1156/1851 1074/1582/1852
s off
f 977/1156/1853 978/1157/1854 1075/1161/1855 1074/1582/1856
s 46
f 978/1157/1857 1392/1651/1858 1397/1583/1859 1075/1161/1860
s 47
f 1396/1652/1861 1395/1736/1862 996/1584/1863 1069/1585/1864
s 48
f 1011/1586/1865 1400/1653/1866 1405/1587/1867 1076/1588/1868
s 49
f 1404/1654/1869 1403/1589/1870 967/1590/1871 1072/1591/1872
s off
f 1012/1158/1873 1011/1160/1874 1076/1164/1875 1077/1163/1876
f 950/1160/1877 1012/1139/1878 1077/1142/1879 1066/1164/1880
f 951/1241/1881 1027/1165/1882 1079/1167/1883 1078/1166/1884
f 1027/1165/1885 1028/1159/1886 1080/1162/1887 1079/1167/1888
s 50
f 1028/1592/1889 1408/1655/1890 1413/1593/1891 1080/1594/1892
s 51
f 1412/1656/1893 1411/1742/1894 960/1595/1895 1082/1596/1896
s off
f 1039/1242/1897 991/1243/1898 1085/1174/1899 1083/1173/1900
f 991/1243/1901 951/1220/1902 1078/1175/1903 1085/1174/1904
f 960/1220/1905 1040/1219/1906 1087/1176/1907 1082/1175/1908
s 52
f 1051/1597/1909 1418/1657/1910 1421/1598/1911 1088/1599/1912
s 53
f 1420/1658/1913 1416/1600/1914 1039/1601/1915 1083/1602/1916
s off
f 1052/1201/1917 1051/1101/1918 1088/1155/1919 1089/1202/1920
s 54
f 1430/1660/1921 1427/1748/1922 1052/1606/1923 1089/1607/1924
s 55
f 1040/1603/1925 1424/1659/1926 1428/1604/1927 1087/1605/1928
s 56
f 955/1437/1929 1332/1438/1930 1331/1608/1931 1092/1611/1932 1090/1429/1933
s 57
f 1436/1662/1934 1434/1751/1935 1316/1612/1936 1315/1427/1937 1091/1613/1938
s off
f 1025/1222/1939 1026/1221/1940 1096/1207/1941 1095/1617/1942
f 1026/1221/1943 954/1244/1944 1094/1208/1945 1096/1207/1946
s 58
f 968/1614/1947 1440/1663/1948 1445/1615/1949 1097/1616/1950
s 59
f 1444/1664/1951 1443/1754/1952 1025/1222/1953 1095/1617/1954
s off
f 1037/1224/1955 968/1210/1956 1097/1213/1957 1098/1212/1958
f 954/1210/1959 998/1171/1960 1102/1091/1961 1094/1213/1962
f 998/1215/1963 1038/1224/1964 1101/1212/1965 1102/1214/1966
s 60
f 1049/1618/1967 1448/1665/1968 1453/1619/1969 1103/1620/1970
s 61
f 1452/1666/1971 1451/1621/1972 1037/1622/1973 1098/1623/1974
s off
f 1050/1123/1975 1049/1122/1976 1103/1234/1977 1104/1144/1978
s 62
f 1462/1668/1979 1459/1627/1980 1050/1628/1981 1104/1629/1982
s 63
f 1038/1624/1983 1456/1667/1984 1460/1625/1985 1101/1626/1986
s 64
f 956/1466/1987 1354/1467/1988 1353/1468/1989 1105/1469/1990 1106/1470/1991
s 65
f 1468/1670/1992 1465/1634/1993 1339/1635/1994 1338/1450/1995 1107/1636/1996
s 66
f 1478/1672/1997 1471/1641/1998 1326/1642/1999 1325/1643/2000 1108/1644/2001
s 67
f 957/1422/2002 1311/1423/2003 1310/1424/2004 1110/1425/2005 1109/1426/2006
s 68
f 1013/1461/2007 1346/1462/2008 1345/1463/2009 1113/1464/2010 1111/1465/2011
s 69
f 958/1439/2012 1334/1440/2013 1333/1441/2014 1112/1442/2015 1114/1443/2016
s off
f 991/1177/2017 1117/1246/2018 1171/1247/2019 1172/1178/2020
f 1039/1245/2021 1118/1248/2022 1117/1246/2023 991/1177/2024
s 3
f 1121/1249/2025 1120/1415/2026 1044/1392/1761 1032/1227/2027
s off
f 1122/1250/2028 1121/1249/2029 1032/1227/2030 992/1180/2031
f 1123/1251/2032 1122/1250/2033 992/1180/2034 1020/1179/2035
f 1124/1252/2036 1123/1251/2037 1020/1179/2038 1006/1196/2039
f 1125/1253/2040 1124/1252/2041 1006/1196/2042 993/1182/2043
f 1126/1254/2044 1125/1253/2045 993/1182/2046 994/1181/2047
s 3
f 1127/1421/2048 1126/1254/2049 994/1181/2050 995/1417/1566
s 17
f 989/1241/2051 1129/1255/2052 1128/1993/2053 1375/1535/2054 1379/1536/2055
s off
f 990/1170/2056 1130/1256/2057 1129/1255/2058 989/1241/2059
f 1178/1257/2060 1130/1256/2061 990/1170/2062 1177/1169/2063
s 24
f 1116/1483/2064 1132/1567/1684 1131/1562/1689 1115/1479/2065
s off
f 1117/1246/2066 1133/1188/2067 1170/1189/2068 1171/1247/2069
f 1118/1248/2070 1134/1551/2071 1133/1188/2072 1117/1246/2073
s 17
f 1119/1907/2074 1135/1891/1778 1134/1551/2075 1118/1248/2076
s 3
f 1137/1229/2077 1136/1419/1765 1120/1415/2026 1121/1249/2078
s off
f 1138/1190/2079 1137/1229/2080 1121/1249/2081 1122/1250/2082
f 1139/1191/2083 1138/1190/2084 1122/1250/2085 1123/1251/2086
f 1140/1198/2087 1139/1191/2088 1123/1251/2089 1124/1252/2090
f 1141/1192/2091 1140/1198/2092 1124/1252/2093 1125/1253/2094
f 1142/1193/2095 1141/1192/2096 1125/1253/2097 1126/1254/2098
s 3
f 1143/1398/1596 1142/1193/2099 1126/1254/2100 1127/1421/2048
s 17
f 1129/1255/2101 1145/1183/2102 1144/1908/1573 1128/1993/2053
s off
f 1130/1256/2103 1146/1185/2104 1145/1183/2105 1129/1255/2106
f 1178/1257/2107 1163/1186/2108 1146/1185/2109 1130/1256/2110
s 67
f 1149/1259/2111 1148/1258/2112 1307/1473/2113 1311/1496/2003 957/1430/2114
s 56
f 1323/1474/2115 1328/1503/2116 1151/1261/2117 1150/1260/2118
f 1152/1262/2119 1151/1261/2120 1328/1503/2116 1332/1504/1930 955/1436/2121
s 64
f 1153/1485/2122 1152/1262/2123 955/1436/2124 1319/1499/2125 1318/1486/2126
f 1157/1263/2127 1156/1471/2128 1355/1478/2129 1354/1513/1988 956/1454/2130
s 69
f 1158/1472/2131 1157/1263/2132 956/1454/2133 1342/1510/2134 1341/1477/2135
f 1159/1449/2136 1158/1472/2137 1341/1477/2135 1335/1506/2138
f 1160/1264/2139 1159/1449/2140 1335/1506/2138 1334/1507/2013 958/1455/2141
s off
f 1192/1266/2142 1191/1267/2143 1193/1268/2144 1194/1269/2145
f 1165/1131/2146 1164/1130/2147 1148/1258/2148 1149/1259/2149
f 1150/1260/2150 1166/1204/2151 1165/1131/2152 1149/1259/2153
f 1151/1261/2154 1167/1127/2155 1166/1204/2156 1150/1260/2157
f 1168/1124/2158 1167/1127/2159 1151/1261/2160 1152/1262/2161
f 1169/1125/2162 1168/1124/2163 1152/1262/2164 1153/1485/2165
s 64
f 1170/1189/2166 1169/1125/2167 1153/1485/2122 1154/1488/2168
f 1171/1247/2169 1170/1189/2170 1154/1488/2168 1155/1490/2171
f 1172/1178/2172 1171/1247/2173 1155/1490/2171 1156/1471/2128
s off
f 1173/1134/2174 1172/1178/2175 1156/1471/2176 1157/1263/2177
f 1174/1135/2178 1173/1134/2179 1157/1263/2180 1158/1472/2181
f 1175/1211/2182 1174/1135/2183 1158/1472/2184 1159/1449/2185
f 1176/1172/2186 1175/1211/2187 1159/1449/2188 1160/1264/2189
f 1161/1265/2190 1177/1169/2191 1176/1172/2192 1160/1264/2193
f 1196/1270/2194 1195/1271/2195 1197/1272/2196 1198/1273/2197
f 1199/1270/2198 1200/1269/2199 1201/1268/2200 1202/1271/2201
f 1148/1258/2202 1164/1130/2203 1179/1274/2204 1180/1275/2205
f 1164/1130/2206 1163/1186/2207 1181/1276/2208 1179/1274/2209
f 1163/1186/2210 1147/1484/2211 1182/1277/2212 1181/1276/2213
s 67
f 1147/1484/2214 1148/1258/2112 1180/1275/2215 1182/1277/2216
s off
f 1162/1494/2217 1178/1257/2218 1183/1278/2219 1184/1279/2220
f 1178/1257/2221 1177/1169/2222 1185/1280/2223 1183/1278/2224
f 1177/1169/2225 1161/1265/2226 1186/1281/2227 1185/1280/2228
s 67
f 1161/1265/2229 1162/1494/2230 1184/1279/2231 1186/1281/2232
f 1162/1494/2230 1147/1484/2214 1188/1282/2233 1187/1283/2234
s off
f 1147/1484/2235 1163/1186/2236 1189/1284/2237 1188/1282/2238
f 1163/1186/2239 1178/1257/2240 1190/1285/2241 1189/1284/2242
f 1178/1257/2243 1162/1494/2244 1187/1283/2245 1190/1285/2246
f 1180/1258/2247 1179/1130/2248 1205/1288/2249 1206/1289/2250
f 1179/1130/2251 1181/1284/2252 1204/1287/2253 1205/1288/2254
f 1181/1284/2255 1182/1282/2256 1203/1286/2257 1204/1287/2258
f 1182/1282/2259 1180/1258/2260 1206/1289/2261 1203/1286/2262
f 1184/1283/2263 1183/1285/2264 1213/1296/2265 1214/1297/2266
f 1183/1285/2267 1185/1169/2268 1212/1295/2269 1213/1296/2270
f 1185/1169/2271 1186/1265/2272 1211/1294/2273 1212/1295/2274
f 1186/1265/2275 1184/1283/2276 1214/1297/2277 1211/1294/2278
f 1187/1283/2279 1188/1282/2280 1210/1293/2281 1207/1290/2282
f 1188/1282/2283 1189/1284/2284 1209/1292/2285 1210/1293/2286
f 1189/1284/2287 1190/1285/2288 1208/1291/2289 1209/1292/2290
f 1190/1285/2291 1187/1283/2292 1207/1290/2293 1208/1291/2294
f 1204/1287/2295 1203/1286/2296 1224/1307/2297 1225/1308/2298
f 1205/1288/2299 1204/1287/2300 1225/1308/2301 1226/1309/2302
f 1206/1289/2303 1205/1288/2304 1226/1309/2305 1223/1306/2306
f 1203/1286/2307 1206/1289/2308 1223/1306/2309 1224/1307/2310
f 1208/1291/2311 1207/1290/2312 1220/1303/2313 1221/1304/2314
f 1209/1292/2315 1208/1291/2316 1221/1304/2317 1222/1305/2318
f 1210/1293/2319 1209/1292/2320 1222/1305/2321 1219/1302/2322
f 1207/1290/2323 1210/1293/2324 1219/1302/2325 1220/1303/2326
f 1212/1295/2327 1211/1294/2328 1216/1299/2329 1217/1300/2330
f 1213/1296/2331 1212/1295/2332 1217/1300/2333 1218/1301/2334
f 1214/1297/2335 1213/1296/2336 1218/1301/2337 1215/1298/2338
f 1211/1294/2339 1214/1297/2340 1215/1298/2341 1216/1299/2342
f 1216/1299/2343 1215/1298/2344 1196/1270/2345 1198/1273/2346
f 1217/1300/2347 1216/1299/2348 1198/1273/2349 1197/1272/2350
f 1218/1301/2351 1217/1300/2352 1197/1272/2353 1195/1271/2354
f 1215/1298/2355 1218/1301/2356 1195/1271/2357 1196/1270/2358
f 1220/1303/2359 1219/1302/2360 1200/1269/2361 1199/1270/2362
f 1221/1304/2363 1220/1303/2364 1199/1270/2365 1202/1271/2366
f 1222/1305/2367 1221/1304/2368 1202/1271/2369 1201/1268/2370
f 1219/1302/2371 1222/1305/2372 1201/1268/2373 1200/1269/2374
f 1224/1307/2375 1223/1306/2376 1192/1266/2377 1194/1269/2378
f 1225/1308/2379 1224/1307/2380 1194/1269/2381 1193/1268/2382
f 1226/1309/2383 1225/1308/2384 1193/1268/2385 1191/1267/2386
f 1223/1306/2387 1226/1309/2388 1191/1267/2389 1192/1266/2390
s 89
f 1227/1911/2391 1228/1310/2392 1236/1311/2393 1235/1934/2394
s 90
f 1228/1361/2395 1227/1911/2396 1229/1979/2397 1230/1362/2398
f 1230/1362/2398 1229/1979/2397 1299/1975/2399 1300/1411/2400
s 89
f 1231/1314/2401 1232/1312/2402 1277/1313/2403 1278/1353/2404
s 92
f 1232/1312/2405 1231/1314/2406 1233/1412/2407 1234/1912/2408
f 1234/1912/2408 1233/1412/2407 1301/1409/2409 1302/1981/2410
s 89
f 1235/1934/2394 1236/1315/2393 1274/1316/2411 1273/1938/2412
s 90
f 1237/1937/2413 1238/1375/2414 1284/1388/2415 1283/1950/2416
s 94
f 1238/1317/2417 1237/1937/2418 1239/1941/2419 1240/1318/2420
f 1240/1319/2420 1239/1941/2419 1275/1915/2421 1276/1320/2422
f 1241/1944/2423 1242/1321/2424 1294/1322/2425 1293/1924/2426
f 1242/1323/2424 1241/1944/2423 1243/1948/2427 1244/1324/2428
f 1244/1325/2428 1243/1948/2427 1279/1920/2429 1280/1326/2430
s 89
f 1245/1923/2431 1246/1327/2432 1248/1328/2433 1247/1942/2434
f 1246/1370/2432 1245/1329/2431 1292/1330/2435 1291/1355/2436
f 1247/1942/2434 1248/1331/2433 1278/1332/2404 1277/1946/2403
s 94
f 1249/1960/2437 1250/1333/2438 1276/1334/2422 1275/1915/2421
f 1250/1378/2438 1249/1335/2437 1252/1336/2439 1251/1393/2440
f 1251/1393/2440 1252/1337/2439 1290/1346/2441 1289/1416/2442
s 89
f 1253/1917/2443 1254/1338/2444 1256/1341/2445 1255/1958/2446
f 1254/1391/2444 1253/1339/2443 1273/1340/2412 1274/1351/2411
f 1255/1958/2446 1256/1341/2445 1288/1345/2447 1287/1982/2448
s 90
f 1257/1926/2449 1258/1400/2450 1296/1404/2451 1295/1966/2452
f 1258/1400/2450 1257/1926/2449 1259/1954/2453 1260/1367/2454
f 1260/1367/2454 1259/1954/2453 1283/1950/2416 1284/1388/2415
s 92
f 1261/1357/2455 1262/1969/2456 1298/1973/2457 1297/1401/2458
f 1262/1969/2456 1261/1357/2455 1263/1389/2459 1264/1929/2460
f 1264/1929/2460 1263/1389/2459 1285/1385/2461 1286/1957/2462
s 90
f 1265/1930/2463 1266/1408/2464 1300/1411/2400 1299/1975/2399
f 1266/1408/2464 1265/1930/2463 1267/1970/2465 1268/1365/2466
f 1268/1365/2466 1267/1970/2465 1295/1966/2452 1296/1404/2451
s 92
f 1269/1359/2467 1270/1977/2468 1302/1981/2410 1301/1409/2409
f 1270/1977/2468 1269/1359/2467 1271/1405/2469 1272/1933/2470
f 1272/1933/2470 1271/1405/2469 1297/1401/2458 1298/1973/2457
s 94
f 1280/1342/2430 1279/1920/2429 1282/1343/2471 1281/1344/2472
s 92
f 1281/1386/2473 1282/1953/2474 1286/1957/2462 1285/1385/2461
s 89
f 1287/1982/2448 1288/1345/2447 1304/1348/2475 1303/1986/2476
s 94
f 1289/1416/2442 1290/1346/2441 1306/1350/2477 1305/1420/2478
s 89
f 1291/1347/2436 1292/1962/2435 1303/1986/2476 1304/1348/2475
s 94
f 1293/1349/2426 1294/1397/2425 1305/1420/2478 1306/1350/2477
s 3
f 1274/1351/2479 1042/1369/1755 1043/1352/1758 1254/1391/2480
f 1278/1353/2481 1048/1354/1774 1233/1412/2482 1231/1314/2483
f 1291/1355/2484 1045/1396/1764 1046/1356/1768 1246/1370/2485
f 1261/1357/2486 970/1402/1520 986/1358/1519 1263/1389/2487
f 1269/1359/2488 969/1410/1516 1024/1360/1515 1271/1405/2489
f 1228/1361/2490 1230/1362/2491 1041/1363/1756 1236/1368/2492
f 1017/1403/1490 961/1364/1489 1266/1408/2493 1268/1365/2494
f 981/1387/1494 962/1366/1493 1258/1400/2495 1260/1367/2496
f 1236/1368/2492 1041/1363/1756 1042/1369/1755 1274/1351/2479
f 1246/1370/2485 1046/1356/1768 1047/1371/1771 1248/1372/2497
f 1248/1372/2497 1047/1371/1771 1048/1354/1774 1278/1353/2481
f 1240/1373/2498 971/1374/1529 1284/1388/2499 1238/1375/2500
f 1276/1376/2501 972/1377/1527 971/1374/1529 1240/1373/2498
f 973/1394/1532 972/1377/1527 1276/1376/2501 1250/1378/2502
f 974/1382/1536 1002/1379/1535 1294/1397/2503 1242/1380/2504
f 1244/1381/2505 975/1384/1537 974/1382/1536 1242/1380/2504
f 1280/1383/2506 976/1390/1540 975/1384/1537 1244/1381/2505
f 1285/1385/2507 976/1390/1540 1280/1383/2506 1281/1386/2508
f 971/1374/1529 981/1387/1494 1260/1367/2496 1284/1388/2499
f 1263/1389/2487 986/1358/1519 976/1390/1540 1285/1385/2507
f 1254/1391/2480 1043/1352/1758 1044/1392/1761 1256/1414/2509
f 1251/1393/2510 995/1417/1566 973/1394/1532 1250/1378/2502
f 1304/1395/2511 1136/1419/1765 1045/1396/1764 1291/1355/2484
f 1294/1397/2503 1002/1379/1535 1143/1398/1596 1305/1420/2512
f 962/1366/1493 1003/1399/1599 1296/1404/2513 1258/1400/2495
f 1297/1401/2514 1010/1406/1620 970/1402/1520 1261/1357/2486
f 1003/1399/1599 1017/1403/1490 1268/1365/2494 1296/1404/2513
f 1271/1405/2489 1024/1360/1515 1010/1406/1620 1297/1401/2514
f 1029/1407/1704 1300/1411/2515 1266/1408/2493 961/1364/1489
f 1301/1409/2516 1036/1413/1726 969/1410/1516 1269/1359/2488
f 1041/1363/1756 1230/1362/2491 1300/1411/2515 1029/1407/1704
f 1233/1412/2482 1048/1354/1774 1036/1413/1726 1301/1409/2516
f 1256/1414/2509 1044/1392/1761 1120/1415/2026 1288/1418/2517
f 1289/1416/2518 1127/1421/2048 995/1417/1566 1251/1393/2510
f 1288/1418/2517 1120/1415/2026 1136/1419/1765 1304/1395/2511
f 1305/1420/2512 1143/1398/1596 1127/1421/2048 1289/1416/2518
s 99
f 1310/1637/2519 1309/1638/2520 1473/1671/2521 1476/1639/2522 1110/1640/2523
s 64
f 1315/1427/2524 1319/1428/2125 955/1437/2525 1090/1429/2526 1091/1613/2527
s 56
f 1324/1502/2528 1323/1474/2115 1150/1260/2529 1149/1259/2530 957/1430/2531
f 1325/1431/2532 1324/1432/2528 957/1433/2533 1109/1434/2534 1108/1435/2535
s 103
f 1331/1608/2536 1330/1609/2537 1431/1661/2538 1437/1610/2539 1092/1611/2540
s 104
f 1333/1444/2541 1337/1445/2542 1013/1446/2543 1111/1447/2544 1112/1448/2545
s 69
f 1338/1450/2546 1342/1451/2134 956/1452/2547 1106/1453/2548 1107/1636/2549
s 67
f 1344/1512/2550 1343/1492/2551 1161/1265/2229 1160/1264/2552 958/1455/2553
f 1345/1456/2554 1344/1457/2550 958/1458/2555 1114/1459/2556 1113/1460/2557
s 108
f 1353/1630/2558 1352/1631/2559 1467/1669/2560 1469/1632/2561 1105/1633/2562
s 24
f 1309/1565/2563 1308/1515/2564 1313/1516/2565 1312/1566/2566
s 67
f 1308/1515/2567 1307/1473/2113 1314/1493/2568 1313/1516/2569
s 56
f 1323/1474/2115 1327/1519/2570 1329/1520/2571 1328/1503/2116
s 24
f 1327/1519/2572 1326/1500/2573 1330/1475/2574 1329/1520/2575
f 1337/1476/1690 1336/1521/2576 1340/1522/2577 1339/1556/1691
s 69
f 1336/1521/2578 1335/1506/2138 1341/1477/2135 1340/1522/2579
s 24
f 1352/1480/2580 1351/1525/2581 1357/1526/2582 1356/1552/2583
s 64
f 1351/1525/2584 1355/1478/2129 1358/1489/2585 1357/1526/2586
s 24
f 1320/1482/2587 1316/1543/2588 1434/1544/2589 1433/1568/1685 1132/1567/1684
f 1131/1562/1689 1474/1563/1688 1473/1564/2590 1309/1565/2563 1312/1566/2566
f 1013/1558/2591 1115/1479/2065 1348/1481/2592 1346/1495/2593
f 1352/1480/2580 1356/1552/2583 1116/1483/2064 1463/1553/2594 1467/1554/2595
f 1115/1479/2065 1131/1562/1689 1312/1566/2566 1348/1481/2592
f 1356/1552/2583 1320/1482/2587 1132/1567/1684 1116/1483/2064
s 67
f 1314/1493/2568 1307/1473/2113 1148/1258/2112 1147/1484/2214
s 64
f 1154/1488/2168 1153/1485/2122 1318/1486/2126 1322/1487/2596
f 1155/1490/2171 1154/1488/2168 1322/1487/2596 1358/1489/2585
f 1156/1471/2128 1155/1490/2171 1358/1489/2585 1355/1478/2129
s 67
f 1350/1491/2597 1162/1494/2230 1161/1265/2229 1343/1492/2551
f 1314/1493/2568 1147/1484/2214 1162/1494/2230 1350/1491/2597
s 24
f 1312/1566/2566 1313/1516/2565 1349/1524/2598 1348/1481/2592
s 67
f 1313/1516/2569 1314/1493/2568 1350/1491/2597 1349/1524/2599
s 64
f 1318/1486/2126 1317/1517/2600 1321/1518/2601 1322/1487/2596
s 24
f 1317/1517/2602 1316/1543/2588 1320/1482/2587 1321/1518/2603
s 67
f 1343/1492/2551 1347/1523/2604 1349/1524/2599 1350/1491/2597
s 24
f 1347/1523/2605 1346/1495/2593 1348/1481/2592 1349/1524/2598
s 64
f 1322/1487/2596 1321/1518/2601 1357/1526/2586 1358/1489/2585
s 24
f 1321/1518/2603 1320/1482/2587 1356/1552/2583 1357/1526/2582
s 67
f 1307/1473/2113 1308/1515/2567 1359/1527/2606 1311/1496/2003
f 1311/1496/2003 1359/1527/2606 1310/1497/2004
s 99
f 1310/1497/2519 1359/1527/2607 1308/1515/2608 1309/1565/2520
s 57
f 1316/1543/1936 1317/1517/2609 1360/1528/2610 1315/1498/1937
s 64
f 1315/1498/2524 1360/1528/2611 1319/1499/2125
f 1319/1499/2125 1360/1528/2611 1317/1517/2600 1318/1486/2126
s 66
f 1326/1500/1999 1327/1519/2612 1361/1529/2613 1325/1501/2000
s 56
f 1325/1501/2532 1361/1529/2614 1324/1502/2528
f 1324/1502/2528 1361/1529/2614 1327/1519/2570 1323/1474/2115
f 1328/1503/2116 1329/1520/2571 1362/1530/2615 1332/1504/1930
f 1332/1504/1930 1362/1530/2615 1331/1505/1931
s 103
f 1331/1505/2536 1362/1530/2616 1329/1520/2617 1330/1475/2537
s 69
f 1335/1506/2138 1336/1521/2578 1363/1531/2618 1334/1507/2013
f 1334/1507/2013 1363/1531/2618 1333/1508/2014
s 104
f 1333/1508/2541 1363/1531/2619 1336/1521/2620 1337/1476/2542
s 65
f 1339/1556/1994 1340/1522/2621 1364/1532/2622 1338/1509/1995
s 69
f 1338/1509/2546 1364/1532/2623 1342/1510/2134
f 1342/1510/2134 1364/1532/2623 1340/1522/2579 1341/1477/2135
s 68
f 1346/1495/2008 1347/1523/2624 1365/1533/2625 1345/1511/2009
s 67
f 1345/1511/2554 1365/1533/2626 1344/1512/2550
f 1344/1512/2550 1365/1533/2626 1347/1523/2604 1343/1492/2551
s 64
f 1355/1478/2129 1351/1525/2584 1366/1534/2627 1354/1513/1988
f 1354/1513/1988 1366/1534/2627 1353/1514/1989
s 108
f 1353/1514/2558 1366/1534/2628 1351/1525/2629 1352/1480/2559
s 17
f 1409/1539/2630 1408/1540/2631 1028/1223/2632 1015/1541/2633 1016/1895/2634
f 1416/1542/2635 1415/1904/2636 1119/1907/2074 1118/1248/2637 1039/1245/2638
s 24
f 1432/1559/1686 1431/1560/2639 1330/1475/2574 1326/1500/2573 1471/1561/2640 1475/1569/1687
f 1464/1555/1693 1463/1553/2594 1116/1483/2064 1115/1479/2065 1013/1558/2591
s 40
f 1368/1645/1794 1367/1769/2641 1374/1770/2642 1373/1571/1795
s 41
f 1367/1769/2643 1371/1727/1798 1372/1646/1797 1374/1770/2644
s 42
f 1379/1647/1802 1378/1772/2645 1382/1773/2646 1381/1576/1803
s 43
f 1378/1772/2647 1377/1730/1806 1380/1648/1805 1382/1773/2648
s 44
f 1384/1649/1846 1383/1775/2649 1390/1776/2650 1389/1580/1847
s 45
f 1383/1775/2651 1387/1733/1850 1388/1650/1849 1390/1776/2652
s 46
f 1392/1651/1858 1391/1778/2653 1398/1779/2654 1397/1583/1859
s 47
f 1391/1778/2655 1395/1736/1862 1396/1652/1861 1398/1779/2656
s 48
f 1400/1653/1866 1399/1781/2657 1406/1785/2658 1405/1587/1867
s 49
f 1399/1782/2659 1403/1589/1870 1404/1654/1869 1406/1783/2660
s 50
f 1408/1655/1890 1407/1786/2661 1414/1787/2662 1413/1593/1891
s 51
f 1407/1786/2663 1411/1742/1894 1412/1656/1893 1414/1787/2664
s 52
f 1418/1657/1910 1417/1789/2665 1422/1793/2666 1421/1598/1911
s 53
f 1417/1790/2667 1416/1600/1914 1420/1658/1913 1422/1791/2668
s 55
f 1424/1659/1926 1423/1794/2669 1429/1795/2670 1428/1604/1927
s 54
f 1423/1794/2671 1427/1748/1922 1430/1660/1921 1429/1795/2672
s 103
f 1431/1661/2538 1435/1797/2673 1438/1798/2674 1437/1610/2539
s 57
f 1435/1797/2675 1434/1751/1935 1436/1662/1934 1438/1798/2676
s 58
f 1440/1663/1948 1439/1800/2677 1446/1801/2678 1445/1615/1949
s 59
f 1439/1800/2679 1443/1754/1952 1444/1664/1951 1446/1801/2680
s 60
f 1448/1665/1968 1447/1803/2681 1454/1807/2682 1453/1619/1969
s 61
f 1447/1804/2683 1451/1621/1972 1452/1666/1971 1454/1805/2684
s 63
f 1456/1667/1984 1455/1808/2685 1461/1812/2686 1460/1625/1985
s 62
f 1455/1809/2687 1459/1627/1980 1462/1668/1979 1461/1810/2688
s 108
f 1467/1669/2560 1466/1813/2689 1470/1817/2690 1469/1632/2561
s 65
f 1466/1814/2691 1465/1634/1993 1468/1670/1992 1470/1815/2692
s 99
f 1473/1671/2521 1472/1818/2693 1477/1822/2694 1476/1639/2522
s 66
f 1472/1819/2695 1471/1641/1998 1478/1672/1997 1477/1820/2696
s 5
f 1372/1673/2697 1057/1142/1497 1055/1674/1496 1060/1675/1546 1373/1676/2698 1374/1771/2699
f 1380/1677/2700 1059/1162/1545 1054/1678/1544 1061/1679/1549 1381/1680/2701 1382/1774/2702
s 1
f 1388/1681/2703 1074/1161/1542 1071/1152/1523 1073/1682/1526 1389/1683/2704 1390/1777/2705
f 1396/1684/2706 1069/1104/1458 1068/1685/1457 1075/1686/1543 1397/1687/2707 1398/1780/2708
f 1404/1688/2709 1072/1155/1525 1070/1689/1524 1076/1690/1624 1405/1691/2710 1406/1784/2711
s 2
f 1412/1692/2712 1082/1141/1754 1081/1108/1462 1080/1693/1461 1413/1694/2713 1414/1788/2714
f 1420/1695/2715 1083/1236/1745 1084/1696/1744 1088/1697/1784 1421/1698/2716 1422/1792/2717
f 1089/1240/1783 1086/1238/1753 1087/1699/1752 1428/1700/2718 1429/1796/2719 1430/1701/2720
s off
f 1436/1702/2721 1091/1703/2722 1090/1704/2723 1092/1705/2724 1437/1706/2725 1438/1799/2726
s 6
f 1444/1707/2727 1095/1146/1501 1093/1145/1500 1097/1708/1731 1445/1709/2728 1446/1802/2729
f 1452/1710/2730 1098/1232/1730 1099/1711/1729 1103/1712/1777 1453/1713/2731 1454/1806/2732
f 1104/1239/1776 1100/1233/1737 1101/1714/1736 1460/1715/2733 1461/1811/2734 1462/1716/2735
s off
f 1468/1717/2736 1107/1718/2737 1106/1719/2738 1105/1720/2739 1469/1721/2740 1470/1816/2741
f 1108/1722/2742 1109/1723/2743 1110/1724/2744 1476/1725/2745 1477/1821/2746 1478/1726/2747
s 17
f 1371/1727/2748 1367/1769/2749 1479/1823/2750 1370/1728/2751
f 1370/1728/2751 1479/1823/2750 1369/1729/2752
f 1369/1729/2752 1479/1823/2750 1367/1769/2749 1368/1645/2753
f 1377/1730/2754 1378/1772/2755 1480/1824/2756 1376/1731/2757
f 1376/1731/2757 1480/1824/2756 1375/1732/2054
f 1375/1732/2054 1480/1824/2756 1378/1772/2755 1379/1647/2055
f 1387/1733/2758 1383/1775/2759 1481/1825/2760 1386/1734/2761
f 1386/1734/2761 1481/1825/2760 1385/1735/2762
f 1385/1735/2762 1481/1825/2760 1383/1775/2759 1384/1649/2763
f 1395/1736/1571 1391/1778/2764 1482/1826/2765 1394/1737/1572
f 1394/1737/1572 1482/1826/2765 1393/1738/2766
f 1393/1738/2766 1482/1826/2765 1391/1778/2764 1392/1651/2767
f 1403/1739/2768 1399/1781/2769 1483/1827/2770 1402/1740/2771
f 1402/1740/2771 1483/1827/2770 1401/1741/1673
f 1401/1741/1673 1483/1827/2770 1399/1781/2769 1400/1653/1674
f 1411/1742/2772 1407/1786/2773 1484/1828/2774 1410/1743/2775
f 1410/1743/2775 1484/1828/2774 1409/1744/2630
f 1409/1744/2630 1484/1828/2774 1407/1786/2773 1408/1655/2631
f 1416/1745/2635 1417/1789/2776 1485/1829/2777 1415/1746/2636
f 1415/1746/2636 1485/1829/2777 1419/1747/2778
f 1419/1747/2778 1485/1829/2777 1417/1789/2776 1418/1657/2779
f 1427/1748/2780 1423/1794/2781 1486/1830/2782 1426/1749/2783
f 1426/1749/2783 1486/1830/2782 1425/1750/2784
f 1425/1750/2784 1486/1830/2782 1423/1794/2781 1424/1659/2785
s 24
f 1434/1751/2589 1435/1797/2786 1487/1831/2787 1433/1752/1685
f 1433/1752/1685 1487/1831/2787 1432/1753/1686
f 1432/1753/1686 1487/1831/2787 1435/1797/2786 1431/1661/2639
s 17
f 1443/1754/1671 1439/1800/2788 1488/1832/2789 1442/1755/1672
f 1442/1755/1672 1488/1832/2789 1441/1756/2790
f 1441/1756/2790 1488/1832/2789 1439/1800/2788 1440/1663/2791
f 1451/1757/2792 1447/1803/2793 1489/1833/2794 1450/1758/2795
f 1450/1758/2795 1489/1833/2794 1449/1759/2796
f 1449/1759/2796 1489/1833/2794 1447/1803/2793 1448/1665/2797
f 1459/1760/2798 1455/1808/2799 1490/1834/2800 1458/1761/2801
f 1458/1761/2801 1490/1834/2800 1457/1762/1779
f 1457/1762/1779 1490/1834/2800 1455/1808/2799 1456/1667/1780
s 24
f 1465/1763/1692 1466/1813/2802 1491/1835/2803 1464/1764/1693
f 1464/1764/1693 1491/1835/2803 1463/1765/2594
f 1463/1765/2594 1491/1835/2803 1466/1813/2802 1467/1669/2595
f 1471/1766/2640 1472/1818/2804 1492/1836/2805 1475/1767/1687
f 1475/1767/1687 1492/1836/2805 1474/1768/1688
f 1474/1768/1688 1492/1836/2805 1472/1818/2804 1473/1671/2590
s 17
f 1495/1935/2806 1494/2013/2807 1497/2016/2808 1496/1910/2809
f 1494/2014/2807 1493/1837/2810 1498/1900/2811 1497/2015/2808
s 120
f 1501/1838/2812 1500/2018/2813 1506/2021/2814 1505/1918/2815
s 17
f 1500/2017/2816 1499/1839/2817 1507/1864/2818 1506/2020/2819
s 120
f 1516/1943/2820 1515/2026/2821 1518/2029/2822 1517/1922/2823
s 17
f 1515/2027/2824 1514/1844/2825 1519/1890/2826 1518/2028/2827
s 120
f 1531/1916/2828 1530/2036/2829 1563/2055/2830 1562/1939/2831
s 17
f 1530/2037/2832 1529/1859/2833 1564/1855/2834 1563/2054/2835
f 1543/1927/2836 1542/2044/2837 1578/2065/2838 1577/1955/2839
f 1542/2045/2837 1541/1878/2840 1579/1876/2841 1578/2064/2838
f 1552/1974/2842 1551/2048/2843 1554/2051/2844 1553/1931/2845
f 1551/2049/2843 1550/1854/2846 1555/1894/2847 1554/2050/2844
f 1588/1884/2848 1587/2069/2849 1608/2082/2850 1607/1903/2851
s 120
f 1587/2070/2852 1586/1983/2853 1609/1987/2854 1608/2081/2855
s 17
f 1526/1840/2856 1051/1886/2857 1052/1841/2858 1529/1859/2833
f 1499/1839/2817 1502/1842/2859 1450/2008/2795 1449/1843/2796 1507/1864/2818
f 1514/1844/2825 1050/1863/2860 1459/1845/2798 1458/1846/2801 1519/1890/2826
f 987/1996/2861 967/1847/2862 1544/2003/2863 1547/1848/2864
f 968/1849/2865 1556/1897/2866 1559/1850/2867 1441/2005/2790 1440/1851/2791
f 960/1899/2868 1411/1852/2772 1410/1853/2775 1555/1894/2847 1550/1854/2846
f 1564/1855/2834 1426/1861/2783 1425/1856/2784 1498/1900/2811 1493/1837/2810
f 959/1893/2869 988/1857/2870 1541/1878/2840 1538/1858/2871
f 1529/1859/2833 1052/1841/2858 1427/1860/2780 1426/1861/2783 1564/1855/2834
f 1571/1862/2872 1049/1866/2873 1050/1863/2860 1514/1844/2825
f 1507/1864/2818 1449/1843/2796 1448/1865/2797 1049/1866/2873 1571/1862/2872
f 1511/1867/2874 1386/1871/2761 1385/1868/2762 1580/1997/2875 1508/2012/2876
f 1574/1869/2877 977/1872/2878 1387/1870/2758 1386/1871/2761 1511/1867/2874
f 978/1999/2879 977/1872/2878 1574/1869/2877 1520/1873/2880
f 980/1991/2881 979/1874/2882 1532/1883/2883 1535/1875/2884
f 1579/1876/2841 1370/1880/2751 1369/1877/2752 1568/1992/2885 1565/2010/2886
f 1541/1878/2840 988/1857/2870 1371/1879/2748 1370/1880/2751 1579/1876/2841
f 979/1874/2882 1377/1881/2754 1376/1882/2757 1583/1994/2887 1532/1883/2883
f 1588/1884/2848 1419/1905/2778 1418/1885/2779 1051/1886/2857 1526/1840/2856
f 1144/1908/1573 1394/1887/1572 1393/1888/2766 1523/2000/2888 1589/1889/2889
f 1519/1890/2826 1458/1846/2801 1457/1549/1779 1135/1891/1778 1592/1906/2890
f 1595/1892/2891 1016/1895/2634 959/1893/2869 1538/1858/2871
f 1555/1894/2847 1410/1853/2775 1409/1539/2630 1016/1895/2634 1595/1892/2891
f 1037/1896/2892 1604/2009/2893 1556/1897/2866 968/1849/2865
f 1601/1898/2894 1040/1902/2895 960/1899/2868 1550/1854/2846
f 1498/1900/2811 1425/1856/2784 1424/1901/2785 1040/1902/2895 1601/1898/2894
f 1607/1903/2851 1119/1907/2074 1415/1904/2636 1419/1905/2778 1588/1884/2848
f 1592/1906/2890 1135/1891/1778 1119/1907/2074 1607/1903/2851
f 1128/1993/2053 1144/1908/1573 1589/1889/2889 1610/1909/2896
f 1495/1935/2806 1496/1910/2809 1229/1979/2897 1227/1911/2898
f 1232/1312/2899 1234/1912/2900 1504/1980/2901 1501/1913/2902
s 131
f 1537/1940/2903 1534/1914/2904 1249/1960/2905 1275/1915/2906
s 120
f 1528/1959/2907 1531/1916/2828 1273/1938/2908 1253/1917/2909
f 1501/1838/2812 1505/1918/2815 1277/1946/2910 1232/1919/2911
s 131
f 1279/1920/2912 1513/1949/2913 1510/1921/2914 1282/1343/2915
s 120
f 1516/1943/2820 1517/1922/2823 1292/1962/2916 1245/1923/2917
s 131
f 1293/1924/2918 1525/1965/2919 1522/1925/2920 1241/1944/2921
s 17
f 1257/1926/2922 1540/1967/2923 1543/1927/2836 1259/1954/2924
f 1546/1928/2925 1262/1969/2926 1264/1929/2927 1549/1956/2928
f 1265/1930/2929 1552/1974/2842 1553/1931/2845 1267/1970/2930
f 1558/1932/2931 1270/1977/2932 1272/1933/2933 1561/1972/2934
s 120
f 1235/1934/2935 1562/1939/2831 1495/1935/2936 1227/1911/2937
s 131
f 1567/1951/2938 1570/1936/2939 1239/1941/2940 1237/1937/2941
s 120
f 1273/1938/2908 1531/1916/2828 1562/1939/2831 1235/1934/2935
s 131
f 1570/1936/2939 1537/1940/2903 1275/1915/2906 1239/1941/2940
s 120
f 1247/1942/2942 1573/1947/2943 1516/1943/2820 1245/1923/2917
s 131
f 1241/1944/2921 1522/1925/2920 1576/1945/2944 1243/1948/2945
s 120
f 1277/1946/2910 1505/1918/2815 1573/1947/2943 1247/1942/2942
s 131
f 1243/1948/2945 1576/1945/2944 1513/1949/2913 1279/1920/2912
s 17
f 1283/1950/2946 1577/1955/2839 1567/1951/2947 1237/1937/2948
f 1582/1952/2949 1286/1957/2950 1282/1953/2951 1510/2011/2952
f 1259/1954/2924 1543/1927/2836 1577/1955/2839 1283/1950/2946
f 1549/1956/2928 1264/1929/2927 1286/1957/2950 1582/1952/2949
s 120
f 1255/1958/2953 1586/1983/2853 1528/1959/2907 1253/1917/2909
s 131
f 1249/1960/2905 1534/1914/2904 1585/1961/2954 1252/1984/2955
s 120
f 1292/1962/2916 1517/1922/2823 1594/1963/2956 1303/1986/2957
s 131
f 1306/1964/2958 1591/1989/2959 1525/1965/2919 1293/1924/2918
s 17
f 1295/1966/2960 1597/1971/2961 1540/1967/2923 1257/1926/2922
f 1600/1968/2962 1298/1973/2963 1262/1969/2926 1546/1928/2925
f 1267/1970/2930 1553/1931/2845 1597/1971/2961 1295/1966/2960
f 1561/1972/2934 1272/1933/2933 1298/1973/2963 1600/1968/2962
f 1603/1978/2964 1552/1974/2842 1265/1930/2929 1299/1975/2965
f 1606/1976/2966 1302/1981/2967 1270/1977/2932 1558/1932/2931
f 1496/1910/2809 1603/1978/2964 1299/1975/2965 1229/1979/2897
f 1504/1980/2901 1234/1912/2900 1302/1981/2967 1606/1976/2966
s 120
f 1287/1982/2968 1609/1987/2854 1586/1983/2853 1255/1958/2953
s 131
f 1252/1984/2955 1585/1961/2954 1612/1985/2969 1290/1988/2970
s 120
f 1303/1986/2957 1594/1963/2956 1609/1987/2854 1287/1982/2968
s 131
f 1290/1988/2970 1612/1985/2969 1591/1989/2959 1306/1964/2958
s 17
f 1369/1877/2752 1368/1990/2753 980/1991/2881 1535/1875/2884 1568/1992/2885
f 1376/1882/2757 1375/1535/2054 1128/1993/2053 1610/1909/2896 1583/1994/2887
f 1385/1868/2762 1384/1995/2763 987/1996/2861 1547/1848/2864 1580/1997/2875
f 1393/1888/2766 1392/1998/2767 978/1999/2879 1520/1873/2880 1523/2000/2888
f 1403/2001/2768 1402/2002/2771 1598/2006/2971 1544/2003/2863 967/1847/2862
f 1442/2004/1672 1441/2005/2790 1559/1850/2867 1598/2006/2971 1402/2002/2771 1401/1547/1673
f 1451/2007/2792 1450/2008/2795 1502/1842/2859 1604/2009/2893 1037/1896/2892
f 1499/1839/2817 1500/2017/2816 1503/2019/2972 1502/1842/2859
f 1500/2017/2816 1501/1913/2902 1504/1980/2901 1503/2019/2972
f 1502/1842/2859 1503/2019/2972 1605/2080/2973 1604/2009/2893
f 1503/2019/2972 1504/1980/2901 1606/1976/2966 1605/2080/2973
f 1508/2012/2876 1509/2022/2974 1512/2025/2975 1511/1867/2874
s 131
f 1509/2023/2976 1510/1921/2914 1513/1949/2913 1512/2024/2977
s 17
f 1511/1867/2874 1512/2025/2975 1575/2063/2978 1574/1869/2877
s 131
f 1512/2024/2977 1513/1949/2913 1576/1945/2944 1575/2062/2979
s 17
f 1514/1844/2825 1515/2027/2824 1572/2061/2980 1571/1862/2872
s 120
f 1515/2026/2821 1516/1943/2820 1573/1947/2943 1572/2060/2981
s 17
f 1520/1873/2880 1521/2030/2982 1524/2033/2983 1523/2000/2888
s 131
f 1521/2031/2984 1522/1925/2920 1525/1965/2919 1524/2032/2985
s 17
f 1523/2000/2888 1524/2033/2983 1590/2072/2986 1589/1889/2889
s 131
f 1524/2032/2985 1525/1965/2919 1591/1989/2959 1590/2071/2987
s 120
f 1528/1959/2907 1527/2034/2988 1530/2036/2829 1531/1916/2828
s 17
f 1527/2035/2989 1526/1840/2856 1529/1859/2833 1530/2037/2832
f 1532/1883/2883 1533/2038/2990 1536/2041/2991 1535/1875/2884
s 131
f 1533/2039/2992 1534/1914/2904 1537/1940/2903 1536/2040/2993
s 17
f 1535/1875/2884 1536/2041/2991 1569/2059/2994 1568/1992/2885
s 131
f 1536/2040/2993 1537/1940/2903 1570/1936/2939 1569/2058/2995
s 17
f 1538/1858/2871 1539/2042/2996 1596/2076/2997 1595/1892/2891
f 1539/2043/2996 1540/1967/2923 1597/1971/2961 1596/2075/2997
f 1540/1967/2923 1539/2043/2996 1542/2044/2837 1543/1927/2836
f 1539/2042/2996 1538/1858/2871 1541/1878/2840 1542/2045/2837
f 1544/2003/2863 1545/2046/2998 1548/2047/2999 1547/1848/2864
f 1545/2046/2998 1546/1928/2925 1549/1956/2928 1548/2047/2999
f 1547/1848/2864 1548/2047/2999 1581/2066/3000 1580/1997/2875
f 1548/2047/2999 1549/1956/2928 1582/1952/2949 1581/2066/3000
f 1550/1854/2846 1551/2049/2843 1602/2079/3001 1601/1898/2894
f 1551/2048/2843 1552/1974/2842 1603/1978/2964 1602/2078/3001
f 1556/1897/2866 1557/2052/3002 1560/2053/3003 1559/1850/2867
f 1557/2052/3002 1558/1932/2931 1561/1972/2934 1560/2053/3003
f 1559/1850/2867 1560/2053/3003 1599/2077/3004 1598/2006/2971
f 1560/2053/3003 1561/1972/2934 1600/1968/2962 1599/2077/3004
f 1493/1837/2810 1494/2014/2807 1563/2054/2835 1564/1855/2834
s 120
f 1494/2013/3005 1495/1935/2936 1562/1939/2831 1563/2055/2830
s 131
f 1567/1951/2938 1566/2056/3006 1569/2058/2995 1570/1936/2939
s 17
f 1566/2057/3007 1565/2010/2886 1568/1992/2885 1569/2059/2994
s 120
f 1505/1918/2815 1506/2021/2814 1572/2060/2981 1573/1947/2943
s 17
f 1506/2020/2819 1507/1864/2818 1571/1862/2872 1572/2061/2980
s 131
f 1522/1925/2920 1521/2031/2984 1575/2062/2979 1576/1945/2944
s 17
f 1521/2030/2982 1520/1873/2880 1574/1869/2877 1575/2063/2978
f 1565/2010/2886 1566/2057/3007 1578/2064/2838 1579/1876/2841
f 1566/2056/3007 1567/1951/2947 1577/1955/2839 1578/2065/2838
f 1510/2011/2952 1509/2022/2974 1581/2066/3000 1582/1952/2949
f 1509/2022/2974 1508/2012/2876 1580/1997/2875 1581/2066/3000
s 131
f 1534/1914/2904 1533/2039/2992 1584/2068/3008 1585/1961/2954
s 17
f 1533/2038/2990 1532/1883/2883 1583/1994/2887 1584/2067/3009
f 1526/1840/2856 1527/2035/2989 1587/2069/2849 1588/1884/2848
s 120
f 1527/2034/2988 1528/1959/2907 1586/1983/2853 1587/2070/2852
s 17
f 1589/1889/2889 1590/2072/2986 1611/2084/3010 1610/1909/2896
s 131
f 1590/2071/2987 1591/1989/2959 1612/1985/2969 1611/2083/3011
s 120
f 1517/1922/2823 1518/2029/2822 1593/2074/3012 1594/1963/2956
s 17
f 1518/2028/2827 1519/1890/2826 1592/1906/2890 1593/2073/3013
f 1553/1931/2845 1554/2051/2844 1596/2075/2997 1597/1971/2961
f 1554/2050/2844 1555/1894/2847 1595/1892/2891 1596/2076/2997
f 1546/1928/2925 1545/2046/2998 1599/2077/3004 1600/1968/2962
f 1545/2046/2998 1544/2003/2863 1598/2006/2971 1599/2077/3004
f 1496/1910/2809 1497/2016/2808 1602/2078/3001 1603/1978/2964
f 1497/2015/2808 1498/1900/2811 1601/1898/2894 1602/2079/3001
f 1558/1932/2931 1557/2052/3002 1605/2080/2973 1606/1976/2966
f 1557/2052/3002 1556/1897/2866 1604/2009/2893 1605/2080/2973
s 120
f 1594/1963/2956 1593/2074/3012 1608/2081/2855 1609/1987/2854
s 17
f 1593/2073/3013 1592/1906/2890 1607/1903/2851 1608/2082/2850
s 131
f 1585/1961/2954 1584/2068/3008 1611/2083/3011 1612/1985/2969
s 17
f 1584/2067/3009 1583/1994/2887 1610/1909/2896 1611/2084/3010
g default
v 13.219128 71.330490 -40.578064
v 13.219128 71.316223 -40.488014
v 13.219128 70.354935 -40.895035
v 13.219128 70.542023 -41.262222
v 13.219128 70.833420 -41.553612
v 13.219189 71.200607 -41.740692
v 13.219128 71.607620 -41.805161
v 13.219128 72.014648 -41.740692
v 13.219189 72.381821 -41.553619
v 13.219128 72.673218 -41.262215
v 13.219128 72.860306 -40.895035
v 13.219128 72.924774 -40.488014
v 13.219128 72.860306 -40.080994
v 13.219128 72.673218 -39.713806
v 13.219189 72.381821 -39.422417
v 13.219128 72.014648 -39.235329
v 13.219128 71.607620 -39.170860
v 13.219128 71.200607 -39.235329
v 13.219128 70.833420 -39.422409
v 13.219128 70.542023 -39.713806
v 13.219189 70.354935 -40.080994
v 13.219189 70.290466 -40.488014
v 13.255077 70.174400 -40.953697
v 13.255138 70.388451 -41.373795
v 13.255077 70.721840 -41.707184
v 13.255077 71.141937 -41.921249
v 13.255077 71.607620 -41.994995
v 13.255077 72.073303 -41.921249
v 13.255077 72.493408 -41.707184
v 13.255077 72.826797 -41.373795
v 13.255077 73.040848 -40.953690
v 13.255077 73.114609 -40.488022
v 13.255077 73.040848 -40.022324
v 13.255077 72.826797 -39.602234
v 13.255077 72.493408 -39.268837
v 13.255077 72.073303 -39.054787
v 13.255077 71.607620 -38.981033
v 13.255077 71.141937 -39.054787
v 13.255077 70.721840 -39.268837
v 13.255077 70.388451 -39.602234
v 13.255077 70.174400 -40.022331
v 13.255138 70.100639 -40.488022
v 13.255077 70.029144 -41.000893
v 13.255077 70.264893 -41.463577
v 13.255077 70.632072 -41.830742
v 13.255077 71.094742 -42.066483
v 13.255077 71.607620 -42.147720
v 13.255077 72.120499 -42.066483
v 13.255077 72.583176 -41.830742
v 13.255077 72.950356 -41.463570
v 13.255138 73.186096 -41.000893
v 13.255138 73.267334 -40.488014
v 13.255138 73.186096 -39.975136
v 13.255138 72.950356 -39.512466
v 13.255077 72.583176 -39.145287
v 13.255077 72.120499 -38.909538
v 13.255077 71.607620 -38.828300
v 13.255077 71.094749 -38.909538
v 13.255138 70.632072 -39.145287
v 13.255077 70.264893 -39.512466
v 13.255077 70.029144 -39.975136
v 13.255077 69.947914 -40.488014
v 13.362194 69.922760 -41.035461
v 13.362133 70.174393 -41.529312
v 13.362194 70.566330 -41.921249
v 13.362194 71.060181 -42.172874
v 13.362133 71.607620 -42.259575
v 13.362133 72.155060 -42.172867
v 13.362133 72.648926 -41.921242
v 13.362133 73.040848 -41.529320
v 13.362133 73.292480 -41.035461
v 13.362194 73.379181 -40.488014
v 13.362133 73.292480 -39.940567
v 13.362194 73.040848 -39.446716
v 13.362133 72.648926 -39.054787
v 13.362133 72.155060 -38.803162
v 13.362133 71.607620 -38.716446
v 13.362194 71.060181 -38.803162
v 13.362133 70.566330 -39.054787
v 13.362133 70.174393 -39.446716
v 13.362194 69.922760 -39.940575
v 13.362133 69.836060 -40.488014
v 13.491649 69.857864 -41.056541
v 13.491649 70.119194 -41.569427
v 13.491588 70.526215 -41.976448
v 13.491588 71.039093 -42.237778
v 13.491649 71.607620 -42.327812
v 13.491649 72.176147 -42.237762
v 13.491649 72.689026 -41.976440
v 13.491649 73.096054 -41.569420
v 13.491649 73.357376 -41.056549
v 13.491649 73.447418 -40.488014
v 13.491649 73.357376 -39.919479
v 13.491649 73.096054 -39.406601
v 13.491649 72.689026 -38.999588
v 13.491649 72.176147 -38.738258
v 13.491649 71.607620 -38.648209
v 13.491649 71.039093 -38.738258
v 13.491649 70.526215 -38.999588
v 13.491588 70.119194 -39.406601
v 13.491649 69.857864 -39.919487
v 13.491649 69.767822 -40.488014
v 13.680065 69.836060 -41.063629
v 13.680004 70.100639 -41.582909
v 13.680065 70.512733 -41.994995
v 13.680065 71.032005 -42.259583
v 13.680065 71.607620 -42.350746
v 13.680004 72.183243 -42.259575
v 13.680004 72.702507 -41.995003
v 13.680004 73.114609 -41.582901
v 13.680065 73.379189 -41.063629
v 13.680065 73.470360 -40.488014
v 13.680065 73.379189 -39.912399
v 13.680004 73.114609 -39.393127
v 13.680065 72.702507 -38.981033
v 13.680004 72.183243 -38.716454
v 13.680065 71.607620 -38.625282
v 13.680004 71.032005 -38.716446
v 13.680004 70.512733 -38.981033
v 13.680065 70.100639 -39.393127
v 13.680065 69.836060 -39.912399
v 13.680065 69.744888 -40.488014
v 13.868420 69.857872 -41.056541
v 13.868420 70.119194 -41.569427
v 13.868420 70.526215 -41.976448
v 13.868420 71.039093 -42.237778
v 13.868420 71.607620 -42.327812
v 13.868481 72.176155 -42.237762
v 13.868481 72.689034 -41.976440
v 13.868420 73.096054 -41.569420
v 13.868420 73.357376 -41.056549
v 13.868420 73.447426 -40.488014
v 13.868420 73.357376 -39.919479
v 13.868420 73.096054 -39.406601
v 13.868420 72.689034 -38.999588
v 13.868420 72.176155 -38.738258
v 13.868420 71.607620 -38.648209
v 13.868420 71.039093 -38.738258
v 13.868420 70.526215 -38.999588
v 13.868420 70.119194 -39.406601
v 13.868481 69.857872 -39.919487
v 13.868481 69.767822 -40.488014
v 14.052196 69.922768 -41.035461
v 14.052196 70.174400 -41.529312
v 14.052196 70.566322 -41.921249
v 14.052196 71.060181 -42.172874
v 14.052196 71.607620 -42.259575
v 14.052196 72.155067 -42.172867
v 14.052196 72.648926 -41.921242
v 14.052196 73.040848 -41.529320
v 14.052196 73.292480 -41.035461
v 14.052196 73.379189 -40.488014
v 14.052196 73.292480 -39.940567
v 14.052196 73.040848 -39.446716
v 14.052135 72.648926 -39.054787
v 14.052196 72.155067 -38.803162
v 14.052196 71.607620 -38.716446
v 14.052196 71.060181 -38.803162
v 14.052196 70.566322 -39.054787
v 14.052196 70.174400 -39.446716
v 14.052196 69.922768 -39.940575
v 14.052196 69.836060 -40.488014
v 14.226757 70.029144 -41.000893
v 14.226818 70.264893 -41.463577
v 14.226757 70.632072 -41.830742
v 14.226818 71.094742 -42.066483
v 14.226818 71.607620 -42.147720
v 14.226818 72.120499 -42.066483
v 14.226818 72.583176 -41.830742
v 14.226757 72.950356 -41.463570
v 14.226818 73.186096 -41.000893
v 14.226818 73.267334 -40.488014
v 14.226818 73.186096 -39.975136
v 14.226818 72.950356 -39.512466
v 14.226757 72.583176 -39.145287
v 14.226757 72.120499 -38.909538
v 14.226818 71.607620 -38.828300
v 14.226818 71.094742 -38.909538
v 14.226818 70.632072 -39.145287
v 14.226757 70.264893 -39.512466
v 14.226818 70.029144 -39.975136
v 14.226818 69.947914 -40.488014
v 14.387951 70.174393 -40.953697
v 14.387951 70.388451 -41.373795
v 14.387951 70.721840 -41.707184
v 14.387890 71.141937 -41.921249
v 14.387951 71.607620 -41.994995
v 14.387951 72.073303 -41.921249
v 14.387890 72.493408 -41.707184
v 14.387890 72.826797 -41.373795
v 14.387890 73.040848 -40.953690
v 14.387890 73.114609 -40.488014
v 14.387890 73.040848 -40.022324
v 14.387890 72.826797 -39.602234
v 14.387890 72.493408 -39.268837
v 14.387951 72.073303 -39.054787
v 14.387951 71.607620 -38.981033
v 14.387951 71.141937 -39.054787
v 14.387890 70.721840 -39.268837
v 14.387951 70.388451 -39.602234
v 14.387890 70.174400 -40.022331
v 14.387951 70.100639 -40.488014
v 14.531628 70.354935 -40.895035
v 14.531628 70.542023 -41.262222
v 14.531628 70.833420 -41.553612
v 14.531628 71.200600 -41.740692
v 14.531628 71.607620 -41.805161
v 14.531628 72.014648 -41.740692
v 14.531628 72.381828 -41.553619
v 14.531628 72.673218 -41.262215
v 14.531628 72.860306 -40.895035
v 14.531628 72.924774 -40.488014
v 14.531628 72.860306 -40.080994
v 14.531628 72.673218 -39.713806
v 14.531628 72.381828 -39.422417
v 14.531628 72.014648 -39.235329
v 14.531628 71.607620 -39.170860
v 14.531628 71.200600 -39.235329
v 14.531628 70.833420 -39.422409
v 14.531628 70.542023 -39.713806
v 14.531628 70.354935 -40.080994
v 14.531628 70.290474 -40.488014
v 14.654369 70.566322 -40.826355
v 14.654369 70.721840 -41.131577
v 14.654369 70.964066 -41.373795
v 14.654369 71.269287 -41.529320
v 14.654369 71.607620 -41.582901
v 14.654369 71.945961 -41.529312
v 14.654308 72.251183 -41.373795
v 14.654308 72.493408 -41.131569
v 14.654308 72.648926 -40.826355
v 14.654308 72.702515 -40.488014
v 14.654308 72.648926 -40.149673
v 14.654308 72.493408 -39.844452
v 14.654369 72.251183 -39.602234
v 14.654369 71.945961 -39.446716
v 14.654369 71.607620 -39.393127
v 14.654369 71.269287 -39.446716
v 14.654369 70.964066 -39.602234
v 14.654308 70.721840 -39.844452
v 14.654308 70.566322 -40.149673
v 14.654369 70.512733 -40.488014
v 14.753063 70.803345 -40.749336
v 14.753124 70.923470 -40.985077
v 14.753124 71.110558 -41.172165
v 14.753124 71.346298 -41.292282
v 14.753124 71.607620 -41.333672
v 14.753063 71.868950 -41.292282
v 14.753124 72.104691 -41.172173
v 14.753063 72.291779 -40.985085
v 14.753124 72.411896 -40.749344
v 14.753124 72.453285 -40.488014
v 14.753124 72.411896 -40.226685
v 14.753063 72.291779 -39.990944
v 14.753124 72.104691 -39.803864
v 14.753124 71.868950 -39.683739
v 14.753124 71.607620 -39.642349
v 14.753063 71.346298 -39.683739
v 14.753063 71.110558 -39.803864
v 14.753063 70.923470 -39.990952
v 14.753124 70.803352 -40.226692
v 14.753124 70.761963 -40.488014
v 14.825390 71.060181 -40.665886
v 14.825390 71.141937 -40.826355
v 14.825451 71.269287 -40.953697
v 14.825390 71.429749 -41.035461
v 14.825451 71.607620 -41.063629
v 14.825451 71.785500 -41.035454
v 14.825390 71.945961 -40.953697
v 14.825451 72.073303 -40.826347
v 14.825390 72.155067 -40.665894
v 14.825390 72.183243 -40.488014
v 14.825390 72.155067 -40.310135
v 14.825451 72.073303 -40.149673
v 14.825390 71.945961 -40.022324
v 14.825451 71.785500 -39.940567
v 14.825451 71.607620 -39.912399
v 14.825390 71.429749 -39.940567
v 14.825451 71.269287 -40.022331
v 14.825451 71.141937 -40.149673
v 14.825451 71.060181 -40.310143
v 14.825390 71.032005 -40.488014
v 14.869518 71.330490 -40.578064
v 14.869518 71.371880 -40.659286
v 14.869579 71.436348 -40.723755
v 14.869579 71.517578 -40.765144
v 14.869518 71.607620 -40.779411
v 14.869518 71.697670 -40.765152
v 14.869518 71.778900 -40.723755
v 14.869518 71.843369 -40.659294
v 14.869518 71.884758 -40.578064
v 14.869579 71.899017 -40.488014
v 14.869518 71.884758 -40.397964
v 14.869518 71.843369 -40.316734
v 14.869518 71.778900 -40.252266
v 14.869518 71.697670 -40.210876
v 14.869518 71.607620 -40.196625
v 14.869579 71.517578 -40.210876
v 14.869579 71.436348 -40.252266
v 14.869518 71.371880 -40.316742
v 14.869518 71.330490 -40.397964
v 14.869518 71.316223 -40.488014
v 13.219128 71.607620 -40.488014
v 14.884350 71.607620 -40.488014
v 12.099193 71.330490 -40.578064
v 12.099193 71.371864 -40.659294
v 12.099254 71.141922 -40.826355
v 12.099254 71.060165 -40.665894
v 12.099254 71.436348 -40.723763
v 12.099193 71.269272 -40.953697
v 12.099254 71.517586 -40.765144
v 12.099254 71.429733 -41.035454
v 12.099254 71.607613 -40.779411
v 12.099254 71.607620 -41.063637
v 12.099193 71.697670 -40.765152
v 12.099193 71.785477 -41.035461
v 12.099193 71.778908 -40.723755
v 12.099254 71.945969 -40.953705
v 12.099254 71.843361 -40.659286
v 12.099193 72.073288 -40.826355
v 12.099254 71.884750 -40.578064
v 12.099254 72.155075 -40.665894
v 12.099193 71.899002 -40.488022
v 12.099254 72.183243 -40.488014
v 12.099254 71.884750 -40.397964
v 12.099254 72.155090 -40.310143
v 12.099254 71.843369 -40.316734
v 12.099193 72.073303 -40.149673
v 12.099193 71.778885 -40.252266
v 12.099254 71.945984 -40.022331
v 12.099193 71.697647 -40.210876
v 12.099193 71.785492 -39.940567
v 12.099254 71.607620 -40.196617
v 12.099254 71.607635 -39.912392
v 12.099254 71.517563 -40.210876
v 12.099254 71.429749 -39.940567
v 12.099254 71.436325 -40.252274
v 12.099193 71.269287 -40.022331
v 12.099193 71.371872 -40.316734
v 12.099254 71.141937 -40.149673
v 12.099193 71.330490 -40.397972
v 12.099193 71.060181 -40.310135
v 12.099193 71.316208 -40.488014
v 12.099193 71.031998 -40.488014
v 12.099254 70.923462 -40.985085
v 12.099193 70.803345 -40.749344
v 12.099193 71.110558 -41.172165
v 12.099254 71.346306 -41.292282
v 12.099254 71.607628 -41.333672
v 12.099193 71.868950 -41.292297
v 12.099254 72.104706 -41.172180
v 12.099254 72.291779 -40.985085
v 12.099254 72.411896 -40.749336
v 12.099254 72.453308 -40.488014
v 12.099254 72.411896 -40.226685
v 12.099254 72.291779 -39.990944
v 12.099254 72.104706 -39.803856
v 12.099193 71.868958 -39.683746
v 12.099254 71.607635 -39.642349
v 12.099254 71.346313 -39.683746
v 12.099254 71.110565 -39.803856
v 12.099193 70.923462 -39.990944
v 12.099254 70.803345 -40.226685
v 12.099254 70.761963 -40.488014
v 12.099193 70.721840 -41.131569
v 12.099193 70.566299 -40.826355
v 12.099193 70.964058 -41.373795
v 12.099193 71.269295 -41.529312
v 12.099254 71.607613 -41.582909
v 12.099254 71.945961 -41.529320
v 12.099254 72.251198 -41.373795
v 12.099193 72.493416 -41.131577
v 12.099193 72.648911 -40.826355
v 12.099193 72.702499 -40.488022
v 12.099193 72.648918 -40.149673
v 12.099193 72.493401 -39.844452
v 12.099254 72.251183 -39.602234
v 12.099254 71.945976 -39.446716
v 12.099254 71.607628 -39.393127
v 12.099193 71.269279 -39.446716
v 12.099254 70.964073 -39.602234
v 12.099254 70.721855 -39.844452
v 12.099254 70.566330 -40.149673
v 12.099254 70.512741 -40.488022
v 12.099193 70.542030 -41.262215
v 12.099254 70.354935 -40.895035
v 12.099193 70.833412 -41.553612
v 12.099193 71.200600 -41.740707
v 12.099254 71.607613 -41.805161
v 12.099254 72.014656 -41.740707
v 12.099254 72.381813 -41.553612
v 12.099254 72.673203 -41.262207
v 12.099254 72.860306 -40.895035
v 12.099193 72.924774 -40.488022
v 12.099254 72.860321 -40.080986
v 12.099193 72.673218 -39.713806
v 12.099254 72.381813 -39.422417
v 12.099254 72.014656 -39.235329
v 12.099254 71.607613 -39.170860
v 12.099254 71.200600 -39.235329
v 12.099193 70.833412 -39.422409
v 12.099254 70.542023 -39.713806
v 12.099193 70.354950 -40.080994
v 12.099193 70.290451 -40.488022
v 12.099193 71.607613 -40.488014
v 11.061474 63.187683 -60.589195
v 11.061474 79.426071 -60.589195
v 11.061474 79.426071 -22.147362
v 11.061474 63.187683 -22.147362
v 12.970470 79.426071 -60.589195
v 12.970470 63.187683 -60.589195
v 12.970470 79.426071 -22.147362
v 12.970470 63.187683 -22.147362
v 12.970470 79.157623 -59.953682
v 12.970470 63.456108 -59.953682
v 12.970470 79.157623 -22.782875
v 12.970470 63.456108 -22.782875
v 12.085338 78.058823 -58.701843
v 12.085338 64.554924 -58.701843
v 12.085338 78.058823 -24.034721
v 12.085338 64.554924 -24.034721
v 11.061474 79.426071 -58.736382
v 11.061474 63.187683 -58.736382
v 12.970470 63.187683 -58.736382
v 12.970470 63.456108 -58.162155
v 12.085338 64.554924 -57.030983
v 12.085338 78.058823 -57.030983
v 12.970470 79.157623 -58.162155
v 12.970470 79.426071 -58.736382
v 11.061474 79.426071 -24.000175
v 11.061474 63.187683 -24.000175
v 12.970470 63.187683 -24.000175
v 12.970470 63.456108 -24.574425
v 12.085338 64.554924 -25.705589
v 12.085338 78.058823 -25.705589
v 12.970470 79.157623 -24.574425
v 12.970470 79.426071 -24.000175
v 11.061474 64.576027 -24.000175
v 11.061474 64.576027 -22.147362
v 12.970470 64.576027 -22.147362
v 12.970470 64.798569 -22.782875
v 12.085338 65.709480 -24.034721
v 12.085338 65.709480 -25.705589
v 12.085338 65.709480 -57.030983
v 12.085338 65.709480 -58.701843
v 12.970470 64.798569 -59.953682
v 12.970470 64.576027 -60.589195
v 11.061474 64.576027 -60.589195
v 11.061474 64.576027 -58.736382
v 11.061474 78.037704 -24.000175
v 11.061474 78.037704 -22.147362
v 12.970470 78.037704 -22.147362
v 12.970470 77.815178 -22.782875
v 12.085338 76.904236 -24.034721
v 12.085338 76.904236 -25.705589
v 12.085338 76.904236 -57.030983
v 12.085338 76.904236 -58.701843
v 12.970470 77.815178 -59.953682
v 12.970470 78.037704 -60.589195
v 11.061474 78.037704 -60.589195
v 11.061474 78.037704 -58.736382
v -9.706226 64.576027 -58.736382
v -9.706226 64.576027 -24.000175
v -9.706226 78.037704 -24.000175
v -9.706226 78.037704 -58.736382
v 10.149608 78.037704 -57.211174
v 10.149608 78.037704 -25.525375
v -8.794422 78.037704 -57.211174
v -8.794422 78.037704 -25.525375
v 10.149608 66.414917 -57.211174
v 10.149608 66.414917 -25.525375
v -8.794422 66.414917 -57.211174
v -8.794422 66.414917 -25.525375
vt 0.000000 0.050000
vt 0.050000 0.050000
vt 0.100000 0.050000
vt 0.150000 0.050000
vt 0.200000 0.050000
vt 0.250000 0.050000
vt 0.300000 0.050000
vt 0.350000 0.050000
vt 0.400000 0.050000
vt 0.450000 0.050000
vt 0.500000 0.050000
vt 0.550000 0.050000
vt 0.600000 0.050000
vt 0.650000 0.050000
vt 0.700000 0.050000
vt 0.750000 0.050000
vt 0.800000 0.050000
vt 0.850000 0.050000
vt 0.900000 0.050000
vt 0.950000 0.050000
vt 1.000000 0.050000
vt 0.000000 0.100000
vt 0.050000 0.100000
vt 0.100000 0.100000
vt 0.150000 0.100000
vt 0.200000 0.100000
vt 0.250000 0.100000
vt 0.300000 0.100000
vt 0.350000 0.100000
vt 0.400000 0.100000
vt 0.450000 0.100000
vt 0.500000 0.100000
vt 0.550000 0.100000
vt 0.600000 0.100000
vt 0.650000 0.100000
vt 0.700000 0.100000
vt 0.750000 0.100000
vt 0.800000 0.100000
vt 0.850000 0.100000
vt 0.900000 0.100000
vt 0.950000 0.100000
vt 1.000000 0.100000
vt 0.000000 0.150000
vt 0.050000 0.150000
vt 0.100000 0.150000
vt 0.150000 0.150000
vt 0.200000 0.150000
vt 0.250000 0.150000
vt 0.300000 0.150000
vt 0.350000 0.150000
vt 0.400000 0.150000
vt 0.450000 0.150000
vt 0.500000 0.150000
vt 0.550000 0.150000
vt 0.600000 0.150000
vt 0.650000 0.150000
vt 0.700000 0.150000
vt 0.750000 0.150000
vt 0.800000 0.150000
vt 0.850000 0.150000
vt 0.900000 0.150000
vt 0.950000 0.150000
vt 1.000000 0.150000
vt 0.000000 0.200000
vt 0.050000 0.200000
vt 0.100000 0.200000
vt 0.150000 0.200000
vt 0.200000 0.200000
vt 0.250000 0.200000
vt 0.300000 0.200000
vt 0.350000 0.200000
vt 0.400000 0.200000
vt 0.450000 0.200000
vt 0.500000 0.200000
vt 0.550000 0.200000
vt 0.600000 0.200000
vt 0.650000 0.200000
vt 0.700000 0.200000
vt 0.750000 0.200000
vt 0.800000 0.200000
vt 0.850000 0.200000
vt 0.900000 0.200000
vt 0.950000 0.200000
vt 1.000000 0.200000
vt 0.000000 0.250000
vt 0.050000 0.250000
vt 0.100000 0.250000
vt 0.150000 0.250000
vt 0.200000 0.250000
vt 0.250000 0.250000
vt 0.300000 0.250000
vt 0.350000 0.250000
vt 0.400000 0.250000
vt 0.450000 0.250000
vt 0.500000 0.250000
vt 0.550000 0.250000
vt 0.600000 0.250000
vt 0.650000 0.250000
vt 0.700000 0.250000
vt 0.750000 0.250000
vt 0.800000 0.250000
vt 0.850000 0.250000
vt 0.900000 0.250000
vt 0.950000 0.250000
vt 1.000000 0.250000
vt 0.000000 0.300000
vt 0.050000 0.300000
vt 0.100000 0.300000
vt 0.150000 0.300000
vt 0.200000 0.300000
vt 0.250000 0.300000
vt 0.300000 0.300000
vt 0.350000 0.300000
vt 0.400000 0.300000
vt 0.450000 0.300000
vt 0.500000 0.300000
vt 0.550000 0.300000
vt 0.600000 0.300000
vt 0.650000 0.300000
vt 0.700000 0.300000
vt 0.750000 0.300000
vt 0.800000 0.300000
vt 0.850000 0.300000
vt 0.900000 0.300000
vt 0.950000 0.300000
vt 1.000000 0.300000
vt 0.000000 0.350000
vt 0.050000 0.350000
vt 0.100000 0.350000
vt 0.150000 0.350000
vt 0.200000 0.350000
vt 0.250000 0.350000
vt 0.300000 0.350000
vt 0.350000 0.350000
vt 0.400000 0.350000
vt 0.450000 0.350000
vt 0.500000 0.350000
vt 0.550000 0.350000
vt 0.600000 0.350000
vt 0.650000 0.350000
vt 0.700000 0.350000
vt 0.750000 0.350000
vt 0.800000 0.350000
vt 0.850000 0.350000
vt 0.900000 0.350000
vt 0.950000 0.350000
vt 1.000000 0.350000
vt 0.000000 0.400000
vt 0.050000 0.400000
vt 0.100000 0.400000
vt 0.150000 0.400000
vt 0.200000 0.400000
vt 0.250000 0.400000
vt 0.300000 0.400000
vt 0.350000 0.400000
vt 0.400000 0.400000
vt 0.450000 0.400000
vt 0.500000 0.400000
vt 0.550000 0.400000
vt 0.600000 0.400000
vt 0.650000 0.400000
vt 0.700000 0.400000
vt 0.750000 0.400000
vt 0.800000 0.400000
vt 0.850000 0.400000
vt 0.900000 0.400000
vt 0.950000 0.400000
vt 1.000000 0.400000
vt 0.000000 0.450000
vt 0.050000 0.450000
vt 0.100000 0.450000
vt 0.150000 0.450000
vt 0.200000 0.450000
vt 0.250000 0.450000
vt 0.300000 0.450000
vt 0.350000 0.450000
vt 0.400000 0.450000
vt 0.450000 0.450000
vt 0.500000 0.450000
vt 0.550000 0.450000
vt 0.600000 0.450000
vt 0.650000 0.450000
vt 0.700000 0.450000
vt 0.750000 0.450000
vt 0.800000 0.450000
vt 0.850000 0.450000
vt 0.900000 0.450000
vt 0.950000 0.450000
vt 1.000000 0.450000
vt 0.000000 0.500000
vt 0.050000 0.500000
vt 0.100000 0.500000
vt 0.150000 0.500000
vt 0.200000 0.500000
vt 0.250000 0.500000
vt 0.300000 0.500000
vt 0.350000 0.500000
vt 0.400000 0.500000
vt 0.450000 0.500000
vt 0.500000 0.500000
vt 0.550000 0.500000
vt 0.600000 0.500000
vt 0.650000 0.500000
vt 0.700000 0.500000
vt 0.750000 0.500000
vt 0.800000 0.500000
vt 0.850000 0.500000
vt 0.900000 0.500000
vt 0.950000 0.500000
vt 1.000000 0.500000
vt 0.000000 0.550000
vt 0.050000 0.550000
vt 0.100000 0.550000
vt 0.150000 0.550000
vt 0.200000 0.550000
vt 0.250000 0.550000
vt 0.300000 0.550000
vt 0.350000 0.550000
vt 0.400000 0.550000
vt 0.450000 0.550000
vt 0.500000 0.550000
vt 0.550000 0.550000
vt 0.600000 0.550000
vt 0.650000 0.550000
vt 0.700000 0.550000
vt 0.750000 0.550000
vt 0.800000 0.550000
vt 0.850000 0.550000
vt 0.900000 0.550000
vt 0.950000 0.550000
vt 1.000000 0.550000
vt 0.000000 0.600000
vt 0.050000 0.600000
vt 0.100000 0.600000
vt 0.150000 0.600000
vt 0.200000 0.600000
vt 0.250000 0.600000
vt 0.300000 0.600000
vt 0.350000 0.600000
vt 0.400000 0.600000
vt 0.450000 0.600000
vt 0.500000 0.600000
vt 0.550000 0.600000
vt 0.600000 0.600000
vt 0.650000 0.600000
vt 0.700000 0.600000
vt 0.750000 0.600000
vt 0.800000 0.600000
vt 0.850000 0.600000
vt 0.900000 0.600000
vt 0.950000 0.600000
vt 1.000000 0.600000
vt 0.000000 0.650000
vt 0.050000 0.650000
vt 0.100000 0.650000
vt 0.150000 0.650000
vt 0.200000 0.650000
vt 0.250000 0.650000
vt 0.300000 0.650000
vt 0.350000 0.650000
vt 0.400000 0.650000
vt 0.450000 0.650000
vt 0.500000 0.650000
vt 0.550000 0.650000
vt 0.600000 0.650000
vt 0.650000 0.650000
vt 0.700000 0.650000
vt 0.750000 0.650000
vt 0.800000 0.650000
vt 0.850000 0.650000
vt 0.900000 0.650000
vt 0.950000 0.650000
vt 1.000000 0.650000
vt 0.000000 0.700000
vt 0.050000 0.700000
vt 0.100000 0.700000
vt 0.150000 0.700000
vt 0.200000 0.700000
vt 0.250000 0.700000
vt 0.300000 0.700000
vt 0.350000 0.700000
vt 0.400000 0.700000
vt 0.450000 0.700000
vt 0.500000 0.700000
vt 0.550000 0.700000
vt 0.600000 0.700000
vt 0.650000 0.700000
vt 0.700000 0.700000
vt 0.750000 0.700000
vt 0.800000 0.700000
vt 0.850000 0.700000
vt 0.900000 0.700000
vt 0.950000 0.700000
vt 1.000000 0.700000
vt 0.000000 0.750000
vt 0.050000 0.750000
vt 0.100000 0.750000
vt 0.150000 0.750000
vt 0.200000 0.750000
vt 0.250000 0.750000
vt 0.300000 0.750000
vt 0.350000 0.750000
vt 0.400000 0.750000
vt 0.450000 0.750000
vt 0.500000 0.750000
vt 0.550000 0.750000
vt 0.600000 0.750000
vt 0.650000 0.750000
vt 0.700000 0.750000
vt 0.750000 0.750000
vt 0.800000 0.750000
vt 0.850000 0.750000
vt 0.900000 0.750000
vt 0.950000 0.750000
vt 1.000000 0.750000
vt 0.000000 0.800000
vt 0.050000 0.800000
vt 0.100000 0.800000
vt 0.150000 0.800000
vt 0.200000 0.800000
vt 0.250000 0.800000
vt 0.300000 0.800000
vt 0.350000 0.800000
vt 0.400000 0.800000
vt 0.450000 0.800000
vt 0.500000 0.800000
vt 0.550000 0.800000
vt 0.600000 0.800000
vt 0.650000 0.800000
vt 0.700000 0.800000
vt 0.750000 0.800000
vt 0.800000 0.800000
vt 0.850000 0.800000
vt 0.900000 0.800000
vt 0.950000 0.800000
vt 1.000000 0.800000
vt 0.000000 0.850000
vt 0.050000 0.850000
vt 0.100000 0.850000
vt 0.150000 0.850000
vt 0.200000 0.850000
vt 0.250000 0.850000
vt 0.300000 0.850000
vt 0.350000 0.850000
vt 0.400000 0.850000
vt 0.450000 0.850000
vt 0.500000 0.850000
vt 0.550000 0.850000
vt 0.600000 0.850000
vt 0.650000 0.850000
vt 0.700000 0.850000
vt 0.750000 0.850000
vt 0.800000 0.850000
vt 0.850000 0.850000
vt 0.900000 0.850000
vt 0.950000 0.850000
vt 1.000000 0.850000
vt 0.000000 0.900000
vt 0.050000 0.900000
vt 0.100000 0.900000
vt 0.150000 0.900000
vt 0.200000 0.900000
vt 0.250000 0.900000
vt 0.300000 0.900000
vt 0.350000 0.900000
vt 0.400000 0.900000
vt 0.450000 0.900000
vt 0.500000 0.900000
vt 0.550000 0.900000
vt 0.600000 0.900000
vt 0.650000 0.900000
vt 0.700000 0.900000
vt 0.750000 0.900000
vt 0.800000 0.900000
vt 0.850000 0.900000
vt 0.900000 0.900000
vt 0.950000 0.900000
vt 1.000000 0.900000
vt 0.000000 0.950000
vt 0.050000 0.950000
vt 0.100000 0.950000
vt 0.150000 0.950000
vt 0.200000 0.950000
vt 0.250000 0.950000
vt 0.300000 0.950000
vt 0.350000 0.950000
vt 0.400000 0.950000
vt 0.450000 0.950000
vt 0.500000 0.950000
vt 0.550000 0.950000
vt 0.600000 0.950000
vt 0.650000 0.950000
vt 0.700000 0.950000
vt 0.750000 0.950000
vt 0.800000 0.950000
vt 0.850000 0.950000
vt 0.900000 0.950000
vt 0.950000 0.950000
vt 1.000000 0.950000
vt 0.025000 0.000000
vt 0.075000 0.000000
vt 0.125000 0.000000
vt 0.175000 0.000000
vt 0.225000 0.000000
vt 0.275000 0.000000
vt 0.325000 0.000000
vt 0.375000 0.000000
vt 0.425000 0.000000
vt 0.475000 0.000000
vt 0.525000 0.000000
vt 0.575000 0.000000
vt 0.625000 0.000000
vt 0.675000 0.000000
vt 0.725000 0.000000
vt 0.775000 0.000000
vt 0.825000 0.000000
vt 0.875000 0.000000
vt 0.925000 0.000000
vt 0.975000 0.000000
vt 0.025000 1.000000
vt 0.075000 1.000000
vt 0.125000 1.000000
vt 0.175000 1.000000
vt 0.225000 1.000000
vt 0.275000 1.000000
vt 0.325000 1.000000
vt 0.375000 1.000000
vt 0.425000 1.000000
vt 0.475000 1.000000
vt 0.525000 1.000000
vt 0.575000 1.000000
vt 0.625000 1.000000
vt 0.675000 1.000000
vt 0.725000 1.000000
vt 0.775000 1.000000
vt 0.825000 1.000000
vt 0.875000 1.000000
vt 0.925000 1.000000
vt 0.975000 1.000000
vt 0.950000 0.050000
vt 1.000000 0.050000
vt 0.050000 0.250000
vt 0.000000 0.250000
vt 0.100000 0.250000
vt 0.150000 0.250000
vt 0.200000 0.250000
vt 0.250000 0.250000
vt 0.300000 0.250000
vt 0.350000 0.250000
vt 0.400000 0.250000
vt 0.450000 0.250000
vt 0.500000 0.250000
vt 0.550000 0.250000
vt 0.600000 0.250000
vt 0.650000 0.250000
vt 0.700000 0.250000
vt 0.750000 0.250000
vt 0.800000 0.250000
vt 0.850000 0.250000
vt 0.900000 0.250000
vt 0.950000 0.250000
vt 1.000000 0.250000
vt 0.000000 0.050000
vt 0.025000 0.000000
vt 0.925000 0.000000
vt 0.541667 0.867284
vt 0.541667 0.867284
vt 0.541667 0.870370
vt 0.541667 0.870370
vt 0.541667 0.867284
vt 0.541667 0.870370
vt 0.541667 0.870370
vt 0.541667 0.867284
vt 0.541667 0.861111
vt 0.541667 0.861111
vt 0.541667 0.861111
vt 0.541667 0.861111
vt 0.541667 0.867284
vt 0.541667 0.867284
vt 0.541667 0.870370
vt 0.541667 0.870370
vt 0.541667 0.870370
vt 0.541667 0.870370
vt 0.541667 0.870370
vt 0.541667 0.867284
vt 0.541667 0.867284
vt 0.541667 0.870370
vt 0.541667 0.861111
vt 0.541667 0.861111
vt 0.541667 0.870370
vt 0.541667 0.867284
vt 0.541667 0.870370
vt 0.541667 0.867284
vt 0.541667 0.870370
vt 0.541667 0.861111
vt 0.541667 0.861111
vt 0.541667 0.867284
vt 0.541667 0.870370
vt 0.541667 0.861111
vt 0.541667 0.864198
vt 0.541667 0.864198
vt 0.541667 0.861111
vt 0.541667 0.864198
vt 0.541667 0.864198
vt 0.541667 0.861111
vt 0.541667 0.861111
vt 0.541667 0.864198
vt 0.541667 0.861111
vt 0.541667 0.864198
vt 0.541667 0.861111
vt 0.541667 0.864198
vt 0.541667 0.864198
vt 0.541667 0.864198
vt 0.541667 0.864198
vt 0.541667 0.864198
vt 0.541667 0.867284
vt 0.541667 0.870370
vt 0.541667 0.870370
vt 0.541667 0.867284
vt 0.541667 0.870370
vt 0.541667 0.870370
vt 0.541667 0.870370
vt 0.541667 0.870370
vt 0.541667 0.867284
vt 0.541667 0.864198
vt 0.541667 0.861111
vt 0.541667 0.861111
vt 0.541667 0.861111
vt 0.541667 0.861111
vt 0.541667 0.861111
vt 0.541667 0.864198
vt 0.541667 0.864198
vt 0.541667 0.861111
vt 0.541667 0.864198
vt 0.541667 0.867284
vt 0.541667 0.867284
vt 0.541667 0.864198
vt 0.541667 0.867284
vt 0.541667 0.864198
vt 0.541667 0.864198
vt 0.541667 0.867284
vt 0.541667 0.864198
vt 0.541667 0.867284
vt 0.541667 0.864198
vt 0.541667 0.867284
vn -1.000000 -0.000176 -0.000148
vn -1.000000 0.000000 -0.000099
vn -1.000000 0.000169 0.000024
vn -1.000000 0.000100 -0.000081
vn -1.000000 0.000185 -0.000083
vn -1.000000 0.000222 0.000022
vn -1.000000 0.000185 -0.000046
vn -1.000000 0.000222 -0.000042
vn -1.000000 0.000000 -0.000074
vn -1.000000 -0.000169 -0.000026
vn -1.000000 -0.000156 -0.000048
vn -1.000000 -0.000153 0.000016
vn -1.000000 -0.000156 0.000046
vn -1.000000 0.000100 -0.000017
vn -1.000000 -0.000156 0.000131
vn -1.000000 0.000142 0.000008
vn -1.000000 0.000176 -0.000081
vn -1.000000 0.000196 0.000025
vn -1.000000 0.000200 -0.000000
vn -1.000000 0.000164 0.000000
vn -1.000000 0.000152 0.000081
vn -1.000000 0.000222 -0.000025
vn -1.000000 -0.000028 -0.000131
vn -1.000000 0.000100 -0.000008
vn -1.000000 -0.000156 -0.000046
vn -1.000000 -0.000027 0.000017
vn -1.000000 -0.000156 0.000048
vn -1.000000 -0.000238 -0.000016
vn -1.000000 -0.000156 0.000074
vn -1.000000 -0.000153 0.000026
vn -1.000000 0.000156 0.000046
vn -1.000000 0.000238 0.000055
vn -1.000000 0.000313 0.000083
vn -1.000000 0.000138 0.000055
vn -1.000000 0.000156 0.000158
vn -1.000000 -0.000058 0.000043
vn -1.000000 0.000000 0.000097
vn -1.000000 -0.000127 0.000055
vn -1.000000 0.000000 -0.000105
vn -1.000000 -0.000084 -0.000029
vn -1.000000 0.000070 0.000062
vn -1.000000 0.000061 0.000036
vn -1.000000 0.000051 0.000081
vn -1.000000 0.000174 0.000027
vn -1.000000 0.000023 -0.000018
vn -1.000000 0.000011 -0.000045
vn -1.000000 0.000039 -0.000025
vn -1.000000 -0.000090 0.000018
vn -1.000000 -0.000110 0.000060
vn -1.000000 -0.000176 0.000000
vn -1.000000 -0.000100 -0.000060
vn -1.000000 0.000008 -0.000018
vn -1.000000 0.000087 0.000025
vn -1.000000 -0.000101 0.000045
vn -1.000000 -0.000051 0.000018
vn -1.000000 0.000225 -0.000047
vn -1.000000 0.000062 0.000033
vn -1.000000 -0.000200 0.000038
vn -1.000000 -0.000215 -0.000003
vn -1.000000 -0.000076 0.000067
vn -1.000000 -0.000128 0.000029
vn -1.000000 -0.000108 0.000038
vn -1.000000 -0.000026 0.000047
vn -1.000000 0.000140 0.000029
vn -1.000000 0.000140 -0.000014
vn -1.000000 0.000096 -0.000043
vn -1.000000 0.000010 -0.000055
vn -1.000000 -0.000046 -0.000054
vn -1.000000 0.000002 -0.000033
vn -1.000000 -0.000132 -0.000000
vn -1.000000 -0.000079 -0.000005
vn -1.000000 0.000041 0.000003
vn -1.000000 0.000017 0.000043
vn -1.000000 -0.000106 0.000043
vn -1.000000 -0.000053 0.000050
vn -1.000000 0.000140 -0.000013
vn -1.000000 0.000096 -0.000044
vn -1.000000 -0.000034 -0.000016
vn -1.000000 0.000035 -0.000017
vn -1.000000 0.000062 0.000030
vn -1.000000 -0.000184 0.000004
vn -1.000000 -0.000138 0.000004
vn -1.000000 -0.000046 0.000000
vn -1.000000 0.000092 -0.000013
vn -1.000000 0.000092 -0.000013
vn -1.000000 0.000092 0.000000
vn -1.000000 0.000092 -0.000078
vn -1.000000 0.000184 -0.000141
vn -1.000000 0.000230 -0.000114
vn -1.000000 0.000046 -0.000000
vn -1.000000 0.000138 0.000046
vn -1.000000 0.000184 0.000053
vn -1.000000 -0.000046 0.000057
vn -1.000000 -0.000184 0.000000
vn -1.000000 -0.000092 0.000075
vn -1.000000 0.000092 0.000075
vn -1.000000 0.000092 -0.000078
vn -1.000000 0.000092 -0.000073
vn -1.000000 0.000230 -0.000017
vn -1.000000 0.000138 -0.000022
vn -0.982531 -0.176991 -0.057501
vn -0.982557 -0.150324 -0.109476
vn -0.995964 -0.072609 -0.052771
vn -0.995960 -0.085414 -0.027715
vn -0.982550 -0.109276 -0.150511
vn -0.995967 -0.052737 -0.072589
vn -0.982562 -0.057509 -0.176817
vn -0.995967 -0.027728 -0.085332
vn -0.982553 0.000000 -0.185981
vn -0.995964 0.000000 -0.089758
vn -0.982560 0.057375 -0.176875
vn -0.995965 0.027715 -0.085360
vn -0.982574 0.109187 -0.150421
vn -0.995963 0.052800 -0.072590
vn -0.982566 0.150366 -0.109341
vn -0.995953 0.072748 -0.052774
vn -0.982579 0.176725 -0.057502
vn -0.995949 0.085522 -0.027774
vn -0.982588 0.185799 0.000001
vn -0.995957 0.089834 -0.000000
vn -0.982544 0.176921 0.057497
vn -0.995957 0.085422 0.027814
vn -0.982563 0.150384 0.109339
vn -0.995964 0.072550 0.052841
vn -0.982599 0.108963 0.150422
vn -0.995971 0.052611 0.072617
vn -0.982569 0.057196 0.176882
vn -0.995967 0.027628 0.085361
vn -0.982536 -0.000000 0.186074
vn -0.995960 -0.000000 0.089796
vn -0.982538 -0.057465 0.176964
vn -0.995957 -0.027733 0.085440
vn -0.982527 -0.109456 0.150534
vn -0.995950 -0.052850 0.072735
vn -0.982568 -0.150370 0.109312
vn -0.995971 -0.072485 0.052800
vn -0.982597 -0.176665 0.057390
vn -0.995985 -0.085133 0.027671
vn -0.982542 -0.186042 0.000023
vn -0.995969 -0.089700 0.000011
vn -0.906692 -0.341261 -0.247891
vn -0.906723 -0.401084 -0.130324
vn -0.906678 -0.247928 -0.341271
vn -0.906668 -0.130323 -0.401210
vn -0.906703 0.000000 -0.421770
vn -0.906730 0.130294 -0.401078
vn -0.906728 0.247866 -0.341186
vn -0.906677 0.341338 -0.247843
vn -0.906652 0.401264 -0.130267
vn -0.906725 0.421722 0.000003
vn -0.906784 0.400938 0.130349
vn -0.906775 0.340998 0.247950
vn -0.906730 0.247851 0.341190
vn -0.906726 0.130346 0.401071
vn -0.906706 -0.000028 0.421763
vn -0.906691 -0.130323 0.401157
vn -0.906716 -0.247825 0.341246
vn -0.906753 -0.341090 0.247906
vn -0.906747 -0.401029 0.130330
vn -0.906750 -0.421668 0.000003
vn -0.594575 -0.650544 -0.472518
vn -0.594542 -0.764719 -0.248444
vn -0.594654 -0.472616 -0.650400
vn -0.594679 -0.248455 -0.764609
vn -0.594623 0.000000 -0.804005
vn -0.594577 0.248455 -0.764688
vn -0.594608 0.472507 -0.650522
vn -0.594629 0.650415 -0.472627
vn -0.594624 0.764663 -0.248420
vn -0.594643 0.803990 -0.000002
vn -0.594679 0.764621 0.248420
vn -0.594641 0.650463 0.472547
vn -0.594591 0.472673 0.650416
vn -0.594572 0.248518 0.764672
vn -0.594596 -0.000034 0.804025
vn -0.594602 -0.248533 0.764644
vn -0.594642 -0.472609 0.650416
vn -0.594628 -0.650494 0.472520
vn -0.594551 -0.764724 0.248407
vn -0.594562 -0.804050 0.000007
vn -0.268389 -0.779341 -0.566211
vn -0.268352 -0.916186 -0.297641
vn -0.268401 -0.566185 -0.779356
vn -0.268380 -0.297656 -0.916173
vn -0.268367 -0.000002 -0.963317
vn -0.268396 0.297657 -0.916168
vn -0.268421 0.566162 -0.779366
vn -0.268420 0.779285 -0.566274
vn -0.268398 0.916156 -0.297693
vn -0.268373 0.963315 -0.000000
vn -0.268364 0.916181 0.297648
vn -0.268352 0.779387 0.566165
vn -0.268367 0.566260 0.779313
vn -0.268368 0.297658 0.916176
vn -0.268382 -0.000004 0.963313
vn -0.268411 -0.297692 0.916152
vn -0.268393 -0.566241 0.779318
vn -0.268386 -0.779327 0.566232
vn -0.268348 -0.916182 0.297657
vn -0.268337 -0.963325 0.000006
vn -0.000003 -0.809014 -0.587790
vn 0.000014 -0.951069 -0.308980
vn 0.000006 -0.587730 -0.809057
vn 0.000001 -0.309004 -0.951061
vn 0.000004 0.000031 -1.000000
vn -0.000007 0.309044 -0.951048
vn -0.000006 0.587778 -0.809022
vn -0.000008 0.809033 -0.587764
vn -0.000004 0.951057 -0.309016
vn -0.000011 1.000000 0.000008
vn 0.000000 0.951048 0.309043
vn -0.000012 0.809025 0.587774
vn -0.000000 0.587808 0.809001
vn -0.000011 0.309021 0.951055
vn 0.000008 0.000009 1.000000
vn -0.000003 -0.309024 0.951054
vn 0.000001 -0.587792 0.809012
vn 0.000010 -0.809009 0.587797
vn 0.000007 -0.951055 0.309023
vn 0.000011 -1.000000 0.000007
vn 0.233807 -0.786618 -0.571460
vn 0.233811 -0.924696 -0.300449
vn 0.233810 -0.571512 -0.786579
vn 0.233820 -0.300465 -0.924689
vn 0.233815 0.000015 -0.972281
vn 0.233807 0.300463 -0.924693
vn 0.233791 0.571507 -0.786589
vn 0.233770 0.786628 -0.571462
vn 0.233798 0.924702 -0.300441
vn 0.233829 0.972278 0.000004
vn 0.233825 0.924684 0.300474
vn 0.233802 0.786608 0.571476
vn 0.233802 0.571580 0.786532
vn 0.233806 0.300502 0.924680
vn 0.233804 0.000004 0.972284
vn 0.233803 -0.300495 0.924683
vn 0.233789 -0.571560 0.786551
vn 0.233801 -0.786612 0.571470
vn 0.233835 -0.924690 0.300449
vn 0.233835 -0.972276 -0.000005
vn 0.442272 -0.725578 -0.527192
vn 0.442333 -0.852935 -0.277208
vn 0.442277 -0.527144 -0.725610
vn 0.442273 -0.277095 -0.853002
vn 0.442259 -0.000001 -0.896888
vn 0.442295 0.277071 -0.852999
vn 0.442329 0.527080 -0.725625
vn 0.442332 0.725517 -0.527227
vn 0.442290 0.852968 -0.277173
vn 0.442231 0.896901 -0.000002
vn 0.442224 0.853012 0.277144
vn 0.442261 0.725587 0.527189
vn 0.442289 0.527140 0.725606
vn 0.442294 0.277146 0.852975
vn 0.442254 0.000000 0.896890
vn 0.442236 -0.277159 0.853001
vn 0.442263 -0.527164 0.725604
vn 0.442316 -0.725540 0.527208
vn 0.442329 -0.852945 0.277182
vn 0.442351 -0.896842 -0.000012
vn 0.611359 -0.640211 -0.465157
vn 0.611329 -0.752645 -0.244544
vn 0.611377 -0.465103 -0.640232
vn 0.611379 -0.244540 -0.752606
vn 0.611353 0.000002 -0.791358
vn 0.611358 0.244535 -0.752625
vn 0.611416 0.465086 -0.640207
vn 0.611430 0.640149 -0.465147
vn 0.611413 0.752578 -0.244542
vn 0.611408 0.791316 -0.000000
vn 0.611404 0.752590 0.244528
vn 0.611411 0.640153 0.465168
vn 0.611392 0.465036 0.640267
vn 0.611356 0.244516 0.752633
vn 0.611346 0.000016 0.791363
vn 0.611349 -0.244556 0.752626
vn 0.611401 -0.465076 0.640229
vn 0.611443 -0.640104 0.465194
vn 0.611431 -0.752549 0.244585
vn 0.611388 -0.791331 -0.000005
vn 0.739778 -0.544353 -0.395485
vn 0.739712 -0.640004 -0.207897
vn 0.739781 -0.395496 -0.544341
vn 0.739791 -0.208004 -0.639878
vn 0.739830 -0.000052 -0.672794
vn 0.739826 0.207937 -0.639859
vn 0.739814 0.395486 -0.544304
vn 0.739772 0.544378 -0.395462
vn 0.739758 0.639950 -0.207899
vn 0.739803 0.672824 0.000002
vn 0.739831 0.639865 0.207901
vn 0.739807 0.544326 0.395469
vn 0.739767 0.395502 0.544356
vn 0.739773 0.207937 0.639921
vn 0.739807 0.000019 0.672820
vn 0.739830 -0.207921 0.639860
vn 0.739797 -0.395504 0.544313
vn 0.739788 -0.544341 0.395482
vn 0.739793 -0.639900 0.207929
vn 0.739725 -0.672909 0.000012
vn 0.833394 -0.447134 -0.324847
vn 0.833387 -0.525645 -0.170772
vn 0.833378 -0.324889 -0.447134
vn 0.833368 -0.170850 -0.525650
vn 0.833394 -0.000041 -0.552679
vn 0.833402 0.170851 -0.525595
vn 0.833391 0.324884 -0.447112
vn 0.833406 0.447098 -0.324866
vn 0.833416 0.525590 -0.170801
vn 0.833421 0.552638 -0.000000
vn 0.833393 0.525628 0.170793
vn 0.833354 0.447201 0.324857
vn 0.833353 0.324962 0.447127
vn 0.833386 0.170852 0.525620
vn 0.833408 0.000000 0.552659
vn 0.833383 -0.170882 0.525616
vn 0.833346 -0.325006 0.447107
vn 0.833375 -0.447189 0.324822
vn 0.833356 -0.525692 0.170777
vn 0.833329 -0.552777 0.000036
vn 0.899691 -0.353158 -0.256585
vn 0.899677 -0.415192 -0.134895
vn 0.899689 -0.256536 -0.353198
vn 0.899674 -0.134868 -0.415208
vn 0.899678 0.000039 -0.436555
vn 0.899685 0.134994 -0.415143
vn 0.899683 0.256683 -0.353108
vn 0.899678 0.353208 -0.256561
vn 0.899698 0.415143 -0.134906
vn 0.899723 0.436462 0.000000
vn 0.899709 0.415121 0.134905
vn 0.899696 0.353173 0.256548
vn 0.899683 0.256653 0.353127
vn 0.899667 0.134943 0.415199
vn 0.899680 -0.000039 0.436549
vn 0.899682 -0.135040 0.415135
vn 0.899691 -0.256688 0.353082
vn 0.899701 -0.353163 0.256541
vn 0.899687 -0.415156 0.134941
vn 0.899690 -0.436530 0.000028
vn 0.945255 -0.264026 -0.191789
vn 0.945247 -0.310383 -0.100855
vn 0.945238 -0.191806 -0.264074
vn 0.945226 -0.100840 -0.310449
vn 0.945228 0.000106 -0.326410
vn 0.945212 0.100954 -0.310456
vn 0.945209 0.191899 -0.264112
vn 0.945186 0.264171 -0.191931
vn 0.945199 0.310503 -0.100925
vn 0.945220 0.326435 0.000000
vn 0.945207 0.310479 0.100923
vn 0.945205 0.264135 0.191885
vn 0.945223 0.191931 0.264039
vn 0.945214 0.100954 0.310448
vn 0.945227 -0.000058 0.326414
vn 0.945223 -0.101005 0.310406
vn 0.945206 -0.191984 0.264060
vn 0.945161 -0.264257 0.191933
vn 0.945205 -0.310476 0.100954
vn 0.945263 -0.326311 -0.000036
vn 0.974814 -0.180471 -0.131027
vn 0.974804 -0.212141 -0.068949
vn 0.974777 -0.131311 -0.180463
vn 0.974771 -0.069127 -0.212233
vn 0.974789 0.000083 -0.223127
vn 0.974785 0.068991 -0.212212
vn 0.974792 0.131100 -0.180536
vn 0.974810 0.180399 -0.131155
vn 0.974803 0.212140 -0.068958
vn 0.974780 0.223167 0.000000
vn 0.974798 0.212164 0.068958
vn 0.974806 0.180425 0.131153
vn 0.974801 0.131102 0.180489
vn 0.974797 0.069059 0.212135
vn 0.974789 0.000001 0.223127
vn 0.974750 -0.069141 0.212323
vn 0.974740 -0.131335 0.180644
vn 0.974771 -0.180558 0.131229
vn 0.974820 -0.212076 0.068915
vn 0.974808 -0.223048 -0.000127
vn 0.991372 -0.106147 -0.076907
vn 0.991363 -0.124726 -0.040527
vn 0.991352 -0.077395 -0.105973
vn 0.991352 -0.040636 -0.124781
vn 0.991374 0.000126 -0.131066
vn 0.991386 0.040454 -0.124567
vn 0.991378 0.076962 -0.106049
vn 0.991392 0.105869 -0.077026
vn 0.991369 0.124662 -0.040594
vn 0.991346 0.131277 -0.000000
vn 0.991342 0.124875 0.040592
vn 0.991370 0.106082 0.077021
vn 0.991368 0.077089 0.106050
vn 0.991380 0.040608 0.124568
vn 0.991374 0.000126 0.131063
vn 0.991363 -0.040355 0.124786
vn 0.991373 -0.077086 0.106004
vn 0.991389 -0.105992 0.076898
vn 0.991388 -0.124573 0.040400
vn 0.991369 -0.131105 -0.000092
vn -1.000000 0.000009 -0.000000
vn -1.000000 0.000000 0.000000
vn -1.000000 0.000000 0.000000
vn -1.000000 0.000000 0.000000
vn 1.000000 0.000028 -0.000000
vn -0.000007 0.987671 0.156542
vn -0.000007 0.987671 0.156542
vn -0.000007 0.987671 0.156542
vn -0.000007 0.987671 0.156542
vn -0.000004 -0.809022 -0.587778
vn 0.000002 -0.951054 -0.309025
vn 0.000002 -0.951052 -0.309032
vn -0.000004 -0.809018 -0.587784
vn 0.000004 -0.587771 -0.809028
vn 0.000004 -0.587777 -0.809023
vn 0.000010 -0.309022 -0.951055
vn 0.000010 -0.309030 -0.951052
vn 0.000009 -0.000022 -1.000000
vn 0.000009 -0.000023 -1.000000
vn 0.000006 0.309011 -0.951058
vn 0.000006 0.309005 -0.951061
vn -0.000005 0.587809 -0.809000
vn -0.000005 0.587809 -0.809000
vn -0.000010 0.809021 -0.587780
vn -0.000010 0.809025 -0.587774
vn -0.000003 0.951054 -0.309024
vn -0.000003 0.951056 -0.309017
vn 0.000004 1.000000 -0.000010
vn 0.000004 1.000000 -0.000011
vn 0.000008 0.951061 0.309005
vn 0.000008 0.951060 0.309005
vn 0.000004 0.809018 0.587784
vn 0.000004 0.809022 0.587778
vn 0.000001 0.587810 0.808999
vn 0.000001 0.587815 0.808996
vn 0.000002 0.309045 0.951048
vn 0.000002 0.309039 0.951050
vn 0.000001 0.000001 1.000000
vn 0.000001 -0.000001 1.000000
vn 0.000002 -0.309020 0.951056
vn 0.000002 -0.309028 0.951053
vn 0.000002 -0.587783 0.809018
vn 0.000002 -0.587784 0.809018
vn -0.000002 -0.809044 0.587749
vn -0.000002 -0.809039 0.587755
vn -0.000003 -0.951056 0.309017
vn -0.000003 -0.951056 0.309018
vn 0.000004 -1.000000 0.000015
vn 0.000004 -1.000000 0.000014
vn 0.000000 -0.309016 0.951057
vn 0.000000 -0.309016 0.951057
vn 0.000000 -0.309016 0.951057
vn 0.000000 -0.309016 0.951057
vn -0.000000 0.000000 -1.000000
vn -0.000000 0.000000 -1.000000
vn -0.000000 0.000000 -1.000000
vn -0.000000 0.000000 -1.000000
vn 1.000000 0.000000 0.000000
vn 1.000000 0.000000 0.000000
vn 1.000000 0.000000 0.000000
vn 1.000000 0.000000 0.000000
vn -1.000000 0.000000 0.000000
vn -1.000000 0.000000 0.000000
vn -1.000000 0.000000 0.000000
vn -1.000000 0.000000 0.000000
vn 0.000000 0.000000 -1.000000
vn 0.000000 0.000000 -1.000000
vn 0.000000 0.000000 -1.000000
vn 0.000000 0.000000 -1.000000
vn 0.000000 1.000000 0.000000
vn 0.000000 1.000000 0.000000
vn 0.000000 1.000000 0.000000
vn 0.000000 1.000000 0.000000
vn 0.000000 0.000000 1.000000
vn 0.000000 0.000000 1.000000
vn 0.000000 0.000000 1.000000
vn 0.000000 0.000000 1.000000
vn 0.000000 -1.000000 0.000000
vn 0.000000 -1.000000 0.000000
vn 0.000000 -1.000000 0.000000
vn 0.000000 -1.000000 0.000000
vn 1.000000 0.000000 0.000000
vn 1.000000 0.000000 0.000000
vn 1.000000 0.000000 0.000000
vn 1.000000 0.000000 0.000000
vn 1.000000 0.000000 0.000000
vn 1.000000 0.000000 0.000000
vn 1.000000 0.000000 0.000000
vn 1.000000 0.000000 0.000000
vn 1.000000 0.000000 0.000000
vn 1.000000 0.000000 0.000000
vn 1.000000 0.000000 0.000000
vn 1.000000 0.000000 0.000000
vn 1.000000 -0.000062 0.000000
vn 1.000000 -0.000062 0.000000
vn 1.000000 -0.000062 0.000000
vn 1.000000 -0.000062 0.000000
vn 0.816512 0.000000 0.577329
vn 0.816512 0.000000 0.577329
vn 0.816512 0.000000 0.577329
vn 0.816512 0.000000 0.577329
vn 0.778758 -0.627324 0.000000
vn 0.778758 -0.627324 0.000000
vn 0.778758 -0.627324 0.000000
vn 0.778758 -0.627324 0.000000
vn 0.816515 0.000000 -0.577325
vn 0.816515 0.000000 -0.577325
vn 0.816515 0.000000 -0.577325
vn 0.816515 0.000000 -0.577325
vn 0.778775 0.627304 0.000000
vn 0.778775 0.627304 0.000000
vn 0.778775 0.627304 0.000000
vn 0.778775 0.627304 0.000000
vn -1.000000 0.000000 0.000000
vn -1.000000 0.000000 0.000000
vn -1.000000 0.000000 0.000000
vn -1.000000 0.000000 0.000000
vn 0.000000 -1.000000 0.000000
vn 0.000000 -1.000000 0.000000
vn 0.000000 -1.000000 0.000000
vn 0.000000 -1.000000 0.000000
vn 1.000000 -0.000250 0.000000
vn 1.000000 -0.000250 0.000000
vn 1.000000 -0.000250 0.000000
vn 1.000000 -0.000250 0.000000
vn 0.778784 0.627292 0.000000
vn 0.778784 0.627292 0.000000
vn 0.778784 0.627292 0.000000
vn 0.778784 0.627292 0.000000
vn 1.000000 0.000000 0.000000
vn 1.000000 0.000000 0.000000
vn 1.000000 0.000000 0.000000
vn 1.000000 0.000000 0.000000
vn 0.778780 -0.627297 0.000000
vn 0.778780 -0.627297 0.000000
vn 0.778780 -0.627297 0.000000
vn 0.778780 -0.627297 0.000000
vn 1.000000 0.000312 0.000000
vn 1.000000 0.000312 0.000000
vn 1.000000 0.000312 0.000000
vn 1.000000 0.000312 0.000000
vn 0.000000 1.000000 0.000000
vn 0.000000 1.000000 0.000000
vn 0.000000 1.000000 0.000000
vn 0.000000 1.000000 0.000000
vn -1.000000 0.000000 0.000000
vn -1.000000 0.000000 0.000000
vn -1.000000 0.000000 0.000000
vn -1.000000 0.000000 0.000000
vn 0.000000 -1.000000 0.000000
vn 0.000000 -1.000000 0.000000
vn 0.000000 -1.000000 0.000000
vn 0.000000 -1.000000 0.000000
vn 1.000000 0.000000 0.000000
vn 1.000000 0.000000 0.000000
vn 1.000000 0.000000 0.000000
vn 1.000000 0.000000 0.000000
vn 0.778761 0.627321 0.000000
vn 0.778761 0.627321 0.000000
vn 0.778761 0.627321 0.000000
vn 0.778761 0.627321 0.000000
vn 1.000000 0.000000 0.000000
vn 1.000000 0.000000 0.000000
vn 1.000000 0.000000 0.000000
vn 1.000000 0.000000 0.000000
vn 0.778753 -0.627331 0.000000
vn 0.778753 -0.627331 0.000000
vn 0.778753 -0.627331 0.000000
vn 0.778753 -0.627331 0.000000
vn 1.000000 0.000007 0.000000
vn 1.000000 0.000007 0.000000
vn 1.000000 0.000007 0.000000
vn 1.000000 0.000007 0.000000
vn 0.000000 1.000000 0.000000
vn 0.000000 1.000000 0.000000
vn 0.000000 1.000000 0.000000
vn 0.000000 1.000000 0.000000
vn -1.000000 0.000000 0.000000
vn -1.000000 0.000000 0.000000
vn -1.000000 0.000000 0.000000
vn -1.000000 0.000000 0.000000
vn 0.000000 0.000000 1.000000
vn 0.000000 0.000000 1.000000
vn 0.000000 0.000000 1.000000
vn 0.000000 0.000000 1.000000
vn 1.000000 0.000000 0.000000
vn 1.000000 0.000000 0.000000
vn 1.000000 0.000000 0.000000
vn 1.000000 0.000000 0.000000
vn 0.816513 0.000000 -0.577327
vn 0.816513 0.000000 -0.577327
vn 0.816513 0.000000 -0.577327
vn 0.816513 0.000000 -0.577327
vn 1.000000 0.000000 0.000000
vn 1.000000 0.000000 0.000000
vn 1.000000 0.000000 0.000000
vn 1.000000 0.000000 0.000000
vn 1.000000 0.000000 0.000000
vn 1.000000 0.000000 0.000000
vn 1.000000 0.000000 0.000000
vn 1.000000 0.000000 0.000000
vn 1.000000 0.000000 0.000000
vn 1.000000 0.000000 0.000000
vn 1.000000 0.000000 0.000000
vn 1.000000 0.000000 0.000000
vn 0.816511 0.000000 0.577330
vn 0.816511 0.000000 0.577330
vn 0.816511 0.000000 0.577330
vn 0.816511 0.000000 0.577330
vn 1.000000 0.000000 0.000000
vn 1.000000 0.000000 0.000000
vn 1.000000 0.000000 0.000000
vn 1.000000 0.000000 0.000000
vn 0.000000 0.000000 -1.000000
vn 0.000000 0.000000 -1.000000
vn 0.000000 0.000000 -1.000000
vn 0.000000 0.000000 -1.000000
vn -1.000000 0.000000 0.000000
vn -1.000000 0.000000 0.000000
vn -1.000000 0.000000 0.000000
vn -1.000000 0.000000 0.000000
vn -1.000000 0.000000 0.000000
vn -1.000000 0.000000 0.000000
vn -1.000000 0.000000 0.000000
vn -1.000000 0.000000 0.000000
vn -1.000000 0.000000 0.000000
vn -1.000000 0.000000 0.000000
vn -1.000000 0.000000 0.000000
vn -1.000000 0.000000 0.000000
vn 0.000000 0.000000 1.000000
vn 0.000000 0.000000 1.000000
vn 0.000000 0.000000 1.000000
vn 0.000000 0.000000 1.000000
vn 1.000000 0.000000 0.000000
vn 1.000000 0.000000 0.000000
vn 1.000000 0.000000 0.000000
vn 1.000000 0.000000 0.000000
vn 0.816514 0.000000 -0.577325
vn 0.816514 0.000000 -0.577325
vn 0.816514 0.000000 -0.577325
vn 0.816514 0.000000 -0.577325
vn 1.000000 0.000000 0.000000
vn 1.000000 0.000000 0.000000
vn 1.000000 0.000000 0.000000
vn 1.000000 0.000000 0.000000
vn 1.000000 0.000000 0.000000
vn 1.000000 0.000000 0.000000
vn 1.000000 0.000000 0.000000
vn 1.000000 0.000000 0.000000
vn 1.000000 0.000000 0.000000
vn 1.000000 0.000000 0.000000
vn 1.000000 0.000000 0.000000
vn 1.000000 0.000000 0.000000
vn 0.816514 0.000000 0.577326
vn 0.816514 0.000000 0.577326
vn 0.816514 0.000000 0.577326
vn 0.816514 0.000000 0.577326
vn 1.000000 0.000000 0.000000
vn 1.000000 0.000000 0.000000
vn 1.000000 0.000000 0.000000
vn 1.000000 0.000000 0.000000
vn 0.000000 0.000000 -1.000000
vn 0.000000 0.000000 -1.000000
vn 0.000000 0.000000 -1.000000
vn 0.000000 0.000000 -1.000000
vn -1.000000 0.000000 0.000000
vn -1.000000 0.000000 0.000000
vn -1.000000 0.000000 0.000000
vn -1.000000 0.000000 0.000000
vn -1.000000 0.000000 0.000000
vn -1.000000 0.000000 0.000000
vn -1.000000 0.000000 0.000000
vn -1.000000 0.000000 0.000000
vn 0.000000 -1.000000 0.000000
vn 0.000000 -1.000000 0.000000
vn 0.000000 -1.000000 0.000000
vn 0.000000 -1.000000 0.000000
vn 0.000000 0.000000 1.000000
vn 0.000000 0.000000 1.000000
vn 0.000000 0.000000 1.000000
vn 0.000000 0.000000 1.000000
vn 0.000000 1.000000 0.000000
vn 0.000000 1.000000 0.000000
vn 0.000000 1.000000 0.000000
vn 0.000000 1.000000 0.000000
vn 0.000000 0.000000 -1.000000
vn 0.000000 0.000000 -1.000000
vn 0.000000 0.000000 -1.000000
vn 0.000000 0.000000 -1.000000
vn 0.000000 1.000000 0.000000
vn 0.000000 1.000000 0.000000
vn 0.000000 1.000000 0.000000
vn 0.000000 1.000000 0.000000
vn 0.000000 1.000000 0.000002
vn 0.000000 1.000000 0.000002
vn 0.000000 1.000000 0.000002
vn 0.000000 1.000000 0.000002
vn 0.000000 1.000000 0.000000
vn 0.000000 1.000000 0.000000
vn 0.000000 1.000000 0.000000
vn 0.000000 1.000000 0.000000
vn 0.000000 1.000000 -0.000002
vn 0.000000 1.000000 -0.000002
vn 0.000000 1.000000 -0.000002
vn 0.000000 1.000000 -0.000002
vn -1.000000 0.000000 0.000000
vn -1.000000 0.000000 0.000000
vn -1.000000 0.000000 0.000000
vn -1.000000 0.000000 0.000000
vn 0.000000 0.000000 1.000000
vn 0.000000 0.000000 1.000000
vn 0.000000 0.000000 1.000000
vn 0.000000 0.000000 1.000000
vn 1.000000 0.000000 0.000000
vn 1.000000 0.000000 0.000000
vn 1.000000 0.000000 0.000000
vn 1.000000 0.000000 0.000000
vn 0.000000 0.000000 -1.000000
vn 0.000000 0.000000 -1.000000
vn 0.000000 0.000000 -1.000000
vn 0.000000 0.000000 -1.000000
s 1
g sidetablehandle7
usemtl initialShadingGroup
f 1917/2547/3014 1918/2086/3015 1919/2107/3016 1920/2106/3017
f 1918/2086/3015 1921/2087/3018 1922/2108/3019 1919/2107/3016
f 1921/2087/3018 1923/2088/3020 1924/2109/3021 1922/2108/3019
f 1923/2088/3020 1925/2089/3022 1926/2110/3023 1924/2109/3021
f 1925/2089/3022 1927/2090/3024 1928/2111/3025 1926/2110/3023
f 1927/2090/3024 1929/2091/3026 1930/2112/3027 1928/2111/3025
f 1929/2091/3026 1931/2092/3028 1932/2113/3029 1930/2112/3027
f 1931/2092/3028 1933/2093/3030 1934/2114/3031 1932/2113/3029
f 1933/2093/3030 1935/2094/3032 1936/2115/3033 1934/2114/3031
f 1935/2094/3032 1937/2095/3034 1938/2116/3035 1936/2115/3033
f 1937/2095/3034 1939/2096/3036 1940/2117/3037 1938/2116/3035
f 1939/2096/3036 1941/2097/3038 1942/2118/3039 1940/2117/3037
f 1941/2097/3038 1943/2098/3040 1944/2119/3041 1942/2118/3039
f 1943/2098/3040 1945/2099/3042 1946/2120/3043 1944/2119/3041
f 1945/2099/3042 1947/2100/3044 1948/2121/3045 1946/2120/3043
f 1947/2100/3044 1949/2101/3046 1950/2122/3047 1948/2121/3045
f 1949/2101/3046 1951/2102/3048 1952/2123/3049 1950/2122/3047
f 1951/2102/3048 1953/2103/3050 1954/2124/3051 1952/2123/3049
f 1953/2103/3050 1955/2524/3052 1956/2125/3053 1954/2124/3051
f 1955/2524/3052 1917/2525/3014 1920/2126/3017 1956/2125/3053
f 1920/2106/3017 1919/2107/3016 1957/2128/3054 1958/2127/3055
f 1919/2107/3016 1922/2108/3019 1959/2129/3056 1957/2128/3054
f 1922/2108/3019 1924/2109/3021 1960/2130/3057 1959/2129/3056
f 1924/2109/3021 1926/2110/3023 1961/2131/3058 1960/2130/3057
f 1926/2110/3023 1928/2111/3025 1962/2132/3059 1961/2131/3058
f 1928/2111/3025 1930/2112/3027 1963/2133/3060 1962/2132/3059
f 1930/2112/3027 1932/2113/3029 1964/2134/3061 1963/2133/3060
f 1932/2113/3029 1934/2114/3031 1965/2135/3062 1964/2134/3061
f 1934/2114/3031 1936/2115/3033 1966/2136/3063 1965/2135/3062
f 1936/2115/3033 1938/2116/3035 1967/2137/3064 1966/2136/3063
f 1938/2116/3035 1940/2117/3037 1968/2138/3065 1967/2137/3064
f 1940/2117/3037 1942/2118/3039 1969/2139/3066 1968/2138/3065
f 1942/2118/3039 1944/2119/3041 1970/2140/3067 1969/2139/3066
f 1944/2119/3041 1946/2120/3043 1971/2141/3068 1970/2140/3067
f 1946/2120/3043 1948/2121/3045 1972/2142/3069 1971/2141/3068
f 1948/2121/3045 1950/2122/3047 1973/2143/3070 1972/2142/3069
f 1950/2122/3047 1952/2123/3049 1974/2144/3071 1973/2143/3070
f 1952/2123/3049 1954/2124/3051 1975/2145/3072 1974/2144/3071
f 1954/2124/3051 1956/2125/3053 1976/2146/3073 1975/2145/3072
f 1956/2125/3053 1920/2126/3017 1958/2147/3055 1976/2146/3073
f 1958/2127/3055 1957/2128/3054 1977/2149/3074 1978/2148/3075
f 1957/2128/3054 1959/2129/3056 1979/2150/3076 1977/2149/3074
f 1959/2129/3056 1960/2130/3057 1980/2151/3077 1979/2150/3076
f 1960/2130/3057 1961/2131/3058 1981/2152/3078 1980/2151/3077
f 1961/2131/3058 1962/2132/3059 1982/2153/3079 1981/2152/3078
f 1962/2132/3059 1963/2133/3060 1983/2154/3080 1982/2153/3079
f 1963/2133/3060 1964/2134/3061 1984/2155/3081 1983/2154/3080
f 1964/2134/3061 1965/2135/3062 1985/2156/3082 1984/2155/3081
f 1965/2135/3062 1966/2136/3063 1986/2157/3083 1985/2156/3082
f 1966/2136/3063 1967/2137/3064 1987/2158/3084 1986/2157/3083
f 1967/2137/3064 1968/2138/3065 1988/2159/3085 1987/2158/3084
f 1968/2138/3065 1969/2139/3066 1989/2160/3086 1988/2159/3085
f 1969/2139/3066 1970/2140/3067 1990/2161/3087 1989/2160/3086
f 1970/2140/3067 1971/2141/3068 1991/2162/3088 1990/2161/3087
f 1971/2141/3068 1972/2142/3069 1992/2163/3089 1991/2162/3088
f 1972/2142/3069 1973/2143/3070 1993/2164/3090 1992/2163/3089
f 1973/2143/3070 1974/2144/3071 1994/2165/3091 1993/2164/3090
f 1974/2144/3071 1975/2145/3072 1995/2166/3092 1994/2165/3091
f 1975/2145/3072 1976/2146/3073 1996/2167/3093 1995/2166/3092
f 1976/2146/3073 1958/2147/3055 1978/2168/3075 1996/2167/3093
f 1978/2148/3075 1977/2149/3074 1997/2526/3094 1998/2527/3095
f 1977/2149/3074 1979/2150/3076 1999/2528/3096 1997/2526/3094
f 1979/2150/3076 1980/2151/3077 2000/2529/3097 1999/2528/3096
f 1980/2151/3077 1981/2152/3078 2001/2530/3098 2000/2529/3097
f 1981/2152/3078 1982/2153/3079 2002/2531/3099 2001/2530/3098
f 1982/2153/3079 1983/2154/3080 2003/2532/3100 2002/2531/3099
f 1983/2154/3080 1984/2155/3081 2004/2533/3101 2003/2532/3100
f 1984/2155/3081 1985/2156/3082 2005/2534/3102 2004/2533/3101
f 1985/2156/3082 1986/2157/3083 2006/2535/3103 2005/2534/3102
f 1986/2157/3083 1987/2158/3084 2007/2536/3104 2006/2535/3103
f 1987/2158/3084 1988/2159/3085 2008/2537/3105 2007/2536/3104
f 1988/2159/3085 1989/2160/3086 2009/2538/3106 2008/2537/3105
f 1989/2160/3086 1990/2161/3087 2010/2539/3107 2009/2538/3106
f 1990/2161/3087 1991/2162/3088 2011/2540/3108 2010/2539/3107
f 1991/2162/3088 1992/2163/3089 2012/2541/3109 2011/2540/3108
f 1992/2163/3089 1993/2164/3090 2013/2542/3110 2012/2541/3109
f 1993/2164/3090 1994/2165/3091 2014/2543/3111 2013/2542/3110
f 1994/2165/3091 1995/2166/3092 2015/2544/3112 2014/2543/3111
f 1995/2166/3092 1996/2167/3093 2016/2545/3113 2015/2544/3112
f 1996/2167/3093 1978/2168/3075 1998/2546/3095 2016/2545/3113
s 2
f 1615/2169/3114 1616/2170/3115 1636/2191/3116 1635/2190/3117
f 1616/2170/3115 1617/2171/3118 1637/2192/3119 1636/2191/3116
f 1617/2171/3118 1618/2172/3120 1638/2193/3121 1637/2192/3119
f 1618/2172/3120 1619/2173/3122 1639/2194/3123 1638/2193/3121
f 1619/2173/3122 1620/2174/3124 1640/2195/3125 1639/2194/3123
f 1620/2174/3124 1621/2175/3126 1641/2196/3127 1640/2195/3125
f 1621/2175/3126 1622/2176/3128 1642/2197/3129 1641/2196/3127
f 1622/2176/3128 1623/2177/3130 1643/2198/3131 1642/2197/3129
f 1623/2177/3130 1624/2178/3132 1644/2199/3133 1643/2198/3131
f 1624/2178/3132 1625/2179/3134 1645/2200/3135 1644/2199/3133
f 1625/2179/3134 1626/2180/3136 1646/2201/3137 1645/2200/3135
f 1626/2180/3136 1627/2181/3138 1647/2202/3139 1646/2201/3137
f 1627/2181/3138 1628/2182/3140 1648/2203/3141 1647/2202/3139
f 1628/2182/3140 1629/2183/3142 1649/2204/3143 1648/2203/3141
f 1629/2183/3142 1630/2184/3144 1650/2205/3145 1649/2204/3143
f 1630/2184/3144 1631/2185/3146 1651/2206/3147 1650/2205/3145
f 1631/2185/3146 1632/2186/3148 1652/2207/3149 1651/2206/3147
f 1632/2186/3148 1633/2187/3150 1653/2208/3151 1652/2207/3149
f 1633/2187/3150 1634/2188/3152 1654/2209/3153 1653/2208/3151
f 1634/2188/3152 1615/2189/3114 1635/2210/3117 1654/2209/3153
f 1635/2190/3117 1636/2191/3116 1656/2212/3154 1655/2211/3155
f 1636/2191/3116 1637/2192/3119 1657/2213/3156 1656/2212/3154
f 1637/2192/3119 1638/2193/3121 1658/2214/3157 1657/2213/3156
f 1638/2193/3121 1639/2194/3123 1659/2215/3158 1658/2214/3157
f 1639/2194/3123 1640/2195/3125 1660/2216/3159 1659/2215/3158
f 1640/2195/3125 1641/2196/3127 1661/2217/3160 1660/2216/3159
f 1641/2196/3127 1642/2197/3129 1662/2218/3161 1661/2217/3160
f 1642/2197/3129 1643/2198/3131 1663/2219/3162 1662/2218/3161
f 1643/2198/3131 1644/2199/3133 1664/2220/3163 1663/2219/3162
f 1644/2199/3133 1645/2200/3135 1665/2221/3164 1664/2220/3163
f 1645/2200/3135 1646/2201/3137 1666/2222/3165 1665/2221/3164
f 1646/2201/3137 1647/2202/3139 1667/2223/3166 1666/2222/3165
f 1647/2202/3139 1648/2203/3141 1668/2224/3167 1667/2223/3166
f 1648/2203/3141 1649/2204/3143 1669/2225/3168 1668/2224/3167
f 1649/2204/3143 1650/2205/3145 1670/2226/3169 1669/2225/3168
f 1650/2205/3145 1651/2206/3147 1671/2227/3170 1670/2226/3169
f 1651/2206/3147 1652/2207/3149 1672/2228/3171 1671/2227/3170
f 1652/2207/3149 1653/2208/3151 1673/2229/3172 1672/2228/3171
f 1653/2208/3151 1654/2209/3153 1674/2230/3173 1673/2229/3172
f 1654/2209/3153 1635/2210/3117 1655/2231/3155 1674/2230/3173
f 1655/2211/3155 1656/2212/3154 1676/2233/3174 1675/2232/3175
f 1656/2212/3154 1657/2213/3156 1677/2234/3176 1676/2233/3174
f 1657/2213/3156 1658/2214/3157 1678/2235/3177 1677/2234/3176
f 1658/2214/3157 1659/2215/3158 1679/2236/3178 1678/2235/3177
f 1659/2215/3158 1660/2216/3159 1680/2237/3179 1679/2236/3178
f 1660/2216/3159 1661/2217/3160 1681/2238/3180 1680/2237/3179
f 1661/2217/3160 1662/2218/3161 1682/2239/3181 1681/2238/3180
f 1662/2218/3161 1663/2219/3162 1683/2240/3182 1682/2239/3181
f 1663/2219/3162 1664/2220/3163 1684/2241/3183 1683/2240/3182
f 1664/2220/3163 1665/2221/3164 1685/2242/3184 1684/2241/3183
f 1665/2221/3164 1666/2222/3165 1686/2243/3185 1685/2242/3184
f 1666/2222/3165 1667/2223/3166 1687/2244/3186 1686/2243/3185
f 1667/2223/3166 1668/2224/3167 1688/2245/3187 1687/2244/3186
f 1668/2224/3167 1669/2225/3168 1689/2246/3188 1688/2245/3187
f 1669/2225/3168 1670/2226/3169 1690/2247/3189 1689/2246/3188
f 1670/2226/3169 1671/2227/3170 1691/2248/3190 1690/2247/3189
f 1671/2227/3170 1672/2228/3171 1692/2249/3191 1691/2248/3190
f 1672/2228/3171 1673/2229/3172 1693/2250/3192 1692/2249/3191
f 1673/2229/3172 1674/2230/3173 1694/2251/3193 1693/2250/3192
f 1674/2230/3173 1655/2231/3155 1675/2252/3175 1694/2251/3193
f 1675/2232/3175 1676/2233/3174 1696/2254/3194 1695/2253/3195
f 1676/2233/3174 1677/2234/3176 1697/2255/3196 1696/2254/3194
f 1677/2234/3176 1678/2235/3177 1698/2256/3197 1697/2255/3196
f 1678/2235/3177 1679/2236/3178 1699/2257/3198 1698/2256/3197
f 1679/2236/3178 1680/2237/3179 1700/2258/3199 1699/2257/3198
f 1680/2237/3179 1681/2238/3180 1701/2259/3200 1700/2258/3199
f 1681/2238/3180 1682/2239/3181 1702/2260/3201 1701/2259/3200
f 1682/2239/3181 1683/2240/3182 1703/2261/3202 1702/2260/3201
f 1683/2240/3182 1684/2241/3183 1704/2262/3203 1703/2261/3202
f 1684/2241/3183 1685/2242/3184 1705/2263/3204 1704/2262/3203
f 1685/2242/3184 1686/2243/3185 1706/2264/3205 1705/2263/3204
f 1686/2243/3185 1687/2244/3186 1707/2265/3206 1706/2264/3205
f 1687/2244/3186 1688/2245/3187 1708/2266/3207 1707/2265/3206
f 1688/2245/3187 1689/2246/3188 1709/2267/3208 1708/2266/3207
f 1689/2246/3188 1690/2247/3189 1710/2268/3209 1709/2267/3208
f 1690/2247/3189 1691/2248/3190 1711/2269/3210 1710/2268/3209
f 1691/2248/3190 1692/2249/3191 1712/2270/3211 1711/2269/3210
f 1692/2249/3191 1693/2250/3192 1713/2271/3212 1712/2270/3211
f 1693/2250/3192 1694/2251/3193 1714/2272/3213 1713/2271/3212
f 1694/2251/3193 1675/2252/3175 1695/2273/3195 1714/2272/3213
f 1695/2253/3195 1696/2254/3194 1716/2275/3214 1715/2274/3215
f 1696/2254/3194 1697/2255/3196 1717/2276/3216 1716/2275/3214
f 1697/2255/3196 1698/2256/3197 1718/2277/3217 1717/2276/3216
f 1698/2256/3197 1699/2257/3198 1719/2278/3218 1718/2277/3217
f 1699/2257/3198 1700/2258/3199 1720/2279/3219 1719/2278/3218
f 1700/2258/3199 1701/2259/3200 1721/2280/3220 1720/2279/3219
f 1701/2259/3200 1702/2260/3201 1722/2281/3221 1721/2280/3220
f 1702/2260/3201 1703/2261/3202 1723/2282/3222 1722/2281/3221
f 1703/2261/3202 1704/2262/3203 1724/2283/3223 1723/2282/3222
f 1704/2262/3203 1705/2263/3204 1725/2284/3224 1724/2283/3223
f 1705/2263/3204 1706/2264/3205 1726/2285/3225 1725/2284/3224
f 1706/2264/3205 1707/2265/3206 1727/2286/3226 1726/2285/3225
f 1707/2265/3206 1708/2266/3207 1728/2287/3227 1727/2286/3226
f 1708/2266/3207 1709/2267/3208 1729/2288/3228 1728/2287/3227
f 1709/2267/3208 1710/2268/3209 1730/2289/3229 1729/2288/3228
f 1710/2268/3209 1711/2269/3210 1731/2290/3230 1730/2289/3229
f 1711/2269/3210 1712/2270/3211 1732/2291/3231 1731/2290/3230
f 1712/2270/3211 1713/2271/3212 1733/2292/3232 1732/2291/3231
f 1713/2271/3212 1714/2272/3213 1734/2293/3233 1733/2292/3232
f 1714/2272/3213 1695/2273/3195 1715/2294/3215 1734/2293/3233
f 1715/2274/3215 1716/2275/3214 1736/2296/3234 1735/2295/3235
f 1716/2275/3214 1717/2276/3216 1737/2297/3236 1736/2296/3234
f 1717/2276/3216 1718/2277/3217 1738/2298/3237 1737/2297/3236
f 1718/2277/3217 1719/2278/3218 1739/2299/3238 1738/2298/3237
f 1719/2278/3218 1720/2279/3219 1740/2300/3239 1739/2299/3238
f 1720/2279/3219 1721/2280/3220 1741/2301/3240 1740/2300/3239
f 1721/2280/3220 1722/2281/3221 1742/2302/3241 1741/2301/3240
f 1722/2281/3221 1723/2282/3222 1743/2303/3242 1742/2302/3241
f 1723/2282/3222 1724/2283/3223 1744/2304/3243 1743/2303/3242
f 1724/2283/3223 1725/2284/3224 1745/2305/3244 1744/2304/3243
f 1725/2284/3224 1726/2285/3225 1746/2306/3245 1745/2305/3244
f 1726/2285/3225 1727/2286/3226 1747/2307/3246 1746/2306/3245
f 1727/2286/3226 1728/2287/3227 1748/2308/3247 1747/2307/3246
f 1728/2287/3227 1729/2288/3228 1749/2309/3248 1748/2308/3247
f 1729/2288/3228 1730/2289/3229 1750/2310/3249 1749/2309/3248
f 1730/2289/3229 1731/2290/3230 1751/2311/3250 1750/2310/3249
f 1731/2290/3230 1732/2291/3231 1752/2312/3251 1751/2311/3250
f 1732/2291/3231 1733/2292/3232 1753/2313/3252 1752/2312/3251
f 1733/2292/3232 1734/2293/3233 1754/2314/3253 1753/2313/3252
f 1734/2293/3233 1715/2294/3215 1735/2315/3235 1754/2314/3253
f 1735/2295/3235 1736/2296/3234 1756/2317/3254 1755/2316/3255
f 1736/2296/3234 1737/2297/3236 1757/2318/3256 1756/2317/3254
f 1737/2297/3236 1738/2298/3237 1758/2319/3257 1757/2318/3256
f 1738/2298/3237 1739/2299/3238 1759/2320/3258 1758/2319/3257
f 1739/2299/3238 1740/2300/3239 1760/2321/3259 1759/2320/3258
f 1740/2300/3239 1741/2301/3240 1761/2322/3260 1760/2321/3259
f 1741/2301/3240 1742/2302/3241 1762/2323/3261 1761/2322/3260
f 1742/2302/3241 1743/2303/3242 1763/2324/3262 1762/2323/3261
f 1743/2303/3242 1744/2304/3243 1764/2325/3263 1763/2324/3262
f 1744/2304/3243 1745/2305/3244 1765/2326/3264 1764/2325/3263
f 1745/2305/3244 1746/2306/3245 1766/2327/3265 1765/2326/3264
f 1746/2306/3245 1747/2307/3246 1767/2328/3266 1766/2327/3265
f 1747/2307/3246 1748/2308/3247 1768/2329/3267 1767/2328/3266
f 1748/2308/3247 1749/2309/3248 1769/2330/3268 1768/2329/3267
f 1749/2309/3248 1750/2310/3249 1770/2331/3269 1769/2330/3268
f 1750/2310/3249 1751/2311/3250 1771/2332/3270 1770/2331/3269
f 1751/2311/3250 1752/2312/3251 1772/2333/3271 1771/2332/3270
f 1752/2312/3251 1753/2313/3252 1773/2334/3272 1772/2333/3271
f 1753/2313/3252 1754/2314/3253 1774/2335/3273 1773/2334/3272
f 1754/2314/3253 1735/2315/3235 1755/2336/3255 1774/2335/3273
f 1755/2316/3255 1756/2317/3254 1776/2338/3274 1775/2337/3275
f 1756/2317/3254 1757/2318/3256 1777/2339/3276 1776/2338/3274
f 1757/2318/3256 1758/2319/3257 1778/2340/3277 1777/2339/3276
f 1758/2319/3257 1759/2320/3258 1779/2341/3278 1778/2340/3277
f 1759/2320/3258 1760/2321/3259 1780/2342/3279 1779/2341/3278
f 1760/2321/3259 1761/2322/3260 1781/2343/3280 1780/2342/3279
f 1761/2322/3260 1762/2323/3261 1782/2344/3281 1781/2343/3280
f 1762/2323/3261 1763/2324/3262 1783/2345/3282 1782/2344/3281
f 1763/2324/3262 1764/2325/3263 1784/2346/3283 1783/2345/3282
f 1764/2325/3263 1765/2326/3264 1785/2347/3284 1784/2346/3283
f 1765/2326/3264 1766/2327/3265 1786/2348/3285 1785/2347/3284
f 1766/2327/3265 1767/2328/3266 1787/2349/3286 1786/2348/3285
f 1767/2328/3266 1768/2329/3267 1788/2350/3287 1787/2349/3286
f 1768/2329/3267 1769/2330/3268 1789/2351/3288 1788/2350/3287
f 1769/2330/3268 1770/2331/3269 1790/2352/3289 1789/2351/3288
f 1770/2331/3269 1771/2332/3270 1791/2353/3290 1790/2352/3289
f 1771/2332/3270 1772/2333/3271 1792/2354/3291 1791/2353/3290
f 1772/2333/3271 1773/2334/3272 1793/2355/3292 1792/2354/3291
f 1773/2334/3272 1774/2335/3273 1794/2356/3293 1793/2355/3292
f 1774/2335/3273 1755/2336/3255 1775/2357/3275 1794/2356/3293
f 1775/2337/3275 1776/2338/3274 1796/2359/3294 1795/2358/3295
f 1776/2338/3274 1777/2339/3276 1797/2360/3296 1796/2359/3294
f 1777/2339/3276 1778/2340/3277 1798/2361/3297 1797/2360/3296
f 1778/2340/3277 1779/2341/3278 1799/2362/3298 1798/2361/3297
f 1779/2341/3278 1780/2342/3279 1800/2363/3299 1799/2362/3298
f 1780/2342/3279 1781/2343/3280 1801/2364/3300 1800/2363/3299
f 1781/2343/3280 1782/2344/3281 1802/2365/3301 1801/2364/3300
f 1782/2344/3281 1783/2345/3282 1803/2366/3302 1802/2365/3301
f 1783/2345/3282 1784/2346/3283 1804/2367/3303 1803/2366/3302
f 1784/2346/3283 1785/2347/3284 1805/2368/3304 1804/2367/3303
f 1785/2347/3284 1786/2348/3285 1806/2369/3305 1805/2368/3304
f 1786/2348/3285 1787/2349/3286 1807/2370/3306 1806/2369/3305
f 1787/2349/3286 1788/2350/3287 1808/2371/3307 1807/2370/3306
f 1788/2350/3287 1789/2351/3288 1809/2372/3308 1808/2371/3307
f 1789/2351/3288 1790/2352/3289 1810/2373/3309 1809/2372/3308
f 1790/2352/3289 1791/2353/3290 1811/2374/3310 1810/2373/3309
f 1791/2353/3290 1792/2354/3291 1812/2375/3311 1811/2374/3310
f 1792/2354/3291 1793/2355/3292 1813/2376/3312 1812/2375/3311
f 1793/2355/3292 1794/2356/3293 1814/2377/3313 1813/2376/3312
f 1794/2356/3293 1775/2357/3275 1795/2378/3295 1814/2377/3313
f 1795/2358/3295 1796/2359/3294 1816/2380/3314 1815/2379/3315
f 1796/2359/3294 1797/2360/3296 1817/2381/3316 1816/2380/3314
f 1797/2360/3296 1798/2361/3297 1818/2382/3317 1817/2381/3316
f 1798/2361/3297 1799/2362/3298 1819/2383/3318 1818/2382/3317
f 1799/2362/3298 1800/2363/3299 1820/2384/3319 1819/2383/3318
f 1800/2363/3299 1801/2364/3300 1821/2385/3320 1820/2384/3319
f 1801/2364/3300 1802/2365/3301 1822/2386/3321 1821/2385/3320
f 1802/2365/3301 1803/2366/3302 1823/2387/3322 1822/2386/3321
f 1803/2366/3302 1804/2367/3303 1824/2388/3323 1823/2387/3322
f 1804/2367/3303 1805/2368/3304 1825/2389/3324 1824/2388/3323
f 1805/2368/3304 1806/2369/3305 1826/2390/3325 1825/2389/3324
f 1806/2369/3305 1807/2370/3306 1827/2391/3326 1826/2390/3325
f 1807/2370/3306 1808/2371/3307 1828/2392/3327 1827/2391/3326
f 1808/2371/3307 1809/2372/3308 1829/2393/3328 1828/2392/3327
f 1809/2372/3308 1810/2373/3309 1830/2394/3329 1829/2393/3328
f 1810/2373/3309 1811/2374/3310 1831/2395/3330 1830/2394/3329
f 1811/2374/3310 1812/2375/3311 1832/2396/3331 1831/2395/3330
f 1812/2375/3311 1813/2376/3312 1833/2397/3332 1832/2396/3331
f 1813/2376/3312 1814/2377/3313 1834/2398/3333 1833/2397/3332
f 1814/2377/3313 1795/2378/3295 1815/2399/3315 1834/2398/3333
f 1815/2379/3315 1816/2380/3314 1836/2401/3334 1835/2400/3335
f 1816/2380/3314 1817/2381/3316 1837/2402/3336 1836/2401/3334
f 1817/2381/3316 1818/2382/3317 1838/2403/3337 1837/2402/3336
f 1818/2382/3317 1819/2383/3318 1839/2404/3338 1838/2403/3337
f 1819/2383/3318 1820/2384/3319 1840/2405/3339 1839/2404/3338
f 1820/2384/3319 1821/2385/3320 1841/2406/3340 1840/2405/3339
f 1821/2385/3320 1822/2386/3321 1842/2407/3341 1841/2406/3340
f 1822/2386/3321 1823/2387/3322 1843/2408/3342 1842/2407/3341
f 1823/2387/3322 1824/2388/3323 1844/2409/3343 1843/2408/3342
f 1824/2388/3323 1825/2389/3324 1845/2410/3344 1844/2409/3343
f 1825/2389/3324 1826/2390/3325 1846/2411/3345 1845/2410/3344
f 1826/2390/3325 1827/2391/3326 1847/2412/3346 1846/2411/3345
f 1827/2391/3326 1828/2392/3327 1848/2413/3347 1847/2412/3346
f 1828/2392/3327 1829/2393/3328 1849/2414/3348 1848/2413/3347
f 1829/2393/3328 1830/2394/3329 1850/2415/3349 1849/2414/3348
f 1830/2394/3329 1831/2395/3330 1851/2416/3350 1850/2415/3349
f 1831/2395/3330 1832/2396/3331 1852/2417/3351 1851/2416/3350
f 1832/2396/3331 1833/2397/3332 1853/2418/3352 1852/2417/3351
f 1833/2397/3332 1834/2398/3333 1854/2419/3353 1853/2418/3352
f 1834/2398/3333 1815/2399/3315 1835/2420/3335 1854/2419/3353
f 1835/2400/3335 1836/2401/3334 1856/2422/3354 1855/2421/3355
f 1836/2401/3334 1837/2402/3336 1857/2423/3356 1856/2422/3354
f 1837/2402/3336 1838/2403/3337 1858/2424/3357 1857/2423/3356
f 1838/2403/3337 1839/2404/3338 1859/2425/3358 1858/2424/3357
f 1839/2404/3338 1840/2405/3339 1860/2426/3359 1859/2425/3358
f 1840/2405/3339 1841/2406/3340 1861/2427/3360 1860/2426/3359
f 1841/2406/3340 1842/2407/3341 1862/2428/3361 1861/2427/3360
f 1842/2407/3341 1843/2408/3342 1863/2429/3362 1862/2428/3361
f 1843/2408/3342 1844/2409/3343 1864/2430/3363 1863/2429/3362
f 1844/2409/3343 1845/2410/3344 1865/2431/3364 1864/2430/3363
f 1845/2410/3344 1846/2411/3345 1866/2432/3365 1865/2431/3364
f 1846/2411/3345 1847/2412/3346 1867/2433/3366 1866/2432/3365
f 1847/2412/3346 1848/2413/3347 1868/2434/3367 1867/2433/3366
f 1848/2413/3347 1849/2414/3348 1869/2435/3368 1868/2434/3367
f 1849/2414/3348 1850/2415/3349 1870/2436/3369 1869/2435/3368
f 1850/2415/3349 1851/2416/3350 1871/2437/3370 1870/2436/3369
f 1851/2416/3350 1852/2417/3351 1872/2438/3371 1871/2437/3370
f 1852/2417/3351 1853/2418/3352 1873/2439/3372 1872/2438/3371
f 1853/2418/3352 1854/2419/3353 1874/2440/3373 1873/2439/3372
f 1854/2419/3353 1835/2420/3335 1855/2441/3355 1874/2440/3373
f 1855/2421/3355 1856/2422/3354 1876/2443/3374 1875/2442/3375
f 1856/2422/3354 1857/2423/3356 1877/2444/3376 1876/2443/3374
f 1857/2423/3356 1858/2424/3357 1878/2445/3377 1877/2444/3376
f 1858/2424/3357 1859/2425/3358 1879/2446/3378 1878/2445/3377
f 1859/2425/3358 1860/2426/3359 1880/2447/3379 1879/2446/3378
f 1860/2426/3359 1861/2427/3360 1881/2448/3380 1880/2447/3379
f 1861/2427/3360 1862/2428/3361 1882/2449/3381 1881/2448/3380
f 1862/2428/3361 1863/2429/3362 1883/2450/3382 1882/2449/3381
f 1863/2429/3362 1864/2430/3363 1884/2451/3383 1883/2450/3382
f 1864/2430/3363 1865/2431/3364 1885/2452/3384 1884/2451/3383
f 1865/2431/3364 1866/2432/3365 1886/2453/3385 1885/2452/3384
f 1866/2432/3365 1867/2433/3366 1887/2454/3386 1886/2453/3385
f 1867/2433/3366 1868/2434/3367 1888/2455/3387 1887/2454/3386
f 1868/2434/3367 1869/2435/3368 1889/2456/3388 1888/2455/3387
f 1869/2435/3368 1870/2436/3369 1890/2457/3389 1889/2456/3388
f 1870/2436/3369 1871/2437/3370 1891/2458/3390 1890/2457/3389
f 1871/2437/3370 1872/2438/3371 1892/2459/3391 1891/2458/3390
f 1872/2438/3371 1873/2439/3372 1893/2460/3392 1892/2459/3391
f 1873/2439/3372 1874/2440/3373 1894/2461/3393 1893/2460/3392
f 1874/2440/3373 1855/2441/3355 1875/2462/3375 1894/2461/3393
f 1875/2442/3375 1876/2443/3374 1896/2464/3394 1895/2463/3395
f 1876/2443/3374 1877/2444/3376 1897/2465/3396 1896/2464/3394
f 1877/2444/3376 1878/2445/3377 1898/2466/3397 1897/2465/3396
f 1878/2445/3377 1879/2446/3378 1899/2467/3398 1898/2466/3397
f 1879/2446/3378 1880/2447/3379 1900/2468/3399 1899/2467/3398
f 1880/2447/3379 1881/2448/3380 1901/2469/3400 1900/2468/3399
f 1881/2448/3380 1882/2449/3381 1902/2470/3401 1901/2469/3400
f 1882/2449/3381 1883/2450/3382 1903/2471/3402 1902/2470/3401
f 1883/2450/3382 1884/2451/3383 1904/2472/3403 1903/2471/3402
f 1884/2451/3383 1885/2452/3384 1905/2473/3404 1904/2472/3403
f 1885/2452/3384 1886/2453/3385 1906/2474/3405 1905/2473/3404
f 1886/2453/3385 1887/2454/3386 1907/2475/3406 1906/2474/3405
f 1887/2454/3386 1888/2455/3387 1908/2476/3407 1907/2475/3406
f 1888/2455/3387 1889/2456/3388 1909/2477/3408 1908/2476/3407
f 1889/2456/3388 1890/2457/3389 1910/2478/3409 1909/2477/3408
f 1890/2457/3389 1891/2458/3390 1911/2479/3410 1910/2478/3409
f 1891/2458/3390 1892/2459/3391 1912/2480/3411 1911/2479/3410
f 1892/2459/3391 1893/2460/3392 1913/2481/3412 1912/2480/3411
f 1893/2460/3392 1894/2461/3393 1914/2482/3413 1913/2481/3412
f 1894/2461/3393 1875/2462/3375 1895/2483/3395 1914/2482/3413
s 1
f 1918/2086/3015 1917/2547/3014 2017/2548/3414
f 1921/2087/3018 1918/2086/3015 2017/2485/3414
f 1923/2088/3020 1921/2087/3018 2017/2486/3414
f 1925/2089/3022 1923/2088/3020 2017/2487/3414
f 1927/2090/3024 1925/2089/3022 2017/2488/3414
f 1929/2091/3026 1927/2090/3024 2017/2489/3414
f 1931/2092/3028 1929/2091/3026 2017/2490/3414
f 1933/2093/3030 1931/2092/3028 2017/2491/3414
f 1935/2094/3032 1933/2093/3030 2017/2492/3414
f 1937/2095/3034 1935/2094/3032 2017/2493/3414
f 1939/2096/3036 1937/2095/3034 2017/2494/3414
f 1941/2097/3038 1939/2096/3036 2017/2495/3414
f 1943/2098/3040 1941/2097/3038 2017/2496/3414
f 1945/2099/3042 1943/2098/3040 2017/2497/3414
f 1947/2100/3044 1945/2099/3042 2017/2498/3414
f 1949/2101/3046 1947/2100/3044 2017/2499/3414
f 1951/2102/3048 1949/2101/3046 2017/2500/3414
f 1953/2103/3050 1951/2102/3048 2017/2501/3414
f 1955/2524/3052 1953/2103/3050 2017/2549/3414
s off
f 1613/2105/3415 1614/2104/3416 1915/2503/3417
s 2
f 1895/2463/3395 1896/2464/3394 1916/2504/3418
f 1896/2464/3394 1897/2465/3396 1916/2505/3418
f 1897/2465/3396 1898/2466/3397 1916/2506/3418
f 1898/2466/3397 1899/2467/3398 1916/2507/3418
f 1899/2467/3398 1900/2468/3399 1916/2508/3418
f 1900/2468/3399 1901/2469/3400 1916/2509/3418
f 1901/2469/3400 1902/2470/3401 1916/2510/3418
f 1902/2470/3401 1903/2471/3402 1916/2511/3418
f 1903/2471/3402 1904/2472/3403 1916/2512/3418
f 1904/2472/3403 1905/2473/3404 1916/2513/3418
f 1905/2473/3404 1906/2474/3405 1916/2514/3418
f 1906/2474/3405 1907/2475/3406 1916/2515/3418
f 1907/2475/3406 1908/2476/3407 1916/2516/3418
f 1908/2476/3407 1909/2477/3408 1916/2517/3418
f 1909/2477/3408 1910/2478/3409 1916/2518/3418
f 1910/2478/3409 1911/2479/3410 1916/2519/3418
f 1911/2479/3410 1912/2480/3411 1916/2520/3418
f 1912/2480/3411 1913/2481/3412 1916/2521/3418
f 1913/2481/3412 1914/2482/3413 1916/2522/3418
f 1914/2482/3413 1895/2483/3395 1916/2523/3418
s off
f 1614/2104/3419 1613/2105/3420 1917/2525/3421 1955/2524/3422
s 3
f 1616/2170/3423 1615/2169/3424 1998/2527/3425 1997/2526/3426
f 1617/2171/3427 1616/2170/3423 1997/2526/3426 1999/2528/3428
f 1618/2172/3429 1617/2171/3427 1999/2528/3428 2000/2529/3430
f 1619/2173/3431 1618/2172/3429 2000/2529/3430 2001/2530/3432
f 1620/2174/3433 1619/2173/3431 2001/2530/3432 2002/2531/3434
f 1621/2175/3435 1620/2174/3433 2002/2531/3434 2003/2532/3436
f 1622/2176/3437 1621/2175/3435 2003/2532/3436 2004/2533/3438
f 1623/2177/3439 1622/2176/3437 2004/2533/3438 2005/2534/3440
f 1624/2178/3441 1623/2177/3439 2005/2534/3440 2006/2535/3442
f 1625/2179/3443 1624/2178/3441 2006/2535/3442 2007/2536/3444
f 1626/2180/3445 1625/2179/3443 2007/2536/3444 2008/2537/3446
f 1627/2181/3447 1626/2180/3445 2008/2537/3446 2009/2538/3448
f 1628/2182/3449 1627/2181/3447 2009/2538/3448 2010/2539/3450
f 1629/2183/3451 1628/2182/3449 2010/2539/3450 2011/2540/3452
f 1630/2184/3453 1629/2183/3451 2011/2540/3452 2012/2541/3454
f 1631/2185/3455 1630/2184/3453 2012/2541/3454 2013/2542/3456
f 1632/2186/3457 1631/2185/3455 2013/2542/3456 2014/2543/3458
f 1633/2187/3459 1632/2186/3457 2014/2543/3458 2015/2544/3460
f 1634/2188/3461 1633/2187/3459 2015/2544/3460 2016/2545/3462
f 1615/2189/3424 1634/2188/3461 2016/2545/3462 1998/2546/3425
s off
f 1613/2085/3463 1915/2484/3464 2017/2548/3465 1917/2547/3466
f 1915/2502/3467 1614/2104/3468 1955/2524/3469 2017/2549/3470
f 2067/2550/3471 2047/2551/3472 2032/2552/3473 2066/2553/3474
f 2062/2554/3475 2063/2555/3476 2020/2556/3477 2042/2557/3478
f 2072/2558/3479 2019/2559/3480 2022/2560/3481 2071/2561/3482
f 2049/2562/3483 2042/2563/3484 2020/2564/3485 2024/2565/3486
f 2020/2564/3487 2063/2566/3488 2064/2567/3489 2024/2565/3490
f 2021/2568/3491 2043/2569/3492 2044/2570/3493 2025/2571/3494
f 2071/2561/3495 2022/2560/3496 2026/2572/3497 2070/2573/3498
f 2049/2562/3499 2024/2565/3500 2028/2574/3501 2048/2575/3502
f 2024/2565/3503 2064/2567/3504 2065/2576/3505 2028/2574/3506
f 2025/2571/3507 2044/2570/3508 2045/2577/3509 2029/2578/3510
f 2070/2573/3511 2026/2572/3512 2030/2579/3513 2069/2580/3514
f 2048/2575/3515 2028/2574/3516 2032/2552/3517 2047/2551/3518
f 2028/2574/3519 2065/2576/3520 2066/2553/3521 2032/2552/3522
f 2029/2578/3523 2045/2577/3524 2046/2581/3525 2033/2582/3526
f 2072/2583/3527 2073/2584/3528 2034/2585/3529 2019/2586/3530
f 2036/2587/3531 2035/2588/3532 2018/2589/3533 2023/2590/3534
f 2037/2591/3535 2036/2587/3536 2023/2590/3537 2027/2592/3538
f 2038/2593/3539 2037/2591/3540 2027/2592/3541 2031/2594/3542
f 2069/2580/3543 2030/2579/3544 2039/2595/3545 2068/2596/3546
f 2026/2572/3547 2040/2597/3548 2039/2595/3549 2030/2579/3550
f 2022/2560/3551 2041/2598/3552 2040/2597/3553 2026/2572/3554
f 2019/2559/3555 2034/2599/3556 2041/2598/3557 2022/2560/3558
f 2073/2584/3559 2062/2554/3560 2042/2557/3561 2034/2585/3562
f 2044/2570/3563 2043/2569/3564 2035/2588/3565 2036/2587/3566
f 2045/2577/3567 2044/2570/3568 2036/2587/3569 2037/2591/3570
f 2046/2581/3571 2045/2577/3572 2037/2591/3573 2038/2593/3574
f 2068/2596/3575 2039/2595/3576 2047/2551/3577 2067/2550/3578
f 2040/2597/3579 2048/2575/3580 2047/2551/3581 2039/2595/3582
f 2041/2598/3583 2049/2562/3584 2048/2575/3585 2040/2597/3586
f 2041/2598/3587 2034/2599/3588 2042/2563/3589 2049/2562/3590
f 2043/2600/3591 2021/2601/3592 2051/2602/3593 2050/2603/3594
f 2052/2604/3595 2051/2605/3596 2021/2568/3597 2025/2571/3598
f 2053/2606/3599 2052/2604/3600 2025/2571/3601 2029/2578/3602
f 2054/2607/3603 2053/2606/3604 2029/2578/3605 2033/2582/3606
f 2046/2581/3607 2055/2608/3608 2054/2607/3609 2033/2582/3610
f 2038/2593/3611 2056/2609/3612 2055/2608/3613 2046/2581/3614
f 2031/2594/3615 2057/2610/3616 2056/2609/3617 2038/2593/3618
f 2027/2592/3619 2058/2611/3620 2057/2610/3621 2031/2594/3622
f 2023/2590/3623 2059/2612/3624 2058/2611/3625 2027/2592/3626
f 2018/2589/3627 2060/2613/3628 2059/2612/3629 2023/2590/3630
f 2018/2614/3631 2035/2615/3632 2061/2616/3633 2060/2617/3634
f 2035/2615/3635 2043/2600/3636 2050/2603/3637 2061/2616/3638
f 2050/2603/3639 2051/2602/3640 2063/2555/3641 2062/2554/3642
f 2064/2567/3643 2063/2566/3644 2051/2605/3645 2052/2604/3646
f 2065/2576/3647 2064/2567/3648 2052/2604/3649 2053/2606/3650
f 2066/2553/3651 2065/2576/3652 2053/2606/3653 2054/2607/3654
f 2055/2608/3655 2067/2550/3656 2066/2553/3657 2054/2607/3658
f 2056/2609/3659 2068/2596/3660 2067/2550/3661 2055/2608/3662
f 2057/2610/3663 2069/2580/3664 2068/2596/3665 2056/2609/3666
f 2058/2611/3667 2070/2573/3668 2069/2580/3669 2057/2610/3670
f 2059/2612/3671 2071/2561/3672 2070/2573/3673 2058/2611/3674
f 2060/2613/3675 2072/2558/3676 2071/2561/3677 2059/2612/3678
f 2060/2617/3679 2061/2616/3680 2073/2584/3681 2072/2583/3682
f 2074/2618/3683 2075/2619/3684 2076/2620/3685 2077/2621/3686
f 2061/2616/3687 2050/2603/3688 2075/2619/3689 2074/2618/3690
f 2050/2603/3691 2062/2554/3692 2076/2620/3693 2075/2619/3694
f 2083/2622/3695 2082/2623/3696 2084/2624/3697 2085/2625/3698
f 2073/2584/3699 2061/2616/3700 2074/2618/3701 2077/2621/3702
f 2062/2554/3703 2073/2584/3704 2078/2626/3705 2079/2627/3706
f 2073/2584/3707 2077/2621/3708 2080/2628/3709 2078/2626/3710
f 2077/2621/3711 2076/2620/3712 2081/2629/3713 2080/2628/3714
f 2076/2620/3715 2062/2554/3716 2079/2627/3717 2081/2629/3718
f 2079/2627/3719 2078/2626/3720 2082/2623/3721 2083/2622/3722
f 2078/2626/3723 2080/2628/3724 2084/2624/3725 2082/2623/3726
f 2080/2628/3727 2081/2629/3728 2085/2625/3729 2084/2624/3730
f 2081/2629/3731 2079/2627/3732 2083/2622/3733 2085/2625/3734
