# This file uses meters as units for non-parametric coordinates.

mtllib TV_bench.mtl
g default
v -49.631020 9.886085 33.526054
v -49.631020 10.407901 33.526054
v -50.000000 10.407901 33.157083
v -50.000000 9.886085 33.157083
v -37.762806 9.784855 33.163913
v -37.407513 10.146994 33.170753
v -37.510574 10.503704 33.526054
v -38.043484 10.427666 33.526054
v -38.119518 9.894759 33.526054
v -51.201672 58.647643 34.555546
v -51.201672 59.028302 34.174898
v -51.582329 58.647643 34.174898
v -38.688702 58.647643 34.555546
v -38.688702 59.028302 34.174898
v -39.227036 59.028302 34.174898
v -39.227036 58.647643 34.555546
v -51.187561 58.347544 -32.565264
v -51.582329 58.655272 -32.192235
v -51.217068 59.028302 -32.200011
v -50.654034 58.633404 -32.565264
v -38.971340 58.656484 -32.565264
v -39.228943 59.028302 -32.181923
v -38.689495 59.028302 -32.185733
v -38.228584 58.643240 -32.565264
v -49.648121 10.753786 -31.535772
v -49.210915 10.427306 -31.535772
v -49.640339 9.892673 -31.535772
v -50.000000 9.886085 -31.166791
v -50.000000 10.407534 -31.167317
v -37.054619 10.520915 -31.535772
v -37.401241 10.146994 -31.174207
v -37.762806 9.791697 -31.180491
v -38.119518 9.894759 -31.535772
v -37.885010 10.427288 -31.535772
v -49.631020 35.301381 33.526054
v -50.000000 35.301381 33.157083
v -50.000000 34.779563 33.157083
v -49.631020 34.779563 33.526054
v 50.000000 9.886085 33.157083
v 50.000000 10.407901 33.157083
v 49.631020 10.407901 33.526054
v 49.631020 9.886085 33.526054
v 50.000000 35.301381 33.157083
v 49.631020 35.301381 33.526054
v 49.631020 34.779563 33.526054
v 50.000000 34.779563 33.157083
v -51.582329 58.647643 22.119748
v -51.201672 59.028302 22.119748
v -51.201672 59.028302 21.581416
v -51.582329 58.647643 21.581416
v 51.582329 58.647643 34.174898
v 51.201672 59.028302 34.174898
v 51.201672 58.647643 34.555546
v 51.582329 58.647643 21.581416
v 51.201672 59.028302 21.581416
v 51.201672 59.028302 22.119748
v 51.582329 58.647643 22.119748
v -50.000000 38.205035 -31.166791
v -49.631275 38.187344 -31.535772
v -49.630764 37.664891 -31.535772
v -50.000000 37.683210 -31.166791
v 50.654030 58.633404 -32.565264
v 51.209370 59.028302 -32.192317
v 51.582329 58.662888 -32.199857
v 51.187561 58.347549 -32.565264
v 49.631275 38.187344 -31.535772
v 50.000000 38.205035 -31.166791
v 50.000000 37.683210 -31.166791
v 49.630764 37.664891 -31.535772
v -49.637863 9.784855 -19.220572
v -49.644707 10.146994 -18.865291
v -50.000000 10.503704 -18.968350
v -50.000000 10.427666 -19.501256
v -50.000000 9.894759 -19.577282
v 50.000000 10.407534 -31.167317
v 50.000000 9.886085 -31.166791
v 49.649658 9.899262 -31.535772
v 49.211929 10.426945 -31.535772
v 49.648121 10.753782 -31.535772
v 50.000000 10.519390 -18.957251
v 49.637863 10.146994 -18.858441
v 49.644707 9.791697 -19.220572
v 50.000000 9.894759 -19.577282
v 50.000000 10.427666 -19.501256
v 39.227032 58.647643 34.555546
v 39.227032 59.028302 34.174898
v 38.688698 59.028302 34.174898
v 38.688698 58.647643 34.555546
v 38.228580 58.643240 -32.565264
v 38.689095 59.028302 -32.185169
v 39.230843 59.028302 -32.179220
v 38.971336 58.656484 -32.565264
v 39.227032 59.028302 21.581416
v 38.688698 59.028302 21.581416
v 38.688698 59.028302 22.119748
v 39.227032 59.028302 22.119748
v 37.885006 10.427288 -31.535772
v 38.135201 9.883665 -31.535772
v 37.762802 9.784855 -31.173651
v 37.408653 10.146994 -31.181623
v 37.054615 10.520915 -31.535772
v 38.119514 9.894759 33.526054
v 38.043480 10.427666 33.526054
v 37.499477 10.519390 33.526054
v 37.400665 10.146994 33.163913
v 37.762802 9.784855 33.163913
v 38.118095 9.791697 -19.220572
v 38.015034 10.146994 -18.863872
v 37.482124 10.146994 -18.939907
v 37.390404 10.146994 -19.483913
v 37.762802 9.791697 -19.575873
v 38.023712 35.301381 33.526054
v 37.501892 35.301381 33.526054
v 37.501892 34.779563 33.526054
v 38.023712 34.779563 33.526054
v -38.688702 59.028302 21.581416
v -39.227036 59.028302 21.581416
v -39.227036 59.028302 22.119748
v -38.688702 59.028302 22.119748
v -37.762806 9.791697 -19.575873
v -37.406094 10.146994 -19.472814
v -37.482128 10.146994 -18.939907
v -38.026131 10.146994 -18.848186
v -38.118099 9.791697 -19.220572
v -37.501896 35.301381 33.526054
v -38.023716 35.301381 33.526054
v -38.023716 34.779563 33.526054
v -37.501896 34.779563 33.526054
v -50.000000 9.894759 21.567515
v -50.000000 10.427666 21.491489
v -50.000000 10.519390 20.947503
v -49.637863 10.146994 20.848674
v -49.637863 9.784855 21.210824
v -51.582329 58.647643 -19.591165
v -51.201672 59.028302 -19.591165
v -51.201672 59.028302 -20.129495
v -51.582329 58.647643 -20.129495
v -50.000000 35.301381 21.471733
v -50.000000 35.301381 20.949916
v -50.000000 34.779563 20.949916
v -50.000000 34.779563 21.471733
v -38.688702 59.028302 -20.129495
v -39.227036 59.028302 -20.129495
v -39.227036 59.028302 -19.591165
v -38.688702 59.028302 -19.591165
v 39.227032 59.028302 -20.129495
v 38.688698 59.028302 -20.129495
v 38.688698 59.028302 -19.591165
v 39.227032 59.028302 -19.591165
v 51.582329 58.647643 -20.129495
v 51.201672 59.028302 -20.129495
v 51.201672 59.028302 -19.591165
v 51.582329 58.647643 -19.591165
v 50.000000 10.427666 21.491489
v 50.000000 9.883665 21.583230
v 49.637863 9.784855 21.210824
v 49.644707 10.146994 20.855524
v 50.000000 10.519390 20.947503
v 50.000000 38.205035 20.949916
v 50.000000 38.205035 21.471733
v 50.000000 37.683210 21.471733
v 50.000000 37.683210 20.949916
v 37.762802 9.791697 21.566125
v 37.406090 10.146994 21.463036
v 37.482124 10.146994 20.930150
v 38.026127 10.146994 20.838418
v 38.118095 9.791697 21.210824
v -38.118099 9.791697 21.210824
v -38.015038 10.146994 20.854104
v -37.482128 10.146994 20.930150
v -37.390408 10.146994 21.474145
v -37.762806 9.791697 21.566125
v -50.000000 35.301381 -18.959663
v -50.000000 35.301381 -19.481481
v -50.000000 34.779563 -19.481481
v -50.000000 34.779563 -18.959663
v 50.000000 38.205035 -19.481481
v 50.000000 38.205035 -18.959663
v 50.000000 37.683210 -18.959663
v 50.000000 37.683210 -19.481481
v -49.920055 3.066028 -31.083200
v -50.000000 3.582775 -31.168310
v -49.634056 3.581724 -31.535772
v -49.548183 3.066140 -31.455358
v -38.214622 3.066140 -31.455358
v -38.130264 3.582807 -31.535772
v -37.762806 3.581683 -31.169829
v -37.842751 3.066028 -31.083200
v -37.842751 3.066028 -19.673154
v -37.762806 3.582775 -19.588034
v -38.128750 3.581724 -19.220572
v -38.214622 3.066140 -19.300986
v -49.548183 3.066140 -19.300986
v -49.632542 3.582807 -19.220572
v -50.000000 3.581683 -19.586515
v -49.920055 3.066028 -19.673154
v 37.842747 3.066028 -31.083200
v 37.762802 3.582775 -31.168310
v 38.128746 3.581724 -31.535772
v 38.214619 3.066140 -31.455358
v 38.214619 3.066140 -19.300986
v 38.130260 3.582807 -19.220572
v 37.762802 3.581683 -19.586515
v 37.842747 3.066028 -19.673154
v 49.548183 3.066140 -31.455358
v 49.632542 3.582807 -31.535772
v 50.000000 3.581683 -31.169829
v 49.920055 3.066028 -31.083200
v 49.920055 3.066028 -19.673154
v 50.000000 3.582775 -19.588034
v 49.634056 3.581724 -19.220572
v 49.548183 3.066140 -19.300986
v 37.842747 3.066028 21.663396
v 37.762802 3.582775 21.578286
v 38.128746 3.581724 21.210824
v 38.214619 3.066140 21.291238
v 38.214619 3.066140 33.445640
v 38.130260 3.582807 33.526054
v 37.762802 3.581683 33.160121
v 37.842747 3.066028 33.073462
v 49.548183 3.066140 21.291238
v 49.632542 3.582807 21.210824
v 50.000000 3.581683 21.576757
v 49.920055 3.066028 21.663396
v 49.920055 3.066028 33.073462
v 50.000000 3.582775 33.158592
v 49.634056 3.581724 33.526054
v 49.548183 3.066140 33.445640
v -38.214622 3.066140 21.291238
v -38.130264 3.582807 21.210824
v -37.762806 3.581683 21.576757
v -37.842751 3.066028 21.663396
v -49.920055 3.066028 21.663396
v -50.000000 3.582775 21.578286
v -49.634056 3.581724 21.210824
v -49.548183 3.066140 21.291238
v -37.842751 3.066028 33.073462
v -37.762806 3.582775 33.158592
v -38.128750 3.581724 33.526054
v -38.214622 3.066140 33.445640
v -49.548183 3.066140 33.445640
v -49.632542 3.582807 33.526054
v -50.000000 3.581683 33.160121
v -49.920055 3.066028 33.073462
v -49.051693 0.308626 -30.243400
v -48.691685 0.336788 -30.590352
v -48.630928 -0.000001 -30.160048
v -39.131874 -0.000001 -30.160048
v -39.048843 0.308242 -30.581308
v -38.711109 0.308626 -30.243400
v -39.131657 -0.000001 -20.596068
v -38.711109 0.308626 -20.512934
v -39.048843 0.308246 -20.175026
v -48.630928 -0.000001 -20.596296
v -48.713959 0.308246 -20.175026
v -49.051693 0.308626 -20.512934
v 39.131653 -0.000001 -30.160276
v 38.711105 0.308626 -30.243400
v 39.048840 0.308242 -30.581308
v 39.048840 0.308246 -20.175026
v 38.702179 0.336982 -20.535003
v 39.131653 -0.000001 -20.596068
v 48.630928 -0.000001 -30.160048
v 48.713959 0.308242 -30.581308
v 49.051693 0.308626 -30.243400
v 48.631145 -0.000001 -20.596068
v 49.051693 0.308626 -20.512934
v 48.713959 0.308246 -20.175026
v 39.131653 -0.000001 22.586310
v 38.711105 0.308626 22.503196
v 39.048840 0.308242 22.165288
v 39.048840 0.308242 32.571570
v 38.702179 0.336982 32.211613
v 39.131653 -0.000001 32.150548
v 48.630928 -0.000001 22.586538
v 48.713959 0.308242 22.165288
v 49.051693 0.308626 22.503196
v 48.631145 -0.000001 32.150548
v 49.051693 0.308626 32.233682
v 48.713959 0.308242 32.571570
v -39.131874 -0.000001 22.586538
v -39.048843 0.308242 22.165288
v -38.711109 0.308626 22.503196
v -49.051693 0.308626 22.503196
v -48.691685 0.336788 22.156244
v -48.630928 -0.000001 22.586538
v -39.131657 -0.000001 32.150548
v -38.711109 0.308626 32.233682
v -39.048843 0.308242 32.571570
v -48.630928 -0.000001 32.150340
v -48.713959 0.308242 32.571570
v -49.051693 0.308626 32.233682
v -45.409367 54.925448 -31.175964
v -45.786743 55.248180 -31.535772
v -45.449905 55.657097 -31.535772
v -45.045387 55.285264 -31.171794
v -34.555882 55.285264 -31.167883
v -35.007675 55.661162 -31.535772
v -34.282681 55.645673 -31.535772
v -34.031136 55.285264 -31.161569
v -34.031136 13.879596 -31.161569
v -34.282700 13.519685 -31.535772
v -35.002651 13.506348 -31.535772
v -34.555882 13.879596 -31.167883
v -45.409367 14.243993 -31.171378
v -45.045387 13.879596 -31.171794
v -45.449421 13.512213 -31.535772
v -45.786743 13.916677 -31.535772
v -45.778603 38.001587 -31.535772
v -45.409367 37.983265 -31.166791
v -45.409367 37.461443 -31.166791
v -45.778091 37.479135 -31.535772
v 34.031132 55.285264 -31.161569
v 34.282696 55.645170 -31.535772
v 35.002647 55.658511 -31.535772
v 34.555878 55.285264 -31.167883
v 34.555878 13.879596 -31.167883
v 35.007668 13.503697 -31.535772
v 34.282677 13.519181 -31.535772
v 34.031132 13.879596 -31.161569
v 45.045353 55.285264 -31.171794
v 45.449390 55.652649 -31.535772
v 45.789059 55.247956 -31.535772
v 45.409332 54.925448 -31.175964
v 45.786709 13.916679 -31.535772
v 45.449875 13.507765 -31.535772
v 45.042850 13.879596 -31.169293
v 45.409332 14.243993 -31.171378
v 45.409332 37.983265 -31.166791
v 45.778568 38.001587 -31.535772
v 45.778057 37.479135 -31.535772
v 45.409332 37.461443 -31.166791
v -45.409367 54.916283 24.854242
v -45.040386 55.285264 24.854242
v -45.040386 54.916283 25.223213
v -34.034828 54.916283 25.223213
v -34.556648 54.916283 25.223213
v -34.556648 55.285264 24.854242
v -34.034828 55.285264 24.854242
v -34.034828 14.248576 25.223213
v -34.034828 13.879596 24.854242
v -34.556648 13.879596 24.854242
v -34.556648 14.248576 25.223213
v -34.556648 37.722356 24.854242
v -34.556648 38.091333 25.223213
v -34.034828 38.091333 25.223213
v -34.034828 37.722356 24.854242
v -45.040386 14.248576 25.223213
v -45.040386 13.879596 24.854242
v -45.409367 14.248576 24.854242
v -45.409367 37.353375 24.854242
v -45.409367 37.448263 24.949120
v -45.409367 37.985677 24.850807
v -45.047230 38.084491 25.223213
v -45.040386 37.722356 24.854242
v 34.034824 55.285264 24.854242
v 34.556644 55.285264 24.854242
v 34.556644 54.916283 25.223213
v 34.034824 54.916283 25.223213
v 34.556644 14.248576 25.223213
v 34.556644 13.879596 24.854242
v 34.034824 13.879596 24.854242
v 34.034824 14.248576 25.223213
v 34.034824 37.722356 24.854242
v 34.034824 38.091333 25.223213
v 34.556644 38.091333 25.223213
v 34.556644 37.722356 24.854242
v 45.040352 54.916283 25.223213
v 45.040352 55.285264 24.854242
v 45.409332 54.916283 24.854242
v 45.409332 14.248576 24.854242
v 45.040352 13.879596 24.854242
v 45.040352 14.248576 25.223213
v 45.040352 37.722356 24.854242
v 45.054039 38.077646 25.223213
v 45.409332 37.974585 24.866493
v 45.409332 37.448263 24.949120
v 45.409332 37.353375 24.854242
v 34.556644 35.262239 24.854242
v 34.556644 34.893262 25.223213
v 34.034824 34.893262 25.223213
v 34.034824 35.262239 24.854242
v -34.034828 35.262239 24.854242
v -34.034828 34.893262 25.223213
v -34.556648 34.893262 25.223213
v -34.556648 35.262239 24.854242
v -45.040386 35.262239 24.854242
v -45.054073 34.906942 25.223213
v -45.409367 35.010010 24.866493
v -45.409367 35.536325 24.949120
v -45.409367 35.631220 24.854242
v -45.409367 35.523152 -31.166791
v -45.409367 35.001330 -31.166791
v -45.778603 34.983008 -31.535772
v -45.778091 35.505456 -31.535772
v -49.630764 35.319704 -31.535772
v -49.631275 34.797252 -31.535772
v -50.000000 34.779563 -31.166791
v -50.000000 35.301381 -31.166791
v -50.000000 38.205035 -18.959663
v -50.000000 38.205035 -19.481481
v -50.000000 37.683210 -19.481481
v -50.000000 37.683210 -18.959663
v -50.000000 38.205035 21.471733
v -50.000000 38.205035 20.949916
v -50.000000 37.683210 20.949916
v -50.000000 37.683210 21.471733
v -49.631020 38.205035 33.526054
v -50.000000 38.205035 33.157083
v -50.000000 37.683210 33.157083
v -49.631020 37.683210 33.526054
v -37.501896 38.205035 33.526054
v -38.023716 38.205035 33.526054
v -38.023716 37.683210 33.526054
v -37.501896 37.683210 33.526054
v 38.023712 38.205035 33.526054
v 37.501892 38.205035 33.526054
v 37.501892 37.683210 33.526054
v 38.023712 37.683210 33.526054
v 50.000000 38.205035 33.157083
v 49.631020 38.205035 33.526054
v 49.631020 37.683210 33.526054
v 50.000000 37.683210 33.157083
v 50.000000 35.301381 21.471733
v 50.000000 34.779563 21.471733
v 50.000000 34.779563 20.949916
v 50.000000 35.301381 20.949916
v 50.000000 35.301381 -18.959663
v 50.000000 34.779563 -18.959663
v 50.000000 34.779563 -19.481481
v 50.000000 35.301381 -19.481481
v 50.000000 35.301381 -31.166791
v 50.000000 34.779563 -31.166791
v 49.631275 34.797252 -31.535772
v 49.630764 35.319704 -31.535772
v 45.778057 35.505456 -31.535772
v 45.778568 34.983008 -31.535772
v 45.409332 35.001330 -31.166791
v 45.409332 35.523152 -31.166791
v 45.409332 35.631220 24.854242
v 45.409332 35.536325 24.949120
v 45.409332 34.998918 24.850807
v 45.047195 34.900104 25.223213
v 45.040352 35.262239 24.854242
v -34.556648 37.722356 -27.914811
v -34.034828 37.722356 -27.914811
v -34.034828 37.353375 -28.283792
v -34.556648 37.353375 -28.283792
v -34.556648 35.631220 -28.283792
v -34.034828 35.631220 -28.283792
v -34.034828 35.262239 -27.914811
v -34.556648 35.262239 -27.914811
v 34.556644 37.353375 -28.283792
v 34.034824 37.353375 -28.283792
v 34.034824 37.722356 -27.914811
v 34.556644 37.722356 -27.914811
v 34.556644 35.262239 -27.914811
v 34.034824 35.262239 -27.914811
v 34.034824 35.631220 -28.283792
v 34.556644 35.631220 -28.283792
v -45.409367 37.353375 -27.914811
v -45.040386 37.722356 -27.914811
v -45.040386 37.353375 -28.283792
v -45.040386 35.631220 -28.283792
v -45.040386 35.262239 -27.914811
v -45.409367 35.631220 -27.914811
v 45.409332 35.631220 -27.914811
v 45.040352 35.262239 -27.914811
v 45.040352 35.631220 -28.283792
v 45.040352 37.353375 -28.283792
v 45.040352 37.722356 -27.914811
v 45.409332 37.353375 -27.914811
v -49.999996 55.196907 33.157083
v -49.631020 55.196907 33.526054
v -38.023716 55.196907 33.526054
v -37.501896 55.196907 33.526054
v 37.501892 55.196907 33.526054
v 38.023712 55.196907 33.526054
v 49.631020 55.196907 33.526054
v 50.000000 55.196907 33.157083
v 49.999996 55.196907 21.471733
v 50.000000 55.196907 20.949916
v 49.999996 55.196907 -18.959663
v 50.000000 55.196907 -19.481481
v 49.999996 55.209188 -31.179076
v 49.619690 54.952146 -31.535772
v 45.787285 52.335883 -31.535769
v 45.409332 52.064735 -31.174415
v 45.409332 52.055653 24.856309
v 45.042664 52.073054 25.223213
v 34.556644 52.075365 25.223213
v 34.034824 52.075365 25.223213
v -34.034828 52.075365 25.223213
v -34.556648 52.075365 25.223213
v -45.041542 52.074210 25.223213
v -45.409363 52.057526 24.853661
v -45.409363 52.064735 -31.174415
v -45.785370 52.336069 -31.535772
v -49.619690 54.952144 -31.535769
v -50.000000 55.203051 -31.172939
v -49.999996 55.196907 -19.481481
v -50.000000 55.196907 -18.959663
v -49.999996 55.196907 20.949916
v -50.000000 55.196907 21.471733
vt 0.377513 1.000000
vt 0.456497 1.000000
vt 0.372503 0.000873
vt 0.377513 0.000873
vt 0.375000 0.997595
vt 0.375000 0.918452
vt 0.455904 1.000000
vt 0.458333 0.997550
vt 0.458725 0.997596
vt 0.541376 1.000000
vt 0.458612 0.001194
vt 0.377513 0.248541
vt 0.372503 0.250000
vt 0.456557 0.248541
vt 0.458621 0.248541
vt 0.458621 0.252497
vt 0.127447 0.248570
vt 0.125000 0.247391
vt 0.375000 0.497553
vt 0.377411 0.497604
vt 0.456544 0.497486
vt 0.458620 0.497511
vt 0.375000 0.749128
vt 0.375000 0.748926
vt 0.378026 0.750000
vt 0.377449 0.750000
vt 0.375000 0.755465
vt 0.375000 0.752497
vt 0.375000 0.831509
vt 0.455465 0.750000
vt 0.458772 0.750000
vt 0.458732 0.752447
vt 0.458333 0.752404
vt 0.377513 0.082460
vt 0.456557 0.082460
vt 0.377513 0.090821
vt 0.372503 0.090821
vt 0.625000 0.997503
vt 0.625000 0.918491
vt 0.622487 0.000873
vt 0.627497 0.000873
vt 0.622580 1.000000
vt 0.546793 1.000000
vt 0.627497 0.082460
vt 0.627497 0.090821
vt 0.622487 0.090821
vt 0.377513 0.333871
vt 0.377513 0.331568
vt 0.456557 0.331568
vt 0.291129 0.250000
vt 0.208871 0.250000
vt 0.625000 0.252497
vt 0.622487 0.252497
vt 0.708871 0.248541
vt 0.706568 0.248541
vt 0.625000 0.333871
vt 0.625000 0.416129
vt 0.622487 0.333871
vt 0.375000 0.582095
vt 0.375000 0.590821
vt 0.375000 0.591859
vt 0.375000 0.659179
vt 0.622538 0.497554
vt 0.622078 0.500000
vt 0.872554 0.250000
vt 0.872603 0.248599
vt 0.875000 0.167628
vt 0.872503 0.167698
vt 0.875000 0.158653
vt 0.872503 0.159179
vt 0.875000 0.091347
vt 0.375000 0.830920
vt 0.377466 0.833333
vt 0.377419 0.834066
vt 0.375000 0.916124
vt 0.208853 0.001194
vt 0.872507 0.000872
vt 0.875000 0.002031
vt 0.625000 0.752402
vt 0.625000 0.831548
vt 0.625000 0.752497
vt 0.622614 0.750000
vt 0.621978 0.750000
vt 0.791124 0.001247
vt 0.793566 0.000940
vt 0.625000 0.833876
vt 0.622534 0.834080
vt 0.622581 0.833333
vt 0.541379 0.248541
vt 0.543443 0.252497
vt 0.543443 0.331568
vt 0.544275 0.500000
vt 0.541379 0.497507
vt 0.543443 0.333871
vt 0.541379 0.333871
vt 0.458621 0.331568
vt 0.541268 0.750000
vt 0.544203 0.750000
vt 0.541667 0.752450
vt 0.543578 0.000940
vt 0.543444 0.082460
vt 0.541267 0.997549
vt 0.541667 0.830929
vt 0.543384 0.834069
vt 0.541357 0.833912
vt 0.458727 0.831626
vt 0.543443 0.090821
vt 0.541379 0.090821
vt 0.458621 0.082460
vt 0.458621 0.333871
vt 0.455914 0.833333
vt 0.458643 0.833912
vt 0.458621 0.090821
vt 0.293566 0.000940
vt 0.293432 0.082460
vt 0.377466 0.915920
vt 0.456616 0.915931
vt 0.206568 0.248541
vt 0.206568 0.167698
vt 0.377513 0.416129
vt 0.456557 0.416129
vt 0.456557 0.418432
vt 0.293432 0.090821
vt 0.291129 0.090821
vt 0.208871 0.082460
vt 0.458621 0.416129
vt 0.541379 0.416129
vt 0.541379 0.418432
vt 0.543443 0.416129
vt 0.622487 0.416129
vt 0.622487 0.418432
vt 0.791129 0.248541
vt 0.793432 0.167698
vt 0.708876 0.001247
vt 0.706568 0.082460
vt 0.625000 0.919187
vt 0.622534 0.916667
vt 0.543460 0.915899
vt 0.791129 0.167698
vt 0.706568 0.167698
vt 0.627497 0.167698
vt 0.627497 0.159179
vt 0.706568 0.159179
vt 0.706568 0.090821
vt 0.544086 0.916667
vt 0.541273 0.918373
vt 0.458744 0.918448
vt 0.458643 0.916088
vt 0.458333 0.919071
vt 0.208871 0.090821
vt 0.206568 0.159179
vt 0.206568 0.090821
vt 0.127497 0.090821
vt 0.127497 0.082460
vt 0.791129 0.159179
vt 0.375000 0.753037
vt 0.375000 0.830857
vt 0.377492 0.750000
vt 0.455831 0.750000
vt 0.458333 0.752476
vt 0.458333 0.830847
vt 0.455841 0.833333
vt 0.377502 0.833333
vt 0.375000 0.830815
vt 0.541667 0.753037
vt 0.541667 0.830857
vt 0.544159 0.750000
vt 0.622498 0.750000
vt 0.541667 0.830815
vt 0.544721 0.833333
vt 0.622508 0.833333
vt 0.625000 0.752476
vt 0.625000 0.830847
vt 0.622467 0.833333
vt 0.541667 0.919704
vt 0.541667 0.997524
vt 0.544159 0.916667
vt 0.622498 0.916667
vt 0.541667 0.997482
vt 0.544721 1.000000
vt 0.622508 1.000000
vt 0.625000 0.919143
vt 0.625000 0.997514
vt 0.622467 1.000000
vt 0.455279 0.916667
vt 0.377492 0.916667
vt 0.458333 0.919143
vt 0.458333 0.997514
vt 0.377533 0.916667
vt 0.375000 0.919704
vt 0.375000 0.997524
vt 0.455841 1.000000
vt 0.377502 1.000000
vt 0.375000 0.997482
vt 0.375000 0.831046
vt 0.377512 0.750000
vt 0.455560 0.750000
vt 0.458333 0.752287
vt 0.458333 0.830575
vt 0.456034 0.833333
vt 0.377773 0.833333
vt 0.377658 0.830693
vt 0.543966 0.750000
vt 0.622227 0.750000
vt 0.544322 0.752639
vt 0.541667 0.830836
vt 0.544322 0.830694
vt 0.622701 0.833333
vt 0.625000 0.752287
vt 0.625000 0.830575
vt 0.622344 0.830694
vt 0.543966 0.916667
vt 0.622227 0.916667
vt 0.544322 0.919306
vt 0.541667 0.997503
vt 0.544322 0.997361
vt 0.622701 1.000000
vt 0.625000 0.918954
vt 0.625000 0.997241
vt 0.622344 0.997361
vt 0.458333 0.918954
vt 0.458333 0.997241
vt 0.455676 0.919307
vt 0.377512 0.916667
vt 0.377658 0.919307
vt 0.375000 0.997713
vt 0.456034 1.000000
vt 0.377773 1.000000
vt 0.377658 0.997359
vt 0.375000 0.501707
vt 0.375000 0.582093
vt 0.377838 0.500000
vt 0.455613 0.500000
vt 0.458717 0.500000
vt 0.541245 0.500000
vt 0.458655 0.750000
vt 0.541283 0.750000
vt 0.455632 0.750000
vt 0.377804 0.750000
vt 0.375000 0.748849
vt 0.375000 0.748580
vt 0.375000 0.582095
vt 0.375000 0.592171
vt 0.544368 0.500000
vt 0.622196 0.500000
vt 0.541345 0.750000
vt 0.543617 0.750000
vt 0.622162 0.750000
vt 0.625000 0.501368
vt 0.625000 0.582093
vt 0.622252 0.750000
vt 0.625000 0.592175
vt 0.375000 0.582084
vt 0.377767 0.500000
vt 0.456377 0.500000
vt 0.458650 0.500000
vt 0.541350 0.500000
vt 0.458650 0.501751
vt 0.458650 0.748562
vt 0.541350 0.750000
vt 0.456377 0.750000
vt 0.377767 0.750000
vt 0.456377 0.583333
vt 0.377715 0.581615
vt 0.458650 0.581583
vt 0.375000 0.748562
vt 0.377766 0.583333
vt 0.375000 0.595833
vt 0.543623 0.500000
vt 0.622233 0.500000
vt 0.543623 0.501751
vt 0.541350 0.581583
vt 0.541350 0.748562
vt 0.543623 0.748562
vt 0.622233 0.750000
vt 0.543623 0.581583
vt 0.625000 0.501751
vt 0.625000 0.582137
vt 0.622336 0.581647
vt 0.622233 0.748562
vt 0.625000 0.592618
vt 0.543623 0.666667
vt 0.622285 0.668078
vt 0.541350 0.668105
vt 0.458650 0.668105
vt 0.456377 0.668105
vt 0.377664 0.668051
vt 0.375000 0.654169
vt 0.375000 0.667650
vt 0.375000 0.667683
vt 0.375000 0.657829
vt 0.375000 0.667685
vt 0.375000 0.667684
vt 0.375000 0.659165
vt 0.208871 0.159179
vt 0.291129 0.159179
vt 0.291129 0.167698
vt 0.293432 0.159179
vt 0.372503 0.159179
vt 0.372503 0.167698
vt 0.377513 0.159179
vt 0.456557 0.159179
vt 0.456557 0.167698
vt 0.458621 0.159179
vt 0.541379 0.159179
vt 0.541379 0.167698
vt 0.543443 0.159179
vt 0.622487 0.159179
vt 0.622487 0.167698
vt 0.708871 0.082460
vt 0.791129 0.082460
vt 0.791129 0.090821
vt 0.793432 0.082460
vt 0.872503 0.082460
vt 0.872503 0.090821
vt 0.625000 0.667684
vt 0.625000 0.667686
vt 0.625000 0.659031
vt 0.625000 0.667683
vt 0.625000 0.667693
vt 0.625000 0.657382
vt 0.622234 0.666667
vt 0.377767 0.583333
vt 0.458650 0.583333
vt 0.541350 0.583333
vt 0.458649 0.595831
vt 0.456377 0.666667
vt 0.377767 0.666667
vt 0.458649 0.654167
vt 0.541350 0.666667
vt 0.543623 0.583333
vt 0.622233 0.583333
vt 0.543623 0.595832
vt 0.541350 0.654168
vt 0.543623 0.654168
vt 0.622233 0.666667
vt 0.377767 0.595832
vt 0.377767 0.654168
vt 0.375000 0.654168
vt 0.622233 0.654168
vt 0.622233 0.595832
vt 0.625000 0.595832
vt 0.377513 0.167698
vt 0.377513 0.418432
vt 0.377767 0.501751
vt 0.456377 0.501751
vt 0.456377 0.581583
vt 0.377658 0.752641
vt 0.455676 0.752641
vt 0.455678 0.830694
vt 0.793432 0.248541
vt 0.127497 0.167698
vt 0.543443 0.418432
vt 0.543469 0.497468
vt 0.622233 0.501751
vt 0.622342 0.752641
vt 0.543443 0.248541
vt 0.543443 0.167698
vt 0.622487 0.248541
vt 0.458621 0.418432
vt 0.541350 0.501751
vt 0.541276 0.752396
vt 0.541256 0.831551
vt 0.458621 0.167698
vt 0.293432 0.167698
vt 0.372503 0.248541
vt 0.293432 0.248541
vt 0.456557 0.252497
vt 0.541379 0.252497
vt 0.541379 0.331568
vt 0.622487 0.331568
vt 0.622342 0.919307
vt 0.455678 0.997361
vt 0.208871 0.167698
vt 0.291129 0.248541
vt 0.208871 0.248541
vt 0.456557 0.333871
vt 0.708871 0.167698
vt 0.622581 0.915934
vt 0.541357 0.916088
vt 0.456540 0.834101
vt 0.455904 0.750000
vt 0.458333 0.830929
vt 0.375000 0.752487
vt 0.541667 0.752487
vt 0.625000 0.830920
vt 0.544086 0.833333
vt 0.544169 0.833333
vt 0.541667 0.997549
vt 0.541667 0.919071
vt 0.541667 0.919153
vt 0.622487 1.000000
vt 0.544096 1.000000
vt 0.544169 1.000000
vt 0.377466 0.916667
vt 0.455914 0.916667
vt 0.455831 0.916667
vt 0.375000 0.997503
vt 0.375000 0.919080
vt 0.375000 0.919153
vt 0.377533 0.750000
vt 0.455279 0.750000
vt 0.458333 0.752518
vt 0.458333 0.830296
vt 0.455801 0.833333
vt 0.378055 0.833333
vt 0.375000 0.752759
vt 0.541667 0.752759
vt 0.544199 0.750000
vt 0.621945 0.750000
vt 0.625000 0.752518
vt 0.625000 0.830296
vt 0.544439 0.833333
vt 0.541667 0.919425
vt 0.544199 0.916667
vt 0.621945 0.916667
vt 0.625000 0.919185
vt 0.625000 0.996963
vt 0.544439 1.000000
vt 0.455560 0.916667
vt 0.458333 0.919185
vt 0.458333 0.996963
vt 0.455801 1.000000
vt 0.378055 1.000000
vt 0.375000 0.919425
vt 0.377922 0.500000
vt 0.455725 0.500000
vt 0.375000 0.501360
vt 0.625000 0.501379
vt 0.625000 0.582095
vt 0.544535 0.750000
vt 0.544387 0.750000
vt 0.458731 0.500000
vt 0.541229 0.500000
vt 0.458755 0.750000
vt 0.377729 0.500000
vt 0.456383 0.500000
vt 0.456383 0.750000
vt 0.377729 0.750000
vt 0.375000 0.501751
vt 0.543617 0.500000
vt 0.622271 0.500000
vt 0.625000 0.501707
vt 0.625000 0.582095
vt 0.543623 0.750000
vt 0.458655 0.500000
vt 0.541345 0.500000
vt 0.458650 0.750000
vt 0.456377 0.748562
vt 0.377767 0.748562
vt 0.127493 0.000872
vt 0.206434 0.000940
vt 0.206568 0.082460
vt 0.291124 0.001247
vt 0.291129 0.082460
vt 0.372503 0.082460
vt 0.456422 0.000940
vt 0.541379 0.082460
vt 0.541376 0.001247
vt 0.622487 0.082460
vt 0.706434 0.000940
vt 0.625000 0.748926
vt 0.625000 0.748849
vt 0.625000 0.748580
vt 0.625000 0.748562
vt 0.543623 0.668105
vt 0.541350 0.595832
vt 0.456377 0.595832
vt 0.456377 0.654168
vt 0.375000 0.592618
vt 0.375000 0.657382
vt 0.375000 0.592175
vt 0.375000 0.659031
vt 0.127497 0.159179
vt 0.456557 0.090821
vt 0.708871 0.090821
vt 0.708871 0.159179
vt 0.793432 0.090821
vt 0.793432 0.159179
vt 0.625000 0.591859
vt 0.625000 0.659165
vt 0.625000 0.592171
vt 0.625000 0.657829
vt 0.458650 0.583333
vt 0.541350 0.583333
vt 0.541350 0.666667
vt 0.458650 0.666667
vt 0.458650 0.666667
vt 0.456377 0.583333
vt 0.456377 0.666667
vt 0.377767 0.666667
vt 0.375000 0.595832
vt 0.543623 0.666667
vt 0.543623 0.583333
vt 0.622233 0.583333
vt 0.625000 0.595831
vt 0.625000 0.654167
vt 0.625000 0.654168
vt 0.380488 1.000000
vt 0.375000 1.000000
vt 0.458612 1.000000
vt 0.458333 1.000000
vt 0.377513 0.252497
vt 0.375000 0.501379
vt 0.375000 0.750000
vt 0.625000 0.994528
vt 0.625000 1.000000
vt 0.293432 0.250000
vt 0.291667 0.250000
vt 0.627497 0.248541
vt 0.625000 0.333333
vt 0.625000 0.331568
vt 0.125000 0.167628
vt 0.125000 0.166667
vt 0.875000 0.248486
vt 0.875000 0.247391
vt 0.875000 0.166667
vt 0.375000 0.833853
vt 0.375000 0.833333
vt 0.625000 0.750000
vt 0.625000 0.833333
vt 0.541667 1.000000
vt 0.375000 0.916667
vt 0.375000 0.416667
vt 0.375000 0.418432
vt 0.793432 0.250000
vt 0.791667 0.250000
vt 0.625000 0.916667
vt 0.625000 0.916124
vt 0.375000 0.667540
vt 0.375000 0.666667
vt 0.875000 0.082519
vt 0.875000 0.083333
vt 0.372503 0.234891
vt 0.377513 0.234891
vt 0.456557 0.234891
vt 0.458621 0.234891
vt 0.541379 0.234891
vt 0.543443 0.234891
vt 0.622487 0.234891
vt 0.627497 0.234891
vt 0.706568 0.234891
vt 0.708871 0.234891
vt 0.791129 0.234891
vt 0.793432 0.234891
vt 0.872586 0.234939
vt 0.875000 0.233923
vt 0.625000 0.515008
vt 0.625000 0.514999
vt 0.625000 0.515281
vt 0.625000 0.515324
vt 0.622251 0.515241
vt 0.543623 0.515230
vt 0.541350 0.515230
vt 0.458650 0.515230
vt 0.456377 0.515230
vt 0.377758 0.515236
vt 0.375000 0.515315
vt 0.375000 0.515281
vt 0.375000 0.514992
vt 0.125000 0.233923
vt 0.375000 0.515008
vt 0.127455 0.234915
vt 0.206568 0.234891
vt 0.208871 0.234891
vt 0.291129 0.234891
vt 0.293432 0.234891
vn -0.706424 0.000236 0.707789
vn -0.706424 0.000236 0.707789
vn -0.706254 -0.017717 0.707737
vn -0.706270 -0.016391 0.707752
vn -0.000000 0.000000 1.000000
vn -0.000000 0.000000 1.000000
vn -0.000000 0.000000 1.000000
vn -0.000000 0.000000 1.000000
vn -0.707099 0.000000 0.707115
vn -0.707099 0.000000 0.707115
vn -0.707099 0.000000 0.707115
vn -0.707099 0.000000 0.707115
vn -1.000000 -0.000000 0.000000
vn -1.000000 0.000000 0.000000
vn -1.000000 -0.000000 0.000000
vn -1.000000 0.000000 0.000000
vn 0.710416 -0.000823 0.703781
vn 0.710417 -0.000823 0.703781
vn 0.710131 -0.017844 0.703843
vn 0.710107 -0.018904 0.703840
vn 0.702088 -0.712090 0.000306
vn 0.702088 -0.712090 0.000306
vn 0.687158 -0.726037 -0.026143
vn 0.683450 -0.729273 -0.032506
vn 0.004576 -0.698962 0.715144
vn 0.006240 -0.698057 0.716015
vn -0.006246 -0.697955 0.716114
vn -0.004326 -0.698995 0.715113
vn 0.000000 0.000000 1.000000
vn 0.000000 0.000000 1.000000
vn 0.000000 0.000000 1.000000
vn -0.624049 -0.470228 0.624058
vn -0.624049 -0.470228 0.624058
vn -0.704367 -0.087844 0.704380
vn -0.703987 -0.093736 0.704000
vn 0.000000 0.707097 0.707117
vn 0.000000 0.707097 0.707117
vn 0.000000 0.707097 0.707117
vn 0.000000 0.707097 0.707117
vn -0.707109 0.707105 0.000000
vn -0.707109 0.707105 0.000000
vn -0.707109 0.707105 0.000000
vn -0.707109 0.707105 0.000000
vn 0.000000 -0.285888 0.958263
vn 0.000000 -0.285888 0.958263
vn 0.000000 -0.046846 0.998902
vn 0.000000 -0.055179 0.998477
vn 0.000000 0.707097 0.707116
vn 0.000000 0.707097 0.707116
vn 0.000000 0.707097 0.707116
vn 0.000000 0.707097 0.707116
vn 0.000000 1.000000 0.000000
vn 0.000000 1.000000 0.000000
vn 0.000000 1.000000 0.000000
vn 0.000000 1.000000 0.000000
vn 0.059744 -0.149299 -0.986986
vn 0.014950 -0.301883 -0.953228
vn 0.008905 -0.311691 -0.950142
vn 0.022596 -0.156220 -0.987464
vn -0.760677 -0.480525 -0.436425
vn -0.760677 -0.480525 -0.436425
vn -0.714328 -0.046085 -0.698291
vn -0.747296 -0.173224 -0.641515
vn -0.710757 0.703437 0.000676
vn -0.710757 0.703437 0.000676
vn -0.710599 0.703597 0.000647
vn -0.710599 0.703597 0.000647
vn -0.015789 0.688985 -0.724604
vn -0.019885 0.686440 -0.726915
vn 0.000066 0.699045 -0.715078
vn 0.000250 0.699521 -0.714612
vn 0.000199 -0.325623 -0.945500
vn -0.000136 -0.324957 -0.945729
vn -0.000030 -0.324830 -0.945772
vn -0.000446 -0.326295 -0.945268
vn 0.000000 1.000000 0.000000
vn 0.000000 1.000000 -0.000000
vn 0.000000 1.000000 -0.000000
vn 0.000000 1.000000 0.000000
vn 0.000026 0.702285 -0.711896
vn 0.000079 0.702387 -0.711796
vn -0.000057 0.702401 -0.711781
vn -0.000016 0.702289 -0.711892
vn -0.711790 0.000194 -0.702392
vn -0.694158 -0.000117 -0.719822
vn -0.715125 0.000258 -0.698996
vn -0.715102 0.000258 -0.699020
vn 0.000000 0.000000 -1.000000
vn 0.000001 0.000000 -1.000000
vn 0.000001 0.000000 -1.000000
vn 0.000000 0.000000 -1.000000
vn -0.000000 0.000000 -1.000000
vn 0.000000 0.000000 -1.000000
vn -0.000000 0.000000 -1.000000
vn -0.688117 -0.000634 -0.725600
vn -0.684283 -0.000691 -0.729216
vn -0.711909 -0.017102 -0.702063
vn -0.711877 -0.018145 -0.702070
vn -1.000000 -0.000000 0.000000
vn -1.000000 0.000000 0.000000
vn -1.000000 -0.000000 0.000000
vn -1.000000 -0.000000 0.000000
vn 0.000000 0.000000 -1.000000
vn 0.000000 0.000000 -1.000000
vn 0.000000 0.000000 -1.000000
vn 0.009299 -0.688331 -0.725337
vn 0.002429 -0.690610 -0.723223
vn -0.002483 -0.690594 -0.723238
vn -0.009649 -0.688151 -0.725503
vn 0.703283 -0.710910 0.000146
vn 0.703283 -0.710910 0.000146
vn 0.683859 -0.728815 0.034130
vn 0.688619 -0.724657 0.026009
vn 0.705579 -0.001209 -0.708630
vn 0.705579 -0.001209 -0.708630
vn 0.705506 -0.019486 -0.708436
vn 0.705520 -0.018131 -0.708458
vn 0.000000 0.000000 1.000000
vn 0.000000 0.000000 1.000000
vn 0.000000 0.000000 1.000000
vn -0.707097 0.000000 0.707117
vn -0.707097 0.000000 0.707117
vn -0.707097 0.000000 0.707117
vn -0.707097 0.000000 0.707117
vn -1.000000 -0.000000 0.000000
vn -1.000000 0.000000 0.000000
vn -1.000000 0.000000 0.000000
vn -1.000000 -0.000000 0.000000
vn 0.707773 0.000236 0.706439
vn 0.707773 0.000236 0.706439
vn 0.707755 -0.016524 0.706265
vn 0.707743 -0.017568 0.706251
vn 1.000000 -0.000000 0.000000
vn 1.000000 0.000000 0.000000
vn 1.000000 0.000000 0.000000
vn 1.000000 -0.000000 0.000000
vn 0.707099 0.000000 0.707115
vn 0.707099 0.000000 0.707115
vn 0.707099 0.000000 0.707115
vn 0.707099 0.000000 0.707115
vn -0.000000 0.000000 1.000000
vn -0.000000 0.000000 1.000000
vn -0.000000 0.000000 1.000000
vn -0.000000 0.000000 1.000000
vn 1.000000 0.000000 0.000000
vn 1.000000 -0.000000 0.000000
vn 1.000000 -0.000000 0.000000
vn 1.000000 0.000000 0.000000
vn 0.707097 0.000000 0.707117
vn 0.707097 0.000000 0.707117
vn 0.707097 0.000000 0.707117
vn 0.707097 0.000000 0.707117
vn 0.000000 0.000000 1.000000
vn 0.000000 0.000000 1.000000
vn 0.000000 0.000000 1.000000
vn -0.000000 0.000000 1.000000
vn -0.908991 -0.416816 0.000000
vn -0.908991 -0.416816 -0.000000
vn -0.996514 -0.083428 0.000000
vn -0.997334 -0.072975 -0.000000
vn 0.000000 1.000000 0.000000
vn 0.000000 1.000000 0.000000
vn 0.000000 1.000000 0.000000
vn -0.707108 0.707106 0.000000
vn -0.707108 0.707106 0.000000
vn -0.707108 0.707106 0.000000
vn -0.707108 0.707106 0.000000
vn 0.624048 -0.470225 0.624061
vn 0.624048 -0.470225 0.624061
vn 0.703985 -0.093735 0.704002
vn 0.704365 -0.087844 0.704381
vn 0.707109 0.707105 0.000000
vn 0.707109 0.707105 0.000000
vn 0.707109 0.707105 0.000000
vn 0.707109 0.707105 0.000000
vn 0.000000 0.707097 0.707117
vn 0.000000 0.707097 0.707117
vn 0.000000 0.707097 0.707117
vn 0.000000 0.707097 0.707117
vn 0.908991 -0.416816 0.000000
vn 0.908991 -0.416816 -0.000000
vn 0.997334 -0.072975 0.000000
vn 0.996514 -0.083428 -0.000000
vn 0.707108 0.707106 0.000000
vn 0.707108 0.707106 0.000000
vn 0.707108 0.707106 0.000000
vn 0.707108 0.707106 0.000000
vn 0.000000 1.000000 0.000000
vn 0.000000 1.000000 0.000000
vn 0.000000 1.000000 0.000000
vn 0.000000 1.000000 0.000000
vn -1.000000 0.000000 0.000000
vn -1.000000 0.000000 0.000000
vn -1.000000 0.000000 0.000000
vn -1.000000 0.000000 0.000000
vn 0.000000 0.000000 -1.000000
vn -0.000000 0.000000 -1.000000
vn -0.000000 0.000000 -1.000000
vn 0.000000 0.000000 -1.000000
vn -0.706909 -0.000065 -0.707305
vn -0.706904 -0.000058 -0.707310
vn -0.706904 0.000058 -0.707310
vn -0.706909 0.000065 -0.707304
vn -0.014854 -0.301728 -0.953278
vn -0.059503 -0.149646 -0.986948
vn -0.022584 -0.156289 -0.987453
vn -0.008849 -0.311459 -0.950218
vn 0.019045 0.691717 -0.721917
vn 0.015419 0.694002 -0.719808
vn -0.000020 0.704072 -0.710129
vn 0.000131 0.703728 -0.710469
vn 0.703547 0.710648 0.000673
vn 0.703547 0.710648 0.000673
vn 0.703702 0.710495 0.000644
vn 0.703702 0.710495 0.000644
vn 0.760981 -0.480497 -0.435925
vn 0.760981 -0.480497 -0.435925
vn 0.746067 -0.175688 -0.642275
vn 0.711237 -0.044828 -0.701522
vn 0.000000 0.000000 -1.000000
vn 0.000000 0.000000 -1.000000
vn 0.000000 0.000000 -1.000000
vn 0.000000 0.000000 -1.000000
vn 1.000000 0.000000 0.000000
vn 1.000000 0.000000 -0.000000
vn 1.000000 0.000000 0.000000
vn 1.000000 0.000000 0.000000
vn 0.706904 -0.000058 -0.707310
vn 0.706909 -0.000065 -0.707305
vn 0.706909 0.000065 -0.707304
vn 0.706904 0.000058 -0.707310
vn -0.703782 -0.000823 0.710416
vn -0.703782 -0.000823 0.710416
vn -0.703860 -0.019060 0.710083
vn -0.703862 -0.017708 0.710115
vn -0.000308 -0.712078 0.702100
vn -0.000308 -0.712078 0.702100
vn 0.033174 -0.729600 0.683069
vn 0.028089 -0.727021 0.686041
vn -0.717844 -0.696135 0.009832
vn -0.718262 -0.695692 0.010639
vn -0.718461 -0.695485 -0.010676
vn -0.717784 -0.696203 -0.009363
vn -1.000000 -0.000000 0.000000
vn -1.000000 -0.000000 0.000000
vn -1.000000 -0.000000 0.000000
vn 0.694640 0.000272 -0.719357
vn 0.711873 0.000259 -0.702308
vn 0.715099 0.000258 -0.699023
vn 0.715122 0.000258 -0.698999
vn 1.000000 0.000000 0.000000
vn 1.000000 -0.000000 0.000000
vn 1.000000 -0.000000 0.000000
vn 1.000000 -0.000000 0.000000
vn 0.686894 -0.000623 -0.726757
vn 0.691858 -0.000654 -0.722034
vn 0.714537 -0.018880 -0.699343
vn 0.714607 -0.017555 -0.699305
vn 0.000000 0.000000 -1.000000
vn 0.000000 0.000000 -1.000000
vn 0.000000 0.000000 -1.000000
vn 0.000000 0.000000 -1.000000
vn 0.000000 0.000000 -1.000000
vn 0.000000 0.000000 -1.000000
vn 0.000000 0.000000 -1.000000
vn 1.000000 0.000000 0.000000
vn 1.000000 0.000000 0.000000
vn 1.000000 0.000000 0.000000
vn 0.725559 -0.688079 0.010517
vn 0.724942 -0.688747 0.009283
vn 0.724947 -0.688742 -0.009338
vn 0.725772 -0.687848 -0.010973
vn -0.000165 -0.711181 0.703008
vn -0.000165 -0.711181 0.703008
vn -0.029604 -0.726746 0.686268
vn -0.033170 -0.728564 0.684174
vn 0.742322 -0.067359 0.666649
vn 0.733170 -0.048392 0.678321
vn 0.708471 -0.018268 0.705504
vn 0.708454 -0.019334 0.705492
vn 0.000000 -0.285888 0.958263
vn 0.000000 -0.285888 0.958263
vn 0.000000 -0.055179 0.998477
vn 0.000000 -0.046846 0.998902
vn 0.000000 1.000000 0.000000
vn 0.000000 1.000000 0.000000
vn 0.000000 1.000000 0.000000
vn 0.000123 -0.324942 -0.945734
vn -0.000239 -0.325231 -0.945634
vn 0.000361 -0.325869 -0.945415
vn 0.000026 -0.324827 -0.945773
vn 0.000000 1.000000 0.000000
vn 0.000000 1.000000 0.000000
vn 0.000000 1.000000 0.000000
vn 0.000000 1.000000 0.000000
vn 0.000000 1.000000 0.000000
vn 0.000000 1.000000 0.000000
vn 0.000000 1.000000 0.000000
vn 0.000000 1.000000 0.000000
vn 0.000000 0.000000 -1.000000
vn 0.000000 0.000000 -1.000000
vn 0.000000 0.000000 -1.000000
vn -0.702878 0.000059 -0.711310
vn -0.702878 0.000059 -0.711310
vn -0.703170 -0.016868 -0.710822
vn -0.703181 -0.017929 -0.710785
vn -0.702652 -0.711533 -0.000341
vn -0.702652 -0.711533 -0.000341
vn -0.687689 -0.725535 0.026131
vn -0.683974 -0.728782 0.032496
vn -0.708940 -0.000823 0.705268
vn -0.708940 -0.000823 0.705268
vn -0.708602 -0.019055 0.705351
vn -0.708635 -0.017710 0.705353
vn -0.000000 0.000000 1.000000
vn -0.000000 0.000000 1.000000
vn -0.706384 -0.707829 -0.000372
vn -0.706383 -0.707829 -0.000372
vn -0.686880 -0.725966 -0.034193
vn -0.691669 -0.721743 -0.026096
vn -0.706367 -0.001298 0.707844
vn -0.706367 -0.001298 0.707844
vn -0.706227 -0.019725 0.707710
vn -0.706246 -0.018361 0.707728
vn 0.000000 -1.000000 0.000000
vn 0.000000 -1.000000 -0.000000
vn 0.000000 -1.000000 -0.000000
vn 0.000000 -1.000000 0.000000
vn 0.000000 -1.000000 0.000000
vn 0.000000 -1.000000 0.000000
vn 0.000000 -1.000000 0.000000
vn 0.000000 0.000000 1.000000
vn 0.000000 0.000000 1.000000
vn 0.000000 0.000000 1.000000
vn 0.000000 0.000000 1.000000
vn 0.000000 1.000000 0.000000
vn 0.000000 1.000000 0.000000
vn 0.707852 -0.001299 0.706359
vn 0.707852 -0.001299 0.706359
vn 0.707752 -0.018497 0.706219
vn 0.707739 -0.019572 0.706203
vn 0.000000 -1.000000 0.000000
vn 0.000000 -1.000000 0.000000
vn 0.000000 -1.000000 0.000000
vn 0.000000 0.000000 1.000000
vn 0.000000 0.000000 1.000000
vn -0.705253 -0.000825 -0.708956
vn -0.705253 -0.000825 -0.708955
vn -0.705356 -0.017843 -0.708628
vn -0.705356 -0.018910 -0.708601
vn -1.000000 -0.000000 0.000000
vn -1.000000 -0.000000 0.000000
vn 0.000375 -0.707840 -0.706373
vn 0.000375 -0.707840 -0.706373
vn 0.029680 -0.723630 -0.689549
vn 0.033215 -0.725469 -0.687453
vn -0.908991 -0.416816 -0.000000
vn -0.909002 -0.416791 -0.000233
vn -0.997337 -0.072929 -0.000040
vn -0.996514 -0.083428 0.000000
vn 0.000000 1.000000 -0.000000
vn 0.000000 1.000000 0.000000
vn -1.000000 0.000000 0.000000
vn -1.000000 0.000000 0.000000
vn -1.000000 0.000000 0.000000
vn -1.000000 0.000000 0.000000
vn 0.000000 1.000000 0.000000
vn 0.000000 1.000000 0.000000
vn 0.909013 -0.416767 -0.000465
vn 0.908991 -0.416816 0.000000
vn 0.996514 -0.083428 -0.000000
vn 0.997341 -0.072882 -0.000080
vn 1.000000 0.000000 0.000000
vn 1.000000 0.000000 0.000000
vn 0.736044 -0.047963 -0.675232
vn 0.743907 -0.064397 -0.665173
vn 0.710790 -0.018067 -0.703172
vn 0.710836 -0.016737 -0.703159
vn 0.000308 -0.712098 -0.702080
vn 0.000308 -0.712098 -0.702080
vn -0.033174 -0.729618 -0.683050
vn -0.028087 -0.727038 -0.686022
vn 1.000000 0.000000 0.000000
vn 1.000000 0.000000 0.000000
vn 1.000000 0.000000 0.000000
vn 1.000000 0.000000 0.000000
vn 1.000000 0.000000 0.000000
vn 1.000000 0.000000 0.000000
vn 1.000000 0.000000 -0.000000
vn 1.000000 0.000000 0.000000
vn 1.000000 0.000000 0.000000
vn -0.707852 -0.001299 -0.706359
vn -0.707852 -0.001299 -0.706359
vn -0.707752 -0.018497 -0.706219
vn -0.707738 -0.019572 -0.706203
vn 0.000000 -1.000000 -0.000000
vn 0.000000 -1.000000 -0.000000
vn 0.706363 -0.001298 -0.707849
vn 0.706363 -0.001298 -0.707849
vn 0.706222 -0.019724 -0.707715
vn 0.706241 -0.018360 -0.707733
vn -1.000000 0.000000 0.000000
vn -1.000000 0.000000 0.000000
vn -1.000000 0.000000 0.000000
vn -1.000000 -0.000000 0.000000
vn 1.000000 0.000000 0.000000
vn 1.000000 0.000000 0.000000
vn -0.642524 -0.379553 -0.665659
vn -0.644339 -0.374653 -0.666680
vn -0.178830 -0.735480 -0.653521
vn -0.621933 -0.432176 -0.653011
vn -0.999942 -0.010783 -0.000001
vn -0.962380 -0.271708 -0.000001
vn -0.962389 -0.271674 -0.000001
vn -0.999942 -0.010762 -0.000001
vn 0.000001 -0.274956 -0.961457
vn 0.000000 -0.011131 -0.999938
vn 0.000000 -0.011134 -0.999938
vn 0.000001 -0.275059 -0.961427
vn 0.656569 -0.371641 -0.656353
vn 0.655179 -0.376618 -0.654904
vn 0.637646 -0.751526 -0.169162
vn 0.175182 -0.739855 -0.649558
vn 0.962390 -0.271673 0.000001
vn 0.999941 -0.010914 0.000001
vn 0.999940 -0.010926 0.000001
vn 0.962380 -0.271706 0.000001
vn 0.655440 -0.376588 0.654660
vn 0.656869 -0.371648 0.656050
vn 0.179505 -0.746708 0.640473
vn 0.637647 -0.751536 0.169113
vn -0.000001 -0.275174 0.961394
vn -0.000001 -0.011304 0.999936
vn -0.000001 -0.011313 0.999936
vn -0.000001 -0.275195 0.961388
vn -0.656575 -0.371639 0.656348
vn -0.655185 -0.376616 0.654899
vn -0.637571 -0.751595 0.169138
vn -0.179534 -0.746702 0.640472
vn -0.655433 -0.376592 -0.654665
vn -0.656861 -0.371653 -0.656054
vn -0.179504 -0.746707 -0.640474
vn -0.647072 -0.744333 -0.165127
vn -0.999940 -0.010939 -0.000001
vn -0.962421 -0.271562 -0.000001
vn -0.962469 -0.271391 -0.000001
vn -0.999940 -0.010922 -0.000001
vn 0.000001 -0.275176 -0.961394
vn 0.000001 -0.011144 -0.999938
vn 0.000001 -0.011137 -0.999938
vn 0.000001 -0.275198 -0.961388
vn -0.667137 -0.374525 0.643940
vn -0.666087 -0.379597 0.642055
vn -0.650659 -0.740914 0.166401
vn -0.656217 -0.421913 0.625594
vn -0.000001 -0.011300 0.999936
vn -0.000001 -0.275195 0.961388
vn -0.000001 -0.275174 0.961394
vn -0.000001 -0.011295 0.999936
vn 0.656570 -0.371642 -0.656353
vn 0.655180 -0.376619 -0.654903
vn 0.637649 -0.751523 -0.169162
vn 0.179534 -0.746700 -0.640473
vn 0.962389 -0.271675 0.000001
vn 0.999942 -0.010771 0.000001
vn 0.999942 -0.010774 0.000001
vn 0.962380 -0.271708 0.000001
vn 0.655441 -0.376587 0.654660
vn 0.656869 -0.371648 0.656049
vn 0.179533 -0.746635 0.640550
vn 0.637651 -0.751533 0.169114
vn -0.655434 -0.376592 -0.654664
vn -0.656863 -0.371652 -0.656053
vn -0.179507 -0.746700 -0.640481
vn -0.647075 -0.744330 -0.165126
vn -0.999940 -0.010935 -0.000001
vn -0.962421 -0.271562 -0.000001
vn -0.962469 -0.271391 -0.000001
vn -0.999940 -0.010927 -0.000001
vn 0.000001 -0.275176 -0.961394
vn 0.000001 -0.011304 -0.999936
vn 0.000001 -0.011313 -0.999936
vn 0.000001 -0.275198 -0.961388
vn -0.667134 -0.374529 0.643941
vn -0.666084 -0.379601 0.642056
vn -0.650662 -0.740910 0.166404
vn -0.656214 -0.421916 0.625596
vn -0.000001 -0.011144 0.999938
vn -0.000001 -0.275203 0.961386
vn -0.000001 -0.275181 0.961392
vn -0.000001 -0.011145 0.999938
vn 0.656570 -0.371643 -0.656352
vn 0.655180 -0.376620 -0.654902
vn 0.637647 -0.751526 -0.169159
vn 0.179537 -0.746693 -0.640481
vn 0.962389 -0.271674 0.000001
vn 0.999942 -0.010790 0.000001
vn 0.999942 -0.010800 0.000001
vn 0.962380 -0.271707 0.000001
vn 0.655437 -0.376593 0.654660
vn 0.656866 -0.371653 0.656049
vn 0.179534 -0.746625 0.640561
vn 0.637647 -0.751536 0.169114
vn 0.656570 -0.371642 -0.656352
vn 0.655180 -0.376619 -0.654903
vn 0.637650 -0.751523 -0.169161
vn 0.175184 -0.739848 -0.649565
vn 0.000001 -0.011309 -0.999936
vn 0.000001 -0.275059 -0.961427
vn 0.000001 -0.274956 -0.961457
vn 0.000001 -0.011308 -0.999936
vn 0.962390 -0.271673 0.000001
vn 0.999940 -0.010922 0.000001
vn 0.999940 -0.010939 0.000001
vn 0.962380 -0.271706 0.000001
vn -0.642524 -0.379553 -0.665659
vn -0.644339 -0.374653 -0.666680
vn -0.178832 -0.735473 -0.653528
vn -0.621933 -0.432175 -0.653011
vn -0.999942 -0.010775 -0.000001
vn -0.962380 -0.271707 -0.000001
vn -0.962389 -0.271674 -0.000001
vn -0.999942 -0.010772 -0.000001
vn 0.655438 -0.376589 0.654662
vn 0.656867 -0.371649 0.656051
vn 0.179510 -0.746691 0.640491
vn 0.637650 -0.751533 0.169116
vn -0.000001 -0.275182 0.961392
vn -0.000001 -0.011139 0.999938
vn -0.000001 -0.011150 0.999938
vn -0.000001 -0.275203 0.961386
vn -0.656573 -0.371645 0.656348
vn -0.655182 -0.376623 0.654898
vn -0.637571 -0.751596 0.169136
vn -0.179539 -0.746685 0.640490
vn -0.591445 -0.806345 0.000000
vn -0.591445 -0.806345 0.000000
vn -0.334549 -0.887264 0.317553
vn -0.005470 -0.797331 -0.603518
vn 0.331375 -0.884236 -0.329115
vn 0.334557 -0.887242 0.317606
vn -0.346458 -0.883812 -0.314394
vn 0.334587 -0.887237 -0.317588
vn -0.604554 -0.796545 0.005496
vn 0.000000 -0.806879 0.590717
vn 0.000000 -0.806879 0.590717
vn 0.334598 -0.887216 0.317635
vn -0.346461 -0.883808 -0.314400
vn 0.334588 -0.887235 -0.317592
vn -0.604558 -0.796542 0.005496
vn 0.000000 -0.806868 0.590731
vn 0.000000 -0.806868 0.590731
vn 0.334603 -0.887213 0.317638
vn 0.331378 -0.884233 -0.329122
vn 0.334569 -0.887235 0.317613
vn -0.005470 -0.797324 -0.603527
vn -0.591446 -0.806344 0.000000
vn -0.591446 -0.806344 0.000000
vn -0.334555 -0.887258 0.317563
vn 0.705087 -0.709121 -0.000089
vn 0.705087 -0.709121 -0.000089
vn 0.705087 -0.709121 -0.000089
vn 0.705087 -0.709121 -0.000089
vn 0.608974 -0.143961 -0.780017
vn 0.672794 -0.036131 -0.738947
vn 0.699311 -0.000026 -0.714818
vn 0.697038 -0.000027 -0.717034
vn 0.000269 -0.699329 -0.714800
vn 0.000269 -0.699329 -0.714800
vn 0.000096 -0.699739 -0.714399
vn -0.000263 -0.700590 -0.713564
vn 0.000000 -1.000000 -0.000000
vn 0.000000 -1.000000 0.000000
vn 0.000000 -1.000000 0.000000
vn 0.000000 -1.000000 -0.000000
vn -0.000037 -0.720448 -0.693509
vn -0.000071 -0.720396 -0.693563
vn 0.000050 -0.720409 -0.693550
vn 0.000023 -0.720454 -0.693502
vn 0.000000 1.000000 0.000000
vn 0.000000 1.000000 -0.000000
vn 0.000000 1.000000 -0.000000
vn 0.000000 1.000000 0.000000
vn -0.000050 0.720404 -0.693555
vn -0.000023 0.720449 -0.693507
vn 0.000037 0.720443 -0.693514
vn 0.000071 0.720391 -0.693568
vn -0.000092 0.703714 -0.710483
vn 0.000191 0.703030 -0.711161
vn 0.000330 0.702694 -0.711492
vn 0.000330 0.702694 -0.711492
vn 0.698036 0.005306 -0.716043
vn 0.685656 0.028896 -0.727352
vn 0.700914 -0.000065 -0.713246
vn 0.700935 -0.000066 -0.713225
vn 0.707303 0.706910 -0.000060
vn 0.707303 0.706910 -0.000060
vn 0.707303 0.706910 -0.000060
vn 0.707303 0.706910 -0.000060
vn 1.000000 0.000000 0.000000
vn 1.000000 -0.000000 -0.000000
vn 1.000000 -0.000000 -0.000000
vn 1.000000 0.000000 0.000000
vn 0.707301 0.000079 -0.706913
vn 0.707306 0.000071 -0.706907
vn 0.707306 -0.000071 -0.706908
vn 0.707301 -0.000079 -0.706913
vn 0.000000 -1.000000 0.000000
vn 0.000000 -1.000000 0.000000
vn 0.000000 -1.000000 0.000000
vn 0.000000 -1.000000 0.000000
vn 0.000093 -0.703714 -0.710483
vn -0.000191 -0.703029 -0.711161
vn -0.000330 -0.702694 -0.711493
vn -0.000330 -0.702693 -0.711493
vn 0.000000 1.000000 -0.000000
vn 0.000000 1.000000 0.000000
vn 0.000000 1.000000 0.000000
vn 0.000000 1.000000 -0.000000
vn -0.000014 0.700964 -0.713196
vn 0.000339 0.701731 -0.712442
vn -0.000184 0.700595 -0.713559
vn -0.000184 0.700595 -0.713559
vn -0.705090 -0.709118 -0.000089
vn -0.705090 -0.709118 -0.000089
vn -0.705090 -0.709118 -0.000089
vn -0.705090 -0.709118 -0.000089
vn -0.670887 -0.036227 -0.740674
vn -0.607836 -0.143934 -0.780909
vn -0.695735 0.000021 -0.718299
vn -0.698303 0.000022 -0.715802
vn -0.685549 0.028988 -0.727449
vn -0.698007 0.005343 -0.716071
vn -0.700935 -0.000066 -0.713225
vn -0.700914 -0.000065 -0.713246
vn -0.706107 0.708106 -0.000045
vn -0.706107 0.708105 -0.000045
vn -0.706107 0.708106 -0.000045
vn -0.706107 0.708106 -0.000045
vn -1.000000 -0.000000 0.000000
vn -1.000000 -0.000001 0.000000
vn -1.000000 -0.000001 0.000000
vn -1.000000 -0.000000 0.000000
vn -0.707306 0.000068 -0.706907
vn -0.707301 0.000076 -0.706913
vn -0.707301 -0.000076 -0.706913
vn -0.707306 -0.000068 -0.706908
vn 0.707932 -0.000071 -0.706281
vn 0.707932 -0.000071 -0.706281
vn 0.711979 -0.000073 -0.702201
vn 0.712067 -0.000073 -0.702111
vn 0.000000 -0.707097 -0.707116
vn 0.000000 -0.707097 -0.707116
vn 0.000000 -0.707097 -0.707116
vn 0.000000 -0.707097 -0.707116
vn 0.000000 -0.707096 -0.707117
vn 0.000000 -0.707096 -0.707117
vn 0.000000 -0.707096 -0.707117
vn 0.000000 -0.707096 -0.707117
vn 0.000000 0.000000 -1.000000
vn 0.000000 0.000000 -1.000000
vn 0.000000 0.000000 -1.000000
vn 0.000000 0.000000 -1.000000
vn 0.000000 0.000000 -1.000000
vn -0.000000 0.000000 -1.000000
vn -0.000000 0.000000 -1.000000
vn 0.000000 0.000000 -1.000000
vn 0.000000 0.707098 -0.707116
vn 0.000000 0.707098 -0.707116
vn 0.000000 0.707098 -0.707116
vn 0.000000 0.707098 -0.707116
vn 0.000000 0.707099 -0.707115
vn 0.000000 0.707099 -0.707115
vn 0.000000 0.707099 -0.707115
vn 0.000000 0.707099 -0.707115
vn 0.000000 1.000000 0.000000
vn 0.000000 1.000000 0.000000
vn 0.000000 1.000000 0.000000
vn 0.000000 1.000000 0.000000
vn -0.000221 0.710229 -0.703971
vn -0.000221 0.710229 -0.703970
vn 0.004931 0.695059 -0.718936
vn 0.001529 0.705196 -0.709010
vn 0.000000 0.707101 -0.707113
vn 0.000000 0.707101 -0.707113
vn 0.000000 0.707101 -0.707113
vn 0.000000 0.707101 -0.707113
vn 0.707830 0.000443 -0.706383
vn 0.707830 0.000443 -0.706383
vn 0.707830 0.000443 -0.706383
vn 0.707830 0.000443 -0.706383
vn -0.707108 0.707106 0.000000
vn -0.707108 0.707106 0.000000
vn -0.707108 0.707106 0.000000
vn -0.707108 0.707106 0.000000
vn -1.000000 0.000000 0.000000
vn -1.000000 0.000000 0.000000
vn -1.000000 0.000000 0.000000
vn -1.000000 0.000000 0.000000
vn 0.000000 -0.707096 -0.707117
vn 0.000000 -0.707096 -0.707117
vn 0.000000 -0.707096 -0.707117
vn 0.000000 -0.707096 -0.707117
vn 0.000000 0.000000 -1.000000
vn 0.000000 0.000000 -1.000000
vn 0.000000 0.000000 -1.000000
vn 0.000000 0.000000 -1.000000
vn 0.000000 0.000000 -1.000000
vn 0.000000 0.000000 -1.000000
vn 0.000000 0.000000 -1.000000
vn 0.000000 0.000000 -1.000000
vn 0.000000 0.707099 -0.707114
vn 0.000000 0.707099 -0.707114
vn 0.000000 0.707099 -0.707114
vn 0.000000 0.707099 -0.707114
vn 0.000000 1.000000 0.000000
vn 0.000000 1.000000 0.000000
vn 0.000000 1.000000 0.000000
vn 0.000000 1.000000 0.000000
vn 0.000443 0.713371 -0.700787
vn 0.000443 0.713370 -0.700787
vn -0.000709 0.708828 -0.705381
vn -0.002998 0.699270 -0.714851
vn -0.707223 -0.000543 -0.706990
vn -0.707223 -0.000543 -0.706990
vn -0.707843 -0.000543 -0.706369
vn -0.707829 -0.000543 -0.706384
vn -0.712019 0.000059 -0.702160
vn -0.712019 0.000059 -0.702160
vn -0.712019 0.000059 -0.702160
vn -0.712019 0.000059 -0.702160
vn 0.707108 0.707106 0.000000
vn 0.707108 0.707106 0.000000
vn 0.707108 0.707106 0.000000
vn 0.707108 0.707106 0.000000
vn 1.000000 0.000000 0.000000
vn 1.000000 0.000000 0.000000
vn 1.000000 0.000000 0.000000
vn 1.000000 0.000000 0.000000
vn 0.000000 -1.000000 0.000000
vn 0.000000 -1.000000 0.000000
vn 0.000000 -1.000000 0.000000
vn 0.000000 -1.000000 0.000000
vn 0.000221 -0.710229 -0.703971
vn 0.000221 -0.710229 -0.703971
vn -0.004931 -0.695059 -0.718936
vn -0.001529 -0.705196 -0.709011
vn 0.000000 -0.707101 -0.707113
vn 0.000000 -0.707101 -0.707113
vn 0.000000 -0.707101 -0.707113
vn 0.000000 -0.707101 -0.707113
vn 0.000000 -1.000000 0.000000
vn 0.000000 -1.000000 0.000000
vn 0.000000 -1.000000 0.000000
vn 0.000000 -1.000000 0.000000
vn -0.000443 -0.713367 -0.700790
vn -0.000443 -0.713367 -0.700791
vn 0.000710 -0.708825 -0.705384
vn 0.002998 -0.699267 -0.714855
vn -0.707108 -0.707106 0.000000
vn -0.707108 -0.707106 0.000000
vn -0.707108 -0.707106 0.000000
vn -0.707108 -0.707106 0.000000
vn 1.000000 0.000000 0.000000
vn 1.000000 0.000000 0.000000
vn 1.000000 0.000000 0.000000
vn 1.000000 0.000000 0.000000
vn 0.000000 0.000000 -1.000000
vn 0.000001 0.000000 -1.000000
vn 0.000001 0.000000 -1.000000
vn 0.000000 0.000000 -1.000000
vn -1.000000 0.000000 0.000000
vn -1.000000 0.000000 0.000000
vn -1.000000 0.000000 -0.000000
vn -1.000000 0.000000 0.000000
vn -1.000000 0.000000 0.000000
vn 0.000000 0.000000 1.000000
vn 0.000000 0.000000 1.000000
vn 0.000000 0.000000 1.000000
vn 0.000000 0.000000 1.000000
vn 0.000000 0.000000 1.000000
vn 0.000000 0.000000 1.000000
vn 0.000000 0.000000 1.000000
vn 0.000000 0.000000 1.000000
vn 1.000000 0.000000 0.000000
vn 1.000000 0.000000 0.000000
vn 0.000000 0.000000 -1.000000
vn 0.000000 0.000000 -1.000000
vn 0.000000 0.000000 -1.000000
vn 0.000000 0.000000 -1.000000
vn -1.000000 0.000000 0.000000
vn -1.000000 -0.000000 0.000000
vn -1.000000 -0.000000 0.000000
vn -1.000000 0.000000 0.000000
vn 0.707108 -0.707106 0.000000
vn 0.707108 -0.707106 0.000000
vn 0.707108 -0.707106 0.000000
vn 0.707108 -0.707106 0.000000
vn 0.000000 0.707106 -0.707107
vn 0.000000 0.707106 -0.707107
vn 0.000000 0.707106 -0.707107
vn 0.000000 0.707106 -0.707107
vn 0.000000 0.707107 -0.707107
vn 0.000000 0.707107 -0.707107
vn 0.000000 0.707107 -0.707107
vn 0.000000 0.707107 -0.707107
vn 0.000000 0.000000 -1.000000
vn 0.000000 0.000000 -1.000000
vn 0.000000 0.000000 -1.000000
vn 0.000000 0.000000 -1.000000
vn 0.000000 -0.707107 -0.707107
vn 0.000000 -0.707107 -0.707107
vn 0.000000 -0.707106 -0.707107
vn 0.000000 -0.707106 -0.707107
vn 0.000000 -0.707106 -0.707107
vn 0.000000 -0.707106 -0.707107
vn 0.000000 -0.707106 -0.707107
vn 0.000000 -0.707106 -0.707107
vn 0.000000 0.707107 -0.707107
vn 0.000000 0.707107 -0.707107
vn 0.000000 0.707107 -0.707107
vn 0.000000 0.707107 -0.707107
vn 0.000000 0.000000 -1.000000
vn 0.000000 0.000000 -1.000000
vn 0.000000 0.000000 -1.000000
vn 0.000000 0.000000 -1.000000
vn 0.000000 -0.707107 -0.707107
vn 0.000000 -0.707107 -0.707107
vn 0.000000 -0.707107 -0.707107
vn 0.000000 -0.707107 -0.707107
vn -0.707106 0.000000 -0.707107
vn -0.707106 0.000000 -0.707107
vn -0.707106 0.000000 -0.707107
vn -0.707106 0.000000 -0.707107
vn 0.707106 0.000000 -0.707107
vn 0.707106 0.000000 -0.707107
vn 0.707106 0.000000 -0.707107
vn 0.707106 0.000000 -0.707107
vn 0.000000 -0.056554 0.998400
vn 0.000000 -0.285888 0.958263
vn 0.000000 1.000000 -0.000000
vn 0.000000 0.000000 -1.000000
vn 0.000000 0.000000 -1.000000
vn 0.000000 -1.000000 -0.000000
vn 0.000000 -1.000000 -0.000000
vn 0.000000 -1.000000 -0.000000
vn 0.000000 -1.000000 -0.000000
vn 0.996219 -0.086876 -0.000101
vn 0.909014 -0.416765 -0.000483
vn -0.996227 -0.086789 -0.000050
vn -0.909003 -0.416790 -0.000241
vn 0.000000 1.000000 0.000000
vn 0.000000 0.000000 -1.000000
vn 0.000000 0.000000 -1.000000
vn 0.000000 -1.000000 0.000000
vn 0.000000 -1.000000 0.000000
vn 0.000000 -1.000000 0.000000
vn 0.000000 -1.000000 0.000000
vn 0.000000 -0.056554 0.998400
vn 0.000000 -0.285888 0.958263
vn 0.000000 -1.000000 0.000000
vn 0.000000 -1.000000 0.000000
vn -0.996234 -0.086703 0.000000
vn -0.908991 -0.416816 0.000000
vn 0.000000 1.000000 0.000000
vn 0.000000 1.000000 0.000000
vn 0.996234 -0.086703 -0.000000
vn 0.908991 -0.416815 -0.000000
vn 0.000000 -1.000000 0.000000
vn 0.000000 -1.000000 0.000000
vn 0.000000 -1.000000 0.000000
vn 0.000000 -1.000000 0.000000
vn 0.000000 -1.000000 -0.000000
vn 0.000000 -1.000000 -0.000000
vn 0.000000 -1.000000 -0.000000
vn 0.000000 -1.000000 -0.000000
vn 0.000000 -1.000000 -0.000000
vn 0.000000 -1.000000 -0.000000
vn 0.000000 -1.000000 -0.000000
vn 0.000000 -1.000000 -0.000000
vn 0.000000 -1.000000 0.000000
vn 0.000000 -1.000000 0.000000
vn 1.000000 -0.000000 0.000000
vn 1.000000 -0.000000 0.000000
vn 0.000000 0.000000 1.000000
vn 0.000000 0.000000 1.000000
vn -1.000000 0.000000 0.000000
vn -1.000000 0.000000 0.000000
vn 0.000000 0.000000 1.000000
vn 0.000000 0.000000 1.000000
vn -1.000000 -0.000000 0.000000
vn -1.000000 -0.000000 0.000000
vn 0.000000 0.000000 -1.000000
vn 0.000000 0.000000 -1.000000
vn 0.000000 0.000000 -1.000000
vn 0.000000 0.000000 -1.000000
vn 1.000000 0.000000 0.000000
vn 1.000000 0.000000 0.000000
vn 0.000000 -0.302117 -0.953271
vn 0.000000 -0.302117 -0.953271
vn 0.953821 -0.300375 0.000000
vn 0.953821 -0.300375 0.000000
vn 0.000000 -0.302114 0.953272
vn 0.000000 -0.302114 0.953272
vn -0.953820 -0.300379 0.000000
vn -0.953820 -0.300379 0.000000
vn -0.953821 -0.300376 0.000000
vn -0.953821 -0.300376 0.000000
vn 0.000000 -0.302117 -0.953271
vn 0.000000 -0.302117 -0.953271
vn 0.953820 -0.300379 0.000000
vn 0.953820 -0.300379 0.000000
vn 0.000000 -0.302114 0.953272
vn 0.000000 -0.302114 0.953272
vn -0.953821 -0.300377 0.000000
vn -0.953821 -0.300377 0.000000
vn 0.000000 -0.302117 -0.953271
vn 0.000000 -0.302117 -0.953271
vn 0.953820 -0.300377 0.000000
vn 0.953820 -0.300377 0.000000
vn 0.000000 -0.302123 0.953269
vn 0.000000 -0.302123 0.953269
vn -0.000000 -0.302117 -0.953271
vn -0.000000 -0.302117 -0.953271
vn 0.953821 -0.300377 0.000000
vn 0.953821 -0.300377 0.000000
vn 0.000000 -0.302123 0.953269
vn 0.000000 -0.302123 0.953269
vn -0.953821 -0.300377 0.000000
vn -0.953821 -0.300377 0.000000
vn 0.005811 -0.075251 -0.997148
vn 0.000598 -0.007745 -0.999970
vn -0.005811 -0.075259 -0.997147
vn -0.000597 -0.007737 -0.999970
vn 0.000000 -1.000000 -0.000000
vn 0.000000 -1.000000 -0.000000
vn 0.000000 1.000000 -0.000000
vn 0.000000 1.000000 -0.000000
vn 1.000000 0.000000 0.000000
vn 1.000000 0.000001 0.000000
vn 1.000000 0.000001 0.000000
vn 1.000000 -0.000000 0.000000
vn 0.000000 -1.000000 0.000000
vn 0.000000 -1.000000 0.000000
vn -1.000000 0.000001 0.000000
vn -1.000000 0.000000 0.000000
vn -1.000000 0.000000 0.000000
vn -1.000000 0.000001 0.000000
vn 0.000000 1.000000 -0.000000
vn 0.000000 1.000000 -0.000000
vn -0.000000 0.000000 -1.000000
vn -0.000000 0.000000 -1.000000
vn 1.000000 0.000000 0.000000
vn 1.000000 0.000000 0.000000
vn -1.000000 -0.000000 0.000000
vn -1.000000 -0.000000 0.000000
vn 0.000000 0.000000 -1.000000
vn 0.000000 0.000000 -1.000000
vn 0.000000 0.000000 -1.000000
vn 0.000000 0.000000 -1.000000
vn 0.000000 0.000000 -1.000000
vn 0.000000 0.000000 -1.000000
vn 0.000000 1.000000 0.000000
vn 0.000000 1.000000 0.000000
vn 0.000000 -1.000000 0.000000
vn 0.000000 -1.000000 0.000000
vn -1.000000 0.000000 0.000000
vn -1.000000 0.000000 0.000000
vn 0.000000 -1.000000 0.000000
vn 0.000000 -1.000000 0.000000
vn 0.000000 1.000000 0.000000
vn 0.000000 1.000000 0.000000
vn 1.000000 0.000000 0.000000
vn 1.000000 0.000000 0.000000
vn 0.395506 -0.396324 0.828554
vn 0.395506 -0.396323 0.828554
vn 0.395506 -0.396323 0.828554
vn -0.577345 0.577344 0.577361
vn -0.577345 0.577344 0.577361
vn -0.577345 0.577344 0.577361
vn -0.326737 0.435802 -0.838641
vn -0.326737 0.435802 -0.838641
vn -0.506701 -0.003040 -0.862117
vn 0.358324 -0.518556 -0.776340
vn 0.358324 -0.518556 -0.776340
vn 0.358324 -0.518556 -0.776340
vn 0.577345 0.577344 0.577361
vn 0.577345 0.577344 0.577361
vn 0.577345 0.577344 0.577361
vn -0.699049 0.000097 -0.715074
vn -0.699082 0.000095 -0.715042
vn 0.315063 0.448212 -0.836565
vn 0.315063 0.448212 -0.836565
vn 0.696191 -0.000033 -0.717857
vn 0.696146 -0.000032 -0.717900
vn -0.828556 -0.396315 0.395511
vn -0.828556 -0.396315 0.395511
vn -0.828556 -0.396315 0.395511
vn 0.509762 0.000384 -0.860315
vn 0.829628 -0.393451 0.396123
vn -0.357199 -0.515585 -0.778833
vn -0.357199 -0.515585 -0.778833
vn -0.357199 -0.515585 -0.778833
vn -0.397417 -0.395563 0.828003
vn -0.397417 -0.395563 0.828003
vn -0.397417 -0.395563 0.828003
vn -0.392130 -0.831278 0.393969
vn 0.393974 -0.831277 0.392126
vn -0.828003 -0.395562 -0.397418
vn -0.828003 -0.395562 -0.397418
vn -0.828003 -0.395562 -0.397418
vn 0.830691 -0.394082 -0.393259
vn -0.393967 -0.831282 -0.392123
vn 0.392124 -0.831283 -0.393965
vn 0.422764 -0.380951 -0.822282
vn 0.422764 -0.380951 -0.822282
vn 0.422113 0.385469 -0.820509
vn 0.422113 0.385469 -0.820509
vn 0.700164 -0.000013 -0.713982
vn 0.700199 -0.000011 -0.713948
vn -0.421439 -0.383410 -0.821819
vn -0.421439 -0.383410 -0.821819
vn -0.423542 0.382998 -0.820929
vn -0.423542 0.382998 -0.820929
vn -0.699309 0.000035 -0.714819
vn -0.699270 0.000033 -0.714858
vn 0.577350 -0.577343 -0.577358
vn 0.577350 -0.577343 -0.577358
vn 0.577350 -0.577343 -0.577358
vn 0.577348 0.577346 -0.577357
vn 0.577348 0.577346 -0.577357
vn 0.577348 0.577346 -0.577357
vn 0.100579 0.344805 -0.933270
vn 0.100579 0.344805 -0.933270
vn 0.100579 0.344805 -0.933270
vn -0.577350 -0.577343 -0.577358
vn -0.577350 -0.577343 -0.577358
vn -0.577350 -0.577343 -0.577358
vn -0.577348 0.577346 -0.577357
vn -0.577348 0.577346 -0.577357
vn -0.577348 0.577346 -0.577357
vn -0.068713 0.365464 -0.928286
vn -0.068713 0.365464 -0.928286
vn -0.068713 0.365464 -0.928286
vn 0.068713 -0.365463 -0.928286
vn 0.068713 -0.365463 -0.928286
vn 0.068713 -0.365463 -0.928286
vn -0.707100 0.000000 0.707113
vn -0.707100 0.000000 0.707113
vn 0.707098 0.000000 0.707115
vn 0.707098 0.000000 0.707115
vn -0.100579 -0.344806 -0.933270
vn -0.100579 -0.344806 -0.933270
vn -0.100579 -0.344806 -0.933270
vn -0.577349 0.577353 -0.577349
vn -0.577349 0.577353 -0.577349
vn -0.577349 0.577353 -0.577349
vn -0.577349 -0.577353 -0.577349
vn -0.577349 -0.577353 -0.577349
vn -0.577349 -0.577353 -0.577349
vn 0.577349 -0.577353 -0.577349
vn 0.577349 -0.577353 -0.577349
vn 0.577349 -0.577353 -0.577349
vn 0.577349 0.577353 -0.577349
vn 0.577349 0.577353 -0.577349
vn 0.577349 0.577353 -0.577349
vn -0.707963 -0.000543 -0.706249
vn -0.707963 -0.000543 -0.706249
vn 0.000000 0.000000 -1.000000
vn 0.000000 0.000000 -1.000000
vn 0.000000 0.000000 -1.000000
vn 0.000000 0.000000 -1.000000
vn 0.000000 0.000000 -1.000000
vn 0.000000 0.000000 -1.000000
vn 0.712854 -0.000073 -0.701312
vn 0.712854 -0.000073 -0.701312
s 1
g pCube61
usemtl initialShadingGroup
f 1/1/1 4/398/2 243/191/3 242/193/4
s 2
f 2/499/5 1/1/6 9/7/7 8/2/8
s 1
f 3/3/9 2/4/10 38/34/11 37/456/12
s 3
f 4/398/13 3/5/14 130/6/15 129/399/16
s 1
f 5/8/17 9/7/18 239/192/19 238/188/20
s 5
f 6/9/21 5/8/22 172/149/23 171/147/24
s 6
f 7/501/25 6/9/26 105/102/27 104/10/28
s 2
f 8/457/8 7/11/29 128/109/30 127/35/31
s 1
f 10/12/32 12/366/33 473/534/34 474/535/35
s 9
f 11/503/36 10/12/37 16/14/38 15/368/39
s 10
f 12/366/40 11/13/41 48/508/42 47/367/43
s 2
f 13/15/44 16/14/45 475/536/46 476/537/47
s 9
f 14/16/48 13/15/49 88/89/50 87/369/51
s 12
f 15/368/52 14/16/53 119/96/54 118/49/55
s 13
f 17/504/56 20/426/57 295/232/58 294/428/59
s 14
f 18/17/60 17/18/61 499/561/62 500/563/63
s 10
f 19/20/64 18/19/65 137/525/66 136/344/67
s 16
f 20/426/68 19/20/69 22/21/70 21/427/71
s 13
f 21/427/72 24/433/73 299/234/74 298/233/75
s 12
f 23/22/76 22/21/77 143/122/78 142/360/79
s 16
f 24/433/80 23/22/81 90/93/82 89/434/83
s 14
f 25/24/84 29/23/85 398/530/86 397/293/87
s 13
f 26/25/88 25/24/89 308/240/90 307/239/91
f 27/26/92 26/25/88 34/30/93 33/382/94
s 14
f 28/28/95 27/26/96 183/158/97 182/384/98
s 3
f 29/27/99 28/28/100 74/72/101 73/29/102
s 13
f 30/31/103 34/30/93 303/238/104 302/435/105
s 22
f 31/32/106 30/31/107 101/97/108 100/362/109
s 23
f 32/33/110 31/32/111 121/106/112 120/383/113
s 14
f 33/382/114 32/33/115 187/160/116 186/159/117
s 2
f 35/36/118 38/34/119 127/35/31 126/475/120
s 1
f 36/37/121 35/36/122 411/301/123 410/299/124
s 3
f 37/456/125 36/37/126 138/123/127 141/115/128
s 26
f 39/38/129 42/392/130 227/181/131 226/183/132
s 27
f 40/506/133 39/38/134 155/136/135 154/39/136
s 26
f 41/40/137 40/41/138 46/44/139 45/460/140
s 2
f 42/392/141 41/42/142 103/43/143 102/393/144
s 27
f 43/45/145 46/44/146 425/135/147 424/144/148
s 26
f 44/46/149 43/45/150 423/142/151 422/308/152
s 2
f 45/460/153 44/46/154 112/107/155 115/101/156
s 3
f 47/367/157 50/375/158 503/566/159 504/567/160
s 12
f 49/47/161 48/48/162 118/49/55 117/377/163
s 10
f 50/375/164 49/50/165 135/51/166 134/376/167
s 26
f 51/510/168 53/359/169 479/540/170 480/541/171
s 32
f 52/53/172 51/52/173 57/512/174 56/371/175
s 9
f 53/359/176 52/53/177 86/90/178 85/357/179
s 27
f 54/54/180 57/55/181 481/542/182 482/543/183
s 32
f 55/58/184 54/56/185 153/57/186 152/130/187
s 12
f 56/371/188 55/58/189 93/94/190 96/91/191
s 3
f 58/352/192 61/474/193 402/151/194 401/119/195
s 13
f 60/61/196 59/59/197 309/231/198 312/472/199
s 14
f 61/60/200 60/61/201 396/294/202 399/62/203
s 13
f 62/64/204 65/429/205 323/249/206 322/245/207
s 16
f 63/63/208 62/64/209 92/92/210 91/354/211
s 32
f 64/66/212 63/65/213 151/526/214 150/351/215
s 26
f 65/516/216 64/66/217 485/546/218 486/547/219
s 13
f 66/430/220 69/480/221 331/252/222 330/250/223
s 27
f 68/70/224 67/68/225 177/133/226 180/479/227
s 26
f 69/69/228 68/70/229 432/315/230 435/71/231
s 14
f 70/73/232 74/72/233 195/157/234 194/163/235
s 23
f 71/74/236 70/73/237 124/111/238 123/381/239
s 45
f 72/518/240 71/74/241 132/116/242 131/75/243
s 3
f 73/452/102 72/76/244 176/125/245 175/453/246
s 26
f 75/77/247 79/78/248 434/532/249 433/314/250
s 27
f 76/81/251 75/79/252 84/80/253 83/386/254
s 26
f 77/82/255 76/81/256 207/172/257 206/168/258
s 13
f 78/83/259 77/82/260 98/98/261 97/431/262
f 79/462/263 78/83/259 326/248/264 325/463/265
s 27
f 80/84/266 84/85/253 430/313/267 429/311/268
s 26
f 81/87/269 80/86/270 158/529/271 157/379/272
s 51
f 82/88/273 81/87/274 108/104/275 107/387/276
s 26
f 83/386/277 82/88/278 211/171/279 210/173/280
s 2
f 85/357/281 88/89/282 477/538/283 478/539/284
s 12
f 87/369/285 86/90/286 96/91/191 95/370/287
s 13
f 89/434/288 92/92/289 315/244/290 314/235/291
s 12
f 91/354/292 90/93/293 147/128/294 146/353/295
f 94/95/296 93/94/190 149/129/297 148/127/298
f 95/370/287 94/95/296 116/110/299 119/96/54
s 13
f 97/431/262 101/97/300 319/237/301 318/432/302
s 26
f 99/99/303 98/98/304 199/167/305 198/385/306
s 51
f 100/362/307 99/99/308 111/103/309 110/363/310
s 26
f 102/393/311 106/389/312 219/176/313 218/394/314
s 2
f 104/459/315 103/100/143 115/101/156 114/458/316
s 54
f 106/389/317 105/102/318 164/146/319 163/390/320
s 26
f 107/387/321 111/103/322 203/166/323 202/388/324
s 56
f 109/105/325 108/104/326 166/138/327 165/380/328
f 110/363/329 109/105/325 122/112/330 121/106/331
s 2
f 113/108/332 112/107/155 419/307/333 418/305/334
f 114/458/316 113/108/332 125/113/335 128/109/30
s 12
f 117/377/163 116/110/299 145/126/336 144/121/337
s 14
f 120/383/338 124/111/339 191/162/340 190/161/341
s 56
f 123/381/342 122/112/330 170/148/343 169/117/344
s 2
f 126/475/120 125/113/335 415/304/345 414/302/346
s 1
f 129/399/347 133/395/348 235/186/349 234/400/350
s 3
f 131/454/351 130/114/15 141/115/128 140/455/352
s 5
f 133/395/353 132/116/354 169/117/355 168/396/356
s 3
f 134/376/357 137/118/358 501/564/359 502/565/360
s 12
f 136/344/361 135/120/362 144/121/337 143/122/78
s 3
f 139/124/363 138/123/127 407/298/364 406/296/365
f 140/455/352 139/124/363 173/150/366 176/125/245
s 12
f 142/360/79 145/126/336 148/127/298 147/128/294
f 146/353/295 149/129/297 152/130/367 151/131/368
s 27
f 150/351/369 153/132/370 483/544/371 484/545/372
f 154/461/136 158/134/373 426/310/374 425/135/147
s 26
f 156/137/375 155/136/376 223/182/377 222/178/378
s 54
f 157/379/379 156/137/380 167/145/381 166/138/382
s 27
f 159/378/383 162/477/384 179/155/385 178/139/386
f 161/143/387 160/140/388 420/141/389 423/142/390
f 162/477/384 161/143/387 424/144/148 427/476/391
s 26
f 163/390/392 167/145/393 215/177/394 214/391/395
s 56
f 165/380/328 164/146/396 171/147/397 170/148/343
s 1
f 168/396/398 172/149/399 231/187/400 230/397/401
s 3
f 174/152/402 173/150/366 403/295/403 402/151/194
f 175/453/246 174/152/402 399/153/404 398/154/405
s 27
f 180/479/227 179/155/385 428/312/406 431/478/407
s 14
f 181/156/408 184/401/409 246/196/410 245/407/411
s 3
f 182/384/412 181/156/413 196/164/414 195/157/415
s 13
f 184/401/416 183/158/417 186/159/418 185/402/419
s 14
f 185/402/420 188/403/421 250/198/422 249/197/423
s 65
f 188/403/424 187/160/425 190/161/426 189/404/427
s 14
f 189/404/428 192/405/429 253/200/430 252/199/431
s 66
f 192/405/432 191/162/433 194/163/434 193/406/435
s 14
f 193/406/436 196/164/437 256/195/438 255/201/439
s 26
f 197/165/440 200/409/441 259/203/442 258/408/443
s 67
f 198/385/444 197/165/445 204/169/446 203/166/447
s 13
f 200/409/448 199/167/449 206/168/450 205/410/451
s 26
f 201/170/452 204/169/453 261/206/454 260/413/455
s 68
f 202/388/456 201/170/457 212/174/458 211/171/459
s 26
f 205/410/460 208/411/461 265/209/462 264/204/463
s 27
f 208/411/464 207/172/465 210/173/466 209/412/467
s 26
f 209/412/468 212/174/469 268/208/470 267/210/471
f 213/175/472 216/415/473 271/212/474 270/414/475
s 69
f 214/391/476 213/175/477 220/179/478 219/176/479
s 70
f 216/415/480 215/177/481 222/178/482 221/416/483
s 26
f 217/180/484 220/179/485 273/215/486 272/419/487
s 2
f 218/394/488 217/180/489 228/184/490 227/181/491
s 26
f 221/416/492 224/417/493 277/218/494 276/213/495
s 27
f 224/417/496 223/182/497 226/183/498 225/418/499
s 26
f 225/418/500 228/184/501 280/217/502 279/219/503
s 1
f 229/185/504 232/421/505 283/221/506 282/420/507
s 72
f 230/397/508 229/185/509 236/189/510 235/186/511
s 73
f 232/421/512 231/187/513 238/188/514 237/422/515
s 1
f 233/190/516 236/189/517 285/224/518 284/425/519
s 3
f 234/400/520 233/190/521 244/194/522 243/191/523
s 1
f 237/422/524 240/423/525 289/227/526 288/222/527
s 2
f 240/423/528 239/192/529 242/193/530 241/424/531
s 1
f 241/424/532 244/194/533 292/226/534 291/228/535
s 14
f 245/407/536 247/348/537 254/202/538 256/195/438
f 247/348/539 246/196/410 249/197/423 248/349/540
f 248/349/540 250/198/422 252/199/431 251/350/541
f 251/350/541 253/200/430 255/201/439 254/202/538
s 26
f 257/205/542 259/203/442 264/204/463 263/356/543
f 258/408/443 257/205/542 262/207/544 261/206/454
f 260/413/545 262/207/546 266/211/547 268/208/470
f 263/356/543 265/209/462 267/210/471 266/211/547
f 269/214/548 271/212/474 276/213/495 275/372/549
f 270/414/475 269/214/548 274/216/550 273/215/486
f 272/419/551 274/216/552 278/220/553 280/217/502
f 275/372/549 277/218/494 279/219/503 278/220/553
s 1
f 281/223/554 283/221/506 288/222/527 287/373/555
f 282/420/507 281/223/554 286/225/556 285/224/518
f 284/425/557 286/225/558 290/229/559 292/226/534
f 287/373/555 289/227/526 291/228/535 290/229/559
s off
f 293/230/560 296/436/561 334/254/562 333/440/563
s 75
f 294/428/564 293/230/565 497/559/566 498/560/567
s 76
f 296/436/568 295/232/569 298/233/570 297/437/571
s 77
f 297/437/572 300/446/573 339/256/574 338/255/575
s 76
f 300/446/576 299/234/577 314/235/578 313/447/579
s 78
f 301/236/580 304/438/581 342/261/582 341/448/583
s 79
f 302/435/584 301/236/585 320/246/586 319/237/587
f 304/438/588 303/238/589 307/239/590 306/439/591
s 75
f 305/241/592 308/240/593 394/292/594 393/290/595
s off
f 306/439/596 305/241/597 350/266/598 349/262/599
s 81
f 311/243/600 310/242/601 353/253/602 352/470/603
s 75
f 312/472/604 311/243/605 392/291/606 395/473/607
s 77
f 313/447/608 316/441/609 357/269/610 356/257/611
s 76
f 316/441/612 315/244/613 322/245/614 321/442/615
s 78
f 317/247/616 320/246/617 362/260/618 361/445/619
s 79
f 318/432/620 317/247/621 327/251/622 326/248/623
s off
f 321/442/624 324/443/625 370/277/626 369/270/627
s 84
f 324/443/628 323/249/629 487/549/630 488/550/631
f 325/463/632 328/464/633 438/319/634 437/317/635
s off
f 328/464/636 327/251/637 372/275/638 371/465/639
s 86
f 329/444/640 332/482/641 377/281/642 376/278/643
s 84
f 332/482/644 331/252/645 436/318/646 439/483/647
s 88
f 333/440/648 335/345/649 495/557/650 496/558/651
s 89
f 335/345/652 334/254/653 338/255/654 337/346/655
f 336/258/656 339/256/657 356/257/658 359/361/659
s 90
f 337/346/660 336/258/661 493/555/662 494/556/663
s 91
f 340/259/664 343/449/665 385/286/666 384/285/667
s 92
f 341/448/668 340/259/669 363/273/670 362/260/671
f 343/449/672 342/261/673 349/262/674 348/450/675
s 93
f 344/263/676 347/484/677 446/324/678 445/489/679
s 94
f 345/347/680 344/263/681 355/267/682 354/264/683
f 347/484/684 346/265/685 365/272/686 364/485/687
s off
f 348/450/688 350/266/689 389/289/690 388/287/691
f 351/268/692 355/267/693 462/323/694 461/492/695
s 95
f 352/470/696 351/268/697 391/288/698 390/471/699
s 89
f 358/271/700 357/269/701 369/270/702 368/355/703
s 90
f 359/361/704 358/271/705 491/553/706 492/554/707
s 91
f 360/274/708 363/273/709 381/284/710 380/466/711
s 92
f 361/445/712 360/274/713 373/280/714 372/275/715
s 93
f 364/485/716 367/494/717 456/331/718 455/325/719
s 94
f 367/494/720 366/276/721 375/279/722 374/495/723
s 98
f 368/355/724 370/277/725 489/551/726 490/552/727
s off
f 371/465/728 373/280/729 443/283/730 442/320/731
f 374/495/732 378/496/733 472/342/734 471/332/735
s 99
f 378/496/736 377/281/737 441/321/738 440/497/739
s 100
f 379/282/740 382/486/741 458/330/742 457/493/743
s 101
f 380/466/744 379/282/745 444/322/746 443/283/747
f 382/486/748 381/284/749 384/285/750 383/487/751
s 100
f 383/487/752 386/490/753 452/327/754 451/488/755
s 101
f 386/490/756 385/286/757 388/287/758 387/491/759
s off
f 387/491/760 391/288/761 466/339/762 465/328/763
s 81
f 390/471/764 389/289/765 393/290/766 392/291/767
s 13
f 395/473/768 394/292/769 397/293/770 396/294/771
s 3
f 400/374/772 403/295/403 406/296/365 405/297/773
f 404/365/774 407/298/364 410/299/775 409/300/776
s 2
f 408/343/777 411/301/778 414/302/346 413/303/779
f 412/364/780 415/304/345 418/305/334 417/306/781
f 416/358/782 419/307/333 422/308/783 421/309/784
s 27
f 427/476/391 426/310/374 429/311/268 428/312/406
f 431/478/407 430/313/267 433/314/785 432/315/786
s 13
f 435/481/787 434/316/788 437/317/789 436/318/790
s 86
f 439/483/791 438/319/792 442/320/793 441/321/794
s off
f 440/497/795 444/322/796 468/336/797 467/498/798
s 105
f 445/489/799 448/468/800 463/337/801 462/323/802
f 447/326/803 446/324/804 455/325/805 454/467/806
s 106
f 448/468/807 447/326/808 450/329/809 449/469/810
s 107
f 449/469/811 452/327/812 465/328/813 464/338/814
f 451/488/815 450/329/816 459/334/817 458/330/818
s 105
f 453/333/819 456/331/820 471/332/821 470/341/822
s 106
f 454/467/823 453/333/824 460/335/825 459/334/826
s 107
f 457/493/827 460/335/828 469/340/829 468/336/830
s off
f 461/492/831 463/337/832 464/338/833 466/339/834
f 467/498/835 469/340/836 470/341/837 472/342/838
s 2
f 474/535/839 475/536/46 16/14/45 10/12/840
s 12
f 136/344/361 143/122/78 22/21/77 19/20/841
s 90
f 335/345/842 337/346/660 494/556/663 495/557/843
s off
f 247/348/844 248/349/845 251/350/846 254/202/847
s 27
f 484/545/372 485/546/848 64/66/849 150/351/369
s 3
f 500/563/850 501/564/359 137/118/358 18/17/851
s 12
f 146/353/295 151/131/368 63/63/852 91/354/292
s 90
f 490/552/853 491/553/706 358/271/705 368/355/854
s off
f 262/207/855 257/205/856 263/356/857 266/211/858
s 2
f 85/357/281 478/539/284 479/540/859 53/359/860
s 12
f 142/360/79 147/128/294 90/93/293 23/22/76
s 90
f 493/555/662 336/258/661 359/361/704 492/554/707
s 56
f 121/106/331 31/32/861 100/362/862 110/363/329
s 2
f 13/15/44 476/537/47 477/538/283 88/89/282
s 3
f 504/567/160 473/534/863 12/366/864 47/367/157
s 12
f 11/503/865 15/368/52 118/49/55 48/48/162
f 14/16/53 87/369/285 95/370/287 119/96/54
f 86/90/286 52/53/866 56/371/188 96/91/191
s 27
f 480/541/867 481/542/182 57/55/181 51/510/868
s off
f 274/216/869 269/214/870 275/372/871 278/220/872
s 56
f 6/9/873 171/147/397 164/146/396 105/102/874
s off
f 286/225/875 281/223/876 287/373/877 290/229/878
s 3
f 502/565/360 503/566/159 50/375/158 134/376/357
s 12
f 49/47/161 117/377/163 144/121/337 135/120/362
f 116/110/299 94/95/296 148/127/298 145/126/336
f 93/94/190 55/58/189 152/130/367 149/129/297
s 27
f 482/543/183 483/544/371 153/132/370 54/54/180
s 56
f 166/138/327 108/104/326 81/87/879 157/379/880
f 170/148/343 122/112/330 109/105/325 165/380/328
f 71/74/881 123/381/342 169/117/344 132/116/882
s 13
f 27/26/92 33/382/94 186/159/418 183/158/417
s 65
f 32/33/883 120/383/884 190/161/426 187/160/425
s 66
f 124/111/885 70/73/886 194/163/434 191/162/433
s 3
f 74/72/101 28/28/100 182/384/412 195/157/415
s 67
f 111/103/887 99/99/888 198/385/444 203/166/447
s 13
f 98/98/261 77/82/260 206/168/450 199/167/449
s 27
f 76/81/251 83/386/254 210/173/466 207/172/465
s 68
f 82/88/889 107/387/890 202/388/456 211/171/459
s 69
f 106/389/891 163/390/892 214/391/476 219/176/479
s 70
f 167/145/893 156/137/894 222/178/482 215/177/481
s 27
f 155/136/135 39/38/134 226/183/498 223/182/497
s 2
f 42/392/141 102/393/144 218/394/488 227/181/491
s 72
f 133/395/895 168/396/896 230/397/508 235/186/511
s 73
f 172/149/897 5/8/898 238/188/514 231/187/513
s 2
f 9/7/7 1/1/6 242/193/530 239/192/529
s 3
f 4/398/13 129/399/16 234/400/520 243/191/523
s 13
f 184/401/416 185/402/419 249/197/899 246/196/900
s 65
f 188/403/424 189/404/427 252/199/901 250/198/902
s 66
f 192/405/432 193/406/435 255/201/903 253/200/904
s 3
f 196/164/414 181/156/413 245/407/905 256/195/906
s 67
f 204/169/446 197/165/445 258/408/907 261/206/908
s 13
f 200/409/448 205/410/451 264/204/909 259/203/910
s 27
f 208/411/464 209/412/467 267/210/911 265/209/912
s 68
f 212/174/458 201/170/457 260/413/913 268/208/914
s 69
f 220/179/478 213/175/477 270/414/915 273/215/916
s 70
f 216/415/480 221/416/483 276/213/917 271/212/918
s 27
f 224/417/496 225/418/499 279/219/919 277/218/920
s 2
f 228/184/490 217/180/489 272/419/921 280/217/922
s 72
f 236/189/510 229/185/509 282/420/923 285/224/924
s 73
f 232/421/512 237/422/515 288/222/925 283/221/926
s 2
f 240/423/528 241/424/531 291/228/927 289/227/928
s 3
f 244/194/522 233/190/521 284/425/929 292/226/930
s 13
f 20/426/57 21/427/72 298/233/75 295/232/58
f 34/30/93 26/25/88 307/239/91 303/238/104
f 499/562/931 17/504/56 294/428/59 498/560/932
f 92/92/289 62/64/204 322/245/207 315/244/290
f 65/429/205 486/548/933 487/549/934 323/249/206
f 78/83/259 97/431/262 318/432/302 326/248/264
f 24/433/73 89/434/288 314/235/291 299/234/74
f 101/97/300 30/31/103 302/435/105 319/237/301
s 77
f 296/436/935 297/437/572 338/255/575 334/254/936
s 78
f 304/438/581 306/439/937 349/262/938 342/261/582
s 81
f 497/559/939 293/230/940 333/440/941 496/558/942
s 77
f 316/441/609 321/442/943 369/270/944 357/269/610
s 86
f 324/443/945 488/550/946 489/551/947 370/277/948
s 78
f 327/251/949 317/247/616 361/445/619 372/275/950
s 77
f 300/446/573 313/447/608 356/257/611 339/256/574
s 78
f 320/246/617 301/236/580 341/448/583 362/260/618
s 91
f 340/259/664 384/285/667 381/284/710 363/273/709
f 388/287/951 385/286/666 343/449/665 348/450/952
s 81
f 305/241/953 393/290/766 389/289/765 350/266/954
s 13
f 25/24/89 397/293/770 394/292/769 308/240/90
s 3
f 29/451/99 73/452/102 175/453/246 398/154/405
f 72/76/244 131/454/351 140/455/352 176/125/245
f 130/114/15 3/3/14 37/456/125 141/115/128
s 2
f 2/4/5 8/457/8 127/35/31 38/34/119
f 114/458/316 128/109/30 7/11/29 104/459/315
f 45/460/153 115/101/156 103/100/143 41/40/142
s 27
f 40/41/133 154/461/136 425/135/147 46/44/146
f 158/134/373 80/84/266 429/311/268 426/310/374
f 84/85/253 75/77/252 433/314/785 430/313/267
s 13
f 437/317/789 434/316/788 79/462/263 325/463/265
s 86
f 442/320/793 438/319/792 328/464/955 371/465/956
s 91
f 360/274/708 380/466/711 443/283/957 373/280/958
s 106
f 450/329/809 447/326/808 454/467/823 459/334/826
f 463/337/959 448/468/807 449/469/810 464/338/960
s 81
f 392/291/767 311/243/600 352/470/603 390/471/764
s 13
f 396/294/771 60/61/196 312/472/199 395/473/768
s 3
f 399/153/404 174/152/402 402/151/194 61/474/193
f 173/150/366 139/124/363 406/296/365 403/295/403
f 138/123/127 36/37/126 410/299/775 407/298/364
s 2
f 35/36/118 126/475/120 414/302/346 411/301/778
f 418/305/334 415/304/345 125/113/335 113/108/332
f 422/308/783 419/307/333 112/107/155 44/46/154
s 27
f 43/45/145 424/144/148 161/143/387 423/142/390
f 427/476/391 428/312/406 179/155/385 162/477/384
f 431/478/407 432/315/786 68/70/224 180/479/227
s 13
f 331/252/222 69/480/221 435/481/787 436/318/790
s 86
f 377/281/642 332/482/641 439/483/791 441/321/794
s 106
f 469/340/961 460/335/825 453/333/824 470/341/962
s 93
f 347/484/677 364/485/716 455/325/719 446/324/678
s 100
f 382/486/741 383/487/752 451/488/755 458/330/742
s 93
f 355/267/963 344/263/676 445/489/679 462/323/964
s 100
f 386/490/753 387/491/965 465/328/966 452/327/754
s 95
f 391/288/698 351/268/697 461/492/967 466/339/968
s 100
f 444/322/969 379/282/740 457/493/743 468/336/970
s 93
f 367/494/717 374/495/971 471/332/972 456/331/718
s 99
f 378/496/736 440/497/739 467/498/973 472/342/974
s 1
f 1/1/1 2/499/10 3/500/9 4/398/2
s 6
f 5/8/975 6/9/26 7/501/25 8/502/976 9/7/977
s off
f 10/12/978 11/503/979 12/366/980
s 9
f 13/15/49 14/16/48 15/368/39 16/14/38
s 16
f 17/504/981 18/19/982 19/20/69 20/426/68
f 21/427/71 22/21/70 23/22/81 24/433/80
s 14
f 25/24/84 26/25/983 27/26/96 28/28/95 29/505/85
s 22
f 30/31/107 31/32/106 32/33/984 33/382/985 34/30/986
s 1
f 35/36/122 36/37/121 37/456/12 38/34/11
s 26
f 39/38/129 40/506/138 41/507/137 42/392/130
f 43/45/150 44/46/149 45/460/140 46/44/139
s 10
f 47/367/43 48/508/42 49/509/165 50/375/164
s off
f 51/510/987 52/53/988 53/359/989
s 32
f 54/511/185 55/58/184 56/371/175 57/512/174
s 14
f 58/352/990 59/513/991 60/514/201 61/474/200
s 16
f 62/515/209 63/65/208 64/66/992 65/516/993
s 26
f 66/67/994 67/68/995 68/70/229 69/517/228
s 45
f 70/73/996 71/74/241 72/518/240 73/519/997 74/72/998
s 26
f 75/520/247 76/81/256 77/82/255 78/83/999 79/462/248
f 80/86/270 81/87/269 82/88/278 83/386/277 84/521/1000
s 9
f 85/357/179 86/90/178 87/369/51 88/89/50
s 16
f 89/434/83 90/93/82 91/354/211 92/92/210
s 12
f 93/94/190 94/95/296 95/370/287 96/91/191
s 22
f 97/431/1001 98/98/1002 99/99/1003 100/362/109 101/97/108
s 6
f 102/393/1004 103/522/1005 104/10/28 105/102/27 106/389/1006
s 51
f 107/387/276 108/104/275 109/105/1007 110/363/310 111/103/309
s 2
f 112/107/155 113/108/332 114/458/316 115/101/156
s 12
f 116/110/299 117/377/163 118/49/55 119/96/54
s 23
f 120/383/113 121/106/112 122/112/1008 123/381/239 124/111/238
s 2
f 125/113/335 126/475/120 127/35/31 128/109/30
s 45
f 129/399/1009 130/523/1010 131/75/243 132/116/242 133/395/1011
s 10
f 134/524/167 135/120/166 136/344/67 137/525/66
s 3
f 138/123/127 139/124/363 140/455/352 141/115/128
s 12
f 142/360/79 143/122/78 144/121/337 145/126/336
f 146/353/295 147/128/294 148/127/298 149/129/297
s 32
f 150/351/215 151/526/214 152/527/187 153/132/186
s 26
f 154/528/1012 155/136/376 156/137/375 157/379/272 158/529/271
s 27
f 159/378/383 160/140/388 161/143/387 162/477/384
s 54
f 163/390/320 164/146/319 165/380/1013 166/138/382 167/145/381
s 5
f 168/396/356 169/117/355 170/148/1014 171/147/24 172/149/23
s 3
f 173/150/366 174/152/402 175/453/246 176/125/245
s 27
f 177/133/226 178/139/386 179/155/385 180/479/227
s 14
f 181/156/408 182/384/98 183/158/97 184/401/409
f 185/402/420 186/159/117 187/160/116 188/403/421
f 189/404/428 190/161/341 191/162/340 192/405/429
f 193/406/436 194/163/235 195/157/234 196/164/437
s 26
f 197/165/440 198/385/306 199/167/305 200/409/441
f 201/170/452 202/388/324 203/166/323 204/169/453
f 205/410/460 206/168/258 207/172/257 208/411/461
f 209/412/468 210/173/280 211/171/279 212/174/469
f 213/175/472 214/391/395 215/177/394 216/415/473
f 217/180/484 218/394/314 219/176/313 220/179/485
f 221/416/492 222/178/378 223/182/377 224/417/493
f 225/418/500 226/183/132 227/181/131 228/184/501
s 1
f 229/185/504 230/397/401 231/187/400 232/421/505
f 233/190/516 234/400/350 235/186/349 236/189/517
f 237/422/524 238/188/20 239/192/19 240/423/525
f 241/424/532 242/193/4 243/191/3 244/194/533
s 14
f 245/407/411 246/196/410 247/348/539
f 248/349/540 249/197/423 250/198/422
f 251/350/541 252/199/431 253/200/430
f 254/202/538 255/201/439 256/195/438
s 26
f 257/205/542 258/408/443 259/203/442
f 260/413/455 261/206/454 262/207/544
f 263/356/543 264/204/463 265/209/462
f 266/211/547 267/210/471 268/208/470
f 269/214/548 270/414/475 271/212/474
f 272/419/487 273/215/486 274/216/550
f 275/372/549 276/213/495 277/218/494
f 278/220/553 279/219/503 280/217/502
s 1
f 281/223/554 282/420/507 283/221/506
f 284/425/519 285/224/518 286/225/556
f 287/373/555 288/222/527 289/227/526
f 290/229/559 291/228/535 292/226/534
s 75
f 293/230/565 294/428/564 295/232/1015 296/436/1016
s 76
f 297/437/571 298/233/570 299/234/577 300/446/576
s 79
f 301/236/585 302/435/584 303/238/589 304/438/588
s 75
f 305/241/592 306/439/1017 307/239/1018 308/240/593
f 309/231/1019 310/242/1020 311/243/605 312/472/604
s 76
f 313/447/579 314/235/578 315/244/613 316/441/612
s 79
f 317/247/621 318/432/620 319/237/587 320/246/586
s 84
f 321/442/1021 322/245/1022 323/249/629 324/443/628
f 325/463/632 326/248/1023 327/251/1024 328/464/633
f 329/444/1025 330/250/1026 331/252/645 332/482/644
s off
f 333/440/1027 334/254/1028 335/345/1029
s 89
f 336/258/656 337/346/655 338/255/654 339/256/657
s 92
f 340/259/669 341/448/668 342/261/673 343/449/672
s 94
f 344/263/681 345/347/680 346/265/685 347/484/684
s off
f 348/450/1030 349/262/1031 350/266/1032
s 94
f 351/268/1033 352/470/1034 353/253/1035 354/264/683 355/267/682
s 89
f 356/257/658 357/269/701 358/271/700 359/361/659
s 92
f 360/274/713 361/445/712 362/260/671 363/273/670
s 94
f 364/485/687 365/272/686 366/276/721 367/494/720
s off
f 368/355/1036 369/270/1037 370/277/1038
f 371/465/1039 372/275/1040 373/280/1041
s 94
f 374/495/723 375/279/722 376/278/1042 377/281/1043 378/496/1044
s 101
f 379/282/745 380/466/744 381/284/749 382/486/748
f 383/487/751 384/285/750 385/286/757 386/490/756
f 387/491/759 388/287/758 389/289/1045 390/471/1046 391/288/1047
s 75
f 392/291/606 393/290/595 394/292/594 395/473/607
s 14
f 396/294/202 397/293/87 398/530/86 399/531/203
s 3
f 400/374/772 401/119/195 402/151/194 403/295/403
f 404/365/774 405/297/773 406/296/365 407/298/364
s 1
f 408/343/1048 409/300/1049 410/299/124 411/301/123
s 2
f 412/364/780 413/303/779 414/302/346 415/304/345
f 416/358/782 417/306/781 418/305/334 419/307/333
s 26
f 420/141/1050 421/309/1051 422/308/152 423/142/151
s 27
f 424/144/148 425/135/147 426/310/374 427/476/391
f 428/312/406 429/311/268 430/313/267 431/478/407
s 26
f 432/315/230 433/314/250 434/532/249 435/533/231
s 84
f 436/318/646 437/317/635 438/319/634 439/483/647
s 101
f 440/497/1052 441/321/1053 442/320/1054 443/283/747 444/322/746
s 105
f 445/489/799 446/324/804 447/326/803 448/468/800
s 107
f 449/469/811 450/329/816 451/488/815 452/327/812
s 105
f 453/333/819 454/467/806 455/325/805 456/331/820
s 107
f 457/493/827 458/330/818 459/334/817 460/335/828
s off
f 461/492/1055 462/323/1056 463/337/1057
f 464/338/1058 465/328/1059 466/339/1060
f 467/498/1061 468/336/1062 469/340/1063
f 470/341/1064 471/332/1065 472/342/1066
s 1
f 474/535/35 473/534/34 409/300/1049 408/343/1048
s 2
f 408/343/777 413/303/779 475/536/46 474/535/839
f 476/537/47 475/536/46 413/303/779 412/364/780
f 477/538/283 476/537/47 412/364/780 417/306/781
f 478/539/284 477/538/283 417/306/781 416/358/782
f 479/540/859 478/539/284 416/358/782 421/309/784
s 26
f 480/541/171 479/540/170 421/309/1051 420/141/1050
s 27
f 420/141/389 160/140/388 481/542/182 480/541/867
f 482/543/183 481/542/182 160/140/388 159/378/383
f 159/378/383 178/139/386 483/544/371 482/543/183
f 484/545/372 483/544/371 178/139/386 177/133/226
f 177/133/226 67/68/225 485/546/848 484/545/372
s 26
f 486/547/219 485/546/218 67/68/995 66/67/994
s 13
f 487/549/934 486/548/933 66/430/220 330/250/223
s 84
f 488/550/631 487/549/630 330/250/1026 329/444/1025
s 86
f 489/551/947 488/550/946 329/444/640 376/278/643
s 98
f 490/552/727 489/551/726 376/278/1067 375/279/1068
s 90
f 375/279/1069 366/276/1070 491/553/706 490/552/853
f 492/554/707 491/553/706 366/276/1070 365/272/1071
f 346/265/1072 493/555/662 492/554/707 365/272/1071
f 494/556/663 493/555/662 346/265/1072 345/347/1073
f 495/557/843 494/556/663 345/347/1073 354/264/1074
s 88
f 496/558/651 495/557/650 354/264/1075 353/253/1076
s 81
f 310/242/601 497/559/939 496/558/942 353/253/602
s 75
f 498/560/567 497/559/566 310/242/1020 309/231/1019
s 13
f 59/59/197 499/562/931 498/560/932 309/231/198
s 14
f 500/563/63 499/561/62 59/513/991 58/352/990
s 3
f 58/352/192 401/119/195 501/564/359 500/563/850
f 502/565/360 501/564/359 401/119/195 400/374/772
f 400/374/772 405/297/773 503/566/159 502/565/360
f 504/567/160 503/566/159 405/297/773 404/365/774
f 404/365/774 409/300/776 473/534/863 504/567/160
g default
v -11.929330 37.864496 12.565298
v 41.361610 37.864496 12.565298
v -11.929330 50.811415 12.565298
v 41.361610 50.811415 12.565298
v -11.929330 50.811415 -22.490547
v 41.361610 50.811415 -22.490547
v -11.929330 37.864496 -22.490547
v 41.361610 37.864496 -22.490547
v -11.325607 49.931354 -22.490547
v 40.757850 49.931354 -22.490547
v 40.757850 41.557335 -22.490547
v -11.325607 41.557335 -22.490547
v -10.780218 49.568922 -21.720131
v 40.212463 49.568922 -21.720131
v 40.212463 41.919762 -21.720131
v -10.780218 41.919762 -21.720131
v 5.492118 49.931354 -22.490547
v 5.685295 49.568922 -21.720131
v 5.685295 41.919762 -21.720131
v 5.492118 41.557335 -22.490547
v 5.278278 37.864496 -22.490547
v 5.278278 37.864496 12.565298
v 5.278278 50.811415 12.565298
v 5.278278 50.811415 -22.490547
v 8.607830 47.975329 -21.720131
v 8.607830 43.513356 -21.720131
v 37.289955 47.975329 -21.720131
v 37.289955 43.513356 -21.720131
v 8.825870 47.941409 -20.878369
v 8.825870 43.547276 -20.878369
v 37.071899 47.941409 -20.878369
v 37.071899 43.547276 -20.878369
v 8.825870 47.941409 -21.979641
v 8.825870 43.547276 -21.979641
v 37.071899 47.941409 -21.979641
v 37.071899 43.547276 -21.979641
v -5.274203 47.856027 -21.720131
v 3.816978 47.856027 -21.720131
v 3.816978 43.632658 -21.720131
v -5.274203 43.632658 -21.720131
v -4.470391 47.482614 -22.159844
v 3.013165 47.482614 -22.159844
v 3.013165 44.006075 -22.159844
v -4.470391 44.006075 -22.159844
v 35.374478 41.557335 -22.490547
v 35.853443 37.864496 -22.490547
v 35.853443 37.864496 12.565298
v 35.853443 50.811415 12.565298
v 35.853443 50.811415 -22.490547
v 35.374478 49.931354 -22.490547
v 34.941855 49.568922 -21.720131
v 32.911590 47.975329 -21.720131
v 32.760091 47.941409 -20.878369
v 32.760091 47.941409 -21.979641
v 32.760091 43.547276 -21.979641
v 32.760091 43.547276 -20.878369
v 32.911590 43.513356 -21.720131
v 34.941855 41.919762 -21.720131
v 29.754129 41.557335 -22.490547
v 30.102768 37.864496 -22.490547
v 30.102768 37.864496 12.565298
v 30.102768 50.811415 12.565298
v 30.102768 50.811415 -22.490547
v 29.754129 49.931354 -22.490547
v 29.439184 49.568922 -21.720131
v 28.340461 47.975329 -21.720131
v 28.258469 47.941409 -20.878369
v 28.258469 47.941409 -21.979641
v 28.258469 43.547276 -21.979641
v 28.258469 43.547276 -20.878369
v 28.340461 43.513356 -21.720131
v 29.439184 41.919762 -21.720131
v 24.749094 41.557335 -22.490547
v 24.981699 37.864496 -22.490547
v 24.981699 37.864496 12.565298
v 24.981699 50.811415 12.565298
v 24.981699 50.811415 -22.490547
v 24.749094 49.931354 -22.490547
v 24.538975 49.568922 -21.720131
v 24.269798 47.975329 -21.720131
v 24.249699 47.941409 -20.878369
v 24.249699 47.941409 -21.979641
v 24.249699 43.547276 -21.979641
v 24.249699 43.547276 -20.878369
v 24.269798 43.513356 -21.720131
v 24.538975 41.919762 -21.720131
v 22.950256 41.557335 -22.490547
v 23.141163 37.864496 -22.490547
v 23.141163 37.864496 12.565298
v 23.141163 50.811415 12.565298
v 23.141163 50.811415 -22.490547
v 22.950256 49.931354 -22.490547
v 22.777813 49.568922 -21.720131
v 22.806781 47.975329 -21.720131
v 22.808936 47.941409 -20.878369
v 22.808936 47.941409 -21.979641
v 22.808936 43.547276 -21.979641
v 22.808936 43.547276 -20.878369
v 22.806781 43.513356 -21.720131
v 22.777813 41.919762 -21.720131
v 21.127171 41.557335 -22.490547
v 21.275797 37.864496 -22.490547
v 21.275797 37.864496 12.565298
v 21.275797 50.811415 12.565298
v 21.275797 50.811415 -22.490547
v 21.127171 49.931354 -22.490547
v 20.992904 49.568922 -21.720131
v 21.324037 47.975329 -21.720131
v 21.348735 47.941409 -20.878369
v 21.348735 47.941409 -21.979641
v 21.348735 43.547276 -21.979641
v 21.348735 43.547276 -20.878369
v 21.324037 43.513356 -21.720131
v 20.992904 41.919762 -21.720131
v 19.458828 41.557335 -22.490547
v 19.568797 37.864496 -22.490547
v 19.568797 37.864496 12.565298
v 19.568797 50.811415 12.565298
v 19.568797 50.811415 -22.490547
v 19.458828 49.931354 -22.490547
v 19.359503 49.568922 -21.720131
v 19.967152 47.975329 -21.720131
v 20.012493 47.941409 -20.878369
v 20.012493 47.941409 -21.979641
v 20.012493 43.547276 -21.979641
v 20.012493 43.547276 -20.878369
v 19.967152 43.513356 -21.720131
v 19.359503 41.919762 -21.720131
v 17.613529 41.557335 -22.490547
v 17.680706 37.864496 -22.490547
v 17.680706 37.864496 12.565298
v 17.680706 50.811415 12.565298
v 17.680706 50.811415 -22.490547
v 17.613529 49.931354 -22.490547
v 17.552845 49.568922 -21.720131
v 18.466334 47.975329 -21.720131
v 18.534492 47.941409 -20.878369
v 18.534492 47.941409 -21.979641
v 18.534492 43.547276 -21.979641
v 18.534492 43.547276 -20.878369
v 18.466334 43.513356 -21.720131
v 17.552845 41.919762 -21.720131
v 13.426458 41.557335 -22.490547
v 13.396568 37.864496 -22.490547
v 13.396568 37.864496 12.565298
v 13.396568 50.811415 12.565298
v 13.396568 50.811415 -22.490547
v 13.426458 49.931354 -22.490547
v 13.453466 49.568922 -21.720131
v 15.060938 47.975329 -21.720131
v 15.180865 47.941409 -20.878369
v 15.180865 47.941409 -21.979641
v 15.180865 43.547276 -21.979641
v 15.180865 43.547276 -20.878369
v 15.060938 43.513356 -21.720131
v 13.453466 41.919762 -21.720131
v 8.434818 41.557335 -22.490547
v 8.289198 37.864496 -22.490547
v 8.289198 37.864496 12.565298
v 8.289198 50.811415 12.565298
v 8.289198 50.811415 -22.490547
v 8.434818 49.931354 -22.490547
v 8.566366 49.568922 -21.720131
v 11.001165 47.975329 -21.720131
v 11.182822 47.941409 -20.878369
v 11.182822 47.941409 -21.979641
v 11.182822 43.547276 -21.979641
v 11.182822 43.547276 -20.878369
v 11.001165 43.513356 -21.720131
v 8.566366 41.919762 -21.720131
v 30.908527 38.798596 -22.490547
v 34.943660 38.798596 -22.490547
v 30.663887 40.623239 -22.490547
v 34.607608 40.623239 -22.490547
v 30.908527 38.798596 -22.774525
v 34.943660 38.798596 -22.774525
v 30.663887 40.623239 -22.774525
v 34.607608 40.623239 -22.774525
v 23.256895 38.900472 -22.490547
v 24.836055 38.900472 -22.490547
v 23.093097 40.513508 -22.490547
v 24.636492 40.513508 -22.490547
v 21.396258 38.900428 -22.490547
v 22.996726 38.900428 -22.490547
v 21.268727 40.513471 -22.490547
v 22.832934 40.513471 -22.490547
v 19.680862 38.900659 -22.490547
v 21.145460 38.900659 -22.490547
v 19.586514 40.513699 -22.490547
v 21.017943 40.513699 -22.490547
v 17.808513 38.900391 -22.490547
v 19.428485 38.900391 -22.490547
v 17.750875 40.513435 -22.490547
v 19.334133 40.513435 -22.490547
v 23.256895 38.900472 -22.657048
v 24.836055 38.900472 -22.657048
v 23.093097 40.513508 -22.657048
v 24.636492 40.513508 -22.657048
v 21.396258 38.900428 -22.657048
v 22.996726 38.900428 -22.657048
v 21.268727 40.513471 -22.657048
v 22.832934 40.513471 -22.657048
v 19.680862 38.900659 -22.657048
v 21.145460 38.900659 -22.657048
v 19.586514 40.513699 -22.657048
v 21.017943 40.513699 -22.657048
v 17.808513 38.900391 -22.657048
v 19.428485 38.900391 -22.657048
v 17.750875 40.513435 -22.657048
v 19.334133 40.513435 -22.657048
v 8.359520 39.647880 -22.490547
v 5.381547 39.647880 -22.490547
v -11.637773 39.647880 -22.490547
v -11.637773 50.386408 -22.490547
v 5.381547 50.386408 -22.490547
v 8.359520 50.386408 -22.490547
v 13.411001 50.386408 -22.490547
v 17.648261 50.386408 -22.490547
v 19.515690 50.386408 -22.490547
v 21.204018 50.386408 -22.490547
v 23.048969 50.386408 -22.490547
v 24.869366 50.386408 -22.490547
v 29.934398 50.386408 -22.490547
v 35.622133 50.386408 -22.490547
v 41.070037 50.386408 -22.490547
v 41.070037 39.647880 -22.490547
v 35.622133 39.647880 -22.490547
v 34.781371 39.679772 -22.490547
v 34.781371 39.679772 -22.774525
v 30.790386 39.679772 -22.774525
v 30.790386 39.679772 -22.490547
v 29.934398 39.647880 -22.490547
v 24.869366 39.647880 -22.490547
v 24.739678 39.679455 -22.490547
v 24.739678 39.679455 -22.657048
v 23.177791 39.679455 -22.657048
v 23.177791 39.679455 -22.490547
v 23.048969 39.647880 -22.490547
v 22.917624 39.679418 -22.490547
v 22.917624 39.679418 -22.657048
v 21.334669 39.679418 -22.657048
v 21.334669 39.679418 -22.490547
v 21.204018 39.647880 -22.490547
v 21.083878 39.679646 -22.490547
v 21.083878 39.679646 -22.657048
v 19.635299 39.679646 -22.657048
v 19.635299 39.679646 -22.490547
v 19.515690 39.647880 -22.490547
v 19.382916 39.679378 -22.490547
v 19.382916 39.679378 -22.657048
v 17.780677 39.679378 -22.657048
v 17.780677 39.679378 -22.490547
v 17.648261 39.647880 -22.490547
v 13.411001 39.647880 -22.490547
v 12.799594 40.102544 -22.490547
v 8.981838 40.102544 -22.490547
v 9.038741 41.098695 -22.490547
v 12.811277 41.098695 -22.490547
v 8.917975 38.289240 -22.490547
v 12.777976 38.289240 -22.490547
v 8.971126 39.219624 -22.490547
v 12.788885 39.219624 -22.490547
v 12.799594 40.102544 -22.719401
v 8.981838 40.102544 -22.719401
v 9.038741 41.098695 -22.719401
v 12.811277 41.098695 -22.719401
v 8.917975 38.289240 -22.719401
v 12.777976 38.289240 -22.719401
v 8.971126 39.219624 -22.719401
v 12.788885 39.219624 -22.719401
vt 0.375000 0.000000
vt 0.625000 0.000000
vt 0.375000 0.250000
vt 0.625000 0.250000
vt 0.375000 0.500000
vt 0.625000 0.500000
vt 0.375000 0.750000
vt 0.625000 0.750000
vt 0.375000 1.000000
vt 0.625000 1.000000
vt 0.875000 0.000000
vt 0.875000 0.250000
vt 0.125000 0.000000
vt 0.125000 0.250000
vt 0.375000 0.500000
vt 0.625000 0.500000
vt 0.625000 0.750000
vt 0.375000 0.750000
vt 0.375000 0.500000
vt 0.625000 0.500000
vt 0.625000 0.750000
vt 0.375000 0.750000
vt 0.455725 0.500000
vt 0.455725 0.500000
vt 0.455725 0.750000
vt 0.455725 0.750000
vt 0.455725 0.750000
vt 0.455725 0.000000
vt 0.455725 1.000000
vt 0.455725 0.250000
vt 0.455725 0.500000
vt 0.455725 0.750000
vt 0.455725 0.500000
vt 0.625000 0.500000
vt 0.625000 0.750000
vt 0.455725 0.750000
vt 0.455725 0.500000
vt 0.625000 0.500000
vt 0.625000 0.750000
vt 0.455725 0.750000
vt 0.455725 0.500000
vt 0.625000 0.500000
vt 0.625000 0.750000
vt 0.375000 0.500000
vt 0.455725 0.500000
vt 0.455725 0.750000
vt 0.375000 0.750000
vt 0.375000 0.500000
vt 0.455725 0.500000
vt 0.455725 0.750000
vt 0.375000 0.750000
vt 0.599160 0.750000
vt 0.599160 0.750000
vt 0.599160 0.000000
vt 0.599160 1.000000
vt 0.599160 0.250000
vt 0.599160 0.500000
vt 0.599160 0.500000
vt 0.599160 0.500000
vt 0.599160 0.500000
vt 0.599160 0.500000
vt 0.599160 0.500000
vt 0.599160 0.750000
vt 0.599160 0.750000
vt 0.599160 0.750000
vt 0.599160 0.750000
vt 0.572182 0.750000
vt 0.572182 0.750000
vt 0.572182 0.000000
vt 0.572182 1.000000
vt 0.572182 0.250000
vt 0.572182 0.500000
vt 0.572182 0.500000
vt 0.572182 0.500000
vt 0.572182 0.500000
vt 0.572182 0.500000
vt 0.572182 0.500000
vt 0.572182 0.750000
vt 0.572182 0.750000
vt 0.572182 0.750000
vt 0.572182 0.750000
vt 0.548158 0.750000
vt 0.548158 0.750000
vt 0.548158 0.000000
vt 0.548158 1.000000
vt 0.548158 0.250000
vt 0.548158 0.500000
vt 0.548158 0.500000
vt 0.548158 0.500000
vt 0.548158 0.500000
vt 0.548158 0.500000
vt 0.548158 0.500000
vt 0.548158 0.750000
vt 0.548158 0.750000
vt 0.548158 0.750000
vt 0.548158 0.750000
vt 0.539524 0.750000
vt 0.539524 0.750000
vt 0.539524 0.000000
vt 0.539524 1.000000
vt 0.539524 0.250000
vt 0.539524 0.500000
vt 0.539524 0.500000
vt 0.539524 0.500000
vt 0.539524 0.500000
vt 0.539524 0.500000
vt 0.539524 0.500000
vt 0.539524 0.750000
vt 0.539524 0.750000
vt 0.539524 0.750000
vt 0.539524 0.750000
vt 0.530773 0.750000
vt 0.530773 0.750000
vt 0.530773 0.000000
vt 0.530773 1.000000
vt 0.530773 0.250000
vt 0.530773 0.500000
vt 0.530773 0.500000
vt 0.530773 0.500000
vt 0.530773 0.500000
vt 0.530773 0.500000
vt 0.530773 0.500000
vt 0.530773 0.750000
vt 0.530773 0.750000
vt 0.530773 0.750000
vt 0.530773 0.750000
vt 0.522765 0.750000
vt 0.522765 0.750000
vt 0.522765 0.000000
vt 0.522765 1.000000
vt 0.522765 0.250000
vt 0.522765 0.500000
vt 0.522765 0.500000
vt 0.522765 0.500000
vt 0.522765 0.500000
vt 0.522765 0.500000
vt 0.522765 0.500000
vt 0.522765 0.750000
vt 0.522765 0.750000
vt 0.522765 0.750000
vt 0.522765 0.750000
vt 0.513907 0.750000
vt 0.513907 0.750000
vt 0.513907 0.000000
vt 0.513907 1.000000
vt 0.513907 0.250000
vt 0.513907 0.500000
vt 0.513907 0.500000
vt 0.513907 0.500000
vt 0.513907 0.500000
vt 0.513907 0.500000
vt 0.513907 0.500000
vt 0.513907 0.750000
vt 0.513907 0.750000
vt 0.513907 0.750000
vt 0.513907 0.750000
vt 0.493810 0.750000
vt 0.493810 0.750000
vt 0.493810 0.000000
vt 0.493810 1.000000
vt 0.493810 0.250000
vt 0.493810 0.500000
vt 0.493810 0.500000
vt 0.493810 0.500000
vt 0.493810 0.500000
vt 0.493810 0.500000
vt 0.493810 0.500000
vt 0.493810 0.750000
vt 0.493810 0.750000
vt 0.493810 0.750000
vt 0.493810 0.750000
vt 0.469850 0.750000
vt 0.469850 0.750000
vt 0.469850 0.000000
vt 0.469850 1.000000
vt 0.469850 0.250000
vt 0.469850 0.500000
vt 0.469850 0.500000
vt 0.469850 0.500000
vt 0.469850 0.500000
vt 0.469850 0.500000
vt 0.469850 0.500000
vt 0.469850 0.750000
vt 0.469850 0.750000
vt 0.469850 0.750000
vt 0.469850 0.750000
vt 0.599160 0.750000
vt 0.572182 0.750000
vt 0.572182 0.750000
vt 0.599160 0.750000
vt 0.599160 0.750000
vt 0.572182 0.750000
vt 0.572182 0.750000
vt 0.599160 0.750000
vt 0.548158 0.750000
vt 0.539524 0.750000
vt 0.539524 0.750000
vt 0.548158 0.750000
vt 0.539524 0.750000
vt 0.530773 0.750000
vt 0.530773 0.750000
vt 0.539524 0.750000
vt 0.530773 0.750000
vt 0.522765 0.750000
vt 0.522765 0.750000
vt 0.530773 0.750000
vt 0.522765 0.750000
vt 0.513907 0.750000
vt 0.513907 0.750000
vt 0.522765 0.750000
vt 0.548158 0.750000
vt 0.539524 0.750000
vt 0.539524 0.750000
vt 0.548158 0.750000
vt 0.530773 0.750000
vt 0.530773 0.750000
vt 0.522765 0.750000
vt 0.522765 0.750000
vt 0.513907 0.750000
vt 0.513907 0.750000
vt 0.469850 0.750000
vt 0.455725 0.750000
vt 0.375000 0.750000
vt 0.375000 0.500000
vt 0.455725 0.500000
vt 0.469850 0.500000
vt 0.493810 0.500000
vt 0.513907 0.500000
vt 0.522765 0.500000
vt 0.530773 0.500000
vt 0.539524 0.500000
vt 0.548158 0.500000
vt 0.572182 0.500000
vt 0.599160 0.500000
vt 0.625000 0.500000
vt 0.625000 0.750000
vt 0.599160 0.750000
vt 0.599160 0.750000
vt 0.599160 0.750000
vt 0.572182 0.750000
vt 0.572182 0.750000
vt 0.572182 0.750000
vt 0.548158 0.750000
vt 0.548158 0.750000
vt 0.548158 0.750000
vt 0.548158 0.750000
vt 0.539524 0.750000
vt 0.539524 0.750000
vt 0.539524 0.750000
vt 0.539524 0.750000
vt 0.539524 0.750000
vt 0.539524 0.750000
vt 0.539524 0.750000
vt 0.530773 0.750000
vt 0.530773 0.750000
vt 0.530773 0.750000
vt 0.530773 0.750000
vt 0.530773 0.750000
vt 0.530773 0.750000
vt 0.530773 0.750000
vt 0.522765 0.750000
vt 0.522765 0.750000
vt 0.522765 0.750000
vt 0.522765 0.750000
vt 0.522765 0.750000
vt 0.522765 0.750000
vt 0.513907 0.750000
vt 0.513907 0.750000
vt 0.513907 0.750000
vt 0.493810 0.750000
vt 0.493810 0.750000
vt 0.469850 0.750000
vt 0.469850 0.750000
vt 0.493810 0.750000
vt 0.493810 0.750000
vt 0.469850 0.750000
vt 0.469850 0.750000
vt 0.493810 0.750000
vt 0.493810 0.750000
vt 0.469850 0.750000
vt 0.469850 0.750000
vt 0.493810 0.750000
vt 0.493810 0.750000
vt 0.469850 0.750000
vn 0.000000 0.000000 1.000000
vn 0.000000 0.000000 1.000000
vn 0.000000 0.000000 1.000000
vn 0.000000 0.000000 1.000000
vn 0.000000 1.000000 0.000000
vn 0.000000 1.000000 0.000000
vn 0.000000 1.000000 0.000000
vn 0.000000 1.000000 0.000000
vn 0.000000 0.000000 -1.000000
vn 0.000000 0.000000 -1.000000
vn 0.000000 0.000000 -1.000000
vn 0.000000 0.000000 -1.000000
vn 0.000000 -1.000000 0.000000
vn 0.000000 -1.000000 0.000000
vn 0.000000 -1.000000 0.000000
vn 0.000000 -1.000000 0.000000
vn 1.000000 0.000000 0.000000
vn 1.000000 0.000000 0.000000
vn 1.000000 0.000000 0.000000
vn 1.000000 0.000000 0.000000
vn -1.000000 0.000000 0.000000
vn -1.000000 0.000000 0.000000
vn -1.000000 0.000000 0.000000
vn -1.000000 0.000000 0.000000
vn 0.000000 0.000000 -1.000000
vn 0.000000 0.000000 -1.000000
vn 0.000000 0.000000 -1.000000
vn 0.000000 0.000000 -1.000000
vn 0.000002 0.000000 -1.000000
vn 0.000002 0.000000 -1.000000
vn 0.000003 0.000000 -1.000000
vn 0.000003 0.000000 -1.000000
vn 0.000000 0.000000 -1.000000
vn 0.000000 0.000000 -1.000000
vn 0.000000 0.000000 -1.000000
vn 0.000000 0.000000 -1.000000
vn -0.000001 0.000000 -1.000000
vn -0.000001 0.000000 -1.000000
vn -0.000004 0.000000 -1.000000
vn -0.000004 0.000000 -1.000000
vn 0.000000 -0.904872 -0.425684
vn 0.000000 -0.904872 -0.425684
vn 0.000000 -0.904872 -0.425684
vn 0.000000 -0.904872 -0.425684
vn -0.816187 0.000000 -0.577788
vn -0.816187 0.000000 -0.577788
vn -0.816187 0.000000 -0.577788
vn -0.816187 0.000000 -0.577788
vn 0.000000 0.904874 -0.425681
vn 0.000000 0.904873 -0.425681
vn 0.000000 0.904873 -0.425681
vn 0.000000 0.904874 -0.425681
vn 0.816186 0.000000 -0.577790
vn 0.816186 0.000000 -0.577790
vn 0.816186 0.000000 -0.577790
vn 0.816186 0.000000 -0.577790
vn 0.000000 -0.904872 -0.425684
vn 0.000000 -0.904872 -0.425684
vn 0.000000 0.000000 -1.000000
vn 0.000000 0.000000 -1.000000
vn 0.000000 0.000000 -1.000000
vn 0.000000 0.000000 -1.000000
vn 0.000000 0.904873 -0.425680
vn 0.000000 0.904874 -0.425680
vn 0.000000 0.000000 -1.000000
vn 0.000000 0.000000 -1.000000
vn 0.000000 -1.000000 0.000000
vn 0.000000 -1.000000 0.000000
vn 0.000000 0.000000 1.000000
vn 0.000000 0.000000 1.000000
vn 0.000000 1.000000 0.000000
vn 0.000000 1.000000 0.000000
vn 0.000000 0.000000 -1.000000
vn 0.000000 0.000000 -1.000000
vn -0.000000 0.000000 -1.000000
vn -0.000000 0.000000 -1.000000
vn -0.000000 0.000000 -1.000000
vn -0.000000 0.000000 -1.000000
vn 0.000000 0.000000 -1.000000
vn 0.000000 0.000000 -1.000000
vn 0.000000 0.000000 -1.000000
vn 0.000000 0.000000 -1.000000
vn 0.000000 0.000000 -1.000000
vn 0.000000 0.000000 -1.000000
vn 0.000000 0.000000 -1.000000
vn 0.000000 0.000000 -1.000000
vn 0.000000 0.000000 -1.000000
vn 0.000000 0.000000 -1.000000
vn 0.000000 0.000000 -1.000000
vn 0.000000 0.000000 -1.000000
vn 0.968051 0.000000 -0.250753
vn 0.968051 0.000000 -0.250753
vn 0.968051 0.000000 -0.250753
vn 0.968051 0.000000 -0.250753
vn 0.000000 -0.999189 -0.040265
vn 0.000000 -0.999189 -0.040265
vn 0.000000 -0.999189 -0.040265
vn 0.000000 -0.999189 -0.040265
vn -0.968047 0.000000 -0.250770
vn -0.968047 0.000000 -0.250770
vn -0.968047 0.000000 -0.250770
vn -0.968047 0.000000 -0.250770
vn 0.000000 0.999189 -0.040265
vn 0.000000 0.999189 -0.040265
vn 0.000000 0.999189 -0.040265
vn 0.000000 0.999189 -0.040265
vn -1.000000 0.000000 0.000000
vn -1.000000 0.000000 0.000000
vn -1.000000 0.000000 0.000000
vn -1.000000 0.000000 0.000000
vn 0.000000 1.000000 0.000000
vn 0.000000 1.000000 0.000000
vn 0.000000 1.000000 0.000000
vn 0.000000 1.000000 0.000000
vn 1.000000 0.000000 0.000000
vn 1.000000 0.000000 0.000000
vn 1.000000 0.000000 0.000000
vn 1.000000 0.000000 0.000000
vn 0.000000 -1.000000 0.000000
vn 0.000000 -1.000000 0.000000
vn 0.000000 -1.000000 0.000000
vn 0.000000 -1.000000 0.000000
vn 0.000000 0.000000 -1.000000
vn 0.000000 0.000000 -1.000000
vn 0.000000 0.000000 -1.000000
vn 0.000000 0.000000 -1.000000
vn 0.000001 0.000000 -1.000000
vn 0.000001 0.000000 -1.000000
vn 0.000001 0.000000 -1.000000
vn 0.000001 0.000000 -1.000000
vn 0.000000 0.000000 -1.000000
vn 0.000000 0.000000 -1.000000
vn 0.000000 0.000000 -1.000000
vn 0.000000 0.000000 -1.000000
vn -0.000000 0.000000 -1.000000
vn -0.000000 0.000000 -1.000000
vn -0.000000 0.000000 -1.000000
vn -0.000000 0.000000 -1.000000
vn 0.000000 0.762233 -0.647303
vn 0.000000 0.762233 -0.647303
vn 0.000000 0.762233 -0.647303
vn 0.000000 0.762233 -0.647303
vn 0.479921 0.000000 -0.877312
vn 0.479921 0.000000 -0.877312
vn 0.479921 0.000000 -0.877312
vn 0.479921 0.000000 -0.877312
vn 0.000000 -0.762230 -0.647307
vn 0.000000 -0.762230 -0.647307
vn 0.000000 -0.762230 -0.647307
vn 0.000000 -0.762230 -0.647307
vn -0.479921 0.000000 -0.877312
vn -0.479921 0.000000 -0.877312
vn -0.479921 0.000000 -0.877312
vn -0.479921 0.000000 -0.877312
vn 0.000000 0.000000 -1.000000
vn 0.000000 0.000000 -1.000000
vn 0.000000 0.000000 -1.000000
vn 0.000000 0.000000 -1.000000
vn 0.000000 -1.000000 0.000000
vn 0.000000 -1.000000 0.000000
vn 0.000000 -1.000000 0.000000
vn 0.000000 -1.000000 0.000000
vn 0.000000 0.000000 1.000000
vn 0.000000 0.000000 1.000000
vn 0.000000 0.000000 1.000000
vn 0.000000 0.000000 1.000000
vn 0.000000 1.000000 0.000000
vn 0.000000 1.000000 0.000000
vn 0.000000 1.000000 0.000000
vn 0.000000 1.000000 0.000000
vn 0.000000 0.000000 -1.000000
vn 0.000000 0.000000 -1.000000
vn 0.000000 0.000000 -1.000000
vn 0.000000 0.000000 -1.000000
vn 0.000000 -0.904872 -0.425684
vn 0.000000 -0.904872 -0.425684
vn 0.000000 -0.904872 -0.425684
vn 0.000000 -0.904872 -0.425684
vn 0.000000 0.000000 -1.000000
vn 0.000000 0.000000 -1.000000
vn 0.000000 0.000000 -1.000000
vn 0.000000 0.000000 -1.000000
vn 0.000000 -0.999189 -0.040265
vn 0.000000 -0.999189 -0.040265
vn 0.000000 -0.999189 -0.040265
vn 0.000000 -0.999189 -0.040265
vn 0.000000 1.000000 0.000000
vn 0.000000 1.000000 0.000000
vn 0.000000 1.000000 0.000000
vn 0.000000 1.000000 0.000000
vn 0.000000 0.000000 -1.000000
vn 0.000000 0.000000 -1.000000
vn 0.000000 0.000000 -1.000000
vn 0.000000 0.000000 -1.000000
vn 0.000000 -1.000000 0.000000
vn 0.000000 -1.000000 0.000000
vn 0.000000 -1.000000 0.000000
vn 0.000000 -1.000000 0.000000
vn 0.000000 0.999189 -0.040265
vn 0.000000 0.999189 -0.040265
vn 0.000000 0.999189 -0.040265
vn 0.000000 0.999189 -0.040265
vn 0.000000 0.000000 -1.000000
vn 0.000000 0.000000 -1.000000
vn 0.000000 0.000000 -1.000000
vn 0.000000 0.000000 -1.000000
vn 0.000000 0.904873 -0.425681
vn 0.000000 0.904873 -0.425680
vn 0.000000 0.904873 -0.425680
vn 0.000000 0.904874 -0.425681
vn 0.000000 0.000000 -1.000000
vn 0.000000 0.000000 -1.000000
vn 0.000000 0.000000 -1.000000
vn 0.000000 0.000000 -1.000000
vn 0.000000 -1.000000 0.000000
vn 0.000000 -1.000000 0.000000
vn 0.000000 0.000000 1.000000
vn 0.000000 0.000000 1.000000
vn 0.000000 1.000000 0.000000
vn 0.000000 1.000000 0.000000
vn 0.000000 0.000000 -1.000000
vn 0.000000 0.000000 -1.000000
vn 0.000000 -0.904872 -0.425685
vn 0.000000 -0.904872 -0.425684
vn 0.000000 0.000000 -1.000000
vn 0.000000 0.000000 -1.000000
vn 0.000000 -0.999189 -0.040265
vn 0.000000 -0.999189 -0.040265
vn 0.000000 1.000000 0.000000
vn 0.000000 1.000000 0.000000
vn 0.000000 0.000000 -1.000000
vn 0.000000 0.000000 -1.000000
vn 0.000000 -1.000000 0.000000
vn 0.000000 -1.000000 0.000000
vn 0.000000 0.999189 -0.040265
vn 0.000000 0.999189 -0.040265
vn 0.000000 0.000000 -1.000000
vn 0.000000 0.000000 -1.000000
vn 0.000000 0.904874 -0.425680
vn 0.000000 0.904874 -0.425680
vn 0.000000 0.000000 -1.000000
vn 0.000000 0.000000 -1.000000
vn 0.000000 0.000000 -1.000000
vn 0.000000 0.000000 -1.000000
vn 0.000000 -1.000000 0.000000
vn 0.000000 -1.000000 0.000000
vn 0.000000 0.000000 1.000000
vn 0.000000 0.000000 1.000000
vn 0.000000 1.000000 0.000000
vn 0.000000 1.000000 0.000000
vn 0.000000 0.000000 -1.000000
vn 0.000000 0.000000 -1.000000
vn 0.000000 -0.904872 -0.425685
vn 0.000000 -0.904871 -0.425685
vn 0.000000 0.000000 -1.000000
vn 0.000000 0.000000 -1.000000
vn 0.000000 -0.999189 -0.040265
vn 0.000000 -0.999189 -0.040265
vn 0.000000 1.000000 0.000000
vn 0.000000 1.000000 0.000000
vn 0.000000 0.000000 -1.000000
vn 0.000000 0.000000 -1.000000
vn 0.000000 -1.000000 0.000000
vn 0.000000 -1.000000 0.000000
vn 0.000000 0.999189 -0.040265
vn 0.000000 0.999189 -0.040265
vn 0.000000 0.000000 -1.000000
vn 0.000000 0.000000 -1.000000
vn 0.000000 0.904874 -0.425680
vn 0.000000 0.904874 -0.425680
vn 0.000000 0.000000 -1.000000
vn 0.000000 0.000000 -1.000000
vn 0.000000 0.000000 -1.000000
vn 0.000000 0.000000 -1.000000
vn 0.000000 -1.000000 0.000000
vn 0.000000 -1.000000 0.000000
vn 0.000000 0.000000 1.000000
vn 0.000000 0.000000 1.000000
vn 0.000000 1.000000 0.000000
vn 0.000000 1.000000 0.000000
vn 0.000000 0.000000 -1.000000
vn 0.000000 0.000000 -1.000000
vn 0.000000 -0.904871 -0.425685
vn 0.000000 -0.904871 -0.425685
vn 0.000000 0.000000 -1.000000
vn 0.000000 0.000000 -1.000000
vn 0.000000 -0.999189 -0.040265
vn 0.000000 -0.999189 -0.040265
vn 0.000000 1.000000 0.000000
vn 0.000000 1.000000 0.000000
vn 0.000000 0.000000 -1.000000
vn 0.000000 0.000000 -1.000000
vn 0.000000 -1.000000 0.000000
vn 0.000000 -1.000000 0.000000
vn 0.000000 0.999189 -0.040265
vn 0.000000 0.999189 -0.040265
vn 0.000000 0.000000 -1.000000
vn 0.000000 0.000000 -1.000000
vn 0.000000 0.904874 -0.425681
vn 0.000000 0.904873 -0.425681
vn 0.000000 0.000000 -1.000000
vn 0.000000 0.000000 -1.000000
vn 0.000000 0.000000 -1.000000
vn 0.000000 0.000000 -1.000000
vn 0.000000 -1.000000 0.000000
vn 0.000000 -1.000000 0.000000
vn 0.000000 0.000000 1.000000
vn 0.000000 0.000000 1.000000
vn 0.000000 1.000000 0.000000
vn 0.000000 1.000000 0.000000
vn 0.000000 0.000000 -1.000000
vn 0.000000 0.000000 -1.000000
vn 0.000000 -0.904872 -0.425685
vn 0.000000 -0.904872 -0.425685
vn 0.000000 0.000000 -1.000000
vn 0.000000 0.000000 -1.000000
vn 0.000000 -0.999189 -0.040265
vn 0.000000 -0.999189 -0.040265
vn 0.000000 1.000000 0.000000
vn 0.000000 1.000000 0.000000
vn 0.000000 0.000000 -1.000000
vn 0.000000 0.000000 -1.000000
vn 0.000000 -1.000000 0.000000
vn 0.000000 -1.000000 0.000000
vn 0.000000 0.999189 -0.040265
vn 0.000000 0.999189 -0.040265
vn 0.000000 0.000000 -1.000000
vn 0.000000 0.000000 -1.000000
vn 0.000000 0.904873 -0.425681
vn 0.000000 0.904873 -0.425680
vn 0.000000 0.000000 -1.000000
vn 0.000000 0.000000 -1.000000
vn 0.000000 0.000000 -1.000000
vn 0.000000 0.000000 -1.000000
vn 0.000000 -1.000000 0.000000
vn 0.000000 -1.000000 0.000000
vn 0.000000 0.000000 1.000000
vn 0.000000 0.000000 1.000000
vn 0.000000 1.000000 0.000000
vn 0.000000 1.000000 0.000000
vn 0.000000 0.000000 -1.000000
vn 0.000000 0.000000 -1.000000
vn 0.000000 -0.904872 -0.425684
vn 0.000000 -0.904872 -0.425684
vn 0.000000 0.000000 -1.000000
vn 0.000000 0.000000 -1.000000
vn 0.000000 -0.999189 -0.040265
vn 0.000000 -0.999189 -0.040265
vn 0.000000 1.000000 0.000000
vn 0.000000 1.000000 0.000000
vn 0.000000 0.000000 -1.000000
vn 0.000000 0.000000 -1.000000
vn 0.000000 -1.000000 0.000000
vn 0.000000 -1.000000 0.000000
vn 0.000000 0.999189 -0.040265
vn 0.000000 0.999189 -0.040265
vn 0.000000 0.000000 -1.000000
vn 0.000000 0.000000 -1.000000
vn 0.000000 0.904873 -0.425680
vn 0.000000 0.904873 -0.425680
vn 0.000000 0.000000 -1.000000
vn 0.000000 0.000000 -1.000000
vn 0.000000 0.000000 -1.000000
vn 0.000000 0.000000 -1.000000
vn 0.000000 -1.000000 0.000000
vn 0.000000 -1.000000 0.000000
vn 0.000000 0.000000 1.000000
vn 0.000000 0.000000 1.000000
vn 0.000000 1.000000 0.000000
vn 0.000000 1.000000 0.000000
vn 0.000000 0.000000 -1.000000
vn 0.000000 0.000000 -1.000000
vn 0.000000 -0.904872 -0.425684
vn 0.000000 -0.904872 -0.425684
vn 0.000000 0.000000 -1.000000
vn 0.000000 0.000000 -1.000000
vn 0.000000 -0.999189 -0.040264
vn 0.000000 -0.999189 -0.040264
vn 0.000000 1.000000 0.000000
vn 0.000000 1.000000 0.000000
vn 0.000000 0.000000 -1.000000
vn 0.000000 0.000000 -1.000000
vn 0.000000 -1.000000 0.000000
vn 0.000000 -1.000000 0.000000
vn 0.000000 0.999189 -0.040265
vn 0.000000 0.999189 -0.040265
vn 0.000000 0.000000 -1.000000
vn 0.000000 0.000000 -1.000000
vn 0.000000 0.904874 -0.425680
vn 0.000000 0.904873 -0.425680
vn 0.000000 0.000000 -1.000000
vn 0.000000 0.000000 -1.000000
vn 0.000000 0.000000 -1.000000
vn 0.000000 0.000000 -1.000000
vn 0.000000 -1.000000 0.000000
vn 0.000000 -1.000000 0.000000
vn 0.000000 0.000000 1.000000
vn 0.000000 0.000000 1.000000
vn 0.000000 1.000000 0.000000
vn 0.000000 1.000000 0.000000
vn 0.000000 0.000000 -1.000000
vn 0.000000 0.000000 -1.000000
vn 0.000000 -0.904872 -0.425684
vn 0.000000 -0.904872 -0.425684
vn 0.000000 0.000000 -1.000000
vn 0.000000 0.000000 -1.000000
vn 0.000000 -0.999189 -0.040264
vn 0.000000 -0.999189 -0.040265
vn 0.000000 1.000000 0.000000
vn 0.000000 1.000000 0.000000
vn 0.000000 0.000000 -1.000000
vn 0.000000 0.000000 -1.000000
vn 0.000000 -1.000000 0.000000
vn 0.000000 -1.000000 0.000000
vn 0.000000 0.999189 -0.040265
vn 0.000000 0.999189 -0.040265
vn 0.000000 0.000000 -1.000000
vn 0.000000 0.000000 -1.000000
vn 0.000000 0.904873 -0.425680
vn 0.000000 0.904874 -0.425680
vn 0.000000 0.000000 -1.000000
vn 0.000000 0.000000 -1.000000
vn 0.000000 0.000000 -1.000000
vn 0.000000 0.000000 -1.000000
vn 0.000000 0.000000 -1.000000
vn 0.000000 0.000000 -1.000000
vn 0.000000 0.000000 -1.000000
vn 0.000000 0.000000 -1.000000
vn -0.000000 0.000000 -1.000000
vn -0.000000 0.000000 -1.000000
vn -0.000000 0.000000 -1.000000
vn -0.000000 0.000000 -1.000000
vn 0.000000 0.000000 -1.000000
vn 0.000000 0.000000 -1.000000
vn 0.000000 0.000000 -1.000000
vn 0.000000 0.000000 -1.000000
vn 0.000000 0.000000 -1.000000
vn 0.000000 0.000000 -1.000000
vn 0.000000 0.000000 -1.000000
vn 0.000000 0.000000 -1.000000
vn 0.000000 -1.000000 0.000000
vn 0.000000 -1.000000 0.000000
vn 0.000000 -1.000000 0.000000
vn 0.000000 -1.000000 0.000000
vn -0.991131 -0.132887 0.000000
vn -0.991131 -0.132889 0.000000
vn -0.991131 -0.132889 0.000000
vn -0.991131 -0.132887 0.000000
vn 0.000000 1.000000 0.000000
vn 0.000000 1.000000 0.000000
vn 0.000000 1.000000 0.000000
vn 0.000000 1.000000 0.000000
vn 0.983459 0.181130 0.000000
vn 0.983459 0.181129 0.000000
vn 0.983459 0.181129 0.000000
vn 0.983459 0.181130 0.000000
vn 0.000000 0.000000 -1.000000
vn 0.000000 0.000000 -1.000000
vn 0.000000 0.000000 -1.000000
vn 0.000000 0.000000 -1.000000
vn 0.000000 0.000000 -1.000000
vn -0.000009 0.000000 -1.000000
vn -0.000009 0.000000 -1.000000
vn -0.000001 0.000000 -1.000000
vn 0.000000 0.000000 -1.000000
vn 0.000000 0.000000 -1.000000
vn 0.000000 0.000000 -1.000000
vn 0.000000 0.000000 -1.000000
vn 0.000010 0.000000 -1.000000
vn 0.000001 0.000000 -1.000000
vn 0.000005 0.000000 -1.000000
vn 0.000010 0.000000 -1.000000
vn 0.000000 0.000000 -1.000000
vn 0.000000 0.000000 -1.000000
vn 0.000000 0.000000 -1.000000
vn 0.000000 0.000000 -1.000000
vn 0.000004 0.000000 -1.000000
vn -0.000008 0.000000 -1.000000
vn -0.000008 0.000000 -1.000000
vn 0.000002 0.000000 -1.000000
vn 0.000000 0.000000 -1.000000
vn 0.000000 0.000000 -1.000000
vn 0.000000 0.000000 -1.000000
vn 0.000000 0.000000 -1.000000
vn 0.000010 0.000000 -1.000000
vn -0.000002 0.000000 -1.000000
vn 0.000003 0.000000 -1.000000
vn 0.000010 0.000000 -1.000000
vn 0.000000 0.000000 -1.000000
vn 0.000000 0.000000 -1.000000
vn 0.000000 0.000000 -1.000000
vn 0.000000 0.000000 -1.000000
vn -0.000006 0.000000 -1.000000
vn -0.000007 0.000000 -1.000000
vn -0.000007 0.000000 -1.000000
vn -0.000006 0.000000 -1.000000
vn 0.000000 0.000000 -1.000000
vn 0.000000 0.000000 -1.000000
vn 0.000000 0.000000 -1.000000
vn 0.000000 0.000000 -1.000000
vn 0.000000 0.000000 -1.000000
vn 0.000004 0.000000 -1.000000
vn 0.000003 0.000000 -1.000000
vn 0.000000 0.000000 -1.000000
vn 0.000000 0.000000 -1.000000
vn 0.000000 0.000000 -1.000000
vn 0.000000 0.000000 -1.000000
vn 0.000000 0.000000 -1.000000
vn 0.000000 0.000000 -1.000000
vn -0.000008 0.000000 -1.000000
vn -0.000008 0.000000 -1.000000
vn -0.000002 0.000000 -1.000000
vn 0.000000 0.000000 -1.000000
vn 0.000000 0.000000 -1.000000
vn 0.000000 0.000000 -1.000000
vn 0.000000 0.000000 -1.000000
vn 0.000011 0.000000 -1.000000
vn 0.000002 0.000000 -1.000000
vn 0.000005 0.000000 -1.000000
vn 0.000011 0.000000 -1.000000
vn 0.000000 -1.000000 0.000000
vn 0.000000 -1.000000 0.000000
vn 0.000000 -1.000000 0.000000
vn 0.000000 -1.000000 0.000000
vn -0.994884 -0.101026 0.000000
vn -0.994884 -0.101025 0.000000
vn -0.994884 -0.101025 0.000000
vn -0.994884 -0.101026 0.000000
vn 0.000000 1.000000 0.000000
vn 0.000000 1.000000 0.000000
vn 0.000000 1.000000 0.000000
vn 0.000000 1.000000 0.000000
vn 0.992434 0.122780 0.000000
vn 0.992434 0.122783 0.000000
vn 0.992434 0.122783 0.000000
vn 0.992434 0.122780 0.000000
vn 0.000000 -1.000000 0.000000
vn 0.000000 -1.000000 0.000000
vn 0.000000 -1.000000 0.000000
vn 0.000000 -1.000000 0.000000
vn -0.996889 -0.078816 0.000000
vn -0.996889 -0.078817 0.000000
vn -0.996889 -0.078817 0.000000
vn -0.996889 -0.078816 0.000000
vn 0.000000 1.000000 0.000000
vn 0.000000 1.000000 0.000000
vn 0.000000 1.000000 0.000000
vn 0.000000 1.000000 0.000000
vn 0.994884 0.101020 0.000000
vn 0.994884 0.101022 0.000000
vn 0.994884 0.101022 0.000000
vn 0.994884 0.101020 0.000000
vn 0.000000 -1.000000 0.000000
vn 0.000000 -1.000000 0.000000
vn 0.000000 -1.000000 0.000000
vn 0.000000 -1.000000 0.000000
vn -0.998294 -0.058391 0.000000
vn -0.998294 -0.058391 0.000000
vn -0.998294 -0.058391 0.000000
vn -0.998294 -0.058391 0.000000
vn 0.000000 1.000000 0.000000
vn 0.000000 1.000000 0.000000
vn 0.000000 1.000000 0.000000
vn 0.000000 1.000000 0.000000
vn 0.996890 0.078807 0.000000
vn 0.996890 0.078808 0.000000
vn 0.996890 0.078808 0.000000
vn 0.996890 0.078807 0.000000
vn 0.000000 -1.000000 0.000000
vn 0.000000 -1.000000 0.000000
vn 0.000000 -1.000000 0.000000
vn 0.000000 -1.000000 0.000000
vn -0.999362 -0.035710 0.000000
vn -0.999362 -0.035709 0.000000
vn -0.999362 -0.035709 0.000000
vn -0.999362 -0.035710 0.000000
vn 0.000000 1.000000 0.000000
vn 0.000000 1.000000 0.000000
vn 0.000000 1.000000 0.000000
vn 0.000000 1.000000 0.000000
vn 0.998294 0.058389 0.000000
vn 0.998294 0.058394 0.000000
vn 0.998294 0.058394 0.000000
vn 0.998294 0.058389 0.000000
vn 0.000000 0.000000 -1.000000
vn 0.000000 0.000000 -1.000000
vn 0.000000 0.000000 -1.000000
vn -0.000001 0.000000 -1.000000
vn -0.000001 0.000000 -1.000000
vn 0.000000 0.000000 -1.000000
vn 0.000000 0.000000 -1.000000
vn 0.000000 0.000000 -1.000000
vn 0.000000 0.000000 -1.000000
vn 0.000000 0.000000 -1.000000
vn 0.000000 0.000000 -1.000000
vn 0.000000 0.000000 -1.000000
vn 0.000000 0.000000 -1.000000
vn 0.000000 0.000000 -1.000000
vn 0.000000 0.000000 -1.000000
vn 0.000000 0.000000 -1.000000
vn 0.000000 0.000000 -1.000000
vn 0.000002 0.000000 -1.000000
vn 0.000002 0.000000 -1.000000
vn 0.000000 0.000000 -1.000000
vn 0.000000 0.000000 -1.000000
vn 0.000000 0.000000 -1.000000
vn 0.000000 0.000000 -1.000000
vn 0.983460 0.181127 0.000000
vn 0.983460 0.181127 0.000000
vn 0.000000 0.000000 -1.000000
vn 0.000000 0.000000 -1.000000
vn -0.991132 -0.132884 0.000000
vn -0.991132 -0.132884 0.000000
vn 0.000000 0.000000 -1.000000
vn 0.000000 0.000000 -1.000000
vn 0.000000 0.000000 -1.000000
vn 0.000000 0.000000 -1.000000
vn -0.000009 0.000000 -1.000000
vn -0.000009 0.000000 -1.000000
vn 0.992433 0.122786 0.000000
vn 0.992433 0.122786 0.000000
vn 0.000000 0.000000 -1.000000
vn 0.000000 0.000000 -1.000000
vn -0.994884 -0.101028 0.000000
vn -0.994884 -0.101028 0.000000
vn 0.000005 0.000000 -1.000000
vn 0.000005 0.000000 -1.000000
vn -0.000017 0.000000 -1.000000
vn -0.000017 0.000000 -1.000000
vn 0.994884 0.101025 0.000000
vn 0.994884 0.101025 0.000000
vn 0.000000 0.000000 -1.000000
vn 0.000000 0.000000 -1.000000
vn -0.996889 -0.078815 0.000000
vn -0.996889 -0.078815 0.000000
vn 0.000011 0.000000 -1.000000
vn 0.000011 0.000000 -1.000000
vn 0.000009 0.000000 -1.000000
vn 0.000009 0.000000 -1.000000
vn 0.996890 0.078808 0.000000
vn 0.996890 0.078808 0.000000
vn 0.000000 0.000000 -1.000000
vn 0.000000 0.000000 -1.000000
vn -0.998294 -0.058391 0.000000
vn -0.998294 -0.058391 0.000000
vn -0.000006 0.000000 -1.000000
vn -0.000006 0.000000 -1.000000
vn -0.000007 0.000000 -1.000000
vn -0.000007 0.000000 -1.000000
vn 0.998293 0.058398 0.000000
vn 0.998293 0.058398 0.000000
vn 0.000000 0.000000 -1.000000
vn 0.000000 0.000000 -1.000000
vn -0.999362 -0.035711 0.000000
vn -0.999362 -0.035711 0.000000
vn 0.000006 0.000000 -1.000000
vn 0.000006 0.000000 -1.000000
vn 0.000000 0.000000 -1.000000
vn 0.000000 0.000000 -1.000000
vn 0.000000 0.000000 -1.000000
vn 0.000000 0.000000 -1.000000
vn 0.000000 0.000000 -1.000000
vn 0.000000 0.000000 -1.000000
vn 0.000000 0.000000 -1.000000
vn 0.000000 0.000000 -1.000000
vn 0.000000 0.000000 -1.000000
vn 0.000000 0.000000 -1.000000
vn 0.000000 0.000000 -1.000000
vn 0.000000 0.000000 -1.000000
vn 0.000000 0.000000 -1.000000
vn 0.000000 0.000000 -1.000000
vn 0.000000 0.000000 -1.000000
vn 0.000000 0.000000 -1.000000
vn 0.000000 0.000000 -1.000000
vn 0.000000 0.000000 -1.000000
vn 0.000001 0.000000 -1.000000
vn 0.000001 0.000000 -1.000000
vn 0.000001 0.000000 -1.000000
vn 0.000001 0.000000 -1.000000
vn 0.000000 0.000000 -1.000000
vn 0.000000 0.000000 -1.000000
vn 0.000000 0.000000 -1.000000
vn 0.000000 0.000000 -1.000000
vn 0.000002 0.000000 -1.000000
vn 0.000002 0.000000 -1.000000
vn 0.000002 0.000000 -1.000000
vn 0.000002 0.000000 -1.000000
vn 0.000000 0.000000 -1.000000
vn 0.000000 0.000000 -1.000000
vn 0.000000 0.000000 -1.000000
vn 0.000000 0.000000 -1.000000
vn 0.000000 0.000000 -1.000000
vn 0.000000 0.000000 -1.000000
vn 0.000000 0.000000 -1.000000
vn 0.000000 0.000000 -1.000000
vn 0.000000 -1.000000 0.000000
vn 0.000000 -1.000000 0.000000
vn 0.000000 -1.000000 0.000000
vn 0.000000 -1.000000 0.000000
vn -0.998372 0.057031 0.000000
vn -0.998372 0.057031 0.000000
vn -0.998372 0.057031 0.000000
vn -0.998372 0.057031 0.000000
vn 0.000000 1.000000 0.000000
vn 0.000000 1.000000 0.000000
vn 0.000000 1.000000 0.000000
vn 0.000000 1.000000 0.000000
vn 0.999931 -0.011727 0.000000
vn 0.999931 -0.011727 0.000000
vn 0.999931 -0.011727 0.000000
vn 0.999931 -0.011727 0.000000
vn 0.000000 -1.000000 0.000000
vn 0.000000 -1.000000 0.000000
vn 0.000000 -1.000000 0.000000
vn 0.000000 -1.000000 0.000000
vn -0.998372 0.057035 0.000000
vn -0.998372 0.057035 0.000000
vn -0.998372 0.057035 0.000000
vn -0.998372 0.057035 0.000000
vn 0.000000 1.000000 0.000000
vn 0.000000 1.000000 0.000000
vn 0.000000 1.000000 0.000000
vn 0.000000 1.000000 0.000000
vn 0.999931 -0.011724 0.000000
vn 0.999931 -0.011724 0.000000
vn 0.999931 -0.011724 0.000000
vn 0.999931 -0.011724 0.000000
s 1
g pCube62
usemtl initialShadingGroup
f 505/568/1077 526/595/1078 527/597/1079 507/570/1080
s 2
f 507/570/1081 527/597/1082 528/598/1083 509/572/1084
s off
f 545/615/1085 546/616/1086 547/617/1087 548/618/1088
s 3
f 511/574/1089 525/594/1090 526/596/1091 505/576/1092
s off
f 506/569/1093 512/578/1094 510/579/1095 508/571/1096
f 511/580/1097 505/568/1098 507/570/1099 509/581/1100
s 4
f 718/791/1101 719/792/1102 521/590/1103 513/582/1104
s 5
f 729/802/1105 730/803/1106 515/584/1107 514/583/1108
s 6
f 716/789/1109 717/790/1110 516/585/1111 524/593/1112
s 7
f 717/790/1113 718/791/1114 513/582/1115 516/585/1116
s 8
f 513/582/1117 521/590/1118 522/591/1119 517/586/1120
s off
f 514/583/1121 515/584/1122 519/588/1123 518/587/1124
s 9
f 524/593/1125 516/585/1126 520/589/1127 523/592/1128
s off
f 516/585/1129 513/582/1130 517/586/1131 520/589/1132
s 8
f 521/590/1118 666/745/1133 667/746/1134 522/591/1119
s 10
f 538/607/1135 537/608/1136 670/749/1137 671/750/1138
s 9
f 674/753/1139 661/739/1140 524/593/1125 523/592/1128
s 6
f 715/788/1141 716/789/1109 524/593/1112 661/739/1142
s 3
f 526/596/1091 525/594/1090 662/740/1143 663/742/1144
s 1
f 527/597/1079 526/595/1078 663/741/1145 664/743/1146
s 2
f 528/598/1083 527/597/1082 664/743/1147 665/744/1148
s 4
f 521/590/1103 719/792/1102 720/793/1149 666/745/1150
s off
f 523/592/1151 522/591/1152 529/600/1153 530/599/1154
s 11
f 522/591/1155 667/746/1156 668/747/1157 529/600/1158
s off
f 518/587/1159 519/588/1160 532/602/1161 531/601/1162
s 12
f 674/753/1163 523/592/1164 530/599/1165 673/752/1166
s off
f 530/599/1167 529/600/1168 533/604/1169 534/603/1170
s 13
f 529/600/1171 668/747/1172 669/748/1173 533/604/1174
s off
f 531/601/1175 532/602/1176 536/606/1177 535/605/1178
s 14
f 673/752/1179 530/599/1180 534/603/1181 672/751/1182
s off
f 534/603/1183 533/604/1184 537/608/1185 538/607/1186
s 15
f 533/604/1187 669/748/1188 670/749/1189 537/608/1190
s off
f 535/605/1191 536/606/1192 540/610/1193 539/609/1194
s 16
f 672/751/1195 534/603/1196 538/607/1197 671/750/1198
s off
f 517/586/1199 522/591/1200 542/612/1201 541/611/1202
f 522/591/1203 523/592/1204 543/613/1205 542/612/1206
f 523/592/1207 520/589/1208 544/614/1209 543/613/1210
f 520/589/1211 517/586/1212 541/611/1213 544/614/1214
f 541/611/1215 542/612/1216 546/616/1217 545/615/1218
f 542/612/1219 543/613/1220 547/617/1221 546/616/1222
f 543/613/1223 544/614/1224 548/618/1225 547/617/1226
f 544/614/1227 541/611/1228 545/615/1229 548/618/1230
s 17
f 730/803/1231 731/804/1232 549/619/1233 515/584/1234
s 3
f 551/622/1235 550/620/1236 512/575/1237 506/577/1238
s 1
f 552/623/1239 551/621/1240 506/569/1241 508/571/1242
s 2
f 553/624/1243 552/623/1244 508/571/1245 510/573/1246
s 4
f 554/625/1247 728/801/1248 729/802/1249 514/583/1250
s 8
f 555/626/1251 554/625/1252 514/583/1253 518/587/1254
s 11
f 556/627/1255 555/626/1256 518/587/1257 531/601/1258
s 13
f 557/628/1259 556/627/1260 531/601/1261 535/605/1262
s 15
f 558/629/1263 557/628/1264 535/605/1265 539/609/1266
s 10
f 559/630/1267 558/629/1268 539/609/1269 540/610/1270
s 16
f 536/606/1271 560/631/1272 559/630/1273 540/610/1274
s 14
f 532/602/1275 561/632/1276 560/631/1277 536/606/1278
s 12
f 519/588/1279 562/633/1280 561/632/1281 532/602/1282
s 9
f 515/584/1283 549/619/1284 562/633/1285 519/588/1286
s 31
f 733/806/1287 734/807/1288 681/760/1289 682/761/1290
s 3
f 565/637/1291 564/635/1292 550/620/1236 551/622/1235
s 1
f 566/638/1293 565/636/1294 551/621/1240 552/623/1239
s 2
f 567/639/1295 566/638/1296 552/623/1244 553/624/1243
s 4
f 568/640/1297 727/800/1298 728/801/1248 554/625/1247
s 8
f 569/641/1299 568/640/1300 554/625/1252 555/626/1251
s 11
f 570/642/1301 569/641/1302 555/626/1256 556/627/1255
s 13
f 571/643/1303 570/642/1304 556/627/1260 557/628/1259
s 15
f 572/644/1305 571/643/1306 557/628/1264 558/629/1263
s 10
f 573/645/1307 572/644/1308 558/629/1268 559/630/1267
s 16
f 560/631/1272 574/646/1309 573/645/1310 559/630/1273
s 14
f 561/632/1276 575/647/1311 574/646/1312 560/631/1277
s 12
f 562/633/1280 576/648/1313 575/647/1314 561/632/1281
s 9
f 562/633/1285 549/619/1284 563/634/1315 576/648/1316
s 32
f 736/809/1317 737/810/1318 577/649/1319 563/634/1320
s 3
f 579/652/1321 578/650/1322 564/635/1292 565/637/1291
s 1
f 580/653/1323 579/651/1324 565/636/1294 566/638/1293
s 2
f 581/654/1325 580/653/1326 566/638/1296 567/639/1295
s 4
f 582/655/1327 726/799/1328 727/800/1298 568/640/1297
s 8
f 583/656/1329 582/655/1330 568/640/1300 569/641/1299
s 11
f 584/657/1331 583/656/1332 569/641/1302 570/642/1301
s 13
f 585/658/1333 584/657/1334 570/642/1304 571/643/1303
s 15
f 586/659/1335 585/658/1336 571/643/1306 572/644/1305
s 10
f 587/660/1337 586/659/1338 572/644/1308 573/645/1307
s 16
f 574/646/1309 588/661/1339 587/660/1340 573/645/1310
s 14
f 575/647/1311 589/662/1341 588/661/1342 574/646/1312
s 12
f 576/648/1313 590/663/1343 589/662/1344 575/647/1314
s 9
f 576/648/1316 563/634/1315 577/649/1345 590/663/1346
s 33
f 739/813/1347 740/814/1348 701/780/1349 702/781/1350
s 3
f 593/667/1351 592/665/1352 578/650/1322 579/652/1321
s 1
f 594/668/1353 593/666/1354 579/651/1324 580/653/1323
s 2
f 595/669/1355 594/668/1356 580/653/1326 581/654/1325
s 4
f 596/670/1357 725/798/1358 726/799/1328 582/655/1327
s 8
f 597/671/1359 596/670/1360 582/655/1330 583/656/1329
s 11
f 598/672/1361 597/671/1362 583/656/1332 584/657/1331
s 13
f 599/673/1363 598/672/1364 584/657/1334 585/658/1333
s 15
f 600/674/1365 599/673/1366 585/658/1336 586/659/1335
s 10
f 601/675/1367 600/674/1368 586/659/1338 587/660/1337
s 16
f 588/661/1339 602/676/1369 601/675/1370 587/660/1340
s 14
f 589/662/1341 603/677/1371 602/676/1372 588/661/1342
s 12
f 590/663/1343 604/678/1373 603/677/1374 589/662/1344
s 9
f 590/663/1346 577/649/1345 591/664/1375 604/678/1376
s 34
f 744/820/1377 745/821/1378 705/783/1379 706/780/1380
s 3
f 607/682/1381 606/680/1382 592/665/1352 593/667/1351
s 1
f 608/683/1383 607/681/1384 593/666/1354 594/668/1353
s 2
f 609/684/1385 608/683/1386 594/668/1356 595/669/1355
s 4
f 610/685/1387 724/797/1388 725/798/1358 596/670/1357
s 8
f 611/686/1389 610/685/1390 596/670/1360 597/671/1359
s 11
f 612/687/1391 611/686/1392 597/671/1362 598/672/1361
s 13
f 613/688/1393 612/687/1394 598/672/1364 599/673/1363
s 15
f 614/689/1395 613/688/1396 599/673/1366 600/674/1365
s 10
f 615/690/1397 614/689/1398 600/674/1368 601/675/1367
s 16
f 602/676/1369 616/691/1399 615/690/1400 601/675/1370
s 14
f 603/677/1371 617/692/1401 616/691/1402 602/676/1372
s 12
f 604/678/1373 618/693/1403 617/692/1404 603/677/1374
s 9
f 604/678/1376 591/664/1375 605/679/1405 618/693/1406
s 35
f 749/827/1407 750/828/1408 709/785/1409 710/783/1410
s 3
f 621/697/1411 620/695/1412 606/680/1382 607/682/1381
s 1
f 622/698/1413 621/696/1414 607/681/1384 608/683/1383
s 2
f 623/699/1415 622/698/1416 608/683/1386 609/684/1385
s 4
f 624/700/1417 723/796/1418 724/797/1388 610/685/1387
s 8
f 625/701/1419 624/700/1420 610/685/1390 611/686/1389
s 11
f 626/702/1421 625/701/1422 611/686/1392 612/687/1391
s 13
f 627/703/1423 626/702/1424 612/687/1394 613/688/1393
s 15
f 628/704/1425 627/703/1426 613/688/1396 614/689/1395
s 10
f 629/705/1427 628/704/1428 614/689/1398 615/690/1397
s 16
f 616/691/1399 630/706/1429 629/705/1430 615/690/1400
s 14
f 617/692/1401 631/707/1431 630/706/1432 616/691/1402
s 12
f 618/693/1403 632/708/1433 631/707/1434 617/692/1404
s 9
f 618/693/1406 605/679/1405 619/694/1435 632/708/1436
s 36
f 754/833/1437 755/834/1438 713/787/1439 714/785/1440
s 3
f 635/712/1441 634/710/1442 620/695/1412 621/697/1411
s 1
f 636/713/1443 635/711/1444 621/696/1414 622/698/1413
s 2
f 637/714/1445 636/713/1446 622/698/1416 623/699/1415
s 4
f 638/715/1447 722/795/1448 723/796/1418 624/700/1417
s 8
f 639/716/1449 638/715/1450 624/700/1420 625/701/1419
s 11
f 640/717/1451 639/716/1452 625/701/1422 626/702/1421
s 13
f 641/718/1453 640/717/1454 626/702/1424 627/703/1423
s 15
f 642/719/1455 641/718/1456 627/703/1426 628/704/1425
s 10
f 643/720/1457 642/719/1458 628/704/1428 629/705/1427
s 16
f 630/706/1429 644/721/1459 643/720/1460 629/705/1430
s 14
f 631/707/1431 645/722/1461 644/721/1462 630/706/1432
s 12
f 632/708/1433 646/723/1463 645/722/1464 631/707/1434
s 9
f 632/708/1436 619/694/1435 633/709/1465 646/723/1466
s 37
f 757/836/1467 758/837/1468 647/724/1469 633/709/1470
s 3
f 649/727/1471 648/725/1472 634/710/1442 635/712/1441
s 1
f 650/728/1473 649/726/1474 635/711/1444 636/713/1443
s 2
f 651/729/1475 650/728/1476 636/713/1446 637/714/1445
s 4
f 652/730/1477 721/794/1478 722/795/1448 638/715/1447
s 8
f 653/731/1479 652/730/1480 638/715/1450 639/716/1449
s 11
f 654/732/1481 653/731/1482 639/716/1452 640/717/1451
s 13
f 655/733/1483 654/732/1484 640/717/1454 641/718/1453
s 15
f 656/734/1485 655/733/1486 641/718/1456 642/719/1455
s 10
f 657/735/1487 656/734/1488 642/719/1458 643/720/1457
s 16
f 644/721/1459 658/736/1489 657/735/1490 643/720/1460
s 14
f 645/722/1461 659/737/1491 658/736/1492 644/721/1462
s 12
f 646/723/1463 660/738/1493 659/737/1494 645/722/1464
s 9
f 646/723/1466 633/709/1465 647/724/1495 660/738/1496
s off
f 767/846/1497 768/847/1498 769/848/1499 770/849/1500
s 3
f 663/742/1144 662/740/1143 648/725/1472 649/727/1471
s 1
f 664/743/1146 663/741/1145 649/726/1474 650/728/1473
s 2
f 665/744/1148 664/743/1147 650/728/1476 651/729/1475
s 4
f 666/745/1150 720/793/1149 721/794/1478 652/730/1477
s 8
f 667/746/1134 666/745/1133 652/730/1480 653/731/1479
s 11
f 668/747/1157 667/746/1156 653/731/1482 654/732/1481
s 13
f 669/748/1173 668/747/1172 654/732/1484 655/733/1483
s 15
f 670/749/1189 669/748/1188 655/733/1486 656/734/1485
s 10
f 671/750/1138 670/749/1137 656/734/1488 657/735/1487
s 16
f 658/736/1489 672/751/1195 671/750/1198 657/735/1490
s 14
f 659/737/1491 673/752/1179 672/751/1182 658/736/1492
s 12
f 660/738/1493 674/753/1163 673/752/1166 659/737/1494
s 9
f 660/738/1496 647/724/1495 661/739/1140 674/753/1139
s off
f 550/620/1501 564/635/1502 675/755/1503 676/754/1504
s 38
f 736/809/1505 563/634/1506 677/756/1507 735/808/1508
s off
f 563/634/1509 549/619/1510 678/757/1511 677/756/1512
s 39
f 549/619/1513 731/804/1514 732/805/1515 678/757/1516
s off
f 676/754/1517 675/755/1518 679/759/1519 680/758/1520
s 40
f 735/808/1521 677/756/1522 681/760/1523 734/807/1524
s off
f 677/756/1525 678/757/1526 682/761/1527 681/760/1528
s 41
f 678/757/1529 732/805/1530 733/806/1531 682/761/1532
s off
f 578/650/1533 592/665/1534 683/763/1535 684/762/1536
s 42
f 742/817/1537 591/664/1538 685/764/1539 741/815/1540
s off
f 591/664/1541 577/649/1542 686/765/1543 685/764/1544
s 43
f 577/649/1545 737/810/1546 738/812/1547 686/765/1548
s off
f 592/665/1549 606/680/1550 687/767/1551 688/766/1552
s 44
f 747/824/1553 605/679/1554 689/768/1555 746/822/1556
s off
f 605/679/1557 591/664/1558 690/769/1559 689/768/1560
s 45
f 591/664/1561 742/817/1562 743/819/1563 690/769/1564
s off
f 606/680/1565 620/695/1566 691/771/1567 692/770/1568
s 46
f 752/831/1569 619/694/1570 693/772/1571 751/829/1572
s off
f 619/694/1573 605/679/1574 694/773/1575 693/772/1576
s 47
f 605/679/1577 747/824/1578 748/826/1579 694/773/1580
s off
f 620/695/1581 634/710/1582 695/775/1583 696/774/1584
s 48
f 757/836/1585 633/709/1586 697/776/1587 756/835/1588
s off
f 633/709/1589 619/694/1590 698/777/1591 697/776/1592
s 49
f 619/694/1593 752/831/1594 753/832/1595 698/777/1596
s off
f 684/650/1597 683/665/1598 699/779/1599 700/778/1600
s 50
f 741/816/1601 685/664/1602 701/780/1603 740/814/1604
s off
f 685/664/1605 686/649/1606 702/781/1607 701/780/1608
s 51
f 686/649/1609 738/811/1610 739/813/1611 702/781/1612
s off
f 688/665/1613 687/680/1614 703/782/1615 704/779/1616
s 52
f 746/823/1617 689/679/1618 705/783/1619 745/821/1620
s off
f 689/679/1621 690/664/1622 706/780/1623 705/783/1624
s 53
f 690/664/1625 743/818/1626 744/820/1627 706/780/1628
s off
f 692/680/1629 691/774/1630 707/784/1631 708/782/1632
s 54
f 751/830/1633 693/777/1634 709/785/1635 750/828/1636
s off
f 693/777/1637 694/679/1638 710/783/1639 709/785/1640
s 55
f 694/679/1641 748/825/1642 749/827/1643 710/783/1644
s off
f 696/774/1645 695/775/1646 711/786/1647 712/784/1648
s 56
f 756/835/1649 697/776/1650 713/787/1651 755/834/1652
s off
f 697/776/1653 698/777/1654 714/785/1655 713/787/1656
s 57
f 698/777/1657 753/832/1658 754/833/1659 714/785/1660
s 6
f 662/740/1661 525/594/1662 716/789/1109 715/788/1141
f 525/594/1662 511/574/1663 717/790/1110 716/789/1109
s 7
f 511/574/1664 509/572/1665 718/791/1114 717/790/1113
s 4
f 509/572/1666 528/598/1667 719/792/1102 718/791/1101
f 720/793/1149 719/792/1102 528/598/1667 665/744/1668
f 721/794/1478 720/793/1149 665/744/1668 651/729/1669
f 722/795/1448 721/794/1478 651/729/1669 637/714/1670
f 723/796/1418 722/795/1448 637/714/1670 623/699/1671
f 724/797/1388 723/796/1418 623/699/1671 609/684/1672
f 725/798/1358 724/797/1388 609/684/1672 595/669/1673
f 726/799/1328 725/798/1358 595/669/1673 581/654/1674
f 727/800/1298 726/799/1328 581/654/1674 567/639/1675
f 728/801/1248 727/800/1298 567/639/1675 553/624/1676
f 729/802/1249 728/801/1248 553/624/1676 510/573/1677
s 5
f 510/573/1678 512/575/1679 730/803/1106 729/802/1105
s 17
f 512/575/1680 550/620/1681 731/804/1232 730/803/1231
s 39
f 732/805/1515 731/804/1514 550/620/1682 676/754/1683
s 41
f 733/806/1531 732/805/1530 676/754/1684 680/758/1685
s 31
f 680/758/1686 679/759/1687 734/807/1288 733/806/1287
s 40
f 675/755/1688 735/808/1521 734/807/1524 679/759/1689
s 38
f 564/635/1690 736/809/1505 735/808/1508 675/755/1691
s 32
f 564/635/1692 578/650/1693 737/810/1318 736/809/1317
s 43
f 738/812/1547 737/810/1546 578/650/1694 684/762/1695
s 51
f 739/813/1611 738/811/1610 684/650/1696 700/778/1697
s 33
f 700/778/1698 699/779/1699 740/814/1348 739/813/1347
s 50
f 683/665/1700 741/816/1601 740/814/1604 699/779/1701
s 42
f 592/665/1702 742/817/1537 741/815/1540 683/763/1703
s 45
f 743/819/1563 742/817/1562 592/665/1704 688/766/1705
s 53
f 744/820/1627 743/818/1626 688/665/1706 704/779/1707
s 34
f 704/779/1708 703/782/1709 745/821/1378 744/820/1377
s 52
f 687/680/1710 746/823/1617 745/821/1620 703/782/1711
s 44
f 606/680/1712 747/824/1553 746/822/1556 687/767/1713
s 47
f 748/826/1579 747/824/1578 606/680/1714 692/770/1715
s 55
f 749/827/1643 748/825/1642 692/680/1716 708/782/1717
s 35
f 708/782/1718 707/784/1719 750/828/1408 749/827/1407
s 54
f 691/774/1720 751/830/1633 750/828/1636 707/784/1721
s 46
f 620/695/1722 752/831/1569 751/829/1572 691/771/1723
s 49
f 753/832/1595 752/831/1594 620/695/1724 696/774/1725
s 57
f 754/833/1659 753/832/1658 696/774/1726 712/784/1727
s 36
f 712/784/1728 711/786/1729 755/834/1438 754/833/1437
s 56
f 695/775/1730 756/835/1649 755/834/1652 711/786/1731
s 48
f 634/710/1732 757/836/1585 756/835/1588 695/775/1733
s 37
f 634/710/1734 648/725/1735 758/837/1468 757/836/1467
s off
f 772/850/1736 771/851/1737 773/847/1738 774/846/1739
f 758/837/1740 715/788/1741 760/839/1742 759/838/1743
f 715/788/1744 661/739/1745 761/840/1746 760/839/1747
f 661/739/1748 647/724/1749 762/841/1750 761/840/1751
f 647/724/1752 758/837/1753 759/838/1754 762/841/1755
f 648/725/1756 662/740/1757 763/843/1758 764/842/1759
f 662/740/1760 715/788/1761 765/844/1762 763/843/1763
f 715/788/1764 758/837/1765 766/845/1766 765/844/1767
f 758/837/1768 648/725/1769 764/842/1770 766/845/1771
f 759/845/1772 760/844/1773 768/847/1774 767/846/1775
f 760/844/1776 761/739/1777 769/848/1778 768/847/1779
f 761/739/1780 762/724/1781 770/849/1782 769/848/1783
f 762/724/1784 759/845/1785 767/846/1786 770/849/1787
f 764/842/1788 763/843/1789 771/851/1790 772/850/1791
f 763/843/1792 765/844/1793 773/847/1794 771/851/1795
f 765/844/1796 766/845/1797 774/846/1798 773/847/1799
f 766/845/1800 764/842/1801 772/850/1802 774/846/1803
g default
v -44.153191 14.637736 19.899318
v 44.153191 14.637736 19.899318
v -44.153191 34.035564 19.899318
v 44.153191 34.035564 19.899318
v -44.153191 34.035564 -27.618786
v 44.153191 34.035564 -27.618786
v -44.153191 14.637736 -27.618786
v 44.153191 14.637736 -27.618786
v -44.153191 34.035564 -24.090481
v -44.153191 14.637736 -24.090481
v 44.153191 14.637736 -24.090481
v 44.153191 34.035564 -24.090481
v -44.944237 13.927784 -27.650387
v -44.944237 13.927784 -24.058873
v -44.944237 34.745514 -24.058873
v -44.944237 34.745514 -27.650387
v 44.944237 13.927784 -27.650387
v 44.944237 13.927784 -24.058873
v 44.944237 34.745514 -24.058873
v 44.944237 34.745514 -27.650387
v -40.435951 34.035564 18.047557
v 40.435951 34.035564 18.047557
v 40.435951 34.035564 -22.238766
v -40.435951 34.035564 -22.238766
v -40.435951 17.548992 18.047557
v 40.435951 17.548992 18.047557
v 40.435951 17.548992 -22.238766
v -40.435951 17.548992 -22.238766
v -41.944332 32.643772 -28.324528
v 41.944332 32.643772 -28.324528
v 41.944332 16.029528 -28.324528
v -41.944332 16.029528 -28.324528
v -39.731915 31.173248 -27.276425
v 39.731915 31.173248 -27.276425
v 39.731915 17.500053 -27.276425
v -39.731915 17.500053 -27.276425
v 0.023057 32.643772 -28.324528
v 0.152621 31.173248 -27.276425
v 0.152621 17.500053 -27.276425
v 0.023057 16.029528 -28.324528
v -0.106295 14.637736 -27.618786
v -0.152621 13.927784 -27.650387
v -0.152621 13.927784 -24.058873
v -0.106295 14.637736 -24.090481
v -0.106295 14.637736 19.899318
v -0.106295 34.035564 19.899318
v 0.111389 34.035564 18.047557
v 0.111389 17.548992 18.047557
v 0.111389 17.548992 -22.238766
v 0.111389 34.035564 -22.238766
v -0.106295 34.035564 -24.090481
v -0.152621 34.745514 -24.058873
v -0.152621 34.745514 -27.650387
v -0.106295 34.035564 -27.618786
v 1.523368 23.448732 -28.030667
v 1.295854 23.002213 -28.030667
v 0.941493 22.647850 -28.030667
v 0.494972 22.420338 -28.030667
v 0.000000 22.341942 -28.030667
v -0.494972 22.420338 -28.030667
v -0.941493 22.647850 -28.030667
v -1.295854 23.002213 -28.030667
v -1.523367 23.448732 -28.030667
v -1.601763 23.943705 -28.030667
v -1.523367 24.438677 -28.030667
v -1.295853 24.885197 -28.030667
v -0.941493 25.239557 -28.030667
v -0.494972 25.467072 -28.030667
v -0.000000 25.545467 -28.030667
v 0.494972 25.467072 -28.030667
v 0.941492 25.239557 -28.030667
v 1.295853 24.885197 -28.030667
v 1.523367 24.438677 -28.030667
v 1.601763 23.943705 -28.030667
v 1.742920 23.377396 -28.030667
v 1.482616 22.866520 -28.030667
v 1.077184 22.461088 -28.030667
v 0.566309 22.200785 -28.030667
v 0.000000 22.111090 -28.030667
v -0.566309 22.200785 -28.030667
v -1.077183 22.461088 -28.030667
v -1.482616 22.866522 -28.030667
v -1.742919 23.377396 -28.030667
v -1.832614 23.943705 -28.030667
v -1.742919 24.510014 -28.030667
v -1.482616 25.020887 -28.030667
v -1.077183 25.426319 -28.030667
v -0.566309 25.686623 -28.030667
v -0.000000 25.776318 -28.030667
v 0.566309 25.686623 -28.030667
v 1.077183 25.426319 -28.030667
v 1.482615 25.020887 -28.030667
v 1.742919 24.510014 -28.030667
v 1.832613 23.943705 -28.030667
v 1.919556 23.320004 -28.131253
v 1.632871 22.757355 -28.131253
v 1.186350 22.310833 -28.131253
v 0.623701 22.024149 -28.131253
v 0.000000 21.925365 -28.131253
v -0.623701 22.024149 -28.131253
v -1.186350 22.310833 -28.131253
v -1.632871 22.757355 -28.131253
v -1.919555 23.320004 -28.131253
v -2.018339 23.943705 -28.131253
v -1.919555 24.567406 -28.131253
v -1.632871 25.130054 -28.131253
v -1.186350 25.576574 -28.131253
v -0.623701 25.863258 -28.131253
v -0.000000 25.962044 -28.131253
v 0.623701 25.863258 -28.131253
v 1.186350 25.576574 -28.131253
v 1.632870 25.130054 -28.131253
v 1.919554 24.567406 -28.131253
v 2.018339 23.943705 -28.131253
v 2.048925 23.277969 -28.310566
v 1.742920 22.677399 -28.310566
v 1.266305 22.200785 -28.310566
v 0.665736 21.894779 -28.310566
v 0.000000 21.789337 -28.310566
v -0.665736 21.894779 -28.310566
v -1.266305 22.200785 -28.310566
v -1.742919 22.677401 -28.310566
v -2.048924 23.277969 -28.310566
v -2.154366 23.943705 -28.310566
v -2.048924 24.609440 -28.310566
v -1.742919 25.210009 -28.310566
v -1.266305 25.686623 -28.310566
v -0.665736 25.992628 -28.310566
v -0.000000 26.098070 -28.310566
v 0.665736 25.992628 -28.310566
v 1.266305 25.686623 -28.310566
v 1.742919 25.210009 -28.310566
v 2.048924 24.609440 -28.310566
v 2.154366 23.943705 -28.310566
v 2.127844 23.252327 -28.552510
v 1.810052 22.628624 -28.552510
v 1.315080 22.133654 -28.552510
v 0.691378 21.815861 -28.552510
v 0.000000 21.706358 -28.552510
v -0.691378 21.815861 -28.552510
v -1.315079 22.133654 -28.552510
v -1.810051 22.628626 -28.552510
v -2.127843 23.252327 -28.552510
v -2.237346 23.943705 -28.552510
v -2.127843 24.635082 -28.552510
v -1.810051 25.258783 -28.552510
v -1.315079 25.753756 -28.552510
v -0.691378 26.071547 -28.552510
v -0.000000 26.181051 -28.552510
v 0.691378 26.071547 -28.552510
v 1.315079 25.753756 -28.552510
v 1.810051 25.258783 -28.552510
v 2.127842 24.635082 -28.552510
v 2.237346 23.943705 -28.552510
v 2.154367 23.243708 -28.800564
v 1.832614 22.612232 -28.800564
v 1.331472 22.111090 -28.800564
v 0.699996 21.789337 -28.800564
v 0.000000 21.678469 -28.800564
v -0.699996 21.789337 -28.800564
v -1.331472 22.111092 -28.800564
v -1.832614 22.612232 -28.800564
v -2.154366 23.243708 -28.800564
v -2.265235 23.943705 -28.800564
v -2.154366 24.643702 -28.800564
v -1.832614 25.275177 -28.800564
v -1.331472 25.776318 -28.800564
v -0.699996 26.098070 -28.800564
v -0.000000 26.208939 -28.800564
v 0.699996 26.098070 -28.800564
v 1.331471 25.776318 -28.800564
v 1.832613 25.275177 -28.800564
v 2.154366 24.643700 -28.800564
v 2.265234 23.943705 -28.800564
v 2.127844 23.252327 -29.048619
v 1.810052 22.628624 -29.048619
v 1.315080 22.133654 -29.048619
v 0.691378 21.815861 -29.048619
v 0.000000 21.706358 -29.048619
v -0.691378 21.815861 -29.048619
v -1.315079 22.133654 -29.048619
v -1.810051 22.628626 -29.048619
v -2.127843 23.252327 -29.048619
v -2.237346 23.943705 -29.048619
v -2.127843 24.635082 -29.048619
v -1.810051 25.258783 -29.048619
v -1.315079 25.753756 -29.048619
v -0.691378 26.071547 -29.048619
v -0.000000 26.181051 -29.048619
v 0.691378 26.071547 -29.048619
v 1.315079 25.753756 -29.048619
v 1.810051 25.258783 -29.048619
v 2.127842 24.635082 -29.048619
v 2.237346 23.943705 -29.048619
v 2.048925 23.277969 -29.290562
v 1.742920 22.677399 -29.290562
v 1.266305 22.200785 -29.290562
v 0.665736 21.894779 -29.290562
v 0.000000 21.789337 -29.290562
v -0.665736 21.894779 -29.290562
v -1.266305 22.200785 -29.290562
v -1.742919 22.677401 -29.290562
v -2.048924 23.277969 -29.290562
v -2.154366 23.943705 -29.290562
v -2.048924 24.609440 -29.290562
v -1.742919 25.210009 -29.290562
v -1.266305 25.686623 -29.290562
v -0.665736 25.992628 -29.290562
v -0.000000 26.098070 -29.290562
v 0.665736 25.992628 -29.290562
v 1.266305 25.686623 -29.290562
v 1.742919 25.210009 -29.290562
v 2.048924 24.609440 -29.290562
v 2.154366 23.943705 -29.290562
v 1.919556 23.320004 -29.520443
v 1.632871 22.757355 -29.520443
v 1.186350 22.310833 -29.520443
v 0.623701 22.024149 -29.520443
v 0.000000 21.925365 -29.520443
v -0.623701 22.024149 -29.520443
v -1.186350 22.310833 -29.520443
v -1.632871 22.757355 -29.520443
v -1.919555 23.320004 -29.520443
v -2.018339 23.943705 -29.520443
v -1.919555 24.567406 -29.520443
v -1.632871 25.130054 -29.520443
v -1.186350 25.576574 -29.520443
v -0.623701 25.863258 -29.520443
v -0.000000 25.962044 -29.520443
v 0.623701 25.863258 -29.520443
v 1.186350 25.576574 -29.520443
v 1.632870 25.130054 -29.520443
v 1.919554 24.567406 -29.520443
v 2.018339 23.943705 -29.520443
v 1.742920 23.377396 -29.732594
v 1.482616 22.866520 -29.732594
v 1.077184 22.461088 -29.732594
v 0.566309 22.200785 -29.732594
v 0.000000 22.111090 -29.732594
v -0.566309 22.200785 -29.732594
v -1.077183 22.461088 -29.732594
v -1.482616 22.866522 -29.732594
v -1.742919 23.377396 -29.732594
v -1.832614 23.943705 -29.732594
v -1.742919 24.510014 -29.732594
v -1.482616 25.020887 -29.732594
v -1.077183 25.426319 -29.732594
v -0.566309 25.686623 -29.732594
v -0.000000 25.776318 -29.732594
v 0.566309 25.686623 -29.732594
v 1.077183 25.426319 -29.732594
v 1.482615 25.020887 -29.732594
v 1.742919 24.510014 -29.732594
v 1.832613 23.943705 -29.732594
v 1.523368 23.448732 -29.921795
v 1.295854 23.002213 -29.921795
v 0.941493 22.647850 -29.921795
v 0.494972 22.420338 -29.921795
v 0.000000 22.341942 -29.921795
v -0.494972 22.420338 -29.921795
v -0.941493 22.647850 -29.921795
v -1.295854 23.002213 -29.921795
v -1.523367 23.448732 -29.921795
v -1.601763 23.943705 -29.921795
v -1.523367 24.438677 -29.921795
v -1.295853 24.885197 -29.921795
v -0.941493 25.239557 -29.921795
v -0.494972 25.467072 -29.921795
v -0.000000 25.545467 -29.921795
v 0.494972 25.467072 -29.921795
v 0.941492 25.239557 -29.921795
v 1.295853 24.885197 -29.921795
v 1.523367 24.438677 -29.921795
v 1.601763 23.943705 -29.921795
v 1.266305 23.532257 -30.083393
v 1.077184 23.161085 -30.083393
v 0.782620 22.866520 -30.083393
v 0.411447 22.677399 -30.083393
v 0.000000 22.612232 -30.083393
v -0.411447 22.677399 -30.083393
v -0.782620 22.866522 -30.083393
v -1.077183 23.161085 -30.083393
v -1.266305 23.532257 -30.083393
v -1.331472 23.943705 -30.083393
v -1.266305 24.355152 -30.083393
v -1.077183 24.726324 -30.083393
v -0.782619 25.020887 -30.083393
v -0.411447 25.210009 -30.083393
v -0.000000 25.275177 -30.083393
v 0.411447 25.210009 -30.083393
v 0.782619 25.020887 -30.083393
v 1.077183 24.726324 -30.083393
v 1.266305 24.355152 -30.083393
v 1.331471 23.943705 -30.083393
v 0.978062 23.625914 -30.213398
v 0.831990 23.339230 -30.213398
v 0.604476 23.111715 -30.213398
v 0.317792 22.965643 -30.213398
v 0.000000 22.915310 -30.213398
v -0.317792 22.965643 -30.213398
v -0.604476 23.111715 -30.213398
v -0.831989 23.339230 -30.213398
v -0.978062 23.625914 -30.213398
v -1.028395 23.943705 -30.213398
v -0.978062 24.261496 -30.213398
v -0.831989 24.548180 -30.213398
v -0.604475 24.775694 -30.213398
v -0.317792 24.921766 -30.213398
v -0.000000 24.972099 -30.213398
v 0.317791 24.921766 -30.213398
v 0.604475 24.775694 -30.213398
v 0.831989 24.548180 -30.213398
v 0.978062 24.261496 -30.213398
v 1.028395 23.943705 -30.213398
v 0.665736 23.727394 -30.308621
v 0.566309 23.532257 -30.308621
v 0.411448 23.377396 -30.308621
v 0.216311 23.277969 -30.308621
v 0.000000 23.243708 -30.308621
v -0.216311 23.277969 -30.308621
v -0.411447 23.377396 -30.308621
v -0.566309 23.532257 -30.308621
v -0.665736 23.727394 -30.308621
v -0.699996 23.943705 -30.308621
v -0.665736 24.160015 -30.308621
v -0.566309 24.355152 -30.308621
v -0.411447 24.510014 -30.308621
v -0.216311 24.609440 -30.308621
v -0.000000 24.643702 -30.308621
v 0.216311 24.609440 -30.308621
v 0.411447 24.510014 -30.308621
v 0.566309 24.355152 -30.308621
v 0.665736 24.160015 -30.308621
v 0.699996 23.943705 -30.308621
v 0.337017 23.834202 -30.366703
v 0.286684 23.735416 -30.366703
v 0.208288 23.657021 -30.366703
v 0.109504 23.606688 -30.366703
v 0.000000 23.589344 -30.366703
v -0.109504 23.606688 -30.366703
v -0.208288 23.657021 -30.366703
v -0.286684 23.735416 -30.366703
v -0.337017 23.834202 -30.366703
v -0.354361 23.943705 -30.366703
v -0.337017 24.053207 -30.366703
v -0.286684 24.151993 -30.366703
v -0.208288 24.230389 -30.366703
v -0.109504 24.280722 -30.366703
v -0.000000 24.298065 -30.366703
v 0.109503 24.280722 -30.366703
v 0.208288 24.230389 -30.366703
v 0.286684 24.151993 -30.366703
v 0.337017 24.053207 -30.366703
v 0.354361 23.943705 -30.366703
v 0.000000 23.943705 -30.386227
v 0.337017 23.834202 -26.856190
v 0.286684 23.735416 -26.856190
v 0.566309 23.532257 -26.856190
v 0.665736 23.727394 -26.856190
v 0.208288 23.657021 -26.856190
v 0.411448 23.377396 -26.856190
v 0.109504 23.606688 -26.856190
v 0.216311 23.277969 -26.856190
v 0.000000 23.589344 -26.856190
v 0.000000 23.243708 -26.856190
v -0.109504 23.606688 -26.856190
v -0.216311 23.277969 -26.856190
v -0.208288 23.657021 -26.856190
v -0.411447 23.377396 -26.856190
v -0.286684 23.735416 -26.856190
v -0.566309 23.532257 -26.856190
v -0.337017 23.834202 -26.856190
v -0.665736 23.727394 -26.856190
v -0.354361 23.943705 -26.856190
v -0.699996 23.943705 -26.856190
v -0.337017 24.053207 -26.856190
v -0.665736 24.160015 -26.856190
v -0.286684 24.151993 -26.856190
v -0.566309 24.355152 -26.856190
v -0.208288 24.230389 -26.856190
v -0.411447 24.510014 -26.856190
v -0.109504 24.280722 -26.856190
v -0.216311 24.609440 -26.856190
v -0.000000 24.298065 -26.856190
v -0.000000 24.643702 -26.856190
v 0.109503 24.280722 -26.856190
v 0.216311 24.609440 -26.856190
v 0.208288 24.230389 -26.856190
v 0.411447 24.510014 -26.856190
v 0.286684 24.151993 -26.856190
v 0.566309 24.355152 -26.856190
v 0.337017 24.053207 -26.856190
v 0.665736 24.160015 -26.856190
v 0.354361 23.943705 -26.856190
v 0.699996 23.943705 -26.856190
v 0.831990 23.339230 -26.856190
v 0.978062 23.625914 -26.856190
v 0.604476 23.111715 -26.856190
v 0.317792 22.965643 -26.856190
v 0.000000 22.915310 -26.856190
v -0.317792 22.965643 -26.856190
v -0.604476 23.111715 -26.856190
v -0.831989 23.339230 -26.856190
v -0.978062 23.625914 -26.856190
v -1.028395 23.943705 -26.856190
v -0.978062 24.261496 -26.856190
v -0.831989 24.548180 -26.856190
v -0.604475 24.775694 -26.856190
v -0.317792 24.921766 -26.856190
v -0.000000 24.972099 -26.856190
v 0.317791 24.921766 -26.856190
v 0.604475 24.775694 -26.856190
v 0.831989 24.548180 -26.856190
v 0.978062 24.261496 -26.856190
v 1.028395 23.943705 -26.856190
v 1.077184 23.161085 -26.856190
v 1.266305 23.532257 -26.856190
v 0.782620 22.866520 -26.856190
v 0.411447 22.677399 -26.856190
v 0.000000 22.612232 -26.856190
v -0.411447 22.677399 -26.856190
v -0.782620 22.866522 -26.856190
v -1.077183 23.161085 -26.856190
v -1.266305 23.532257 -26.856190
v -1.331472 23.943705 -26.856190
v -1.266305 24.355152 -26.856190
v -1.077183 24.726324 -26.856190
v -0.782619 25.020887 -26.856190
v -0.411447 25.210009 -26.856190
v -0.000000 25.275177 -26.856190
v 0.411447 25.210009 -26.856190
v 0.782619 25.020887 -26.856190
v 1.077183 24.726324 -26.856190
v 1.266305 24.355152 -26.856190
v 1.331471 23.943705 -26.856190
v 1.295854 23.002213 -26.856198
v 1.523368 23.448732 -26.856198
v 0.941493 22.647850 -26.856198
v 0.494972 22.420338 -26.856198
v 0.000000 22.341942 -26.856198
v -0.494972 22.420338 -26.856198
v -0.941493 22.647850 -26.856198
v -1.295854 23.002213 -26.856198
v -1.523367 23.448732 -26.856198
v -1.601763 23.943705 -26.856198
v -1.523367 24.438677 -26.856198
v -1.295853 24.885197 -26.856198
v -0.941493 25.239557 -26.856198
v -0.494972 25.467072 -26.856198
v -0.000000 25.545467 -26.856198
v 0.494972 25.467072 -26.856198
v 0.941492 25.239557 -26.856198
v 1.295853 24.885197 -26.856198
v 1.523367 24.438677 -26.856198
v 1.601763 23.943705 -26.856198
v 0.000000 23.943705 -26.856190
vt 0.375000 0.000000
vt 0.625000 0.000000
vt 0.375000 0.250000
vt 0.625000 0.250000
vt 0.375000 0.500000
vt 0.625000 0.500000
vt 0.375000 0.750000
vt 0.625000 0.750000
vt 0.375000 1.000000
vt 0.625000 1.000000
vt 0.875000 0.000000
vt 0.875000 0.250000
vt 0.125000 0.000000
vt 0.125000 0.250000
vt 0.143563 0.250000
vt 0.375000 0.481437
vt 0.143563 0.000000
vt 0.375000 0.768563
vt 0.625000 0.768563
vt 0.856437 0.000000
vt 0.625000 0.481437
vt 0.856437 0.250000
vt 0.143563 0.000000
vt 0.143563 0.250000
vt 0.125000 0.250000
vt 0.125000 0.000000
vt 0.375000 0.750000
vt 0.625000 0.750000
vt 0.625000 0.768563
vt 0.375000 0.768563
vt 0.856437 0.250000
vt 0.856437 0.000000
vt 0.875000 0.000000
vt 0.875000 0.250000
vt 0.375000 0.481437
vt 0.625000 0.481437
vt 0.625000 0.500000
vt 0.375000 0.500000
vt 0.375000 0.250000
vt 0.625000 0.250000
vt 0.625000 0.481437
vt 0.375000 0.481437
vt 0.375000 0.250000
vt 0.625000 0.250000
vt 0.625000 0.481437
vt 0.375000 0.481437
vt 0.375000 0.500000
vt 0.625000 0.500000
vt 0.625000 0.750000
vt 0.375000 0.750000
vt 0.375000 0.500000
vt 0.625000 0.500000
vt 0.625000 0.750000
vt 0.375000 0.750000
vt 0.492680 0.500000
vt 0.492680 0.500000
vt 0.492680 0.750000
vt 0.492680 0.750000
vt 0.492680 0.750000
vt 0.492680 0.750000
vt 0.492680 0.768563
vt 0.492680 0.768563
vt 0.492680 0.000000
vt 0.492680 1.000000
vt 0.492680 0.250000
vt 0.492680 0.250000
vt 0.492680 0.250000
vt 0.492680 0.481437
vt 0.492680 0.481437
vt 0.492680 0.481437
vt 0.492680 0.481437
vt 0.492680 0.500000
vt 0.492680 0.500000
vt 0.000000 0.050000
vt 0.050000 0.050000
vt 0.050000 0.100000
vt 0.000000 0.100000
vt 0.100000 0.050000
vt 0.100000 0.100000
vt 0.150000 0.050000
vt 0.150000 0.100000
vt 0.200000 0.050000
vt 0.200000 0.100000
vt 0.250000 0.050000
vt 0.250000 0.100000
vt 0.300000 0.050000
vt 0.300000 0.100000
vt 0.350000 0.050000
vt 0.350000 0.100000
vt 0.400000 0.050000
vt 0.400000 0.100000
vt 0.450000 0.050000
vt 0.450000 0.100000
vt 0.500000 0.050000
vt 0.500000 0.100000
vt 0.550000 0.050000
vt 0.550000 0.100000
vt 0.600000 0.050000
vt 0.600000 0.100000
vt 0.650000 0.050000
vt 0.650000 0.100000
vt 0.700000 0.050000
vt 0.700000 0.100000
vt 0.750000 0.050000
vt 0.750000 0.100000
vt 0.800000 0.050000
vt 0.800000 0.100000
vt 0.850000 0.050000
vt 0.850000 0.100000
vt 0.900000 0.050000
vt 0.900000 0.100000
vt 0.950000 0.050000
vt 0.950000 0.100000
vt 1.000000 0.050000
vt 1.000000 0.100000
vt 0.050000 0.150000
vt 0.000000 0.150000
vt 0.100000 0.150000
vt 0.150000 0.150000
vt 0.200000 0.150000
vt 0.250000 0.150000
vt 0.300000 0.150000
vt 0.350000 0.150000
vt 0.400000 0.150000
vt 0.450000 0.150000
vt 0.500000 0.150000
vt 0.550000 0.150000
vt 0.600000 0.150000
vt 0.650000 0.150000
vt 0.700000 0.150000
vt 0.750000 0.150000
vt 0.800000 0.150000
vt 0.850000 0.150000
vt 0.900000 0.150000
vt 0.950000 0.150000
vt 1.000000 0.150000
vt 0.050000 0.200000
vt 0.000000 0.200000
vt 0.100000 0.200000
vt 0.150000 0.200000
vt 0.200000 0.200000
vt 0.250000 0.200000
vt 0.300000 0.200000
vt 0.350000 0.200000
vt 0.400000 0.200000
vt 0.450000 0.200000
vt 0.500000 0.200000
vt 0.550000 0.200000
vt 0.600000 0.200000
vt 0.650000 0.200000
vt 0.700000 0.200000
vt 0.750000 0.200000
vt 0.800000 0.200000
vt 0.850000 0.200000
vt 0.900000 0.200000
vt 0.950000 0.200000
vt 1.000000 0.200000
vt 0.050000 0.250000
vt 0.000000 0.250000
vt 0.100000 0.250000
vt 0.150000 0.250000
vt 0.200000 0.250000
vt 0.250000 0.250000
vt 0.300000 0.250000
vt 0.350000 0.250000
vt 0.400000 0.250000
vt 0.450000 0.250000
vt 0.500000 0.250000
vt 0.550000 0.250000
vt 0.600000 0.250000
vt 0.650000 0.250000
vt 0.700000 0.250000
vt 0.750000 0.250000
vt 0.800000 0.250000
vt 0.850000 0.250000
vt 0.900000 0.250000
vt 0.950000 0.250000
vt 1.000000 0.250000
vt 0.000000 0.250000
vt 0.050000 0.250000
vt 0.050000 0.300000
vt 0.000000 0.300000
vt 0.100000 0.250000
vt 0.100000 0.300000
vt 0.150000 0.250000
vt 0.150000 0.300000
vt 0.200000 0.250000
vt 0.200000 0.300000
vt 0.250000 0.250000
vt 0.250000 0.300000
vt 0.300000 0.250000
vt 0.300000 0.300000
vt 0.350000 0.250000
vt 0.350000 0.300000
vt 0.400000 0.250000
vt 0.400000 0.300000
vt 0.450000 0.250000
vt 0.450000 0.300000
vt 0.500000 0.250000
vt 0.500000 0.300000
vt 0.550000 0.250000
vt 0.550000 0.300000
vt 0.600000 0.250000
vt 0.600000 0.300000
vt 0.650000 0.250000
vt 0.650000 0.300000
vt 0.700000 0.250000
vt 0.700000 0.300000
vt 0.750000 0.250000
vt 0.750000 0.300000
vt 0.800000 0.250000
vt 0.800000 0.300000
vt 0.850000 0.250000
vt 0.850000 0.300000
vt 0.900000 0.250000
vt 0.900000 0.300000
vt 0.950000 0.250000
vt 0.950000 0.300000
vt 1.000000 0.250000
vt 1.000000 0.300000
vt 0.050000 0.350000
vt 0.000000 0.350000
vt 0.100000 0.350000
vt 0.150000 0.350000
vt 0.200000 0.350000
vt 0.250000 0.350000
vt 0.300000 0.350000
vt 0.350000 0.350000
vt 0.400000 0.350000
vt 0.450000 0.350000
vt 0.500000 0.350000
vt 0.550000 0.350000
vt 0.600000 0.350000
vt 0.650000 0.350000
vt 0.700000 0.350000
vt 0.750000 0.350000
vt 0.800000 0.350000
vt 0.850000 0.350000
vt 0.900000 0.350000
vt 0.950000 0.350000
vt 1.000000 0.350000
vt 0.050000 0.400000
vt 0.000000 0.400000
vt 0.100000 0.400000
vt 0.150000 0.400000
vt 0.200000 0.400000
vt 0.250000 0.400000
vt 0.300000 0.400000
vt 0.350000 0.400000
vt 0.400000 0.400000
vt 0.450000 0.400000
vt 0.500000 0.400000
vt 0.550000 0.400000
vt 0.600000 0.400000
vt 0.650000 0.400000
vt 0.700000 0.400000
vt 0.750000 0.400000
vt 0.800000 0.400000
vt 0.850000 0.400000
vt 0.900000 0.400000
vt 0.950000 0.400000
vt 1.000000 0.400000
vt 0.050000 0.450000
vt 0.000000 0.450000
vt 0.100000 0.450000
vt 0.150000 0.450000
vt 0.200000 0.450000
vt 0.250000 0.450000
vt 0.300000 0.450000
vt 0.350000 0.450000
vt 0.400000 0.450000
vt 0.450000 0.450000
vt 0.500000 0.450000
vt 0.550000 0.450000
vt 0.600000 0.450000
vt 0.650000 0.450000
vt 0.700000 0.450000
vt 0.750000 0.450000
vt 0.800000 0.450000
vt 0.850000 0.450000
vt 0.900000 0.450000
vt 0.950000 0.450000
vt 1.000000 0.450000
vt 0.050000 0.500000
vt 0.000000 0.500000
vt 0.100000 0.500000
vt 0.150000 0.500000
vt 0.200000 0.500000
vt 0.250000 0.500000
vt 0.300000 0.500000
vt 0.350000 0.500000
vt 0.400000 0.500000
vt 0.450000 0.500000
vt 0.500000 0.500000
vt 0.550000 0.500000
vt 0.600000 0.500000
vt 0.650000 0.500000
vt 0.700000 0.500000
vt 0.750000 0.500000
vt 0.800000 0.500000
vt 0.850000 0.500000
vt 0.900000 0.500000
vt 0.950000 0.500000
vt 1.000000 0.500000
vt 0.050000 0.550000
vt 0.000000 0.550000
vt 0.100000 0.550000
vt 0.150000 0.550000
vt 0.200000 0.550000
vt 0.250000 0.550000
vt 0.300000 0.550000
vt 0.350000 0.550000
vt 0.400000 0.550000
vt 0.450000 0.550000
vt 0.500000 0.550000
vt 0.550000 0.550000
vt 0.600000 0.550000
vt 0.650000 0.550000
vt 0.700000 0.550000
vt 0.750000 0.550000
vt 0.800000 0.550000
vt 0.850000 0.550000
vt 0.900000 0.550000
vt 0.950000 0.550000
vt 1.000000 0.550000
vt 0.050000 0.600000
vt 0.000000 0.600000
vt 0.100000 0.600000
vt 0.150000 0.600000
vt 0.200000 0.600000
vt 0.250000 0.600000
vt 0.300000 0.600000
vt 0.350000 0.600000
vt 0.400000 0.600000
vt 0.450000 0.600000
vt 0.500000 0.600000
vt 0.550000 0.600000
vt 0.600000 0.600000
vt 0.650000 0.600000
vt 0.700000 0.600000
vt 0.750000 0.600000
vt 0.800000 0.600000
vt 0.850000 0.600000
vt 0.900000 0.600000
vt 0.950000 0.600000
vt 1.000000 0.600000
vt 0.050000 0.650000
vt 0.000000 0.650000
vt 0.100000 0.650000
vt 0.150000 0.650000
vt 0.200000 0.650000
vt 0.250000 0.650000
vt 0.300000 0.650000
vt 0.350000 0.650000
vt 0.400000 0.650000
vt 0.450000 0.650000
vt 0.500000 0.650000
vt 0.550000 0.650000
vt 0.600000 0.650000
vt 0.650000 0.650000
vt 0.700000 0.650000
vt 0.750000 0.650000
vt 0.800000 0.650000
vt 0.850000 0.650000
vt 0.900000 0.650000
vt 0.950000 0.650000
vt 1.000000 0.650000
vt 0.050000 0.700000
vt 0.000000 0.700000
vt 0.100000 0.700000
vt 0.150000 0.700000
vt 0.200000 0.700000
vt 0.250000 0.700000
vt 0.300000 0.700000
vt 0.350000 0.700000
vt 0.400000 0.700000
vt 0.450000 0.700000
vt 0.500000 0.700000
vt 0.550000 0.700000
vt 0.600000 0.700000
vt 0.650000 0.700000
vt 0.700000 0.700000
vt 0.750000 0.700000
vt 0.800000 0.700000
vt 0.850000 0.700000
vt 0.900000 0.700000
vt 0.950000 0.700000
vt 1.000000 0.700000
vt 0.050000 0.750000
vt 0.000000 0.750000
vt 0.100000 0.750000
vt 0.150000 0.750000
vt 0.200000 0.750000
vt 0.250000 0.750000
vt 0.300000 0.750000
vt 0.350000 0.750000
vt 0.400000 0.750000
vt 0.450000 0.750000
vt 0.500000 0.750000
vt 0.550000 0.750000
vt 0.600000 0.750000
vt 0.650000 0.750000
vt 0.700000 0.750000
vt 0.750000 0.750000
vt 0.800000 0.750000
vt 0.850000 0.750000
vt 0.900000 0.750000
vt 0.950000 0.750000
vt 1.000000 0.750000
vt 0.050000 0.800000
vt 0.000000 0.800000
vt 0.100000 0.800000
vt 0.150000 0.800000
vt 0.200000 0.800000
vt 0.250000 0.800000
vt 0.300000 0.800000
vt 0.350000 0.800000
vt 0.400000 0.800000
vt 0.450000 0.800000
vt 0.500000 0.800000
vt 0.550000 0.800000
vt 0.600000 0.800000
vt 0.650000 0.800000
vt 0.700000 0.800000
vt 0.750000 0.800000
vt 0.800000 0.800000
vt 0.850000 0.800000
vt 0.900000 0.800000
vt 0.950000 0.800000
vt 1.000000 0.800000
vt 0.050000 0.850000
vt 0.000000 0.850000
vt 0.100000 0.850000
vt 0.150000 0.850000
vt 0.200000 0.850000
vt 0.250000 0.850000
vt 0.300000 0.850000
vt 0.350000 0.850000
vt 0.400000 0.850000
vt 0.450000 0.850000
vt 0.500000 0.850000
vt 0.550000 0.850000
vt 0.600000 0.850000
vt 0.650000 0.850000
vt 0.700000 0.850000
vt 0.750000 0.850000
vt 0.800000 0.850000
vt 0.850000 0.850000
vt 0.900000 0.850000
vt 0.950000 0.850000
vt 1.000000 0.850000
vt 0.050000 0.900000
vt 0.000000 0.900000
vt 0.100000 0.900000
vt 0.150000 0.900000
vt 0.200000 0.900000
vt 0.250000 0.900000
vt 0.300000 0.900000
vt 0.350000 0.900000
vt 0.400000 0.900000
vt 0.450000 0.900000
vt 0.500000 0.900000
vt 0.550000 0.900000
vt 0.600000 0.900000
vt 0.650000 0.900000
vt 0.700000 0.900000
vt 0.750000 0.900000
vt 0.800000 0.900000
vt 0.850000 0.900000
vt 0.900000 0.900000
vt 0.950000 0.900000
vt 1.000000 0.900000
vt 0.050000 0.950000
vt 0.000000 0.950000
vt 0.100000 0.950000
vt 0.150000 0.950000
vt 0.200000 0.950000
vt 0.250000 0.950000
vt 0.300000 0.950000
vt 0.350000 0.950000
vt 0.400000 0.950000
vt 0.450000 0.950000
vt 0.500000 0.950000
vt 0.550000 0.950000
vt 0.600000 0.950000
vt 0.650000 0.950000
vt 0.700000 0.950000
vt 0.750000 0.950000
vt 0.800000 0.950000
vt 0.850000 0.950000
vt 0.900000 0.950000
vt 0.950000 0.950000
vt 1.000000 0.950000
vt 0.025000 0.000000
vt 0.075000 0.000000
vt 0.125000 0.000000
vt 0.175000 0.000000
vt 0.225000 0.000000
vt 0.275000 0.000000
vt 0.325000 0.000000
vt 0.375000 0.000000
vt 0.425000 0.000000
vt 0.475000 0.000000
vt 0.525000 0.000000
vt 0.575000 0.000000
vt 0.625000 0.000000
vt 0.675000 0.000000
vt 0.725000 0.000000
vt 0.775000 0.000000
vt 0.825000 0.000000
vt 0.875000 0.000000
vt 0.925000 0.000000
vt 0.975000 0.000000
vt 0.025000 1.000000
vt 0.075000 1.000000
vt 0.125000 1.000000
vt 0.175000 1.000000
vt 0.225000 1.000000
vt 0.275000 1.000000
vt 0.325000 1.000000
vt 0.375000 1.000000
vt 0.425000 1.000000
vt 0.475000 1.000000
vt 0.525000 1.000000
vt 0.575000 1.000000
vt 0.625000 1.000000
vt 0.675000 1.000000
vt 0.725000 1.000000
vt 0.775000 1.000000
vt 0.825000 1.000000
vt 0.875000 1.000000
vt 0.925000 1.000000
vt 0.975000 1.000000
vn 0.000000 0.000000 1.000000
vn 0.000000 0.000000 1.000000
vn 0.000000 0.000000 1.000000
vn 0.000000 0.000000 1.000000
vn 0.000000 1.000000 0.000000
vn 0.000000 1.000000 0.000000
vn 0.000000 1.000000 0.000000
vn 0.000000 1.000000 0.000000
vn 0.000000 0.000000 -1.000000
vn 0.000000 0.000000 -1.000000
vn 0.000000 0.000000 -1.000000
vn 0.000000 0.000000 -1.000000
vn 0.000000 -1.000000 0.000000
vn 0.000000 -1.000000 0.000000
vn 0.000000 -1.000000 0.000000
vn 0.000000 -1.000000 0.000000
vn 1.000000 0.000000 0.000000
vn 1.000000 0.000000 0.000000
vn 1.000000 0.000000 0.000000
vn 1.000000 0.000000 0.000000
vn -1.000000 0.000000 0.000000
vn -1.000000 0.000000 0.000000
vn -1.000000 0.000000 0.000000
vn -1.000000 0.000000 0.000000
vn -1.000000 0.000000 0.000000
vn -1.000000 0.000000 0.000000
vn -1.000000 0.000000 0.000000
vn -1.000000 0.000000 0.000000
vn 0.000000 -1.000000 0.000000
vn 0.000000 -1.000000 0.000000
vn 0.000000 -1.000000 0.000000
vn 0.000000 -1.000000 0.000000
vn 1.000000 0.000000 0.000000
vn 1.000000 0.000000 0.000000
vn 1.000000 0.000000 0.000000
vn 1.000000 0.000000 0.000000
vn 0.000000 1.000000 0.000000
vn 0.000000 1.000000 0.000000
vn 0.000000 1.000000 0.000000
vn 0.000000 1.000000 0.000000
vn 0.039926 0.000000 0.999203
vn 0.039926 0.000000 0.999203
vn 0.039926 0.000000 0.999203
vn 0.039926 0.000000 0.999203
vn 0.039910 0.000000 -0.999203
vn 0.039910 0.000000 -0.999203
vn 0.039910 0.000000 -0.999203
vn 0.039910 0.000000 -0.999203
vn 0.000000 0.044467 -0.999011
vn 0.000000 0.044467 -0.999011
vn 0.000000 0.044467 -0.999011
vn 0.000000 0.044467 -0.999011
vn 0.000000 0.044478 0.999010
vn 0.000000 0.044478 0.999010
vn 0.000000 0.044478 0.999010
vn 0.000000 0.044478 0.999010
vn -0.039931 0.000000 0.999202
vn -0.039931 0.000000 0.999202
vn -0.039931 0.000000 0.999202
vn -0.039931 0.000000 0.999202
vn -0.039915 0.000000 -0.999203
vn -0.039915 0.000000 -0.999203
vn -0.039915 0.000000 -0.999203
vn -0.039915 0.000000 -0.999203
vn 0.000000 -0.044478 0.999010
vn 0.000000 -0.044478 0.999010
vn 0.000000 -0.044478 0.999010
vn 0.000000 -0.044478 0.999010
vn 0.000000 -0.044467 -0.999011
vn 0.000000 -0.044468 -0.999011
vn 0.000000 -0.044468 -0.999011
vn 0.000000 -0.044467 -0.999011
vn 0.000000 1.000000 0.000002
vn 0.000000 1.000000 0.000000
vn 0.000000 1.000000 0.000000
vn 0.000000 1.000000 0.000002
vn 0.000000 1.000000 0.000000
vn 0.000000 1.000000 0.000000
vn 0.000000 1.000000 0.000000
vn 0.000000 1.000000 0.000000
vn 0.000000 1.000000 0.000000
vn 0.000000 1.000000 -0.000001
vn 0.000000 1.000000 -0.000001
vn 0.000000 1.000000 0.000000
vn 0.000000 1.000000 0.000000
vn 0.000000 1.000000 0.000000
vn 0.000000 1.000000 0.000000
vn 0.000000 1.000000 0.000000
vn 0.000000 0.000000 -1.000000
vn 0.000000 0.000000 -1.000000
vn 0.000000 0.000000 -1.000000
vn 0.000000 0.000000 -1.000000
vn -1.000000 0.000000 0.000000
vn -1.000000 0.000000 0.000000
vn -1.000000 0.000000 0.000000
vn -1.000000 0.000000 0.000000
vn 0.000000 0.000000 1.000000
vn 0.000000 0.000000 1.000000
vn 0.000000 0.000000 1.000000
vn 0.000000 0.000000 1.000000
vn 1.000000 0.000000 0.000000
vn 1.000000 0.000000 0.000000
vn 1.000000 0.000000 0.000000
vn 1.000000 0.000000 0.000000
vn 0.000000 0.452255 -0.891889
vn 0.000000 0.452254 -0.891889
vn 0.000000 0.452254 -0.891889
vn 0.000000 0.452255 -0.891889
vn 0.304346 0.000000 -0.952562
vn 0.304346 0.000000 -0.952562
vn 0.304346 0.000000 -0.952562
vn 0.304346 0.000000 -0.952562
vn 0.000000 -0.452254 -0.891889
vn 0.000000 -0.452254 -0.891889
vn 0.000000 -0.452254 -0.891889
vn 0.000000 -0.452254 -0.891889
vn -0.304347 0.000000 -0.952561
vn -0.304347 0.000000 -0.952561
vn -0.304347 0.000000 -0.952561
vn -0.304347 0.000000 -0.952561
vn 0.000000 -0.580406 -0.814328
vn 0.000000 -0.580405 -0.814328
vn 0.000000 -0.580405 -0.814328
vn 0.000000 -0.580406 -0.814327
vn -0.428125 0.000000 -0.903719
vn -0.428125 0.000000 -0.903719
vn -0.428125 0.000000 -0.903719
vn -0.428125 0.000000 -0.903719
vn 0.000000 0.580405 -0.814328
vn 0.000000 0.580405 -0.814328
vn 0.000000 0.580405 -0.814328
vn 0.000000 0.580405 -0.814328
vn 0.428125 0.000000 -0.903719
vn 0.428125 0.000000 -0.903719
vn 0.428125 0.000000 -0.903719
vn 0.428125 0.000000 -0.903719
vn 0.000000 -0.580404 -0.814328
vn 0.000000 -0.580404 -0.814328
vn 0.000000 0.000000 -1.000000
vn 0.000000 0.000000 -1.000000
vn 0.000000 0.580405 -0.814328
vn 0.000000 0.580405 -0.814328
vn 0.000000 -0.452254 -0.891889
vn 0.000000 -0.452254 -0.891889
vn 0.000000 0.044467 -0.999011
vn 0.000000 0.044467 -0.999011
vn 0.000000 -1.000000 0.000000
vn 0.000000 -1.000000 0.000000
vn 0.000000 0.044478 0.999010
vn 0.000000 0.044478 0.999010
vn 0.000000 -1.000000 0.000000
vn 0.000000 -1.000000 0.000000
vn 0.000000 0.000000 1.000000
vn 0.000000 0.000000 1.000000
vn 0.000000 1.000000 -0.000002
vn 0.000000 1.000000 -0.000002
vn 0.000000 0.000000 -1.000000
vn 0.000000 0.000000 -1.000000
vn 0.000000 1.000000 0.000000
vn 0.000000 1.000000 0.000000
vn 0.000000 0.000000 1.000000
vn 0.000000 0.000000 1.000000
vn 0.000000 1.000000 0.000001
vn 0.000000 1.000000 0.000001
vn 0.000000 -0.044478 0.999010
vn 0.000000 -0.044478 0.999010
vn 0.000000 1.000000 0.000000
vn 0.000000 1.000000 0.000000
vn 0.000000 -0.044467 -0.999011
vn 0.000000 -0.044467 -0.999011
vn 0.000000 0.452254 -0.891889
vn 0.000000 0.452254 -0.891889
vn -0.000007 0.000000 1.000000
vn -0.000000 0.000000 1.000000
vn 0.000005 0.000000 1.000000
vn -0.000005 0.000000 1.000000
vn 0.000007 0.000000 1.000000
vn 0.000010 0.000000 1.000000
vn 0.000000 0.000000 1.000000
vn 0.000000 0.000000 1.000000
vn 0.000000 0.000000 1.000000
vn 0.000000 0.000000 1.000000
vn 0.000000 0.000000 1.000000
vn 0.000000 0.000000 1.000000
vn 0.000000 0.000000 1.000000
vn 0.000000 0.000000 1.000000
vn -0.000003 0.000000 1.000000
vn 0.000000 0.000000 1.000000
vn -0.000003 0.000000 1.000000
vn -0.000002 0.000000 1.000000
vn 0.000000 0.000000 1.000000
vn -0.000002 0.000000 1.000000
vn 0.000007 0.000000 1.000000
vn 0.000005 0.000000 1.000000
vn 0.000000 0.000000 1.000000
vn -0.000005 0.000000 1.000000
vn -0.000007 0.000000 1.000000
vn -0.000010 0.000000 1.000000
vn 0.000000 0.000000 1.000000
vn 0.000000 0.000000 1.000000
vn 0.000000 0.000000 1.000000
vn 0.000000 0.000000 1.000000
vn 0.000000 0.000000 1.000000
vn 0.000000 0.000000 1.000000
vn 0.000000 0.000000 1.000000
vn 0.000000 0.000000 1.000000
vn 0.000003 0.000000 1.000000
vn 0.000000 0.000000 1.000000
vn 0.000003 0.000000 1.000000
vn 0.000002 0.000000 1.000000
vn 0.000000 0.000000 1.000000
vn 0.000002 0.000000 1.000000
vn -0.000002 0.000000 1.000000
vn -0.000004 0.000000 1.000000
vn 0.000007 0.000000 1.000000
vn 0.000005 0.000000 1.000000
vn 0.000000 0.000000 1.000000
vn 0.000000 0.000000 1.000000
vn 0.000000 0.000000 1.000000
vn 0.000000 0.000000 1.000000
vn 0.000002 0.000000 1.000000
vn 0.000002 0.000000 1.000000
vn 0.000004 0.000000 1.000000
vn -0.000003 0.000000 1.000000
vn -0.000007 0.000000 1.000000
vn 0.000000 0.000000 1.000000
vn 0.000000 0.000000 1.000000
vn -0.000005 0.000000 1.000000
vn -0.000005 0.000000 1.000000
vn 0.000000 0.000000 1.000000
vn -0.000002 0.000000 1.000000
vn -0.000002 0.000000 1.000000
vn 0.000011 -0.000010 1.000000
vn 0.000015 -0.000005 1.000000
vn 0.000009 -0.000013 1.000000
vn 0.000008 -0.000015 1.000000
vn 0.000000 -0.000016 1.000000
vn -0.000009 -0.000015 1.000000
vn -0.000007 -0.000013 1.000000
vn -0.000009 -0.000010 1.000000
vn -0.000015 -0.000005 1.000000
vn -0.000017 0.000000 1.000000
vn -0.000015 0.000005 1.000000
vn -0.000015 0.000010 1.000000
vn -0.000009 0.000013 1.000000
vn -0.000004 0.000015 1.000000
vn 0.000000 0.000016 1.000000
vn 0.000005 0.000015 1.000000
vn 0.000005 0.000013 1.000000
vn 0.000011 0.000010 1.000000
vn 0.000015 0.000005 1.000000
vn 0.000017 0.000000 1.000000
vn 0.000025 -0.000017 1.000000
vn 0.000029 -0.000009 1.000000
vn 0.000012 -0.000023 1.000000
vn 0.000008 -0.000027 1.000000
vn 0.000000 -0.000028 1.000000
vn -0.000016 -0.000027 1.000000
vn -0.000012 -0.000023 1.000000
vn -0.000016 -0.000017 1.000000
vn -0.000029 -0.000009 1.000000
vn -0.000033 0.000000 1.000000
vn -0.000029 0.000009 1.000000
vn -0.000025 0.000017 1.000000
vn -0.000012 0.000023 1.000000
vn -0.000008 0.000027 1.000000
vn 0.000000 0.000028 1.000000
vn 0.000016 0.000027 1.000000
vn 0.000016 0.000023 1.000000
vn 0.000019 0.000017 1.000000
vn 0.000029 0.000009 1.000000
vn 0.000033 0.000000 1.000000
vn -0.000004 0.000000 1.000000
vn 0.000004 0.000000 1.000000
vn 0.219941 -0.159797 0.962336
vn 0.258553 -0.084010 0.962337
vn 0.000000 0.000000 1.000000
vn 0.159800 -0.219941 0.962336
vn -0.000008 0.000000 1.000000
vn 0.084010 -0.258557 0.962336
vn 0.000004 0.000000 1.000000
vn -0.000000 -0.271863 0.962336
vn 0.000008 0.000000 1.000000
vn -0.084009 -0.258556 0.962336
vn 0.000000 0.000000 1.000000
vn -0.159802 -0.219941 0.962335
vn 0.000000 0.000000 1.000000
vn -0.219947 -0.159797 0.962335
vn 0.000000 0.000000 1.000000
vn -0.258557 -0.084010 0.962336
vn -0.000004 0.000000 1.000000
vn -0.271861 -0.000000 0.962337
vn 0.000004 0.000000 1.000000
vn -0.258561 0.084010 0.962335
vn 0.000008 0.000000 1.000000
vn -0.219943 0.159797 0.962336
vn 0.000012 0.000000 1.000000
vn -0.159793 0.219941 0.962337
vn 0.000012 0.000000 1.000000
vn -0.084012 0.258557 0.962336
vn 0.000004 0.000000 1.000000
vn -0.000000 0.271863 0.962336
vn -0.000004 0.000000 1.000000
vn 0.084011 0.258556 0.962336
vn -0.000000 0.000000 1.000000
vn 0.159797 0.219941 0.962336
vn -0.000000 0.000000 1.000000
vn 0.219944 0.159797 0.962335
vn -0.000000 0.000000 1.000000
vn 0.258558 0.084011 0.962336
vn 0.000004 0.000000 1.000000
vn 0.271861 0.000000 0.962337
vn 0.545887 -0.396609 0.738043
vn 0.641723 -0.208512 0.738048
vn 0.396615 -0.545886 0.738041
vn 0.208512 -0.641728 0.738043
vn -0.000002 -0.674752 0.738045
vn -0.208513 -0.641727 0.738044
vn -0.396611 -0.545886 0.738044
vn -0.545888 -0.396609 0.738043
vn -0.641727 -0.208510 0.738045
vn -0.674746 0.000000 0.738050
vn -0.641725 0.208510 0.738046
vn -0.545890 0.396608 0.738042
vn -0.396615 0.545885 0.738042
vn -0.208515 0.641727 0.738044
vn -0.000002 0.674751 0.738045
vn 0.208513 0.641726 0.738045
vn 0.396611 0.545886 0.738043
vn 0.545889 0.396609 0.738043
vn 0.641726 0.208509 0.738046
vn 0.674746 0.000000 0.738050
vn 0.722059 -0.524611 0.451015
vn 0.848832 -0.275805 0.451017
vn 0.524608 -0.722063 0.451013
vn 0.275799 -0.848835 0.451014
vn -0.000000 -0.892517 0.451015
vn -0.275800 -0.848836 0.451012
vn -0.524610 -0.722063 0.451009
vn -0.722061 -0.524610 0.451012
vn -0.848834 -0.275804 0.451013
vn -0.892518 0.000000 0.451012
vn -0.848832 0.275805 0.451016
vn -0.722060 0.524610 0.451014
vn -0.524609 0.722063 0.451011
vn -0.275802 0.848836 0.451011
vn -0.000001 0.892517 0.451013
vn 0.275802 0.848836 0.451011
vn 0.524607 0.722064 0.451011
vn 0.722059 0.524611 0.451015
vn 0.848834 0.275804 0.451014
vn 0.892517 0.000001 0.451013
vn 0.789735 -0.573784 0.217003
vn 0.928394 -0.301653 0.217003
vn 0.573776 -0.789741 0.217003
vn 0.301651 -0.928394 0.217004
vn -0.000001 -0.976171 0.217002
vn -0.301652 -0.928395 0.217001
vn -0.573780 -0.789739 0.217000
vn -0.789737 -0.573782 0.217002
vn -0.928393 -0.301655 0.217003
vn -0.976171 -0.000001 0.217001
vn -0.928394 0.301653 0.217002
vn -0.789736 0.573783 0.217004
vn -0.573775 0.789742 0.217002
vn -0.301653 0.928395 0.216998
vn -0.000001 0.976172 0.216999
vn 0.301653 0.928395 0.217000
vn 0.573776 0.789741 0.217001
vn 0.789737 0.573782 0.217003
vn 0.928394 0.301654 0.217001
vn 0.976172 0.000001 0.217001
vn 0.809017 -0.587785 -0.000000
vn 0.951057 -0.309015 -0.000000
vn 0.587785 -0.809017 0.000000
vn 0.309018 -0.951056 -0.000000
vn -0.000001 -1.000000 0.000000
vn -0.309021 -0.951055 -0.000000
vn -0.587786 -0.809016 0.000000
vn -0.809017 -0.587786 0.000000
vn -0.951057 -0.309017 0.000000
vn -1.000000 -0.000000 0.000000
vn -0.951057 0.309016 -0.000000
vn -0.809016 0.587787 -0.000000
vn -0.587783 0.809019 -0.000000
vn -0.309017 0.951057 -0.000000
vn 0.000000 1.000000 -0.000000
vn 0.309018 0.951056 -0.000000
vn 0.587785 0.809017 0.000000
vn 0.809017 0.587786 0.000000
vn 0.951057 0.309017 0.000000
vn 1.000000 0.000002 0.000000
vn 0.789740 -0.573778 -0.217001
vn 0.928394 -0.301653 -0.217003
vn 0.573781 -0.789737 -0.217002
vn 0.301652 -0.928394 -0.217004
vn -0.000000 -0.976171 -0.217002
vn -0.301656 -0.928394 -0.217001
vn -0.573784 -0.789736 -0.217000
vn -0.789743 -0.573774 -0.217000
vn -0.928395 -0.301652 -0.217000
vn -0.976171 0.000000 -0.217002
vn -0.928394 0.301654 -0.217002
vn -0.789739 0.573779 -0.217002
vn -0.573778 0.789740 -0.217002
vn -0.301653 0.928395 -0.216998
vn 0.000001 0.976172 -0.216999
vn 0.301655 0.928394 -0.217001
vn 0.573781 0.789738 -0.217001
vn 0.789741 0.573777 -0.217001
vn 0.928394 0.301654 -0.217001
vn 0.976171 0.000001 -0.217002
vn 0.736150 -0.534848 -0.414754
vn 0.865398 -0.281186 -0.414753
vn 0.534847 -0.736152 -0.414753
vn 0.281185 -0.865398 -0.414754
vn 0.000001 -0.909933 -0.414754
vn -0.281185 -0.865400 -0.414751
vn -0.534849 -0.736152 -0.414750
vn -0.736153 -0.534846 -0.414752
vn -0.865399 -0.281185 -0.414753
vn -0.909935 0.000000 -0.414751
vn -0.865398 0.281186 -0.414753
vn -0.736151 0.534848 -0.414753
vn -0.534848 0.736152 -0.414750
vn -0.281187 0.865399 -0.414751
vn 0.000001 0.909934 -0.414753
vn 0.281187 0.865398 -0.414753
vn 0.534850 0.736150 -0.414752
vn 0.736154 0.534844 -0.414752
vn 0.865398 0.281185 -0.414753
vn 0.909935 0.000001 -0.414751
vn 0.658414 -0.478367 -0.581081
vn 0.774015 -0.251491 -0.581080
vn 0.478366 -0.658416 -0.581080
vn 0.251493 -0.774014 -0.581080
vn -0.000000 -0.813846 -0.581081
vn -0.251493 -0.774014 -0.581080
vn -0.478367 -0.658415 -0.581081
vn -0.658412 -0.478369 -0.581083
vn -0.774012 -0.251493 -0.581082
vn -0.813848 -0.000000 -0.581078
vn -0.774012 0.251492 -0.581083
vn -0.658412 0.478368 -0.581083
vn -0.478367 0.658416 -0.581079
vn -0.251494 0.774013 -0.581080
vn -0.000000 0.813846 -0.581080
vn 0.251494 0.774013 -0.581081
vn 0.478364 0.658416 -0.581082
vn 0.658411 0.478370 -0.581083
vn 0.774012 0.251493 -0.581082
vn 0.813848 0.000001 -0.581078
vn 0.567499 -0.412313 -0.712701
vn 0.667137 -0.216765 -0.712700
vn 0.412310 -0.567500 -0.712702
vn 0.216766 -0.667136 -0.712701
vn -0.000000 -0.701468 -0.712701
vn -0.216765 -0.667135 -0.712702
vn -0.412311 -0.567499 -0.712702
vn -0.567499 -0.412313 -0.712701
vn -0.667136 -0.216765 -0.712701
vn -0.701468 -0.000000 -0.712701
vn -0.667136 0.216765 -0.712701
vn -0.567498 0.412313 -0.712702
vn -0.412312 0.567500 -0.712702
vn -0.216768 0.667135 -0.712701
vn -0.000001 0.701469 -0.712700
vn 0.216767 0.667135 -0.712701
vn 0.412309 0.567500 -0.712703
vn 0.567497 0.412315 -0.712702
vn 0.667136 0.216765 -0.712700
vn 0.701467 0.000001 -0.712702
vn 0.471758 -0.342752 -0.812383
vn 0.554585 -0.180195 -0.812382
vn 0.342752 -0.471757 -0.812383
vn 0.180192 -0.554584 -0.812384
vn -0.000000 -0.583124 -0.812383
vn -0.180190 -0.554584 -0.812384
vn -0.342744 -0.471758 -0.812386
vn -0.471753 -0.342754 -0.812385
vn -0.554585 -0.180196 -0.812382
vn -0.583128 -0.000000 -0.812380
vn -0.554588 0.180195 -0.812381
vn -0.471759 0.342753 -0.812381
vn -0.342753 0.471758 -0.812382
vn -0.180195 0.554586 -0.812382
vn -0.000002 0.583126 -0.812382
vn 0.180190 0.554585 -0.812383
vn 0.342751 0.471758 -0.812383
vn 0.471757 0.342753 -0.812383
vn 0.554585 0.180196 -0.812382
vn 0.583128 0.000001 -0.812380
vn 0.376187 -0.273313 -0.885316
vn 0.442230 -0.143689 -0.885317
vn 0.273313 -0.376184 -0.885317
vn 0.143683 -0.442232 -0.885317
vn 0.000000 -0.464990 -0.885316
vn -0.143679 -0.442232 -0.885318
vn -0.273306 -0.376184 -0.885319
vn -0.376180 -0.273314 -0.885318
vn -0.442228 -0.143690 -0.885318
vn -0.464987 0.000000 -0.885317
vn -0.442230 0.143689 -0.885317
vn -0.376185 0.273314 -0.885316
vn -0.273312 0.376184 -0.885317
vn -0.143683 0.442232 -0.885317
vn 0.000000 0.464989 -0.885316
vn 0.143680 0.442232 -0.885318
vn 0.273308 0.376185 -0.885318
vn 0.376182 0.273314 -0.885317
vn 0.442227 0.143690 -0.885318
vn 0.464987 0.000001 -0.885318
vn 0.283294 -0.205824 -0.936686
vn 0.333035 -0.108208 -0.936685
vn 0.205823 -0.283293 -0.936687
vn 0.108208 -0.333031 -0.936687
vn -0.000000 -0.350169 -0.936687
vn -0.108210 -0.333030 -0.936686
vn -0.205822 -0.283293 -0.936687
vn -0.283292 -0.205824 -0.936687
vn -0.333032 -0.108208 -0.936686
vn -0.350171 0.000000 -0.936686
vn -0.333035 0.108208 -0.936685
vn -0.283296 0.205824 -0.936686
vn -0.205823 0.283293 -0.936687
vn -0.108206 0.333031 -0.936687
vn -0.000000 0.350169 -0.936687
vn 0.108210 0.333031 -0.936686
vn 0.205822 0.283293 -0.936687
vn 0.283292 0.205824 -0.936687
vn 0.333032 0.108208 -0.936686
vn 0.350170 0.000000 -0.936686
vn 0.194607 -0.141394 -0.970637
vn 0.228776 -0.074335 -0.970637
vn 0.141395 -0.194613 -0.970636
vn 0.074337 -0.228780 -0.970636
vn 0.000000 -0.240552 -0.970636
vn -0.074343 -0.228779 -0.970635
vn -0.141395 -0.194612 -0.970636
vn -0.194603 -0.141394 -0.970638
vn -0.228778 -0.074335 -0.970636
vn -0.240550 0.000000 -0.970637
vn -0.228776 0.074336 -0.970637
vn -0.194608 0.141394 -0.970637
vn -0.141395 0.194612 -0.970636
vn -0.074337 0.228779 -0.970636
vn -0.000000 0.240553 -0.970636
vn 0.074343 0.228779 -0.970636
vn 0.141395 0.194612 -0.970636
vn 0.194603 0.141394 -0.970638
vn 0.228778 0.074335 -0.970636
vn 0.240550 0.000000 -0.970637
vn 0.114655 -0.083308 -0.989906
vn 0.134788 -0.043797 -0.989906
vn 0.083307 -0.114664 -0.989905
vn 0.043794 -0.134796 -0.989905
vn 0.000000 -0.141732 -0.989905
vn -0.043794 -0.134796 -0.989905
vn -0.083301 -0.114664 -0.989906
vn -0.114649 -0.083308 -0.989907
vn -0.134788 -0.043798 -0.989906
vn -0.141726 -0.000000 -0.989906
vn -0.134788 0.043798 -0.989906
vn -0.114655 0.083308 -0.989906
vn -0.083306 0.114663 -0.989905
vn -0.043794 0.134795 -0.989905
vn 0.000000 0.141731 -0.989905
vn 0.043794 0.134795 -0.989905
vn 0.083302 0.114664 -0.989906
vn 0.114649 0.083308 -0.989907
vn 0.134788 0.043798 -0.989906
vn 0.141726 0.000000 -0.989906
vn -0.000000 0.000000 1.000000
vn 0.000000 0.000000 -1.000000
vn 0.891007 -0.453990 0.000000
vn 0.891007 -0.453990 0.000000
vn 0.891007 -0.453990 0.000000
vn 0.891007 -0.453990 0.000000
vn 0.707108 -0.707106 0.000000
vn 0.707108 -0.707106 0.000000
vn 0.707108 -0.707106 0.000000
vn 0.707108 -0.707106 0.000000
vn 0.453988 -0.891008 0.000000
vn 0.453988 -0.891008 0.000000
vn 0.453988 -0.891008 0.000000
vn 0.453988 -0.891008 0.000000
vn 0.156434 -0.987688 0.000000
vn 0.156434 -0.987688 0.000000
vn 0.156434 -0.987688 0.000000
vn 0.156434 -0.987688 0.000000
vn -0.156434 -0.987688 0.000000
vn -0.156434 -0.987688 0.000000
vn -0.156434 -0.987688 0.000000
vn -0.156434 -0.987688 0.000000
vn -0.453988 -0.891008 0.000000
vn -0.453988 -0.891008 0.000000
vn -0.453988 -0.891008 0.000000
vn -0.453988 -0.891008 0.000000
vn -0.707108 -0.707105 0.000000
vn -0.707108 -0.707105 0.000000
vn -0.707108 -0.707105 0.000000
vn -0.707108 -0.707105 0.000000
vn -0.891007 -0.453990 0.000000
vn -0.891007 -0.453990 0.000000
vn -0.891007 -0.453990 0.000000
vn -0.891007 -0.453990 0.000000
vn -0.987688 -0.156434 0.000000
vn -0.987688 -0.156434 0.000000
vn -0.987688 -0.156434 0.000000
vn -0.987688 -0.156434 0.000000
vn -0.987688 0.156434 0.000000
vn -0.987688 0.156434 0.000000
vn -0.987688 0.156434 0.000000
vn -0.987688 0.156434 0.000000
vn -0.891007 0.453990 0.000000
vn -0.891007 0.453990 0.000000
vn -0.891007 0.453990 0.000000
vn -0.891007 0.453990 0.000000
vn -0.707106 0.707107 0.000000
vn -0.707106 0.707107 0.000000
vn -0.707106 0.707107 0.000000
vn -0.707106 0.707107 0.000000
vn -0.453992 0.891006 0.000000
vn -0.453992 0.891006 0.000000
vn -0.453992 0.891006 0.000000
vn -0.453992 0.891006 0.000000
vn -0.156434 0.987688 0.000000
vn -0.156434 0.987688 0.000000
vn -0.156434 0.987688 0.000000
vn -0.156434 0.987688 0.000000
vn 0.156434 0.987688 0.000000
vn 0.156434 0.987688 0.000000
vn 0.156434 0.987688 0.000000
vn 0.156434 0.987688 0.000000
vn 0.453992 0.891006 0.000000
vn 0.453992 0.891006 0.000000
vn 0.453992 0.891006 0.000000
vn 0.453992 0.891006 0.000000
vn 0.707106 0.707107 0.000000
vn 0.707106 0.707107 0.000000
vn 0.707106 0.707107 0.000000
vn 0.707106 0.707107 0.000000
vn 0.891007 0.453990 0.000000
vn 0.891007 0.453990 0.000000
vn 0.891007 0.453990 0.000000
vn 0.891007 0.453990 0.000000
vn 0.987688 0.156434 0.000000
vn 0.987688 0.156434 0.000000
vn 0.987688 0.156434 0.000000
vn 0.987688 0.156434 0.000000
vn 0.987689 -0.156433 0.000000
vn 0.987689 -0.156433 0.000000
vn 0.987689 -0.156433 0.000000
vn 0.987689 -0.156433 0.000000
s 1
g pCube64
usemtl initialShadingGroup
f 775/852/1804 819/914/1805 820/916/1806 777/854/1807
s 2
f 799/894/1808 822/918/1809 823/919/1810 802/897/1811
s 3
f 807/902/1812 812/907/1813 813/908/1814 810/905/1815
s 4
f 784/869/1816 818/913/1817 819/915/1818 775/860/1819
s off
f 776/853/1820 785/871/1821 786/873/1822 778/855/1823
f 784/868/1824 775/852/1825 777/854/1826 783/866/1827
f 787/877/1828 788/874/1829 789/875/1830 790/876/1831
s 5
f 787/878/1832 816/911/1833 817/912/1834 788/881/1835
s off
f 793/882/1836 792/883/1837 791/884/1838 794/885/1839
s 6
f 789/886/1840 826/922/1841 827/923/1842 790/889/1843
s off
f 784/868/1844 783/866/1845 789/875/1846 788/874/1847
f 779/865/1848 781/864/1849 787/877/1850 790/876/1851
s 7
f 781/858/1852 815/910/1853 816/911/1854 787/878/1855
s 8
f 818/913/1856 784/869/1857 788/881/1858 817/912/1859
s off
f 786/873/1860 785/871/1861 792/883/1862 793/882/1863
f 782/862/1864 780/863/1865 794/885/1866 791/884/1867
s 9
f 783/867/1868 825/921/1869 826/922/1870 789/886/1871
s 10
f 828/924/1872 779/856/1873 790/889/1874 827/923/1875
s 11
f 777/854/1876 820/916/1877 821/917/1878 795/890/1879
s off
f 778/855/1880 786/872/1881 797/892/1882 796/891/1883
s 12
f 825/921/1884 783/867/1885 798/893/1886 824/920/1887
s off
f 783/867/1888 777/854/1889 795/890/1890 798/893/1891
s 13
f 795/890/1892 821/917/1893 822/918/1894 799/894/1895
s off
f 796/891/1896 797/892/1897 801/896/1898 800/895/1899
s 14
f 824/920/1900 798/893/1901 802/897/1902 823/919/1903
s off
f 798/893/1904 795/890/1905 799/894/1906 802/897/1907
s 15
f 779/856/1908 828/924/1909 811/906/1910 803/898/1911
s off
f 780/857/1912 782/859/1913 805/900/1914 804/899/1915
s 16
f 815/910/1916 781/858/1917 806/901/1918 814/909/1919
s off
f 781/858/1920 779/856/1921 803/898/1922 806/901/1923
s 17
f 803/898/1924 811/906/1925 812/907/1926 807/902/1927
s off
f 804/899/1928 805/900/1929 809/904/1930 808/903/1931
s 18
f 814/909/1932 806/901/1933 810/905/1934 813/908/1935
s off
f 806/901/1936 803/898/1937 807/902/1938 810/905/1939
s 17
f 811/906/1925 804/899/1940 808/903/1941 812/907/1926
s 3
f 813/908/1814 812/907/1813 808/903/1942 809/904/1943
s 18
f 805/900/1944 814/909/1932 813/908/1935 809/904/1945
s 16
f 782/859/1946 815/910/1916 814/909/1919 805/900/1947
s 7
f 816/911/1854 815/910/1853 782/859/1948 791/879/1949
s 5
f 817/912/1834 816/911/1833 791/879/1950 792/880/1951
s 8
f 785/870/1952 818/913/1856 817/912/1859 792/880/1953
s 4
f 819/915/1818 818/913/1817 785/870/1954 776/861/1955
s 1
f 820/916/1806 819/914/1805 776/853/1956 778/855/1957
s 11
f 821/917/1878 820/916/1877 778/855/1958 796/891/1959
s 13
f 822/918/1894 821/917/1893 796/891/1960 800/895/1961
s 2
f 823/919/1810 822/918/1809 800/895/1962 801/896/1963
s 14
f 797/892/1964 824/920/1900 823/919/1903 801/896/1965
s 12
f 786/872/1966 825/921/1884 824/920/1887 797/892/1967
s 9
f 826/922/1870 825/921/1869 786/872/1968 793/887/1969
s 6
f 827/923/1842 826/922/1841 793/887/1970 794/888/1971
s 10
f 780/857/1972 828/924/1872 827/923/1875 794/888/1973
s 15
f 811/906/1910 828/924/1909 780/857/1974 804/899/1975
s 19
f 1130/925/1976 1131/926/1977 1132/927/1978 1133/928/1979
f 1131/926/1977 1134/929/1980 1135/930/1981 1132/927/1978
f 1134/929/1980 1136/931/1982 1137/932/1983 1135/930/1981
f 1136/931/1982 1138/933/1984 1139/934/1985 1137/932/1983
f 1138/933/1984 1140/935/1986 1141/936/1987 1139/934/1985
f 1140/935/1986 1142/937/1988 1143/938/1989 1141/936/1987
f 1142/937/1988 1144/939/1990 1145/940/1991 1143/938/1989
f 1144/939/1990 1146/941/1992 1147/942/1993 1145/940/1991
f 1146/941/1992 1148/943/1994 1149/944/1995 1147/942/1993
f 1148/943/1994 1150/945/1996 1151/946/1997 1149/944/1995
f 1150/945/1996 1152/947/1998 1153/948/1999 1151/946/1997
f 1152/947/1998 1154/949/2000 1155/950/2001 1153/948/1999
f 1154/949/2000 1156/951/2002 1157/952/2003 1155/950/2001
f 1156/951/2002 1158/953/2004 1159/954/2005 1157/952/2003
f 1158/953/2004 1160/955/2006 1161/956/2007 1159/954/2005
f 1160/955/2006 1162/957/2008 1163/958/2009 1161/956/2007
f 1162/957/2008 1164/959/2010 1165/960/2011 1163/958/2009
f 1164/959/2010 1166/961/2012 1167/962/2013 1165/960/2011
f 1166/961/2012 1168/963/2014 1169/964/2015 1167/962/2013
f 1168/963/2014 1130/965/1976 1133/966/1979 1169/964/2015
f 1133/928/1979 1132/927/1978 1170/967/2016 1171/968/2017
f 1132/927/1978 1135/930/1981 1172/969/2018 1170/967/2016
f 1135/930/1981 1137/932/1983 1173/970/2019 1172/969/2018
f 1137/932/1983 1139/934/1985 1174/971/2020 1173/970/2019
f 1139/934/1985 1141/936/1987 1175/972/2021 1174/971/2020
f 1141/936/1987 1143/938/1989 1176/973/2022 1175/972/2021
f 1143/938/1989 1145/940/1991 1177/974/2023 1176/973/2022
f 1145/940/1991 1147/942/1993 1178/975/2024 1177/974/2023
f 1147/942/1993 1149/944/1995 1179/976/2025 1178/975/2024
f 1149/944/1995 1151/946/1997 1180/977/2026 1179/976/2025
f 1151/946/1997 1153/948/1999 1181/978/2027 1180/977/2026
f 1153/948/1999 1155/950/2001 1182/979/2028 1181/978/2027
f 1155/950/2001 1157/952/2003 1183/980/2029 1182/979/2028
f 1157/952/2003 1159/954/2005 1184/981/2030 1183/980/2029
f 1159/954/2005 1161/956/2007 1185/982/2031 1184/981/2030
f 1161/956/2007 1163/958/2009 1186/983/2032 1185/982/2031
f 1163/958/2009 1165/960/2011 1187/984/2033 1186/983/2032
f 1165/960/2011 1167/962/2013 1188/985/2034 1187/984/2033
f 1167/962/2013 1169/964/2015 1189/986/2035 1188/985/2034
f 1169/964/2015 1133/966/1979 1171/987/2017 1189/986/2035
f 1171/968/2017 1170/967/2016 1190/988/2036 1191/989/2037
f 1170/967/2016 1172/969/2018 1192/990/2038 1190/988/2036
f 1172/969/2018 1173/970/2019 1193/991/2039 1192/990/2038
f 1173/970/2019 1174/971/2020 1194/992/2040 1193/991/2039
f 1174/971/2020 1175/972/2021 1195/993/2041 1194/992/2040
f 1175/972/2021 1176/973/2022 1196/994/2042 1195/993/2041
f 1176/973/2022 1177/974/2023 1197/995/2043 1196/994/2042
f 1177/974/2023 1178/975/2024 1198/996/2044 1197/995/2043
f 1178/975/2024 1179/976/2025 1199/997/2045 1198/996/2044
f 1179/976/2025 1180/977/2026 1200/998/2046 1199/997/2045
f 1180/977/2026 1181/978/2027 1201/999/2047 1200/998/2046
f 1181/978/2027 1182/979/2028 1202/1000/2048 1201/999/2047
f 1182/979/2028 1183/980/2029 1203/1001/2049 1202/1000/2048
f 1183/980/2029 1184/981/2030 1204/1002/2050 1203/1001/2049
f 1184/981/2030 1185/982/2031 1205/1003/2051 1204/1002/2050
f 1185/982/2031 1186/983/2032 1206/1004/2052 1205/1003/2051
f 1186/983/2032 1187/984/2033 1207/1005/2053 1206/1004/2052
f 1187/984/2033 1188/985/2034 1208/1006/2054 1207/1005/2053
f 1188/985/2034 1189/986/2035 1209/1007/2055 1208/1006/2054
f 1189/986/2035 1171/987/2017 1191/1008/2037 1209/1007/2055
f 1191/989/2037 1190/988/2036 1210/1009/2056 1211/1010/2057
f 1190/988/2036 1192/990/2038 1212/1011/2058 1210/1009/2056
f 1192/990/2038 1193/991/2039 1213/1012/2059 1212/1011/2058
f 1193/991/2039 1194/992/2040 1214/1013/2060 1213/1012/2059
f 1194/992/2040 1195/993/2041 1215/1014/2061 1214/1013/2060
f 1195/993/2041 1196/994/2042 1216/1015/2062 1215/1014/2061
f 1196/994/2042 1197/995/2043 1217/1016/2063 1216/1015/2062
f 1197/995/2043 1198/996/2044 1218/1017/2064 1217/1016/2063
f 1198/996/2044 1199/997/2045 1219/1018/2065 1218/1017/2064
f 1199/997/2045 1200/998/2046 1220/1019/2066 1219/1018/2065
f 1200/998/2046 1201/999/2047 1221/1020/2067 1220/1019/2066
f 1201/999/2047 1202/1000/2048 1222/1021/2068 1221/1020/2067
f 1202/1000/2048 1203/1001/2049 1223/1022/2069 1222/1021/2068
f 1203/1001/2049 1204/1002/2050 1224/1023/2070 1223/1022/2069
f 1204/1002/2050 1205/1003/2051 1225/1024/2071 1224/1023/2070
f 1205/1003/2051 1206/1004/2052 1226/1025/2072 1225/1024/2071
f 1206/1004/2052 1207/1005/2053 1227/1026/2073 1226/1025/2072
f 1207/1005/2053 1208/1006/2054 1228/1027/2074 1227/1026/2073
f 1208/1006/2054 1209/1007/2055 1229/1028/2075 1228/1027/2074
f 1209/1007/2055 1191/1008/2037 1211/1029/2057 1229/1028/2075
s 20
f 829/1030/2076 830/1031/2077 850/1032/2078 849/1033/2079
f 830/1031/2077 831/1034/2080 851/1035/2081 850/1032/2078
f 831/1034/2080 832/1036/2082 852/1037/2083 851/1035/2081
f 832/1036/2082 833/1038/2084 853/1039/2085 852/1037/2083
f 833/1038/2084 834/1040/2086 854/1041/2087 853/1039/2085
f 834/1040/2086 835/1042/2088 855/1043/2089 854/1041/2087
f 835/1042/2088 836/1044/2090 856/1045/2091 855/1043/2089
f 836/1044/2090 837/1046/2092 857/1047/2093 856/1045/2091
f 837/1046/2092 838/1048/2094 858/1049/2095 857/1047/2093
f 838/1048/2094 839/1050/2096 859/1051/2097 858/1049/2095
f 839/1050/2096 840/1052/2098 860/1053/2099 859/1051/2097
f 840/1052/2098 841/1054/2100 861/1055/2101 860/1053/2099
f 841/1054/2100 842/1056/2102 862/1057/2103 861/1055/2101
f 842/1056/2102 843/1058/2104 863/1059/2105 862/1057/2103
f 843/1058/2104 844/1060/2106 864/1061/2107 863/1059/2105
f 844/1060/2106 845/1062/2108 865/1063/2109 864/1061/2107
f 845/1062/2108 846/1064/2110 866/1065/2111 865/1063/2109
f 846/1064/2110 847/1066/2112 867/1067/2113 866/1065/2111
f 847/1066/2112 848/1068/2114 868/1069/2115 867/1067/2113
f 848/1068/2114 829/1070/2076 849/1071/2079 868/1069/2115
f 849/1033/2079 850/1032/2078 870/1072/2116 869/1073/2117
f 850/1032/2078 851/1035/2081 871/1074/2118 870/1072/2116
f 851/1035/2081 852/1037/2083 872/1075/2119 871/1074/2118
f 852/1037/2083 853/1039/2085 873/1076/2120 872/1075/2119
f 853/1039/2085 854/1041/2087 874/1077/2121 873/1076/2120
f 854/1041/2087 855/1043/2089 875/1078/2122 874/1077/2121
f 855/1043/2089 856/1045/2091 876/1079/2123 875/1078/2122
f 856/1045/2091 857/1047/2093 877/1080/2124 876/1079/2123
f 857/1047/2093 858/1049/2095 878/1081/2125 877/1080/2124
f 858/1049/2095 859/1051/2097 879/1082/2126 878/1081/2125
f 859/1051/2097 860/1053/2099 880/1083/2127 879/1082/2126
f 860/1053/2099 861/1055/2101 881/1084/2128 880/1083/2127
f 861/1055/2101 862/1057/2103 882/1085/2129 881/1084/2128
f 862/1057/2103 863/1059/2105 883/1086/2130 882/1085/2129
f 863/1059/2105 864/1061/2107 884/1087/2131 883/1086/2130
f 864/1061/2107 865/1063/2109 885/1088/2132 884/1087/2131
f 865/1063/2109 866/1065/2111 886/1089/2133 885/1088/2132
f 866/1065/2111 867/1067/2113 887/1090/2134 886/1089/2133
f 867/1067/2113 868/1069/2115 888/1091/2135 887/1090/2134
f 868/1069/2115 849/1071/2079 869/1092/2117 888/1091/2135
f 869/1073/2117 870/1072/2116 890/1093/2136 889/1094/2137
f 870/1072/2116 871/1074/2118 891/1095/2138 890/1093/2136
f 871/1074/2118 872/1075/2119 892/1096/2139 891/1095/2138
f 872/1075/2119 873/1076/2120 893/1097/2140 892/1096/2139
f 873/1076/2120 874/1077/2121 894/1098/2141 893/1097/2140
f 874/1077/2121 875/1078/2122 895/1099/2142 894/1098/2141
f 875/1078/2122 876/1079/2123 896/1100/2143 895/1099/2142
f 876/1079/2123 877/1080/2124 897/1101/2144 896/1100/2143
f 877/1080/2124 878/1081/2125 898/1102/2145 897/1101/2144
f 878/1081/2125 879/1082/2126 899/1103/2146 898/1102/2145
f 879/1082/2126 880/1083/2127 900/1104/2147 899/1103/2146
f 880/1083/2127 881/1084/2128 901/1105/2148 900/1104/2147
f 881/1084/2128 882/1085/2129 902/1106/2149 901/1105/2148
f 882/1085/2129 883/1086/2130 903/1107/2150 902/1106/2149
f 883/1086/2130 884/1087/2131 904/1108/2151 903/1107/2150
f 884/1087/2131 885/1088/2132 905/1109/2152 904/1108/2151
f 885/1088/2132 886/1089/2133 906/1110/2153 905/1109/2152
f 886/1089/2133 887/1090/2134 907/1111/2154 906/1110/2153
f 887/1090/2134 888/1091/2135 908/1112/2155 907/1111/2154
f 888/1091/2135 869/1092/2117 889/1113/2137 908/1112/2155
f 889/1094/2137 890/1093/2136 910/1114/2156 909/1115/2157
f 890/1093/2136 891/1095/2138 911/1116/2158 910/1114/2156
f 891/1095/2138 892/1096/2139 912/1117/2159 911/1116/2158
f 892/1096/2139 893/1097/2140 913/1118/2160 912/1117/2159
f 893/1097/2140 894/1098/2141 914/1119/2161 913/1118/2160
f 894/1098/2141 895/1099/2142 915/1120/2162 914/1119/2161
f 895/1099/2142 896/1100/2143 916/1121/2163 915/1120/2162
f 896/1100/2143 897/1101/2144 917/1122/2164 916/1121/2163
f 897/1101/2144 898/1102/2145 918/1123/2165 917/1122/2164
f 898/1102/2145 899/1103/2146 919/1124/2166 918/1123/2165
f 899/1103/2146 900/1104/2147 920/1125/2167 919/1124/2166
f 900/1104/2147 901/1105/2148 921/1126/2168 920/1125/2167
f 901/1105/2148 902/1106/2149 922/1127/2169 921/1126/2168
f 902/1106/2149 903/1107/2150 923/1128/2170 922/1127/2169
f 903/1107/2150 904/1108/2151 924/1129/2171 923/1128/2170
f 904/1108/2151 905/1109/2152 925/1130/2172 924/1129/2171
f 905/1109/2152 906/1110/2153 926/1131/2173 925/1130/2172
f 906/1110/2153 907/1111/2154 927/1132/2174 926/1131/2173
f 907/1111/2154 908/1112/2155 928/1133/2175 927/1132/2174
f 908/1112/2155 889/1113/2137 909/1134/2157 928/1133/2175
f 909/1115/2157 910/1114/2156 930/1135/2176 929/1136/2177
f 910/1114/2156 911/1116/2158 931/1137/2178 930/1135/2176
f 911/1116/2158 912/1117/2159 932/1138/2179 931/1137/2178
f 912/1117/2159 913/1118/2160 933/1139/2180 932/1138/2179
f 913/1118/2160 914/1119/2161 934/1140/2181 933/1139/2180
f 914/1119/2161 915/1120/2162 935/1141/2182 934/1140/2181
f 915/1120/2162 916/1121/2163 936/1142/2183 935/1141/2182
f 916/1121/2163 917/1122/2164 937/1143/2184 936/1142/2183
f 917/1122/2164 918/1123/2165 938/1144/2185 937/1143/2184
f 918/1123/2165 919/1124/2166 939/1145/2186 938/1144/2185
f 919/1124/2166 920/1125/2167 940/1146/2187 939/1145/2186
f 920/1125/2167 921/1126/2168 941/1147/2188 940/1146/2187
f 921/1126/2168 922/1127/2169 942/1148/2189 941/1147/2188
f 922/1127/2169 923/1128/2170 943/1149/2190 942/1148/2189
f 923/1128/2170 924/1129/2171 944/1150/2191 943/1149/2190
f 924/1129/2171 925/1130/2172 945/1151/2192 944/1150/2191
f 925/1130/2172 926/1131/2173 946/1152/2193 945/1151/2192
f 926/1131/2173 927/1132/2174 947/1153/2194 946/1152/2193
f 927/1132/2174 928/1133/2175 948/1154/2195 947/1153/2194
f 928/1133/2175 909/1134/2157 929/1155/2177 948/1154/2195
f 929/1136/2177 930/1135/2176 950/1156/2196 949/1157/2197
f 930/1135/2176 931/1137/2178 951/1158/2198 950/1156/2196
f 931/1137/2178 932/1138/2179 952/1159/2199 951/1158/2198
f 932/1138/2179 933/1139/2180 953/1160/2200 952/1159/2199
f 933/1139/2180 934/1140/2181 954/1161/2201 953/1160/2200
f 934/1140/2181 935/1141/2182 955/1162/2202 954/1161/2201
f 935/1141/2182 936/1142/2183 956/1163/2203 955/1162/2202
f 936/1142/2183 937/1143/2184 957/1164/2204 956/1163/2203
f 937/1143/2184 938/1144/2185 958/1165/2205 957/1164/2204
f 938/1144/2185 939/1145/2186 959/1166/2206 958/1165/2205
f 939/1145/2186 940/1146/2187 960/1167/2207 959/1166/2206
f 940/1146/2187 941/1147/2188 961/1168/2208 960/1167/2207
f 941/1147/2188 942/1148/2189 962/1169/2209 961/1168/2208
f 942/1148/2189 943/1149/2190 963/1170/2210 962/1169/2209
f 943/1149/2190 944/1150/2191 964/1171/2211 963/1170/2210
f 944/1150/2191 945/1151/2192 965/1172/2212 964/1171/2211
f 945/1151/2192 946/1152/2193 966/1173/2213 965/1172/2212
f 946/1152/2193 947/1153/2194 967/1174/2214 966/1173/2213
f 947/1153/2194 948/1154/2195 968/1175/2215 967/1174/2214
f 948/1154/2195 929/1155/2177 949/1176/2197 968/1175/2215
f 949/1157/2197 950/1156/2196 970/1177/2216 969/1178/2217
f 950/1156/2196 951/1158/2198 971/1179/2218 970/1177/2216
f 951/1158/2198 952/1159/2199 972/1180/2219 971/1179/2218
f 952/1159/2199 953/1160/2200 973/1181/2220 972/1180/2219
f 953/1160/2200 954/1161/2201 974/1182/2221 973/1181/2220
f 954/1161/2201 955/1162/2202 975/1183/2222 974/1182/2221
f 955/1162/2202 956/1163/2203 976/1184/2223 975/1183/2222
f 956/1163/2203 957/1164/2204 977/1185/2224 976/1184/2223
f 957/1164/2204 958/1165/2205 978/1186/2225 977/1185/2224
f 958/1165/2205 959/1166/2206 979/1187/2226 978/1186/2225
f 959/1166/2206 960/1167/2207 980/1188/2227 979/1187/2226
f 960/1167/2207 961/1168/2208 981/1189/2228 980/1188/2227
f 961/1168/2208 962/1169/2209 982/1190/2229 981/1189/2228
f 962/1169/2209 963/1170/2210 983/1191/2230 982/1190/2229
f 963/1170/2210 964/1171/2211 984/1192/2231 983/1191/2230
f 964/1171/2211 965/1172/2212 985/1193/2232 984/1192/2231
f 965/1172/2212 966/1173/2213 986/1194/2233 985/1193/2232
f 966/1173/2213 967/1174/2214 987/1195/2234 986/1194/2233
f 967/1174/2214 968/1175/2215 988/1196/2235 987/1195/2234
f 968/1175/2215 949/1176/2197 969/1197/2217 988/1196/2235
f 969/1178/2217 970/1177/2216 990/1198/2236 989/1199/2237
f 970/1177/2216 971/1179/2218 991/1200/2238 990/1198/2236
f 971/1179/2218 972/1180/2219 992/1201/2239 991/1200/2238
f 972/1180/2219 973/1181/2220 993/1202/2240 992/1201/2239
f 973/1181/2220 974/1182/2221 994/1203/2241 993/1202/2240
f 974/1182/2221 975/1183/2222 995/1204/2242 994/1203/2241
f 975/1183/2222 976/1184/2223 996/1205/2243 995/1204/2242
f 976/1184/2223 977/1185/2224 997/1206/2244 996/1205/2243
f 977/1185/2224 978/1186/2225 998/1207/2245 997/1206/2244
f 978/1186/2225 979/1187/2226 999/1208/2246 998/1207/2245
f 979/1187/2226 980/1188/2227 1000/1209/2247 999/1208/2246
f 980/1188/2227 981/1189/2228 1001/1210/2248 1000/1209/2247
f 981/1189/2228 982/1190/2229 1002/1211/2249 1001/1210/2248
f 982/1190/2229 983/1191/2230 1003/1212/2250 1002/1211/2249
f 983/1191/2230 984/1192/2231 1004/1213/2251 1003/1212/2250
f 984/1192/2231 985/1193/2232 1005/1214/2252 1004/1213/2251
f 985/1193/2232 986/1194/2233 1006/1215/2253 1005/1214/2252
f 986/1194/2233 987/1195/2234 1007/1216/2254 1006/1215/2253
f 987/1195/2234 988/1196/2235 1008/1217/2255 1007/1216/2254
f 988/1196/2235 969/1197/2217 989/1218/2237 1008/1217/2255
f 989/1199/2237 990/1198/2236 1010/1219/2256 1009/1220/2257
f 990/1198/2236 991/1200/2238 1011/1221/2258 1010/1219/2256
f 991/1200/2238 992/1201/2239 1012/1222/2259 1011/1221/2258
f 992/1201/2239 993/1202/2240 1013/1223/2260 1012/1222/2259
f 993/1202/2240 994/1203/2241 1014/1224/2261 1013/1223/2260
f 994/1203/2241 995/1204/2242 1015/1225/2262 1014/1224/2261
f 995/1204/2242 996/1205/2243 1016/1226/2263 1015/1225/2262
f 996/1205/2243 997/1206/2244 1017/1227/2264 1016/1226/2263
f 997/1206/2244 998/1207/2245 1018/1228/2265 1017/1227/2264
f 998/1207/2245 999/1208/2246 1019/1229/2266 1018/1228/2265
f 999/1208/2246 1000/1209/2247 1020/1230/2267 1019/1229/2266
f 1000/1209/2247 1001/1210/2248 1021/1231/2268 1020/1230/2267
f 1001/1210/2248 1002/1211/2249 1022/1232/2269 1021/1231/2268
f 1002/1211/2249 1003/1212/2250 1023/1233/2270 1022/1232/2269
f 1003/1212/2250 1004/1213/2251 1024/1234/2271 1023/1233/2270
f 1004/1213/2251 1005/1214/2252 1025/1235/2272 1024/1234/2271
f 1005/1214/2252 1006/1215/2253 1026/1236/2273 1025/1235/2272
f 1006/1215/2253 1007/1216/2254 1027/1237/2274 1026/1236/2273
f 1007/1216/2254 1008/1217/2255 1028/1238/2275 1027/1237/2274
f 1008/1217/2255 989/1218/2237 1009/1239/2257 1028/1238/2275
f 1009/1220/2257 1010/1219/2256 1030/1240/2276 1029/1241/2277
f 1010/1219/2256 1011/1221/2258 1031/1242/2278 1030/1240/2276
f 1011/1221/2258 1012/1222/2259 1032/1243/2279 1031/1242/2278
f 1012/1222/2259 1013/1223/2260 1033/1244/2280 1032/1243/2279
f 1013/1223/2260 1014/1224/2261 1034/1245/2281 1033/1244/2280
f 1014/1224/2261 1015/1225/2262 1035/1246/2282 1034/1245/2281
f 1015/1225/2262 1016/1226/2263 1036/1247/2283 1035/1246/2282
f 1016/1226/2263 1017/1227/2264 1037/1248/2284 1036/1247/2283
f 1017/1227/2264 1018/1228/2265 1038/1249/2285 1037/1248/2284
f 1018/1228/2265 1019/1229/2266 1039/1250/2286 1038/1249/2285
f 1019/1229/2266 1020/1230/2267 1040/1251/2287 1039/1250/2286
f 1020/1230/2267 1021/1231/2268 1041/1252/2288 1040/1251/2287
f 1021/1231/2268 1022/1232/2269 1042/1253/2289 1041/1252/2288
f 1022/1232/2269 1023/1233/2270 1043/1254/2290 1042/1253/2289
f 1023/1233/2270 1024/1234/2271 1044/1255/2291 1043/1254/2290
f 1024/1234/2271 1025/1235/2272 1045/1256/2292 1044/1255/2291
f 1025/1235/2272 1026/1236/2273 1046/1257/2293 1045/1256/2292
f 1026/1236/2273 1027/1237/2274 1047/1258/2294 1046/1257/2293
f 1027/1237/2274 1028/1238/2275 1048/1259/2295 1047/1258/2294
f 1028/1238/2275 1009/1239/2257 1029/1260/2277 1048/1259/2295
f 1029/1241/2277 1030/1240/2276 1050/1261/2296 1049/1262/2297
f 1030/1240/2276 1031/1242/2278 1051/1263/2298 1050/1261/2296
f 1031/1242/2278 1032/1243/2279 1052/1264/2299 1051/1263/2298
f 1032/1243/2279 1033/1244/2280 1053/1265/2300 1052/1264/2299
f 1033/1244/2280 1034/1245/2281 1054/1266/2301 1053/1265/2300
f 1034/1245/2281 1035/1246/2282 1055/1267/2302 1054/1266/2301
f 1035/1246/2282 1036/1247/2283 1056/1268/2303 1055/1267/2302
f 1036/1247/2283 1037/1248/2284 1057/1269/2304 1056/1268/2303
f 1037/1248/2284 1038/1249/2285 1058/1270/2305 1057/1269/2304
f 1038/1249/2285 1039/1250/2286 1059/1271/2306 1058/1270/2305
f 1039/1250/2286 1040/1251/2287 1060/1272/2307 1059/1271/2306
f 1040/1251/2287 1041/1252/2288 1061/1273/2308 1060/1272/2307
f 1041/1252/2288 1042/1253/2289 1062/1274/2309 1061/1273/2308
f 1042/1253/2289 1043/1254/2290 1063/1275/2310 1062/1274/2309
f 1043/1254/2290 1044/1255/2291 1064/1276/2311 1063/1275/2310
f 1044/1255/2291 1045/1256/2292 1065/1277/2312 1064/1276/2311
f 1045/1256/2292 1046/1257/2293 1066/1278/2313 1065/1277/2312
f 1046/1257/2293 1047/1258/2294 1067/1279/2314 1066/1278/2313
f 1047/1258/2294 1048/1259/2295 1068/1280/2315 1067/1279/2314
f 1048/1259/2295 1029/1260/2277 1049/1281/2297 1068/1280/2315
f 1049/1262/2297 1050/1261/2296 1070/1282/2316 1069/1283/2317
f 1050/1261/2296 1051/1263/2298 1071/1284/2318 1070/1282/2316
f 1051/1263/2298 1052/1264/2299 1072/1285/2319 1071/1284/2318
f 1052/1264/2299 1053/1265/2300 1073/1286/2320 1072/1285/2319
f 1053/1265/2300 1054/1266/2301 1074/1287/2321 1073/1286/2320
f 1054/1266/2301 1055/1267/2302 1075/1288/2322 1074/1287/2321
f 1055/1267/2302 1056/1268/2303 1076/1289/2323 1075/1288/2322
f 1056/1268/2303 1057/1269/2304 1077/1290/2324 1076/1289/2323
f 1057/1269/2304 1058/1270/2305 1078/1291/2325 1077/1290/2324
f 1058/1270/2305 1059/1271/2306 1079/1292/2326 1078/1291/2325
f 1059/1271/2306 1060/1272/2307 1080/1293/2327 1079/1292/2326
f 1060/1272/2307 1061/1273/2308 1081/1294/2328 1080/1293/2327
f 1061/1273/2308 1062/1274/2309 1082/1295/2329 1081/1294/2328
f 1062/1274/2309 1063/1275/2310 1083/1296/2330 1082/1295/2329
f 1063/1275/2310 1064/1276/2311 1084/1297/2331 1083/1296/2330
f 1064/1276/2311 1065/1277/2312 1085/1298/2332 1084/1297/2331
f 1065/1277/2312 1066/1278/2313 1086/1299/2333 1085/1298/2332
f 1066/1278/2313 1067/1279/2314 1087/1300/2334 1086/1299/2333
f 1067/1279/2314 1068/1280/2315 1088/1301/2335 1087/1300/2334
f 1068/1280/2315 1049/1281/2297 1069/1302/2317 1088/1301/2335
f 1069/1283/2317 1070/1282/2316 1090/1303/2336 1089/1304/2337
f 1070/1282/2316 1071/1284/2318 1091/1305/2338 1090/1303/2336
f 1071/1284/2318 1072/1285/2319 1092/1306/2339 1091/1305/2338
f 1072/1285/2319 1073/1286/2320 1093/1307/2340 1092/1306/2339
f 1073/1286/2320 1074/1287/2321 1094/1308/2341 1093/1307/2340
f 1074/1287/2321 1075/1288/2322 1095/1309/2342 1094/1308/2341
f 1075/1288/2322 1076/1289/2323 1096/1310/2343 1095/1309/2342
f 1076/1289/2323 1077/1290/2324 1097/1311/2344 1096/1310/2343
f 1077/1290/2324 1078/1291/2325 1098/1312/2345 1097/1311/2344
f 1078/1291/2325 1079/1292/2326 1099/1313/2346 1098/1312/2345
f 1079/1292/2326 1080/1293/2327 1100/1314/2347 1099/1313/2346
f 1080/1293/2327 1081/1294/2328 1101/1315/2348 1100/1314/2347
f 1081/1294/2328 1082/1295/2329 1102/1316/2349 1101/1315/2348
f 1082/1295/2329 1083/1296/2330 1103/1317/2350 1102/1316/2349
f 1083/1296/2330 1084/1297/2331 1104/1318/2351 1103/1317/2350
f 1084/1297/2331 1085/1298/2332 1105/1319/2352 1104/1318/2351
f 1085/1298/2332 1086/1299/2333 1106/1320/2353 1105/1319/2352
f 1086/1299/2333 1087/1300/2334 1107/1321/2354 1106/1320/2353
f 1087/1300/2334 1088/1301/2335 1108/1322/2355 1107/1321/2354
f 1088/1301/2335 1069/1302/2317 1089/1323/2337 1108/1322/2355
f 1089/1304/2337 1090/1303/2336 1110/1324/2356 1109/1325/2357
f 1090/1303/2336 1091/1305/2338 1111/1326/2358 1110/1324/2356
f 1091/1305/2338 1092/1306/2339 1112/1327/2359 1111/1326/2358
f 1092/1306/2339 1093/1307/2340 1113/1328/2360 1112/1327/2359
f 1093/1307/2340 1094/1308/2341 1114/1329/2361 1113/1328/2360
f 1094/1308/2341 1095/1309/2342 1115/1330/2362 1114/1329/2361
f 1095/1309/2342 1096/1310/2343 1116/1331/2363 1115/1330/2362
f 1096/1310/2343 1097/1311/2344 1117/1332/2364 1116/1331/2363
f 1097/1311/2344 1098/1312/2345 1118/1333/2365 1117/1332/2364
f 1098/1312/2345 1099/1313/2346 1119/1334/2366 1118/1333/2365
f 1099/1313/2346 1100/1314/2347 1120/1335/2367 1119/1334/2366
f 1100/1314/2347 1101/1315/2348 1121/1336/2368 1120/1335/2367
f 1101/1315/2348 1102/1316/2349 1122/1337/2369 1121/1336/2368
f 1102/1316/2349 1103/1317/2350 1123/1338/2370 1122/1337/2369
f 1103/1317/2350 1104/1318/2351 1124/1339/2371 1123/1338/2370
f 1104/1318/2351 1105/1319/2352 1125/1340/2372 1124/1339/2371
f 1105/1319/2352 1106/1320/2353 1126/1341/2373 1125/1340/2372
f 1106/1320/2353 1107/1321/2354 1127/1342/2374 1126/1341/2373
f 1107/1321/2354 1108/1322/2355 1128/1343/2375 1127/1342/2374
f 1108/1322/2355 1089/1323/2337 1109/1344/2357 1128/1343/2375
s 19
f 1131/926/1977 1130/925/1976 1230/1345/2376
f 1134/929/1980 1131/926/1977 1230/1346/2376
f 1136/931/1982 1134/929/1980 1230/1347/2376
f 1138/933/1984 1136/931/1982 1230/1348/2376
f 1140/935/1986 1138/933/1984 1230/1349/2376
f 1142/937/1988 1140/935/1986 1230/1350/2376
f 1144/939/1990 1142/937/1988 1230/1351/2376
f 1146/941/1992 1144/939/1990 1230/1352/2376
f 1148/943/1994 1146/941/1992 1230/1353/2376
f 1150/945/1996 1148/943/1994 1230/1354/2376
f 1152/947/1998 1150/945/1996 1230/1355/2376
f 1154/949/2000 1152/947/1998 1230/1356/2376
f 1156/951/2002 1154/949/2000 1230/1357/2376
f 1158/953/2004 1156/951/2002 1230/1358/2376
f 1160/955/2006 1158/953/2004 1230/1359/2376
f 1162/957/2008 1160/955/2006 1230/1360/2376
f 1164/959/2010 1162/957/2008 1230/1361/2376
f 1166/961/2012 1164/959/2010 1230/1362/2376
f 1168/963/2014 1166/961/2012 1230/1363/2376
f 1130/965/1976 1168/963/2014 1230/1364/2376
s 20
f 1109/1325/2357 1110/1324/2356 1129/1365/2377
f 1110/1324/2356 1111/1326/2358 1129/1366/2377
f 1111/1326/2358 1112/1327/2359 1129/1367/2377
f 1112/1327/2359 1113/1328/2360 1129/1368/2377
f 1113/1328/2360 1114/1329/2361 1129/1369/2377
f 1114/1329/2361 1115/1330/2362 1129/1370/2377
f 1115/1330/2362 1116/1331/2363 1129/1371/2377
f 1116/1331/2363 1117/1332/2364 1129/1372/2377
f 1117/1332/2364 1118/1333/2365 1129/1373/2377
f 1118/1333/2365 1119/1334/2366 1129/1374/2377
f 1119/1334/2366 1120/1335/2367 1129/1375/2377
f 1120/1335/2367 1121/1336/2368 1129/1376/2377
f 1121/1336/2368 1122/1337/2369 1129/1377/2377
f 1122/1337/2369 1123/1338/2370 1129/1378/2377
f 1123/1338/2370 1124/1339/2371 1129/1379/2377
f 1124/1339/2371 1125/1340/2372 1129/1380/2377
f 1125/1340/2372 1126/1341/2373 1129/1381/2377
f 1126/1341/2373 1127/1342/2374 1129/1382/2377
f 1127/1342/2374 1128/1343/2375 1129/1383/2377
f 1128/1343/2375 1109/1344/2357 1129/1384/2377
s off
f 830/1031/2378 829/1030/2379 1211/1010/2380 1210/1009/2381
f 831/1034/2382 830/1031/2383 1210/1009/2384 1212/1011/2385
f 832/1036/2386 831/1034/2387 1212/1011/2388 1213/1012/2389
f 833/1038/2390 832/1036/2391 1213/1012/2392 1214/1013/2393
f 834/1040/2394 833/1038/2395 1214/1013/2396 1215/1014/2397
f 835/1042/2398 834/1040/2399 1215/1014/2400 1216/1015/2401
f 836/1044/2402 835/1042/2403 1216/1015/2404 1217/1016/2405
f 837/1046/2406 836/1044/2407 1217/1016/2408 1218/1017/2409
f 838/1048/2410 837/1046/2411 1218/1017/2412 1219/1018/2413
f 839/1050/2414 838/1048/2415 1219/1018/2416 1220/1019/2417
f 840/1052/2418 839/1050/2419 1220/1019/2420 1221/1020/2421
f 841/1054/2422 840/1052/2423 1221/1020/2424 1222/1021/2425
f 842/1056/2426 841/1054/2427 1222/1021/2428 1223/1022/2429
f 843/1058/2430 842/1056/2431 1223/1022/2432 1224/1023/2433
f 844/1060/2434 843/1058/2435 1224/1023/2436 1225/1024/2437
f 845/1062/2438 844/1060/2439 1225/1024/2440 1226/1025/2441
f 846/1064/2442 845/1062/2443 1226/1025/2444 1227/1026/2445
f 847/1066/2446 846/1064/2447 1227/1026/2448 1228/1027/2449
f 848/1068/2450 847/1066/2451 1228/1027/2452 1229/1028/2453
f 829/1070/2454 848/1068/2455 1229/1028/2456 1211/1029/2457
