# This file uses centimeters as units for non-parametric coordinates.

mtllib Dresser.mtl
g default
v -92.508934 7.850070 131.218994
v 92.508934 7.850070 131.218994
v -93.990967 93.767223 131.635391
v 93.990967 93.767223 131.635391
v -93.990967 93.767223 38.293648
v 93.990967 93.767223 38.293648
v -92.508934 7.850070 38.710052
v 92.508934 7.850070 38.710052
v -93.990959 93.767216 126.875122
v -92.508934 7.850070 126.501228
v 92.508934 7.850070 126.501228
v 93.990959 93.767216 126.875122
v -92.508942 7.850070 43.110851
v -93.990967 93.767223 42.734058
v 93.990967 93.767223 42.734058
v 92.508942 7.850070 43.110851
v -87.689369 7.850070 131.218994
v -89.094193 93.767223 131.635391
v -89.094193 93.767223 38.293648
v -87.689369 7.850070 38.710052
v -87.689407 7.850070 43.110855
v -87.689369 7.850070 126.501228
v 89.386551 93.767223 131.635391
v 87.977127 7.850070 131.218994
v 87.977127 7.850070 126.501228
v 87.977119 7.850070 43.110851
v 87.977127 7.850070 38.710052
v 89.386551 93.767223 38.293648
v -91.924950 -4.403343 127.072876
v -88.273354 -4.403343 127.072876
v -88.273354 -4.403343 130.647339
v -91.924950 -4.403343 130.647339
v -92.001183 -4.403343 39.173691
v -88.197128 -4.403343 39.173691
v -88.197151 -4.403343 42.647217
v -92.001183 -4.403343 42.647213
v 88.686600 -4.403343 42.421883
v 88.686600 -4.403343 39.399021
v 91.799461 -4.403343 39.399021
v 91.799461 -4.403343 42.421883
v 88.428802 -4.403343 130.748795
v 88.428802 -4.403343 126.971436
v 92.057259 -4.403343 126.971436
v 92.057259 -4.403343 130.748795
v -97.220123 96.303600 135.207504
v -92.155113 96.303600 135.207504
v -92.155136 96.303585 130.082886
v -97.220116 96.303593 130.082886
v -97.220123 96.303600 39.501820
v -92.155113 96.303593 39.501823
v -92.155113 96.303600 34.721546
v -97.220123 96.303600 34.721546
v 92.457504 96.303585 130.082886
v 92.457527 96.303600 135.207504
v 97.220123 96.303600 135.207504
v 97.220116 96.303593 130.082886
v 92.457527 96.303593 39.501820
v 97.220123 96.303600 39.501820
v 92.457527 96.303600 34.721546
v 97.220123 96.303600 34.721546
v -96.781265 93.767223 134.741394
v -91.739113 93.767223 134.741394
v -96.781250 93.767216 129.664322
v -96.781265 93.767223 35.187664
v -91.739113 93.767223 35.187664
v -96.781265 93.767223 39.923588
v 92.040161 93.767223 134.741394
v 96.781265 93.767223 134.741394
v 96.781250 93.767216 129.664322
v 96.781265 93.767223 39.923588
v 96.781265 93.767223 35.187664
v 92.040161 93.767223 35.187664
v -92.508934 89.668552 131.218994
v -92.508926 89.668575 126.501198
v -92.508934 89.668552 43.110847
v -92.508934 89.668583 38.710056
v -87.689377 89.668583 38.710056
v 87.977127 89.668552 38.710052
v 92.508934 89.668583 38.710056
v 92.508934 89.668583 43.110851
v 92.508926 89.668545 126.501190
v 92.508934 89.668552 131.218994
v 87.977127 89.668583 131.218994
v -87.689369 89.668552 131.218994
v -92.508942 11.889416 131.218994
v -92.508934 11.889449 126.501228
v -92.508949 11.889417 43.110851
v -92.508942 11.889450 38.710052
v -87.689369 11.889450 38.710052
v 87.977135 11.889416 38.710052
v 92.508942 11.889450 38.710052
v 92.508942 11.889450 43.110851
v 92.508942 11.889416 126.501236
v 92.508942 11.889416 131.218994
v 87.977127 11.889450 131.218994
v -87.689369 11.889416 131.218994
v -1.373009 7.850070 131.218994
v -1.372997 11.889433 131.218994
v -1.372997 89.668568 131.218994
v -1.395005 93.767223 131.635391
v -1.436415 93.767223 134.741409
v -1.442928 96.303600 135.207520
v -1.442944 96.303585 130.082886
v -1.442928 96.303600 39.501823
v -1.442928 96.303600 34.721546
v -1.436415 93.767223 35.187664
v -1.395005 93.767223 38.293648
v -1.373013 89.668575 38.710056
v -1.373005 11.889433 38.710052
v -1.373009 7.850070 38.710052
v -1.373024 7.850070 43.110855
v -1.373009 7.850070 126.501236
v -0.009718 7.850070 43.110855
v -0.009678 7.850070 38.710052
v -0.009674 11.889432 38.710052
v -0.009681 89.668575 38.710056
v -0.009833 93.767223 38.293648
v -0.010121 93.767223 35.187664
v -0.010167 96.303600 34.721546
v -0.010167 96.303600 39.501823
v -0.010209 96.303585 130.082886
v -0.010167 96.303600 135.207520
v -0.010121 93.767223 134.741409
v -0.009833 93.767223 131.635391
v -0.009692 89.668568 131.218994
v -0.009692 11.889434 131.218994
v -0.009678 7.850070 131.218994
v -0.009678 7.850070 126.501228
v -92.508934 51.535339 126.501213
v -92.508942 51.535313 131.218994
v -87.689369 51.535313 131.218994
v -1.372997 51.535328 131.218994
v -0.009692 51.535328 131.218994
v 87.977127 51.535343 131.218994
v 92.508942 51.535313 131.218994
v 92.508934 51.535309 126.501213
v 92.508942 51.535343 43.110851
v 92.508942 51.535343 38.710052
v 87.977127 51.535313 38.710052
v -0.009678 51.535332 38.710052
v -1.373009 51.535332 38.710052
v -87.689377 51.535343 38.710052
v -92.508942 51.535343 38.710052
v -92.508942 51.535313 43.110847
v -92.508942 50.333126 131.218994
v -92.508934 50.333153 126.501213
v -92.508942 50.333126 43.110847
v -92.508942 50.333157 38.710056
v -87.689377 50.333157 38.710056
v -1.373009 50.333145 38.710056
v -0.009678 50.333145 38.710052
v 87.977127 50.333126 38.710052
v 92.508942 50.333157 38.710056
v 92.508942 50.333157 43.110851
v 92.508934 50.333122 126.501213
v 92.508942 50.333126 131.218994
v 87.977135 50.333157 131.218994
v -0.009692 50.333141 131.218994
v -1.372997 50.333141 131.218994
v -87.689369 50.333126 131.218994
v -1.373013 89.668575 36.587723
v -1.373009 51.535332 36.587719
v -87.689377 51.535343 36.587719
v -87.689377 89.668583 36.587723
v 87.977127 51.535313 36.587719
v -0.009678 51.535332 36.587719
v -0.009681 89.668575 36.587723
v 87.977127 89.668552 36.587719
v -0.009674 11.889432 36.587719
v 87.977135 11.889416 36.587719
v -0.009678 50.333145 36.587719
v 87.977127 50.333126 36.587719
v -87.689377 50.333157 36.587723
v -1.373009 50.333145 36.587723
v -1.373005 11.889433 36.587719
v -87.689369 11.889450 36.587719
v 84.092712 55.027401 36.587719
v 3.874738 55.027412 36.587719
v 3.874734 86.176487 36.587723
v 84.092712 86.176472 36.587719
v -5.615972 86.074146 36.587723
v -5.615968 55.129765 36.587719
v -83.446419 55.129776 36.587719
v -83.446419 86.074146 36.587723
v 3.854474 16.220093 36.587719
v 84.112984 16.220081 36.587719
v 3.854470 46.541904 36.587719
v 84.112984 46.541889 36.587719
v -83.475479 46.388195 36.587723
v -5.586906 46.388187 36.587723
v -5.586902 16.373817 36.587719
v -83.475471 16.373833 36.587719
v -5.615972 86.074146 35.511604
v -5.615968 55.129765 35.511600
v -83.446419 55.129776 35.511600
v -83.446419 86.074146 35.511604
v 84.092712 55.027401 35.511600
v 3.874738 55.027412 35.511600
v 3.874734 86.176487 35.511604
v 84.092712 86.176472 35.511600
v 3.854474 16.220093 35.511600
v 84.112984 16.220081 35.511600
v 3.854470 46.541904 35.511600
v 84.112984 46.541889 35.511600
v -83.475479 46.388195 35.511604
v -5.586906 46.388187 35.511604
v -5.586902 16.373817 35.511600
v -83.475471 16.373833 35.511600
v -93.097412 91.717907 38.595779
v -93.097412 91.717892 43.007446
v -93.097404 91.717892 126.603806
v -93.097412 91.717892 131.333267
v -88.247185 91.717892 131.333267
v -1.381737 91.717892 131.333267
v -0.009746 91.717892 131.333267
v 88.536774 91.717907 131.333267
v 93.097412 91.717892 131.333267
v 93.097404 91.717876 126.603806
v 93.097412 91.717907 43.007446
v 93.097412 91.717907 38.595779
v 88.536774 91.717892 38.595779
v -0.009741 91.717899 38.595779
v -1.381745 91.717899 38.595779
v -88.247192 91.717907 38.595779
v -90.995323 89.668575 126.501198
v -90.995331 89.668552 43.110847
v -90.995338 51.535313 43.110847
v -90.995331 51.535339 126.501213
v -90.995331 50.333153 126.501213
v -90.995338 50.333126 43.110847
v -90.995346 11.889417 43.110851
v -90.995331 11.889449 126.501228
v 90.995331 89.668583 43.110851
v 90.995323 89.668545 126.501190
v 90.995331 51.535309 126.501213
v 90.995331 51.535343 43.110851
v 90.995331 50.333157 43.110851
v 90.995331 50.333122 126.501213
v 90.995331 11.889416 126.501236
v 90.995331 11.889450 43.110851
vt 0.375000 0.000000
vt 0.625000 0.000000
vt 0.375000 0.250000
vt 0.625000 0.250000
vt 0.375000 0.500000
vt 0.625000 0.500000
vt 0.375000 0.750000
vt 0.625000 0.750000
vt 0.375000 1.000000
vt 0.625000 1.000000
vt 0.875000 0.000000
vt 0.875000 0.250000
vt 0.125000 0.000000
vt 0.125000 0.250000
vt 0.362250 0.250000
vt 0.375000 0.262750
vt 0.362251 0.000000
vt 0.375000 0.987251
vt 0.625000 0.987251
vt 0.637750 0.000000
vt 0.625000 0.262750
vt 0.637750 0.250000
vt 0.136893 0.000000
vt 0.375000 0.761893
vt 0.136893 0.250000
vt 0.375000 0.488107
vt 0.625000 0.488107
vt 0.863107 0.250000
vt 0.625000 0.761893
vt 0.863107 0.000000
vt 0.381512 0.000000
vt 0.381512 1.000000
vt 0.381512 0.250000
vt 0.381512 0.262750
vt 0.381512 0.488107
vt 0.381512 0.500000
vt 0.381512 0.750000
vt 0.381512 0.761893
vt 0.381512 0.987251
vt 0.618876 0.262750
vt 0.618877 0.250000
vt 0.618877 0.000000
vt 0.618877 1.000000
vt 0.618877 0.987251
vt 0.618876 0.761893
vt 0.618877 0.750000
vt 0.618877 0.500000
vt 0.618877 0.488107
vt 0.375000 0.987251
vt 0.381512 0.987251
vt 0.381512 1.000000
vt 0.375000 1.000000
vt 0.375000 0.750000
vt 0.381512 0.750000
vt 0.381512 0.761893
vt 0.375000 0.761893
vt 0.618876 0.761893
vt 0.618877 0.750000
vt 0.625000 0.750000
vt 0.625000 0.761893
vt 0.618877 1.000000
vt 0.618877 0.987251
vt 0.625000 0.987251
vt 0.625000 1.000000
vt 0.375000 0.250000
vt 0.381512 0.250000
vt 0.375000 0.262750
vt 0.381512 0.500000
vt 0.375000 0.500000
vt 0.375000 0.488107
vt 0.618877 0.250000
vt 0.625000 0.250000
vt 0.625000 0.262750
vt 0.625000 0.488107
vt 0.625000 0.500000
vt 0.618877 0.500000
vt 0.375000 0.250000
vt 0.381512 0.250000
vt 0.375000 0.262750
vt 0.381512 0.500000
vt 0.375000 0.500000
vt 0.375000 0.488107
vt 0.618877 0.250000
vt 0.625000 0.250000
vt 0.625000 0.262750
vt 0.625000 0.488107
vt 0.625000 0.500000
vt 0.618877 0.500000
vt 0.375000 0.238074
vt 0.362250 0.238074
vt 0.136893 0.238074
vt 0.125000 0.238074
vt 0.375000 0.511926
vt 0.381512 0.511926
vt 0.618877 0.511926
vt 0.625000 0.511926
vt 0.875000 0.238074
vt 0.863107 0.238074
vt 0.637750 0.238074
vt 0.625000 0.238074
vt 0.618877 0.238074
vt 0.381512 0.238074
vt 0.375000 0.011754
vt 0.362251 0.011754
vt 0.136893 0.011754
vt 0.125000 0.011754
vt 0.375000 0.738246
vt 0.381512 0.738246
vt 0.618877 0.738246
vt 0.625000 0.738246
vt 0.875000 0.011754
vt 0.863107 0.011754
vt 0.637750 0.011754
vt 0.625000 0.011754
vt 0.618877 0.011754
vt 0.381512 0.011754
vt 0.498145 0.000000
vt 0.498145 1.000000
vt 0.498145 0.011754
vt 0.498145 0.238074
vt 0.498145 0.250000
vt 0.498145 0.250000
vt 0.498145 0.250000
vt 0.498145 0.262750
vt 0.498145 0.488107
vt 0.498145 0.500000
vt 0.498145 0.500000
vt 0.498145 0.500000
vt 0.498145 0.511926
vt 0.498145 0.738246
vt 0.498145 0.750000
vt 0.498145 0.761893
vt 0.498145 0.987251
vt 0.499987 0.761893
vt 0.499987 0.750000
vt 0.499987 0.738246
vt 0.499987 0.511926
vt 0.499987 0.500000
vt 0.499987 0.500000
vt 0.499987 0.500000
vt 0.499987 0.488107
vt 0.499987 0.262750
vt 0.499987 0.250000
vt 0.499987 0.250000
vt 0.499987 0.250000
vt 0.499987 0.238074
vt 0.499987 0.011754
vt 0.499987 0.000000
vt 0.499987 1.000000
vt 0.499987 0.987251
vt 0.362250 0.127115
vt 0.375000 0.127114
vt 0.381512 0.127114
vt 0.498145 0.127114
vt 0.499987 0.127114
vt 0.618877 0.127115
vt 0.625000 0.127114
vt 0.637750 0.127114
vt 0.863107 0.127115
vt 0.625000 0.622886
vt 0.875000 0.127115
vt 0.618877 0.622886
vt 0.499987 0.622886
vt 0.498145 0.622886
vt 0.381512 0.622886
vt 0.125000 0.127115
vt 0.375000 0.622886
vt 0.136893 0.127114
vt 0.375000 0.125186
vt 0.362250 0.125186
vt 0.136893 0.125186
vt 0.125000 0.125186
vt 0.375000 0.624814
vt 0.381512 0.624814
vt 0.498145 0.624814
vt 0.499987 0.624814
vt 0.618877 0.624814
vt 0.625000 0.624814
vt 0.875000 0.125186
vt 0.863107 0.125186
vt 0.637750 0.125186
vt 0.625000 0.125186
vt 0.618877 0.125186
vt 0.499987 0.125186
vt 0.498145 0.125186
vt 0.381512 0.125186
vt 0.498145 0.511926
vt 0.498145 0.622886
vt 0.381512 0.622886
vt 0.381512 0.511926
vt 0.618877 0.622886
vt 0.499987 0.622886
vt 0.499987 0.511926
vt 0.618877 0.511926
vt 0.618877 0.738246
vt 0.499987 0.738246
vt 0.499987 0.624814
vt 0.618877 0.624814
vt 0.381512 0.624814
vt 0.498145 0.624814
vt 0.498145 0.738246
vt 0.381512 0.738246
vt 0.618877 0.622886
vt 0.499987 0.622886
vt 0.499987 0.511926
vt 0.618877 0.511926
vt 0.498145 0.511926
vt 0.498145 0.622886
vt 0.381512 0.622886
vt 0.381512 0.511926
vt 0.618877 0.738246
vt 0.499987 0.738246
vt 0.499987 0.624814
vt 0.618877 0.624814
vt 0.381512 0.624814
vt 0.498145 0.624814
vt 0.498145 0.738246
vt 0.381512 0.738246
vt 0.498145 0.511926
vt 0.498145 0.622886
vt 0.381512 0.622886
vt 0.381512 0.511926
vt 0.618877 0.622886
vt 0.499987 0.622886
vt 0.499987 0.511926
vt 0.618877 0.511926
vt 0.618877 0.738246
vt 0.499987 0.738246
vt 0.499987 0.624814
vt 0.618877 0.624814
vt 0.381512 0.624814
vt 0.498145 0.624814
vt 0.498145 0.738246
vt 0.381512 0.738246
vt 0.125000 0.244037
vt 0.375000 0.505963
vt 0.136893 0.244037
vt 0.362250 0.244037
vt 0.375000 0.244037
vt 0.381512 0.244037
vt 0.498145 0.244037
vt 0.499987 0.244037
vt 0.618877 0.244037
vt 0.625000 0.244037
vt 0.637750 0.244037
vt 0.863107 0.244037
vt 0.625000 0.505963
vt 0.875000 0.244037
vt 0.618877 0.505963
vt 0.499987 0.505963
vt 0.498145 0.505963
vt 0.381512 0.505963
vt 0.362250 0.238074
vt 0.136893 0.238074
vt 0.136893 0.127114
vt 0.362250 0.127115
vt 0.863107 0.238074
vt 0.637750 0.238074
vt 0.637750 0.127114
vt 0.863107 0.127115
vt 0.637750 0.125186
vt 0.637750 0.011754
vt 0.863107 0.011754
vt 0.863107 0.125186
vt 0.136893 0.125186
vt 0.136893 0.011754
vt 0.362251 0.011754
vt 0.362250 0.125186
vn 0.000000 0.000000 1.000000
vn 0.000000 0.000000 1.000000
vn -0.000000 0.000000 1.000000
vn 0.000000 0.000000 1.000000
vn 0.000001 1.000000 -0.000002
vn 0.000000 1.000000 -0.000004
vn 0.000000 1.000000 0.000000
vn 0.000001 1.000000 -0.000000
vn 0.000000 0.000000 -1.000000
vn 0.000000 0.000000 -1.000000
vn 0.000000 0.000000 -1.000000
vn 0.000000 0.000000 -1.000000
vn 0.000000 -1.000000 0.000000
vn 0.000000 -1.000000 0.000000
vn 0.000000 -1.000000 0.000000
vn 0.000000 -1.000000 0.000000
vn 1.000000 -0.000002 0.000000
vn 1.000000 0.000001 0.000000
vn 1.000000 0.000001 -0.000000
vn 1.000000 -0.000000 -0.000001
vn -1.000000 -0.000000 -0.000002
vn -1.000000 -0.000000 -0.000000
vn -1.000000 -0.000000 0.000000
vn -1.000000 -0.000002 -0.000001
vn -1.000000 0.000000 -0.000002
vn -1.000000 0.000000 0.000000
vn -1.000000 0.000000 -0.000000
vn -1.000000 0.000000 -0.000001
vn 0.000000 -1.000000 0.000000
vn 0.000000 -1.000000 0.000000
vn 0.000000 -1.000000 0.000000
vn 0.000000 -1.000000 0.000000
vn 1.000000 0.000000 -0.000000
vn 1.000000 0.000001 -0.000000
vn 1.000000 0.000001 -0.000000
vn 1.000000 0.000000 -0.000001
vn 0.000001 1.000000 0.000000
vn 0.000000 1.000000 0.000000
vn 0.000000 1.000000 0.000000
vn 0.000001 1.000000 0.000000
vn 0.000000 -1.000000 -0.000000
vn 0.000000 -1.000000 -0.000000
vn 0.000000 -1.000000 -0.000000
vn 0.000000 -1.000000 -0.000000
vn 0.000000 0.000000 1.000000
vn 0.000000 0.000000 1.000000
vn 0.000000 0.000000 1.000000
vn 0.000000 0.000000 1.000000
vn -0.000000 1.000000 -0.000000
vn -0.000000 1.000000 -0.000004
vn -0.000001 1.000000 -0.000004
vn -0.000002 1.000000 -0.000000
vn -0.000000 1.000000 0.000000
vn -0.000002 1.000000 0.000000
vn 0.000000 1.000000 0.000000
vn -0.000001 1.000000 0.000000
vn 0.000000 0.000000 -1.000000
vn -0.000000 0.000000 -1.000000
vn -0.000001 0.000000 -1.000000
vn 0.000000 0.000000 -1.000000
vn 0.000000 -1.000000 0.000000
vn 0.000000 -1.000000 0.000000
vn 0.000000 -1.000000 0.000000
vn 0.000000 -1.000000 0.000000
vn -0.000000 -1.000000 -0.000000
vn -0.000000 -1.000000 -0.000000
vn 0.000000 -1.000000 -0.000000
vn 0.000000 -1.000000 -0.000000
vn 0.000000 -1.000000 0.000000
vn 0.000000 -1.000000 0.000000
vn 0.000000 -1.000000 0.000000
vn 0.000000 -1.000000 0.000000
vn 0.000000 1.000000 -0.000004
vn -0.000000 1.000000 -0.000000
vn 0.000000 0.000000 1.000000
vn 0.000000 0.000000 1.000000
vn 0.000000 -1.000000 0.000000
vn 0.000000 -1.000000 -0.000000
vn 0.000000 -1.000000 0.000000
vn 0.000000 -1.000000 0.000000
vn 0.000000 -1.000000 0.000000
vn 0.000000 -1.000000 0.000000
vn 0.000000 0.000000 -1.000000
vn 0.000000 0.000000 -1.000000
vn -0.000000 1.000000 0.000000
vn -0.000000 1.000000 0.000000
vn 0.000000 -0.046601 -0.998914
vn 0.000000 -0.046601 -0.998914
vn 0.000000 -0.046601 -0.998914
vn 0.000000 -0.046601 -0.998914
vn 0.998866 -0.047605 0.000000
vn 0.998866 -0.047605 0.000000
vn 0.998866 -0.047605 0.000000
vn 0.998866 -0.047605 0.000000
vn 0.000000 -0.046602 0.998914
vn 0.000000 -0.046602 0.998914
vn 0.000000 -0.046602 0.998914
vn 0.000000 -0.046602 0.998914
vn -0.998866 -0.047604 0.000000
vn -0.998866 -0.047604 0.000000
vn -0.998866 -0.047604 0.000000
vn -0.998866 -0.047604 0.000000
vn 0.000000 -0.037810 -0.999285
vn 0.000000 -0.037810 -0.999285
vn 0.000000 -0.037810 -0.999285
vn 0.000000 -0.037810 -0.999285
vn 0.999143 -0.041402 0.000008
vn 0.999143 -0.041402 0.000008
vn 0.999143 -0.041402 0.000008
vn 0.999143 -0.041402 0.000008
vn -0.000001 -0.037810 0.999285
vn -0.000001 -0.037810 0.999285
vn -0.000001 -0.037810 0.999285
vn -0.000001 -0.037810 0.999285
vn -0.999143 -0.041403 -0.000001
vn -0.999143 -0.041403 -0.000001
vn -0.999142 -0.041403 -0.000001
vn -0.999143 -0.041403 -0.000001
vn -0.998328 -0.057803 -0.000001
vn -0.998328 -0.057803 -0.000001
vn -0.998328 -0.057803 -0.000001
vn -0.998328 -0.057803 -0.000001
vn 0.000000 -0.056138 -0.998423
vn 0.000000 -0.056138 -0.998423
vn 0.000000 -0.056138 -0.998423
vn 0.000000 -0.056138 -0.998423
vn 0.998328 -0.057804 -0.000001
vn 0.998328 -0.057804 -0.000001
vn 0.998328 -0.057804 -0.000001
vn 0.998328 -0.057804 -0.000001
vn 0.000000 -0.056138 0.998423
vn 0.000000 -0.056138 0.998423
vn 0.000000 -0.056138 0.998423
vn 0.000000 -0.056138 0.998423
vn -0.999321 -0.036836 0.000000
vn -0.999321 -0.036836 0.000000
vn -0.999321 -0.036836 0.000000
vn -0.999321 -0.036836 0.000000
vn 0.000000 -0.038345 -0.999265
vn 0.000000 -0.038345 -0.999265
vn 0.000000 -0.038345 -0.999265
vn 0.000000 -0.038345 -0.999265
vn 0.999321 -0.036836 0.000000
vn 0.999321 -0.036836 0.000000
vn 0.999321 -0.036836 0.000000
vn 0.999321 -0.036836 0.000000
vn 0.000000 -0.038345 0.999265
vn 0.000000 -0.038345 0.999265
vn 0.000000 -0.038345 0.999265
vn 0.000000 -0.038345 0.999265
vn 0.000000 -0.180744 0.983530
vn 0.000000 -0.180743 0.983530
vn 0.000000 -0.180743 0.983530
vn 0.000000 -0.180744 0.983530
vn -0.985358 -0.170496 0.000000
vn -0.985359 -0.170494 -0.000002
vn -0.985359 -0.170494 -0.000002
vn -0.985358 -0.170496 -0.000000
vn 0.000000 -0.180745 -0.983530
vn 0.000000 -0.180747 -0.983530
vn 0.000000 -0.180747 -0.983530
vn 0.000000 -0.180745 -0.983530
vn -0.985359 -0.170492 0.000000
vn -0.985358 -0.170496 0.000000
vn -0.985358 -0.170496 0.000000
vn -0.985359 -0.170492 0.000000
vn 0.000000 -0.180743 0.983530
vn 0.000000 -0.180744 0.983530
vn 0.000000 -0.180744 0.983530
vn 0.000000 -0.180743 0.983530
vn 0.985359 -0.170494 -0.000002
vn 0.985359 -0.170493 0.000000
vn 0.985359 -0.170493 -0.000000
vn 0.985359 -0.170494 -0.000002
vn 0.985359 -0.170493 0.000000
vn 0.985359 -0.170493 0.000000
vn 0.985359 -0.170493 0.000000
vn 0.985359 -0.170493 0.000000
vn 0.000000 -0.180746 -0.983530
vn 0.000000 -0.180746 -0.983530
vn 0.000000 -0.180746 -0.983530
vn 0.000000 -0.180746 -0.983530
vn 0.000000 -0.180743 0.983531
vn 0.000000 -0.180743 0.983530
vn 0.000000 -0.180745 -0.983530
vn 0.000000 -0.180745 -0.983530
vn 0.000000 -1.000000 0.000000
vn 0.000000 -1.000000 0.000000
vn 0.000000 -1.000000 0.000000
vn 0.000000 -1.000000 0.000000
vn 0.000002 -1.000000 0.000002
vn 0.000002 -1.000000 0.000002
vn 0.000002 -1.000000 0.000002
vn 0.000002 -1.000000 0.000002
vn 0.000000 -1.000000 -0.000002
vn 0.000000 -1.000000 -0.000002
vn 0.000000 -1.000000 -0.000002
vn 0.000000 -1.000000 -0.000002
vn 0.000000 -1.000000 0.000000
vn 0.000000 -1.000000 0.000000
vn 0.000000 -1.000000 0.000000
vn 0.000000 -1.000000 0.000000
vn 0.000000 -1.000000 -0.000000
vn 0.000000 -1.000000 -0.000000
vn 0.000000 -1.000000 -0.000000
vn 0.000000 -1.000000 -0.000000
vn 0.000000 -1.000000 -0.000002
vn 0.000000 -1.000000 -0.000002
vn 0.000000 -1.000000 -0.000002
vn 0.000000 -1.000000 -0.000002
vn -0.000002 -1.000000 0.000002
vn -0.000002 -1.000000 0.000002
vn -0.000002 -1.000000 0.000002
vn -0.000002 -1.000000 0.000002
vn -0.000000 -1.000000 -0.000000
vn -0.000000 -1.000000 -0.000000
vn -0.000000 -1.000000 -0.000000
vn -0.000000 -1.000000 -0.000000
vn 0.000000 -1.000000 0.000000
vn 0.000000 -1.000000 0.000000
vn 0.000000 -1.000000 0.000000
vn 0.000000 -1.000000 0.000000
vn 0.000000 -1.000000 0.000000
vn 0.000000 -1.000000 0.000000
vn 0.000000 -1.000000 0.000000
vn 0.000000 -1.000000 0.000000
vn 0.000000 -1.000000 -0.000003
vn 0.000000 -1.000000 -0.000003
vn 0.000000 -1.000000 -0.000003
vn 0.000000 -1.000000 -0.000003
vn 0.000000 -1.000000 0.000003
vn 0.000000 -1.000000 0.000003
vn 0.000000 -1.000000 0.000004
vn 0.000000 -1.000000 0.000004
vn -0.916652 -0.399687 -0.000000
vn -0.939246 -0.343245 -0.000000
vn -0.938980 -0.343973 -0.000001
vn -0.916653 -0.399684 -0.000001
vn -0.916652 -0.399687 0.000000
vn -0.939229 -0.343290 0.000000
vn -0.938980 -0.343972 -0.000001
vn -0.916654 -0.399683 0.000000
vn 0.000000 -0.145854 -0.989306
vn -0.000000 -0.145854 -0.989306
vn -0.000000 -0.105496 -0.994420
vn 0.000000 -0.106236 -0.994341
vn -0.000000 -0.145854 -0.989306
vn -0.000000 -0.101181 -0.994868
vn 0.000000 -0.106235 -0.994341
vn 0.000000 -0.105545 -0.994415
vn 0.000000 -0.145852 -0.989306
vn 0.000000 -0.145853 -0.989306
vn 0.916652 -0.399687 0.000000
vn 0.939229 -0.343291 0.000000
vn 0.938980 -0.343972 0.000000
vn 0.916653 -0.399683 0.000000
vn 0.916652 -0.399687 -0.000000
vn 0.939246 -0.343245 -0.000000
vn 0.938979 -0.343974 -0.000001
vn 0.916653 -0.399684 -0.000001
vn 0.000000 -0.145849 0.989307
vn -0.000000 -0.105543 0.994415
vn 0.000000 -0.106232 0.994341
vn 0.000003 -0.145849 0.989307
vn 0.000000 -0.145849 0.989307
vn 0.000000 -0.105493 0.994420
vn 0.000000 -0.101178 0.994868
vn 0.000000 -0.145849 0.989307
vn 0.000000 -0.106232 0.994341
vn 0.000000 -0.145850 0.989307
vn -0.999885 -0.015148 -0.000002
vn -0.989520 -0.144394 -0.000001
vn -1.000000 0.000000 -0.000002
vn -1.000000 0.000000 -0.000002
vn -1.000000 0.000000 0.000000
vn -1.000000 0.000000 0.000000
vn -1.000000 0.000000 0.000000
vn -1.000000 0.000000 0.000000
vn -1.000000 0.000000 0.000000
vn -1.000000 0.000000 0.000000
vn -0.988837 -0.149000 0.000000
vn -0.999885 -0.015148 -0.000000
vn 0.000000 -0.003097 -0.999995
vn 0.000000 -0.029169 -0.999574
vn 0.000000 -0.000001 -1.000000
vn 0.000000 0.000000 -1.000000
vn 0.000000 0.000000 -1.000000
vn 0.000000 0.000000 -1.000000
vn 0.000000 0.000000 -1.000000
vn 0.000000 0.000000 -1.000000
vn 0.000000 0.000000 -1.000000
vn 0.000000 -0.000000 -1.000000
vn 0.000000 -0.030243 -0.999543
vn 0.000000 -0.003097 -0.999995
vn 0.999885 -0.015148 0.000000
vn 0.988837 -0.149001 -0.000000
vn 1.000000 0.000000 0.000000
vn 1.000000 0.000000 0.000000
vn 1.000000 0.000000 0.000000
vn 1.000000 0.000000 0.000000
vn 1.000000 0.000000 0.000000
vn 1.000000 0.000000 0.000000
vn 1.000000 0.000000 -0.000002
vn 1.000000 0.000000 -0.000002
vn 0.989520 -0.144394 -0.000001
vn 0.999885 -0.015148 -0.000002
vn -0.000000 -0.003097 0.999995
vn -0.000000 -0.003062 0.999995
vn 0.000000 0.000000 1.000000
vn 0.000000 0.000000 1.000000
vn 0.000000 0.000000 1.000000
vn 0.000000 0.000000 1.000000
vn 0.000000 -0.002849 0.999996
vn 0.000000 -0.003060 0.999995
vn 0.000000 0.000000 1.000000
vn 0.000000 -0.003097 0.999995
vn 0.000000 0.000000 1.000000
vn 0.000000 0.000000 1.000000
vn 0.000000 -0.002852 0.999996
vn 0.000000 0.000000 1.000000
vn -0.000000 -0.145849 0.989307
vn -0.000000 -0.101253 0.994861
vn 0.000000 -1.000000 0.000000
vn 0.000000 -1.000000 0.000000
vn 0.000000 -1.000000 0.000000
vn 0.000000 -1.000000 0.000000
vn 0.000000 -0.180743 0.983530
vn 0.000000 -0.180743 0.983530
vn 0.000000 1.000000 0.000000
vn 0.000000 1.000000 -0.000004
vn 0.000000 1.000000 0.000000
vn 0.000000 1.000000 0.000000
vn 0.000000 -0.180746 -0.983530
vn 0.000000 -0.180746 -0.983530
vn 0.000000 -1.000000 0.000000
vn 0.000000 -1.000000 0.000000
vn 0.000000 -1.000000 0.000000
vn 0.000000 -1.000000 0.000000
vn 0.000000 -0.101255 -0.994861
vn 0.000000 -0.145852 -0.989306
vn -0.000000 0.000000 -1.000000
vn -0.000000 0.000000 -1.000000
vn -0.000000 0.000000 -1.000000
vn -0.000000 0.000000 -1.000000
vn -0.000000 0.000000 -1.000000
vn 0.000000 0.000000 -1.000000
vn -0.000000 -1.000000 -0.000000
vn 0.000000 -1.000000 0.000000
vn 0.000000 -1.000000 0.000000
vn -0.000000 -1.000000 -0.000000
vn 0.000000 -1.000000 0.000000
vn 0.000000 -1.000000 0.000000
vn 0.000000 -0.043421 -0.999057
vn 0.000000 0.000000 -1.000000
vn 0.000000 -0.000002 -1.000000
vn 0.000000 -0.043227 -0.999065
vn -1.000000 0.000000 -0.000002
vn -1.000000 0.000000 -0.000002
vn -0.000000 0.000000 1.000000
vn 0.000000 0.000000 1.000000
vn 0.000000 0.000000 1.000000
vn 0.000000 0.000000 1.000000
vn 0.000000 0.000000 1.000000
vn 0.000000 0.000000 1.000000
vn 1.000000 0.000000 -0.000001
vn 1.000000 0.000000 -0.000001
vn 1.000000 -0.000000 0.000000
vn 1.000000 -0.000000 0.000000
vn 1.000000 -0.000000 0.000000
vn 1.000000 -0.000000 0.000000
vn 1.000000 -0.000000 0.000000
vn 1.000000 0.000000 0.000000
vn -0.000000 0.000000 -1.000000
vn -0.000001 -0.000000 -1.000000
vn -0.000000 0.000000 -1.000000
vn -0.000000 0.000000 -1.000000
vn -0.000000 0.000000 -1.000000
vn -0.000000 0.000000 -1.000000
vn 0.000001 -0.000002 -1.000000
vn 0.000001 -0.000000 -1.000000
vn 0.000000 0.000000 -1.000000
vn 0.000000 0.000000 -1.000000
vn 0.000000 0.000000 -1.000000
vn 0.000000 0.000000 -1.000000
vn 0.000000 0.000000 -1.000000
vn 0.000000 -0.000001 -1.000000
vn -1.000000 0.000000 -0.000001
vn -1.000000 -0.000000 -0.000001
vn -1.000000 0.000000 0.000000
vn -1.000000 0.000000 0.000000
vn -1.000000 0.000000 0.000000
vn -1.000000 0.000000 0.000000
vn 1.000000 0.000000 0.000000
vn 1.000000 0.000000 0.000000
vn 1.000000 0.000000 0.000000
vn 1.000000 0.000000 0.000000
vn -0.000000 -1.000000 0.000000
vn -0.000000 -1.000000 0.000000
vn -0.000000 -1.000000 0.000000
vn -0.000000 -1.000000 0.000000
vn -1.000000 0.000000 0.000000
vn -1.000000 0.000000 0.000000
vn -1.000000 0.000000 0.000000
vn -1.000000 0.000000 0.000000
vn 0.000000 1.000000 0.000000
vn 0.000000 1.000000 0.000000
vn 0.000000 1.000000 0.000000
vn 0.000000 1.000000 0.000000
vn -0.000000 -1.000000 0.000000
vn -0.000000 -1.000000 0.000000
vn -0.000000 -1.000000 0.000000
vn -0.000000 -1.000000 0.000000
vn -1.000000 -0.000000 0.000000
vn -1.000000 -0.000000 0.000000
vn -1.000000 -0.000000 0.000000
vn -1.000000 -0.000000 0.000000
vn 0.000000 1.000000 0.000000
vn 0.000000 1.000000 0.000000
vn 0.000000 1.000000 0.000000
vn 0.000000 1.000000 0.000000
vn 1.000000 0.000000 0.000000
vn 1.000000 0.000000 0.000000
vn 1.000000 0.000000 0.000000
vn 1.000000 0.000000 0.000000
vn -0.000000 -1.000000 0.000000
vn -0.000000 -1.000000 0.000000
vn -0.000000 -1.000000 0.000000
vn -0.000000 -1.000000 0.000000
vn -1.000000 -0.000000 0.000000
vn -1.000000 -0.000000 0.000000
vn -1.000000 -0.000000 0.000000
vn -1.000000 -0.000000 0.000000
vn 0.000000 1.000000 0.000000
vn 0.000000 1.000000 0.000000
vn 0.000000 1.000000 0.000000
vn 0.000000 1.000000 0.000000
vn 1.000000 0.000000 0.000000
vn 1.000000 0.000000 0.000000
vn 1.000000 0.000000 0.000000
vn 1.000000 0.000000 0.000000
vn 0.000000 1.000000 0.000000
vn 0.000000 1.000000 0.000000
vn 0.000000 1.000000 0.000000
vn 0.000000 1.000000 0.000000
vn 1.000000 0.000000 0.000000
vn 1.000000 0.000000 0.000000
vn 1.000000 0.000000 0.000000
vn 1.000000 0.000000 0.000000
vn -0.000000 -1.000000 0.000000
vn -0.000000 -1.000000 0.000000
vn -0.000000 -1.000000 0.000000
vn -0.000000 -1.000000 0.000000
vn -1.000000 -0.000000 0.000000
vn -1.000000 -0.000000 0.000000
vn -1.000000 -0.000000 0.000000
vn -1.000000 -0.000000 0.000000
vn 0.000000 0.000000 -1.000000
vn 0.000000 0.000000 -1.000000
vn 0.000000 0.000000 -1.000000
vn 0.000000 0.000000 -1.000000
vn 0.000000 0.000000 -1.000000
vn 0.000000 0.000000 -1.000000
vn 0.000000 0.000000 -1.000000
vn 0.000000 0.000000 -1.000000
vn -0.000000 0.000000 -1.000000
vn -0.000000 0.000000 -1.000000
vn -0.000000 0.000000 -1.000000
vn -0.000000 0.000000 -1.000000
vn -0.000000 0.000000 -1.000000
vn -0.000000 0.000000 -1.000000
vn -0.000000 0.000000 -1.000000
vn -0.000000 0.000000 -1.000000
vn -0.000000 0.000000 -1.000000
vn -0.000000 0.000000 -1.000000
vn -0.000000 0.000000 -1.000000
vn -0.000000 0.000000 -1.000000
vn 0.000000 0.000000 -1.000000
vn 0.000000 0.000000 -1.000000
vn 0.000000 0.000000 -1.000000
vn 0.000000 0.000000 -1.000000
vn 0.000000 0.000000 -1.000000
vn 0.000000 0.000000 -1.000000
vn 0.000000 0.000000 -1.000000
vn 0.000000 0.000000 -1.000000
vn 0.000000 0.000000 -1.000000
vn 0.000000 0.000000 -1.000000
vn 0.000000 0.000000 -1.000000
vn 0.000000 0.000000 -1.000000
vn -0.000000 0.000000 -1.000000
vn -0.000000 0.000000 -1.000000
vn -0.000000 0.000000 -1.000000
vn -0.000000 0.000000 -1.000000
vn 0.000000 0.000000 -1.000000
vn 0.000000 0.000000 -1.000000
vn 0.000000 0.000000 -1.000000
vn 0.000000 0.000000 -1.000000
vn 0.000000 0.000000 -1.000000
vn 0.000000 0.000000 -1.000000
vn 0.000000 0.000000 -1.000000
vn 0.000000 0.000000 -1.000000
vn -0.000000 0.000000 -1.000000
vn -0.000000 0.000000 -1.000000
vn -0.000000 0.000000 -1.000000
vn -0.000000 0.000000 -1.000000
vn 0.000000 0.000000 -1.000000
vn 0.000000 0.000000 -1.000000
vn 0.000000 0.000000 -1.000000
vn 0.000000 0.000000 -1.000000
vn 0.000000 0.000000 -1.000000
vn 0.000000 0.000000 -1.000000
vn 0.000000 0.000000 -1.000000
vn 0.000000 0.000000 -1.000000
vn 0.000000 0.000000 -1.000000
vn 0.000000 0.000000 -1.000000
vn 0.000000 0.000000 -1.000000
vn 0.000000 0.000000 -1.000000
vn 0.000001 0.000000 -1.000000
vn 0.000001 0.000000 -1.000000
vn 0.000001 0.000000 -1.000000
vn 0.000001 0.000000 -1.000000
vn 1.000000 0.000000 0.000000
vn 1.000000 0.000000 0.000000
vn 1.000000 0.000000 0.000000
vn 1.000000 0.000000 0.000000
vn -0.000000 -1.000000 0.000000
vn -0.000000 -1.000000 0.000000
vn -0.000000 -1.000000 0.000000
vn -0.000000 -1.000000 0.000000
vn -1.000000 0.000000 0.000000
vn -1.000000 0.000000 0.000000
vn -1.000000 0.000000 0.000000
vn -1.000000 0.000000 0.000000
vn 0.000000 1.000000 0.000000
vn 0.000000 1.000000 0.000000
vn 0.000000 1.000000 0.000000
vn 0.000000 1.000000 0.000000
vn -0.000000 -1.000000 0.000000
vn -0.000000 -1.000000 0.000000
vn -0.000000 -1.000000 0.000000
vn -0.000000 -1.000000 0.000000
vn -1.000000 -0.000000 0.000000
vn -1.000000 -0.000000 0.000000
vn -1.000000 -0.000000 0.000000
vn -1.000000 -0.000000 0.000000
vn 0.000000 1.000000 0.000000
vn 0.000000 1.000000 0.000000
vn 0.000000 1.000000 0.000000
vn 0.000000 1.000000 0.000000
vn 1.000000 0.000000 0.000000
vn 1.000000 0.000000 0.000000
vn 1.000000 0.000000 0.000000
vn 1.000000 0.000000 0.000000
vn -0.000000 -1.000000 0.000000
vn -0.000000 -1.000000 0.000000
vn -0.000000 -1.000000 0.000000
vn -0.000000 -1.000000 0.000000
vn -1.000000 -0.000000 0.000000
vn -1.000000 -0.000000 0.000000
vn -1.000000 -0.000000 0.000000
vn -1.000000 -0.000000 0.000000
vn 0.000000 1.000000 0.000000
vn 0.000000 1.000000 0.000000
vn 0.000000 1.000000 0.000000
vn 0.000000 1.000000 0.000000
vn 1.000000 0.000000 0.000000
vn 1.000000 0.000000 0.000000
vn 1.000000 0.000000 0.000000
vn 1.000000 0.000000 0.000000
vn 0.000000 1.000000 0.000000
vn 0.000000 1.000000 0.000000
vn 0.000000 1.000000 0.000000
vn 0.000000 1.000000 0.000000
vn 1.000000 0.000000 0.000000
vn 1.000000 0.000000 0.000000
vn 1.000000 0.000000 0.000000
vn 1.000000 0.000000 0.000000
vn -0.000000 -1.000000 0.000000
vn -0.000000 -1.000000 0.000000
vn -0.000000 -1.000000 0.000000
vn -0.000000 -1.000000 0.000000
vn -1.000000 -0.000000 0.000000
vn -1.000000 -0.000000 0.000000
vn -1.000000 -0.000000 0.000000
vn -1.000000 -0.000000 0.000000
vn 0.000000 -1.000000 0.000000
vn 0.000000 -1.000000 0.000000
vn 0.000000 -1.000000 0.000000
vn 0.000000 -1.000000 0.000000
vn 0.000000 0.000000 1.000000
vn 0.000000 0.000000 1.000000
vn 0.000000 0.000000 1.000000
vn 0.000000 0.000000 1.000000
vn 0.000000 -0.000000 -1.000000
vn 0.000000 -0.000000 -1.000000
vn 0.000000 -0.000000 -1.000000
vn 0.000000 -0.000000 -1.000000
vn 0.000000 0.000000 1.000000
vn 0.000000 0.000000 1.000000
vn 0.000000 0.000000 1.000000
vn 0.000000 0.000000 1.000000
vn 0.000000 1.000000 -0.000000
vn 0.000000 1.000000 -0.000000
vn 0.000000 1.000000 -0.000000
vn 0.000000 1.000000 -0.000000
vn 0.000000 -0.000000 -1.000000
vn 0.000000 -0.000000 -1.000000
vn 0.000000 -0.000000 -1.000000
vn 0.000000 -0.000000 -1.000000
vn 0.000000 0.000000 1.000000
vn 0.000000 0.000000 1.000000
vn 0.000000 0.000000 1.000000
vn 0.000000 0.000000 1.000000
vn 0.000000 0.000000 -1.000000
vn 0.000000 0.000000 -1.000000
vn 0.000000 0.000000 -1.000000
vn 0.000000 0.000000 -1.000000
vn 0.000000 -1.000000 -0.000000
vn 0.000000 -1.000000 -0.000000
vn 0.000000 -1.000000 -0.000000
vn 0.000000 -1.000000 -0.000000
vn 0.000000 -0.000001 -1.000000
vn 0.000000 -0.000001 -1.000000
vn 0.000000 -0.000001 -1.000000
vn 0.000000 -0.000001 -1.000000
vn 0.000000 0.000000 1.000000
vn 0.000000 0.000000 1.000000
vn 0.000000 0.000000 1.000000
vn 0.000000 0.000000 1.000000
vn 0.000000 -0.000001 -1.000000
vn 0.000000 -0.000001 -1.000000
vn 0.000000 -0.000001 -1.000000
vn 0.000000 -0.000001 -1.000000
vn 0.000000 1.000000 0.000000
vn 0.000000 1.000000 0.000000
vn 0.000000 1.000000 0.000000
vn 0.000000 1.000000 0.000000
vn 0.000000 0.000000 1.000000
vn 0.000000 0.000000 1.000000
vn 0.000000 0.000000 1.000000
vn 0.000000 0.000000 1.000000
vn 0.000000 0.000000 -1.000000
vn 0.000000 0.000000 -1.000000
vn 0.000000 0.000000 -1.000000
vn 0.000000 0.000000 -1.000000
vn 0.000000 0.000000 1.000000
vn 0.000000 0.000000 1.000000
vn 0.000000 0.000000 1.000000
vn 0.000000 0.000000 1.000000
s 1
g pCube1 DresserBaseMesh
usemtl initialShadingGroup
f 1/1/1 17/31/2 96/116/3 85/103/4
s 2
f 45/65/5 46/66/6 47/34/7 48/67/8
s 3
f 88/107/9 89/108/10 20/37/11 7/7/12
s off
f 29/49/13 30/50/14 31/51/15 32/52/16
s 4
f 2/2/17 11/20/18 93/113/19 94/114/20
s 5
f 85/103/21 86/104/22 10/17/23 1/1/24
f 7/13/25 13/23/26 87/105/27 88/106/28
s off
f 33/53/29 34/54/30 35/55/31 36/56/32
s 4
f 91/111/33 92/112/34 16/30/35 8/11/36
s 2
f 49/70/37 50/35/38 51/68/39 52/69/40
s 5
f 86/104/22 87/105/27 13/23/26 10/17/23
s 2
f 48/67/8 47/34/7 50/35/38 49/70/37
s 4
f 92/112/34 93/113/19 11/20/18 16/30/35
s 7
f 13/24/41 21/38/42 22/39/43 10/18/44
s 1
f 94/114/45 95/115/46 24/42/47 2/2/48
s 2
f 53/40/49 54/71/50 55/72/51 56/73/52
f 57/48/53 53/40/49 56/73/52 58/74/54
f 59/76/55 57/48/53 58/74/54 60/75/56
s 3
f 27/46/57 90/109/58 91/110/59 8/8/60
s off
f 37/57/61 38/58/62 39/59/63 40/60/64
s 7
f 25/44/65 26/45/66 16/29/67 11/19/68
s off
f 41/61/69 42/62/70 43/63/71 44/64/72
s 2
f 47/34/7 46/66/6 102/123/73 103/124/74
s 1
f 97/117/75 98/119/76 96/116/3 17/31/2
s 7
f 17/32/77 22/39/43 112/133/78 97/118/79
f 22/39/43 21/38/42 111/132/80 112/133/78
f 21/38/42 20/37/81 110/131/82 111/132/80
s 3
f 20/37/11 89/108/10 109/130/83 110/131/84
s 2
f 51/68/39 50/35/38 104/125/85 105/126/86
f 50/35/38 47/34/7 103/124/74 104/125/85
s off
f 10/18/87 22/39/88 30/50/89 29/49/90
f 22/39/91 17/32/92 31/51/93 30/50/94
f 17/32/95 1/9/96 32/52/97 31/51/98
f 1/9/99 10/18/100 29/49/101 32/52/102
f 7/7/103 20/37/104 34/54/105 33/53/106
f 20/37/107 21/38/108 35/55/109 34/54/110
f 21/38/111 13/24/112 36/56/113 35/55/114
f 13/24/115 7/7/116 33/53/117 36/56/118
f 26/45/119 27/46/120 38/58/121 37/57/122
f 27/46/123 8/8/124 39/59/125 38/58/126
f 8/8/127 16/29/128 40/60/129 39/59/130
f 16/29/131 26/45/132 37/57/133 40/60/134
f 24/43/135 25/44/136 42/62/137 41/61/138
f 25/44/139 11/19/140 43/63/141 42/62/142
f 11/19/143 2/10/144 44/64/145 43/63/146
f 2/10/147 24/43/148 41/61/149 44/64/150
s 12
f 61/77/151 62/78/152 46/66/153 45/65/154
s 13
f 63/79/155 61/77/156 45/65/157 48/67/158
s 14
f 65/80/159 64/81/160 52/69/161 51/68/162
s 13
f 64/81/163 66/82/164 49/70/165 52/69/166
f 66/82/164 63/79/155 48/67/158 49/70/165
s 12
f 67/83/167 68/84/168 55/72/169 54/71/170
s 16
f 68/84/171 69/85/172 56/73/173 55/72/174
f 69/85/172 70/86/175 58/74/176 56/73/173
f 70/86/175 71/87/177 60/75/178 58/74/176
s 14
f 71/87/179 72/88/180 59/76/181 60/75/182
s 12
f 62/78/152 101/122/183 102/123/184 46/66/153
s 14
f 105/126/185 106/127/186 65/80/159 51/68/162
s off
f 3/3/187 18/33/188 62/78/189 61/77/190
f 9/16/191 3/3/192 61/77/193 63/79/194
f 19/36/195 5/5/196 64/81/197 65/80/198
f 5/5/199 14/26/200 66/82/201 64/81/202
f 14/26/203 9/16/204 63/79/205 66/82/206
f 23/41/207 4/4/208 68/84/209 67/83/210
f 4/4/211 12/21/212 69/85/213 68/84/214
f 12/21/215 15/27/216 70/86/217 69/85/218
f 15/27/219 6/6/220 71/87/221 70/86/222
f 6/6/223 28/47/224 72/88/225 71/87/226
s 18
f 18/33/227 100/121/228 101/122/229 62/78/230
s 19
f 106/127/231 107/128/232 19/36/233 65/80/234
s 5
f 9/15/235 211/238/236 212/239/237 3/3/238
f 14/25/239 210/237/240 211/238/236 9/15/235
f 209/235/241 210/237/240 14/25/239 5/14/242
s 3
f 5/5/243 19/36/244 224/252/245 209/236/246
f 107/128/247 223/251/248 224/252/245 19/36/244
f 220/247/249 221/249/250 28/47/251 6/6/252
s 4
f 15/28/253 219/246/254 220/248/255 6/12/256
f 12/22/257 218/245/258 219/246/254 15/28/253
f 217/244/259 218/245/258 12/22/257 4/4/260
s 1
f 23/41/261 216/243/262 217/244/263 4/4/264
f 18/33/265 213/240/266 214/241/267 100/121/268
f 212/239/269 213/240/266 18/33/265 3/3/270
s 5
f 73/89/271 74/90/272 129/151/273 130/152/274
s 26
f 225/253/275 226/254/276 227/255/277 228/256/278
s 5
f 143/166/279 144/168/280 75/91/281 76/92/282
s 3
f 76/93/283 77/94/284 142/165/285 143/167/286
s off
f 193/219/287 194/220/288 195/221/289 196/222/290
s 3
f 138/160/291 139/162/292 78/95/293 79/96/294
s 4
f 79/97/295 80/98/296 137/159/297 138/161/298
s 29
f 233/257/299 234/258/300 235/259/301 236/260/302
s 4
f 135/157/303 136/158/304 81/99/305 82/100/306
s 1
f 82/100/307 83/101/308 134/156/309 135/157/310
f 131/153/311 132/154/312 99/120/313 84/102/314
f 130/152/315 131/153/311 84/102/314 73/89/316
f 95/115/46 126/147/317 127/148/318 24/42/47
f 83/101/308 125/146/319 133/155/320 134/156/309
f 124/145/321 215/242/322 216/243/262 23/41/261
s 18
f 123/144/323 124/145/324 23/41/325 67/83/326
s 12
f 122/143/327 123/144/328 67/83/167 54/71/170
s 2
f 121/142/329 122/143/330 54/71/50 53/40/49
f 120/141/331 121/142/329 53/40/49 57/48/53
f 119/140/332 120/141/331 57/48/53 59/76/55
s 14
f 72/88/180 118/139/333 119/140/334 59/76/181
s 19
f 28/47/335 117/138/336 118/139/337 72/88/338
s 3
f 221/249/250 222/250/339 117/138/340 28/47/251
s off
f 197/223/341 198/224/342 199/225/343 200/226/344
s 3
f 114/135/345 115/136/346 90/109/58 27/46/57
s 7
f 113/134/347 114/135/348 27/46/349 26/45/66
f 128/150/350 113/134/347 26/45/66 25/44/65
f 127/149/351 128/150/350 25/44/65 24/43/352
f 111/132/80 110/131/82 114/135/348 113/134/347
s 3
f 110/131/84 109/130/83 115/136/346 114/135/345
f 116/137/353 140/163/354 141/164/355 108/129/356
f 117/138/340 222/250/339 223/251/248 107/128/247
s 19
f 118/139/337 117/138/336 107/128/232 106/127/231
s 14
f 119/140/334 118/139/333 106/127/186 105/126/185
s 2
f 105/126/86 104/125/85 120/141/331 119/140/332
f 104/125/85 103/124/74 121/142/329 120/141/331
f 103/124/74 102/123/73 122/143/330 121/142/329
s 12
f 102/123/184 101/122/183 123/144/328 122/143/327
s 18
f 101/122/229 100/121/228 124/145/324 123/144/323
s 1
f 100/121/268 214/241/267 215/242/322 124/145/321
f 132/154/312 133/155/320 125/146/319 99/120/313
f 127/148/318 126/147/317 98/119/76 97/117/75
s 7
f 97/118/79 112/133/78 128/150/350 127/149/351
f 112/133/78 111/132/80 113/134/347 128/150/350
s 5
f 145/169/357 146/170/358 86/104/22 85/103/21
s 1
f 85/103/4 96/116/3 160/186/359 145/169/360
f 98/119/76 159/185/361 160/186/359 96/116/3
f 126/147/317 158/184/362 159/185/361 98/119/76
f 157/183/363 158/184/362 126/147/317 95/115/46
f 156/182/364 157/183/363 95/115/46 94/114/45
s 4
f 94/114/20 93/113/19 155/181/365 156/182/366
s 29
f 237/264/367 238/261/368 239/262/369 240/263/370
s 4
f 153/179/371 154/180/372 92/112/34 91/111/33
s 3
f 91/110/59 90/109/58 152/177/373 153/178/374
s off
f 202/227/375 201/228/376 203/229/377 204/230/378
s 3
f 150/175/379 151/176/380 115/136/346 109/130/83
s off
f 205/231/381 206/232/382 207/233/383 208/234/384
s 3
f 148/173/385 149/174/386 89/108/10 88/107/9
s 5
f 88/106/28 87/105/27 147/171/387 148/172/388
s 26
f 229/268/389 230/265/390 231/266/391 232/267/392
s 5
f 130/152/274 129/151/273 146/170/358 145/169/357
s 26
f 228/256/278 227/255/277 230/265/390 229/268/389
s 5
f 148/172/388 147/171/387 144/168/280 143/166/279
s 3
f 143/167/286 142/165/285 149/174/386 148/173/385
f 142/165/285 141/164/355 150/175/379 149/174/386
f 141/164/355 140/163/354 151/176/380 150/175/379
f 152/177/373 151/176/380 140/163/354 139/162/292
f 153/178/374 152/177/373 139/162/292 138/160/291
s 4
f 138/161/298 137/159/297 154/180/372 153/179/371
s 29
f 236/260/302 235/259/301 238/261/368 237/264/367
s 4
f 156/182/366 155/181/365 136/158/304 135/157/303
s 1
f 135/157/310 134/156/309 157/183/363 156/182/364
f 134/156/309 133/155/320 158/184/362 157/183/363
f 159/185/361 158/184/362 133/155/320 132/154/312
f 160/186/359 159/185/361 132/154/312 131/153/311
f 145/169/360 160/186/359 131/153/311 130/152/315
s off
f 108/129/393 141/164/394 162/188/395 161/187/396
f 141/164/397 142/165/398 163/189/399 162/188/400
f 142/165/401 77/94/402 164/190/403 163/189/404
f 77/94/405 108/129/406 161/187/407 164/190/408
f 139/162/409 140/163/410 166/192/411 165/191/412
f 140/163/413 116/137/414 167/193/415 166/192/416
f 116/137/417 78/95/418 168/194/419 167/193/420
f 78/95/421 139/162/422 165/191/423 168/194/424
f 90/109/425 115/136/426 169/196/427 170/195/428
f 115/136/429 151/176/430 171/197/431 169/196/432
f 151/176/433 152/177/434 172/198/435 171/197/436
f 152/177/437 90/109/438 170/195/439 172/198/440
f 149/174/441 150/175/442 174/200/443 173/199/444
f 150/175/445 109/130/446 175/201/447 174/200/448
f 109/130/449 89/108/450 176/202/451 175/201/452
f 89/108/453 149/174/454 173/199/455 176/202/456
f 165/191/457 166/192/458 178/204/459 177/203/460
f 166/192/461 167/193/462 179/205/463 178/204/464
f 167/193/465 168/194/466 180/206/467 179/205/468
f 168/194/469 165/191/470 177/203/471 180/206/472
f 161/187/473 162/188/474 182/208/475 181/207/476
f 162/188/477 163/189/478 183/209/479 182/208/480
f 163/189/481 164/190/482 184/210/483 183/209/484
f 164/190/485 161/187/486 181/207/487 184/210/488
f 170/195/489 169/196/490 185/212/491 186/211/492
f 169/196/493 171/197/494 187/213/495 185/212/496
f 171/197/497 172/198/498 188/214/499 187/213/500
f 172/198/501 170/195/502 186/211/503 188/214/504
f 173/199/505 174/200/506 190/216/507 189/215/508
f 174/200/509 175/201/510 191/217/511 190/216/512
f 175/201/513 176/202/514 192/218/515 191/217/516
f 176/202/517 173/199/518 189/215/519 192/218/520
f 181/207/521 182/208/522 194/220/523 193/219/524
f 182/208/525 183/209/526 195/221/527 194/220/528
f 183/209/529 184/210/530 196/222/531 195/221/532
f 184/210/533 181/207/534 193/219/535 196/222/536
f 177/203/537 178/204/538 198/224/539 197/223/540
f 178/204/541 179/205/542 199/225/543 198/224/544
f 179/205/545 180/206/546 200/226/547 199/225/548
f 180/206/549 177/203/550 197/223/551 200/226/552
f 186/211/553 185/212/554 201/228/555 202/227/556
f 185/212/557 187/213/558 203/229/559 201/228/560
f 187/213/561 188/214/562 204/230/563 203/229/564
f 188/214/565 186/211/566 202/227/567 204/230/568
f 189/215/569 190/216/570 206/232/571 205/231/572
f 190/216/573 191/217/574 207/233/575 206/232/576
f 191/217/577 192/218/578 208/234/579 207/233/580
f 192/218/581 189/215/582 205/231/583 208/234/584
s 5
f 76/92/282 75/91/281 210/237/240 209/235/241
f 211/238/236 210/237/240 75/91/281 74/90/272
f 212/239/237 211/238/236 74/90/272 73/89/271
s 1
f 73/89/316 84/102/314 213/240/266 212/239/269
f 214/241/267 213/240/266 84/102/314 99/120/313
f 215/242/322 214/241/267 99/120/313 125/146/319
f 216/243/262 215/242/322 125/146/319 83/101/308
f 217/244/263 216/243/262 83/101/308 82/100/307
s 4
f 82/100/306 81/99/305 218/245/258 217/244/259
f 219/246/254 218/245/258 81/99/305 80/98/296
f 220/248/255 219/246/254 80/98/296 79/97/295
s 3
f 79/96/294 78/95/293 221/249/250 220/247/249
f 78/95/293 116/137/353 222/250/339 221/249/250
f 223/251/248 222/250/339 116/137/353 108/129/356
f 224/252/245 223/251/248 108/129/356 77/94/284
f 209/236/246 224/252/245 77/94/284 76/93/283
s off
f 74/90/585 75/91/586 226/254/587 225/253/588
f 75/91/589 144/168/590 227/255/591 226/254/592
f 129/151/593 74/90/594 225/253/595 228/256/596
f 147/98/597 87/99/598 231/258/599 230/257/600
f 87/99/601 86/158/602 232/259/603 231/258/604
f 86/159/605 146/98/606 229/257/607 232/260/608
f 144/181/609 147/113/610 230/262/611 227/261/612
f 146/113/613 129/112/614 228/263/615 229/262/616
f 80/112/617 81/180/618 234/264/619 233/263/620
f 81/171/621 136/105/622 235/266/623 234/265/624
f 137/105/625 80/104/626 233/267/627 236/266/628
f 155/104/629 93/170/630 239/268/631 238/267/632
f 93/168/633 92/171/634 240/265/635 239/255/636
f 92/170/637 154/151/638 237/256/639 240/268/640
f 136/158/641 155/181/642 238/261/643 235/259/644
f 154/180/645 137/159/646 236/260/647 237/264/648
g default
v 46.426586 72.036474 35.992885
v 46.213526 71.618322 35.992885
v 45.881678 71.286474 35.992885
v 45.463526 71.073414 35.992885
v 45.000000 70.999999 35.992885
v 44.536474 71.073415 35.992885
v 44.118322 71.286474 35.992885
v 43.786474 71.618322 35.992885
v 43.573415 72.036474 35.992885
v 43.500000 72.500000 35.992885
v 43.573415 72.963526 35.992885
v 43.786474 73.381678 35.992885
v 44.118322 73.713526 35.992885
v 44.536474 73.926585 35.992885
v 45.000000 74.000000 35.992885
v 45.463525 73.926585 35.992885
v 45.881678 73.713526 35.992885
v 46.213526 73.381678 35.992885
v 46.426585 72.963526 35.992885
v 46.500000 72.500000 35.992885
v 46.426586 72.036474 30.992885
v 46.213526 71.618322 30.992885
v 45.881678 71.286474 30.992885
v 45.463526 71.073414 30.992885
v 45.000000 70.999999 30.992885
v 44.536474 71.073415 30.992885
v 44.118322 71.286474 30.992885
v 43.786474 71.618322 30.992885
v 43.573415 72.036474 30.992885
v 43.500000 72.500000 30.992885
v 43.573415 72.963526 30.992885
v 43.786474 73.381678 30.992885
v 44.118322 73.713526 30.992885
v 44.536474 73.926585 30.992885
v 45.000000 74.000000 30.992885
v 45.463525 73.926585 30.992885
v 45.881678 73.713526 30.992885
v 46.213526 73.381678 30.992885
v 46.426585 72.963526 30.992885
v 46.500000 72.500000 30.992885
v 45.000000 72.500000 35.992885
v 45.000000 72.500000 30.992885
vt 0.648603 0.107966
vt 0.626409 0.064408
vt 0.591842 0.029841
vt 0.548284 0.007647
vt 0.500000 -0.000000
vt 0.451716 0.007647
vt 0.408159 0.029841
vt 0.373591 0.064409
vt 0.351397 0.107966
vt 0.343750 0.156250
vt 0.351397 0.204534
vt 0.373591 0.248091
vt 0.408159 0.282659
vt 0.451716 0.304853
vt 0.500000 0.312500
vt 0.548284 0.304853
vt 0.591841 0.282659
vt 0.626409 0.248091
vt 0.648603 0.204534
vt 0.656250 0.156250
vt 0.375000 0.312500
vt 0.387500 0.312500
vt 0.400000 0.312500
vt 0.412500 0.312500
vt 0.425000 0.312500
vt 0.437500 0.312500
vt 0.450000 0.312500
vt 0.462500 0.312500
vt 0.475000 0.312500
vt 0.487500 0.312500
vt 0.500000 0.312500
vt 0.512500 0.312500
vt 0.525000 0.312500
vt 0.537500 0.312500
vt 0.550000 0.312500
vt 0.562500 0.312500
vt 0.575000 0.312500
vt 0.587500 0.312500
vt 0.600000 0.312500
vt 0.612500 0.312500
vt 0.625000 0.312500
vt 0.375000 0.687500
vt 0.387500 0.687500
vt 0.400000 0.687500
vt 0.412500 0.687500
vt 0.425000 0.687500
vt 0.437500 0.687500
vt 0.450000 0.687500
vt 0.462500 0.687500
vt 0.475000 0.687500
vt 0.487500 0.687500
vt 0.500000 0.687500
vt 0.512500 0.687500
vt 0.525000 0.687500
vt 0.537500 0.687500
vt 0.550000 0.687500
vt 0.562500 0.687500
vt 0.575000 0.687500
vt 0.587500 0.687500
vt 0.600000 0.687500
vt 0.612500 0.687500
vt 0.625000 0.687500
vt 0.648603 0.795466
vt 0.626409 0.751908
vt 0.591842 0.717341
vt 0.548284 0.695147
vt 0.500000 0.687500
vt 0.451716 0.695147
vt 0.408159 0.717341
vt 0.373591 0.751909
vt 0.351397 0.795466
vt 0.343750 0.843750
vt 0.351397 0.892034
vt 0.373591 0.935591
vt 0.408159 0.970159
vt 0.451716 0.992353
vt 0.500000 1.000000
vt 0.548284 0.992353
vt 0.591841 0.970159
vt 0.626409 0.935591
vt 0.648603 0.892034
vt 0.656250 0.843750
vt 0.500000 0.156250
vt 0.500000 0.843750
vn 0.951057 -0.309016 0.000000
vn 0.809017 -0.587785 0.000000
vn 0.809017 -0.587785 0.000000
vn 0.951057 -0.309016 0.000000
vn 0.587785 -0.809017 0.000000
vn 0.587785 -0.809017 0.000000
vn 0.309017 -0.951057 0.000000
vn 0.309017 -0.951057 0.000000
vn -0.000000 -1.000000 -0.000000
vn -0.000000 -1.000000 -0.000000
vn -0.309017 -0.951056 -0.000000
vn -0.309017 -0.951056 -0.000000
vn -0.587785 -0.809017 -0.000000
vn -0.587785 -0.809017 -0.000000
vn -0.809017 -0.587785 -0.000000
vn -0.809017 -0.587785 -0.000000
vn -0.951057 -0.309017 -0.000000
vn -0.951057 -0.309017 -0.000000
vn -1.000000 0.000000 0.000000
vn -1.000000 0.000000 0.000000
vn -0.951056 0.309017 0.000000
vn -0.951056 0.309017 0.000000
vn -0.809017 0.587785 0.000000
vn -0.809017 0.587785 0.000000
vn -0.587785 0.809017 0.000000
vn -0.587785 0.809017 0.000000
vn -0.309017 0.951057 0.000000
vn -0.309017 0.951057 0.000000
vn 0.000000 1.000000 0.000000
vn 0.000000 1.000000 0.000000
vn 0.309017 0.951056 0.000000
vn 0.309017 0.951056 0.000000
vn 0.587785 0.809017 0.000000
vn 0.587785 0.809017 0.000000
vn 0.809017 0.587785 0.000000
vn 0.809017 0.587785 0.000000
vn 0.951057 0.309017 0.000000
vn 0.951057 0.309017 0.000000
vn 1.000000 0.000001 0.000000
vn 1.000000 0.000001 0.000000
vn 0.000000 0.000000 1.000000
vn 0.000000 0.000000 1.000000
vn 0.000000 0.000000 1.000000
vn 0.000000 0.000000 1.000000
vn 0.000000 0.000000 1.000000
vn 0.000000 0.000000 1.000000
vn 0.000000 0.000000 1.000000
vn 0.000000 0.000000 1.000000
vn 0.000000 0.000000 1.000000
vn 0.000000 0.000000 1.000000
vn 0.000000 0.000000 1.000000
vn 0.000000 0.000000 1.000000
vn 0.000000 0.000000 1.000000
vn 0.000000 0.000000 1.000000
vn 0.000000 0.000000 1.000000
vn 0.000000 0.000000 1.000000
vn 0.000000 0.000000 1.000000
vn 0.000000 0.000000 1.000000
vn 0.000000 0.000000 1.000000
vn 0.000000 0.000000 1.000000
vn 0.000000 0.000000 1.000000
vn 0.000000 0.000000 -1.000000
vn 0.000000 0.000000 -1.000000
vn 0.000000 0.000000 -1.000000
vn 0.000000 0.000000 -1.000000
vn 0.000000 0.000000 -1.000000
vn 0.000000 0.000000 -1.000000
vn 0.000000 0.000000 -1.000000
vn 0.000000 0.000000 -1.000000
vn 0.000000 0.000000 -1.000000
vn 0.000000 0.000000 -1.000000
vn 0.000000 0.000000 -1.000000
vn 0.000000 0.000000 -1.000000
vn 0.000000 0.000000 -1.000000
vn 0.000000 0.000000 -1.000000
vn 0.000000 0.000000 -1.000000
vn 0.000000 0.000000 -1.000000
vn 0.000000 0.000000 -1.000000
vn 0.000000 0.000000 -1.000000
vn 0.000000 0.000000 -1.000000
vn 0.000000 0.000000 -1.000000
vn 0.000000 0.000000 -1.000000
s 1
g DresserBaseMesh pCylinder1
usemtl initialShadingGroup
f 241/289/649 242/290/650 262/311/651 261/310/652
f 242/290/650 243/291/653 263/312/654 262/311/651
f 243/291/653 244/292/655 264/313/656 263/312/654
f 244/292/655 245/293/657 265/314/658 264/313/656
f 245/293/657 246/294/659 266/315/660 265/314/658
f 246/294/659 247/295/661 267/316/662 266/315/660
f 247/295/661 248/296/663 268/317/664 267/316/662
f 248/296/663 249/297/665 269/318/666 268/317/664
f 249/297/665 250/298/667 270/319/668 269/318/666
f 250/298/667 251/299/669 271/320/670 270/319/668
f 251/299/669 252/300/671 272/321/672 271/320/670
f 252/300/671 253/301/673 273/322/674 272/321/672
f 253/301/673 254/302/675 274/323/676 273/322/674
f 254/302/675 255/303/677 275/324/678 274/323/676
f 255/303/677 256/304/679 276/325/680 275/324/678
f 256/304/679 257/305/681 277/326/682 276/325/680
f 257/305/681 258/306/683 278/327/684 277/326/682
f 258/306/683 259/307/685 279/328/686 278/327/684
f 259/307/685 260/308/687 280/329/688 279/328/686
f 260/308/687 241/309/649 261/330/652 280/329/688
s 2
f 242/270/689 241/269/690 281/351/691
f 243/271/692 242/270/689 281/351/691
f 244/272/693 243/271/692 281/351/691
f 245/273/694 244/272/693 281/351/691
f 246/274/695 245/273/694 281/351/691
f 247/275/696 246/274/695 281/351/691
f 248/276/697 247/275/696 281/351/691
f 249/277/698 248/276/697 281/351/691
f 250/278/699 249/277/698 281/351/691
f 251/279/700 250/278/699 281/351/691
f 252/280/701 251/279/700 281/351/691
f 253/281/702 252/280/701 281/351/691
f 254/282/703 253/281/702 281/351/691
f 255/283/704 254/282/703 281/351/691
f 256/284/705 255/283/704 281/351/691
f 257/285/706 256/284/705 281/351/691
f 258/286/707 257/285/706 281/351/691
f 259/287/708 258/286/707 281/351/691
f 260/288/709 259/287/708 281/351/691
f 241/269/690 260/288/709 281/351/691
s 3
f 261/349/710 262/348/711 282/352/712
f 262/348/711 263/347/713 282/352/712
f 263/347/713 264/346/714 282/352/712
f 264/346/714 265/345/715 282/352/712
f 265/345/715 266/344/716 282/352/712
f 266/344/716 267/343/717 282/352/712
f 267/343/717 268/342/718 282/352/712
f 268/342/718 269/341/719 282/352/712
f 269/341/719 270/340/720 282/352/712
f 270/340/720 271/339/721 282/352/712
f 271/339/721 272/338/722 282/352/712
f 272/338/722 273/337/723 282/352/712
f 273/337/723 274/336/724 282/352/712
f 274/336/724 275/335/725 282/352/712
f 275/335/725 276/334/726 282/352/712
f 276/334/726 277/333/727 282/352/712
f 277/333/727 278/332/728 282/352/712
f 278/332/728 279/331/729 282/352/712
f 279/331/729 280/350/730 282/352/712
f 280/350/730 261/349/710 282/352/712
g default
v 46.426586 29.536474 35.992885
v 46.213526 29.118322 35.992885
v 45.881678 28.786474 35.992885
v 45.463526 28.573414 35.992885
v 45.000000 28.499999 35.992885
v 44.536474 28.573415 35.992885
v 44.118322 28.786474 35.992885
v 43.786474 29.118322 35.992885
v 43.573415 29.536474 35.992885
v 43.500000 30.000000 35.992885
v 43.573415 30.463526 35.992885
v 43.786474 30.881678 35.992885
v 44.118322 31.213526 35.992885
v 44.536474 31.426585 35.992885
v 45.000000 31.500000 35.992885
v 45.463525 31.426585 35.992885
v 45.881678 31.213526 35.992885
v 46.213526 30.881678 35.992885
v 46.426585 30.463526 35.992885
v 46.500000 30.000000 35.992885
v 46.426586 29.536474 30.992885
v 46.213526 29.118322 30.992885
v 45.881678 28.786474 30.992885
v 45.463526 28.573414 30.992885
v 45.000000 28.499999 30.992885
v 44.536474 28.573415 30.992885
v 44.118322 28.786474 30.992885
v 43.786474 29.118322 30.992885
v 43.573415 29.536474 30.992885
v 43.500000 30.000000 30.992885
v 43.573415 30.463526 30.992885
v 43.786474 30.881678 30.992885
v 44.118322 31.213526 30.992885
v 44.536474 31.426585 30.992885
v 45.000000 31.500000 30.992885
v 45.463525 31.426585 30.992885
v 45.881678 31.213526 30.992885
v 46.213526 30.881678 30.992885
v 46.426585 30.463526 30.992885
v 46.500000 30.000000 30.992885
v 45.000000 30.000000 35.992885
v 45.000000 30.000000 30.992885
vt 0.648603 0.107966
vt 0.626409 0.064408
vt 0.591842 0.029841
vt 0.548284 0.007647
vt 0.500000 -0.000000
vt 0.451716 0.007647
vt 0.408159 0.029841
vt 0.373591 0.064409
vt 0.351397 0.107966
vt 0.343750 0.156250
vt 0.351397 0.204534
vt 0.373591 0.248091
vt 0.408159 0.282659
vt 0.451716 0.304853
vt 0.500000 0.312500
vt 0.548284 0.304853
vt 0.591841 0.282659
vt 0.626409 0.248091
vt 0.648603 0.204534
vt 0.656250 0.156250
vt 0.375000 0.312500
vt 0.387500 0.312500
vt 0.400000 0.312500
vt 0.412500 0.312500
vt 0.425000 0.312500
vt 0.437500 0.312500
vt 0.450000 0.312500
vt 0.462500 0.312500
vt 0.475000 0.312500
vt 0.487500 0.312500
vt 0.500000 0.312500
vt 0.512500 0.312500
vt 0.525000 0.312500
vt 0.537500 0.312500
vt 0.550000 0.312500
vt 0.562500 0.312500
vt 0.575000 0.312500
vt 0.587500 0.312500
vt 0.600000 0.312500
vt 0.612500 0.312500
vt 0.625000 0.312500
vt 0.375000 0.687500
vt 0.387500 0.687500
vt 0.400000 0.687500
vt 0.412500 0.687500
vt 0.425000 0.687500
vt 0.437500 0.687500
vt 0.450000 0.687500
vt 0.462500 0.687500
vt 0.475000 0.687500
vt 0.487500 0.687500
vt 0.500000 0.687500
vt 0.512500 0.687500
vt 0.525000 0.687500
vt 0.537500 0.687500
vt 0.550000 0.687500
vt 0.562500 0.687500
vt 0.575000 0.687500
vt 0.587500 0.687500
vt 0.600000 0.687500
vt 0.612500 0.687500
vt 0.625000 0.687500
vt 0.648603 0.795466
vt 0.626409 0.751908
vt 0.591842 0.717341
vt 0.548284 0.695147
vt 0.500000 0.687500
vt 0.451716 0.695147
vt 0.408159 0.717341
vt 0.373591 0.751909
vt 0.351397 0.795466
vt 0.343750 0.843750
vt 0.351397 0.892034
vt 0.373591 0.935591
vt 0.408159 0.970159
vt 0.451716 0.992353
vt 0.500000 1.000000
vt 0.548284 0.992353
vt 0.591841 0.970159
vt 0.626409 0.935591
vt 0.648603 0.892034
vt 0.656250 0.843750
vt 0.500000 0.156250
vt 0.500000 0.843750
vn 0.951057 -0.309016 0.000000
vn 0.809017 -0.587785 0.000000
vn 0.809017 -0.587785 0.000000
vn 0.951057 -0.309016 0.000000
vn 0.587785 -0.809017 0.000000
vn 0.587785 -0.809017 0.000000
vn 0.309017 -0.951057 0.000000
vn 0.309017 -0.951057 0.000000
vn -0.000000 -1.000000 -0.000000
vn -0.000000 -1.000000 -0.000000
vn -0.309017 -0.951056 -0.000000
vn -0.309017 -0.951056 -0.000000
vn -0.587785 -0.809017 -0.000000
vn -0.587785 -0.809017 -0.000000
vn -0.809017 -0.587785 -0.000000
vn -0.809017 -0.587785 -0.000000
vn -0.951057 -0.309017 -0.000000
vn -0.951057 -0.309017 -0.000000
vn -1.000000 0.000000 0.000000
vn -1.000000 0.000000 0.000000
vn -0.951056 0.309017 0.000000
vn -0.951056 0.309017 0.000000
vn -0.809017 0.587785 0.000000
vn -0.809017 0.587785 0.000000
vn -0.587785 0.809017 0.000000
vn -0.587785 0.809017 0.000000
vn -0.309017 0.951057 0.000000
vn -0.309017 0.951057 0.000000
vn 0.000000 1.000000 0.000000
vn 0.000000 1.000000 0.000000
vn 0.309017 0.951056 0.000000
vn 0.309017 0.951056 0.000000
vn 0.587785 0.809017 0.000000
vn 0.587785 0.809017 0.000000
vn 0.809017 0.587785 0.000000
vn 0.809017 0.587785 0.000000
vn 0.951057 0.309017 0.000000
vn 0.951057 0.309017 0.000000
vn 1.000000 0.000001 0.000000
vn 1.000000 0.000001 0.000000
vn 0.000000 0.000000 1.000000
vn 0.000000 0.000000 1.000000
vn 0.000000 0.000000 1.000000
vn 0.000000 0.000000 1.000000
vn 0.000000 0.000000 1.000000
vn 0.000000 0.000000 1.000000
vn 0.000000 0.000000 1.000000
vn 0.000000 0.000000 1.000000
vn 0.000000 0.000000 1.000000
vn 0.000000 0.000000 1.000000
vn 0.000000 0.000000 1.000000
vn 0.000000 0.000000 1.000000
vn 0.000000 0.000000 1.000000
vn 0.000000 0.000000 1.000000
vn 0.000000 0.000000 1.000000
vn 0.000000 0.000000 1.000000
vn 0.000000 0.000000 1.000000
vn 0.000000 0.000000 1.000000
vn 0.000000 0.000000 1.000000
vn 0.000000 0.000000 1.000000
vn 0.000000 0.000000 1.000000
vn 0.000000 0.000000 -1.000000
vn 0.000000 0.000000 -1.000000
vn 0.000000 0.000000 -1.000000
vn 0.000000 0.000000 -1.000000
vn 0.000000 0.000000 -1.000000
vn 0.000000 0.000000 -1.000000
vn 0.000000 0.000000 -1.000000
vn 0.000000 0.000000 -1.000000
vn 0.000000 0.000000 -1.000000
vn 0.000000 0.000000 -1.000000
vn 0.000000 0.000000 -1.000000
vn 0.000000 0.000000 -1.000000
vn 0.000000 0.000000 -1.000000
vn 0.000000 0.000000 -1.000000
vn 0.000000 0.000000 -1.000000
vn 0.000000 0.000000 -1.000000
vn 0.000000 0.000000 -1.000000
vn 0.000000 0.000000 -1.000000
vn 0.000000 0.000000 -1.000000
vn 0.000000 0.000000 -1.000000
vn 0.000000 0.000000 -1.000000
s 1
g DresserBaseMesh pCylinder2
usemtl initialShadingGroup
f 283/373/731 284/374/732 304/395/733 303/394/734
f 284/374/732 285/375/735 305/396/736 304/395/733
f 285/375/735 286/376/737 306/397/738 305/396/736
f 286/376/737 287/377/739 307/398/740 306/397/738
f 287/377/739 288/378/741 308/399/742 307/398/740
f 288/378/741 289/379/743 309/400/744 308/399/742
f 289/379/743 290/380/745 310/401/746 309/400/744
f 290/380/745 291/381/747 311/402/748 310/401/746
f 291/381/747 292/382/749 312/403/750 311/402/748
f 292/382/749 293/383/751 313/404/752 312/403/750
f 293/383/751 294/384/753 314/405/754 313/404/752
f 294/384/753 295/385/755 315/406/756 314/405/754
f 295/385/755 296/386/757 316/407/758 315/406/756
f 296/386/757 297/387/759 317/408/760 316/407/758
f 297/387/759 298/388/761 318/409/762 317/408/760
f 298/388/761 299/389/763 319/410/764 318/409/762
f 299/389/763 300/390/765 320/411/766 319/410/764
f 300/390/765 301/391/767 321/412/768 320/411/766
f 301/391/767 302/392/769 322/413/770 321/412/768
f 302/392/769 283/393/731 303/414/734 322/413/770
s 2
f 284/354/771 283/353/772 323/435/773
f 285/355/774 284/354/771 323/435/773
f 286/356/775 285/355/774 323/435/773
f 287/357/776 286/356/775 323/435/773
f 288/358/777 287/357/776 323/435/773
f 289/359/778 288/358/777 323/435/773
f 290/360/779 289/359/778 323/435/773
f 291/361/780 290/360/779 323/435/773
f 292/362/781 291/361/780 323/435/773
f 293/363/782 292/362/781 323/435/773
f 294/364/783 293/363/782 323/435/773
f 295/365/784 294/364/783 323/435/773
f 296/366/785 295/365/784 323/435/773
f 297/367/786 296/366/785 323/435/773
f 298/368/787 297/367/786 323/435/773
f 299/369/788 298/368/787 323/435/773
f 300/370/789 299/369/788 323/435/773
f 301/371/790 300/370/789 323/435/773
f 302/372/791 301/371/790 323/435/773
f 283/353/772 302/372/791 323/435/773
s 3
f 303/433/792 304/432/793 324/436/794
f 304/432/793 305/431/795 324/436/794
f 305/431/795 306/430/796 324/436/794
f 306/430/796 307/429/797 324/436/794
f 307/429/797 308/428/798 324/436/794
f 308/428/798 309/427/799 324/436/794
f 309/427/799 310/426/800 324/436/794
f 310/426/800 311/425/801 324/436/794
f 311/425/801 312/424/802 324/436/794
f 312/424/802 313/423/803 324/436/794
f 313/423/803 314/422/804 324/436/794
f 314/422/804 315/421/805 324/436/794
f 315/421/805 316/420/806 324/436/794
f 316/420/806 317/419/807 324/436/794
f 317/419/807 318/418/808 324/436/794
f 318/418/808 319/417/809 324/436/794
f 319/417/809 320/416/810 324/436/794
f 320/416/810 321/415/811 324/436/794
f 321/415/811 322/434/812 324/436/794
f 322/434/812 303/433/792 324/436/794
g default
v -43.573414 72.036474 35.992885
v -43.786474 71.618322 35.992885
v -44.118322 71.286474 35.992885
v -44.536474 71.073414 35.992885
v -45.000000 70.999999 35.992885
v -45.463526 71.073415 35.992885
v -45.881678 71.286474 35.992885
v -46.213526 71.618322 35.992885
v -46.426585 72.036474 35.992885
v -46.500000 72.500000 35.992885
v -46.426585 72.963526 35.992885
v -46.213526 73.381678 35.992885
v -45.881678 73.713526 35.992885
v -45.463526 73.926585 35.992885
v -45.000000 74.000000 35.992885
v -44.536475 73.926585 35.992885
v -44.118322 73.713526 35.992885
v -43.786474 73.381678 35.992885
v -43.573415 72.963526 35.992885
v -43.500000 72.500000 35.992885
v -43.573414 72.036474 30.992885
v -43.786474 71.618322 30.992885
v -44.118322 71.286474 30.992885
v -44.536474 71.073414 30.992885
v -45.000000 70.999999 30.992885
v -45.463526 71.073415 30.992885
v -45.881678 71.286474 30.992885
v -46.213526 71.618322 30.992885
v -46.426585 72.036474 30.992885
v -46.500000 72.500000 30.992885
v -46.426585 72.963526 30.992885
v -46.213526 73.381678 30.992885
v -45.881678 73.713526 30.992885
v -45.463526 73.926585 30.992885
v -45.000000 74.000000 30.992885
v -44.536475 73.926585 30.992885
v -44.118322 73.713526 30.992885
v -43.786474 73.381678 30.992885
v -43.573415 72.963526 30.992885
v -43.500000 72.500000 30.992885
v -45.000000 72.500000 35.992885
v -45.000000 72.500000 30.992885
vt 0.648603 0.107966
vt 0.626409 0.064408
vt 0.591842 0.029841
vt 0.548284 0.007647
vt 0.500000 -0.000000
vt 0.451716 0.007647
vt 0.408159 0.029841
vt 0.373591 0.064409
vt 0.351397 0.107966
vt 0.343750 0.156250
vt 0.351397 0.204534
vt 0.373591 0.248091
vt 0.408159 0.282659
vt 0.451716 0.304853
vt 0.500000 0.312500
vt 0.548284 0.304853
vt 0.591841 0.282659
vt 0.626409 0.248091
vt 0.648603 0.204534
vt 0.656250 0.156250
vt 0.375000 0.312500
vt 0.387500 0.312500
vt 0.400000 0.312500
vt 0.412500 0.312500
vt 0.425000 0.312500
vt 0.437500 0.312500
vt 0.450000 0.312500
vt 0.462500 0.312500
vt 0.475000 0.312500
vt 0.487500 0.312500
vt 0.500000 0.312500
vt 0.512500 0.312500
vt 0.525000 0.312500
vt 0.537500 0.312500
vt 0.550000 0.312500
vt 0.562500 0.312500
vt 0.575000 0.312500
vt 0.587500 0.312500
vt 0.600000 0.312500
vt 0.612500 0.312500
vt 0.625000 0.312500
vt 0.375000 0.687500
vt 0.387500 0.687500
vt 0.400000 0.687500
vt 0.412500 0.687500
vt 0.425000 0.687500
vt 0.437500 0.687500
vt 0.450000 0.687500
vt 0.462500 0.687500
vt 0.475000 0.687500
vt 0.487500 0.687500
vt 0.500000 0.687500
vt 0.512500 0.687500
vt 0.525000 0.687500
vt 0.537500 0.687500
vt 0.550000 0.687500
vt 0.562500 0.687500
vt 0.575000 0.687500
vt 0.587500 0.687500
vt 0.600000 0.687500
vt 0.612500 0.687500
vt 0.625000 0.687500
vt 0.648603 0.795466
vt 0.626409 0.751908
vt 0.591842 0.717341
vt 0.548284 0.695147
vt 0.500000 0.687500
vt 0.451716 0.695147
vt 0.408159 0.717341
vt 0.373591 0.751909
vt 0.351397 0.795466
vt 0.343750 0.843750
vt 0.351397 0.892034
vt 0.373591 0.935591
vt 0.408159 0.970159
vt 0.451716 0.992353
vt 0.500000 1.000000
vt 0.548284 0.992353
vt 0.591841 0.970159
vt 0.626409 0.935591
vt 0.648603 0.892034
vt 0.656250 0.843750
vt 0.500000 0.156250
vt 0.500000 0.843750
vn 0.951057 -0.309016 0.000000
vn 0.809017 -0.587785 0.000000
vn 0.809017 -0.587785 0.000000
vn 0.951057 -0.309016 0.000000
vn 0.587785 -0.809017 0.000000
vn 0.587785 -0.809017 0.000000
vn 0.309017 -0.951057 0.000000
vn 0.309017 -0.951057 0.000000
vn -0.000000 -1.000000 -0.000000
vn -0.000000 -1.000000 -0.000000
vn -0.309017 -0.951056 -0.000000
vn -0.309017 -0.951056 -0.000000
vn -0.587785 -0.809017 -0.000000
vn -0.587785 -0.809017 -0.000000
vn -0.809017 -0.587785 -0.000000
vn -0.809017 -0.587785 -0.000000
vn -0.951057 -0.309017 -0.000000
vn -0.951057 -0.309017 -0.000000
vn -1.000000 0.000000 0.000000
vn -1.000000 0.000000 0.000000
vn -0.951056 0.309017 0.000000
vn -0.951056 0.309017 0.000000
vn -0.809017 0.587785 0.000000
vn -0.809017 0.587785 0.000000
vn -0.587785 0.809017 0.000000
vn -0.587785 0.809017 0.000000
vn -0.309017 0.951057 0.000000
vn -0.309017 0.951057 0.000000
vn 0.000000 1.000000 0.000000
vn 0.000000 1.000000 0.000000
vn 0.309017 0.951056 0.000000
vn 0.309017 0.951056 0.000000
vn 0.587785 0.809017 0.000000
vn 0.587785 0.809017 0.000000
vn 0.809017 0.587785 0.000000
vn 0.809017 0.587785 0.000000
vn 0.951057 0.309017 0.000000
vn 0.951057 0.309017 0.000000
vn 1.000000 0.000001 0.000000
vn 1.000000 0.000001 0.000000
vn 0.000000 0.000000 1.000000
vn 0.000000 0.000000 1.000000
vn 0.000000 0.000000 1.000000
vn 0.000000 0.000000 1.000000
vn 0.000000 0.000000 1.000000
vn 0.000000 0.000000 1.000000
vn 0.000000 0.000000 1.000000
vn 0.000000 0.000000 1.000000
vn 0.000000 0.000000 1.000000
vn 0.000000 0.000000 1.000000
vn 0.000000 0.000000 1.000000
vn 0.000000 0.000000 1.000000
vn 0.000000 0.000000 1.000000
vn 0.000000 0.000000 1.000000
vn 0.000000 0.000000 1.000000
vn 0.000000 0.000000 1.000000
vn 0.000000 0.000000 1.000000
vn 0.000000 0.000000 1.000000
vn 0.000000 0.000000 1.000000
vn 0.000000 0.000000 1.000000
vn 0.000000 0.000000 1.000000
vn 0.000000 0.000000 -1.000000
vn 0.000000 0.000000 -1.000000
vn 0.000000 0.000000 -1.000000
vn 0.000000 0.000000 -1.000000
vn 0.000000 0.000000 -1.000000
vn 0.000000 0.000000 -1.000000
vn 0.000000 0.000000 -1.000000
vn 0.000000 0.000000 -1.000000
vn 0.000000 0.000000 -1.000000
vn 0.000000 0.000000 -1.000000
vn 0.000000 0.000000 -1.000000
vn 0.000000 0.000000 -1.000000
vn 0.000000 0.000000 -1.000000
vn 0.000000 0.000000 -1.000000
vn 0.000000 0.000000 -1.000000
vn 0.000000 0.000000 -1.000000
vn 0.000000 0.000000 -1.000000
vn 0.000000 0.000000 -1.000000
vn 0.000000 0.000000 -1.000000
vn 0.000000 0.000000 -1.000000
vn 0.000000 0.000000 -1.000000
s 1
g DresserBaseMesh pCylinder3
usemtl initialShadingGroup
f 325/457/813 326/458/814 346/479/815 345/478/816
f 326/458/814 327/459/817 347/480/818 346/479/815
f 327/459/817 328/460/819 348/481/820 347/480/818
f 328/460/819 329/461/821 349/482/822 348/481/820
f 329/461/821 330/462/823 350/483/824 349/482/822
f 330/462/823 331/463/825 351/484/826 350/483/824
f 331/463/825 332/464/827 352/485/828 351/484/826
f 332/464/827 333/465/829 353/486/830 352/485/828
f 333/465/829 334/466/831 354/487/832 353/486/830
f 334/466/831 335/467/833 355/488/834 354/487/832
f 335/467/833 336/468/835 356/489/836 355/488/834
f 336/468/835 337/469/837 357/490/838 356/489/836
f 337/469/837 338/470/839 358/491/840 357/490/838
f 338/470/839 339/471/841 359/492/842 358/491/840
f 339/471/841 340/472/843 360/493/844 359/492/842
f 340/472/843 341/473/845 361/494/846 360/493/844
f 341/473/845 342/474/847 362/495/848 361/494/846
f 342/474/847 343/475/849 363/496/850 362/495/848
f 343/475/849 344/476/851 364/497/852 363/496/850
f 344/476/851 325/477/813 345/498/816 364/497/852
s 2
f 326/438/853 325/437/854 365/519/855
f 327/439/856 326/438/853 365/519/855
f 328/440/857 327/439/856 365/519/855
f 329/441/858 328/440/857 365/519/855
f 330/442/859 329/441/858 365/519/855
f 331/443/860 330/442/859 365/519/855
f 332/444/861 331/443/860 365/519/855
f 333/445/862 332/444/861 365/519/855
f 334/446/863 333/445/862 365/519/855
f 335/447/864 334/446/863 365/519/855
f 336/448/865 335/447/864 365/519/855
f 337/449/866 336/448/865 365/519/855
f 338/450/867 337/449/866 365/519/855
f 339/451/868 338/450/867 365/519/855
f 340/452/869 339/451/868 365/519/855
f 341/453/870 340/452/869 365/519/855
f 342/454/871 341/453/870 365/519/855
f 343/455/872 342/454/871 365/519/855
f 344/456/873 343/455/872 365/519/855
f 325/437/854 344/456/873 365/519/855
s 3
f 345/517/874 346/516/875 366/520/876
f 346/516/875 347/515/877 366/520/876
f 347/515/877 348/514/878 366/520/876
f 348/514/878 349/513/879 366/520/876
f 349/513/879 350/512/880 366/520/876
f 350/512/880 351/511/881 366/520/876
f 351/511/881 352/510/882 366/520/876
f 352/510/882 353/509/883 366/520/876
f 353/509/883 354/508/884 366/520/876
f 354/508/884 355/507/885 366/520/876
f 355/507/885 356/506/886 366/520/876
f 356/506/886 357/505/887 366/520/876
f 357/505/887 358/504/888 366/520/876
f 358/504/888 359/503/889 366/520/876
f 359/503/889 360/502/890 366/520/876
f 360/502/890 361/501/891 366/520/876
f 361/501/891 362/500/892 366/520/876
f 362/500/892 363/499/893 366/520/876
f 363/499/893 364/518/894 366/520/876
f 364/518/894 345/517/874 366/520/876
g default
v -43.573414 29.536474 35.992885
v -43.786474 29.118322 35.992885
v -44.118322 28.786474 35.992885
v -44.536474 28.573414 35.992885
v -45.000000 28.499999 35.992885
v -45.463526 28.573415 35.992885
v -45.881678 28.786474 35.992885
v -46.213526 29.118322 35.992885
v -46.426585 29.536474 35.992885
v -46.500000 30.000000 35.992885
v -46.426585 30.463526 35.992885
v -46.213526 30.881678 35.992885
v -45.881678 31.213526 35.992885
v -45.463526 31.426585 35.992885
v -45.000000 31.500000 35.992885
v -44.536475 31.426585 35.992885
v -44.118322 31.213526 35.992885
v -43.786474 30.881678 35.992885
v -43.573415 30.463526 35.992885
v -43.500000 30.000000 35.992885
v -43.573414 29.536474 30.992885
v -43.786474 29.118322 30.992885
v -44.118322 28.786474 30.992885
v -44.536474 28.573414 30.992885
v -45.000000 28.499999 30.992885
v -45.463526 28.573415 30.992885
v -45.881678 28.786474 30.992885
v -46.213526 29.118322 30.992885
v -46.426585 29.536474 30.992885
v -46.500000 30.000000 30.992885
v -46.426585 30.463526 30.992885
v -46.213526 30.881678 30.992885
v -45.881678 31.213526 30.992885
v -45.463526 31.426585 30.992885
v -45.000000 31.500000 30.992885
v -44.536475 31.426585 30.992885
v -44.118322 31.213526 30.992885
v -43.786474 30.881678 30.992885
v -43.573415 30.463526 30.992885
v -43.500000 30.000000 30.992885
v -45.000000 30.000000 35.992885
v -45.000000 30.000000 30.992885
vt 0.648603 0.107966
vt 0.626409 0.064408
vt 0.591842 0.029841
vt 0.548284 0.007647
vt 0.500000 -0.000000
vt 0.451716 0.007647
vt 0.408159 0.029841
vt 0.373591 0.064409
vt 0.351397 0.107966
vt 0.343750 0.156250
vt 0.351397 0.204534
vt 0.373591 0.248091
vt 0.408159 0.282659
vt 0.451716 0.304853
vt 0.500000 0.312500
vt 0.548284 0.304853
vt 0.591841 0.282659
vt 0.626409 0.248091
vt 0.648603 0.204534
vt 0.656250 0.156250
vt 0.375000 0.312500
vt 0.387500 0.312500
vt 0.400000 0.312500
vt 0.412500 0.312500
vt 0.425000 0.312500
vt 0.437500 0.312500
vt 0.450000 0.312500
vt 0.462500 0.312500
vt 0.475000 0.312500
vt 0.487500 0.312500
vt 0.500000 0.312500
vt 0.512500 0.312500
vt 0.525000 0.312500
vt 0.537500 0.312500
vt 0.550000 0.312500
vt 0.562500 0.312500
vt 0.575000 0.312500
vt 0.587500 0.312500
vt 0.600000 0.312500
vt 0.612500 0.312500
vt 0.625000 0.312500
vt 0.375000 0.687500
vt 0.387500 0.687500
vt 0.400000 0.687500
vt 0.412500 0.687500
vt 0.425000 0.687500
vt 0.437500 0.687500
vt 0.450000 0.687500
vt 0.462500 0.687500
vt 0.475000 0.687500
vt 0.487500 0.687500
vt 0.500000 0.687500
vt 0.512500 0.687500
vt 0.525000 0.687500
vt 0.537500 0.687500
vt 0.550000 0.687500
vt 0.562500 0.687500
vt 0.575000 0.687500
vt 0.587500 0.687500
vt 0.600000 0.687500
vt 0.612500 0.687500
vt 0.625000 0.687500
vt 0.648603 0.795466
vt 0.626409 0.751908
vt 0.591842 0.717341
vt 0.548284 0.695147
vt 0.500000 0.687500
vt 0.451716 0.695147
vt 0.408159 0.717341
vt 0.373591 0.751909
vt 0.351397 0.795466
vt 0.343750 0.843750
vt 0.351397 0.892034
vt 0.373591 0.935591
vt 0.408159 0.970159
vt 0.451716 0.992353
vt 0.500000 1.000000
vt 0.548284 0.992353
vt 0.591841 0.970159
vt 0.626409 0.935591
vt 0.648603 0.892034
vt 0.656250 0.843750
vt 0.500000 0.156250
vt 0.500000 0.843750
vn 0.951057 -0.309016 0.000000
vn 0.809017 -0.587785 0.000000
vn 0.809017 -0.587785 0.000000
vn 0.951057 -0.309016 0.000000
vn 0.587785 -0.809017 0.000000
vn 0.587785 -0.809017 0.000000
vn 0.309017 -0.951057 0.000000
vn 0.309017 -0.951057 0.000000
vn -0.000000 -1.000000 -0.000000
vn -0.000000 -1.000000 -0.000000
vn -0.309017 -0.951056 -0.000000
vn -0.309017 -0.951056 -0.000000
vn -0.587785 -0.809017 -0.000000
vn -0.587785 -0.809017 -0.000000
vn -0.809017 -0.587785 -0.000000
vn -0.809017 -0.587785 -0.000000
vn -0.951057 -0.309017 -0.000000
vn -0.951057 -0.309017 -0.000000
vn -1.000000 0.000000 0.000000
vn -1.000000 0.000000 0.000000
vn -0.951056 0.309017 0.000000
vn -0.951056 0.309017 0.000000
vn -0.809017 0.587785 0.000000
vn -0.809017 0.587785 0.000000
vn -0.587785 0.809017 0.000000
vn -0.587785 0.809017 0.000000
vn -0.309017 0.951057 0.000000
vn -0.309017 0.951057 0.000000
vn 0.000000 1.000000 0.000000
vn 0.000000 1.000000 0.000000
vn 0.309017 0.951056 0.000000
vn 0.309017 0.951056 0.000000
vn 0.587785 0.809017 0.000000
vn 0.587785 0.809017 0.000000
vn 0.809017 0.587785 0.000000
vn 0.809017 0.587785 0.000000
vn 0.951057 0.309017 0.000000
vn 0.951057 0.309017 0.000000
vn 1.000000 0.000001 0.000000
vn 1.000000 0.000001 0.000000
vn 0.000000 0.000000 1.000000
vn 0.000000 0.000000 1.000000
vn 0.000000 0.000000 1.000000
vn 0.000000 0.000000 1.000000
vn 0.000000 0.000000 1.000000
vn 0.000000 0.000000 1.000000
vn 0.000000 0.000000 1.000000
vn 0.000000 0.000000 1.000000
vn 0.000000 0.000000 1.000000
vn 0.000000 0.000000 1.000000
vn 0.000000 0.000000 1.000000
vn 0.000000 0.000000 1.000000
vn 0.000000 0.000000 1.000000
vn 0.000000 0.000000 1.000000
vn 0.000000 0.000000 1.000000
vn 0.000000 0.000000 1.000000
vn 0.000000 0.000000 1.000000
vn 0.000000 0.000000 1.000000
vn 0.000000 0.000000 1.000000
vn 0.000000 0.000000 1.000000
vn 0.000000 0.000000 1.000000
vn 0.000000 0.000000 -1.000000
vn 0.000000 0.000000 -1.000000
vn 0.000000 0.000000 -1.000000
vn 0.000000 0.000000 -1.000000
vn 0.000000 0.000000 -1.000000
vn 0.000000 0.000000 -1.000000
vn 0.000000 0.000000 -1.000000
vn 0.000000 0.000000 -1.000000
vn 0.000000 0.000000 -1.000000
vn 0.000000 0.000000 -1.000000
vn 0.000000 0.000000 -1.000000
vn 0.000000 0.000000 -1.000000
vn 0.000000 0.000000 -1.000000
vn 0.000000 0.000000 -1.000000
vn 0.000000 0.000000 -1.000000
vn 0.000000 0.000000 -1.000000
vn 0.000000 0.000000 -1.000000
vn 0.000000 0.000000 -1.000000
vn 0.000000 0.000000 -1.000000
vn 0.000000 0.000000 -1.000000
vn 0.000000 0.000000 -1.000000
s 1
g DresserBaseMesh pCylinder4
usemtl initialShadingGroup
f 367/541/895 368/542/896 388/563/897 387/562/898
f 368/542/896 369/543/899 389/564/900 388/563/897
f 369/543/899 370/544/901 390/565/902 389/564/900
f 370/544/901 371/545/903 391/566/904 390/565/902
f 371/545/903 372/546/905 392/567/906 391/566/904
f 372/546/905 373/547/907 393/568/908 392/567/906
f 373/547/907 374/548/909 394/569/910 393/568/908
f 374/548/909 375/549/911 395/570/912 394/569/910
f 375/549/911 376/550/913 396/571/914 395/570/912
f 376/550/913 377/551/915 397/572/916 396/571/914
f 377/551/915 378/552/917 398/573/918 397/572/916
f 378/552/917 379/553/919 399/574/920 398/573/918
f 379/553/919 380/554/921 400/575/922 399/574/920
f 380/554/921 381/555/923 401/576/924 400/575/922
f 381/555/923 382/556/925 402/577/926 401/576/924
f 382/556/925 383/557/927 403/578/928 402/577/926
f 383/557/927 384/558/929 404/579/930 403/578/928
f 384/558/929 385/559/931 405/580/932 404/579/930
f 385/559/931 386/560/933 406/581/934 405/580/932
f 386/560/933 367/561/895 387/582/898 406/581/934
s 2
f 368/522/935 367/521/936 407/603/937
f 369/523/938 368/522/935 407/603/937
f 370/524/939 369/523/938 407/603/937
f 371/525/940 370/524/939 407/603/937
f 372/526/941 371/525/940 407/603/937
f 373/527/942 372/526/941 407/603/937
f 374/528/943 373/527/942 407/603/937
f 375/529/944 374/528/943 407/603/937
f 376/530/945 375/529/944 407/603/937
f 377/531/946 376/530/945 407/603/937
f 378/532/947 377/531/946 407/603/937
f 379/533/948 378/532/947 407/603/937
f 380/534/949 379/533/948 407/603/937
f 381/535/950 380/534/949 407/603/937
f 382/536/951 381/535/950 407/603/937
f 383/537/952 382/536/951 407/603/937
f 384/538/953 383/537/952 407/603/937
f 385/539/954 384/538/953 407/603/937
f 386/540/955 385/539/954 407/603/937
f 367/521/936 386/540/955 407/603/937
s 3
f 387/601/956 388/600/957 408/604/958
f 388/600/957 389/599/959 408/604/958
f 389/599/959 390/598/960 408/604/958
f 390/598/960 391/597/961 408/604/958
f 391/597/961 392/596/962 408/604/958
f 392/596/962 393/595/963 408/604/958
f 393/595/963 394/594/964 408/604/958
f 394/594/964 395/593/965 408/604/958
f 395/593/965 396/592/966 408/604/958
f 396/592/966 397/591/967 408/604/958
f 397/591/967 398/590/968 408/604/958
f 398/590/968 399/589/969 408/604/958
f 399/589/969 400/588/970 408/604/958
f 400/588/970 401/587/971 408/604/958
f 401/587/971 402/586/972 408/604/958
f 402/586/972 403/585/973 408/604/958
f 403/585/973 404/584/974 408/604/958
f 404/584/974 405/583/975 408/604/958
f 405/583/975 406/602/976 408/604/958
f 406/602/976 387/601/956 408/604/958
g default
v 45.446334 27.036935 32.396808
v 45.379675 27.036935 32.309590
v 45.275850 27.036935 32.240373
v 45.145023 27.036935 32.195934
v 45.000000 27.036935 32.180621
v 44.854977 27.036935 32.195934
v 44.724150 27.036935 32.240373
v 44.620325 27.036935 32.309590
v 44.553666 27.036935 32.396808
v 44.530696 27.036935 32.493490
v 44.553666 27.036935 32.590172
v 44.620325 27.036935 32.677390
v 44.724150 27.036935 32.746606
v 44.854977 27.036935 32.791046
v 45.000000 27.036935 32.806359
v 45.145023 27.036935 32.791046
v 45.275850 27.036935 32.746606
v 45.379674 27.036935 32.677390
v 45.446334 27.036935 32.590172
v 45.469303 27.036935 32.493490
v 45.881678 27.146830 32.302507
v 45.750001 27.146830 32.130218
v 45.544907 27.146830 31.993490
v 45.286475 27.146830 31.905704
v 45.000000 27.146830 31.875456
v 44.713525 27.146830 31.905704
v 44.455093 27.146830 31.993490
v 44.250000 27.146830 32.130219
v 44.118322 27.146830 32.302507
v 44.072949 27.146830 32.493490
v 44.118322 27.146830 32.684473
v 44.250000 27.146830 32.856761
v 44.455093 27.146830 32.993490
v 44.713525 27.146830 33.081275
v 45.000000 27.146830 33.111524
v 45.286474 27.146830 33.081275
v 45.544907 27.146830 32.993490
v 45.750000 27.146830 32.856761
v 45.881678 27.146830 32.684473
v 45.927051 27.146830 32.493490
v 46.295313 27.326980 32.212908
v 46.101859 27.326980 31.959792
v 45.800547 27.326980 31.758917
v 45.420873 27.326980 31.629948
v 45.000000 27.326980 31.585508
v 44.579127 27.326980 31.629948
v 44.199453 27.326980 31.758918
v 43.898142 27.326980 31.959792
v 43.704688 27.326980 32.212908
v 43.638028 27.326980 32.493490
v 43.704688 27.326980 32.774072
v 43.898142 27.326980 33.027188
v 44.199453 27.326980 33.228062
v 44.579128 27.326980 33.357031
v 45.000000 27.326980 33.401471
v 45.420872 27.326980 33.357031
v 45.800547 27.326980 33.228062
v 46.101858 27.326980 33.027188
v 46.295312 27.326980 32.774071
v 46.361972 27.326980 32.493490
v 46.677052 27.572949 32.130218
v 46.426586 27.572949 31.802506
v 46.036475 27.572949 31.542433
v 45.544907 27.572949 31.375455
v 45.000000 27.572949 31.317919
v 44.455093 27.572949 31.375455
v 43.963525 27.572949 31.542433
v 43.573415 27.572949 31.802507
v 43.322949 27.572949 32.130219
v 43.236644 27.572949 32.493490
v 43.322949 27.572949 32.856761
v 43.573415 27.572949 33.184473
v 43.963525 27.572949 33.444547
v 44.455093 27.572949 33.611524
v 45.000000 27.572949 33.669060
v 45.544907 27.572949 33.611524
v 46.036474 27.572949 33.444546
v 46.426585 27.572949 33.184473
v 46.677051 27.572949 32.856761
v 46.763356 27.572949 32.493490
v 47.017497 27.878680 32.056474
v 46.716185 27.878680 31.662236
v 46.246882 27.878680 31.349366
v 45.655524 27.878680 31.148492
v 45.000000 27.878680 31.079276
v 44.344476 27.878680 31.148492
v 43.753119 27.878680 31.349367
v 43.283815 27.878680 31.662236
v 42.982504 27.878680 32.056474
v 42.878679 27.878680 32.493490
v 42.982504 27.878680 32.930506
v 43.283815 27.878680 33.324744
v 43.753119 27.878680 33.637613
v 44.344476 27.878680 33.838487
v 45.000000 27.878680 33.907704
v 45.655524 27.878680 33.838487
v 46.246881 27.878680 33.637613
v 46.716184 27.878680 33.324744
v 47.017496 27.878680 32.930506
v 47.121320 27.878680 32.493490
v 47.308264 28.236644 31.993490
v 46.963527 28.236644 31.542433
v 46.426586 28.236644 31.184472
v 45.750000 28.236644 30.954647
v 45.000000 28.236644 30.875455
v 44.250000 28.236644 30.954647
v 43.573415 28.236644 31.184472
v 43.036474 28.236644 31.542433
v 42.691737 28.236644 31.993490
v 42.572948 28.236644 32.493490
v 42.691737 28.236644 32.993490
v 43.036474 28.236644 33.444547
v 43.573415 28.236644 33.802507
v 44.250000 28.236644 34.032332
v 45.000000 28.236644 34.111524
v 45.750000 28.236644 34.032332
v 46.426585 28.236644 33.802507
v 46.963526 28.236644 33.444546
v 47.308263 28.236644 32.993490
v 47.427051 28.236644 32.493490
v 47.542194 28.638028 31.942817
v 47.162520 28.638028 31.446048
v 46.571162 28.638028 31.051810
v 45.826009 28.638028 30.798694
v 45.000000 28.638028 30.711476
v 44.173991 28.638028 30.798694
v 43.428838 28.638028 31.051811
v 42.837481 28.638028 31.446049
v 42.457807 28.638028 31.942817
v 42.326980 28.638028 32.493490
v 42.457807 28.638028 33.044162
v 42.837481 28.638028 33.540931
v 43.428838 28.638028 33.935169
v 44.173991 28.638028 34.188285
v 45.000000 28.638028 34.275503
v 45.826008 28.638028 34.188285
v 46.571162 28.638028 33.935169
v 47.162518 28.638028 33.540931
v 47.542193 28.638028 33.044162
v 47.673020 28.638028 32.493490
v 47.713527 29.072949 31.905704
v 47.308264 29.072949 31.375455
v 46.677052 29.072949 30.954647
v 45.881678 29.072949 30.684472
v 45.000000 29.072949 30.591376
v 44.118322 29.072949 30.684472
v 43.322948 29.072949 30.954647
v 42.691737 29.072949 31.375456
v 42.286474 29.072949 31.905704
v 42.146830 29.072949 32.493490
v 42.286474 29.072949 33.081275
v 42.691737 29.072949 33.611524
v 43.322949 29.072949 34.032332
v 44.118322 29.072949 34.302507
v 45.000000 29.072949 34.395603
v 45.881678 29.072949 34.302507
v 46.677051 29.072949 34.032332
v 47.308263 29.072949 33.611524
v 47.713526 29.072949 33.081275
v 47.853170 29.072949 32.493490
v 47.818044 29.530697 31.883065
v 47.397172 29.530697 31.332392
v 46.741647 29.530697 30.895376
v 45.915638 29.530697 30.614794
v 45.000000 29.530697 30.518112
v 44.084362 29.530697 30.614794
v 43.258353 29.530697 30.895376
v 42.602829 29.530697 31.332392
v 42.181957 29.530697 31.883065
v 42.036934 29.530697 32.493490
v 42.181957 29.530697 33.103915
v 42.602830 29.530697 33.654587
v 43.258354 29.530697 34.091603
v 44.084362 29.530697 34.372185
v 45.000000 29.530697 34.468867
v 45.915637 29.530697 34.372185
v 46.741646 29.530697 34.091603
v 47.397170 29.530697 33.654587
v 47.818043 29.530697 33.103915
v 47.963065 29.530697 32.493490
v 47.853171 30.000000 31.875456
v 47.427053 30.000000 31.317919
v 46.763357 30.000000 30.875455
v 45.927051 30.000000 30.591376
v 45.000000 30.000000 30.493489
v 44.072949 30.000000 30.591376
v 43.236644 30.000000 30.875455
v 42.572948 30.000000 31.317919
v 42.146830 30.000000 31.875456
v 41.999999 30.000000 32.493490
v 42.146830 30.000000 33.111524
v 42.572948 30.000000 33.669061
v 43.236644 30.000000 34.111524
v 44.072949 30.000000 34.395603
v 45.000000 30.000000 34.493490
v 45.927051 30.000000 34.395603
v 46.763356 30.000000 34.111524
v 47.427051 30.000000 33.669060
v 47.853170 30.000000 33.111524
v 48.000000 30.000000 32.493490
v 47.818044 30.469303 31.883065
v 47.397172 30.469303 31.332392
v 46.741647 30.469303 30.895376
v 45.915638 30.469303 30.614794
v 45.000000 30.469303 30.518112
v 44.084362 30.469303 30.614794
v 43.258353 30.469303 30.895376
v 42.602829 30.469303 31.332392
v 42.181957 30.469303 31.883065
v 42.036934 30.469303 32.493490
v 42.181957 30.469303 33.103915
v 42.602830 30.469303 33.654587
v 43.258354 30.469303 34.091603
v 44.084362 30.469303 34.372185
v 45.000000 30.469303 34.468867
v 45.915637 30.469303 34.372185
v 46.741646 30.469303 34.091603
v 47.397170 30.469303 33.654587
v 47.818043 30.469303 33.103915
v 47.963065 30.469303 32.493490
v 47.713527 30.927051 31.905704
v 47.308264 30.927051 31.375455
v 46.677052 30.927051 30.954647
v 45.881678 30.927051 30.684472
v 45.000000 30.927051 30.591376
v 44.118322 30.927051 30.684472
v 43.322948 30.927051 30.954647
v 42.691737 30.927051 31.375456
v 42.286474 30.927051 31.905704
v 42.146830 30.927051 32.493490
v 42.286474 30.927051 33.081275
v 42.691737 30.927051 33.611524
v 43.322949 30.927051 34.032332
v 44.118322 30.927051 34.302507
v 45.000000 30.927051 34.395603
v 45.881678 30.927051 34.302507
v 46.677051 30.927051 34.032332
v 47.308263 30.927051 33.611524
v 47.713526 30.927051 33.081275
v 47.853170 30.927051 32.493490
v 47.542194 31.361972 31.942817
v 47.162520 31.361972 31.446048
v 46.571162 31.361972 31.051810
v 45.826009 31.361972 30.798694
v 45.000000 31.361972 30.711476
v 44.173991 31.361972 30.798694
v 43.428838 31.361972 31.051811
v 42.837481 31.361972 31.446049
v 42.457807 31.361972 31.942817
v 42.326980 31.361972 32.493490
v 42.457807 31.361972 33.044162
v 42.837481 31.361972 33.540931
v 43.428838 31.361972 33.935169
v 44.173991 31.361972 34.188285
v 45.000000 31.361972 34.275503
v 45.826008 31.361972 34.188285
v 46.571162 31.361972 33.935169
v 47.162518 31.361972 33.540931
v 47.542193 31.361972 33.044162
v 47.673020 31.361972 32.493490
v 47.308264 31.763356 31.993490
v 46.963527 31.763356 31.542433
v 46.426586 31.763356 31.184472
v 45.750000 31.763356 30.954647
v 45.000000 31.763356 30.875455
v 44.250000 31.763356 30.954647
v 43.573415 31.763356 31.184472
v 43.036474 31.763356 31.542433
v 42.691737 31.763356 31.993490
v 42.572948 31.763356 32.493490
v 42.691737 31.763356 32.993490
v 43.036474 31.763356 33.444547
v 43.573415 31.763356 33.802507
v 44.250000 31.763356 34.032332
v 45.000000 31.763356 34.111524
v 45.750000 31.763356 34.032332
v 46.426585 31.763356 33.802507
v 46.963526 31.763356 33.444546
v 47.308263 31.763356 32.993490
v 47.427051 31.763356 32.493490
v 47.017497 32.121320 32.056474
v 46.716185 32.121320 31.662236
v 46.246882 32.121320 31.349366
v 45.655524 32.121320 31.148492
v 45.000000 32.121320 31.079276
v 44.344476 32.121320 31.148492
v 43.753119 32.121320 31.349367
v 43.283815 32.121320 31.662236
v 42.982504 32.121320 32.056474
v 42.878679 32.121320 32.493490
v 42.982504 32.121320 32.930506
v 43.283815 32.121320 33.324744
v 43.753119 32.121320 33.637613
v 44.344476 32.121320 33.838487
v 45.000000 32.121320 33.907704
v 45.655524 32.121320 33.838487
v 46.246881 32.121320 33.637613
v 46.716184 32.121320 33.324744
v 47.017496 32.121320 32.930506
v 47.121320 32.121320 32.493490
v 46.677052 32.427051 32.130218
v 46.426586 32.427051 31.802506
v 46.036475 32.427051 31.542433
v 45.544907 32.427051 31.375455
v 45.000000 32.427051 31.317919
v 44.455093 32.427051 31.375455
v 43.963525 32.427051 31.542433
v 43.573415 32.427051 31.802507
v 43.322949 32.427051 32.130219
v 43.236644 32.427051 32.493490
v 43.322949 32.427051 32.856761
v 43.573415 32.427051 33.184473
v 43.963525 32.427051 33.444547
v 44.455093 32.427051 33.611524
v 45.000000 32.427051 33.669060
v 45.544907 32.427051 33.611524
v 46.036474 32.427051 33.444546
v 46.426585 32.427051 33.184473
v 46.677051 32.427051 32.856761
v 46.763356 32.427051 32.493490
v 46.295313 32.673020 32.212908
v 46.101859 32.673020 31.959792
v 45.800547 32.673020 31.758917
v 45.420873 32.673020 31.629948
v 45.000000 32.673020 31.585508
v 44.579127 32.673020 31.629948
v 44.199453 32.673020 31.758918
v 43.898142 32.673020 31.959792
v 43.704688 32.673020 32.212908
v 43.638028 32.673020 32.493490
v 43.704688 32.673020 32.774072
v 43.898142 32.673020 33.027188
v 44.199453 32.673020 33.228062
v 44.579128 32.673020 33.357031
v 45.000000 32.673020 33.401471
v 45.420872 32.673020 33.357031
v 45.800547 32.673020 33.228062
v 46.101858 32.673020 33.027188
v 46.295312 32.673020 32.774071
v 46.361972 32.673020 32.493490
v 45.881678 32.853170 32.302507
v 45.750001 32.853170 32.130218
v 45.544907 32.853170 31.993490
v 45.286475 32.853170 31.905704
v 45.000000 32.853170 31.875456
v 44.713525 32.853170 31.905704
v 44.455093 32.853170 31.993490
v 44.250000 32.853170 32.130219
v 44.118322 32.853170 32.302507
v 44.072949 32.853170 32.493490
v 44.118322 32.853170 32.684473
v 44.250000 32.853170 32.856761
v 44.455093 32.853170 32.993490
v 44.713525 32.853170 33.081275
v 45.000000 32.853170 33.111524
v 45.286474 32.853170 33.081275
v 45.544907 32.853170 32.993490
v 45.750000 32.853170 32.856761
v 45.881678 32.853170 32.684473
v 45.927051 32.853170 32.493490
v 45.446334 32.963065 32.396808
v 45.379675 32.963065 32.309590
v 45.275850 32.963065 32.240373
v 45.145023 32.963065 32.195934
v 45.000000 32.963065 32.180621
v 44.854977 32.963065 32.195934
v 44.724150 32.963065 32.240373
v 44.620325 32.963065 32.309590
v 44.553666 32.963065 32.396808
v 44.530696 32.963065 32.493490
v 44.553666 32.963065 32.590172
v 44.620325 32.963065 32.677390
v 44.724150 32.963065 32.746606
v 44.854977 32.963065 32.791046
v 45.000000 32.963065 32.806359
v 45.145023 32.963065 32.791046
v 45.275850 32.963065 32.746606
v 45.379674 32.963065 32.677390
v 45.446334 32.963065 32.590172
v 45.469303 32.963065 32.493490
v 45.000000 27.000000 32.493490
v 45.000000 33.000000 32.493490
vt 0.000000 0.050000
vt 0.050000 0.050000
vt 0.100000 0.050000
vt 0.150000 0.050000
vt 0.200000 0.050000
vt 0.250000 0.050000
vt 0.300000 0.050000
vt 0.350000 0.050000
vt 0.400000 0.050000
vt 0.450000 0.050000
vt 0.500000 0.050000
vt 0.550000 0.050000
vt 0.600000 0.050000
vt 0.650000 0.050000
vt 0.700000 0.050000
vt 0.750000 0.050000
vt 0.800000 0.050000
vt 0.850000 0.050000
vt 0.900000 0.050000
vt 0.950000 0.050000
vt 1.000000 0.050000
vt 0.000000 0.100000
vt 0.050000 0.100000
vt 0.100000 0.100000
vt 0.150000 0.100000
vt 0.200000 0.100000
vt 0.250000 0.100000
vt 0.300000 0.100000
vt 0.350000 0.100000
vt 0.400000 0.100000
vt 0.450000 0.100000
vt 0.500000 0.100000
vt 0.550000 0.100000
vt 0.600000 0.100000
vt 0.650000 0.100000
vt 0.700000 0.100000
vt 0.750000 0.100000
vt 0.800000 0.100000
vt 0.850000 0.100000
vt 0.900000 0.100000
vt 0.950000 0.100000
vt 1.000000 0.100000
vt 0.000000 0.150000
vt 0.050000 0.150000
vt 0.100000 0.150000
vt 0.150000 0.150000
vt 0.200000 0.150000
vt 0.250000 0.150000
vt 0.300000 0.150000
vt 0.350000 0.150000
vt 0.400000 0.150000
vt 0.450000 0.150000
vt 0.500000 0.150000
vt 0.550000 0.150000
vt 0.600000 0.150000
vt 0.650000 0.150000
vt 0.700000 0.150000
vt 0.750000 0.150000
vt 0.800000 0.150000
vt 0.850000 0.150000
vt 0.900000 0.150000
vt 0.950000 0.150000
vt 1.000000 0.150000
vt 0.000000 0.200000
vt 0.050000 0.200000
vt 0.100000 0.200000
vt 0.150000 0.200000
vt 0.200000 0.200000
vt 0.250000 0.200000
vt 0.300000 0.200000
vt 0.350000 0.200000
vt 0.400000 0.200000
vt 0.450000 0.200000
vt 0.500000 0.200000
vt 0.550000 0.200000
vt 0.600000 0.200000
vt 0.650000 0.200000
vt 0.700000 0.200000
vt 0.750000 0.200000
vt 0.800000 0.200000
vt 0.850000 0.200000
vt 0.900000 0.200000
vt 0.950000 0.200000
vt 1.000000 0.200000
vt 0.000000 0.250000
vt 0.050000 0.250000
vt 0.100000 0.250000
vt 0.150000 0.250000
vt 0.200000 0.250000
vt 0.250000 0.250000
vt 0.300000 0.250000
vt 0.350000 0.250000
vt 0.400000 0.250000
vt 0.450000 0.250000
vt 0.500000 0.250000
vt 0.550000 0.250000
vt 0.600000 0.250000
vt 0.650000 0.250000
vt 0.700000 0.250000
vt 0.750000 0.250000
vt 0.800000 0.250000
vt 0.850000 0.250000
vt 0.900000 0.250000
vt 0.950000 0.250000
vt 1.000000 0.250000
vt 0.000000 0.300000
vt 0.050000 0.300000
vt 0.100000 0.300000
vt 0.150000 0.300000
vt 0.200000 0.300000
vt 0.250000 0.300000
vt 0.300000 0.300000
vt 0.350000 0.300000
vt 0.400000 0.300000
vt 0.450000 0.300000
vt 0.500000 0.300000
vt 0.550000 0.300000
vt 0.600000 0.300000
vt 0.650000 0.300000
vt 0.700000 0.300000
vt 0.750000 0.300000
vt 0.800000 0.300000
vt 0.850000 0.300000
vt 0.900000 0.300000
vt 0.950000 0.300000
vt 1.000000 0.300000
vt 0.000000 0.350000
vt 0.050000 0.350000
vt 0.100000 0.350000
vt 0.150000 0.350000
vt 0.200000 0.350000
vt 0.250000 0.350000
vt 0.300000 0.350000
vt 0.350000 0.350000
vt 0.400000 0.350000
vt 0.450000 0.350000
vt 0.500000 0.350000
vt 0.550000 0.350000
vt 0.600000 0.350000
vt 0.650000 0.350000
vt 0.700000 0.350000
vt 0.750000 0.350000
vt 0.800000 0.350000
vt 0.850000 0.350000
vt 0.900000 0.350000
vt 0.950000 0.350000
vt 1.000000 0.350000
vt 0.000000 0.400000
vt 0.050000 0.400000
vt 0.100000 0.400000
vt 0.150000 0.400000
vt 0.200000 0.400000
vt 0.250000 0.400000
vt 0.300000 0.400000
vt 0.350000 0.400000
vt 0.400000 0.400000
vt 0.450000 0.400000
vt 0.500000 0.400000
vt 0.550000 0.400000
vt 0.600000 0.400000
vt 0.650000 0.400000
vt 0.700000 0.400000
vt 0.750000 0.400000
vt 0.800000 0.400000
vt 0.850000 0.400000
vt 0.900000 0.400000
vt 0.950000 0.400000
vt 1.000000 0.400000
vt 0.000000 0.450000
vt 0.050000 0.450000
vt 0.100000 0.450000
vt 0.150000 0.450000
vt 0.200000 0.450000
vt 0.250000 0.450000
vt 0.300000 0.450000
vt 0.350000 0.450000
vt 0.400000 0.450000
vt 0.450000 0.450000
vt 0.500000 0.450000
vt 0.550000 0.450000
vt 0.600000 0.450000
vt 0.650000 0.450000
vt 0.700000 0.450000
vt 0.750000 0.450000
vt 0.800000 0.450000
vt 0.850000 0.450000
vt 0.900000 0.450000
vt 0.950000 0.450000
vt 1.000000 0.450000
vt 0.000000 0.500000
vt 0.050000 0.500000
vt 0.100000 0.500000
vt 0.150000 0.500000
vt 0.200000 0.500000
vt 0.250000 0.500000
vt 0.300000 0.500000
vt 0.350000 0.500000
vt 0.400000 0.500000
vt 0.450000 0.500000
vt 0.500000 0.500000
vt 0.550000 0.500000
vt 0.600000 0.500000
vt 0.650000 0.500000
vt 0.700000 0.500000
vt 0.750000 0.500000
vt 0.800000 0.500000
vt 0.850000 0.500000
vt 0.900000 0.500000
vt 0.950000 0.500000
vt 1.000000 0.500000
vt 0.000000 0.550000
vt 0.050000 0.550000
vt 0.100000 0.550000
vt 0.150000 0.550000
vt 0.200000 0.550000
vt 0.250000 0.550000
vt 0.300000 0.550000
vt 0.350000 0.550000
vt 0.400000 0.550000
vt 0.450000 0.550000
vt 0.500000 0.550000
vt 0.550000 0.550000
vt 0.600000 0.550000
vt 0.650000 0.550000
vt 0.700000 0.550000
vt 0.750000 0.550000
vt 0.800000 0.550000
vt 0.850000 0.550000
vt 0.900000 0.550000
vt 0.950000 0.550000
vt 1.000000 0.550000
vt 0.000000 0.600000
vt 0.050000 0.600000
vt 0.100000 0.600000
vt 0.150000 0.600000
vt 0.200000 0.600000
vt 0.250000 0.600000
vt 0.300000 0.600000
vt 0.350000 0.600000
vt 0.400000 0.600000
vt 0.450000 0.600000
vt 0.500000 0.600000
vt 0.550000 0.600000
vt 0.600000 0.600000
vt 0.650000 0.600000
vt 0.700000 0.600000
vt 0.750000 0.600000
vt 0.800000 0.600000
vt 0.850000 0.600000
vt 0.900000 0.600000
vt 0.950000 0.600000
vt 1.000000 0.600000
vt 0.000000 0.650000
vt 0.050000 0.650000
vt 0.100000 0.650000
vt 0.150000 0.650000
vt 0.200000 0.650000
vt 0.250000 0.650000
vt 0.300000 0.650000
vt 0.350000 0.650000
vt 0.400000 0.650000
vt 0.450000 0.650000
vt 0.500000 0.650000
vt 0.550000 0.650000
vt 0.600000 0.650000
vt 0.650000 0.650000
vt 0.700000 0.650000
vt 0.750000 0.650000
vt 0.800000 0.650000
vt 0.850000 0.650000
vt 0.900000 0.650000
vt 0.950000 0.650000
vt 1.000000 0.650000
vt 0.000000 0.700000
vt 0.050000 0.700000
vt 0.100000 0.700000
vt 0.150000 0.700000
vt 0.200000 0.700000
vt 0.250000 0.700000
vt 0.300000 0.700000
vt 0.350000 0.700000
vt 0.400000 0.700000
vt 0.450000 0.700000
vt 0.500000 0.700000
vt 0.550000 0.700000
vt 0.600000 0.700000
vt 0.650000 0.700000
vt 0.700000 0.700000
vt 0.750000 0.700000
vt 0.800000 0.700000
vt 0.850000 0.700000
vt 0.900000 0.700000
vt 0.950000 0.700000
vt 1.000000 0.700000
vt 0.000000 0.750000
vt 0.050000 0.750000
vt 0.100000 0.750000
vt 0.150000 0.750000
vt 0.200000 0.750000
vt 0.250000 0.750000
vt 0.300000 0.750000
vt 0.350000 0.750000
vt 0.400000 0.750000
vt 0.450000 0.750000
vt 0.500000 0.750000
vt 0.550000 0.750000
vt 0.600000 0.750000
vt 0.650000 0.750000
vt 0.700000 0.750000
vt 0.750000 0.750000
vt 0.800000 0.750000
vt 0.850000 0.750000
vt 0.900000 0.750000
vt 0.950000 0.750000
vt 1.000000 0.750000
vt 0.000000 0.800000
vt 0.050000 0.800000
vt 0.100000 0.800000
vt 0.150000 0.800000
vt 0.200000 0.800000
vt 0.250000 0.800000
vt 0.300000 0.800000
vt 0.350000 0.800000
vt 0.400000 0.800000
vt 0.450000 0.800000
vt 0.500000 0.800000
vt 0.550000 0.800000
vt 0.600000 0.800000
vt 0.650000 0.800000
vt 0.700000 0.800000
vt 0.750000 0.800000
vt 0.800000 0.800000
vt 0.850000 0.800000
vt 0.900000 0.800000
vt 0.950000 0.800000
vt 1.000000 0.800000
vt 0.000000 0.850000
vt 0.050000 0.850000
vt 0.100000 0.850000
vt 0.150000 0.850000
vt 0.200000 0.850000
vt 0.250000 0.850000
vt 0.300000 0.850000
vt 0.350000 0.850000
vt 0.400000 0.850000
vt 0.450000 0.850000
vt 0.500000 0.850000
vt 0.550000 0.850000
vt 0.600000 0.850000
vt 0.650000 0.850000
vt 0.700000 0.850000
vt 0.750000 0.850000
vt 0.800000 0.850000
vt 0.850000 0.850000
vt 0.900000 0.850000
vt 0.950000 0.850000
vt 1.000000 0.850000
vt 0.000000 0.900000
vt 0.050000 0.900000
vt 0.100000 0.900000
vt 0.150000 0.900000
vt 0.200000 0.900000
vt 0.250000 0.900000
vt 0.300000 0.900000
vt 0.350000 0.900000
vt 0.400000 0.900000
vt 0.450000 0.900000
vt 0.500000 0.900000
vt 0.550000 0.900000
vt 0.600000 0.900000
vt 0.650000 0.900000
vt 0.700000 0.900000
vt 0.750000 0.900000
vt 0.800000 0.900000
vt 0.850000 0.900000
vt 0.900000 0.900000
vt 0.950000 0.900000
vt 1.000000 0.900000
vt 0.000000 0.950000
vt 0.050000 0.950000
vt 0.100000 0.950000
vt 0.150000 0.950000
vt 0.200000 0.950000
vt 0.250000 0.950000
vt 0.300000 0.950000
vt 0.350000 0.950000
vt 0.400000 0.950000
vt 0.450000 0.950000
vt 0.500000 0.950000
vt 0.550000 0.950000
vt 0.600000 0.950000
vt 0.650000 0.950000
vt 0.700000 0.950000
vt 0.750000 0.950000
vt 0.800000 0.950000
vt 0.850000 0.950000
vt 0.900000 0.950000
vt 0.950000 0.950000
vt 1.000000 0.950000
vt 0.025000 0.000000
vt 0.075000 0.000000
vt 0.125000 0.000000
vt 0.175000 0.000000
vt 0.225000 0.000000
vt 0.275000 0.000000
vt 0.325000 0.000000
vt 0.375000 0.000000
vt 0.425000 0.000000
vt 0.475000 0.000000
vt 0.525000 0.000000
vt 0.575000 0.000000
vt 0.625000 0.000000
vt 0.675000 0.000000
vt 0.725000 0.000000
vt 0.775000 0.000000
vt 0.825000 0.000000
vt 0.875000 0.000000
vt 0.925000 0.000000
vt 0.975000 0.000000
vt 0.025000 1.000000
vt 0.075000 1.000000
vt 0.125000 1.000000
vt 0.175000 1.000000
vt 0.225000 1.000000
vt 0.275000 1.000000
vt 0.325000 1.000000
vt 0.375000 1.000000
vt 0.425000 1.000000
vt 0.475000 1.000000
vt 0.525000 1.000000
vt 0.575000 1.000000
vt 0.625000 1.000000
vt 0.675000 1.000000
vt 0.725000 1.000000
vt 0.775000 1.000000
vt 0.825000 1.000000
vt 0.875000 1.000000
vt 0.925000 1.000000
vt 0.975000 1.000000
vn 0.190100 -0.977383 -0.092651
vn 0.160708 -0.971338 -0.175143
vn 0.263611 -0.920856 -0.287287
vn 0.315166 -0.936523 -0.153605
vn 0.115882 -0.964019 -0.239246
vn 0.187714 -0.902535 -0.387549
vn 0.060556 -0.958217 -0.279558
vn 0.097151 -0.888487 -0.448499
vn -0.000000 -0.956029 -0.293274
vn -0.000000 -0.883292 -0.468823
vn -0.060556 -0.958217 -0.279558
vn -0.097151 -0.888487 -0.448500
vn -0.115882 -0.964019 -0.239247
vn -0.187714 -0.902535 -0.387549
vn -0.160709 -0.971338 -0.175143
vn -0.263611 -0.920856 -0.287287
vn -0.190100 -0.977383 -0.092651
vn -0.315166 -0.936523 -0.153605
vn -0.200361 -0.979722 0.000000
vn -0.333578 -0.942722 -0.000000
vn -0.190100 -0.977383 0.092651
vn -0.315166 -0.936523 0.153605
vn -0.160709 -0.971338 0.175142
vn -0.263611 -0.920856 0.287286
vn -0.115882 -0.964019 0.239246
vn -0.187714 -0.902535 0.387549
vn -0.060556 -0.958217 0.279558
vn -0.097151 -0.888487 0.448500
vn 0.000000 -0.956029 0.293273
vn 0.000000 -0.883292 0.468823
vn 0.060556 -0.958217 0.279558
vn 0.097151 -0.888487 0.448500
vn 0.115882 -0.964019 0.239246
vn 0.187714 -0.902535 0.387549
vn 0.160709 -0.971338 0.175142
vn 0.263611 -0.920856 0.287287
vn 0.190100 -0.977383 0.092651
vn 0.315166 -0.936523 0.153605
vn 0.200361 -0.979722 0.000001
vn 0.333578 -0.942723 0.000000
vn 0.363834 -0.842855 -0.396511
vn 0.441905 -0.870823 -0.215375
vn 0.254583 -0.811743 -0.525605
vn 0.130084 -0.788947 -0.600534
vn -0.000000 -0.780733 -0.624865
vn -0.130084 -0.788947 -0.600534
vn -0.254583 -0.811743 -0.525605
vn -0.363834 -0.842855 -0.396511
vn -0.441905 -0.870823 -0.215375
vn -0.470752 -0.882266 0.000000
vn -0.441905 -0.870823 0.215376
vn -0.363834 -0.842855 0.396511
vn -0.254583 -0.811743 0.525606
vn -0.130084 -0.788947 0.600534
vn 0.000000 -0.780733 0.624865
vn 0.130084 -0.788947 0.600534
vn 0.254583 -0.811743 0.525606
vn 0.363834 -0.842855 0.396511
vn 0.441905 -0.870823 0.215375
vn 0.470752 -0.882266 0.000000
vn 0.451355 -0.744526 -0.491894
vn 0.558455 -0.783611 -0.272179
vn 0.309832 -0.703439 -0.639671
vn 0.156246 -0.674754 -0.721314
vn -0.000000 -0.664688 -0.747121
vn -0.156246 -0.674754 -0.721314
vn -0.309832 -0.703439 -0.639670
vn -0.451356 -0.744526 -0.491894
vn -0.558455 -0.783611 -0.272180
vn -0.599664 -0.800252 0.000000
vn -0.558455 -0.783611 0.272180
vn -0.451356 -0.744526 0.491894
vn -0.309832 -0.703438 0.639671
vn -0.156246 -0.674754 0.721314
vn 0.000000 -0.664688 0.747121
vn 0.156246 -0.674754 0.721314
vn 0.309832 -0.703438 0.639671
vn 0.451356 -0.744526 0.491894
vn 0.558455 -0.783611 0.272180
vn 0.599664 -0.800252 0.000001
vn 0.523731 -0.632399 -0.570769
vn 0.660447 -0.678379 -0.321887
vn 0.353011 -0.586692 -0.728818
vn 0.175938 -0.556183 -0.812223
vn -0.000000 -0.545726 -0.837964
vn -0.175938 -0.556183 -0.812223
vn -0.353011 -0.586692 -0.728818
vn -0.523731 -0.632399 -0.570769
vn -0.660447 -0.678378 -0.321888
vn -0.715328 -0.698788 -0.000000
vn -0.660447 -0.678379 0.321888
vn -0.523731 -0.632399 0.570769
vn -0.353011 -0.586692 0.728818
vn -0.175938 -0.556183 0.812223
vn -0.000000 -0.545726 0.837964
vn 0.175938 -0.556183 0.812223
vn 0.353011 -0.586692 0.728818
vn 0.523731 -0.632399 0.570769
vn 0.660447 -0.678378 0.321888
vn 0.715328 -0.698788 0.000001
vn 0.580862 -0.511732 -0.633032
vn 0.745531 -0.558710 -0.363355
vn 0.385391 -0.467316 -0.795669
vn 0.190236 -0.438771 -0.878231
vn -0.000000 -0.429171 -0.903223
vn -0.190237 -0.438771 -0.878231
vn -0.385392 -0.467316 -0.795669
vn -0.580863 -0.511732 -0.633032
vn -0.745531 -0.558709 -0.363356
vn -0.814331 -0.580401 -0.000000
vn -0.745531 -0.558710 0.363356
vn -0.580862 -0.511732 0.633032
vn -0.385392 -0.467316 0.795669
vn -0.190236 -0.438771 0.878231
vn 0.000000 -0.429171 0.903223
vn 0.190236 -0.438771 0.878231
vn 0.385392 -0.467316 0.795669
vn 0.580862 -0.511732 0.633032
vn 0.745531 -0.558709 0.363356
vn 0.814331 -0.580401 0.000001
vn 0.623622 -0.386260 -0.679632
vn 0.812408 -0.428040 -0.395950
vn 0.408615 -0.348347 -0.843616
vn 0.200233 -0.324691 -0.924382
vn -0.000000 -0.316849 -0.948476
vn -0.200233 -0.324691 -0.924382
vn -0.408615 -0.348347 -0.843616
vn -0.623622 -0.386260 -0.679631
vn -0.812407 -0.428040 -0.395950
vn -0.894037 -0.447994 -0.000000
vn -0.812407 -0.428040 0.395951
vn -0.623622 -0.386260 0.679632
vn -0.408615 -0.348347 0.843616
vn -0.200233 -0.324691 0.924382
vn 0.000000 -0.316848 0.948476
vn 0.200233 -0.324691 0.924382
vn 0.408615 -0.348347 0.843616
vn 0.623622 -0.386260 0.679631
vn 0.812407 -0.428039 0.395951
vn 0.894037 -0.447994 0.000001
vn 0.653140 -0.258356 -0.711801
vn 0.860421 -0.289518 -0.419350
vn 0.424137 -0.230918 -0.875662
vn 0.206792 -0.214152 -0.954660
vn -0.000000 -0.208648 -0.977991
vn -0.206792 -0.214152 -0.954660
vn -0.424137 -0.230918 -0.875662
vn -0.653140 -0.258356 -0.711801
vn -0.860421 -0.289517 -0.419351
vn -0.952420 -0.304789 -0.000000
vn -0.860421 -0.289518 0.419352
vn -0.653140 -0.258356 0.711801
vn -0.424137 -0.230918 0.875662
vn -0.206792 -0.214152 0.954660
vn 0.000000 -0.208648 0.977991
vn 0.206792 -0.214152 0.954660
vn 0.424137 -0.230918 0.875662
vn 0.653140 -0.258356 0.711801
vn 0.860421 -0.289517 0.419351
vn 0.952420 -0.304788 0.000001
vn 0.670412 -0.129370 -0.730624
vn 0.889290 -0.145978 -0.433420
vn 0.433026 -0.115013 -0.894014
vn 0.210503 -0.106347 -0.971792
vn 0.000000 -0.103519 -0.994628
vn -0.210503 -0.106347 -0.971792
vn -0.433026 -0.115013 -0.894014
vn -0.670412 -0.129370 -0.730624
vn -0.889290 -0.145978 -0.433422
vn -0.988032 -0.154248 0.000000
vn -0.889290 -0.145978 0.433422
vn -0.670412 -0.129370 0.730624
vn -0.433026 -0.115013 0.894014
vn -0.210503 -0.106347 0.971792
vn 0.000000 -0.103519 0.994628
vn 0.210503 -0.106347 0.971792
vn 0.433026 -0.115013 0.894014
vn 0.670412 -0.129370 0.730624
vn 0.889290 -0.145978 0.433422
vn 0.988032 -0.154249 0.000001
vn 0.676093 0.000000 -0.736816
vn 0.898920 -0.000000 -0.438114
vn 0.435919 -0.000000 -0.899986
vn 0.211703 -0.000000 -0.977334
vn 0.000000 0.000000 -1.000000
vn -0.211704 -0.000000 -0.977334
vn -0.435919 -0.000000 -0.899986
vn -0.676093 0.000000 -0.736816
vn -0.898919 0.000000 -0.438115
vn -1.000000 -0.000000 0.000000
vn -0.898919 -0.000000 0.438115
vn -0.676093 0.000000 0.736816
vn -0.435919 -0.000000 0.899986
vn -0.211703 -0.000000 0.977334
vn 0.000000 0.000000 1.000000
vn 0.211703 -0.000000 0.977334
vn 0.435919 -0.000000 0.899986
vn 0.676093 -0.000000 0.736816
vn 0.898919 0.000000 0.438115
vn 1.000000 0.000000 0.000001
vn 0.670412 0.129370 -0.730624
vn 0.889290 0.145978 -0.433420
vn 0.433026 0.115013 -0.894014
vn 0.210503 0.106347 -0.971792
vn 0.000000 0.103519 -0.994628
vn -0.210503 0.106347 -0.971792
vn -0.433026 0.115013 -0.894014
vn -0.670412 0.129370 -0.730624
vn -0.889290 0.145978 -0.433421
vn -0.988032 0.154248 0.000000
vn -0.889290 0.145978 0.433422
vn -0.670412 0.129370 0.730624
vn -0.433026 0.115013 0.894014
vn -0.210503 0.106347 0.971792
vn 0.000000 0.103519 0.994628
vn 0.210503 0.106347 0.971792
vn 0.433026 0.115013 0.894014
vn 0.670412 0.129370 0.730624
vn 0.889290 0.145978 0.433422
vn 0.988032 0.154249 0.000001
vn 0.653140 0.258356 -0.711801
vn 0.860421 0.289518 -0.419350
vn 0.424137 0.230918 -0.875662
vn 0.206792 0.214152 -0.954660
vn -0.000000 0.208648 -0.977991
vn -0.206792 0.214152 -0.954660
vn -0.424137 0.230918 -0.875662
vn -0.653140 0.258356 -0.711801
vn -0.860421 0.289517 -0.419351
vn -0.952420 0.304789 -0.000000
vn -0.860421 0.289517 0.419352
vn -0.653140 0.258356 0.711801
vn -0.424137 0.230918 0.875662
vn -0.206792 0.214152 0.954660
vn 0.000000 0.208648 0.977991
vn 0.206792 0.214152 0.954660
vn 0.424137 0.230918 0.875662
vn 0.653140 0.258356 0.711801
vn 0.860421 0.289517 0.419351
vn 0.952420 0.304789 0.000001
vn 0.623622 0.386260 -0.679632
vn 0.812408 0.428040 -0.395949
vn 0.408615 0.348347 -0.843616
vn 0.200233 0.324691 -0.924382
vn -0.000000 0.316849 -0.948476
vn -0.200233 0.324691 -0.924382
vn -0.408615 0.348347 -0.843616
vn -0.623622 0.386260 -0.679631
vn -0.812407 0.428040 -0.395950
vn -0.894037 0.447994 -0.000000
vn -0.812407 0.428040 0.395951
vn -0.623622 0.386260 0.679632
vn -0.408615 0.348347 0.843616
vn -0.200233 0.324691 0.924382
vn 0.000000 0.316848 0.948476
vn 0.200233 0.324691 0.924382
vn 0.408615 0.348347 0.843616
vn 0.623622 0.386260 0.679631
vn 0.812407 0.428039 0.395951
vn 0.894037 0.447994 0.000001
vn 0.580862 0.511732 -0.633032
vn 0.745531 0.558710 -0.363355
vn 0.385391 0.467316 -0.795669
vn 0.190236 0.438771 -0.878231
vn -0.000000 0.429171 -0.903223
vn -0.190236 0.438771 -0.878231
vn -0.385392 0.467316 -0.795669
vn -0.580862 0.511732 -0.633032
vn -0.745531 0.558710 -0.363356
vn -0.814331 0.580401 -0.000000
vn -0.745531 0.558710 0.363356
vn -0.580862 0.511732 0.633032
vn -0.385392 0.467316 0.795669
vn -0.190236 0.438771 0.878231
vn 0.000000 0.429171 0.903223
vn 0.190237 0.438771 0.878231
vn 0.385392 0.467316 0.795669
vn 0.580862 0.511732 0.633032
vn 0.745531 0.558709 0.363356
vn 0.814331 0.580401 0.000001
vn 0.523731 0.632399 -0.570769
vn 0.660447 0.678379 -0.321887
vn 0.353011 0.586692 -0.728818
vn 0.175938 0.556183 -0.812223
vn -0.000000 0.545726 -0.837964
vn -0.175938 0.556183 -0.812223
vn -0.353011 0.586692 -0.728818
vn -0.523731 0.632399 -0.570769
vn -0.660447 0.678379 -0.321888
vn -0.715328 0.698789 0.000000
vn -0.660447 0.678379 0.321888
vn -0.523731 0.632399 0.570769
vn -0.353011 0.586692 0.728818
vn -0.175938 0.556183 0.812223
vn -0.000000 0.545726 0.837964
vn 0.175938 0.556183 0.812223
vn 0.353011 0.586692 0.728818
vn 0.523731 0.632399 0.570769
vn 0.660447 0.678378 0.321888
vn 0.715328 0.698788 0.000001
vn 0.451355 0.744526 -0.491894
vn 0.558455 0.783611 -0.272179
vn 0.309832 0.703438 -0.639671
vn 0.156246 0.674754 -0.721314
vn -0.000000 0.664689 -0.747120
vn -0.156246 0.674754 -0.721314
vn -0.309832 0.703439 -0.639670
vn -0.451356 0.744526 -0.491893
vn -0.558455 0.783611 -0.272180
vn -0.599664 0.800252 0.000000
vn -0.558455 0.783611 0.272180
vn -0.451356 0.744526 0.491894
vn -0.309832 0.703439 0.639671
vn -0.156246 0.674754 0.721314
vn 0.000000 0.664688 0.747121
vn 0.156246 0.674754 0.721314
vn 0.309832 0.703438 0.639671
vn 0.451356 0.744526 0.491894
vn 0.558455 0.783611 0.272180
vn 0.599664 0.800252 0.000001
vn 0.363834 0.842855 -0.396511
vn 0.441905 0.870824 -0.215375
vn 0.254583 0.811743 -0.525606
vn 0.130083 0.788947 -0.600534
vn -0.000000 0.780733 -0.624865
vn -0.130084 0.788947 -0.600534
vn -0.254583 0.811743 -0.525605
vn -0.363834 0.842855 -0.396511
vn -0.441905 0.870823 -0.215375
vn -0.470752 0.882266 0.000000
vn -0.441905 0.870823 0.215376
vn -0.363834 0.842855 0.396511
vn -0.254583 0.811743 0.525605
vn -0.130084 0.788946 0.600534
vn 0.000000 0.780733 0.624865
vn 0.130084 0.788947 0.600534
vn 0.254583 0.811743 0.525605
vn 0.363834 0.842855 0.396511
vn 0.441905 0.870823 0.215376
vn 0.470752 0.882266 0.000000
vn 0.263611 0.920856 -0.287287
vn 0.315166 0.936523 -0.153605
vn 0.187714 0.902535 -0.387549
vn 0.097151 0.888487 -0.448500
vn -0.000000 0.883292 -0.468823
vn -0.097151 0.888487 -0.448500
vn -0.187714 0.902535 -0.387549
vn -0.263611 0.920856 -0.287286
vn -0.315166 0.936523 -0.153605
vn -0.333578 0.942722 0.000000
vn -0.315165 0.936523 0.153606
vn -0.263611 0.920856 0.287286
vn -0.187714 0.902535 0.387549
vn -0.097151 0.888487 0.448500
vn 0.000000 0.883292 0.468823
vn 0.097151 0.888487 0.448500
vn 0.187714 0.902535 0.387549
vn 0.263611 0.920856 0.287287
vn 0.315166 0.936523 0.153605
vn 0.333578 0.942722 0.000000
vn 0.160708 0.971338 -0.175142
vn 0.190100 0.977383 -0.092651
vn 0.115882 0.964019 -0.239246
vn 0.060556 0.958217 -0.279558
vn -0.000000 0.956029 -0.293273
vn -0.060556 0.958217 -0.279558
vn -0.115882 0.964019 -0.239246
vn -0.160709 0.971338 -0.175142
vn -0.190100 0.977383 -0.092651
vn -0.200361 0.979722 0.000000
vn -0.190100 0.977383 0.092651
vn -0.160709 0.971338 0.175142
vn -0.115882 0.964019 0.239247
vn -0.060556 0.958217 0.279558
vn 0.000000 0.956029 0.293273
vn 0.060556 0.958217 0.279558
vn 0.115882 0.964019 0.239246
vn 0.160709 0.971338 0.175142
vn 0.190100 0.977383 0.092651
vn 0.200361 0.979722 0.000001
vn -0.000000 -1.000000 -0.000000
vn -0.000000 1.000000 0.000000
s 1
g DresserBaseMesh pSphere1
usemtl initialShadingGroup
f 409/605/977 410/606/978 430/627/979 429/626/980
f 410/606/978 411/607/981 431/628/982 430/627/979
f 411/607/981 412/608/983 432/629/984 431/628/982
f 412/608/983 413/609/985 433/630/986 432/629/984
f 413/609/985 414/610/987 434/631/988 433/630/986
f 414/610/987 415/611/989 435/632/990 434/631/988
f 415/611/989 416/612/991 436/633/992 435/632/990
f 416/612/991 417/613/993 437/634/994 436/633/992
f 417/613/993 418/614/995 438/635/996 437/634/994
f 418/614/995 419/615/997 439/636/998 438/635/996
f 419/615/997 420/616/999 440/637/1000 439/636/998
f 420/616/999 421/617/1001 441/638/1002 440/637/1000
f 421/617/1001 422/618/1003 442/639/1004 441/638/1002
f 422/618/1003 423/619/1005 443/640/1006 442/639/1004
f 423/619/1005 424/620/1007 444/641/1008 443/640/1006
f 424/620/1007 425/621/1009 445/642/1010 444/641/1008
f 425/621/1009 426/622/1011 446/643/1012 445/642/1010
f 426/622/1011 427/623/1013 447/644/1014 446/643/1012
f 427/623/1013 428/624/1015 448/645/1016 447/644/1014
f 428/624/1015 409/625/977 429/646/980 448/645/1016
f 429/626/980 430/627/979 450/648/1017 449/647/1018
f 430/627/979 431/628/982 451/649/1019 450/648/1017
f 431/628/982 432/629/984 452/650/1020 451/649/1019
f 432/629/984 433/630/986 453/651/1021 452/650/1020
f 433/630/986 434/631/988 454/652/1022 453/651/1021
f 434/631/988 435/632/990 455/653/1023 454/652/1022
f 435/632/990 436/633/992 456/654/1024 455/653/1023
f 436/633/992 437/634/994 457/655/1025 456/654/1024
f 437/634/994 438/635/996 458/656/1026 457/655/1025
f 438/635/996 439/636/998 459/657/1027 458/656/1026
f 439/636/998 440/637/1000 460/658/1028 459/657/1027
f 440/637/1000 441/638/1002 461/659/1029 460/658/1028
f 441/638/1002 442/639/1004 462/660/1030 461/659/1029
f 442/639/1004 443/640/1006 463/661/1031 462/660/1030
f 443/640/1006 444/641/1008 464/662/1032 463/661/1031
f 444/641/1008 445/642/1010 465/663/1033 464/662/1032
f 445/642/1010 446/643/1012 466/664/1034 465/663/1033
f 446/643/1012 447/644/1014 467/665/1035 466/664/1034
f 447/644/1014 448/645/1016 468/666/1036 467/665/1035
f 448/645/1016 429/646/980 449/667/1018 468/666/1036
f 449/647/1018 450/648/1017 470/669/1037 469/668/1038
f 450/648/1017 451/649/1019 471/670/1039 470/669/1037
f 451/649/1019 452/650/1020 472/671/1040 471/670/1039
f 452/650/1020 453/651/1021 473/672/1041 472/671/1040
f 453/651/1021 454/652/1022 474/673/1042 473/672/1041
f 454/652/1022 455/653/1023 475/674/1043 474/673/1042
f 455/653/1023 456/654/1024 476/675/1044 475/674/1043
f 456/654/1024 457/655/1025 477/676/1045 476/675/1044
f 457/655/1025 458/656/1026 478/677/1046 477/676/1045
f 458/656/1026 459/657/1027 479/678/1047 478/677/1046
f 459/657/1027 460/658/1028 480/679/1048 479/678/1047
f 460/658/1028 461/659/1029 481/680/1049 480/679/1048
f 461/659/1029 462/660/1030 482/681/1050 481/680/1049
f 462/660/1030 463/661/1031 483/682/1051 482/681/1050
f 463/661/1031 464/662/1032 484/683/1052 483/682/1051
f 464/662/1032 465/663/1033 485/684/1053 484/683/1052
f 465/663/1033 466/664/1034 486/685/1054 485/684/1053
f 466/664/1034 467/665/1035 487/686/1055 486/685/1054
f 467/665/1035 468/666/1036 488/687/1056 487/686/1055
f 468/666/1036 449/667/1018 469/688/1038 488/687/1056
f 469/668/1038 470/669/1037 490/690/1057 489/689/1058
f 470/669/1037 471/670/1039 491/691/1059 490/690/1057
f 471/670/1039 472/671/1040 492/692/1060 491/691/1059
f 472/671/1040 473/672/1041 493/693/1061 492/692/1060
f 473/672/1041 474/673/1042 494/694/1062 493/693/1061
f 474/673/1042 475/674/1043 495/695/1063 494/694/1062
f 475/674/1043 476/675/1044 496/696/1064 495/695/1063
f 476/675/1044 477/676/1045 497/697/1065 496/696/1064
f 477/676/1045 478/677/1046 498/698/1066 497/697/1065
f 478/677/1046 479/678/1047 499/699/1067 498/698/1066
f 479/678/1047 480/679/1048 500/700/1068 499/699/1067
f 480/679/1048 481/680/1049 501/701/1069 500/700/1068
f 481/680/1049 482/681/1050 502/702/1070 501/701/1069
f 482/681/1050 483/682/1051 503/703/1071 502/702/1070
f 483/682/1051 484/683/1052 504/704/1072 503/703/1071
f 484/683/1052 485/684/1053 505/705/1073 504/704/1072
f 485/684/1053 486/685/1054 506/706/1074 505/705/1073
f 486/685/1054 487/686/1055 507/707/1075 506/706/1074
f 487/686/1055 488/687/1056 508/708/1076 507/707/1075
f 488/687/1056 469/688/1038 489/709/1058 508/708/1076
f 489/689/1058 490/690/1057 510/711/1077 509/710/1078
f 490/690/1057 491/691/1059 511/712/1079 510/711/1077
f 491/691/1059 492/692/1060 512/713/1080 511/712/1079
f 492/692/1060 493/693/1061 513/714/1081 512/713/1080
f 493/693/1061 494/694/1062 514/715/1082 513/714/1081
f 494/694/1062 495/695/1063 515/716/1083 514/715/1082
f 495/695/1063 496/696/1064 516/717/1084 515/716/1083
f 496/696/1064 497/697/1065 517/718/1085 516/717/1084
f 497/697/1065 498/698/1066 518/719/1086 517/718/1085
f 498/698/1066 499/699/1067 519/720/1087 518/719/1086
f 499/699/1067 500/700/1068 520/721/1088 519/720/1087
f 500/700/1068 501/701/1069 521/722/1089 520/721/1088
f 501/701/1069 502/702/1070 522/723/1090 521/722/1089
f 502/702/1070 503/703/1071 523/724/1091 522/723/1090
f 503/703/1071 504/704/1072 524/725/1092 523/724/1091
f 504/704/1072 505/705/1073 525/726/1093 524/725/1092
f 505/705/1073 506/706/1074 526/727/1094 525/726/1093
f 506/706/1074 507/707/1075 527/728/1095 526/727/1094
f 507/707/1075 508/708/1076 528/729/1096 527/728/1095
f 508/708/1076 489/709/1058 509/730/1078 528/729/1096
f 509/710/1078 510/711/1077 530/732/1097 529/731/1098
f 510/711/1077 511/712/1079 531/733/1099 530/732/1097
f 511/712/1079 512/713/1080 532/734/1100 531/733/1099
f 512/713/1080 513/714/1081 533/735/1101 532/734/1100
f 513/714/1081 514/715/1082 534/736/1102 533/735/1101
f 514/715/1082 515/716/1083 535/737/1103 534/736/1102
f 515/716/1083 516/717/1084 536/738/1104 535/737/1103
f 516/717/1084 517/718/1085 537/739/1105 536/738/1104
f 517/718/1085 518/719/1086 538/740/1106 537/739/1105
f 518/719/1086 519/720/1087 539/741/1107 538/740/1106
f 519/720/1087 520/721/1088 540/742/1108 539/741/1107
f 520/721/1088 521/722/1089 541/743/1109 540/742/1108
f 521/722/1089 522/723/1090 542/744/1110 541/743/1109
f 522/723/1090 523/724/1091 543/745/1111 542/744/1110
f 523/724/1091 524/725/1092 544/746/1112 543/745/1111
f 524/725/1092 525/726/1093 545/747/1113 544/746/1112
f 525/726/1093 526/727/1094 546/748/1114 545/747/1113
f 526/727/1094 527/728/1095 547/749/1115 546/748/1114
f 527/728/1095 528/729/1096 548/750/1116 547/749/1115
f 528/729/1096 509/730/1078 529/751/1098 548/750/1116
f 529/731/1098 530/732/1097 550/753/1117 549/752/1118
f 530/732/1097 531/733/1099 551/754/1119 550/753/1117
f 531/733/1099 532/734/1100 552/755/1120 551/754/1119
f 532/734/1100 533/735/1101 553/756/1121 552/755/1120
f 533/735/1101 534/736/1102 554/757/1122 553/756/1121
f 534/736/1102 535/737/1103 555/758/1123 554/757/1122
f 535/737/1103 536/738/1104 556/759/1124 555/758/1123
f 536/738/1104 537/739/1105 557/760/1125 556/759/1124
f 537/739/1105 538/740/1106 558/761/1126 557/760/1125
f 538/740/1106 539/741/1107 559/762/1127 558/761/1126
f 539/741/1107 540/742/1108 560/763/1128 559/762/1127
f 540/742/1108 541/743/1109 561/764/1129 560/763/1128
f 541/743/1109 542/744/1110 562/765/1130 561/764/1129
f 542/744/1110 543/745/1111 563/766/1131 562/765/1130
f 543/745/1111 544/746/1112 564/767/1132 563/766/1131
f 544/746/1112 545/747/1113 565/768/1133 564/767/1132
f 545/747/1113 546/748/1114 566/769/1134 565/768/1133
f 546/748/1114 547/749/1115 567/770/1135 566/769/1134
f 547/749/1115 548/750/1116 568/771/1136 567/770/1135
f 548/750/1116 529/751/1098 549/772/1118 568/771/1136
f 549/752/1118 550/753/1117 570/774/1137 569/773/1138
f 550/753/1117 551/754/1119 571/775/1139 570/774/1137
f 551/754/1119 552/755/1120 572/776/1140 571/775/1139
f 552/755/1120 553/756/1121 573/777/1141 572/776/1140
f 553/756/1121 554/757/1122 574/778/1142 573/777/1141
f 554/757/1122 555/758/1123 575/779/1143 574/778/1142
f 555/758/1123 556/759/1124 576/780/1144 575/779/1143
f 556/759/1124 557/760/1125 577/781/1145 576/780/1144
f 557/760/1125 558/761/1126 578/782/1146 577/781/1145
f 558/761/1126 559/762/1127 579/783/1147 578/782/1146
f 559/762/1127 560/763/1128 580/784/1148 579/783/1147
f 560/763/1128 561/764/1129 581/785/1149 580/784/1148
f 561/764/1129 562/765/1130 582/786/1150 581/785/1149
f 562/765/1130 563/766/1131 583/787/1151 582/786/1150
f 563/766/1131 564/767/1132 584/788/1152 583/787/1151
f 564/767/1132 565/768/1133 585/789/1153 584/788/1152
f 565/768/1133 566/769/1134 586/790/1154 585/789/1153
f 566/769/1134 567/770/1135 587/791/1155 586/790/1154
f 567/770/1135 568/771/1136 588/792/1156 587/791/1155
f 568/771/1136 549/772/1118 569/793/1138 588/792/1156
f 569/773/1138 570/774/1137 590/795/1157 589/794/1158
f 570/774/1137 571/775/1139 591/796/1159 590/795/1157
f 571/775/1139 572/776/1140 592/797/1160 591/796/1159
f 572/776/1140 573/777/1141 593/798/1161 592/797/1160
f 573/777/1141 574/778/1142 594/799/1162 593/798/1161
f 574/778/1142 575/779/1143 595/800/1163 594/799/1162
f 575/779/1143 576/780/1144 596/801/1164 595/800/1163
f 576/780/1144 577/781/1145 597/802/1165 596/801/1164
f 577/781/1145 578/782/1146 598/803/1166 597/802/1165
f 578/782/1146 579/783/1147 599/804/1167 598/803/1166
f 579/783/1147 580/784/1148 600/805/1168 599/804/1167
f 580/784/1148 581/785/1149 601/806/1169 600/805/1168
f 581/785/1149 582/786/1150 602/807/1170 601/806/1169
f 582/786/1150 583/787/1151 603/808/1171 602/807/1170
f 583/787/1151 584/788/1152 604/809/1172 603/808/1171
f 584/788/1152 585/789/1153 605/810/1173 604/809/1172
f 585/789/1153 586/790/1154 606/811/1174 605/810/1173
f 586/790/1154 587/791/1155 607/812/1175 606/811/1174
f 587/791/1155 588/792/1156 608/813/1176 607/812/1175
f 588/792/1156 569/793/1138 589/814/1158 608/813/1176
f 589/794/1158 590/795/1157 610/816/1177 609/815/1178
f 590/795/1157 591/796/1159 611/817/1179 610/816/1177
f 591/796/1159 592/797/1160 612/818/1180 611/817/1179
f 592/797/1160 593/798/1161 613/819/1181 612/818/1180
f 593/798/1161 594/799/1162 614/820/1182 613/819/1181
f 594/799/1162 595/800/1163 615/821/1183 614/820/1182
f 595/800/1163 596/801/1164 616/822/1184 615/821/1183
f 596/801/1164 597/802/1165 617/823/1185 616/822/1184
f 597/802/1165 598/803/1166 618/824/1186 617/823/1185
f 598/803/1166 599/804/1167 619/825/1187 618/824/1186
f 599/804/1167 600/805/1168 620/826/1188 619/825/1187
f 600/805/1168 601/806/1169 621/827/1189 620/826/1188
f 601/806/1169 602/807/1170 622/828/1190 621/827/1189
f 602/807/1170 603/808/1171 623/829/1191 622/828/1190
f 603/808/1171 604/809/1172 624/830/1192 623/829/1191
f 604/809/1172 605/810/1173 625/831/1193 624/830/1192
f 605/810/1173 606/811/1174 626/832/1194 625/831/1193
f 606/811/1174 607/812/1175 627/833/1195 626/832/1194
f 607/812/1175 608/813/1176 628/834/1196 627/833/1195
f 608/813/1176 589/814/1158 609/835/1178 628/834/1196
f 609/815/1178 610/816/1177 630/837/1197 629/836/1198
f 610/816/1177 611/817/1179 631/838/1199 630/837/1197
f 611/817/1179 612/818/1180 632/839/1200 631/838/1199
f 612/818/1180 613/819/1181 633/840/1201 632/839/1200
f 613/819/1181 614/820/1182 634/841/1202 633/840/1201
f 614/820/1182 615/821/1183 635/842/1203 634/841/1202
f 615/821/1183 616/822/1184 636/843/1204 635/842/1203
f 616/822/1184 617/823/1185 637/844/1205 636/843/1204
f 617/823/1185 618/824/1186 638/845/1206 637/844/1205
f 618/824/1186 619/825/1187 639/846/1207 638/845/1206
f 619/825/1187 620/826/1188 640/847/1208 639/846/1207
f 620/826/1188 621/827/1189 641/848/1209 640/847/1208
f 621/827/1189 622/828/1190 642/849/1210 641/848/1209
f 622/828/1190 623/829/1191 643/850/1211 642/849/1210
f 623/829/1191 624/830/1192 644/851/1212 643/850/1211
f 624/830/1192 625/831/1193 645/852/1213 644/851/1212
f 625/831/1193 626/832/1194 646/853/1214 645/852/1213
f 626/832/1194 627/833/1195 647/854/1215 646/853/1214
f 627/833/1195 628/834/1196 648/855/1216 647/854/1215
f 628/834/1196 609/835/1178 629/856/1198 648/855/1216
f 629/836/1198 630/837/1197 650/858/1217 649/857/1218
f 630/837/1197 631/838/1199 651/859/1219 650/858/1217
f 631/838/1199 632/839/1200 652/860/1220 651/859/1219
f 632/839/1200 633/840/1201 653/861/1221 652/860/1220
f 633/840/1201 634/841/1202 654/862/1222 653/861/1221
f 634/841/1202 635/842/1203 655/863/1223 654/862/1222
f 635/842/1203 636/843/1204 656/864/1224 655/863/1223
f 636/843/1204 637/844/1205 657/865/1225 656/864/1224
f 637/844/1205 638/845/1206 658/866/1226 657/865/1225
f 638/845/1206 639/846/1207 659/867/1227 658/866/1226
f 639/846/1207 640/847/1208 660/868/1228 659/867/1227
f 640/847/1208 641/848/1209 661/869/1229 660/868/1228
f 641/848/1209 642/849/1210 662/870/1230 661/869/1229
f 642/849/1210 643/850/1211 663/871/1231 662/870/1230
f 643/850/1211 644/851/1212 664/872/1232 663/871/1231
f 644/851/1212 645/852/1213 665/873/1233 664/872/1232
f 645/852/1213 646/853/1214 666/874/1234 665/873/1233
f 646/853/1214 647/854/1215 667/875/1235 666/874/1234
f 647/854/1215 648/855/1216 668/876/1236 667/875/1235
f 648/855/1216 629/856/1198 649/877/1218 668/876/1236
f 649/857/1218 650/858/1217 670/879/1237 669/878/1238
f 650/858/1217 651/859/1219 671/880/1239 670/879/1237
f 651/859/1219 652/860/1220 672/881/1240 671/880/1239
f 652/860/1220 653/861/1221 673/882/1241 672/881/1240
f 653/861/1221 654/862/1222 674/883/1242 673/882/1241
f 654/862/1222 655/863/1223 675/884/1243 674/883/1242
f 655/863/1223 656/864/1224 676/885/1244 675/884/1243
f 656/864/1224 657/865/1225 677/886/1245 676/885/1244
f 657/865/1225 658/866/1226 678/887/1246 677/886/1245
f 658/866/1226 659/867/1227 679/888/1247 678/887/1246
f 659/867/1227 660/868/1228 680/889/1248 679/888/1247
f 660/868/1228 661/869/1229 681/890/1249 680/889/1248
f 661/869/1229 662/870/1230 682/891/1250 681/890/1249
f 662/870/1230 663/871/1231 683/892/1251 682/891/1250
f 663/871/1231 664/872/1232 684/893/1252 683/892/1251
f 664/872/1232 665/873/1233 685/894/1253 684/893/1252
f 665/873/1233 666/874/1234 686/895/1254 685/894/1253
f 666/874/1234 667/875/1235 687/896/1255 686/895/1254
f 667/875/1235 668/876/1236 688/897/1256 687/896/1255
f 668/876/1236 649/877/1218 669/898/1238 688/897/1256
f 669/878/1238 670/879/1237 690/900/1257 689/899/1258
f 670/879/1237 671/880/1239 691/901/1259 690/900/1257
f 671/880/1239 672/881/1240 692/902/1260 691/901/1259
f 672/881/1240 673/882/1241 693/903/1261 692/902/1260
f 673/882/1241 674/883/1242 694/904/1262 693/903/1261
f 674/883/1242 675/884/1243 695/905/1263 694/904/1262
f 675/884/1243 676/885/1244 696/906/1264 695/905/1263
f 676/885/1244 677/886/1245 697/907/1265 696/906/1264
f 677/886/1245 678/887/1246 698/908/1266 697/907/1265
f 678/887/1246 679/888/1247 699/909/1267 698/908/1266
f 679/888/1247 680/889/1248 700/910/1268 699/909/1267
f 680/889/1248 681/890/1249 701/911/1269 700/910/1268
f 681/890/1249 682/891/1250 702/912/1270 701/911/1269
f 682/891/1250 683/892/1251 703/913/1271 702/912/1270
f 683/892/1251 684/893/1252 704/914/1272 703/913/1271
f 684/893/1252 685/894/1253 705/915/1273 704/914/1272
f 685/894/1253 686/895/1254 706/916/1274 705/915/1273
f 686/895/1254 687/896/1255 707/917/1275 706/916/1274
f 687/896/1255 688/897/1256 708/918/1276 707/917/1275
f 688/897/1256 669/898/1238 689/919/1258 708/918/1276
f 689/899/1258 690/900/1257 710/921/1277 709/920/1278
f 690/900/1257 691/901/1259 711/922/1279 710/921/1277
f 691/901/1259 692/902/1260 712/923/1280 711/922/1279
f 692/902/1260 693/903/1261 713/924/1281 712/923/1280
f 693/903/1261 694/904/1262 714/925/1282 713/924/1281
f 694/904/1262 695/905/1263 715/926/1283 714/925/1282
f 695/905/1263 696/906/1264 716/927/1284 715/926/1283
f 696/906/1264 697/907/1265 717/928/1285 716/927/1284
f 697/907/1265 698/908/1266 718/929/1286 717/928/1285
f 698/908/1266 699/909/1267 719/930/1287 718/929/1286
f 699/909/1267 700/910/1268 720/931/1288 719/930/1287
f 700/910/1268 701/911/1269 721/932/1289 720/931/1288
f 701/911/1269 702/912/1270 722/933/1290 721/932/1289
f 702/912/1270 703/913/1271 723/934/1291 722/933/1290
f 703/913/1271 704/914/1272 724/935/1292 723/934/1291
f 704/914/1272 705/915/1273 725/936/1293 724/935/1292
f 705/915/1273 706/916/1274 726/937/1294 725/936/1293
f 706/916/1274 707/917/1275 727/938/1295 726/937/1294
f 707/917/1275 708/918/1276 728/939/1296 727/938/1295
f 708/918/1276 689/919/1258 709/940/1278 728/939/1296
f 709/920/1278 710/921/1277 730/942/1297 729/941/1298
f 710/921/1277 711/922/1279 731/943/1299 730/942/1297
f 711/922/1279 712/923/1280 732/944/1300 731/943/1299
f 712/923/1280 713/924/1281 733/945/1301 732/944/1300
f 713/924/1281 714/925/1282 734/946/1302 733/945/1301
f 714/925/1282 715/926/1283 735/947/1303 734/946/1302
f 715/926/1283 716/927/1284 736/948/1304 735/947/1303
f 716/927/1284 717/928/1285 737/949/1305 736/948/1304
f 717/928/1285 718/929/1286 738/950/1306 737/949/1305
f 718/929/1286 719/930/1287 739/951/1307 738/950/1306
f 719/930/1287 720/931/1288 740/952/1308 739/951/1307
f 720/931/1288 721/932/1289 741/953/1309 740/952/1308
f 721/932/1289 722/933/1290 742/954/1310 741/953/1309
f 722/933/1290 723/934/1291 743/955/1311 742/954/1310
f 723/934/1291 724/935/1292 744/956/1312 743/955/1311
f 724/935/1292 725/936/1293 745/957/1313 744/956/1312
f 725/936/1293 726/937/1294 746/958/1314 745/957/1313
f 726/937/1294 727/938/1295 747/959/1315 746/958/1314
f 727/938/1295 728/939/1296 748/960/1316 747/959/1315
f 728/939/1296 709/940/1278 729/961/1298 748/960/1316
f 729/941/1298 730/942/1297 750/963/1317 749/962/1318
f 730/942/1297 731/943/1299 751/964/1319 750/963/1317
f 731/943/1299 732/944/1300 752/965/1320 751/964/1319
f 732/944/1300 733/945/1301 753/966/1321 752/965/1320
f 733/945/1301 734/946/1302 754/967/1322 753/966/1321
f 734/946/1302 735/947/1303 755/968/1323 754/967/1322
f 735/947/1303 736/948/1304 756/969/1324 755/968/1323
f 736/948/1304 737/949/1305 757/970/1325 756/969/1324
f 737/949/1305 738/950/1306 758/971/1326 757/970/1325
f 738/950/1306 739/951/1307 759/972/1327 758/971/1326
f 739/951/1307 740/952/1308 760/973/1328 759/972/1327
f 740/952/1308 741/953/1309 761/974/1329 760/973/1328
f 741/953/1309 742/954/1310 762/975/1330 761/974/1329
f 742/954/1310 743/955/1311 763/976/1331 762/975/1330
f 743/955/1311 744/956/1312 764/977/1332 763/976/1331
f 744/956/1312 745/957/1313 765/978/1333 764/977/1332
f 745/957/1313 746/958/1314 766/979/1334 765/978/1333
f 746/958/1314 747/959/1315 767/980/1335 766/979/1334
f 747/959/1315 748/960/1316 768/981/1336 767/980/1335
f 748/960/1316 729/961/1298 749/982/1318 768/981/1336
f 749/962/1318 750/963/1317 770/984/1337 769/983/1338
f 750/963/1317 751/964/1319 771/985/1339 770/984/1337
f 751/964/1319 752/965/1320 772/986/1340 771/985/1339
f 752/965/1320 753/966/1321 773/987/1341 772/986/1340
f 753/966/1321 754/967/1322 774/988/1342 773/987/1341
f 754/967/1322 755/968/1323 775/989/1343 774/988/1342
f 755/968/1323 756/969/1324 776/990/1344 775/989/1343
f 756/969/1324 757/970/1325 777/991/1345 776/990/1344
f 757/970/1325 758/971/1326 778/992/1346 777/991/1345
f 758/971/1326 759/972/1327 779/993/1347 778/992/1346
f 759/972/1327 760/973/1328 780/994/1348 779/993/1347
f 760/973/1328 761/974/1329 781/995/1349 780/994/1348
f 761/974/1329 762/975/1330 782/996/1350 781/995/1349
f 762/975/1330 763/976/1331 783/997/1351 782/996/1350
f 763/976/1331 764/977/1332 784/998/1352 783/997/1351
f 764/977/1332 765/978/1333 785/999/1353 784/998/1352
f 765/978/1333 766/979/1334 786/1000/1354 785/999/1353
f 766/979/1334 767/980/1335 787/1001/1355 786/1000/1354
f 767/980/1335 768/981/1336 788/1002/1356 787/1001/1355
f 768/981/1336 749/982/1318 769/1003/1338 788/1002/1356
f 410/606/978 409/605/977 789/1004/1357
f 411/607/981 410/606/978 789/1005/1357
f 412/608/983 411/607/981 789/1006/1357
f 413/609/985 412/608/983 789/1007/1357
f 414/610/987 413/609/985 789/1008/1357
f 415/611/989 414/610/987 789/1009/1357
f 416/612/991 415/611/989 789/1010/1357
f 417/613/993 416/612/991 789/1011/1357
f 418/614/995 417/613/993 789/1012/1357
f 419/615/997 418/614/995 789/1013/1357
f 420/616/999 419/615/997 789/1014/1357
f 421/617/1001 420/616/999 789/1015/1357
f 422/618/1003 421/617/1001 789/1016/1357
f 423/619/1005 422/618/1003 789/1017/1357
f 424/620/1007 423/619/1005 789/1018/1357
f 425/621/1009 424/620/1007 789/1019/1357
f 426/622/1011 425/621/1009 789/1020/1357
f 427/623/1013 426/622/1011 789/1021/1357
f 428/624/1015 427/623/1013 789/1022/1357
f 409/625/977 428/624/1015 789/1023/1357
f 769/983/1338 770/984/1337 790/1024/1358
f 770/984/1337 771/985/1339 790/1025/1358
f 771/985/1339 772/986/1340 790/1026/1358
f 772/986/1340 773/987/1341 790/1027/1358
f 773/987/1341 774/988/1342 790/1028/1358
f 774/988/1342 775/989/1343 790/1029/1358
f 775/989/1343 776/990/1344 790/1030/1358
f 776/990/1344 777/991/1345 790/1031/1358
f 777/991/1345 778/992/1346 790/1032/1358
f 778/992/1346 779/993/1347 790/1033/1358
f 779/993/1347 780/994/1348 790/1034/1358
f 780/994/1348 781/995/1349 790/1035/1358
f 781/995/1349 782/996/1350 790/1036/1358
f 782/996/1350 783/997/1351 790/1037/1358
f 783/997/1351 784/998/1352 790/1038/1358
f 784/998/1352 785/999/1353 790/1039/1358
f 785/999/1353 786/1000/1354 790/1040/1358
f 786/1000/1354 787/1001/1355 790/1041/1358
f 787/1001/1355 788/1002/1356 790/1042/1358
f 788/1002/1356 769/1003/1338 790/1043/1358
g default
v 45.446334 69.536935 32.396808
v 45.379675 69.536935 32.309590
v 45.275850 69.536935 32.240373
v 45.145023 69.536935 32.195934
v 45.000000 69.536935 32.180621
v 44.854977 69.536935 32.195934
v 44.724150 69.536935 32.240373
v 44.620325 69.536935 32.309590
v 44.553666 69.536935 32.396808
v 44.530696 69.536935 32.493490
v 44.553666 69.536935 32.590172
v 44.620325 69.536935 32.677390
v 44.724150 69.536935 32.746606
v 44.854977 69.536935 32.791046
v 45.000000 69.536935 32.806359
v 45.145023 69.536935 32.791046
v 45.275850 69.536935 32.746606
v 45.379674 69.536935 32.677390
v 45.446334 69.536935 32.590172
v 45.469303 69.536935 32.493490
v 45.881678 69.646830 32.302507
v 45.750001 69.646830 32.130218
v 45.544907 69.646830 31.993490
v 45.286475 69.646830 31.905704
v 45.000000 69.646830 31.875456
v 44.713525 69.646830 31.905704
v 44.455093 69.646830 31.993490
v 44.250000 69.646830 32.130219
v 44.118322 69.646830 32.302507
v 44.072949 69.646830 32.493490
v 44.118322 69.646830 32.684473
v 44.250000 69.646830 32.856761
v 44.455093 69.646830 32.993490
v 44.713525 69.646830 33.081275
v 45.000000 69.646830 33.111524
v 45.286474 69.646830 33.081275
v 45.544907 69.646830 32.993490
v 45.750000 69.646830 32.856761
v 45.881678 69.646830 32.684473
v 45.927051 69.646830 32.493490
v 46.295313 69.826980 32.212908
v 46.101859 69.826980 31.959792
v 45.800547 69.826980 31.758917
v 45.420873 69.826980 31.629948
v 45.000000 69.826980 31.585508
v 44.579127 69.826980 31.629948
v 44.199453 69.826980 31.758918
v 43.898142 69.826980 31.959792
v 43.704688 69.826980 32.212908
v 43.638028 69.826980 32.493490
v 43.704688 69.826980 32.774072
v 43.898142 69.826980 33.027188
v 44.199453 69.826980 33.228062
v 44.579128 69.826980 33.357031
v 45.000000 69.826980 33.401471
v 45.420872 69.826980 33.357031
v 45.800547 69.826980 33.228062
v 46.101858 69.826980 33.027188
v 46.295312 69.826980 32.774071
v 46.361972 69.826980 32.493490
v 46.677052 70.072949 32.130218
v 46.426586 70.072949 31.802506
v 46.036475 70.072949 31.542433
v 45.544907 70.072949 31.375455
v 45.000000 70.072949 31.317919
v 44.455093 70.072949 31.375455
v 43.963525 70.072949 31.542433
v 43.573415 70.072949 31.802507
v 43.322949 70.072949 32.130219
v 43.236644 70.072949 32.493490
v 43.322949 70.072949 32.856761
v 43.573415 70.072949 33.184473
v 43.963525 70.072949 33.444547
v 44.455093 70.072949 33.611524
v 45.000000 70.072949 33.669060
v 45.544907 70.072949 33.611524
v 46.036474 70.072949 33.444546
v 46.426585 70.072949 33.184473
v 46.677051 70.072949 32.856761
v 46.763356 70.072949 32.493490
v 47.017497 70.378680 32.056474
v 46.716185 70.378680 31.662236
v 46.246882 70.378680 31.349366
v 45.655524 70.378680 31.148492
v 45.000000 70.378680 31.079276
v 44.344476 70.378680 31.148492
v 43.753119 70.378680 31.349367
v 43.283815 70.378680 31.662236
v 42.982504 70.378680 32.056474
v 42.878679 70.378680 32.493490
v 42.982504 70.378680 32.930506
v 43.283815 70.378680 33.324744
v 43.753119 70.378680 33.637613
v 44.344476 70.378680 33.838487
v 45.000000 70.378680 33.907704
v 45.655524 70.378680 33.838487
v 46.246881 70.378680 33.637613
v 46.716184 70.378680 33.324744
v 47.017496 70.378680 32.930506
v 47.121320 70.378680 32.493490
v 47.308264 70.736644 31.993490
v 46.963527 70.736644 31.542433
v 46.426586 70.736644 31.184472
v 45.750000 70.736644 30.954647
v 45.000000 70.736644 30.875455
v 44.250000 70.736644 30.954647
v 43.573415 70.736644 31.184472
v 43.036474 70.736644 31.542433
v 42.691737 70.736644 31.993490
v 42.572948 70.736644 32.493490
v 42.691737 70.736644 32.993490
v 43.036474 70.736644 33.444547
v 43.573415 70.736644 33.802507
v 44.250000 70.736644 34.032332
v 45.000000 70.736644 34.111524
v 45.750000 70.736644 34.032332
v 46.426585 70.736644 33.802507
v 46.963526 70.736644 33.444546
v 47.308263 70.736644 32.993490
v 47.427051 70.736644 32.493490
v 47.542194 71.138028 31.942817
v 47.162520 71.138028 31.446048
v 46.571162 71.138028 31.051810
v 45.826009 71.138028 30.798694
v 45.000000 71.138028 30.711476
v 44.173991 71.138028 30.798694
v 43.428838 71.138028 31.051811
v 42.837481 71.138028 31.446049
v 42.457807 71.138028 31.942817
v 42.326980 71.138028 32.493490
v 42.457807 71.138028 33.044162
v 42.837481 71.138028 33.540931
v 43.428838 71.138028 33.935169
v 44.173991 71.138028 34.188285
v 45.000000 71.138028 34.275503
v 45.826008 71.138028 34.188285
v 46.571162 71.138028 33.935169
v 47.162518 71.138028 33.540931
v 47.542193 71.138028 33.044162
v 47.673020 71.138028 32.493490
v 47.713527 71.572949 31.905704
v 47.308264 71.572949 31.375455
v 46.677052 71.572949 30.954647
v 45.881678 71.572949 30.684472
v 45.000000 71.572949 30.591376
v 44.118322 71.572949 30.684472
v 43.322948 71.572949 30.954647
v 42.691737 71.572949 31.375456
v 42.286474 71.572949 31.905704
v 42.146830 71.572949 32.493490
v 42.286474 71.572949 33.081275
v 42.691737 71.572949 33.611524
v 43.322949 71.572949 34.032332
v 44.118322 71.572949 34.302507
v 45.000000 71.572949 34.395603
v 45.881678 71.572949 34.302507
v 46.677051 71.572949 34.032332
v 47.308263 71.572949 33.611524
v 47.713526 71.572949 33.081275
v 47.853170 71.572949 32.493490
v 47.818044 72.030697 31.883065
v 47.397172 72.030697 31.332392
v 46.741647 72.030697 30.895376
v 45.915638 72.030697 30.614794
v 45.000000 72.030697 30.518112
v 44.084362 72.030697 30.614794
v 43.258353 72.030697 30.895376
v 42.602829 72.030697 31.332392
v 42.181957 72.030697 31.883065
v 42.036934 72.030697 32.493490
v 42.181957 72.030697 33.103915
v 42.602830 72.030697 33.654587
v 43.258354 72.030697 34.091603
v 44.084362 72.030697 34.372185
v 45.000000 72.030697 34.468867
v 45.915637 72.030697 34.372185
v 46.741646 72.030697 34.091603
v 47.397170 72.030697 33.654587
v 47.818043 72.030697 33.103915
v 47.963065 72.030697 32.493490
v 47.853171 72.500000 31.875456
v 47.427053 72.500000 31.317919
v 46.763357 72.500000 30.875455
v 45.927051 72.500000 30.591376
v 45.000000 72.500000 30.493489
v 44.072949 72.500000 30.591376
v 43.236644 72.500000 30.875455
v 42.572948 72.500000 31.317919
v 42.146830 72.500000 31.875456
v 41.999999 72.500000 32.493490
v 42.146830 72.500000 33.111524
v 42.572948 72.500000 33.669061
v 43.236644 72.500000 34.111524
v 44.072949 72.500000 34.395603
v 45.000000 72.500000 34.493490
v 45.927051 72.500000 34.395603
v 46.763356 72.500000 34.111524
v 47.427051 72.500000 33.669060
v 47.853170 72.500000 33.111524
v 48.000000 72.500000 32.493490
v 47.818044 72.969303 31.883065
v 47.397172 72.969303 31.332392
v 46.741647 72.969303 30.895376
v 45.915638 72.969303 30.614794
v 45.000000 72.969303 30.518112
v 44.084362 72.969303 30.614794
v 43.258353 72.969303 30.895376
v 42.602829 72.969303 31.332392
v 42.181957 72.969303 31.883065
v 42.036934 72.969303 32.493490
v 42.181957 72.969303 33.103915
v 42.602830 72.969303 33.654587
v 43.258354 72.969303 34.091603
v 44.084362 72.969303 34.372185
v 45.000000 72.969303 34.468867
v 45.915637 72.969303 34.372185
v 46.741646 72.969303 34.091603
v 47.397170 72.969303 33.654587
v 47.818043 72.969303 33.103915
v 47.963065 72.969303 32.493490
v 47.713527 73.427051 31.905704
v 47.308264 73.427051 31.375455
v 46.677052 73.427051 30.954647
v 45.881678 73.427051 30.684472
v 45.000000 73.427051 30.591376
v 44.118322 73.427051 30.684472
v 43.322948 73.427051 30.954647
v 42.691737 73.427051 31.375456
v 42.286474 73.427051 31.905704
v 42.146830 73.427051 32.493490
v 42.286474 73.427051 33.081275
v 42.691737 73.427051 33.611524
v 43.322949 73.427051 34.032332
v 44.118322 73.427051 34.302507
v 45.000000 73.427051 34.395603
v 45.881678 73.427051 34.302507
v 46.677051 73.427051 34.032332
v 47.308263 73.427051 33.611524
v 47.713526 73.427051 33.081275
v 47.853170 73.427051 32.493490
v 47.542194 73.861972 31.942817
v 47.162520 73.861972 31.446048
v 46.571162 73.861972 31.051810
v 45.826009 73.861972 30.798694
v 45.000000 73.861972 30.711476
v 44.173991 73.861972 30.798694
v 43.428838 73.861972 31.051811
v 42.837481 73.861972 31.446049
v 42.457807 73.861972 31.942817
v 42.326980 73.861972 32.493490
v 42.457807 73.861972 33.044162
v 42.837481 73.861972 33.540931
v 43.428838 73.861972 33.935169
v 44.173991 73.861972 34.188285
v 45.000000 73.861972 34.275503
v 45.826008 73.861972 34.188285
v 46.571162 73.861972 33.935169
v 47.162518 73.861972 33.540931
v 47.542193 73.861972 33.044162
v 47.673020 73.861972 32.493490
v 47.308264 74.263356 31.993490
v 46.963527 74.263356 31.542433
v 46.426586 74.263356 31.184472
v 45.750000 74.263356 30.954647
v 45.000000 74.263356 30.875455
v 44.250000 74.263356 30.954647
v 43.573415 74.263356 31.184472
v 43.036474 74.263356 31.542433
v 42.691737 74.263356 31.993490
v 42.572948 74.263356 32.493490
v 42.691737 74.263356 32.993490
v 43.036474 74.263356 33.444547
v 43.573415 74.263356 33.802507
v 44.250000 74.263356 34.032332
v 45.000000 74.263356 34.111524
v 45.750000 74.263356 34.032332
v 46.426585 74.263356 33.802507
v 46.963526 74.263356 33.444546
v 47.308263 74.263356 32.993490
v 47.427051 74.263356 32.493490
v 47.017497 74.621320 32.056474
v 46.716185 74.621320 31.662236
v 46.246882 74.621320 31.349366
v 45.655524 74.621320 31.148492
v 45.000000 74.621320 31.079276
v 44.344476 74.621320 31.148492
v 43.753119 74.621320 31.349367
v 43.283815 74.621320 31.662236
v 42.982504 74.621320 32.056474
v 42.878679 74.621320 32.493490
v 42.982504 74.621320 32.930506
v 43.283815 74.621320 33.324744
v 43.753119 74.621320 33.637613
v 44.344476 74.621320 33.838487
v 45.000000 74.621320 33.907704
v 45.655524 74.621320 33.838487
v 46.246881 74.621320 33.637613
v 46.716184 74.621320 33.324744
v 47.017496 74.621320 32.930506
v 47.121320 74.621320 32.493490
v 46.677052 74.927051 32.130218
v 46.426586 74.927051 31.802506
v 46.036475 74.927051 31.542433
v 45.544907 74.927051 31.375455
v 45.000000 74.927051 31.317919
v 44.455093 74.927051 31.375455
v 43.963525 74.927051 31.542433
v 43.573415 74.927051 31.802507
v 43.322949 74.927051 32.130219
v 43.236644 74.927051 32.493490
v 43.322949 74.927051 32.856761
v 43.573415 74.927051 33.184473
v 43.963525 74.927051 33.444547
v 44.455093 74.927051 33.611524
v 45.000000 74.927051 33.669060
v 45.544907 74.927051 33.611524
v 46.036474 74.927051 33.444546
v 46.426585 74.927051 33.184473
v 46.677051 74.927051 32.856761
v 46.763356 74.927051 32.493490
v 46.295313 75.173020 32.212908
v 46.101859 75.173020 31.959792
v 45.800547 75.173020 31.758917
v 45.420873 75.173020 31.629948
v 45.000000 75.173020 31.585508
v 44.579127 75.173020 31.629948
v 44.199453 75.173020 31.758918
v 43.898142 75.173020 31.959792
v 43.704688 75.173020 32.212908
v 43.638028 75.173020 32.493490
v 43.704688 75.173020 32.774072
v 43.898142 75.173020 33.027188
v 44.199453 75.173020 33.228062
v 44.579128 75.173020 33.357031
v 45.000000 75.173020 33.401471
v 45.420872 75.173020 33.357031
v 45.800547 75.173020 33.228062
v 46.101858 75.173020 33.027188
v 46.295312 75.173020 32.774071
v 46.361972 75.173020 32.493490
v 45.881678 75.353170 32.302507
v 45.750001 75.353170 32.130218
v 45.544907 75.353170 31.993490
v 45.286475 75.353170 31.905704
v 45.000000 75.353170 31.875456
v 44.713525 75.353170 31.905704
v 44.455093 75.353170 31.993490
v 44.250000 75.353170 32.130219
v 44.118322 75.353170 32.302507
v 44.072949 75.353170 32.493490
v 44.118322 75.353170 32.684473
v 44.250000 75.353170 32.856761
v 44.455093 75.353170 32.993490
v 44.713525 75.353170 33.081275
v 45.000000 75.353170 33.111524
v 45.286474 75.353170 33.081275
v 45.544907 75.353170 32.993490
v 45.750000 75.353170 32.856761
v 45.881678 75.353170 32.684473
v 45.927051 75.353170 32.493490
v 45.446334 75.463065 32.396808
v 45.379675 75.463065 32.309590
v 45.275850 75.463065 32.240373
v 45.145023 75.463065 32.195934
v 45.000000 75.463065 32.180621
v 44.854977 75.463065 32.195934
v 44.724150 75.463065 32.240373
v 44.620325 75.463065 32.309590
v 44.553666 75.463065 32.396808
v 44.530696 75.463065 32.493490
v 44.553666 75.463065 32.590172
v 44.620325 75.463065 32.677390
v 44.724150 75.463065 32.746606
v 44.854977 75.463065 32.791046
v 45.000000 75.463065 32.806359
v 45.145023 75.463065 32.791046
v 45.275850 75.463065 32.746606
v 45.379674 75.463065 32.677390
v 45.446334 75.463065 32.590172
v 45.469303 75.463065 32.493490
v 45.000000 69.500000 32.493490
v 45.000000 75.500000 32.493490
vt 0.000000 0.050000
vt 0.050000 0.050000
vt 0.100000 0.050000
vt 0.150000 0.050000
vt 0.200000 0.050000
vt 0.250000 0.050000
vt 0.300000 0.050000
vt 0.350000 0.050000
vt 0.400000 0.050000
vt 0.450000 0.050000
vt 0.500000 0.050000
vt 0.550000 0.050000
vt 0.600000 0.050000
vt 0.650000 0.050000
vt 0.700000 0.050000
vt 0.750000 0.050000
vt 0.800000 0.050000
vt 0.850000 0.050000
vt 0.900000 0.050000
vt 0.950000 0.050000
vt 1.000000 0.050000
vt 0.000000 0.100000
vt 0.050000 0.100000
vt 0.100000 0.100000
vt 0.150000 0.100000
vt 0.200000 0.100000
vt 0.250000 0.100000
vt 0.300000 0.100000
vt 0.350000 0.100000
vt 0.400000 0.100000
vt 0.450000 0.100000
vt 0.500000 0.100000
vt 0.550000 0.100000
vt 0.600000 0.100000
vt 0.650000 0.100000
vt 0.700000 0.100000
vt 0.750000 0.100000
vt 0.800000 0.100000
vt 0.850000 0.100000
vt 0.900000 0.100000
vt 0.950000 0.100000
vt 1.000000 0.100000
vt 0.000000 0.150000
vt 0.050000 0.150000
vt 0.100000 0.150000
vt 0.150000 0.150000
vt 0.200000 0.150000
vt 0.250000 0.150000
vt 0.300000 0.150000
vt 0.350000 0.150000
vt 0.400000 0.150000
vt 0.450000 0.150000
vt 0.500000 0.150000
vt 0.550000 0.150000
vt 0.600000 0.150000
vt 0.650000 0.150000
vt 0.700000 0.150000
vt 0.750000 0.150000
vt 0.800000 0.150000
vt 0.850000 0.150000
vt 0.900000 0.150000
vt 0.950000 0.150000
vt 1.000000 0.150000
vt 0.000000 0.200000
vt 0.050000 0.200000
vt 0.100000 0.200000
vt 0.150000 0.200000
vt 0.200000 0.200000
vt 0.250000 0.200000
vt 0.300000 0.200000
vt 0.350000 0.200000
vt 0.400000 0.200000
vt 0.450000 0.200000
vt 0.500000 0.200000
vt 0.550000 0.200000
vt 0.600000 0.200000
vt 0.650000 0.200000
vt 0.700000 0.200000
vt 0.750000 0.200000
vt 0.800000 0.200000
vt 0.850000 0.200000
vt 0.900000 0.200000
vt 0.950000 0.200000
vt 1.000000 0.200000
vt 0.000000 0.250000
vt 0.050000 0.250000
vt 0.100000 0.250000
vt 0.150000 0.250000
vt 0.200000 0.250000
vt 0.250000 0.250000
vt 0.300000 0.250000
vt 0.350000 0.250000
vt 0.400000 0.250000
vt 0.450000 0.250000
vt 0.500000 0.250000
vt 0.550000 0.250000
vt 0.600000 0.250000
vt 0.650000 0.250000
vt 0.700000 0.250000
vt 0.750000 0.250000
vt 0.800000 0.250000
vt 0.850000 0.250000
vt 0.900000 0.250000
vt 0.950000 0.250000
vt 1.000000 0.250000
vt 0.000000 0.300000
vt 0.050000 0.300000
vt 0.100000 0.300000
vt 0.150000 0.300000
vt 0.200000 0.300000
vt 0.250000 0.300000
vt 0.300000 0.300000
vt 0.350000 0.300000
vt 0.400000 0.300000
vt 0.450000 0.300000
vt 0.500000 0.300000
vt 0.550000 0.300000
vt 0.600000 0.300000
vt 0.650000 0.300000
vt 0.700000 0.300000
vt 0.750000 0.300000
vt 0.800000 0.300000
vt 0.850000 0.300000
vt 0.900000 0.300000
vt 0.950000 0.300000
vt 1.000000 0.300000
vt 0.000000 0.350000
vt 0.050000 0.350000
vt 0.100000 0.350000
vt 0.150000 0.350000
vt 0.200000 0.350000
vt 0.250000 0.350000
vt 0.300000 0.350000
vt 0.350000 0.350000
vt 0.400000 0.350000
vt 0.450000 0.350000
vt 0.500000 0.350000
vt 0.550000 0.350000
vt 0.600000 0.350000
vt 0.650000 0.350000
vt 0.700000 0.350000
vt 0.750000 0.350000
vt 0.800000 0.350000
vt 0.850000 0.350000
vt 0.900000 0.350000
vt 0.950000 0.350000
vt 1.000000 0.350000
vt 0.000000 0.400000
vt 0.050000 0.400000
vt 0.100000 0.400000
vt 0.150000 0.400000
vt 0.200000 0.400000
vt 0.250000 0.400000
vt 0.300000 0.400000
vt 0.350000 0.400000
vt 0.400000 0.400000
vt 0.450000 0.400000
vt 0.500000 0.400000
vt 0.550000 0.400000
vt 0.600000 0.400000
vt 0.650000 0.400000
vt 0.700000 0.400000
vt 0.750000 0.400000
vt 0.800000 0.400000
vt 0.850000 0.400000
vt 0.900000 0.400000
vt 0.950000 0.400000
vt 1.000000 0.400000
vt 0.000000 0.450000
vt 0.050000 0.450000
vt 0.100000 0.450000
vt 0.150000 0.450000
vt 0.200000 0.450000
vt 0.250000 0.450000
vt 0.300000 0.450000
vt 0.350000 0.450000
vt 0.400000 0.450000
vt 0.450000 0.450000
vt 0.500000 0.450000
vt 0.550000 0.450000
vt 0.600000 0.450000
vt 0.650000 0.450000
vt 0.700000 0.450000
vt 0.750000 0.450000
vt 0.800000 0.450000
vt 0.850000 0.450000
vt 0.900000 0.450000
vt 0.950000 0.450000
vt 1.000000 0.450000
vt 0.000000 0.500000
vt 0.050000 0.500000
vt 0.100000 0.500000
vt 0.150000 0.500000
vt 0.200000 0.500000
vt 0.250000 0.500000
vt 0.300000 0.500000
vt 0.350000 0.500000
vt 0.400000 0.500000
vt 0.450000 0.500000
vt 0.500000 0.500000
vt 0.550000 0.500000
vt 0.600000 0.500000
vt 0.650000 0.500000
vt 0.700000 0.500000
vt 0.750000 0.500000
vt 0.800000 0.500000
vt 0.850000 0.500000
vt 0.900000 0.500000
vt 0.950000 0.500000
vt 1.000000 0.500000
vt 0.000000 0.550000
vt 0.050000 0.550000
vt 0.100000 0.550000
vt 0.150000 0.550000
vt 0.200000 0.550000
vt 0.250000 0.550000
vt 0.300000 0.550000
vt 0.350000 0.550000
vt 0.400000 0.550000
vt 0.450000 0.550000
vt 0.500000 0.550000
vt 0.550000 0.550000
vt 0.600000 0.550000
vt 0.650000 0.550000
vt 0.700000 0.550000
vt 0.750000 0.550000
vt 0.800000 0.550000
vt 0.850000 0.550000
vt 0.900000 0.550000
vt 0.950000 0.550000
vt 1.000000 0.550000
vt 0.000000 0.600000
vt 0.050000 0.600000
vt 0.100000 0.600000
vt 0.150000 0.600000
vt 0.200000 0.600000
vt 0.250000 0.600000
vt 0.300000 0.600000
vt 0.350000 0.600000
vt 0.400000 0.600000
vt 0.450000 0.600000
vt 0.500000 0.600000
vt 0.550000 0.600000
vt 0.600000 0.600000
vt 0.650000 0.600000
vt 0.700000 0.600000
vt 0.750000 0.600000
vt 0.800000 0.600000
vt 0.850000 0.600000
vt 0.900000 0.600000
vt 0.950000 0.600000
vt 1.000000 0.600000
vt 0.000000 0.650000
vt 0.050000 0.650000
vt 0.100000 0.650000
vt 0.150000 0.650000
vt 0.200000 0.650000
vt 0.250000 0.650000
vt 0.300000 0.650000
vt 0.350000 0.650000
vt 0.400000 0.650000
vt 0.450000 0.650000
vt 0.500000 0.650000
vt 0.550000 0.650000
vt 0.600000 0.650000
vt 0.650000 0.650000
vt 0.700000 0.650000
vt 0.750000 0.650000
vt 0.800000 0.650000
vt 0.850000 0.650000
vt 0.900000 0.650000
vt 0.950000 0.650000
vt 1.000000 0.650000
vt 0.000000 0.700000
vt 0.050000 0.700000
vt 0.100000 0.700000
vt 0.150000 0.700000
vt 0.200000 0.700000
vt 0.250000 0.700000
vt 0.300000 0.700000
vt 0.350000 0.700000
vt 0.400000 0.700000
vt 0.450000 0.700000
vt 0.500000 0.700000
vt 0.550000 0.700000
vt 0.600000 0.700000
vt 0.650000 0.700000
vt 0.700000 0.700000
vt 0.750000 0.700000
vt 0.800000 0.700000
vt 0.850000 0.700000
vt 0.900000 0.700000
vt 0.950000 0.700000
vt 1.000000 0.700000
vt 0.000000 0.750000
vt 0.050000 0.750000
vt 0.100000 0.750000
vt 0.150000 0.750000
vt 0.200000 0.750000
vt 0.250000 0.750000
vt 0.300000 0.750000
vt 0.350000 0.750000
vt 0.400000 0.750000
vt 0.450000 0.750000
vt 0.500000 0.750000
vt 0.550000 0.750000
vt 0.600000 0.750000
vt 0.650000 0.750000
vt 0.700000 0.750000
vt 0.750000 0.750000
vt 0.800000 0.750000
vt 0.850000 0.750000
vt 0.900000 0.750000
vt 0.950000 0.750000
vt 1.000000 0.750000
vt 0.000000 0.800000
vt 0.050000 0.800000
vt 0.100000 0.800000
vt 0.150000 0.800000
vt 0.200000 0.800000
vt 0.250000 0.800000
vt 0.300000 0.800000
vt 0.350000 0.800000
vt 0.400000 0.800000
vt 0.450000 0.800000
vt 0.500000 0.800000
vt 0.550000 0.800000
vt 0.600000 0.800000
vt 0.650000 0.800000
vt 0.700000 0.800000
vt 0.750000 0.800000
vt 0.800000 0.800000
vt 0.850000 0.800000
vt 0.900000 0.800000
vt 0.950000 0.800000
vt 1.000000 0.800000
vt 0.000000 0.850000
vt 0.050000 0.850000
vt 0.100000 0.850000
vt 0.150000 0.850000
vt 0.200000 0.850000
vt 0.250000 0.850000
vt 0.300000 0.850000
vt 0.350000 0.850000
vt 0.400000 0.850000
vt 0.450000 0.850000
vt 0.500000 0.850000
vt 0.550000 0.850000
vt 0.600000 0.850000
vt 0.650000 0.850000
vt 0.700000 0.850000
vt 0.750000 0.850000
vt 0.800000 0.850000
vt 0.850000 0.850000
vt 0.900000 0.850000
vt 0.950000 0.850000
vt 1.000000 0.850000
vt 0.000000 0.900000
vt 0.050000 0.900000
vt 0.100000 0.900000
vt 0.150000 0.900000
vt 0.200000 0.900000
vt 0.250000 0.900000
vt 0.300000 0.900000
vt 0.350000 0.900000
vt 0.400000 0.900000
vt 0.450000 0.900000
vt 0.500000 0.900000
vt 0.550000 0.900000
vt 0.600000 0.900000
vt 0.650000 0.900000
vt 0.700000 0.900000
vt 0.750000 0.900000
vt 0.800000 0.900000
vt 0.850000 0.900000
vt 0.900000 0.900000
vt 0.950000 0.900000
vt 1.000000 0.900000
vt 0.000000 0.950000
vt 0.050000 0.950000
vt 0.100000 0.950000
vt 0.150000 0.950000
vt 0.200000 0.950000
vt 0.250000 0.950000
vt 0.300000 0.950000
vt 0.350000 0.950000
vt 0.400000 0.950000
vt 0.450000 0.950000
vt 0.500000 0.950000
vt 0.550000 0.950000
vt 0.600000 0.950000
vt 0.650000 0.950000
vt 0.700000 0.950000
vt 0.750000 0.950000
vt 0.800000 0.950000
vt 0.850000 0.950000
vt 0.900000 0.950000
vt 0.950000 0.950000
vt 1.000000 0.950000
vt 0.025000 0.000000
vt 0.075000 0.000000
vt 0.125000 0.000000
vt 0.175000 0.000000
vt 0.225000 0.000000
vt 0.275000 0.000000
vt 0.325000 0.000000
vt 0.375000 0.000000
vt 0.425000 0.000000
vt 0.475000 0.000000
vt 0.525000 0.000000
vt 0.575000 0.000000
vt 0.625000 0.000000
vt 0.675000 0.000000
vt 0.725000 0.000000
vt 0.775000 0.000000
vt 0.825000 0.000000
vt 0.875000 0.000000
vt 0.925000 0.000000
vt 0.975000 0.000000
vt 0.025000 1.000000
vt 0.075000 1.000000
vt 0.125000 1.000000
vt 0.175000 1.000000
vt 0.225000 1.000000
vt 0.275000 1.000000
vt 0.325000 1.000000
vt 0.375000 1.000000
vt 0.425000 1.000000
vt 0.475000 1.000000
vt 0.525000 1.000000
vt 0.575000 1.000000
vt 0.625000 1.000000
vt 0.675000 1.000000
vt 0.725000 1.000000
vt 0.775000 1.000000
vt 0.825000 1.000000
vt 0.875000 1.000000
vt 0.925000 1.000000
vt 0.975000 1.000000
vn 0.190100 -0.977383 -0.092651
vn 0.160708 -0.971338 -0.175143
vn 0.263611 -0.920856 -0.287287
vn 0.315166 -0.936523 -0.153605
vn 0.115882 -0.964019 -0.239246
vn 0.187714 -0.902535 -0.387549
vn 0.060556 -0.958217 -0.279558
vn 0.097151 -0.888487 -0.448499
vn -0.000000 -0.956029 -0.293274
vn -0.000000 -0.883292 -0.468823
vn -0.060556 -0.958217 -0.279558
vn -0.097151 -0.888487 -0.448500
vn -0.115882 -0.964019 -0.239247
vn -0.187714 -0.902535 -0.387549
vn -0.160709 -0.971338 -0.175143
vn -0.263611 -0.920856 -0.287287
vn -0.190100 -0.977383 -0.092651
vn -0.315166 -0.936523 -0.153605
vn -0.200361 -0.979722 0.000000
vn -0.333578 -0.942722 -0.000000
vn -0.190100 -0.977383 0.092651
vn -0.315166 -0.936523 0.153605
vn -0.160709 -0.971338 0.175142
vn -0.263611 -0.920856 0.287286
vn -0.115882 -0.964019 0.239246
vn -0.187714 -0.902535 0.387549
vn -0.060556 -0.958217 0.279558
vn -0.097151 -0.888487 0.448500
vn 0.000000 -0.956029 0.293273
vn 0.000000 -0.883292 0.468823
vn 0.060556 -0.958217 0.279558
vn 0.097151 -0.888487 0.448500
vn 0.115882 -0.964019 0.239246
vn 0.187714 -0.902535 0.387549
vn 0.160709 -0.971338 0.175142
vn 0.263611 -0.920856 0.287287
vn 0.190100 -0.977383 0.092651
vn 0.315166 -0.936523 0.153605
vn 0.200361 -0.979722 0.000001
vn 0.333578 -0.942723 0.000000
vn 0.363834 -0.842855 -0.396511
vn 0.441905 -0.870823 -0.215375
vn 0.254583 -0.811743 -0.525605
vn 0.130084 -0.788947 -0.600534
vn -0.000000 -0.780733 -0.624865
vn -0.130084 -0.788947 -0.600534
vn -0.254583 -0.811743 -0.525605
vn -0.363834 -0.842855 -0.396511
vn -0.441905 -0.870823 -0.215375
vn -0.470752 -0.882266 0.000000
vn -0.441905 -0.870823 0.215376
vn -0.363834 -0.842855 0.396511
vn -0.254583 -0.811743 0.525606
vn -0.130084 -0.788947 0.600534
vn 0.000000 -0.780733 0.624865
vn 0.130084 -0.788947 0.600534
vn 0.254583 -0.811743 0.525606
vn 0.363834 -0.842855 0.396511
vn 0.441905 -0.870823 0.215375
vn 0.470752 -0.882266 0.000000
vn 0.451355 -0.744526 -0.491894
vn 0.558455 -0.783611 -0.272179
vn 0.309832 -0.703439 -0.639671
vn 0.156246 -0.674754 -0.721314
vn -0.000000 -0.664688 -0.747121
vn -0.156246 -0.674754 -0.721314
vn -0.309832 -0.703439 -0.639670
vn -0.451356 -0.744526 -0.491894
vn -0.558455 -0.783611 -0.272180
vn -0.599664 -0.800252 0.000000
vn -0.558455 -0.783611 0.272180
vn -0.451356 -0.744526 0.491894
vn -0.309832 -0.703438 0.639671
vn -0.156246 -0.674754 0.721314
vn 0.000000 -0.664688 0.747121
vn 0.156246 -0.674754 0.721314
vn 0.309832 -0.703438 0.639671
vn 0.451356 -0.744526 0.491894
vn 0.558455 -0.783611 0.272180
vn 0.599664 -0.800252 0.000001
vn 0.523731 -0.632399 -0.570769
vn 0.660447 -0.678379 -0.321887
vn 0.353011 -0.586692 -0.728818
vn 0.175938 -0.556183 -0.812223
vn -0.000000 -0.545726 -0.837964
vn -0.175938 -0.556183 -0.812223
vn -0.353011 -0.586692 -0.728818
vn -0.523731 -0.632399 -0.570769
vn -0.660447 -0.678378 -0.321888
vn -0.715328 -0.698788 -0.000000
vn -0.660447 -0.678379 0.321888
vn -0.523731 -0.632399 0.570769
vn -0.353011 -0.586692 0.728818
vn -0.175938 -0.556183 0.812223
vn -0.000000 -0.545726 0.837964
vn 0.175938 -0.556183 0.812223
vn 0.353011 -0.586692 0.728818
vn 0.523731 -0.632399 0.570769
vn 0.660447 -0.678378 0.321888
vn 0.715328 -0.698788 0.000001
vn 0.580862 -0.511732 -0.633032
vn 0.745531 -0.558710 -0.363355
vn 0.385391 -0.467316 -0.795669
vn 0.190236 -0.438771 -0.878231
vn -0.000000 -0.429171 -0.903223
vn -0.190237 -0.438771 -0.878231
vn -0.385392 -0.467316 -0.795669
vn -0.580863 -0.511732 -0.633032
vn -0.745531 -0.558709 -0.363356
vn -0.814331 -0.580401 -0.000000
vn -0.745531 -0.558710 0.363356
vn -0.580862 -0.511732 0.633032
vn -0.385392 -0.467316 0.795669
vn -0.190236 -0.438771 0.878231
vn 0.000000 -0.429171 0.903223
vn 0.190236 -0.438771 0.878231
vn 0.385392 -0.467316 0.795669
vn 0.580862 -0.511732 0.633032
vn 0.745531 -0.558709 0.363356
vn 0.814331 -0.580401 0.000001
vn 0.623622 -0.386260 -0.679632
vn 0.812408 -0.428040 -0.395950
vn 0.408615 -0.348347 -0.843616
vn 0.200233 -0.324691 -0.924382
vn -0.000000 -0.316849 -0.948476
vn -0.200233 -0.324691 -0.924382
vn -0.408615 -0.348347 -0.843616
vn -0.623622 -0.386260 -0.679631
vn -0.812407 -0.428040 -0.395950
vn -0.894037 -0.447994 -0.000000
vn -0.812407 -0.428040 0.395951
vn -0.623622 -0.386260 0.679632
vn -0.408615 -0.348347 0.843616
vn -0.200233 -0.324691 0.924382
vn 0.000000 -0.316848 0.948476
vn 0.200233 -0.324691 0.924382
vn 0.408615 -0.348347 0.843616
vn 0.623622 -0.386260 0.679631
vn 0.812407 -0.428039 0.395951
vn 0.894037 -0.447994 0.000001
vn 0.653140 -0.258356 -0.711801
vn 0.860421 -0.289518 -0.419350
vn 0.424137 -0.230918 -0.875662
vn 0.206792 -0.214152 -0.954660
vn -0.000000 -0.208648 -0.977991
vn -0.206792 -0.214152 -0.954660
vn -0.424137 -0.230918 -0.875662
vn -0.653140 -0.258356 -0.711801
vn -0.860421 -0.289517 -0.419351
vn -0.952420 -0.304789 -0.000000
vn -0.860421 -0.289518 0.419352
vn -0.653140 -0.258356 0.711801
vn -0.424137 -0.230918 0.875662
vn -0.206792 -0.214152 0.954660
vn 0.000000 -0.208648 0.977991
vn 0.206792 -0.214152 0.954660
vn 0.424137 -0.230918 0.875662
vn 0.653140 -0.258356 0.711801
vn 0.860421 -0.289517 0.419351
vn 0.952420 -0.304788 0.000001
vn 0.670412 -0.129370 -0.730624
vn 0.889290 -0.145978 -0.433420
vn 0.433026 -0.115013 -0.894014
vn 0.210503 -0.106347 -0.971792
vn 0.000000 -0.103519 -0.994628
vn -0.210503 -0.106347 -0.971792
vn -0.433026 -0.115013 -0.894014
vn -0.670412 -0.129370 -0.730624
vn -0.889290 -0.145978 -0.433422
vn -0.988032 -0.154248 0.000000
vn -0.889290 -0.145978 0.433422
vn -0.670412 -0.129370 0.730624
vn -0.433026 -0.115013 0.894014
vn -0.210503 -0.106347 0.971792
vn 0.000000 -0.103519 0.994628
vn 0.210503 -0.106347 0.971792
vn 0.433026 -0.115013 0.894014
vn 0.670412 -0.129370 0.730624
vn 0.889290 -0.145978 0.433422
vn 0.988032 -0.154249 0.000001
vn 0.676093 0.000000 -0.736816
vn 0.898920 -0.000000 -0.438114
vn 0.435919 -0.000000 -0.899986
vn 0.211703 -0.000000 -0.977334
vn 0.000000 0.000000 -1.000000
vn -0.211704 -0.000000 -0.977334
vn -0.435919 -0.000000 -0.899986
vn -0.676093 0.000000 -0.736816
vn -0.898919 0.000000 -0.438115
vn -1.000000 -0.000000 0.000000
vn -0.898919 -0.000000 0.438115
vn -0.676093 0.000000 0.736816
vn -0.435919 -0.000000 0.899986
vn -0.211703 -0.000000 0.977334
vn 0.000000 0.000000 1.000000
vn 0.211703 -0.000000 0.977334
vn 0.435919 -0.000000 0.899986
vn 0.676093 -0.000000 0.736816
vn 0.898919 0.000000 0.438115
vn 1.000000 0.000000 0.000001
vn 0.670412 0.129370 -0.730624
vn 0.889290 0.145978 -0.433420
vn 0.433026 0.115013 -0.894014
vn 0.210503 0.106347 -0.971792
vn 0.000000 0.103519 -0.994628
vn -0.210503 0.106347 -0.971792
vn -0.433026 0.115013 -0.894014
vn -0.670412 0.129370 -0.730624
vn -0.889290 0.145978 -0.433421
vn -0.988032 0.154248 0.000000
vn -0.889290 0.145978 0.433422
vn -0.670412 0.129370 0.730624
vn -0.433026 0.115013 0.894014
vn -0.210503 0.106347 0.971792
vn 0.000000 0.103519 0.994628
vn 0.210503 0.106347 0.971792
vn 0.433026 0.115013 0.894014
vn 0.670412 0.129370 0.730624
vn 0.889290 0.145978 0.433422
vn 0.988032 0.154249 0.000001
vn 0.653140 0.258356 -0.711801
vn 0.860421 0.289518 -0.419350
vn 0.424137 0.230918 -0.875662
vn 0.206792 0.214152 -0.954660
vn -0.000000 0.208648 -0.977991
vn -0.206792 0.214152 -0.954660
vn -0.424137 0.230918 -0.875662
vn -0.653140 0.258356 -0.711801
vn -0.860421 0.289517 -0.419351
vn -0.952420 0.304789 -0.000000
vn -0.860421 0.289517 0.419352
vn -0.653140 0.258356 0.711801
vn -0.424137 0.230918 0.875662
vn -0.206792 0.214152 0.954660
vn 0.000000 0.208648 0.977991
vn 0.206792 0.214152 0.954660
vn 0.424137 0.230918 0.875662
vn 0.653140 0.258356 0.711801
vn 0.860421 0.289517 0.419351
vn 0.952420 0.304789 0.000001
vn 0.623622 0.386260 -0.679632
vn 0.812408 0.428040 -0.395949
vn 0.408615 0.348347 -0.843616
vn 0.200233 0.324691 -0.924382
vn -0.000000 0.316849 -0.948476
vn -0.200233 0.324691 -0.924382
vn -0.408615 0.348347 -0.843616
vn -0.623622 0.386260 -0.679631
vn -0.812407 0.428040 -0.395950
vn -0.894037 0.447994 -0.000000
vn -0.812407 0.428040 0.395951
vn -0.623622 0.386260 0.679632
vn -0.408615 0.348347 0.843616
vn -0.200233 0.324691 0.924382
vn 0.000000 0.316848 0.948476
vn 0.200233 0.324691 0.924382
vn 0.408615 0.348347 0.843616
vn 0.623622 0.386260 0.679631
vn 0.812407 0.428039 0.395951
vn 0.894037 0.447994 0.000001
vn 0.580862 0.511732 -0.633032
vn 0.745531 0.558710 -0.363355
vn 0.385391 0.467316 -0.795669
vn 0.190236 0.438771 -0.878231
vn -0.000000 0.429171 -0.903223
vn -0.190236 0.438771 -0.878231
vn -0.385392 0.467316 -0.795669
vn -0.580862 0.511732 -0.633032
vn -0.745531 0.558710 -0.363356
vn -0.814331 0.580401 -0.000000
vn -0.745531 0.558710 0.363356
vn -0.580862 0.511732 0.633032
vn -0.385392 0.467316 0.795669
vn -0.190236 0.438771 0.878231
vn 0.000000 0.429171 0.903223
vn 0.190237 0.438771 0.878231
vn 0.385392 0.467316 0.795669
vn 0.580862 0.511732 0.633032
vn 0.745531 0.558709 0.363356
vn 0.814331 0.580401 0.000001
vn 0.523731 0.632399 -0.570769
vn 0.660447 0.678379 -0.321887
vn 0.353011 0.586692 -0.728818
vn 0.175938 0.556183 -0.812223
vn -0.000000 0.545726 -0.837964
vn -0.175938 0.556183 -0.812223
vn -0.353011 0.586692 -0.728818
vn -0.523731 0.632399 -0.570769
vn -0.660447 0.678379 -0.321888
vn -0.715328 0.698789 0.000000
vn -0.660447 0.678379 0.321888
vn -0.523731 0.632399 0.570769
vn -0.353011 0.586692 0.728818
vn -0.175938 0.556183 0.812223
vn -0.000000 0.545726 0.837964
vn 0.175938 0.556183 0.812223
vn 0.353011 0.586692 0.728818
vn 0.523731 0.632399 0.570769
vn 0.660447 0.678378 0.321888
vn 0.715328 0.698788 0.000001
vn 0.451355 0.744526 -0.491894
vn 0.558455 0.783611 -0.272179
vn 0.309832 0.703438 -0.639671
vn 0.156246 0.674754 -0.721314
vn -0.000000 0.664689 -0.747120
vn -0.156246 0.674754 -0.721314
vn -0.309832 0.703439 -0.639670
vn -0.451356 0.744526 -0.491893
vn -0.558455 0.783611 -0.272180
vn -0.599664 0.800252 0.000000
vn -0.558455 0.783611 0.272180
vn -0.451356 0.744526 0.491894
vn -0.309832 0.703439 0.639671
vn -0.156246 0.674754 0.721314
vn 0.000000 0.664688 0.747121
vn 0.156246 0.674754 0.721314
vn 0.309832 0.703438 0.639671
vn 0.451356 0.744526 0.491894
vn 0.558455 0.783611 0.272180
vn 0.599664 0.800252 0.000001
vn 0.363834 0.842855 -0.396511
vn 0.441905 0.870824 -0.215375
vn 0.254583 0.811743 -0.525606
vn 0.130083 0.788947 -0.600534
vn -0.000000 0.780733 -0.624865
vn -0.130084 0.788947 -0.600534
vn -0.254583 0.811743 -0.525605
vn -0.363834 0.842855 -0.396511
vn -0.441905 0.870823 -0.215375
vn -0.470752 0.882266 0.000000
vn -0.441905 0.870823 0.215376
vn -0.363834 0.842855 0.396511
vn -0.254583 0.811743 0.525605
vn -0.130084 0.788946 0.600534
vn 0.000000 0.780733 0.624865
vn 0.130084 0.788947 0.600534
vn 0.254583 0.811743 0.525605
vn 0.363834 0.842855 0.396511
vn 0.441905 0.870823 0.215376
vn 0.470752 0.882266 0.000000
vn 0.263611 0.920856 -0.287287
vn 0.315166 0.936523 -0.153605
vn 0.187714 0.902535 -0.387549
vn 0.097151 0.888487 -0.448500
vn -0.000000 0.883292 -0.468823
vn -0.097151 0.888487 -0.448500
vn -0.187714 0.902535 -0.387549
vn -0.263611 0.920856 -0.287286
vn -0.315166 0.936523 -0.153605
vn -0.333578 0.942722 0.000000
vn -0.315165 0.936523 0.153606
vn -0.263611 0.920856 0.287286
vn -0.187714 0.902535 0.387549
vn -0.097151 0.888487 0.448500
vn 0.000000 0.883292 0.468823
vn 0.097151 0.888487 0.448500
vn 0.187714 0.902535 0.387549
vn 0.263611 0.920856 0.287287
vn 0.315166 0.936523 0.153605
vn 0.333578 0.942722 0.000000
vn 0.160708 0.971338 -0.175142
vn 0.190100 0.977383 -0.092651
vn 0.115882 0.964019 -0.239246
vn 0.060556 0.958217 -0.279558
vn -0.000000 0.956029 -0.293273
vn -0.060556 0.958217 -0.279558
vn -0.115882 0.964019 -0.239246
vn -0.160709 0.971338 -0.175142
vn -0.190100 0.977383 -0.092651
vn -0.200361 0.979722 0.000000
vn -0.190100 0.977383 0.092651
vn -0.160709 0.971338 0.175142
vn -0.115882 0.964019 0.239247
vn -0.060556 0.958217 0.279558
vn 0.000000 0.956029 0.293273
vn 0.060556 0.958217 0.279558
vn 0.115882 0.964019 0.239246
vn 0.160709 0.971338 0.175142
vn 0.190100 0.977383 0.092651
vn 0.200361 0.979722 0.000001
vn -0.000000 -1.000000 -0.000000
vn -0.000000 1.000000 0.000000
s 1
g DresserBaseMesh pSphere2
usemtl initialShadingGroup
f 791/1044/1359 792/1045/1360 812/1066/1361 811/1065/1362
f 792/1045/1360 793/1046/1363 813/1067/1364 812/1066/1361
f 793/1046/1363 794/1047/1365 814/1068/1366 813/1067/1364
f 794/1047/1365 795/1048/1367 815/1069/1368 814/1068/1366
f 795/1048/1367 796/1049/1369 816/1070/1370 815/1069/1368
f 796/1049/1369 797/1050/1371 817/1071/1372 816/1070/1370
f 797/1050/1371 798/1051/1373 818/1072/1374 817/1071/1372
f 798/1051/1373 799/1052/1375 819/1073/1376 818/1072/1374
f 799/1052/1375 800/1053/1377 820/1074/1378 819/1073/1376
f 800/1053/1377 801/1054/1379 821/1075/1380 820/1074/1378
f 801/1054/1379 802/1055/1381 822/1076/1382 821/1075/1380
f 802/1055/1381 803/1056/1383 823/1077/1384 822/1076/1382
f 803/1056/1383 804/1057/1385 824/1078/1386 823/1077/1384
f 804/1057/1385 805/1058/1387 825/1079/1388 824/1078/1386
f 805/1058/1387 806/1059/1389 826/1080/1390 825/1079/1388
f 806/1059/1389 807/1060/1391 827/1081/1392 826/1080/1390
f 807/1060/1391 808/1061/1393 828/1082/1394 827/1081/1392
f 808/1061/1393 809/1062/1395 829/1083/1396 828/1082/1394
f 809/1062/1395 810/1063/1397 830/1084/1398 829/1083/1396
f 810/1063/1397 791/1064/1359 811/1085/1362 830/1084/1398
f 811/1065/1362 812/1066/1361 832/1087/1399 831/1086/1400
f 812/1066/1361 813/1067/1364 833/1088/1401 832/1087/1399
f 813/1067/1364 814/1068/1366 834/1089/1402 833/1088/1401
f 814/1068/1366 815/1069/1368 835/1090/1403 834/1089/1402
f 815/1069/1368 816/1070/1370 836/1091/1404 835/1090/1403
f 816/1070/1370 817/1071/1372 837/1092/1405 836/1091/1404
f 817/1071/1372 818/1072/1374 838/1093/1406 837/1092/1405
f 818/1072/1374 819/1073/1376 839/1094/1407 838/1093/1406
f 819/1073/1376 820/1074/1378 840/1095/1408 839/1094/1407
f 820/1074/1378 821/1075/1380 841/1096/1409 840/1095/1408
f 821/1075/1380 822/1076/1382 842/1097/1410 841/1096/1409
f 822/1076/1382 823/1077/1384 843/1098/1411 842/1097/1410
f 823/1077/1384 824/1078/1386 844/1099/1412 843/1098/1411
f 824/1078/1386 825/1079/1388 845/1100/1413 844/1099/1412
f 825/1079/1388 826/1080/1390 846/1101/1414 845/1100/1413
f 826/1080/1390 827/1081/1392 847/1102/1415 846/1101/1414
f 827/1081/1392 828/1082/1394 848/1103/1416 847/1102/1415
f 828/1082/1394 829/1083/1396 849/1104/1417 848/1103/1416
f 829/1083/1396 830/1084/1398 850/1105/1418 849/1104/1417
f 830/1084/1398 811/1085/1362 831/1106/1400 850/1105/1418
f 831/1086/1400 832/1087/1399 852/1108/1419 851/1107/1420
f 832/1087/1399 833/1088/1401 853/1109/1421 852/1108/1419
f 833/1088/1401 834/1089/1402 854/1110/1422 853/1109/1421
f 834/1089/1402 835/1090/1403 855/1111/1423 854/1110/1422
f 835/1090/1403 836/1091/1404 856/1112/1424 855/1111/1423
f 836/1091/1404 837/1092/1405 857/1113/1425 856/1112/1424
f 837/1092/1405 838/1093/1406 858/1114/1426 857/1113/1425
f 838/1093/1406 839/1094/1407 859/1115/1427 858/1114/1426
f 839/1094/1407 840/1095/1408 860/1116/1428 859/1115/1427
f 840/1095/1408 841/1096/1409 861/1117/1429 860/1116/1428
f 841/1096/1409 842/1097/1410 862/1118/1430 861/1117/1429
f 842/1097/1410 843/1098/1411 863/1119/1431 862/1118/1430
f 843/1098/1411 844/1099/1412 864/1120/1432 863/1119/1431
f 844/1099/1412 845/1100/1413 865/1121/1433 864/1120/1432
f 845/1100/1413 846/1101/1414 866/1122/1434 865/1121/1433
f 846/1101/1414 847/1102/1415 867/1123/1435 866/1122/1434
f 847/1102/1415 848/1103/1416 868/1124/1436 867/1123/1435
f 848/1103/1416 849/1104/1417 869/1125/1437 868/1124/1436
f 849/1104/1417 850/1105/1418 870/1126/1438 869/1125/1437
f 850/1105/1418 831/1106/1400 851/1127/1420 870/1126/1438
f 851/1107/1420 852/1108/1419 872/1129/1439 871/1128/1440
f 852/1108/1419 853/1109/1421 873/1130/1441 872/1129/1439
f 853/1109/1421 854/1110/1422 874/1131/1442 873/1130/1441
f 854/1110/1422 855/1111/1423 875/1132/1443 874/1131/1442
f 855/1111/1423 856/1112/1424 876/1133/1444 875/1132/1443
f 856/1112/1424 857/1113/1425 877/1134/1445 876/1133/1444
f 857/1113/1425 858/1114/1426 878/1135/1446 877/1134/1445
f 858/1114/1426 859/1115/1427 879/1136/1447 878/1135/1446
f 859/1115/1427 860/1116/1428 880/1137/1448 879/1136/1447
f 860/1116/1428 861/1117/1429 881/1138/1449 880/1137/1448
f 861/1117/1429 862/1118/1430 882/1139/1450 881/1138/1449
f 862/1118/1430 863/1119/1431 883/1140/1451 882/1139/1450
f 863/1119/1431 864/1120/1432 884/1141/1452 883/1140/1451
f 864/1120/1432 865/1121/1433 885/1142/1453 884/1141/1452
f 865/1121/1433 866/1122/1434 886/1143/1454 885/1142/1453
f 866/1122/1434 867/1123/1435 887/1144/1455 886/1143/1454
f 867/1123/1435 868/1124/1436 888/1145/1456 887/1144/1455
f 868/1124/1436 869/1125/1437 889/1146/1457 888/1145/1456
f 869/1125/1437 870/1126/1438 890/1147/1458 889/1146/1457
f 870/1126/1438 851/1127/1420 871/1148/1440 890/1147/1458
f 871/1128/1440 872/1129/1439 892/1150/1459 891/1149/1460
f 872/1129/1439 873/1130/1441 893/1151/1461 892/1150/1459
f 873/1130/1441 874/1131/1442 894/1152/1462 893/1151/1461
f 874/1131/1442 875/1132/1443 895/1153/1463 894/1152/1462
f 875/1132/1443 876/1133/1444 896/1154/1464 895/1153/1463
f 876/1133/1444 877/1134/1445 897/1155/1465 896/1154/1464
f 877/1134/1445 878/1135/1446 898/1156/1466 897/1155/1465
f 878/1135/1446 879/1136/1447 899/1157/1467 898/1156/1466
f 879/1136/1447 880/1137/1448 900/1158/1468 899/1157/1467
f 880/1137/1448 881/1138/1449 901/1159/1469 900/1158/1468
f 881/1138/1449 882/1139/1450 902/1160/1470 901/1159/1469
f 882/1139/1450 883/1140/1451 903/1161/1471 902/1160/1470
f 883/1140/1451 884/1141/1452 904/1162/1472 903/1161/1471
f 884/1141/1452 885/1142/1453 905/1163/1473 904/1162/1472
f 885/1142/1453 886/1143/1454 906/1164/1474 905/1163/1473
f 886/1143/1454 887/1144/1455 907/1165/1475 906/1164/1474
f 887/1144/1455 888/1145/1456 908/1166/1476 907/1165/1475
f 888/1145/1456 889/1146/1457 909/1167/1477 908/1166/1476
f 889/1146/1457 890/1147/1458 910/1168/1478 909/1167/1477
f 890/1147/1458 871/1148/1440 891/1169/1460 910/1168/1478
f 891/1149/1460 892/1150/1459 912/1171/1479 911/1170/1480
f 892/1150/1459 893/1151/1461 913/1172/1481 912/1171/1479
f 893/1151/1461 894/1152/1462 914/1173/1482 913/1172/1481
f 894/1152/1462 895/1153/1463 915/1174/1483 914/1173/1482
f 895/1153/1463 896/1154/1464 916/1175/1484 915/1174/1483
f 896/1154/1464 897/1155/1465 917/1176/1485 916/1175/1484
f 897/1155/1465 898/1156/1466 918/1177/1486 917/1176/1485
f 898/1156/1466 899/1157/1467 919/1178/1487 918/1177/1486
f 899/1157/1467 900/1158/1468 920/1179/1488 919/1178/1487
f 900/1158/1468 901/1159/1469 921/1180/1489 920/1179/1488
f 901/1159/1469 902/1160/1470 922/1181/1490 921/1180/1489
f 902/1160/1470 903/1161/1471 923/1182/1491 922/1181/1490
f 903/1161/1471 904/1162/1472 924/1183/1492 923/1182/1491
f 904/1162/1472 905/1163/1473 925/1184/1493 924/1183/1492
f 905/1163/1473 906/1164/1474 926/1185/1494 925/1184/1493
f 906/1164/1474 907/1165/1475 927/1186/1495 926/1185/1494
f 907/1165/1475 908/1166/1476 928/1187/1496 927/1186/1495
f 908/1166/1476 909/1167/1477 929/1188/1497 928/1187/1496
f 909/1167/1477 910/1168/1478 930/1189/1498 929/1188/1497
f 910/1168/1478 891/1169/1460 911/1190/1480 930/1189/1498
f 911/1170/1480 912/1171/1479 932/1192/1499 931/1191/1500
f 912/1171/1479 913/1172/1481 933/1193/1501 932/1192/1499
f 913/1172/1481 914/1173/1482 934/1194/1502 933/1193/1501
f 914/1173/1482 915/1174/1483 935/1195/1503 934/1194/1502
f 915/1174/1483 916/1175/1484 936/1196/1504 935/1195/1503
f 916/1175/1484 917/1176/1485 937/1197/1505 936/1196/1504
f 917/1176/1485 918/1177/1486 938/1198/1506 937/1197/1505
f 918/1177/1486 919/1178/1487 939/1199/1507 938/1198/1506
f 919/1178/1487 920/1179/1488 940/1200/1508 939/1199/1507
f 920/1179/1488 921/1180/1489 941/1201/1509 940/1200/1508
f 921/1180/1489 922/1181/1490 942/1202/1510 941/1201/1509
f 922/1181/1490 923/1182/1491 943/1203/1511 942/1202/1510
f 923/1182/1491 924/1183/1492 944/1204/1512 943/1203/1511
f 924/1183/1492 925/1184/1493 945/1205/1513 944/1204/1512
f 925/1184/1493 926/1185/1494 946/1206/1514 945/1205/1513
f 926/1185/1494 927/1186/1495 947/1207/1515 946/1206/1514
f 927/1186/1495 928/1187/1496 948/1208/1516 947/1207/1515
f 928/1187/1496 929/1188/1497 949/1209/1517 948/1208/1516
f 929/1188/1497 930/1189/1498 950/1210/1518 949/1209/1517
f 930/1189/1498 911/1190/1480 931/1211/1500 950/1210/1518
f 931/1191/1500 932/1192/1499 952/1213/1519 951/1212/1520
f 932/1192/1499 933/1193/1501 953/1214/1521 952/1213/1519
f 933/1193/1501 934/1194/1502 954/1215/1522 953/1214/1521
f 934/1194/1502 935/1195/1503 955/1216/1523 954/1215/1522
f 935/1195/1503 936/1196/1504 956/1217/1524 955/1216/1523
f 936/1196/1504 937/1197/1505 957/1218/1525 956/1217/1524
f 937/1197/1505 938/1198/1506 958/1219/1526 957/1218/1525
f 938/1198/1506 939/1199/1507 959/1220/1527 958/1219/1526
f 939/1199/1507 940/1200/1508 960/1221/1528 959/1220/1527
f 940/1200/1508 941/1201/1509 961/1222/1529 960/1221/1528
f 941/1201/1509 942/1202/1510 962/1223/1530 961/1222/1529
f 942/1202/1510 943/1203/1511 963/1224/1531 962/1223/1530
f 943/1203/1511 944/1204/1512 964/1225/1532 963/1224/1531
f 944/1204/1512 945/1205/1513 965/1226/1533 964/1225/1532
f 945/1205/1513 946/1206/1514 966/1227/1534 965/1226/1533
f 946/1206/1514 947/1207/1515 967/1228/1535 966/1227/1534
f 947/1207/1515 948/1208/1516 968/1229/1536 967/1228/1535
f 948/1208/1516 949/1209/1517 969/1230/1537 968/1229/1536
f 949/1209/1517 950/1210/1518 970/1231/1538 969/1230/1537
f 950/1210/1518 931/1211/1500 951/1232/1520 970/1231/1538
f 951/1212/1520 952/1213/1519 972/1234/1539 971/1233/1540
f 952/1213/1519 953/1214/1521 973/1235/1541 972/1234/1539
f 953/1214/1521 954/1215/1522 974/1236/1542 973/1235/1541
f 954/1215/1522 955/1216/1523 975/1237/1543 974/1236/1542
f 955/1216/1523 956/1217/1524 976/1238/1544 975/1237/1543
f 956/1217/1524 957/1218/1525 977/1239/1545 976/1238/1544
f 957/1218/1525 958/1219/1526 978/1240/1546 977/1239/1545
f 958/1219/1526 959/1220/1527 979/1241/1547 978/1240/1546
f 959/1220/1527 960/1221/1528 980/1242/1548 979/1241/1547
f 960/1221/1528 961/1222/1529 981/1243/1549 980/1242/1548
f 961/1222/1529 962/1223/1530 982/1244/1550 981/1243/1549
f 962/1223/1530 963/1224/1531 983/1245/1551 982/1244/1550
f 963/1224/1531 964/1225/1532 984/1246/1552 983/1245/1551
f 964/1225/1532 965/1226/1533 985/1247/1553 984/1246/1552
f 965/1226/1533 966/1227/1534 986/1248/1554 985/1247/1553
f 966/1227/1534 967/1228/1535 987/1249/1555 986/1248/1554
f 967/1228/1535 968/1229/1536 988/1250/1556 987/1249/1555
f 968/1229/1536 969/1230/1537 989/1251/1557 988/1250/1556
f 969/1230/1537 970/1231/1538 990/1252/1558 989/1251/1557
f 970/1231/1538 951/1232/1520 971/1253/1540 990/1252/1558
f 971/1233/1540 972/1234/1539 992/1255/1559 991/1254/1560
f 972/1234/1539 973/1235/1541 993/1256/1561 992/1255/1559
f 973/1235/1541 974/1236/1542 994/1257/1562 993/1256/1561
f 974/1236/1542 975/1237/1543 995/1258/1563 994/1257/1562
f 975/1237/1543 976/1238/1544 996/1259/1564 995/1258/1563
f 976/1238/1544 977/1239/1545 997/1260/1565 996/1259/1564
f 977/1239/1545 978/1240/1546 998/1261/1566 997/1260/1565
f 978/1240/1546 979/1241/1547 999/1262/1567 998/1261/1566
f 979/1241/1547 980/1242/1548 1000/1263/1568 999/1262/1567
f 980/1242/1548 981/1243/1549 1001/1264/1569 1000/1263/1568
f 981/1243/1549 982/1244/1550 1002/1265/1570 1001/1264/1569
f 982/1244/1550 983/1245/1551 1003/1266/1571 1002/1265/1570
f 983/1245/1551 984/1246/1552 1004/1267/1572 1003/1266/1571
f 984/1246/1552 985/1247/1553 1005/1268/1573 1004/1267/1572
f 985/1247/1553 986/1248/1554 1006/1269/1574 1005/1268/1573
f 986/1248/1554 987/1249/1555 1007/1270/1575 1006/1269/1574
f 987/1249/1555 988/1250/1556 1008/1271/1576 1007/1270/1575
f 988/1250/1556 989/1251/1557 1009/1272/1577 1008/1271/1576
f 989/1251/1557 990/1252/1558 1010/1273/1578 1009/1272/1577
f 990/1252/1558 971/1253/1540 991/1274/1560 1010/1273/1578
f 991/1254/1560 992/1255/1559 1012/1276/1579 1011/1275/1580
f 992/1255/1559 993/1256/1561 1013/1277/1581 1012/1276/1579
f 993/1256/1561 994/1257/1562 1014/1278/1582 1013/1277/1581
f 994/1257/1562 995/1258/1563 1015/1279/1583 1014/1278/1582
f 995/1258/1563 996/1259/1564 1016/1280/1584 1015/1279/1583
f 996/1259/1564 997/1260/1565 1017/1281/1585 1016/1280/1584
f 997/1260/1565 998/1261/1566 1018/1282/1586 1017/1281/1585
f 998/1261/1566 999/1262/1567 1019/1283/1587 1018/1282/1586
f 999/1262/1567 1000/1263/1568 1020/1284/1588 1019/1283/1587
f 1000/1263/1568 1001/1264/1569 1021/1285/1589 1020/1284/1588
f 1001/1264/1569 1002/1265/1570 1022/1286/1590 1021/1285/1589
f 1002/1265/1570 1003/1266/1571 1023/1287/1591 1022/1286/1590
f 1003/1266/1571 1004/1267/1572 1024/1288/1592 1023/1287/1591
f 1004/1267/1572 1005/1268/1573 1025/1289/1593 1024/1288/1592
f 1005/1268/1573 1006/1269/1574 1026/1290/1594 1025/1289/1593
f 1006/1269/1574 1007/1270/1575 1027/1291/1595 1026/1290/1594
f 1007/1270/1575 1008/1271/1576 1028/1292/1596 1027/1291/1595
f 1008/1271/1576 1009/1272/1577 1029/1293/1597 1028/1292/1596
f 1009/1272/1577 1010/1273/1578 1030/1294/1598 1029/1293/1597
f 1010/1273/1578 991/1274/1560 1011/1295/1580 1030/1294/1598
f 1011/1275/1580 1012/1276/1579 1032/1297/1599 1031/1296/1600
f 1012/1276/1579 1013/1277/1581 1033/1298/1601 1032/1297/1599
f 1013/1277/1581 1014/1278/1582 1034/1299/1602 1033/1298/1601
f 1014/1278/1582 1015/1279/1583 1035/1300/1603 1034/1299/1602
f 1015/1279/1583 1016/1280/1584 1036/1301/1604 1035/1300/1603
f 1016/1280/1584 1017/1281/1585 1037/1302/1605 1036/1301/1604
f 1017/1281/1585 1018/1282/1586 1038/1303/1606 1037/1302/1605
f 1018/1282/1586 1019/1283/1587 1039/1304/1607 1038/1303/1606
f 1019/1283/1587 1020/1284/1588 1040/1305/1608 1039/1304/1607
f 1020/1284/1588 1021/1285/1589 1041/1306/1609 1040/1305/1608
f 1021/1285/1589 1022/1286/1590 1042/1307/1610 1041/1306/1609
f 1022/1286/1590 1023/1287/1591 1043/1308/1611 1042/1307/1610
f 1023/1287/1591 1024/1288/1592 1044/1309/1612 1043/1308/1611
f 1024/1288/1592 1025/1289/1593 1045/1310/1613 1044/1309/1612
f 1025/1289/1593 1026/1290/1594 1046/1311/1614 1045/1310/1613
f 1026/1290/1594 1027/1291/1595 1047/1312/1615 1046/1311/1614
f 1027/1291/1595 1028/1292/1596 1048/1313/1616 1047/1312/1615
f 1028/1292/1596 1029/1293/1597 1049/1314/1617 1048/1313/1616
f 1029/1293/1597 1030/1294/1598 1050/1315/1618 1049/1314/1617
f 1030/1294/1598 1011/1295/1580 1031/1316/1600 1050/1315/1618
f 1031/1296/1600 1032/1297/1599 1052/1318/1619 1051/1317/1620
f 1032/1297/1599 1033/1298/1601 1053/1319/1621 1052/1318/1619
f 1033/1298/1601 1034/1299/1602 1054/1320/1622 1053/1319/1621
f 1034/1299/1602 1035/1300/1603 1055/1321/1623 1054/1320/1622
f 1035/1300/1603 1036/1301/1604 1056/1322/1624 1055/1321/1623
f 1036/1301/1604 1037/1302/1605 1057/1323/1625 1056/1322/1624
f 1037/1302/1605 1038/1303/1606 1058/1324/1626 1057/1323/1625
f 1038/1303/1606 1039/1304/1607 1059/1325/1627 1058/1324/1626
f 1039/1304/1607 1040/1305/1608 1060/1326/1628 1059/1325/1627
f 1040/1305/1608 1041/1306/1609 1061/1327/1629 1060/1326/1628
f 1041/1306/1609 1042/1307/1610 1062/1328/1630 1061/1327/1629
f 1042/1307/1610 1043/1308/1611 1063/1329/1631 1062/1328/1630
f 1043/1308/1611 1044/1309/1612 1064/1330/1632 1063/1329/1631
f 1044/1309/1612 1045/1310/1613 1065/1331/1633 1064/1330/1632
f 1045/1310/1613 1046/1311/1614 1066/1332/1634 1065/1331/1633
f 1046/1311/1614 1047/1312/1615 1067/1333/1635 1066/1332/1634
f 1047/1312/1615 1048/1313/1616 1068/1334/1636 1067/1333/1635
f 1048/1313/1616 1049/1314/1617 1069/1335/1637 1068/1334/1636
f 1049/1314/1617 1050/1315/1618 1070/1336/1638 1069/1335/1637
f 1050/1315/1618 1031/1316/1600 1051/1337/1620 1070/1336/1638
f 1051/1317/1620 1052/1318/1619 1072/1339/1639 1071/1338/1640
f 1052/1318/1619 1053/1319/1621 1073/1340/1641 1072/1339/1639
f 1053/1319/1621 1054/1320/1622 1074/1341/1642 1073/1340/1641
f 1054/1320/1622 1055/1321/1623 1075/1342/1643 1074/1341/1642
f 1055/1321/1623 1056/1322/1624 1076/1343/1644 1075/1342/1643
f 1056/1322/1624 1057/1323/1625 1077/1344/1645 1076/1343/1644
f 1057/1323/1625 1058/1324/1626 1078/1345/1646 1077/1344/1645
f 1058/1324/1626 1059/1325/1627 1079/1346/1647 1078/1345/1646
f 1059/1325/1627 1060/1326/1628 1080/1347/1648 1079/1346/1647
f 1060/1326/1628 1061/1327/1629 1081/1348/1649 1080/1347/1648
f 1061/1327/1629 1062/1328/1630 1082/1349/1650 1081/1348/1649
f 1062/1328/1630 1063/1329/1631 1083/1350/1651 1082/1349/1650
f 1063/1329/1631 1064/1330/1632 1084/1351/1652 1083/1350/1651
f 1064/1330/1632 1065/1331/1633 1085/1352/1653 1084/1351/1652
f 1065/1331/1633 1066/1332/1634 1086/1353/1654 1085/1352/1653
f 1066/1332/1634 1067/1333/1635 1087/1354/1655 1086/1353/1654
f 1067/1333/1635 1068/1334/1636 1088/1355/1656 1087/1354/1655
f 1068/1334/1636 1069/1335/1637 1089/1356/1657 1088/1355/1656
f 1069/1335/1637 1070/1336/1638 1090/1357/1658 1089/1356/1657
f 1070/1336/1638 1051/1337/1620 1071/1358/1640 1090/1357/1658
f 1071/1338/1640 1072/1339/1639 1092/1360/1659 1091/1359/1660
f 1072/1339/1639 1073/1340/1641 1093/1361/1661 1092/1360/1659
f 1073/1340/1641 1074/1341/1642 1094/1362/1662 1093/1361/1661
f 1074/1341/1642 1075/1342/1643 1095/1363/1663 1094/1362/1662
f 1075/1342/1643 1076/1343/1644 1096/1364/1664 1095/1363/1663
f 1076/1343/1644 1077/1344/1645 1097/1365/1665 1096/1364/1664
f 1077/1344/1645 1078/1345/1646 1098/1366/1666 1097/1365/1665
f 1078/1345/1646 1079/1346/1647 1099/1367/1667 1098/1366/1666
f 1079/1346/1647 1080/1347/1648 1100/1368/1668 1099/1367/1667
f 1080/1347/1648 1081/1348/1649 1101/1369/1669 1100/1368/1668
f 1081/1348/1649 1082/1349/1650 1102/1370/1670 1101/1369/1669
f 1082/1349/1650 1083/1350/1651 1103/1371/1671 1102/1370/1670
f 1083/1350/1651 1084/1351/1652 1104/1372/1672 1103/1371/1671
f 1084/1351/1652 1085/1352/1653 1105/1373/1673 1104/1372/1672
f 1085/1352/1653 1086/1353/1654 1106/1374/1674 1105/1373/1673
f 1086/1353/1654 1087/1354/1655 1107/1375/1675 1106/1374/1674
f 1087/1354/1655 1088/1355/1656 1108/1376/1676 1107/1375/1675
f 1088/1355/1656 1089/1356/1657 1109/1377/1677 1108/1376/1676
f 1089/1356/1657 1090/1357/1658 1110/1378/1678 1109/1377/1677
f 1090/1357/1658 1071/1358/1640 1091/1379/1660 1110/1378/1678
f 1091/1359/1660 1092/1360/1659 1112/1381/1679 1111/1380/1680
f 1092/1360/1659 1093/1361/1661 1113/1382/1681 1112/1381/1679
f 1093/1361/1661 1094/1362/1662 1114/1383/1682 1113/1382/1681
f 1094/1362/1662 1095/1363/1663 1115/1384/1683 1114/1383/1682
f 1095/1363/1663 1096/1364/1664 1116/1385/1684 1115/1384/1683
f 1096/1364/1664 1097/1365/1665 1117/1386/1685 1116/1385/1684
f 1097/1365/1665 1098/1366/1666 1118/1387/1686 1117/1386/1685
f 1098/1366/1666 1099/1367/1667 1119/1388/1687 1118/1387/1686
f 1099/1367/1667 1100/1368/1668 1120/1389/1688 1119/1388/1687
f 1100/1368/1668 1101/1369/1669 1121/1390/1689 1120/1389/1688
f 1101/1369/1669 1102/1370/1670 1122/1391/1690 1121/1390/1689
f 1102/1370/1670 1103/1371/1671 1123/1392/1691 1122/1391/1690
f 1103/1371/1671 1104/1372/1672 1124/1393/1692 1123/1392/1691
f 1104/1372/1672 1105/1373/1673 1125/1394/1693 1124/1393/1692
f 1105/1373/1673 1106/1374/1674 1126/1395/1694 1125/1394/1693
f 1106/1374/1674 1107/1375/1675 1127/1396/1695 1126/1395/1694
f 1107/1375/1675 1108/1376/1676 1128/1397/1696 1127/1396/1695
f 1108/1376/1676 1109/1377/1677 1129/1398/1697 1128/1397/1696
f 1109/1377/1677 1110/1378/1678 1130/1399/1698 1129/1398/1697
f 1110/1378/1678 1091/1379/1660 1111/1400/1680 1130/1399/1698
f 1111/1380/1680 1112/1381/1679 1132/1402/1699 1131/1401/1700
f 1112/1381/1679 1113/1382/1681 1133/1403/1701 1132/1402/1699
f 1113/1382/1681 1114/1383/1682 1134/1404/1702 1133/1403/1701
f 1114/1383/1682 1115/1384/1683 1135/1405/1703 1134/1404/1702
f 1115/1384/1683 1116/1385/1684 1136/1406/1704 1135/1405/1703
f 1116/1385/1684 1117/1386/1685 1137/1407/1705 1136/1406/1704
f 1117/1386/1685 1118/1387/1686 1138/1408/1706 1137/1407/1705
f 1118/1387/1686 1119/1388/1687 1139/1409/1707 1138/1408/1706
f 1119/1388/1687 1120/1389/1688 1140/1410/1708 1139/1409/1707
f 1120/1389/1688 1121/1390/1689 1141/1411/1709 1140/1410/1708
f 1121/1390/1689 1122/1391/1690 1142/1412/1710 1141/1411/1709
f 1122/1391/1690 1123/1392/1691 1143/1413/1711 1142/1412/1710
f 1123/1392/1691 1124/1393/1692 1144/1414/1712 1143/1413/1711
f 1124/1393/1692 1125/1394/1693 1145/1415/1713 1144/1414/1712
f 1125/1394/1693 1126/1395/1694 1146/1416/1714 1145/1415/1713
f 1126/1395/1694 1127/1396/1695 1147/1417/1715 1146/1416/1714
f 1127/1396/1695 1128/1397/1696 1148/1418/1716 1147/1417/1715
f 1128/1397/1696 1129/1398/1697 1149/1419/1717 1148/1418/1716
f 1129/1398/1697 1130/1399/1698 1150/1420/1718 1149/1419/1717
f 1130/1399/1698 1111/1400/1680 1131/1421/1700 1150/1420/1718
f 1131/1401/1700 1132/1402/1699 1152/1423/1719 1151/1422/1720
f 1132/1402/1699 1133/1403/1701 1153/1424/1721 1152/1423/1719
f 1133/1403/1701 1134/1404/1702 1154/1425/1722 1153/1424/1721
f 1134/1404/1702 1135/1405/1703 1155/1426/1723 1154/1425/1722
f 1135/1405/1703 1136/1406/1704 1156/1427/1724 1155/1426/1723
f 1136/1406/1704 1137/1407/1705 1157/1428/1725 1156/1427/1724
f 1137/1407/1705 1138/1408/1706 1158/1429/1726 1157/1428/1725
f 1138/1408/1706 1139/1409/1707 1159/1430/1727 1158/1429/1726
f 1139/1409/1707 1140/1410/1708 1160/1431/1728 1159/1430/1727
f 1140/1410/1708 1141/1411/1709 1161/1432/1729 1160/1431/1728
f 1141/1411/1709 1142/1412/1710 1162/1433/1730 1161/1432/1729
f 1142/1412/1710 1143/1413/1711 1163/1434/1731 1162/1433/1730
f 1143/1413/1711 1144/1414/1712 1164/1435/1732 1163/1434/1731
f 1144/1414/1712 1145/1415/1713 1165/1436/1733 1164/1435/1732
f 1145/1415/1713 1146/1416/1714 1166/1437/1734 1165/1436/1733
f 1146/1416/1714 1147/1417/1715 1167/1438/1735 1166/1437/1734
f 1147/1417/1715 1148/1418/1716 1168/1439/1736 1167/1438/1735
f 1148/1418/1716 1149/1419/1717 1169/1440/1737 1168/1439/1736
f 1149/1419/1717 1150/1420/1718 1170/1441/1738 1169/1440/1737
f 1150/1420/1718 1131/1421/1700 1151/1442/1720 1170/1441/1738
f 792/1045/1360 791/1044/1359 1171/1443/1739
f 793/1046/1363 792/1045/1360 1171/1444/1739
f 794/1047/1365 793/1046/1363 1171/1445/1739
f 795/1048/1367 794/1047/1365 1171/1446/1739
f 796/1049/1369 795/1048/1367 1171/1447/1739
f 797/1050/1371 796/1049/1369 1171/1448/1739
f 798/1051/1373 797/1050/1371 1171/1449/1739
f 799/1052/1375 798/1051/1373 1171/1450/1739
f 800/1053/1377 799/1052/1375 1171/1451/1739
f 801/1054/1379 800/1053/1377 1171/1452/1739
f 802/1055/1381 801/1054/1379 1171/1453/1739
f 803/1056/1383 802/1055/1381 1171/1454/1739
f 804/1057/1385 803/1056/1383 1171/1455/1739
f 805/1058/1387 804/1057/1385 1171/1456/1739
f 806/1059/1389 805/1058/1387 1171/1457/1739
f 807/1060/1391 806/1059/1389 1171/1458/1739
f 808/1061/1393 807/1060/1391 1171/1459/1739
f 809/1062/1395 808/1061/1393 1171/1460/1739
f 810/1063/1397 809/1062/1395 1171/1461/1739
f 791/1064/1359 810/1063/1397 1171/1462/1739
f 1151/1422/1720 1152/1423/1719 1172/1463/1740
f 1152/1423/1719 1153/1424/1721 1172/1464/1740
f 1153/1424/1721 1154/1425/1722 1172/1465/1740
f 1154/1425/1722 1155/1426/1723 1172/1466/1740
f 1155/1426/1723 1156/1427/1724 1172/1467/1740
f 1156/1427/1724 1157/1428/1725 1172/1468/1740
f 1157/1428/1725 1158/1429/1726 1172/1469/1740
f 1158/1429/1726 1159/1430/1727 1172/1470/1740
f 1159/1430/1727 1160/1431/1728 1172/1471/1740
f 1160/1431/1728 1161/1432/1729 1172/1472/1740
f 1161/1432/1729 1162/1433/1730 1172/1473/1740
f 1162/1433/1730 1163/1434/1731 1172/1474/1740
f 1163/1434/1731 1164/1435/1732 1172/1475/1740
f 1164/1435/1732 1165/1436/1733 1172/1476/1740
f 1165/1436/1733 1166/1437/1734 1172/1477/1740
f 1166/1437/1734 1167/1438/1735 1172/1478/1740
f 1167/1438/1735 1168/1439/1736 1172/1479/1740
f 1168/1439/1736 1169/1440/1737 1172/1480/1740
f 1169/1440/1737 1170/1441/1738 1172/1481/1740
f 1170/1441/1738 1151/1442/1720 1172/1482/1740
g default
v -44.553666 69.536935 32.396808
v -44.620325 69.536935 32.309590
v -44.724150 69.536935 32.240373
v -44.854977 69.536935 32.195934
v -45.000000 69.536935 32.180621
v -45.145023 69.536935 32.195934
v -45.275850 69.536935 32.240373
v -45.379675 69.536935 32.309590
v -45.446334 69.536935 32.396808
v -45.469304 69.536935 32.493490
v -45.446334 69.536935 32.590172
v -45.379675 69.536935 32.677390
v -45.275850 69.536935 32.746606
v -45.145023 69.536935 32.791046
v -45.000000 69.536935 32.806359
v -44.854977 69.536935 32.791046
v -44.724150 69.536935 32.746606
v -44.620326 69.536935 32.677390
v -44.553666 69.536935 32.590172
v -44.530697 69.536935 32.493490
v -44.118322 69.646830 32.302507
v -44.249999 69.646830 32.130218
v -44.455093 69.646830 31.993490
v -44.713525 69.646830 31.905704
v -45.000000 69.646830 31.875456
v -45.286475 69.646830 31.905704
v -45.544907 69.646830 31.993490
v -45.750000 69.646830 32.130219
v -45.881678 69.646830 32.302507
v -45.927051 69.646830 32.493490
v -45.881678 69.646830 32.684473
v -45.750000 69.646830 32.856761
v -45.544907 69.646830 32.993490
v -45.286475 69.646830 33.081275
v -45.000000 69.646830 33.111524
v -44.713526 69.646830 33.081275
v -44.455093 69.646830 32.993490
v -44.250000 69.646830 32.856761
v -44.118322 69.646830 32.684473
v -44.072949 69.646830 32.493490
v -43.704687 69.826980 32.212908
v -43.898141 69.826980 31.959792
v -44.199453 69.826980 31.758917
v -44.579127 69.826980 31.629948
v -45.000000 69.826980 31.585508
v -45.420873 69.826980 31.629948
v -45.800547 69.826980 31.758918
v -46.101858 69.826980 31.959792
v -46.295312 69.826980 32.212908
v -46.361972 69.826980 32.493490
v -46.295312 69.826980 32.774072
v -46.101858 69.826980 33.027188
v -45.800547 69.826980 33.228062
v -45.420872 69.826980 33.357031
v -45.000000 69.826980 33.401471
v -44.579128 69.826980 33.357031
v -44.199453 69.826980 33.228062
v -43.898142 69.826980 33.027188
v -43.704688 69.826980 32.774071
v -43.638028 69.826980 32.493490
v -43.322948 70.072949 32.130218
v -43.573414 70.072949 31.802506
v -43.963525 70.072949 31.542433
v -44.455093 70.072949 31.375455
v -45.000000 70.072949 31.317919
v -45.544907 70.072949 31.375455
v -46.036475 70.072949 31.542433
v -46.426585 70.072949 31.802507
v -46.677051 70.072949 32.130219
v -46.763356 70.072949 32.493490
v -46.677051 70.072949 32.856761
v -46.426585 70.072949 33.184473
v -46.036475 70.072949 33.444547
v -45.544907 70.072949 33.611524
v -45.000000 70.072949 33.669060
v -44.455093 70.072949 33.611524
v -43.963526 70.072949 33.444546
v -43.573415 70.072949 33.184473
v -43.322949 70.072949 32.856761
v -43.236644 70.072949 32.493490
v -42.982503 70.378680 32.056474
v -43.283815 70.378680 31.662236
v -43.753118 70.378680 31.349366
v -44.344476 70.378680 31.148492
v -45.000000 70.378680 31.079276
v -45.655524 70.378680 31.148492
v -46.246881 70.378680 31.349367
v -46.716185 70.378680 31.662236
v -47.017496 70.378680 32.056474
v -47.121321 70.378680 32.493490
v -47.017496 70.378680 32.930506
v -46.716185 70.378680 33.324744
v -46.246881 70.378680 33.637613
v -45.655524 70.378680 33.838487
v -45.000000 70.378680 33.907704
v -44.344476 70.378680 33.838487
v -43.753119 70.378680 33.637613
v -43.283816 70.378680 33.324744
v -42.982504 70.378680 32.930506
v -42.878680 70.378680 32.493490
v -42.691736 70.736644 31.993490
v -43.036473 70.736644 31.542433
v -43.573414 70.736644 31.184472
v -44.250000 70.736644 30.954647
v -45.000000 70.736644 30.875455
v -45.750000 70.736644 30.954647
v -46.426585 70.736644 31.184472
v -46.963526 70.736644 31.542433
v -47.308263 70.736644 31.993490
v -47.427052 70.736644 32.493490
v -47.308263 70.736644 32.993490
v -46.963526 70.736644 33.444547
v -46.426585 70.736644 33.802507
v -45.750000 70.736644 34.032332
v -45.000000 70.736644 34.111524
v -44.250000 70.736644 34.032332
v -43.573415 70.736644 33.802507
v -43.036474 70.736644 33.444546
v -42.691737 70.736644 32.993490
v -42.572949 70.736644 32.493490
v -42.457806 71.138028 31.942817
v -42.837480 71.138028 31.446048
v -43.428838 71.138028 31.051810
v -44.173991 71.138028 30.798694
v -45.000000 71.138028 30.711476
v -45.826009 71.138028 30.798694
v -46.571162 71.138028 31.051811
v -47.162519 71.138028 31.446049
v -47.542193 71.138028 31.942817
v -47.673020 71.138028 32.493490
v -47.542193 71.138028 33.044162
v -47.162519 71.138028 33.540931
v -46.571162 71.138028 33.935169
v -45.826009 71.138028 34.188285
v -45.000000 71.138028 34.275503
v -44.173992 71.138028 34.188285
v -43.428838 71.138028 33.935169
v -42.837482 71.138028 33.540931
v -42.457807 71.138028 33.044162
v -42.326980 71.138028 32.493490
v -42.286473 71.572949 31.905704
v -42.691736 71.572949 31.375455
v -43.322948 71.572949 30.954647
v -44.118322 71.572949 30.684472
v -45.000000 71.572949 30.591376
v -45.881678 71.572949 30.684472
v -46.677052 71.572949 30.954647
v -47.308263 71.572949 31.375456
v -47.713526 71.572949 31.905704
v -47.853170 71.572949 32.493490
v -47.713526 71.572949 33.081275
v -47.308263 71.572949 33.611524
v -46.677051 71.572949 34.032332
v -45.881678 71.572949 34.302507
v -45.000000 71.572949 34.395603
v -44.118322 71.572949 34.302507
v -43.322949 71.572949 34.032332
v -42.691737 71.572949 33.611524
v -42.286474 71.572949 33.081275
v -42.146830 71.572949 32.493490
v -42.181956 72.030697 31.883065
v -42.602828 72.030697 31.332392
v -43.258353 72.030697 30.895376
v -44.084362 72.030697 30.614794
v -45.000000 72.030697 30.518112
v -45.915638 72.030697 30.614794
v -46.741647 72.030697 30.895376
v -47.397171 72.030697 31.332392
v -47.818043 72.030697 31.883065
v -47.963066 72.030697 32.493490
v -47.818043 72.030697 33.103915
v -47.397170 72.030697 33.654587
v -46.741646 72.030697 34.091603
v -45.915638 72.030697 34.372185
v -45.000000 72.030697 34.468867
v -44.084363 72.030697 34.372185
v -43.258354 72.030697 34.091603
v -42.602830 72.030697 33.654587
v -42.181957 72.030697 33.103915
v -42.036935 72.030697 32.493490
v -42.146829 72.500000 31.875456
v -42.572947 72.500000 31.317919
v -43.236643 72.500000 30.875455
v -44.072949 72.500000 30.591376
v -45.000000 72.500000 30.493489
v -45.927051 72.500000 30.591376
v -46.763356 72.500000 30.875455
v -47.427052 72.500000 31.317919
v -47.853170 72.500000 31.875456
v -48.000001 72.500000 32.493490
v -47.853170 72.500000 33.111524
v -47.427052 72.500000 33.669061
v -46.763356 72.500000 34.111524
v -45.927051 72.500000 34.395603
v -45.000000 72.500000 34.493490
v -44.072949 72.500000 34.395603
v -43.236644 72.500000 34.111524
v -42.572949 72.500000 33.669060
v -42.146830 72.500000 33.111524
v -42.000000 72.500000 32.493490
v -42.181956 72.969303 31.883065
v -42.602828 72.969303 31.332392
v -43.258353 72.969303 30.895376
v -44.084362 72.969303 30.614794
v -45.000000 72.969303 30.518112
v -45.915638 72.969303 30.614794
v -46.741647 72.969303 30.895376
v -47.397171 72.969303 31.332392
v -47.818043 72.969303 31.883065
v -47.963066 72.969303 32.493490
v -47.818043 72.969303 33.103915
v -47.397170 72.969303 33.654587
v -46.741646 72.969303 34.091603
v -45.915638 72.969303 34.372185
v -45.000000 72.969303 34.468867
v -44.084363 72.969303 34.372185
v -43.258354 72.969303 34.091603
v -42.602830 72.969303 33.654587
v -42.181957 72.969303 33.103915
v -42.036935 72.969303 32.493490
v -42.286473 73.427051 31.905704
v -42.691736 73.427051 31.375455
v -43.322948 73.427051 30.954647
v -44.118322 73.427051 30.684472
v -45.000000 73.427051 30.591376
v -45.881678 73.427051 30.684472
v -46.677052 73.427051 30.954647
v -47.308263 73.427051 31.375456
v -47.713526 73.427051 31.905704
v -47.853170 73.427051 32.493490
v -47.713526 73.427051 33.081275
v -47.308263 73.427051 33.611524
v -46.677051 73.427051 34.032332
v -45.881678 73.427051 34.302507
v -45.000000 73.427051 34.395603
v -44.118322 73.427051 34.302507
v -43.322949 73.427051 34.032332
v -42.691737 73.427051 33.611524
v -42.286474 73.427051 33.081275
v -42.146830 73.427051 32.493490
v -42.457806 73.861972 31.942817
v -42.837480 73.861972 31.446048
v -43.428838 73.861972 31.051810
v -44.173991 73.861972 30.798694
v -45.000000 73.861972 30.711476
v -45.826009 73.861972 30.798694
v -46.571162 73.861972 31.051811
v -47.162519 73.861972 31.446049
v -47.542193 73.861972 31.942817
v -47.673020 73.861972 32.493490
v -47.542193 73.861972 33.044162
v -47.162519 73.861972 33.540931
v -46.571162 73.861972 33.935169
v -45.826009 73.861972 34.188285
v -45.000000 73.861972 34.275503
v -44.173992 73.861972 34.188285
v -43.428838 73.861972 33.935169
v -42.837482 73.861972 33.540931
v -42.457807 73.861972 33.044162
v -42.326980 73.861972 32.493490
v -42.691736 74.263356 31.993490
v -43.036473 74.263356 31.542433
v -43.573414 74.263356 31.184472
v -44.250000 74.263356 30.954647
v -45.000000 74.263356 30.875455
v -45.750000 74.263356 30.954647
v -46.426585 74.263356 31.184472
v -46.963526 74.263356 31.542433
v -47.308263 74.263356 31.993490
v -47.427052 74.263356 32.493490
v -47.308263 74.263356 32.993490
v -46.963526 74.263356 33.444547
v -46.426585 74.263356 33.802507
v -45.750000 74.263356 34.032332
v -45.000000 74.263356 34.111524
v -44.250000 74.263356 34.032332
v -43.573415 74.263356 33.802507
v -43.036474 74.263356 33.444546
v -42.691737 74.263356 32.993490
v -42.572949 74.263356 32.493490
v -42.982503 74.621320 32.056474
v -43.283815 74.621320 31.662236
v -43.753118 74.621320 31.349366
v -44.344476 74.621320 31.148492
v -45.000000 74.621320 31.079276
v -45.655524 74.621320 31.148492
v -46.246881 74.621320 31.349367
v -46.716185 74.621320 31.662236
v -47.017496 74.621320 32.056474
v -47.121321 74.621320 32.493490
v -47.017496 74.621320 32.930506
v -46.716185 74.621320 33.324744
v -46.246881 74.621320 33.637613
v -45.655524 74.621320 33.838487
v -45.000000 74.621320 33.907704
v -44.344476 74.621320 33.838487
v -43.753119 74.621320 33.637613
v -43.283816 74.621320 33.324744
v -42.982504 74.621320 32.930506
v -42.878680 74.621320 32.493490
v -43.322948 74.927051 32.130218
v -43.573414 74.927051 31.802506
v -43.963525 74.927051 31.542433
v -44.455093 74.927051 31.375455
v -45.000000 74.927051 31.317919
v -45.544907 74.927051 31.375455
v -46.036475 74.927051 31.542433
v -46.426585 74.927051 31.802507
v -46.677051 74.927051 32.130219
v -46.763356 74.927051 32.493490
v -46.677051 74.927051 32.856761
v -46.426585 74.927051 33.184473
v -46.036475 74.927051 33.444547
v -45.544907 74.927051 33.611524
v -45.000000 74.927051 33.669060
v -44.455093 74.927051 33.611524
v -43.963526 74.927051 33.444546
v -43.573415 74.927051 33.184473
v -43.322949 74.927051 32.856761
v -43.236644 74.927051 32.493490
v -43.704687 75.173020 32.212908
v -43.898141 75.173020 31.959792
v -44.199453 75.173020 31.758917
v -44.579127 75.173020 31.629948
v -45.000000 75.173020 31.585508
v -45.420873 75.173020 31.629948
v -45.800547 75.173020 31.758918
v -46.101858 75.173020 31.959792
v -46.295312 75.173020 32.212908
v -46.361972 75.173020 32.493490
v -46.295312 75.173020 32.774072
v -46.101858 75.173020 33.027188
v -45.800547 75.173020 33.228062
v -45.420872 75.173020 33.357031
v -45.000000 75.173020 33.401471
v -44.579128 75.173020 33.357031
v -44.199453 75.173020 33.228062
v -43.898142 75.173020 33.027188
v -43.704688 75.173020 32.774071
v -43.638028 75.173020 32.493490
v -44.118322 75.353170 32.302507
v -44.249999 75.353170 32.130218
v -44.455093 75.353170 31.993490
v -44.713525 75.353170 31.905704
v -45.000000 75.353170 31.875456
v -45.286475 75.353170 31.905704
v -45.544907 75.353170 31.993490
v -45.750000 75.353170 32.130219
v -45.881678 75.353170 32.302507
v -45.927051 75.353170 32.493490
v -45.881678 75.353170 32.684473
v -45.750000 75.353170 32.856761
v -45.544907 75.353170 32.993490
v -45.286475 75.353170 33.081275
v -45.000000 75.353170 33.111524
v -44.713526 75.353170 33.081275
v -44.455093 75.353170 32.993490
v -44.250000 75.353170 32.856761
v -44.118322 75.353170 32.684473
v -44.072949 75.353170 32.493490
v -44.553666 75.463065 32.396808
v -44.620325 75.463065 32.309590
v -44.724150 75.463065 32.240373
v -44.854977 75.463065 32.195934
v -45.000000 75.463065 32.180621
v -45.145023 75.463065 32.195934
v -45.275850 75.463065 32.240373
v -45.379675 75.463065 32.309590
v -45.446334 75.463065 32.396808
v -45.469304 75.463065 32.493490
v -45.446334 75.463065 32.590172
v -45.379675 75.463065 32.677390
v -45.275850 75.463065 32.746606
v -45.145023 75.463065 32.791046
v -45.000000 75.463065 32.806359
v -44.854977 75.463065 32.791046
v -44.724150 75.463065 32.746606
v -44.620326 75.463065 32.677390
v -44.553666 75.463065 32.590172
v -44.530697 75.463065 32.493490
v -45.000000 69.500000 32.493490
v -45.000000 75.500000 32.493490
vt 0.000000 0.050000
vt 0.050000 0.050000
vt 0.100000 0.050000
vt 0.150000 0.050000
vt 0.200000 0.050000
vt 0.250000 0.050000
vt 0.300000 0.050000
vt 0.350000 0.050000
vt 0.400000 0.050000
vt 0.450000 0.050000
vt 0.500000 0.050000
vt 0.550000 0.050000
vt 0.600000 0.050000
vt 0.650000 0.050000
vt 0.700000 0.050000
vt 0.750000 0.050000
vt 0.800000 0.050000
vt 0.850000 0.050000
vt 0.900000 0.050000
vt 0.950000 0.050000
vt 1.000000 0.050000
vt 0.000000 0.100000
vt 0.050000 0.100000
vt 0.100000 0.100000
vt 0.150000 0.100000
vt 0.200000 0.100000
vt 0.250000 0.100000
vt 0.300000 0.100000
vt 0.350000 0.100000
vt 0.400000 0.100000
vt 0.450000 0.100000
vt 0.500000 0.100000
vt 0.550000 0.100000
vt 0.600000 0.100000
vt 0.650000 0.100000
vt 0.700000 0.100000
vt 0.750000 0.100000
vt 0.800000 0.100000
vt 0.850000 0.100000
vt 0.900000 0.100000
vt 0.950000 0.100000
vt 1.000000 0.100000
vt 0.000000 0.150000
vt 0.050000 0.150000
vt 0.100000 0.150000
vt 0.150000 0.150000
vt 0.200000 0.150000
vt 0.250000 0.150000
vt 0.300000 0.150000
vt 0.350000 0.150000
vt 0.400000 0.150000
vt 0.450000 0.150000
vt 0.500000 0.150000
vt 0.550000 0.150000
vt 0.600000 0.150000
vt 0.650000 0.150000
vt 0.700000 0.150000
vt 0.750000 0.150000
vt 0.800000 0.150000
vt 0.850000 0.150000
vt 0.900000 0.150000
vt 0.950000 0.150000
vt 1.000000 0.150000
vt 0.000000 0.200000
vt 0.050000 0.200000
vt 0.100000 0.200000
vt 0.150000 0.200000
vt 0.200000 0.200000
vt 0.250000 0.200000
vt 0.300000 0.200000
vt 0.350000 0.200000
vt 0.400000 0.200000
vt 0.450000 0.200000
vt 0.500000 0.200000
vt 0.550000 0.200000
vt 0.600000 0.200000
vt 0.650000 0.200000
vt 0.700000 0.200000
vt 0.750000 0.200000
vt 0.800000 0.200000
vt 0.850000 0.200000
vt 0.900000 0.200000
vt 0.950000 0.200000
vt 1.000000 0.200000
vt 0.000000 0.250000
vt 0.050000 0.250000
vt 0.100000 0.250000
vt 0.150000 0.250000
vt 0.200000 0.250000
vt 0.250000 0.250000
vt 0.300000 0.250000
vt 0.350000 0.250000
vt 0.400000 0.250000
vt 0.450000 0.250000
vt 0.500000 0.250000
vt 0.550000 0.250000
vt 0.600000 0.250000
vt 0.650000 0.250000
vt 0.700000 0.250000
vt 0.750000 0.250000
vt 0.800000 0.250000
vt 0.850000 0.250000
vt 0.900000 0.250000
vt 0.950000 0.250000
vt 1.000000 0.250000
vt 0.000000 0.300000
vt 0.050000 0.300000
vt 0.100000 0.300000
vt 0.150000 0.300000
vt 0.200000 0.300000
vt 0.250000 0.300000
vt 0.300000 0.300000
vt 0.350000 0.300000
vt 0.400000 0.300000
vt 0.450000 0.300000
vt 0.500000 0.300000
vt 0.550000 0.300000
vt 0.600000 0.300000
vt 0.650000 0.300000
vt 0.700000 0.300000
vt 0.750000 0.300000
vt 0.800000 0.300000
vt 0.850000 0.300000
vt 0.900000 0.300000
vt 0.950000 0.300000
vt 1.000000 0.300000
vt 0.000000 0.350000
vt 0.050000 0.350000
vt 0.100000 0.350000
vt 0.150000 0.350000
vt 0.200000 0.350000
vt 0.250000 0.350000
vt 0.300000 0.350000
vt 0.350000 0.350000
vt 0.400000 0.350000
vt 0.450000 0.350000
vt 0.500000 0.350000
vt 0.550000 0.350000
vt 0.600000 0.350000
vt 0.650000 0.350000
vt 0.700000 0.350000
vt 0.750000 0.350000
vt 0.800000 0.350000
vt 0.850000 0.350000
vt 0.900000 0.350000
vt 0.950000 0.350000
vt 1.000000 0.350000
vt 0.000000 0.400000
vt 0.050000 0.400000
vt 0.100000 0.400000
vt 0.150000 0.400000
vt 0.200000 0.400000
vt 0.250000 0.400000
vt 0.300000 0.400000
vt 0.350000 0.400000
vt 0.400000 0.400000
vt 0.450000 0.400000
vt 0.500000 0.400000
vt 0.550000 0.400000
vt 0.600000 0.400000
vt 0.650000 0.400000
vt 0.700000 0.400000
vt 0.750000 0.400000
vt 0.800000 0.400000
vt 0.850000 0.400000
vt 0.900000 0.400000
vt 0.950000 0.400000
vt 1.000000 0.400000
vt 0.000000 0.450000
vt 0.050000 0.450000
vt 0.100000 0.450000
vt 0.150000 0.450000
vt 0.200000 0.450000
vt 0.250000 0.450000
vt 0.300000 0.450000
vt 0.350000 0.450000
vt 0.400000 0.450000
vt 0.450000 0.450000
vt 0.500000 0.450000
vt 0.550000 0.450000
vt 0.600000 0.450000
vt 0.650000 0.450000
vt 0.700000 0.450000
vt 0.750000 0.450000
vt 0.800000 0.450000
vt 0.850000 0.450000
vt 0.900000 0.450000
vt 0.950000 0.450000
vt 1.000000 0.450000
vt 0.000000 0.500000
vt 0.050000 0.500000
vt 0.100000 0.500000
vt 0.150000 0.500000
vt 0.200000 0.500000
vt 0.250000 0.500000
vt 0.300000 0.500000
vt 0.350000 0.500000
vt 0.400000 0.500000
vt 0.450000 0.500000
vt 0.500000 0.500000
vt 0.550000 0.500000
vt 0.600000 0.500000
vt 0.650000 0.500000
vt 0.700000 0.500000
vt 0.750000 0.500000
vt 0.800000 0.500000
vt 0.850000 0.500000
vt 0.900000 0.500000
vt 0.950000 0.500000
vt 1.000000 0.500000
vt 0.000000 0.550000
vt 0.050000 0.550000
vt 0.100000 0.550000
vt 0.150000 0.550000
vt 0.200000 0.550000
vt 0.250000 0.550000
vt 0.300000 0.550000
vt 0.350000 0.550000
vt 0.400000 0.550000
vt 0.450000 0.550000
vt 0.500000 0.550000
vt 0.550000 0.550000
vt 0.600000 0.550000
vt 0.650000 0.550000
vt 0.700000 0.550000
vt 0.750000 0.550000
vt 0.800000 0.550000
vt 0.850000 0.550000
vt 0.900000 0.550000
vt 0.950000 0.550000
vt 1.000000 0.550000
vt 0.000000 0.600000
vt 0.050000 0.600000
vt 0.100000 0.600000
vt 0.150000 0.600000
vt 0.200000 0.600000
vt 0.250000 0.600000
vt 0.300000 0.600000
vt 0.350000 0.600000
vt 0.400000 0.600000
vt 0.450000 0.600000
vt 0.500000 0.600000
vt 0.550000 0.600000
vt 0.600000 0.600000
vt 0.650000 0.600000
vt 0.700000 0.600000
vt 0.750000 0.600000
vt 0.800000 0.600000
vt 0.850000 0.600000
vt 0.900000 0.600000
vt 0.950000 0.600000
vt 1.000000 0.600000
vt 0.000000 0.650000
vt 0.050000 0.650000
vt 0.100000 0.650000
vt 0.150000 0.650000
vt 0.200000 0.650000
vt 0.250000 0.650000
vt 0.300000 0.650000
vt 0.350000 0.650000
vt 0.400000 0.650000
vt 0.450000 0.650000
vt 0.500000 0.650000
vt 0.550000 0.650000
vt 0.600000 0.650000
vt 0.650000 0.650000
vt 0.700000 0.650000
vt 0.750000 0.650000
vt 0.800000 0.650000
vt 0.850000 0.650000
vt 0.900000 0.650000
vt 0.950000 0.650000
vt 1.000000 0.650000
vt 0.000000 0.700000
vt 0.050000 0.700000
vt 0.100000 0.700000
vt 0.150000 0.700000
vt 0.200000 0.700000
vt 0.250000 0.700000
vt 0.300000 0.700000
vt 0.350000 0.700000
vt 0.400000 0.700000
vt 0.450000 0.700000
vt 0.500000 0.700000
vt 0.550000 0.700000
vt 0.600000 0.700000
vt 0.650000 0.700000
vt 0.700000 0.700000
vt 0.750000 0.700000
vt 0.800000 0.700000
vt 0.850000 0.700000
vt 0.900000 0.700000
vt 0.950000 0.700000
vt 1.000000 0.700000
vt 0.000000 0.750000
vt 0.050000 0.750000
vt 0.100000 0.750000
vt 0.150000 0.750000
vt 0.200000 0.750000
vt 0.250000 0.750000
vt 0.300000 0.750000
vt 0.350000 0.750000
vt 0.400000 0.750000
vt 0.450000 0.750000
vt 0.500000 0.750000
vt 0.550000 0.750000
vt 0.600000 0.750000
vt 0.650000 0.750000
vt 0.700000 0.750000
vt 0.750000 0.750000
vt 0.800000 0.750000
vt 0.850000 0.750000
vt 0.900000 0.750000
vt 0.950000 0.750000
vt 1.000000 0.750000
vt 0.000000 0.800000
vt 0.050000 0.800000
vt 0.100000 0.800000
vt 0.150000 0.800000
vt 0.200000 0.800000
vt 0.250000 0.800000
vt 0.300000 0.800000
vt 0.350000 0.800000
vt 0.400000 0.800000
vt 0.450000 0.800000
vt 0.500000 0.800000
vt 0.550000 0.800000
vt 0.600000 0.800000
vt 0.650000 0.800000
vt 0.700000 0.800000
vt 0.750000 0.800000
vt 0.800000 0.800000
vt 0.850000 0.800000
vt 0.900000 0.800000
vt 0.950000 0.800000
vt 1.000000 0.800000
vt 0.000000 0.850000
vt 0.050000 0.850000
vt 0.100000 0.850000
vt 0.150000 0.850000
vt 0.200000 0.850000
vt 0.250000 0.850000
vt 0.300000 0.850000
vt 0.350000 0.850000
vt 0.400000 0.850000
vt 0.450000 0.850000
vt 0.500000 0.850000
vt 0.550000 0.850000
vt 0.600000 0.850000
vt 0.650000 0.850000
vt 0.700000 0.850000
vt 0.750000 0.850000
vt 0.800000 0.850000
vt 0.850000 0.850000
vt 0.900000 0.850000
vt 0.950000 0.850000
vt 1.000000 0.850000
vt 0.000000 0.900000
vt 0.050000 0.900000
vt 0.100000 0.900000
vt 0.150000 0.900000
vt 0.200000 0.900000
vt 0.250000 0.900000
vt 0.300000 0.900000
vt 0.350000 0.900000
vt 0.400000 0.900000
vt 0.450000 0.900000
vt 0.500000 0.900000
vt 0.550000 0.900000
vt 0.600000 0.900000
vt 0.650000 0.900000
vt 0.700000 0.900000
vt 0.750000 0.900000
vt 0.800000 0.900000
vt 0.850000 0.900000
vt 0.900000 0.900000
vt 0.950000 0.900000
vt 1.000000 0.900000
vt 0.000000 0.950000
vt 0.050000 0.950000
vt 0.100000 0.950000
vt 0.150000 0.950000
vt 0.200000 0.950000
vt 0.250000 0.950000
vt 0.300000 0.950000
vt 0.350000 0.950000
vt 0.400000 0.950000
vt 0.450000 0.950000
vt 0.500000 0.950000
vt 0.550000 0.950000
vt 0.600000 0.950000
vt 0.650000 0.950000
vt 0.700000 0.950000
vt 0.750000 0.950000
vt 0.800000 0.950000
vt 0.850000 0.950000
vt 0.900000 0.950000
vt 0.950000 0.950000
vt 1.000000 0.950000
vt 0.025000 0.000000
vt 0.075000 0.000000
vt 0.125000 0.000000
vt 0.175000 0.000000
vt 0.225000 0.000000
vt 0.275000 0.000000
vt 0.325000 0.000000
vt 0.375000 0.000000
vt 0.425000 0.000000
vt 0.475000 0.000000
vt 0.525000 0.000000
vt 0.575000 0.000000
vt 0.625000 0.000000
vt 0.675000 0.000000
vt 0.725000 0.000000
vt 0.775000 0.000000
vt 0.825000 0.000000
vt 0.875000 0.000000
vt 0.925000 0.000000
vt 0.975000 0.000000
vt 0.025000 1.000000
vt 0.075000 1.000000
vt 0.125000 1.000000
vt 0.175000 1.000000
vt 0.225000 1.000000
vt 0.275000 1.000000
vt 0.325000 1.000000
vt 0.375000 1.000000
vt 0.425000 1.000000
vt 0.475000 1.000000
vt 0.525000 1.000000
vt 0.575000 1.000000
vt 0.625000 1.000000
vt 0.675000 1.000000
vt 0.725000 1.000000
vt 0.775000 1.000000
vt 0.825000 1.000000
vt 0.875000 1.000000
vt 0.925000 1.000000
vt 0.975000 1.000000
vn 0.190100 -0.977383 -0.092651
vn 0.160708 -0.971338 -0.175143
vn 0.263611 -0.920856 -0.287287
vn 0.315166 -0.936523 -0.153605
vn 0.115882 -0.964019 -0.239246
vn 0.187714 -0.902535 -0.387549
vn 0.060556 -0.958217 -0.279558
vn 0.097151 -0.888487 -0.448499
vn -0.000000 -0.956029 -0.293274
vn -0.000000 -0.883292 -0.468823
vn -0.060556 -0.958217 -0.279558
vn -0.097151 -0.888487 -0.448500
vn -0.115882 -0.964019 -0.239247
vn -0.187714 -0.902535 -0.387549
vn -0.160709 -0.971338 -0.175143
vn -0.263611 -0.920856 -0.287287
vn -0.190100 -0.977383 -0.092651
vn -0.315166 -0.936523 -0.153605
vn -0.200361 -0.979722 0.000000
vn -0.333578 -0.942722 -0.000000
vn -0.190100 -0.977383 0.092651
vn -0.315166 -0.936523 0.153605
vn -0.160709 -0.971338 0.175142
vn -0.263611 -0.920856 0.287286
vn -0.115882 -0.964019 0.239246
vn -0.187714 -0.902535 0.387549
vn -0.060556 -0.958217 0.279558
vn -0.097151 -0.888487 0.448500
vn 0.000000 -0.956029 0.293273
vn 0.000000 -0.883292 0.468823
vn 0.060556 -0.958217 0.279558
vn 0.097151 -0.888487 0.448500
vn 0.115882 -0.964019 0.239246
vn 0.187714 -0.902535 0.387549
vn 0.160709 -0.971338 0.175142
vn 0.263611 -0.920856 0.287287
vn 0.190100 -0.977383 0.092651
vn 0.315166 -0.936523 0.153605
vn 0.200361 -0.979722 0.000001
vn 0.333578 -0.942723 0.000000
vn 0.363834 -0.842855 -0.396511
vn 0.441905 -0.870823 -0.215375
vn 0.254583 -0.811743 -0.525605
vn 0.130084 -0.788947 -0.600534
vn -0.000000 -0.780733 -0.624865
vn -0.130084 -0.788947 -0.600534
vn -0.254583 -0.811743 -0.525605
vn -0.363834 -0.842855 -0.396511
vn -0.441905 -0.870823 -0.215375
vn -0.470752 -0.882266 0.000000
vn -0.441905 -0.870823 0.215376
vn -0.363834 -0.842855 0.396511
vn -0.254583 -0.811743 0.525606
vn -0.130084 -0.788947 0.600534
vn 0.000000 -0.780733 0.624865
vn 0.130084 -0.788947 0.600534
vn 0.254583 -0.811743 0.525606
vn 0.363834 -0.842855 0.396511
vn 0.441905 -0.870823 0.215375
vn 0.470752 -0.882266 0.000000
vn 0.451355 -0.744526 -0.491894
vn 0.558455 -0.783611 -0.272179
vn 0.309832 -0.703439 -0.639671
vn 0.156246 -0.674754 -0.721314
vn -0.000000 -0.664688 -0.747121
vn -0.156246 -0.674754 -0.721314
vn -0.309832 -0.703439 -0.639670
vn -0.451356 -0.744526 -0.491894
vn -0.558455 -0.783611 -0.272180
vn -0.599664 -0.800252 0.000000
vn -0.558455 -0.783611 0.272180
vn -0.451356 -0.744526 0.491894
vn -0.309832 -0.703438 0.639671
vn -0.156246 -0.674754 0.721314
vn 0.000000 -0.664688 0.747121
vn 0.156246 -0.674754 0.721314
vn 0.309832 -0.703438 0.639671
vn 0.451356 -0.744526 0.491894
vn 0.558455 -0.783611 0.272180
vn 0.599664 -0.800252 0.000001
vn 0.523731 -0.632399 -0.570769
vn 0.660447 -0.678379 -0.321887
vn 0.353011 -0.586692 -0.728818
vn 0.175938 -0.556183 -0.812223
vn -0.000000 -0.545726 -0.837964
vn -0.175938 -0.556183 -0.812223
vn -0.353011 -0.586692 -0.728818
vn -0.523731 -0.632399 -0.570769
vn -0.660447 -0.678378 -0.321888
vn -0.715328 -0.698788 -0.000000
vn -0.660447 -0.678379 0.321888
vn -0.523731 -0.632399 0.570769
vn -0.353011 -0.586692 0.728818
vn -0.175938 -0.556183 0.812223
vn -0.000000 -0.545726 0.837964
vn 0.175938 -0.556183 0.812223
vn 0.353011 -0.586692 0.728818
vn 0.523731 -0.632399 0.570769
vn 0.660447 -0.678378 0.321888
vn 0.715328 -0.698788 0.000001
vn 0.580862 -0.511732 -0.633032
vn 0.745531 -0.558710 -0.363355
vn 0.385391 -0.467316 -0.795669
vn 0.190236 -0.438771 -0.878231
vn -0.000000 -0.429171 -0.903223
vn -0.190237 -0.438771 -0.878231
vn -0.385392 -0.467316 -0.795669
vn -0.580863 -0.511732 -0.633032
vn -0.745531 -0.558709 -0.363356
vn -0.814331 -0.580401 -0.000000
vn -0.745531 -0.558710 0.363356
vn -0.580862 -0.511732 0.633032
vn -0.385392 -0.467316 0.795669
vn -0.190236 -0.438771 0.878231
vn 0.000000 -0.429171 0.903223
vn 0.190236 -0.438771 0.878231
vn 0.385392 -0.467316 0.795669
vn 0.580862 -0.511732 0.633032
vn 0.745531 -0.558709 0.363356
vn 0.814331 -0.580401 0.000001
vn 0.623622 -0.386260 -0.679632
vn 0.812408 -0.428040 -0.395950
vn 0.408615 -0.348347 -0.843616
vn 0.200233 -0.324691 -0.924382
vn -0.000000 -0.316849 -0.948476
vn -0.200233 -0.324691 -0.924382
vn -0.408615 -0.348347 -0.843616
vn -0.623622 -0.386260 -0.679631
vn -0.812407 -0.428040 -0.395950
vn -0.894037 -0.447994 -0.000000
vn -0.812407 -0.428040 0.395951
vn -0.623622 -0.386260 0.679632
vn -0.408615 -0.348347 0.843616
vn -0.200233 -0.324691 0.924382
vn 0.000000 -0.316848 0.948476
vn 0.200233 -0.324691 0.924382
vn 0.408615 -0.348347 0.843616
vn 0.623622 -0.386260 0.679631
vn 0.812407 -0.428039 0.395951
vn 0.894037 -0.447994 0.000001
vn 0.653140 -0.258356 -0.711801
vn 0.860421 -0.289518 -0.419350
vn 0.424137 -0.230918 -0.875662
vn 0.206792 -0.214152 -0.954660
vn -0.000000 -0.208648 -0.977991
vn -0.206792 -0.214152 -0.954660
vn -0.424137 -0.230918 -0.875662
vn -0.653140 -0.258356 -0.711801
vn -0.860421 -0.289517 -0.419351
vn -0.952420 -0.304789 -0.000000
vn -0.860421 -0.289518 0.419352
vn -0.653140 -0.258356 0.711801
vn -0.424137 -0.230918 0.875662
vn -0.206792 -0.214152 0.954660
vn 0.000000 -0.208648 0.977991
vn 0.206792 -0.214152 0.954660
vn 0.424137 -0.230918 0.875662
vn 0.653140 -0.258356 0.711801
vn 0.860421 -0.289517 0.419351
vn 0.952420 -0.304788 0.000001
vn 0.670412 -0.129370 -0.730624
vn 0.889290 -0.145978 -0.433420
vn 0.433026 -0.115013 -0.894014
vn 0.210503 -0.106347 -0.971792
vn 0.000000 -0.103519 -0.994628
vn -0.210503 -0.106347 -0.971792
vn -0.433026 -0.115013 -0.894014
vn -0.670412 -0.129370 -0.730624
vn -0.889290 -0.145978 -0.433422
vn -0.988032 -0.154248 0.000000
vn -0.889290 -0.145978 0.433422
vn -0.670412 -0.129370 0.730624
vn -0.433026 -0.115013 0.894014
vn -0.210503 -0.106347 0.971792
vn 0.000000 -0.103519 0.994628
vn 0.210503 -0.106347 0.971792
vn 0.433026 -0.115013 0.894014
vn 0.670412 -0.129370 0.730624
vn 0.889290 -0.145978 0.433422
vn 0.988032 -0.154249 0.000001
vn 0.676093 0.000000 -0.736816
vn 0.898920 -0.000000 -0.438114
vn 0.435919 -0.000000 -0.899986
vn 0.211703 -0.000000 -0.977334
vn 0.000000 0.000000 -1.000000
vn -0.211704 -0.000000 -0.977334
vn -0.435919 -0.000000 -0.899986
vn -0.676093 0.000000 -0.736816
vn -0.898919 0.000000 -0.438115
vn -1.000000 -0.000000 0.000000
vn -0.898919 -0.000000 0.438115
vn -0.676093 0.000000 0.736816
vn -0.435919 -0.000000 0.899986
vn -0.211703 -0.000000 0.977334
vn 0.000000 0.000000 1.000000
vn 0.211703 -0.000000 0.977334
vn 0.435919 -0.000000 0.899986
vn 0.676093 -0.000000 0.736816
vn 0.898919 0.000000 0.438115
vn 1.000000 0.000000 0.000001
vn 0.670412 0.129370 -0.730624
vn 0.889290 0.145978 -0.433420
vn 0.433026 0.115013 -0.894014
vn 0.210503 0.106347 -0.971792
vn 0.000000 0.103519 -0.994628
vn -0.210503 0.106347 -0.971792
vn -0.433026 0.115013 -0.894014
vn -0.670412 0.129370 -0.730624
vn -0.889290 0.145978 -0.433421
vn -0.988032 0.154248 0.000000
vn -0.889290 0.145978 0.433422
vn -0.670412 0.129370 0.730624
vn -0.433026 0.115013 0.894014
vn -0.210503 0.106347 0.971792
vn 0.000000 0.103519 0.994628
vn 0.210503 0.106347 0.971792
vn 0.433026 0.115013 0.894014
vn 0.670412 0.129370 0.730624
vn 0.889290 0.145978 0.433422
vn 0.988032 0.154249 0.000001
vn 0.653140 0.258356 -0.711801
vn 0.860421 0.289518 -0.419350
vn 0.424137 0.230918 -0.875662
vn 0.206792 0.214152 -0.954660
vn -0.000000 0.208648 -0.977991
vn -0.206792 0.214152 -0.954660
vn -0.424137 0.230918 -0.875662
vn -0.653140 0.258356 -0.711801
vn -0.860421 0.289517 -0.419351
vn -0.952420 0.304789 -0.000000
vn -0.860421 0.289517 0.419352
vn -0.653140 0.258356 0.711801
vn -0.424137 0.230918 0.875662
vn -0.206792 0.214152 0.954660
vn 0.000000 0.208648 0.977991
vn 0.206792 0.214152 0.954660
vn 0.424137 0.230918 0.875662
vn 0.653140 0.258356 0.711801
vn 0.860421 0.289517 0.419351
vn 0.952420 0.304789 0.000001
vn 0.623622 0.386260 -0.679632
vn 0.812408 0.428040 -0.395949
vn 0.408615 0.348347 -0.843616
vn 0.200233 0.324691 -0.924382
vn -0.000000 0.316849 -0.948476
vn -0.200233 0.324691 -0.924382
vn -0.408615 0.348347 -0.843616
vn -0.623622 0.386260 -0.679631
vn -0.812407 0.428040 -0.395950
vn -0.894037 0.447994 -0.000000
vn -0.812407 0.428040 0.395951
vn -0.623622 0.386260 0.679632
vn -0.408615 0.348347 0.843616
vn -0.200233 0.324691 0.924382
vn 0.000000 0.316848 0.948476
vn 0.200233 0.324691 0.924382
vn 0.408615 0.348347 0.843616
vn 0.623622 0.386260 0.679631
vn 0.812407 0.428039 0.395951
vn 0.894037 0.447994 0.000001
vn 0.580862 0.511732 -0.633032
vn 0.745531 0.558710 -0.363355
vn 0.385391 0.467316 -0.795669
vn 0.190236 0.438771 -0.878231
vn -0.000000 0.429171 -0.903223
vn -0.190236 0.438771 -0.878231
vn -0.385392 0.467316 -0.795669
vn -0.580862 0.511732 -0.633032
vn -0.745531 0.558710 -0.363356
vn -0.814331 0.580401 -0.000000
vn -0.745531 0.558710 0.363356
vn -0.580862 0.511732 0.633032
vn -0.385392 0.467316 0.795669
vn -0.190236 0.438771 0.878231
vn 0.000000 0.429171 0.903223
vn 0.190237 0.438771 0.878231
vn 0.385392 0.467316 0.795669
vn 0.580862 0.511732 0.633032
vn 0.745531 0.558709 0.363356
vn 0.814331 0.580401 0.000001
vn 0.523731 0.632399 -0.570769
vn 0.660447 0.678379 -0.321887
vn 0.353011 0.586692 -0.728818
vn 0.175938 0.556183 -0.812223
vn -0.000000 0.545726 -0.837964
vn -0.175938 0.556183 -0.812223
vn -0.353011 0.586692 -0.728818
vn -0.523731 0.632399 -0.570769
vn -0.660447 0.678379 -0.321888
vn -0.715328 0.698789 0.000000
vn -0.660447 0.678379 0.321888
vn -0.523731 0.632399 0.570769
vn -0.353011 0.586692 0.728818
vn -0.175938 0.556183 0.812223
vn -0.000000 0.545726 0.837964
vn 0.175938 0.556183 0.812223
vn 0.353011 0.586692 0.728818
vn 0.523731 0.632399 0.570769
vn 0.660447 0.678378 0.321888
vn 0.715328 0.698788 0.000001
vn 0.451355 0.744526 -0.491894
vn 0.558455 0.783611 -0.272179
vn 0.309832 0.703438 -0.639671
vn 0.156246 0.674754 -0.721314
vn -0.000000 0.664689 -0.747120
vn -0.156246 0.674754 -0.721314
vn -0.309832 0.703439 -0.639670
vn -0.451356 0.744526 -0.491893
vn -0.558455 0.783611 -0.272180
vn -0.599664 0.800252 0.000000
vn -0.558455 0.783611 0.272180
vn -0.451356 0.744526 0.491894
vn -0.309832 0.703439 0.639671
vn -0.156246 0.674754 0.721314
vn 0.000000 0.664688 0.747121
vn 0.156246 0.674754 0.721314
vn 0.309832 0.703438 0.639671
vn 0.451356 0.744526 0.491894
vn 0.558455 0.783611 0.272180
vn 0.599664 0.800252 0.000001
vn 0.363834 0.842855 -0.396511
vn 0.441905 0.870824 -0.215375
vn 0.254583 0.811743 -0.525606
vn 0.130083 0.788947 -0.600534
vn -0.000000 0.780733 -0.624865
vn -0.130084 0.788947 -0.600534
vn -0.254583 0.811743 -0.525605
vn -0.363834 0.842855 -0.396511
vn -0.441905 0.870823 -0.215375
vn -0.470752 0.882266 0.000000
vn -0.441905 0.870823 0.215376
vn -0.363834 0.842855 0.396511
vn -0.254583 0.811743 0.525605
vn -0.130084 0.788946 0.600534
vn 0.000000 0.780733 0.624865
vn 0.130084 0.788947 0.600534
vn 0.254583 0.811743 0.525605
vn 0.363834 0.842855 0.396511
vn 0.441905 0.870823 0.215376
vn 0.470752 0.882266 0.000000
vn 0.263611 0.920856 -0.287287
vn 0.315166 0.936523 -0.153605
vn 0.187714 0.902535 -0.387549
vn 0.097151 0.888487 -0.448500
vn -0.000000 0.883292 -0.468823
vn -0.097151 0.888487 -0.448500
vn -0.187714 0.902535 -0.387549
vn -0.263611 0.920856 -0.287286
vn -0.315166 0.936523 -0.153605
vn -0.333578 0.942722 0.000000
vn -0.315165 0.936523 0.153606
vn -0.263611 0.920856 0.287286
vn -0.187714 0.902535 0.387549
vn -0.097151 0.888487 0.448500
vn 0.000000 0.883292 0.468823
vn 0.097151 0.888487 0.448500
vn 0.187714 0.902535 0.387549
vn 0.263611 0.920856 0.287287
vn 0.315166 0.936523 0.153605
vn 0.333578 0.942722 0.000000
vn 0.160708 0.971338 -0.175142
vn 0.190100 0.977383 -0.092651
vn 0.115882 0.964019 -0.239246
vn 0.060556 0.958217 -0.279558
vn -0.000000 0.956029 -0.293273
vn -0.060556 0.958217 -0.279558
vn -0.115882 0.964019 -0.239246
vn -0.160709 0.971338 -0.175142
vn -0.190100 0.977383 -0.092651
vn -0.200361 0.979722 0.000000
vn -0.190100 0.977383 0.092651
vn -0.160709 0.971338 0.175142
vn -0.115882 0.964019 0.239247
vn -0.060556 0.958217 0.279558
vn 0.000000 0.956029 0.293273
vn 0.060556 0.958217 0.279558
vn 0.115882 0.964019 0.239246
vn 0.160709 0.971338 0.175142
vn 0.190100 0.977383 0.092651
vn 0.200361 0.979722 0.000001
vn -0.000000 -1.000000 -0.000000
vn -0.000000 1.000000 0.000000
s 1
g DresserBaseMesh pSphere3
usemtl initialShadingGroup
f 1173/1483/1741 1174/1484/1742 1194/1505/1743 1193/1504/1744
f 1174/1484/1742 1175/1485/1745 1195/1506/1746 1194/1505/1743
f 1175/1485/1745 1176/1486/1747 1196/1507/1748 1195/1506/1746
f 1176/1486/1747 1177/1487/1749 1197/1508/1750 1196/1507/1748
f 1177/1487/1749 1178/1488/1751 1198/1509/1752 1197/1508/1750
f 1178/1488/1751 1179/1489/1753 1199/1510/1754 1198/1509/1752
f 1179/1489/1753 1180/1490/1755 1200/1511/1756 1199/1510/1754
f 1180/1490/1755 1181/1491/1757 1201/1512/1758 1200/1511/1756
f 1181/1491/1757 1182/1492/1759 1202/1513/1760 1201/1512/1758
f 1182/1492/1759 1183/1493/1761 1203/1514/1762 1202/1513/1760
f 1183/1493/1761 1184/1494/1763 1204/1515/1764 1203/1514/1762
f 1184/1494/1763 1185/1495/1765 1205/1516/1766 1204/1515/1764
f 1185/1495/1765 1186/1496/1767 1206/1517/1768 1205/1516/1766
f 1186/1496/1767 1187/1497/1769 1207/1518/1770 1206/1517/1768
f 1187/1497/1769 1188/1498/1771 1208/1519/1772 1207/1518/1770
f 1188/1498/1771 1189/1499/1773 1209/1520/1774 1208/1519/1772
f 1189/1499/1773 1190/1500/1775 1210/1521/1776 1209/1520/1774
f 1190/1500/1775 1191/1501/1777 1211/1522/1778 1210/1521/1776
f 1191/1501/1777 1192/1502/1779 1212/1523/1780 1211/1522/1778
f 1192/1502/1779 1173/1503/1741 1193/1524/1744 1212/1523/1780
f 1193/1504/1744 1194/1505/1743 1214/1526/1781 1213/1525/1782
f 1194/1505/1743 1195/1506/1746 1215/1527/1783 1214/1526/1781
f 1195/1506/1746 1196/1507/1748 1216/1528/1784 1215/1527/1783
f 1196/1507/1748 1197/1508/1750 1217/1529/1785 1216/1528/1784
f 1197/1508/1750 1198/1509/1752 1218/1530/1786 1217/1529/1785
f 1198/1509/1752 1199/1510/1754 1219/1531/1787 1218/1530/1786
f 1199/1510/1754 1200/1511/1756 1220/1532/1788 1219/1531/1787
f 1200/1511/1756 1201/1512/1758 1221/1533/1789 1220/1532/1788
f 1201/1512/1758 1202/1513/1760 1222/1534/1790 1221/1533/1789
f 1202/1513/1760 1203/1514/1762 1223/1535/1791 1222/1534/1790
f 1203/1514/1762 1204/1515/1764 1224/1536/1792 1223/1535/1791
f 1204/1515/1764 1205/1516/1766 1225/1537/1793 1224/1536/1792
f 1205/1516/1766 1206/1517/1768 1226/1538/1794 1225/1537/1793
f 1206/1517/1768 1207/1518/1770 1227/1539/1795 1226/1538/1794
f 1207/1518/1770 1208/1519/1772 1228/1540/1796 1227/1539/1795
f 1208/1519/1772 1209/1520/1774 1229/1541/1797 1228/1540/1796
f 1209/1520/1774 1210/1521/1776 1230/1542/1798 1229/1541/1797
f 1210/1521/1776 1211/1522/1778 1231/1543/1799 1230/1542/1798
f 1211/1522/1778 1212/1523/1780 1232/1544/1800 1231/1543/1799
f 1212/1523/1780 1193/1524/1744 1213/1545/1782 1232/1544/1800
f 1213/1525/1782 1214/1526/1781 1234/1547/1801 1233/1546/1802
f 1214/1526/1781 1215/1527/1783 1235/1548/1803 1234/1547/1801
f 1215/1527/1783 1216/1528/1784 1236/1549/1804 1235/1548/1803
f 1216/1528/1784 1217/1529/1785 1237/1550/1805 1236/1549/1804
f 1217/1529/1785 1218/1530/1786 1238/1551/1806 1237/1550/1805
f 1218/1530/1786 1219/1531/1787 1239/1552/1807 1238/1551/1806
f 1219/1531/1787 1220/1532/1788 1240/1553/1808 1239/1552/1807
f 1220/1532/1788 1221/1533/1789 1241/1554/1809 1240/1553/1808
f 1221/1533/1789 1222/1534/1790 1242/1555/1810 1241/1554/1809
f 1222/1534/1790 1223/1535/1791 1243/1556/1811 1242/1555/1810
f 1223/1535/1791 1224/1536/1792 1244/1557/1812 1243/1556/1811
f 1224/1536/1792 1225/1537/1793 1245/1558/1813 1244/1557/1812
f 1225/1537/1793 1226/1538/1794 1246/1559/1814 1245/1558/1813
f 1226/1538/1794 1227/1539/1795 1247/1560/1815 1246/1559/1814
f 1227/1539/1795 1228/1540/1796 1248/1561/1816 1247/1560/1815
f 1228/1540/1796 1229/1541/1797 1249/1562/1817 1248/1561/1816
f 1229/1541/1797 1230/1542/1798 1250/1563/1818 1249/1562/1817
f 1230/1542/1798 1231/1543/1799 1251/1564/1819 1250/1563/1818
f 1231/1543/1799 1232/1544/1800 1252/1565/1820 1251/1564/1819
f 1232/1544/1800 1213/1545/1782 1233/1566/1802 1252/1565/1820
f 1233/1546/1802 1234/1547/1801 1254/1568/1821 1253/1567/1822
f 1234/1547/1801 1235/1548/1803 1255/1569/1823 1254/1568/1821
f 1235/1548/1803 1236/1549/1804 1256/1570/1824 1255/1569/1823
f 1236/1549/1804 1237/1550/1805 1257/1571/1825 1256/1570/1824
f 1237/1550/1805 1238/1551/1806 1258/1572/1826 1257/1571/1825
f 1238/1551/1806 1239/1552/1807 1259/1573/1827 1258/1572/1826
f 1239/1552/1807 1240/1553/1808 1260/1574/1828 1259/1573/1827
f 1240/1553/1808 1241/1554/1809 1261/1575/1829 1260/1574/1828
f 1241/1554/1809 1242/1555/1810 1262/1576/1830 1261/1575/1829
f 1242/1555/1810 1243/1556/1811 1263/1577/1831 1262/1576/1830
f 1243/1556/1811 1244/1557/1812 1264/1578/1832 1263/1577/1831
f 1244/1557/1812 1245/1558/1813 1265/1579/1833 1264/1578/1832
f 1245/1558/1813 1246/1559/1814 1266/1580/1834 1265/1579/1833
f 1246/1559/1814 1247/1560/1815 1267/1581/1835 1266/1580/1834
f 1247/1560/1815 1248/1561/1816 1268/1582/1836 1267/1581/1835
f 1248/1561/1816 1249/1562/1817 1269/1583/1837 1268/1582/1836
f 1249/1562/1817 1250/1563/1818 1270/1584/1838 1269/1583/1837
f 1250/1563/1818 1251/1564/1819 1271/1585/1839 1270/1584/1838
f 1251/1564/1819 1252/1565/1820 1272/1586/1840 1271/1585/1839
f 1252/1565/1820 1233/1566/1802 1253/1587/1822 1272/1586/1840
f 1253/1567/1822 1254/1568/1821 1274/1589/1841 1273/1588/1842
f 1254/1568/1821 1255/1569/1823 1275/1590/1843 1274/1589/1841
f 1255/1569/1823 1256/1570/1824 1276/1591/1844 1275/1590/1843
f 1256/1570/1824 1257/1571/1825 1277/1592/1845 1276/1591/1844
f 1257/1571/1825 1258/1572/1826 1278/1593/1846 1277/1592/1845
f 1258/1572/1826 1259/1573/1827 1279/1594/1847 1278/1593/1846
f 1259/1573/1827 1260/1574/1828 1280/1595/1848 1279/1594/1847
f 1260/1574/1828 1261/1575/1829 1281/1596/1849 1280/1595/1848
f 1261/1575/1829 1262/1576/1830 1282/1597/1850 1281/1596/1849
f 1262/1576/1830 1263/1577/1831 1283/1598/1851 1282/1597/1850
f 1263/1577/1831 1264/1578/1832 1284/1599/1852 1283/1598/1851
f 1264/1578/1832 1265/1579/1833 1285/1600/1853 1284/1599/1852
f 1265/1579/1833 1266/1580/1834 1286/1601/1854 1285/1600/1853
f 1266/1580/1834 1267/1581/1835 1287/1602/1855 1286/1601/1854
f 1267/1581/1835 1268/1582/1836 1288/1603/1856 1287/1602/1855
f 1268/1582/1836 1269/1583/1837 1289/1604/1857 1288/1603/1856
f 1269/1583/1837 1270/1584/1838 1290/1605/1858 1289/1604/1857
f 1270/1584/1838 1271/1585/1839 1291/1606/1859 1290/1605/1858
f 1271/1585/1839 1272/1586/1840 1292/1607/1860 1291/1606/1859
f 1272/1586/1840 1253/1587/1822 1273/1608/1842 1292/1607/1860
f 1273/1588/1842 1274/1589/1841 1294/1610/1861 1293/1609/1862
f 1274/1589/1841 1275/1590/1843 1295/1611/1863 1294/1610/1861
f 1275/1590/1843 1276/1591/1844 1296/1612/1864 1295/1611/1863
f 1276/1591/1844 1277/1592/1845 1297/1613/1865 1296/1612/1864
f 1277/1592/1845 1278/1593/1846 1298/1614/1866 1297/1613/1865
f 1278/1593/1846 1279/1594/1847 1299/1615/1867 1298/1614/1866
f 1279/1594/1847 1280/1595/1848 1300/1616/1868 1299/1615/1867
f 1280/1595/1848 1281/1596/1849 1301/1617/1869 1300/1616/1868
f 1281/1596/1849 1282/1597/1850 1302/1618/1870 1301/1617/1869
f 1282/1597/1850 1283/1598/1851 1303/1619/1871 1302/1618/1870
f 1283/1598/1851 1284/1599/1852 1304/1620/1872 1303/1619/1871
f 1284/1599/1852 1285/1600/1853 1305/1621/1873 1304/1620/1872
f 1285/1600/1853 1286/1601/1854 1306/1622/1874 1305/1621/1873
f 1286/1601/1854 1287/1602/1855 1307/1623/1875 1306/1622/1874
f 1287/1602/1855 1288/1603/1856 1308/1624/1876 1307/1623/1875
f 1288/1603/1856 1289/1604/1857 1309/1625/1877 1308/1624/1876
f 1289/1604/1857 1290/1605/1858 1310/1626/1878 1309/1625/1877
f 1290/1605/1858 1291/1606/1859 1311/1627/1879 1310/1626/1878
f 1291/1606/1859 1292/1607/1860 1312/1628/1880 1311/1627/1879
f 1292/1607/1860 1273/1608/1842 1293/1629/1862 1312/1628/1880
f 1293/1609/1862 1294/1610/1861 1314/1631/1881 1313/1630/1882
f 1294/1610/1861 1295/1611/1863 1315/1632/1883 1314/1631/1881
f 1295/1611/1863 1296/1612/1864 1316/1633/1884 1315/1632/1883
f 1296/1612/1864 1297/1613/1865 1317/1634/1885 1316/1633/1884
f 1297/1613/1865 1298/1614/1866 1318/1635/1886 1317/1634/1885
f 1298/1614/1866 1299/1615/1867 1319/1636/1887 1318/1635/1886
f 1299/1615/1867 1300/1616/1868 1320/1637/1888 1319/1636/1887
f 1300/1616/1868 1301/1617/1869 1321/1638/1889 1320/1637/1888
f 1301/1617/1869 1302/1618/1870 1322/1639/1890 1321/1638/1889
f 1302/1618/1870 1303/1619/1871 1323/1640/1891 1322/1639/1890
f 1303/1619/1871 1304/1620/1872 1324/1641/1892 1323/1640/1891
f 1304/1620/1872 1305/1621/1873 1325/1642/1893 1324/1641/1892
f 1305/1621/1873 1306/1622/1874 1326/1643/1894 1325/1642/1893
f 1306/1622/1874 1307/1623/1875 1327/1644/1895 1326/1643/1894
f 1307/1623/1875 1308/1624/1876 1328/1645/1896 1327/1644/1895
f 1308/1624/1876 1309/1625/1877 1329/1646/1897 1328/1645/1896
f 1309/1625/1877 1310/1626/1878 1330/1647/1898 1329/1646/1897
f 1310/1626/1878 1311/1627/1879 1331/1648/1899 1330/1647/1898
f 1311/1627/1879 1312/1628/1880 1332/1649/1900 1331/1648/1899
f 1312/1628/1880 1293/1629/1862 1313/1650/1882 1332/1649/1900
f 1313/1630/1882 1314/1631/1881 1334/1652/1901 1333/1651/1902
f 1314/1631/1881 1315/1632/1883 1335/1653/1903 1334/1652/1901
f 1315/1632/1883 1316/1633/1884 1336/1654/1904 1335/1653/1903
f 1316/1633/1884 1317/1634/1885 1337/1655/1905 1336/1654/1904
f 1317/1634/1885 1318/1635/1886 1338/1656/1906 1337/1655/1905
f 1318/1635/1886 1319/1636/1887 1339/1657/1907 1338/1656/1906
f 1319/1636/1887 1320/1637/1888 1340/1658/1908 1339/1657/1907
f 1320/1637/1888 1321/1638/1889 1341/1659/1909 1340/1658/1908
f 1321/1638/1889 1322/1639/1890 1342/1660/1910 1341/1659/1909
f 1322/1639/1890 1323/1640/1891 1343/1661/1911 1342/1660/1910
f 1323/1640/1891 1324/1641/1892 1344/1662/1912 1343/1661/1911
f 1324/1641/1892 1325/1642/1893 1345/1663/1913 1344/1662/1912
f 1325/1642/1893 1326/1643/1894 1346/1664/1914 1345/1663/1913
f 1326/1643/1894 1327/1644/1895 1347/1665/1915 1346/1664/1914
f 1327/1644/1895 1328/1645/1896 1348/1666/1916 1347/1665/1915
f 1328/1645/1896 1329/1646/1897 1349/1667/1917 1348/1666/1916
f 1329/1646/1897 1330/1647/1898 1350/1668/1918 1349/1667/1917
f 1330/1647/1898 1331/1648/1899 1351/1669/1919 1350/1668/1918
f 1331/1648/1899 1332/1649/1900 1352/1670/1920 1351/1669/1919
f 1332/1649/1900 1313/1650/1882 1333/1671/1902 1352/1670/1920
f 1333/1651/1902 1334/1652/1901 1354/1673/1921 1353/1672/1922
f 1334/1652/1901 1335/1653/1903 1355/1674/1923 1354/1673/1921
f 1335/1653/1903 1336/1654/1904 1356/1675/1924 1355/1674/1923
f 1336/1654/1904 1337/1655/1905 1357/1676/1925 1356/1675/1924
f 1337/1655/1905 1338/1656/1906 1358/1677/1926 1357/1676/1925
f 1338/1656/1906 1339/1657/1907 1359/1678/1927 1358/1677/1926
f 1339/1657/1907 1340/1658/1908 1360/1679/1928 1359/1678/1927
f 1340/1658/1908 1341/1659/1909 1361/1680/1929 1360/1679/1928
f 1341/1659/1909 1342/1660/1910 1362/1681/1930 1361/1680/1929
f 1342/1660/1910 1343/1661/1911 1363/1682/1931 1362/1681/1930
f 1343/1661/1911 1344/1662/1912 1364/1683/1932 1363/1682/1931
f 1344/1662/1912 1345/1663/1913 1365/1684/1933 1364/1683/1932
f 1345/1663/1913 1346/1664/1914 1366/1685/1934 1365/1684/1933
f 1346/1664/1914 1347/1665/1915 1367/1686/1935 1366/1685/1934
f 1347/1665/1915 1348/1666/1916 1368/1687/1936 1367/1686/1935
f 1348/1666/1916 1349/1667/1917 1369/1688/1937 1368/1687/1936
f 1349/1667/1917 1350/1668/1918 1370/1689/1938 1369/1688/1937
f 1350/1668/1918 1351/1669/1919 1371/1690/1939 1370/1689/1938
f 1351/1669/1919 1352/1670/1920 1372/1691/1940 1371/1690/1939
f 1352/1670/1920 1333/1671/1902 1353/1692/1922 1372/1691/1940
f 1353/1672/1922 1354/1673/1921 1374/1694/1941 1373/1693/1942
f 1354/1673/1921 1355/1674/1923 1375/1695/1943 1374/1694/1941
f 1355/1674/1923 1356/1675/1924 1376/1696/1944 1375/1695/1943
f 1356/1675/1924 1357/1676/1925 1377/1697/1945 1376/1696/1944
f 1357/1676/1925 1358/1677/1926 1378/1698/1946 1377/1697/1945
f 1358/1677/1926 1359/1678/1927 1379/1699/1947 1378/1698/1946
f 1359/1678/1927 1360/1679/1928 1380/1700/1948 1379/1699/1947
f 1360/1679/1928 1361/1680/1929 1381/1701/1949 1380/1700/1948
f 1361/1680/1929 1362/1681/1930 1382/1702/1950 1381/1701/1949
f 1362/1681/1930 1363/1682/1931 1383/1703/1951 1382/1702/1950
f 1363/1682/1931 1364/1683/1932 1384/1704/1952 1383/1703/1951
f 1364/1683/1932 1365/1684/1933 1385/1705/1953 1384/1704/1952
f 1365/1684/1933 1366/1685/1934 1386/1706/1954 1385/1705/1953
f 1366/1685/1934 1367/1686/1935 1387/1707/1955 1386/1706/1954
f 1367/1686/1935 1368/1687/1936 1388/1708/1956 1387/1707/1955
f 1368/1687/1936 1369/1688/1937 1389/1709/1957 1388/1708/1956
f 1369/1688/1937 1370/1689/1938 1390/1710/1958 1389/1709/1957
f 1370/1689/1938 1371/1690/1939 1391/1711/1959 1390/1710/1958
f 1371/1690/1939 1372/1691/1940 1392/1712/1960 1391/1711/1959
f 1372/1691/1940 1353/1692/1922 1373/1713/1942 1392/1712/1960
f 1373/1693/1942 1374/1694/1941 1394/1715/1961 1393/1714/1962
f 1374/1694/1941 1375/1695/1943 1395/1716/1963 1394/1715/1961
f 1375/1695/1943 1376/1696/1944 1396/1717/1964 1395/1716/1963
f 1376/1696/1944 1377/1697/1945 1397/1718/1965 1396/1717/1964
f 1377/1697/1945 1378/1698/1946 1398/1719/1966 1397/1718/1965
f 1378/1698/1946 1379/1699/1947 1399/1720/1967 1398/1719/1966
f 1379/1699/1947 1380/1700/1948 1400/1721/1968 1399/1720/1967
f 1380/1700/1948 1381/1701/1949 1401/1722/1969 1400/1721/1968
f 1381/1701/1949 1382/1702/1950 1402/1723/1970 1401/1722/1969
f 1382/1702/1950 1383/1703/1951 1403/1724/1971 1402/1723/1970
f 1383/1703/1951 1384/1704/1952 1404/1725/1972 1403/1724/1971
f 1384/1704/1952 1385/1705/1953 1405/1726/1973 1404/1725/1972
f 1385/1705/1953 1386/1706/1954 1406/1727/1974 1405/1726/1973
f 1386/1706/1954 1387/1707/1955 1407/1728/1975 1406/1727/1974
f 1387/1707/1955 1388/1708/1956 1408/1729/1976 1407/1728/1975
f 1388/1708/1956 1389/1709/1957 1409/1730/1977 1408/1729/1976
f 1389/1709/1957 1390/1710/1958 1410/1731/1978 1409/1730/1977
f 1390/1710/1958 1391/1711/1959 1411/1732/1979 1410/1731/1978
f 1391/1711/1959 1392/1712/1960 1412/1733/1980 1411/1732/1979
f 1392/1712/1960 1373/1713/1942 1393/1734/1962 1412/1733/1980
f 1393/1714/1962 1394/1715/1961 1414/1736/1981 1413/1735/1982
f 1394/1715/1961 1395/1716/1963 1415/1737/1983 1414/1736/1981
f 1395/1716/1963 1396/1717/1964 1416/1738/1984 1415/1737/1983
f 1396/1717/1964 1397/1718/1965 1417/1739/1985 1416/1738/1984
f 1397/1718/1965 1398/1719/1966 1418/1740/1986 1417/1739/1985
f 1398/1719/1966 1399/1720/1967 1419/1741/1987 1418/1740/1986
f 1399/1720/1967 1400/1721/1968 1420/1742/1988 1419/1741/1987
f 1400/1721/1968 1401/1722/1969 1421/1743/1989 1420/1742/1988
f 1401/1722/1969 1402/1723/1970 1422/1744/1990 1421/1743/1989
f 1402/1723/1970 1403/1724/1971 1423/1745/1991 1422/1744/1990
f 1403/1724/1971 1404/1725/1972 1424/1746/1992 1423/1745/1991
f 1404/1725/1972 1405/1726/1973 1425/1747/1993 1424/1746/1992
f 1405/1726/1973 1406/1727/1974 1426/1748/1994 1425/1747/1993
f 1406/1727/1974 1407/1728/1975 1427/1749/1995 1426/1748/1994
f 1407/1728/1975 1408/1729/1976 1428/1750/1996 1427/1749/1995
f 1408/1729/1976 1409/1730/1977 1429/1751/1997 1428/1750/1996
f 1409/1730/1977 1410/1731/1978 1430/1752/1998 1429/1751/1997
f 1410/1731/1978 1411/1732/1979 1431/1753/1999 1430/1752/1998
f 1411/1732/1979 1412/1733/1980 1432/1754/2000 1431/1753/1999
f 1412/1733/1980 1393/1734/1962 1413/1755/1982 1432/1754/2000
f 1413/1735/1982 1414/1736/1981 1434/1757/2001 1433/1756/2002
f 1414/1736/1981 1415/1737/1983 1435/1758/2003 1434/1757/2001
f 1415/1737/1983 1416/1738/1984 1436/1759/2004 1435/1758/2003
f 1416/1738/1984 1417/1739/1985 1437/1760/2005 1436/1759/2004
f 1417/1739/1985 1418/1740/1986 1438/1761/2006 1437/1760/2005
f 1418/1740/1986 1419/1741/1987 1439/1762/2007 1438/1761/2006
f 1419/1741/1987 1420/1742/1988 1440/1763/2008 1439/1762/2007
f 1420/1742/1988 1421/1743/1989 1441/1764/2009 1440/1763/2008
f 1421/1743/1989 1422/1744/1990 1442/1765/2010 1441/1764/2009
f 1422/1744/1990 1423/1745/1991 1443/1766/2011 1442/1765/2010
f 1423/1745/1991 1424/1746/1992 1444/1767/2012 1443/1766/2011
f 1424/1746/1992 1425/1747/1993 1445/1768/2013 1444/1767/2012
f 1425/1747/1993 1426/1748/1994 1446/1769/2014 1445/1768/2013
f 1426/1748/1994 1427/1749/1995 1447/1770/2015 1446/1769/2014
f 1427/1749/1995 1428/1750/1996 1448/1771/2016 1447/1770/2015
f 1428/1750/1996 1429/1751/1997 1449/1772/2017 1448/1771/2016
f 1429/1751/1997 1430/1752/1998 1450/1773/2018 1449/1772/2017
f 1430/1752/1998 1431/1753/1999 1451/1774/2019 1450/1773/2018
f 1431/1753/1999 1432/1754/2000 1452/1775/2020 1451/1774/2019
f 1432/1754/2000 1413/1755/1982 1433/1776/2002 1452/1775/2020
f 1433/1756/2002 1434/1757/2001 1454/1778/2021 1453/1777/2022
f 1434/1757/2001 1435/1758/2003 1455/1779/2023 1454/1778/2021
f 1435/1758/2003 1436/1759/2004 1456/1780/2024 1455/1779/2023
f 1436/1759/2004 1437/1760/2005 1457/1781/2025 1456/1780/2024
f 1437/1760/2005 1438/1761/2006 1458/1782/2026 1457/1781/2025
f 1438/1761/2006 1439/1762/2007 1459/1783/2027 1458/1782/2026
f 1439/1762/2007 1440/1763/2008 1460/1784/2028 1459/1783/2027
f 1440/1763/2008 1441/1764/2009 1461/1785/2029 1460/1784/2028
f 1441/1764/2009 1442/1765/2010 1462/1786/2030 1461/1785/2029
f 1442/1765/2010 1443/1766/2011 1463/1787/2031 1462/1786/2030
f 1443/1766/2011 1444/1767/2012 1464/1788/2032 1463/1787/2031
f 1444/1767/2012 1445/1768/2013 1465/1789/2033 1464/1788/2032
f 1445/1768/2013 1446/1769/2014 1466/1790/2034 1465/1789/2033
f 1446/1769/2014 1447/1770/2015 1467/1791/2035 1466/1790/2034
f 1447/1770/2015 1448/1771/2016 1468/1792/2036 1467/1791/2035
f 1448/1771/2016 1449/1772/2017 1469/1793/2037 1468/1792/2036
f 1449/1772/2017 1450/1773/2018 1470/1794/2038 1469/1793/2037
f 1450/1773/2018 1451/1774/2019 1471/1795/2039 1470/1794/2038
f 1451/1774/2019 1452/1775/2020 1472/1796/2040 1471/1795/2039
f 1452/1775/2020 1433/1776/2002 1453/1797/2022 1472/1796/2040
f 1453/1777/2022 1454/1778/2021 1474/1799/2041 1473/1798/2042
f 1454/1778/2021 1455/1779/2023 1475/1800/2043 1474/1799/2041
f 1455/1779/2023 1456/1780/2024 1476/1801/2044 1475/1800/2043
f 1456/1780/2024 1457/1781/2025 1477/1802/2045 1476/1801/2044
f 1457/1781/2025 1458/1782/2026 1478/1803/2046 1477/1802/2045
f 1458/1782/2026 1459/1783/2027 1479/1804/2047 1478/1803/2046
f 1459/1783/2027 1460/1784/2028 1480/1805/2048 1479/1804/2047
f 1460/1784/2028 1461/1785/2029 1481/1806/2049 1480/1805/2048
f 1461/1785/2029 1462/1786/2030 1482/1807/2050 1481/1806/2049
f 1462/1786/2030 1463/1787/2031 1483/1808/2051 1482/1807/2050
f 1463/1787/2031 1464/1788/2032 1484/1809/2052 1483/1808/2051
f 1464/1788/2032 1465/1789/2033 1485/1810/2053 1484/1809/2052
f 1465/1789/2033 1466/1790/2034 1486/1811/2054 1485/1810/2053
f 1466/1790/2034 1467/1791/2035 1487/1812/2055 1486/1811/2054
f 1467/1791/2035 1468/1792/2036 1488/1813/2056 1487/1812/2055
f 1468/1792/2036 1469/1793/2037 1489/1814/2057 1488/1813/2056
f 1469/1793/2037 1470/1794/2038 1490/1815/2058 1489/1814/2057
f 1470/1794/2038 1471/1795/2039 1491/1816/2059 1490/1815/2058
f 1471/1795/2039 1472/1796/2040 1492/1817/2060 1491/1816/2059
f 1472/1796/2040 1453/1797/2022 1473/1818/2042 1492/1817/2060
f 1473/1798/2042 1474/1799/2041 1494/1820/2061 1493/1819/2062
f 1474/1799/2041 1475/1800/2043 1495/1821/2063 1494/1820/2061
f 1475/1800/2043 1476/1801/2044 1496/1822/2064 1495/1821/2063
f 1476/1801/2044 1477/1802/2045 1497/1823/2065 1496/1822/2064
f 1477/1802/2045 1478/1803/2046 1498/1824/2066 1497/1823/2065
f 1478/1803/2046 1479/1804/2047 1499/1825/2067 1498/1824/2066
f 1479/1804/2047 1480/1805/2048 1500/1826/2068 1499/1825/2067
f 1480/1805/2048 1481/1806/2049 1501/1827/2069 1500/1826/2068
f 1481/1806/2049 1482/1807/2050 1502/1828/2070 1501/1827/2069
f 1482/1807/2050 1483/1808/2051 1503/1829/2071 1502/1828/2070
f 1483/1808/2051 1484/1809/2052 1504/1830/2072 1503/1829/2071
f 1484/1809/2052 1485/1810/2053 1505/1831/2073 1504/1830/2072
f 1485/1810/2053 1486/1811/2054 1506/1832/2074 1505/1831/2073
f 1486/1811/2054 1487/1812/2055 1507/1833/2075 1506/1832/2074
f 1487/1812/2055 1488/1813/2056 1508/1834/2076 1507/1833/2075
f 1488/1813/2056 1489/1814/2057 1509/1835/2077 1508/1834/2076
f 1489/1814/2057 1490/1815/2058 1510/1836/2078 1509/1835/2077
f 1490/1815/2058 1491/1816/2059 1511/1837/2079 1510/1836/2078
f 1491/1816/2059 1492/1817/2060 1512/1838/2080 1511/1837/2079
f 1492/1817/2060 1473/1818/2042 1493/1839/2062 1512/1838/2080
f 1493/1819/2062 1494/1820/2061 1514/1841/2081 1513/1840/2082
f 1494/1820/2061 1495/1821/2063 1515/1842/2083 1514/1841/2081
f 1495/1821/2063 1496/1822/2064 1516/1843/2084 1515/1842/2083
f 1496/1822/2064 1497/1823/2065 1517/1844/2085 1516/1843/2084
f 1497/1823/2065 1498/1824/2066 1518/1845/2086 1517/1844/2085
f 1498/1824/2066 1499/1825/2067 1519/1846/2087 1518/1845/2086
f 1499/1825/2067 1500/1826/2068 1520/1847/2088 1519/1846/2087
f 1500/1826/2068 1501/1827/2069 1521/1848/2089 1520/1847/2088
f 1501/1827/2069 1502/1828/2070 1522/1849/2090 1521/1848/2089
f 1502/1828/2070 1503/1829/2071 1523/1850/2091 1522/1849/2090
f 1503/1829/2071 1504/1830/2072 1524/1851/2092 1523/1850/2091
f 1504/1830/2072 1505/1831/2073 1525/1852/2093 1524/1851/2092
f 1505/1831/2073 1506/1832/2074 1526/1853/2094 1525/1852/2093
f 1506/1832/2074 1507/1833/2075 1527/1854/2095 1526/1853/2094
f 1507/1833/2075 1508/1834/2076 1528/1855/2096 1527/1854/2095
f 1508/1834/2076 1509/1835/2077 1529/1856/2097 1528/1855/2096
f 1509/1835/2077 1510/1836/2078 1530/1857/2098 1529/1856/2097
f 1510/1836/2078 1511/1837/2079 1531/1858/2099 1530/1857/2098
f 1511/1837/2079 1512/1838/2080 1532/1859/2100 1531/1858/2099
f 1512/1838/2080 1493/1839/2062 1513/1860/2082 1532/1859/2100
f 1513/1840/2082 1514/1841/2081 1534/1862/2101 1533/1861/2102
f 1514/1841/2081 1515/1842/2083 1535/1863/2103 1534/1862/2101
f 1515/1842/2083 1516/1843/2084 1536/1864/2104 1535/1863/2103
f 1516/1843/2084 1517/1844/2085 1537/1865/2105 1536/1864/2104
f 1517/1844/2085 1518/1845/2086 1538/1866/2106 1537/1865/2105
f 1518/1845/2086 1519/1846/2087 1539/1867/2107 1538/1866/2106
f 1519/1846/2087 1520/1847/2088 1540/1868/2108 1539/1867/2107
f 1520/1847/2088 1521/1848/2089 1541/1869/2109 1540/1868/2108
f 1521/1848/2089 1522/1849/2090 1542/1870/2110 1541/1869/2109
f 1522/1849/2090 1523/1850/2091 1543/1871/2111 1542/1870/2110
f 1523/1850/2091 1524/1851/2092 1544/1872/2112 1543/1871/2111
f 1524/1851/2092 1525/1852/2093 1545/1873/2113 1544/1872/2112
f 1525/1852/2093 1526/1853/2094 1546/1874/2114 1545/1873/2113
f 1526/1853/2094 1527/1854/2095 1547/1875/2115 1546/1874/2114
f 1527/1854/2095 1528/1855/2096 1548/1876/2116 1547/1875/2115
f 1528/1855/2096 1529/1856/2097 1549/1877/2117 1548/1876/2116
f 1529/1856/2097 1530/1857/2098 1550/1878/2118 1549/1877/2117
f 1530/1857/2098 1531/1858/2099 1551/1879/2119 1550/1878/2118
f 1531/1858/2099 1532/1859/2100 1552/1880/2120 1551/1879/2119
f 1532/1859/2100 1513/1860/2082 1533/1881/2102 1552/1880/2120
f 1174/1484/1742 1173/1483/1741 1553/1882/2121
f 1175/1485/1745 1174/1484/1742 1553/1883/2121
f 1176/1486/1747 1175/1485/1745 1553/1884/2121
f 1177/1487/1749 1176/1486/1747 1553/1885/2121
f 1178/1488/1751 1177/1487/1749 1553/1886/2121
f 1179/1489/1753 1178/1488/1751 1553/1887/2121
f 1180/1490/1755 1179/1489/1753 1553/1888/2121
f 1181/1491/1757 1180/1490/1755 1553/1889/2121
f 1182/1492/1759 1181/1491/1757 1553/1890/2121
f 1183/1493/1761 1182/1492/1759 1553/1891/2121
f 1184/1494/1763 1183/1493/1761 1553/1892/2121
f 1185/1495/1765 1184/1494/1763 1553/1893/2121
f 1186/1496/1767 1185/1495/1765 1553/1894/2121
f 1187/1497/1769 1186/1496/1767 1553/1895/2121
f 1188/1498/1771 1187/1497/1769 1553/1896/2121
f 1189/1499/1773 1188/1498/1771 1553/1897/2121
f 1190/1500/1775 1189/1499/1773 1553/1898/2121
f 1191/1501/1777 1190/1500/1775 1553/1899/2121
f 1192/1502/1779 1191/1501/1777 1553/1900/2121
f 1173/1503/1741 1192/1502/1779 1553/1901/2121
f 1533/1861/2102 1534/1862/2101 1554/1902/2122
f 1534/1862/2101 1535/1863/2103 1554/1903/2122
f 1535/1863/2103 1536/1864/2104 1554/1904/2122
f 1536/1864/2104 1537/1865/2105 1554/1905/2122
f 1537/1865/2105 1538/1866/2106 1554/1906/2122
f 1538/1866/2106 1539/1867/2107 1554/1907/2122
f 1539/1867/2107 1540/1868/2108 1554/1908/2122
f 1540/1868/2108 1541/1869/2109 1554/1909/2122
f 1541/1869/2109 1542/1870/2110 1554/1910/2122
f 1542/1870/2110 1543/1871/2111 1554/1911/2122
f 1543/1871/2111 1544/1872/2112 1554/1912/2122
f 1544/1872/2112 1545/1873/2113 1554/1913/2122
f 1545/1873/2113 1546/1874/2114 1554/1914/2122
f 1546/1874/2114 1547/1875/2115 1554/1915/2122
f 1547/1875/2115 1548/1876/2116 1554/1916/2122
f 1548/1876/2116 1549/1877/2117 1554/1917/2122
f 1549/1877/2117 1550/1878/2118 1554/1918/2122
f 1550/1878/2118 1551/1879/2119 1554/1919/2122
f 1551/1879/2119 1552/1880/2120 1554/1920/2122
f 1552/1880/2120 1533/1881/2102 1554/1921/2122
g default
v -44.553666 27.036935 32.396808
v -44.620325 27.036935 32.309590
v -44.724150 27.036935 32.240373
v -44.854977 27.036935 32.195934
v -45.000000 27.036935 32.180621
v -45.145023 27.036935 32.195934
v -45.275850 27.036935 32.240373
v -45.379675 27.036935 32.309590
v -45.446334 27.036935 32.396808
v -45.469304 27.036935 32.493490
v -45.446334 27.036935 32.590172
v -45.379675 27.036935 32.677390
v -45.275850 27.036935 32.746606
v -45.145023 27.036935 32.791046
v -45.000000 27.036935 32.806359
v -44.854977 27.036935 32.791046
v -44.724150 27.036935 32.746606
v -44.620326 27.036935 32.677390
v -44.553666 27.036935 32.590172
v -44.530697 27.036935 32.493490
v -44.118322 27.146830 32.302507
v -44.249999 27.146830 32.130218
v -44.455093 27.146830 31.993490
v -44.713525 27.146830 31.905704
v -45.000000 27.146830 31.875456
v -45.286475 27.146830 31.905704
v -45.544907 27.146830 31.993490
v -45.750000 27.146830 32.130219
v -45.881678 27.146830 32.302507
v -45.927051 27.146830 32.493490
v -45.881678 27.146830 32.684473
v -45.750000 27.146830 32.856761
v -45.544907 27.146830 32.993490
v -45.286475 27.146830 33.081275
v -45.000000 27.146830 33.111524
v -44.713526 27.146830 33.081275
v -44.455093 27.146830 32.993490
v -44.250000 27.146830 32.856761
v -44.118322 27.146830 32.684473
v -44.072949 27.146830 32.493490
v -43.704687 27.326980 32.212908
v -43.898141 27.326980 31.959792
v -44.199453 27.326980 31.758917
v -44.579127 27.326980 31.629948
v -45.000000 27.326980 31.585508
v -45.420873 27.326980 31.629948
v -45.800547 27.326980 31.758918
v -46.101858 27.326980 31.959792
v -46.295312 27.326980 32.212908
v -46.361972 27.326980 32.493490
v -46.295312 27.326980 32.774072
v -46.101858 27.326980 33.027188
v -45.800547 27.326980 33.228062
v -45.420872 27.326980 33.357031
v -45.000000 27.326980 33.401471
v -44.579128 27.326980 33.357031
v -44.199453 27.326980 33.228062
v -43.898142 27.326980 33.027188
v -43.704688 27.326980 32.774071
v -43.638028 27.326980 32.493490
v -43.322948 27.572949 32.130218
v -43.573414 27.572949 31.802506
v -43.963525 27.572949 31.542433
v -44.455093 27.572949 31.375455
v -45.000000 27.572949 31.317919
v -45.544907 27.572949 31.375455
v -46.036475 27.572949 31.542433
v -46.426585 27.572949 31.802507
v -46.677051 27.572949 32.130219
v -46.763356 27.572949 32.493490
v -46.677051 27.572949 32.856761
v -46.426585 27.572949 33.184473
v -46.036475 27.572949 33.444547
v -45.544907 27.572949 33.611524
v -45.000000 27.572949 33.669060
v -44.455093 27.572949 33.611524
v -43.963526 27.572949 33.444546
v -43.573415 27.572949 33.184473
v -43.322949 27.572949 32.856761
v -43.236644 27.572949 32.493490
v -42.982503 27.878680 32.056474
v -43.283815 27.878680 31.662236
v -43.753118 27.878680 31.349366
v -44.344476 27.878680 31.148492
v -45.000000 27.878680 31.079276
v -45.655524 27.878680 31.148492
v -46.246881 27.878680 31.349367
v -46.716185 27.878680 31.662236
v -47.017496 27.878680 32.056474
v -47.121321 27.878680 32.493490
v -47.017496 27.878680 32.930506
v -46.716185 27.878680 33.324744
v -46.246881 27.878680 33.637613
v -45.655524 27.878680 33.838487
v -45.000000 27.878680 33.907704
v -44.344476 27.878680 33.838487
v -43.753119 27.878680 33.637613
v -43.283816 27.878680 33.324744
v -42.982504 27.878680 32.930506
v -42.878680 27.878680 32.493490
v -42.691736 28.236644 31.993490
v -43.036473 28.236644 31.542433
v -43.573414 28.236644 31.184472
v -44.250000 28.236644 30.954647
v -45.000000 28.236644 30.875455
v -45.750000 28.236644 30.954647
v -46.426585 28.236644 31.184472
v -46.963526 28.236644 31.542433
v -47.308263 28.236644 31.993490
v -47.427052 28.236644 32.493490
v -47.308263 28.236644 32.993490
v -46.963526 28.236644 33.444547
v -46.426585 28.236644 33.802507
v -45.750000 28.236644 34.032332
v -45.000000 28.236644 34.111524
v -44.250000 28.236644 34.032332
v -43.573415 28.236644 33.802507
v -43.036474 28.236644 33.444546
v -42.691737 28.236644 32.993490
v -42.572949 28.236644 32.493490
v -42.457806 28.638028 31.942817
v -42.837480 28.638028 31.446048
v -43.428838 28.638028 31.051810
v -44.173991 28.638028 30.798694
v -45.000000 28.638028 30.711476
v -45.826009 28.638028 30.798694
v -46.571162 28.638028 31.051811
v -47.162519 28.638028 31.446049
v -47.542193 28.638028 31.942817
v -47.673020 28.638028 32.493490
v -47.542193 28.638028 33.044162
v -47.162519 28.638028 33.540931
v -46.571162 28.638028 33.935169
v -45.826009 28.638028 34.188285
v -45.000000 28.638028 34.275503
v -44.173992 28.638028 34.188285
v -43.428838 28.638028 33.935169
v -42.837482 28.638028 33.540931
v -42.457807 28.638028 33.044162
v -42.326980 28.638028 32.493490
v -42.286473 29.072949 31.905704
v -42.691736 29.072949 31.375455
v -43.322948 29.072949 30.954647
v -44.118322 29.072949 30.684472
v -45.000000 29.072949 30.591376
v -45.881678 29.072949 30.684472
v -46.677052 29.072949 30.954647
v -47.308263 29.072949 31.375456
v -47.713526 29.072949 31.905704
v -47.853170 29.072949 32.493490
v -47.713526 29.072949 33.081275
v -47.308263 29.072949 33.611524
v -46.677051 29.072949 34.032332
v -45.881678 29.072949 34.302507
v -45.000000 29.072949 34.395603
v -44.118322 29.072949 34.302507
v -43.322949 29.072949 34.032332
v -42.691737 29.072949 33.611524
v -42.286474 29.072949 33.081275
v -42.146830 29.072949 32.493490
v -42.181956 29.530697 31.883065
v -42.602828 29.530697 31.332392
v -43.258353 29.530697 30.895376
v -44.084362 29.530697 30.614794
v -45.000000 29.530697 30.518112
v -45.915638 29.530697 30.614794
v -46.741647 29.530697 30.895376
v -47.397171 29.530697 31.332392
v -47.818043 29.530697 31.883065
v -47.963066 29.530697 32.493490
v -47.818043 29.530697 33.103915
v -47.397170 29.530697 33.654587
v -46.741646 29.530697 34.091603
v -45.915638 29.530697 34.372185
v -45.000000 29.530697 34.468867
v -44.084363 29.530697 34.372185
v -43.258354 29.530697 34.091603
v -42.602830 29.530697 33.654587
v -42.181957 29.530697 33.103915
v -42.036935 29.530697 32.493490
v -42.146829 30.000000 31.875456
v -42.572947 30.000000 31.317919
v -43.236643 30.000000 30.875455
v -44.072949 30.000000 30.591376
v -45.000000 30.000000 30.493489
v -45.927051 30.000000 30.591376
v -46.763356 30.000000 30.875455
v -47.427052 30.000000 31.317919
v -47.853170 30.000000 31.875456
v -48.000001 30.000000 32.493490
v -47.853170 30.000000 33.111524
v -47.427052 30.000000 33.669061
v -46.763356 30.000000 34.111524
v -45.927051 30.000000 34.395603
v -45.000000 30.000000 34.493490
v -44.072949 30.000000 34.395603
v -43.236644 30.000000 34.111524
v -42.572949 30.000000 33.669060
v -42.146830 30.000000 33.111524
v -42.000000 30.000000 32.493490
v -42.181956 30.469303 31.883065
v -42.602828 30.469303 31.332392
v -43.258353 30.469303 30.895376
v -44.084362 30.469303 30.614794
v -45.000000 30.469303 30.518112
v -45.915638 30.469303 30.614794
v -46.741647 30.469303 30.895376
v -47.397171 30.469303 31.332392
v -47.818043 30.469303 31.883065
v -47.963066 30.469303 32.493490
v -47.818043 30.469303 33.103915
v -47.397170 30.469303 33.654587
v -46.741646 30.469303 34.091603
v -45.915638 30.469303 34.372185
v -45.000000 30.469303 34.468867
v -44.084363 30.469303 34.372185
v -43.258354 30.469303 34.091603
v -42.602830 30.469303 33.654587
v -42.181957 30.469303 33.103915
v -42.036935 30.469303 32.493490
v -42.286473 30.927051 31.905704
v -42.691736 30.927051 31.375455
v -43.322948 30.927051 30.954647
v -44.118322 30.927051 30.684472
v -45.000000 30.927051 30.591376
v -45.881678 30.927051 30.684472
v -46.677052 30.927051 30.954647
v -47.308263 30.927051 31.375456
v -47.713526 30.927051 31.905704
v -47.853170 30.927051 32.493490
v -47.713526 30.927051 33.081275
v -47.308263 30.927051 33.611524
v -46.677051 30.927051 34.032332
v -45.881678 30.927051 34.302507
v -45.000000 30.927051 34.395603
v -44.118322 30.927051 34.302507
v -43.322949 30.927051 34.032332
v -42.691737 30.927051 33.611524
v -42.286474 30.927051 33.081275
v -42.146830 30.927051 32.493490
v -42.457806 31.361972 31.942817
v -42.837480 31.361972 31.446048
v -43.428838 31.361972 31.051810
v -44.173991 31.361972 30.798694
v -45.000000 31.361972 30.711476
v -45.826009 31.361972 30.798694
v -46.571162 31.361972 31.051811
v -47.162519 31.361972 31.446049
v -47.542193 31.361972 31.942817
v -47.673020 31.361972 32.493490
v -47.542193 31.361972 33.044162
v -47.162519 31.361972 33.540931
v -46.571162 31.361972 33.935169
v -45.826009 31.361972 34.188285
v -45.000000 31.361972 34.275503
v -44.173992 31.361972 34.188285
v -43.428838 31.361972 33.935169
v -42.837482 31.361972 33.540931
v -42.457807 31.361972 33.044162
v -42.326980 31.361972 32.493490
v -42.691736 31.763356 31.993490
v -43.036473 31.763356 31.542433
v -43.573414 31.763356 31.184472
v -44.250000 31.763356 30.954647
v -45.000000 31.763356 30.875455
v -45.750000 31.763356 30.954647
v -46.426585 31.763356 31.184472
v -46.963526 31.763356 31.542433
v -47.308263 31.763356 31.993490
v -47.427052 31.763356 32.493490
v -47.308263 31.763356 32.993490
v -46.963526 31.763356 33.444547
v -46.426585 31.763356 33.802507
v -45.750000 31.763356 34.032332
v -45.000000 31.763356 34.111524
v -44.250000 31.763356 34.032332
v -43.573415 31.763356 33.802507
v -43.036474 31.763356 33.444546
v -42.691737 31.763356 32.993490
v -42.572949 31.763356 32.493490
v -42.982503 32.121320 32.056474
v -43.283815 32.121320 31.662236
v -43.753118 32.121320 31.349366
v -44.344476 32.121320 31.148492
v -45.000000 32.121320 31.079276
v -45.655524 32.121320 31.148492
v -46.246881 32.121320 31.349367
v -46.716185 32.121320 31.662236
v -47.017496 32.121320 32.056474
v -47.121321 32.121320 32.493490
v -47.017496 32.121320 32.930506
v -46.716185 32.121320 33.324744
v -46.246881 32.121320 33.637613
v -45.655524 32.121320 33.838487
v -45.000000 32.121320 33.907704
v -44.344476 32.121320 33.838487
v -43.753119 32.121320 33.637613
v -43.283816 32.121320 33.324744
v -42.982504 32.121320 32.930506
v -42.878680 32.121320 32.493490
v -43.322948 32.427051 32.130218
v -43.573414 32.427051 31.802506
v -43.963525 32.427051 31.542433
v -44.455093 32.427051 31.375455
v -45.000000 32.427051 31.317919
v -45.544907 32.427051 31.375455
v -46.036475 32.427051 31.542433
v -46.426585 32.427051 31.802507
v -46.677051 32.427051 32.130219
v -46.763356 32.427051 32.493490
v -46.677051 32.427051 32.856761
v -46.426585 32.427051 33.184473
v -46.036475 32.427051 33.444547
v -45.544907 32.427051 33.611524
v -45.000000 32.427051 33.669060
v -44.455093 32.427051 33.611524
v -43.963526 32.427051 33.444546
v -43.573415 32.427051 33.184473
v -43.322949 32.427051 32.856761
v -43.236644 32.427051 32.493490
v -43.704687 32.673020 32.212908
v -43.898141 32.673020 31.959792
v -44.199453 32.673020 31.758917
v -44.579127 32.673020 31.629948
v -45.000000 32.673020 31.585508
v -45.420873 32.673020 31.629948
v -45.800547 32.673020 31.758918
v -46.101858 32.673020 31.959792
v -46.295312 32.673020 32.212908
v -46.361972 32.673020 32.493490
v -46.295312 32.673020 32.774072
v -46.101858 32.673020 33.027188
v -45.800547 32.673020 33.228062
v -45.420872 32.673020 33.357031
v -45.000000 32.673020 33.401471
v -44.579128 32.673020 33.357031
v -44.199453 32.673020 33.228062
v -43.898142 32.673020 33.027188
v -43.704688 32.673020 32.774071
v -43.638028 32.673020 32.493490
v -44.118322 32.853170 32.302507
v -44.249999 32.853170 32.130218
v -44.455093 32.853170 31.993490
v -44.713525 32.853170 31.905704
v -45.000000 32.853170 31.875456
v -45.286475 32.853170 31.905704
v -45.544907 32.853170 31.993490
v -45.750000 32.853170 32.130219
v -45.881678 32.853170 32.302507
v -45.927051 32.853170 32.493490
v -45.881678 32.853170 32.684473
v -45.750000 32.853170 32.856761
v -45.544907 32.853170 32.993490
v -45.286475 32.853170 33.081275
v -45.000000 32.853170 33.111524
v -44.713526 32.853170 33.081275
v -44.455093 32.853170 32.993490
v -44.250000 32.853170 32.856761
v -44.118322 32.853170 32.684473
v -44.072949 32.853170 32.493490
v -44.553666 32.963065 32.396808
v -44.620325 32.963065 32.309590
v -44.724150 32.963065 32.240373
v -44.854977 32.963065 32.195934
v -45.000000 32.963065 32.180621
v -45.145023 32.963065 32.195934
v -45.275850 32.963065 32.240373
v -45.379675 32.963065 32.309590
v -45.446334 32.963065 32.396808
v -45.469304 32.963065 32.493490
v -45.446334 32.963065 32.590172
v -45.379675 32.963065 32.677390
v -45.275850 32.963065 32.746606
v -45.145023 32.963065 32.791046
v -45.000000 32.963065 32.806359
v -44.854977 32.963065 32.791046
v -44.724150 32.963065 32.746606
v -44.620326 32.963065 32.677390
v -44.553666 32.963065 32.590172
v -44.530697 32.963065 32.493490
v -45.000000 27.000000 32.493490
v -45.000000 33.000000 32.493490
vt 0.000000 0.050000
vt 0.050000 0.050000
vt 0.100000 0.050000
vt 0.150000 0.050000
vt 0.200000 0.050000
vt 0.250000 0.050000
vt 0.300000 0.050000
vt 0.350000 0.050000
vt 0.400000 0.050000
vt 0.450000 0.050000
vt 0.500000 0.050000
vt 0.550000 0.050000
vt 0.600000 0.050000
vt 0.650000 0.050000
vt 0.700000 0.050000
vt 0.750000 0.050000
vt 0.800000 0.050000
vt 0.850000 0.050000
vt 0.900000 0.050000
vt 0.950000 0.050000
vt 1.000000 0.050000
vt 0.000000 0.100000
vt 0.050000 0.100000
vt 0.100000 0.100000
vt 0.150000 0.100000
vt 0.200000 0.100000
vt 0.250000 0.100000
vt 0.300000 0.100000
vt 0.350000 0.100000
vt 0.400000 0.100000
vt 0.450000 0.100000
vt 0.500000 0.100000
vt 0.550000 0.100000
vt 0.600000 0.100000
vt 0.650000 0.100000
vt 0.700000 0.100000
vt 0.750000 0.100000
vt 0.800000 0.100000
vt 0.850000 0.100000
vt 0.900000 0.100000
vt 0.950000 0.100000
vt 1.000000 0.100000
vt 0.000000 0.150000
vt 0.050000 0.150000
vt 0.100000 0.150000
vt 0.150000 0.150000
vt 0.200000 0.150000
vt 0.250000 0.150000
vt 0.300000 0.150000
vt 0.350000 0.150000
vt 0.400000 0.150000
vt 0.450000 0.150000
vt 0.500000 0.150000
vt 0.550000 0.150000
vt 0.600000 0.150000
vt 0.650000 0.150000
vt 0.700000 0.150000
vt 0.750000 0.150000
vt 0.800000 0.150000
vt 0.850000 0.150000
vt 0.900000 0.150000
vt 0.950000 0.150000
vt 1.000000 0.150000
vt 0.000000 0.200000
vt 0.050000 0.200000
vt 0.100000 0.200000
vt 0.150000 0.200000
vt 0.200000 0.200000
vt 0.250000 0.200000
vt 0.300000 0.200000
vt 0.350000 0.200000
vt 0.400000 0.200000
vt 0.450000 0.200000
vt 0.500000 0.200000
vt 0.550000 0.200000
vt 0.600000 0.200000
vt 0.650000 0.200000
vt 0.700000 0.200000
vt 0.750000 0.200000
vt 0.800000 0.200000
vt 0.850000 0.200000
vt 0.900000 0.200000
vt 0.950000 0.200000
vt 1.000000 0.200000
vt 0.000000 0.250000
vt 0.050000 0.250000
vt 0.100000 0.250000
vt 0.150000 0.250000
vt 0.200000 0.250000
vt 0.250000 0.250000
vt 0.300000 0.250000
vt 0.350000 0.250000
vt 0.400000 0.250000
vt 0.450000 0.250000
vt 0.500000 0.250000
vt 0.550000 0.250000
vt 0.600000 0.250000
vt 0.650000 0.250000
vt 0.700000 0.250000
vt 0.750000 0.250000
vt 0.800000 0.250000
vt 0.850000 0.250000
vt 0.900000 0.250000
vt 0.950000 0.250000
vt 1.000000 0.250000
vt 0.000000 0.300000
vt 0.050000 0.300000
vt 0.100000 0.300000
vt 0.150000 0.300000
vt 0.200000 0.300000
vt 0.250000 0.300000
vt 0.300000 0.300000
vt 0.350000 0.300000
vt 0.400000 0.300000
vt 0.450000 0.300000
vt 0.500000 0.300000
vt 0.550000 0.300000
vt 0.600000 0.300000
vt 0.650000 0.300000
vt 0.700000 0.300000
vt 0.750000 0.300000
vt 0.800000 0.300000
vt 0.850000 0.300000
vt 0.900000 0.300000
vt 0.950000 0.300000
vt 1.000000 0.300000
vt 0.000000 0.350000
vt 0.050000 0.350000
vt 0.100000 0.350000
vt 0.150000 0.350000
vt 0.200000 0.350000
vt 0.250000 0.350000
vt 0.300000 0.350000
vt 0.350000 0.350000
vt 0.400000 0.350000
vt 0.450000 0.350000
vt 0.500000 0.350000
vt 0.550000 0.350000
vt 0.600000 0.350000
vt 0.650000 0.350000
vt 0.700000 0.350000
vt 0.750000 0.350000
vt 0.800000 0.350000
vt 0.850000 0.350000
vt 0.900000 0.350000
vt 0.950000 0.350000
vt 1.000000 0.350000
vt 0.000000 0.400000
vt 0.050000 0.400000
vt 0.100000 0.400000
vt 0.150000 0.400000
vt 0.200000 0.400000
vt 0.250000 0.400000
vt 0.300000 0.400000
vt 0.350000 0.400000
vt 0.400000 0.400000
vt 0.450000 0.400000
vt 0.500000 0.400000
vt 0.550000 0.400000
vt 0.600000 0.400000
vt 0.650000 0.400000
vt 0.700000 0.400000
vt 0.750000 0.400000
vt 0.800000 0.400000
vt 0.850000 0.400000
vt 0.900000 0.400000
vt 0.950000 0.400000
vt 1.000000 0.400000
vt 0.000000 0.450000
vt 0.050000 0.450000
vt 0.100000 0.450000
vt 0.150000 0.450000
vt 0.200000 0.450000
vt 0.250000 0.450000
vt 0.300000 0.450000
vt 0.350000 0.450000
vt 0.400000 0.450000
vt 0.450000 0.450000
vt 0.500000 0.450000
vt 0.550000 0.450000
vt 0.600000 0.450000
vt 0.650000 0.450000
vt 0.700000 0.450000
vt 0.750000 0.450000
vt 0.800000 0.450000
vt 0.850000 0.450000
vt 0.900000 0.450000
vt 0.950000 0.450000
vt 1.000000 0.450000
vt 0.000000 0.500000
vt 0.050000 0.500000
vt 0.100000 0.500000
vt 0.150000 0.500000
vt 0.200000 0.500000
vt 0.250000 0.500000
vt 0.300000 0.500000
vt 0.350000 0.500000
vt 0.400000 0.500000
vt 0.450000 0.500000
vt 0.500000 0.500000
vt 0.550000 0.500000
vt 0.600000 0.500000
vt 0.650000 0.500000
vt 0.700000 0.500000
vt 0.750000 0.500000
vt 0.800000 0.500000
vt 0.850000 0.500000
vt 0.900000 0.500000
vt 0.950000 0.500000
vt 1.000000 0.500000
vt 0.000000 0.550000
vt 0.050000 0.550000
vt 0.100000 0.550000
vt 0.150000 0.550000
vt 0.200000 0.550000
vt 0.250000 0.550000
vt 0.300000 0.550000
vt 0.350000 0.550000
vt 0.400000 0.550000
vt 0.450000 0.550000
vt 0.500000 0.550000
vt 0.550000 0.550000
vt 0.600000 0.550000
vt 0.650000 0.550000
vt 0.700000 0.550000
vt 0.750000 0.550000
vt 0.800000 0.550000
vt 0.850000 0.550000
vt 0.900000 0.550000
vt 0.950000 0.550000
vt 1.000000 0.550000
vt 0.000000 0.600000
vt 0.050000 0.600000
vt 0.100000 0.600000
vt 0.150000 0.600000
vt 0.200000 0.600000
vt 0.250000 0.600000
vt 0.300000 0.600000
vt 0.350000 0.600000
vt 0.400000 0.600000
vt 0.450000 0.600000
vt 0.500000 0.600000
vt 0.550000 0.600000
vt 0.600000 0.600000
vt 0.650000 0.600000
vt 0.700000 0.600000
vt 0.750000 0.600000
vt 0.800000 0.600000
vt 0.850000 0.600000
vt 0.900000 0.600000
vt 0.950000 0.600000
vt 1.000000 0.600000
vt 0.000000 0.650000
vt 0.050000 0.650000
vt 0.100000 0.650000
vt 0.150000 0.650000
vt 0.200000 0.650000
vt 0.250000 0.650000
vt 0.300000 0.650000
vt 0.350000 0.650000
vt 0.400000 0.650000
vt 0.450000 0.650000
vt 0.500000 0.650000
vt 0.550000 0.650000
vt 0.600000 0.650000
vt 0.650000 0.650000
vt 0.700000 0.650000
vt 0.750000 0.650000
vt 0.800000 0.650000
vt 0.850000 0.650000
vt 0.900000 0.650000
vt 0.950000 0.650000
vt 1.000000 0.650000
vt 0.000000 0.700000
vt 0.050000 0.700000
vt 0.100000 0.700000
vt 0.150000 0.700000
vt 0.200000 0.700000
vt 0.250000 0.700000
vt 0.300000 0.700000
vt 0.350000 0.700000
vt 0.400000 0.700000
vt 0.450000 0.700000
vt 0.500000 0.700000
vt 0.550000 0.700000
vt 0.600000 0.700000
vt 0.650000 0.700000
vt 0.700000 0.700000
vt 0.750000 0.700000
vt 0.800000 0.700000
vt 0.850000 0.700000
vt 0.900000 0.700000
vt 0.950000 0.700000
vt 1.000000 0.700000
vt 0.000000 0.750000
vt 0.050000 0.750000
vt 0.100000 0.750000
vt 0.150000 0.750000
vt 0.200000 0.750000
vt 0.250000 0.750000
vt 0.300000 0.750000
vt 0.350000 0.750000
vt 0.400000 0.750000
vt 0.450000 0.750000
vt 0.500000 0.750000
vt 0.550000 0.750000
vt 0.600000 0.750000
vt 0.650000 0.750000
vt 0.700000 0.750000
vt 0.750000 0.750000
vt 0.800000 0.750000
vt 0.850000 0.750000
vt 0.900000 0.750000
vt 0.950000 0.750000
vt 1.000000 0.750000
vt 0.000000 0.800000
vt 0.050000 0.800000
vt 0.100000 0.800000
vt 0.150000 0.800000
vt 0.200000 0.800000
vt 0.250000 0.800000
vt 0.300000 0.800000
vt 0.350000 0.800000
vt 0.400000 0.800000
vt 0.450000 0.800000
vt 0.500000 0.800000
vt 0.550000 0.800000
vt 0.600000 0.800000
vt 0.650000 0.800000
vt 0.700000 0.800000
vt 0.750000 0.800000
vt 0.800000 0.800000
vt 0.850000 0.800000
vt 0.900000 0.800000
vt 0.950000 0.800000
vt 1.000000 0.800000
vt 0.000000 0.850000
vt 0.050000 0.850000
vt 0.100000 0.850000
vt 0.150000 0.850000
vt 0.200000 0.850000
vt 0.250000 0.850000
vt 0.300000 0.850000
vt 0.350000 0.850000
vt 0.400000 0.850000
vt 0.450000 0.850000
vt 0.500000 0.850000
vt 0.550000 0.850000
vt 0.600000 0.850000
vt 0.650000 0.850000
vt 0.700000 0.850000
vt 0.750000 0.850000
vt 0.800000 0.850000
vt 0.850000 0.850000
vt 0.900000 0.850000
vt 0.950000 0.850000
vt 1.000000 0.850000
vt 0.000000 0.900000
vt 0.050000 0.900000
vt 0.100000 0.900000
vt 0.150000 0.900000
vt 0.200000 0.900000
vt 0.250000 0.900000
vt 0.300000 0.900000
vt 0.350000 0.900000
vt 0.400000 0.900000
vt 0.450000 0.900000
vt 0.500000 0.900000
vt 0.550000 0.900000
vt 0.600000 0.900000
vt 0.650000 0.900000
vt 0.700000 0.900000
vt 0.750000 0.900000
vt 0.800000 0.900000
vt 0.850000 0.900000
vt 0.900000 0.900000
vt 0.950000 0.900000
vt 1.000000 0.900000
vt 0.000000 0.950000
vt 0.050000 0.950000
vt 0.100000 0.950000
vt 0.150000 0.950000
vt 0.200000 0.950000
vt 0.250000 0.950000
vt 0.300000 0.950000
vt 0.350000 0.950000
vt 0.400000 0.950000
vt 0.450000 0.950000
vt 0.500000 0.950000
vt 0.550000 0.950000
vt 0.600000 0.950000
vt 0.650000 0.950000
vt 0.700000 0.950000
vt 0.750000 0.950000
vt 0.800000 0.950000
vt 0.850000 0.950000
vt 0.900000 0.950000
vt 0.950000 0.950000
vt 1.000000 0.950000
vt 0.025000 0.000000
vt 0.075000 0.000000
vt 0.125000 0.000000
vt 0.175000 0.000000
vt 0.225000 0.000000
vt 0.275000 0.000000
vt 0.325000 0.000000
vt 0.375000 0.000000
vt 0.425000 0.000000
vt 0.475000 0.000000
vt 0.525000 0.000000
vt 0.575000 0.000000
vt 0.625000 0.000000
vt 0.675000 0.000000
vt 0.725000 0.000000
vt 0.775000 0.000000
vt 0.825000 0.000000
vt 0.875000 0.000000
vt 0.925000 0.000000
vt 0.975000 0.000000
vt 0.025000 1.000000
vt 0.075000 1.000000
vt 0.125000 1.000000
vt 0.175000 1.000000
vt 0.225000 1.000000
vt 0.275000 1.000000
vt 0.325000 1.000000
vt 0.375000 1.000000
vt 0.425000 1.000000
vt 0.475000 1.000000
vt 0.525000 1.000000
vt 0.575000 1.000000
vt 0.625000 1.000000
vt 0.675000 1.000000
vt 0.725000 1.000000
vt 0.775000 1.000000
vt 0.825000 1.000000
vt 0.875000 1.000000
vt 0.925000 1.000000
vt 0.975000 1.000000
vn 0.190100 -0.977383 -0.092651
vn 0.160708 -0.971338 -0.175143
vn 0.263611 -0.920856 -0.287287
vn 0.315166 -0.936523 -0.153605
vn 0.115882 -0.964019 -0.239246
vn 0.187714 -0.902535 -0.387549
vn 0.060556 -0.958217 -0.279558
vn 0.097151 -0.888487 -0.448499
vn -0.000000 -0.956029 -0.293274
vn -0.000000 -0.883292 -0.468823
vn -0.060556 -0.958217 -0.279558
vn -0.097151 -0.888487 -0.448500
vn -0.115882 -0.964019 -0.239247
vn -0.187714 -0.902535 -0.387549
vn -0.160709 -0.971338 -0.175143
vn -0.263611 -0.920856 -0.287287
vn -0.190100 -0.977383 -0.092651
vn -0.315166 -0.936523 -0.153605
vn -0.200361 -0.979722 0.000000
vn -0.333578 -0.942722 -0.000000
vn -0.190100 -0.977383 0.092651
vn -0.315166 -0.936523 0.153605
vn -0.160709 -0.971338 0.175142
vn -0.263611 -0.920856 0.287286
vn -0.115882 -0.964019 0.239246
vn -0.187714 -0.902535 0.387549
vn -0.060556 -0.958217 0.279558
vn -0.097151 -0.888487 0.448500
vn 0.000000 -0.956029 0.293273
vn 0.000000 -0.883292 0.468823
vn 0.060556 -0.958217 0.279558
vn 0.097151 -0.888487 0.448500
vn 0.115882 -0.964019 0.239246
vn 0.187714 -0.902535 0.387549
vn 0.160709 -0.971338 0.175142
vn 0.263611 -0.920856 0.287287
vn 0.190100 -0.977383 0.092651
vn 0.315166 -0.936523 0.153605
vn 0.200361 -0.979722 0.000001
vn 0.333578 -0.942723 0.000000
vn 0.363834 -0.842855 -0.396511
vn 0.441905 -0.870823 -0.215375
vn 0.254583 -0.811743 -0.525605
vn 0.130084 -0.788947 -0.600534
vn -0.000000 -0.780733 -0.624865
vn -0.130084 -0.788947 -0.600534
vn -0.254583 -0.811743 -0.525605
vn -0.363834 -0.842855 -0.396511
vn -0.441905 -0.870823 -0.215375
vn -0.470752 -0.882266 0.000000
vn -0.441905 -0.870823 0.215376
vn -0.363834 -0.842855 0.396511
vn -0.254583 -0.811743 0.525606
vn -0.130084 -0.788947 0.600534
vn 0.000000 -0.780733 0.624865
vn 0.130084 -0.788947 0.600534
vn 0.254583 -0.811743 0.525606
vn 0.363834 -0.842855 0.396511
vn 0.441905 -0.870823 0.215375
vn 0.470752 -0.882266 0.000000
vn 0.451355 -0.744526 -0.491894
vn 0.558455 -0.783611 -0.272179
vn 0.309832 -0.703439 -0.639671
vn 0.156246 -0.674754 -0.721314
vn -0.000000 -0.664688 -0.747121
vn -0.156246 -0.674754 -0.721314
vn -0.309832 -0.703439 -0.639670
vn -0.451356 -0.744526 -0.491894
vn -0.558455 -0.783611 -0.272180
vn -0.599664 -0.800252 0.000000
vn -0.558455 -0.783611 0.272180
vn -0.451356 -0.744526 0.491894
vn -0.309832 -0.703438 0.639671
vn -0.156246 -0.674754 0.721314
vn 0.000000 -0.664688 0.747121
vn 0.156246 -0.674754 0.721314
vn 0.309832 -0.703438 0.639671
vn 0.451356 -0.744526 0.491894
vn 0.558455 -0.783611 0.272180
vn 0.599664 -0.800252 0.000001
vn 0.523731 -0.632399 -0.570769
vn 0.660447 -0.678379 -0.321887
vn 0.353011 -0.586692 -0.728818
vn 0.175938 -0.556183 -0.812223
vn -0.000000 -0.545726 -0.837964
vn -0.175938 -0.556183 -0.812223
vn -0.353011 -0.586692 -0.728818
vn -0.523731 -0.632399 -0.570769
vn -0.660447 -0.678378 -0.321888
vn -0.715328 -0.698788 -0.000000
vn -0.660447 -0.678379 0.321888
vn -0.523731 -0.632399 0.570769
vn -0.353011 -0.586692 0.728818
vn -0.175938 -0.556183 0.812223
vn -0.000000 -0.545726 0.837964
vn 0.175938 -0.556183 0.812223
vn 0.353011 -0.586692 0.728818
vn 0.523731 -0.632399 0.570769
vn 0.660447 -0.678378 0.321888
vn 0.715328 -0.698788 0.000001
vn 0.580862 -0.511732 -0.633032
vn 0.745531 -0.558710 -0.363355
vn 0.385391 -0.467316 -0.795669
vn 0.190236 -0.438771 -0.878231
vn -0.000000 -0.429171 -0.903223
vn -0.190237 -0.438771 -0.878231
vn -0.385392 -0.467316 -0.795669
vn -0.580863 -0.511732 -0.633032
vn -0.745531 -0.558709 -0.363356
vn -0.814331 -0.580401 -0.000000
vn -0.745531 -0.558710 0.363356
vn -0.580862 -0.511732 0.633032
vn -0.385392 -0.467316 0.795669
vn -0.190236 -0.438771 0.878231
vn 0.000000 -0.429171 0.903223
vn 0.190236 -0.438771 0.878231
vn 0.385392 -0.467316 0.795669
vn 0.580862 -0.511732 0.633032
vn 0.745531 -0.558709 0.363356
vn 0.814331 -0.580401 0.000001
vn 0.623622 -0.386260 -0.679632
vn 0.812408 -0.428040 -0.395950
vn 0.408615 -0.348347 -0.843616
vn 0.200233 -0.324691 -0.924382
vn -0.000000 -0.316849 -0.948476
vn -0.200233 -0.324691 -0.924382
vn -0.408615 -0.348347 -0.843616
vn -0.623622 -0.386260 -0.679631
vn -0.812407 -0.428040 -0.395950
vn -0.894037 -0.447994 -0.000000
vn -0.812407 -0.428040 0.395951
vn -0.623622 -0.386260 0.679632
vn -0.408615 -0.348347 0.843616
vn -0.200233 -0.324691 0.924382
vn 0.000000 -0.316848 0.948476
vn 0.200233 -0.324691 0.924382
vn 0.408615 -0.348347 0.843616
vn 0.623622 -0.386260 0.679631
vn 0.812407 -0.428039 0.395951
vn 0.894037 -0.447994 0.000001
vn 0.653140 -0.258356 -0.711801
vn 0.860421 -0.289518 -0.419350
vn 0.424137 -0.230918 -0.875662
vn 0.206792 -0.214152 -0.954660
vn -0.000000 -0.208648 -0.977991
vn -0.206792 -0.214152 -0.954660
vn -0.424137 -0.230918 -0.875662
vn -0.653140 -0.258356 -0.711801
vn -0.860421 -0.289517 -0.419351
vn -0.952420 -0.304789 -0.000000
vn -0.860421 -0.289518 0.419352
vn -0.653140 -0.258356 0.711801
vn -0.424137 -0.230918 0.875662
vn -0.206792 -0.214152 0.954660
vn 0.000000 -0.208648 0.977991
vn 0.206792 -0.214152 0.954660
vn 0.424137 -0.230918 0.875662
vn 0.653140 -0.258356 0.711801
vn 0.860421 -0.289517 0.419351
vn 0.952420 -0.304788 0.000001
vn 0.670412 -0.129370 -0.730624
vn 0.889290 -0.145978 -0.433420
vn 0.433026 -0.115013 -0.894014
vn 0.210503 -0.106347 -0.971792
vn 0.000000 -0.103519 -0.994628
vn -0.210503 -0.106347 -0.971792
vn -0.433026 -0.115013 -0.894014
vn -0.670412 -0.129370 -0.730624
vn -0.889290 -0.145978 -0.433422
vn -0.988032 -0.154248 0.000000
vn -0.889290 -0.145978 0.433422
vn -0.670412 -0.129370 0.730624
vn -0.433026 -0.115013 0.894014
vn -0.210503 -0.106347 0.971792
vn 0.000000 -0.103519 0.994628
vn 0.210503 -0.106347 0.971792
vn 0.433026 -0.115013 0.894014
vn 0.670412 -0.129370 0.730624
vn 0.889290 -0.145978 0.433422
vn 0.988032 -0.154249 0.000001
vn 0.676093 0.000000 -0.736816
vn 0.898920 -0.000000 -0.438114
vn 0.435919 -0.000000 -0.899986
vn 0.211703 -0.000000 -0.977334
vn 0.000000 0.000000 -1.000000
vn -0.211704 -0.000000 -0.977334
vn -0.435919 -0.000000 -0.899986
vn -0.676093 0.000000 -0.736816
vn -0.898919 0.000000 -0.438115
vn -1.000000 -0.000000 0.000000
vn -0.898919 -0.000000 0.438115
vn -0.676093 0.000000 0.736816
vn -0.435919 -0.000000 0.899986
vn -0.211703 -0.000000 0.977334
vn 0.000000 0.000000 1.000000
vn 0.211703 -0.000000 0.977334
vn 0.435919 -0.000000 0.899986
vn 0.676093 -0.000000 0.736816
vn 0.898919 0.000000 0.438115
vn 1.000000 0.000000 0.000001
vn 0.670412 0.129370 -0.730624
vn 0.889290 0.145978 -0.433420
vn 0.433026 0.115013 -0.894014
vn 0.210503 0.106347 -0.971792
vn 0.000000 0.103519 -0.994628
vn -0.210503 0.106347 -0.971792
vn -0.433026 0.115013 -0.894014
vn -0.670412 0.129370 -0.730624
vn -0.889290 0.145978 -0.433421
vn -0.988032 0.154248 0.000000
vn -0.889290 0.145978 0.433422
vn -0.670412 0.129370 0.730624
vn -0.433026 0.115013 0.894014
vn -0.210503 0.106347 0.971792
vn 0.000000 0.103519 0.994628
vn 0.210503 0.106347 0.971792
vn 0.433026 0.115013 0.894014
vn 0.670412 0.129370 0.730624
vn 0.889290 0.145978 0.433422
vn 0.988032 0.154249 0.000001
vn 0.653140 0.258356 -0.711801
vn 0.860421 0.289518 -0.419350
vn 0.424137 0.230918 -0.875662
vn 0.206792 0.214152 -0.954660
vn -0.000000 0.208648 -0.977991
vn -0.206792 0.214152 -0.954660
vn -0.424137 0.230918 -0.875662
vn -0.653140 0.258356 -0.711801
vn -0.860421 0.289517 -0.419351
vn -0.952420 0.304789 -0.000000
vn -0.860421 0.289517 0.419352
vn -0.653140 0.258356 0.711801
vn -0.424137 0.230918 0.875662
vn -0.206792 0.214152 0.954660
vn 0.000000 0.208648 0.977991
vn 0.206792 0.214152 0.954660
vn 0.424137 0.230918 0.875662
vn 0.653140 0.258356 0.711801
vn 0.860421 0.289517 0.419351
vn 0.952420 0.304789 0.000001
vn 0.623622 0.386260 -0.679632
vn 0.812408 0.428040 -0.395949
vn 0.408615 0.348347 -0.843616
vn 0.200233 0.324691 -0.924382
vn -0.000000 0.316849 -0.948476
vn -0.200233 0.324691 -0.924382
vn -0.408615 0.348347 -0.843616
vn -0.623622 0.386260 -0.679631
vn -0.812407 0.428040 -0.395950
vn -0.894037 0.447994 -0.000000
vn -0.812407 0.428040 0.395951
vn -0.623622 0.386260 0.679632
vn -0.408615 0.348347 0.843616
vn -0.200233 0.324691 0.924382
vn 0.000000 0.316848 0.948476
vn 0.200233 0.324691 0.924382
vn 0.408615 0.348347 0.843616
vn 0.623622 0.386260 0.679631
vn 0.812407 0.428039 0.395951
vn 0.894037 0.447994 0.000001
vn 0.580862 0.511732 -0.633032
vn 0.745531 0.558710 -0.363355
vn 0.385391 0.467316 -0.795669
vn 0.190236 0.438771 -0.878231
vn -0.000000 0.429171 -0.903223
vn -0.190236 0.438771 -0.878231
vn -0.385392 0.467316 -0.795669
vn -0.580862 0.511732 -0.633032
vn -0.745531 0.558710 -0.363356
vn -0.814331 0.580401 -0.000000
vn -0.745531 0.558710 0.363356
vn -0.580862 0.511732 0.633032
vn -0.385392 0.467316 0.795669
vn -0.190236 0.438771 0.878231
vn 0.000000 0.429171 0.903223
vn 0.190237 0.438771 0.878231
vn 0.385392 0.467316 0.795669
vn 0.580862 0.511732 0.633032
vn 0.745531 0.558709 0.363356
vn 0.814331 0.580401 0.000001
vn 0.523731 0.632399 -0.570769
vn 0.660447 0.678379 -0.321887
vn 0.353011 0.586692 -0.728818
vn 0.175938 0.556183 -0.812223
vn -0.000000 0.545726 -0.837964
vn -0.175938 0.556183 -0.812223
vn -0.353011 0.586692 -0.728818
vn -0.523731 0.632399 -0.570769
vn -0.660447 0.678379 -0.321888
vn -0.715328 0.698789 0.000000
vn -0.660447 0.678379 0.321888
vn -0.523731 0.632399 0.570769
vn -0.353011 0.586692 0.728818
vn -0.175938 0.556183 0.812223
vn -0.000000 0.545726 0.837964
vn 0.175938 0.556183 0.812223
vn 0.353011 0.586692 0.728818
vn 0.523731 0.632399 0.570769
vn 0.660447 0.678378 0.321888
vn 0.715328 0.698788 0.000001
vn 0.451355 0.744526 -0.491894
vn 0.558455 0.783611 -0.272179
vn 0.309832 0.703438 -0.639671
vn 0.156246 0.674754 -0.721314
vn -0.000000 0.664689 -0.747120
vn -0.156246 0.674754 -0.721314
vn -0.309832 0.703439 -0.639670
vn -0.451356 0.744526 -0.491893
vn -0.558455 0.783611 -0.272180
vn -0.599664 0.800252 0.000000
vn -0.558455 0.783611 0.272180
vn -0.451356 0.744526 0.491894
vn -0.309832 0.703439 0.639671
vn -0.156246 0.674754 0.721314
vn 0.000000 0.664688 0.747121
vn 0.156246 0.674754 0.721314
vn 0.309832 0.703438 0.639671
vn 0.451356 0.744526 0.491894
vn 0.558455 0.783611 0.272180
vn 0.599664 0.800252 0.000001
vn 0.363834 0.842855 -0.396511
vn 0.441905 0.870824 -0.215375
vn 0.254583 0.811743 -0.525606
vn 0.130083 0.788947 -0.600534
vn -0.000000 0.780733 -0.624865
vn -0.130084 0.788947 -0.600534
vn -0.254583 0.811743 -0.525605
vn -0.363834 0.842855 -0.396511
vn -0.441905 0.870823 -0.215375
vn -0.470752 0.882266 0.000000
vn -0.441905 0.870823 0.215376
vn -0.363834 0.842855 0.396511
vn -0.254583 0.811743 0.525605
vn -0.130084 0.788946 0.600534
vn 0.000000 0.780733 0.624865
vn 0.130084 0.788947 0.600534
vn 0.254583 0.811743 0.525605
vn 0.363834 0.842855 0.396511
vn 0.441905 0.870823 0.215376
vn 0.470752 0.882266 0.000000
vn 0.263611 0.920856 -0.287287
vn 0.315166 0.936523 -0.153605
vn 0.187714 0.902535 -0.387549
vn 0.097151 0.888487 -0.448500
vn -0.000000 0.883292 -0.468823
vn -0.097151 0.888487 -0.448500
vn -0.187714 0.902535 -0.387549
vn -0.263611 0.920856 -0.287286
vn -0.315166 0.936523 -0.153605
vn -0.333578 0.942722 0.000000
vn -0.315165 0.936523 0.153606
vn -0.263611 0.920856 0.287286
vn -0.187714 0.902535 0.387549
vn -0.097151 0.888487 0.448500
vn 0.000000 0.883292 0.468823
vn 0.097151 0.888487 0.448500
vn 0.187714 0.902535 0.387549
vn 0.263611 0.920856 0.287287
vn 0.315166 0.936523 0.153605
vn 0.333578 0.942722 0.000000
vn 0.160708 0.971338 -0.175142
vn 0.190100 0.977383 -0.092651
vn 0.115882 0.964019 -0.239246
vn 0.060556 0.958217 -0.279558
vn -0.000000 0.956029 -0.293273
vn -0.060556 0.958217 -0.279558
vn -0.115882 0.964019 -0.239246
vn -0.160709 0.971338 -0.175142
vn -0.190100 0.977383 -0.092651
vn -0.200361 0.979722 0.000000
vn -0.190100 0.977383 0.092651
vn -0.160709 0.971338 0.175142
vn -0.115882 0.964019 0.239247
vn -0.060556 0.958217 0.279558
vn 0.000000 0.956029 0.293273
vn 0.060556 0.958217 0.279558
vn 0.115882 0.964019 0.239246
vn 0.160709 0.971338 0.175142
vn 0.190100 0.977383 0.092651
vn 0.200361 0.979722 0.000001
vn -0.000000 -1.000000 -0.000000
vn -0.000000 1.000000 0.000000
s 1
g DresserBaseMesh pSphere4
usemtl initialShadingGroup
f 1555/1922/2123 1556/1923/2124 1576/1944/2125 1575/1943/2126
f 1556/1923/2124 1557/1924/2127 1577/1945/2128 1576/1944/2125
f 1557/1924/2127 1558/1925/2129 1578/1946/2130 1577/1945/2128
f 1558/1925/2129 1559/1926/2131 1579/1947/2132 1578/1946/2130
f 1559/1926/2131 1560/1927/2133 1580/1948/2134 1579/1947/2132
f 1560/1927/2133 1561/1928/2135 1581/1949/2136 1580/1948/2134
f 1561/1928/2135 1562/1929/2137 1582/1950/2138 1581/1949/2136
f 1562/1929/2137 1563/1930/2139 1583/1951/2140 1582/1950/2138
f 1563/1930/2139 1564/1931/2141 1584/1952/2142 1583/1951/2140
f 1564/1931/2141 1565/1932/2143 1585/1953/2144 1584/1952/2142
f 1565/1932/2143 1566/1933/2145 1586/1954/2146 1585/1953/2144
f 1566/1933/2145 1567/1934/2147 1587/1955/2148 1586/1954/2146
f 1567/1934/2147 1568/1935/2149 1588/1956/2150 1587/1955/2148
f 1568/1935/2149 1569/1936/2151 1589/1957/2152 1588/1956/2150
f 1569/1936/2151 1570/1937/2153 1590/1958/2154 1589/1957/2152
f 1570/1937/2153 1571/1938/2155 1591/1959/2156 1590/1958/2154
f 1571/1938/2155 1572/1939/2157 1592/1960/2158 1591/1959/2156
f 1572/1939/2157 1573/1940/2159 1593/1961/2160 1592/1960/2158
f 1573/1940/2159 1574/1941/2161 1594/1962/2162 1593/1961/2160
f 1574/1941/2161 1555/1942/2123 1575/1963/2126 1594/1962/2162
f 1575/1943/2126 1576/1944/2125 1596/1965/2163 1595/1964/2164
f 1576/1944/2125 1577/1945/2128 1597/1966/2165 1596/1965/2163
f 1577/1945/2128 1578/1946/2130 1598/1967/2166 1597/1966/2165
f 1578/1946/2130 1579/1947/2132 1599/1968/2167 1598/1967/2166
f 1579/1947/2132 1580/1948/2134 1600/1969/2168 1599/1968/2167
f 1580/1948/2134 1581/1949/2136 1601/1970/2169 1600/1969/2168
f 1581/1949/2136 1582/1950/2138 1602/1971/2170 1601/1970/2169
f 1582/1950/2138 1583/1951/2140 1603/1972/2171 1602/1971/2170
f 1583/1951/2140 1584/1952/2142 1604/1973/2172 1603/1972/2171
f 1584/1952/2142 1585/1953/2144 1605/1974/2173 1604/1973/2172
f 1585/1953/2144 1586/1954/2146 1606/1975/2174 1605/1974/2173
f 1586/1954/2146 1587/1955/2148 1607/1976/2175 1606/1975/2174
f 1587/1955/2148 1588/1956/2150 1608/1977/2176 1607/1976/2175
f 1588/1956/2150 1589/1957/2152 1609/1978/2177 1608/1977/2176
f 1589/1957/2152 1590/1958/2154 1610/1979/2178 1609/1978/2177
f 1590/1958/2154 1591/1959/2156 1611/1980/2179 1610/1979/2178
f 1591/1959/2156 1592/1960/2158 1612/1981/2180 1611/1980/2179
f 1592/1960/2158 1593/1961/2160 1613/1982/2181 1612/1981/2180
f 1593/1961/2160 1594/1962/2162 1614/1983/2182 1613/1982/2181
f 1594/1962/2162 1575/1963/2126 1595/1984/2164 1614/1983/2182
f 1595/1964/2164 1596/1965/2163 1616/1986/2183 1615/1985/2184
f 1596/1965/2163 1597/1966/2165 1617/1987/2185 1616/1986/2183
f 1597/1966/2165 1598/1967/2166 1618/1988/2186 1617/1987/2185
f 1598/1967/2166 1599/1968/2167 1619/1989/2187 1618/1988/2186
f 1599/1968/2167 1600/1969/2168 1620/1990/2188 1619/1989/2187
f 1600/1969/2168 1601/1970/2169 1621/1991/2189 1620/1990/2188
f 1601/1970/2169 1602/1971/2170 1622/1992/2190 1621/1991/2189
f 1602/1971/2170 1603/1972/2171 1623/1993/2191 1622/1992/2190
f 1603/1972/2171 1604/1973/2172 1624/1994/2192 1623/1993/2191
f 1604/1973/2172 1605/1974/2173 1625/1995/2193 1624/1994/2192
f 1605/1974/2173 1606/1975/2174 1626/1996/2194 1625/1995/2193
f 1606/1975/2174 1607/1976/2175 1627/1997/2195 1626/1996/2194
f 1607/1976/2175 1608/1977/2176 1628/1998/2196 1627/1997/2195
f 1608/1977/2176 1609/1978/2177 1629/1999/2197 1628/1998/2196
f 1609/1978/2177 1610/1979/2178 1630/2000/2198 1629/1999/2197
f 1610/1979/2178 1611/1980/2179 1631/2001/2199 1630/2000/2198
f 1611/1980/2179 1612/1981/2180 1632/2002/2200 1631/2001/2199
f 1612/1981/2180 1613/1982/2181 1633/2003/2201 1632/2002/2200
f 1613/1982/2181 1614/1983/2182 1634/2004/2202 1633/2003/2201
f 1614/1983/2182 1595/1984/2164 1615/2005/2184 1634/2004/2202
f 1615/1985/2184 1616/1986/2183 1636/2007/2203 1635/2006/2204
f 1616/1986/2183 1617/1987/2185 1637/2008/2205 1636/2007/2203
f 1617/1987/2185 1618/1988/2186 1638/2009/2206 1637/2008/2205
f 1618/1988/2186 1619/1989/2187 1639/2010/2207 1638/2009/2206
f 1619/1989/2187 1620/1990/2188 1640/2011/2208 1639/2010/2207
f 1620/1990/2188 1621/1991/2189 1641/2012/2209 1640/2011/2208
f 1621/1991/2189 1622/1992/2190 1642/2013/2210 1641/2012/2209
f 1622/1992/2190 1623/1993/2191 1643/2014/2211 1642/2013/2210
f 1623/1993/2191 1624/1994/2192 1644/2015/2212 1643/2014/2211
f 1624/1994/2192 1625/1995/2193 1645/2016/2213 1644/2015/2212
f 1625/1995/2193 1626/1996/2194 1646/2017/2214 1645/2016/2213
f 1626/1996/2194 1627/1997/2195 1647/2018/2215 1646/2017/2214
f 1627/1997/2195 1628/1998/2196 1648/2019/2216 1647/2018/2215
f 1628/1998/2196 1629/1999/2197 1649/2020/2217 1648/2019/2216
f 1629/1999/2197 1630/2000/2198 1650/2021/2218 1649/2020/2217
f 1630/2000/2198 1631/2001/2199 1651/2022/2219 1650/2021/2218
f 1631/2001/2199 1632/2002/2200 1652/2023/2220 1651/2022/2219
f 1632/2002/2200 1633/2003/2201 1653/2024/2221 1652/2023/2220
f 1633/2003/2201 1634/2004/2202 1654/2025/2222 1653/2024/2221
f 1634/2004/2202 1615/2005/2184 1635/2026/2204 1654/2025/2222
f 1635/2006/2204 1636/2007/2203 1656/2028/2223 1655/2027/2224
f 1636/2007/2203 1637/2008/2205 1657/2029/2225 1656/2028/2223
f 1637/2008/2205 1638/2009/2206 1658/2030/2226 1657/2029/2225
f 1638/2009/2206 1639/2010/2207 1659/2031/2227 1658/2030/2226
f 1639/2010/2207 1640/2011/2208 1660/2032/2228 1659/2031/2227
f 1640/2011/2208 1641/2012/2209 1661/2033/2229 1660/2032/2228
f 1641/2012/2209 1642/2013/2210 1662/2034/2230 1661/2033/2229
f 1642/2013/2210 1643/2014/2211 1663/2035/2231 1662/2034/2230
f 1643/2014/2211 1644/2015/2212 1664/2036/2232 1663/2035/2231
f 1644/2015/2212 1645/2016/2213 1665/2037/2233 1664/2036/2232
f 1645/2016/2213 1646/2017/2214 1666/2038/2234 1665/2037/2233
f 1646/2017/2214 1647/2018/2215 1667/2039/2235 1666/2038/2234
f 1647/2018/2215 1648/2019/2216 1668/2040/2236 1667/2039/2235
f 1648/2019/2216 1649/2020/2217 1669/2041/2237 1668/2040/2236
f 1649/2020/2217 1650/2021/2218 1670/2042/2238 1669/2041/2237
f 1650/2021/2218 1651/2022/2219 1671/2043/2239 1670/2042/2238
f 1651/2022/2219 1652/2023/2220 1672/2044/2240 1671/2043/2239
f 1652/2023/2220 1653/2024/2221 1673/2045/2241 1672/2044/2240
f 1653/2024/2221 1654/2025/2222 1674/2046/2242 1673/2045/2241
f 1654/2025/2222 1635/2026/2204 1655/2047/2224 1674/2046/2242
f 1655/2027/2224 1656/2028/2223 1676/2049/2243 1675/2048/2244
f 1656/2028/2223 1657/2029/2225 1677/2050/2245 1676/2049/2243
f 1657/2029/2225 1658/2030/2226 1678/2051/2246 1677/2050/2245
f 1658/2030/2226 1659/2031/2227 1679/2052/2247 1678/2051/2246
f 1659/2031/2227 1660/2032/2228 1680/2053/2248 1679/2052/2247
f 1660/2032/2228 1661/2033/2229 1681/2054/2249 1680/2053/2248
f 1661/2033/2229 1662/2034/2230 1682/2055/2250 1681/2054/2249
f 1662/2034/2230 1663/2035/2231 1683/2056/2251 1682/2055/2250
f 1663/2035/2231 1664/2036/2232 1684/2057/2252 1683/2056/2251
f 1664/2036/2232 1665/2037/2233 1685/2058/2253 1684/2057/2252
f 1665/2037/2233 1666/2038/2234 1686/2059/2254 1685/2058/2253
f 1666/2038/2234 1667/2039/2235 1687/2060/2255 1686/2059/2254
f 1667/2039/2235 1668/2040/2236 1688/2061/2256 1687/2060/2255
f 1668/2040/2236 1669/2041/2237 1689/2062/2257 1688/2061/2256
f 1669/2041/2237 1670/2042/2238 1690/2063/2258 1689/2062/2257
f 1670/2042/2238 1671/2043/2239 1691/2064/2259 1690/2063/2258
f 1671/2043/2239 1672/2044/2240 1692/2065/2260 1691/2064/2259
f 1672/2044/2240 1673/2045/2241 1693/2066/2261 1692/2065/2260
f 1673/2045/2241 1674/2046/2242 1694/2067/2262 1693/2066/2261
f 1674/2046/2242 1655/2047/2224 1675/2068/2244 1694/2067/2262
f 1675/2048/2244 1676/2049/2243 1696/2070/2263 1695/2069/2264
f 1676/2049/2243 1677/2050/2245 1697/2071/2265 1696/2070/2263
f 1677/2050/2245 1678/2051/2246 1698/2072/2266 1697/2071/2265
f 1678/2051/2246 1679/2052/2247 1699/2073/2267 1698/2072/2266
f 1679/2052/2247 1680/2053/2248 1700/2074/2268 1699/2073/2267
f 1680/2053/2248 1681/2054/2249 1701/2075/2269 1700/2074/2268
f 1681/2054/2249 1682/2055/2250 1702/2076/2270 1701/2075/2269
f 1682/2055/2250 1683/2056/2251 1703/2077/2271 1702/2076/2270
f 1683/2056/2251 1684/2057/2252 1704/2078/2272 1703/2077/2271
f 1684/2057/2252 1685/2058/2253 1705/2079/2273 1704/2078/2272
f 1685/2058/2253 1686/2059/2254 1706/2080/2274 1705/2079/2273
f 1686/2059/2254 1687/2060/2255 1707/2081/2275 1706/2080/2274
f 1687/2060/2255 1688/2061/2256 1708/2082/2276 1707/2081/2275
f 1688/2061/2256 1689/2062/2257 1709/2083/2277 1708/2082/2276
f 1689/2062/2257 1690/2063/2258 1710/2084/2278 1709/2083/2277
f 1690/2063/2258 1691/2064/2259 1711/2085/2279 1710/2084/2278
f 1691/2064/2259 1692/2065/2260 1712/2086/2280 1711/2085/2279
f 1692/2065/2260 1693/2066/2261 1713/2087/2281 1712/2086/2280
f 1693/2066/2261 1694/2067/2262 1714/2088/2282 1713/2087/2281
f 1694/2067/2262 1675/2068/2244 1695/2089/2264 1714/2088/2282
f 1695/2069/2264 1696/2070/2263 1716/2091/2283 1715/2090/2284
f 1696/2070/2263 1697/2071/2265 1717/2092/2285 1716/2091/2283
f 1697/2071/2265 1698/2072/2266 1718/2093/2286 1717/2092/2285
f 1698/2072/2266 1699/2073/2267 1719/2094/2287 1718/2093/2286
f 1699/2073/2267 1700/2074/2268 1720/2095/2288 1719/2094/2287
f 1700/2074/2268 1701/2075/2269 1721/2096/2289 1720/2095/2288
f 1701/2075/2269 1702/2076/2270 1722/2097/2290 1721/2096/2289
f 1702/2076/2270 1703/2077/2271 1723/2098/2291 1722/2097/2290
f 1703/2077/2271 1704/2078/2272 1724/2099/2292 1723/2098/2291
f 1704/2078/2272 1705/2079/2273 1725/2100/2293 1724/2099/2292
f 1705/2079/2273 1706/2080/2274 1726/2101/2294 1725/2100/2293
f 1706/2080/2274 1707/2081/2275 1727/2102/2295 1726/2101/2294
f 1707/2081/2275 1708/2082/2276 1728/2103/2296 1727/2102/2295
f 1708/2082/2276 1709/2083/2277 1729/2104/2297 1728/2103/2296
f 1709/2083/2277 1710/2084/2278 1730/2105/2298 1729/2104/2297
f 1710/2084/2278 1711/2085/2279 1731/2106/2299 1730/2105/2298
f 1711/2085/2279 1712/2086/2280 1732/2107/2300 1731/2106/2299
f 1712/2086/2280 1713/2087/2281 1733/2108/2301 1732/2107/2300
f 1713/2087/2281 1714/2088/2282 1734/2109/2302 1733/2108/2301
f 1714/2088/2282 1695/2089/2264 1715/2110/2284 1734/2109/2302
f 1715/2090/2284 1716/2091/2283 1736/2112/2303 1735/2111/2304
f 1716/2091/2283 1717/2092/2285 1737/2113/2305 1736/2112/2303
f 1717/2092/2285 1718/2093/2286 1738/2114/2306 1737/2113/2305
f 1718/2093/2286 1719/2094/2287 1739/2115/2307 1738/2114/2306
f 1719/2094/2287 1720/2095/2288 1740/2116/2308 1739/2115/2307
f 1720/2095/2288 1721/2096/2289 1741/2117/2309 1740/2116/2308
f 1721/2096/2289 1722/2097/2290 1742/2118/2310 1741/2117/2309
f 1722/2097/2290 1723/2098/2291 1743/2119/2311 1742/2118/2310
f 1723/2098/2291 1724/2099/2292 1744/2120/2312 1743/2119/2311
f 1724/2099/2292 1725/2100/2293 1745/2121/2313 1744/2120/2312
f 1725/2100/2293 1726/2101/2294 1746/2122/2314 1745/2121/2313
f 1726/2101/2294 1727/2102/2295 1747/2123/2315 1746/2122/2314
f 1727/2102/2295 1728/2103/2296 1748/2124/2316 1747/2123/2315
f 1728/2103/2296 1729/2104/2297 1749/2125/2317 1748/2124/2316
f 1729/2104/2297 1730/2105/2298 1750/2126/2318 1749/2125/2317
f 1730/2105/2298 1731/2106/2299 1751/2127/2319 1750/2126/2318
f 1731/2106/2299 1732/2107/2300 1752/2128/2320 1751/2127/2319
f 1732/2107/2300 1733/2108/2301 1753/2129/2321 1752/2128/2320
f 1733/2108/2301 1734/2109/2302 1754/2130/2322 1753/2129/2321
f 1734/2109/2302 1715/2110/2284 1735/2131/2304 1754/2130/2322
f 1735/2111/2304 1736/2112/2303 1756/2133/2323 1755/2132/2324
f 1736/2112/2303 1737/2113/2305 1757/2134/2325 1756/2133/2323
f 1737/2113/2305 1738/2114/2306 1758/2135/2326 1757/2134/2325
f 1738/2114/2306 1739/2115/2307 1759/2136/2327 1758/2135/2326
f 1739/2115/2307 1740/2116/2308 1760/2137/2328 1759/2136/2327
f 1740/2116/2308 1741/2117/2309 1761/2138/2329 1760/2137/2328
f 1741/2117/2309 1742/2118/2310 1762/2139/2330 1761/2138/2329
f 1742/2118/2310 1743/2119/2311 1763/2140/2331 1762/2139/2330
f 1743/2119/2311 1744/2120/2312 1764/2141/2332 1763/2140/2331
f 1744/2120/2312 1745/2121/2313 1765/2142/2333 1764/2141/2332
f 1745/2121/2313 1746/2122/2314 1766/2143/2334 1765/2142/2333
f 1746/2122/2314 1747/2123/2315 1767/2144/2335 1766/2143/2334
f 1747/2123/2315 1748/2124/2316 1768/2145/2336 1767/2144/2335
f 1748/2124/2316 1749/2125/2317 1769/2146/2337 1768/2145/2336
f 1749/2125/2317 1750/2126/2318 1770/2147/2338 1769/2146/2337
f 1750/2126/2318 1751/2127/2319 1771/2148/2339 1770/2147/2338
f 1751/2127/2319 1752/2128/2320 1772/2149/2340 1771/2148/2339
f 1752/2128/2320 1753/2129/2321 1773/2150/2341 1772/2149/2340
f 1753/2129/2321 1754/2130/2322 1774/2151/2342 1773/2150/2341
f 1754/2130/2322 1735/2131/2304 1755/2152/2324 1774/2151/2342
f 1755/2132/2324 1756/2133/2323 1776/2154/2343 1775/2153/2344
f 1756/2133/2323 1757/2134/2325 1777/2155/2345 1776/2154/2343
f 1757/2134/2325 1758/2135/2326 1778/2156/2346 1777/2155/2345
f 1758/2135/2326 1759/2136/2327 1779/2157/2347 1778/2156/2346
f 1759/2136/2327 1760/2137/2328 1780/2158/2348 1779/2157/2347
f 1760/2137/2328 1761/2138/2329 1781/2159/2349 1780/2158/2348
f 1761/2138/2329 1762/2139/2330 1782/2160/2350 1781/2159/2349
f 1762/2139/2330 1763/2140/2331 1783/2161/2351 1782/2160/2350
f 1763/2140/2331 1764/2141/2332 1784/2162/2352 1783/2161/2351
f 1764/2141/2332 1765/2142/2333 1785/2163/2353 1784/2162/2352
f 1765/2142/2333 1766/2143/2334 1786/2164/2354 1785/2163/2353
f 1766/2143/2334 1767/2144/2335 1787/2165/2355 1786/2164/2354
f 1767/2144/2335 1768/2145/2336 1788/2166/2356 1787/2165/2355
f 1768/2145/2336 1769/2146/2337 1789/2167/2357 1788/2166/2356
f 1769/2146/2337 1770/2147/2338 1790/2168/2358 1789/2167/2357
f 1770/2147/2338 1771/2148/2339 1791/2169/2359 1790/2168/2358
f 1771/2148/2339 1772/2149/2340 1792/2170/2360 1791/2169/2359
f 1772/2149/2340 1773/2150/2341 1793/2171/2361 1792/2170/2360
f 1773/2150/2341 1774/2151/2342 1794/2172/2362 1793/2171/2361
f 1774/2151/2342 1755/2152/2324 1775/2173/2344 1794/2172/2362
f 1775/2153/2344 1776/2154/2343 1796/2175/2363 1795/2174/2364
f 1776/2154/2343 1777/2155/2345 1797/2176/2365 1796/2175/2363
f 1777/2155/2345 1778/2156/2346 1798/2177/2366 1797/2176/2365
f 1778/2156/2346 1779/2157/2347 1799/2178/2367 1798/2177/2366
f 1779/2157/2347 1780/2158/2348 1800/2179/2368 1799/2178/2367
f 1780/2158/2348 1781/2159/2349 1801/2180/2369 1800/2179/2368
f 1781/2159/2349 1782/2160/2350 1802/2181/2370 1801/2180/2369
f 1782/2160/2350 1783/2161/2351 1803/2182/2371 1802/2181/2370
f 1783/2161/2351 1784/2162/2352 1804/2183/2372 1803/2182/2371
f 1784/2162/2352 1785/2163/2353 1805/2184/2373 1804/2183/2372
f 1785/2163/2353 1786/2164/2354 1806/2185/2374 1805/2184/2373
f 1786/2164/2354 1787/2165/2355 1807/2186/2375 1806/2185/2374
f 1787/2165/2355 1788/2166/2356 1808/2187/2376 1807/2186/2375
f 1788/2166/2356 1789/2167/2357 1809/2188/2377 1808/2187/2376
f 1789/2167/2357 1790/2168/2358 1810/2189/2378 1809/2188/2377
f 1790/2168/2358 1791/2169/2359 1811/2190/2379 1810/2189/2378
f 1791/2169/2359 1792/2170/2360 1812/2191/2380 1811/2190/2379
f 1792/2170/2360 1793/2171/2361 1813/2192/2381 1812/2191/2380
f 1793/2171/2361 1794/2172/2362 1814/2193/2382 1813/2192/2381
f 1794/2172/2362 1775/2173/2344 1795/2194/2364 1814/2193/2382
f 1795/2174/2364 1796/2175/2363 1816/2196/2383 1815/2195/2384
f 1796/2175/2363 1797/2176/2365 1817/2197/2385 1816/2196/2383
f 1797/2176/2365 1798/2177/2366 1818/2198/2386 1817/2197/2385
f 1798/2177/2366 1799/2178/2367 1819/2199/2387 1818/2198/2386
f 1799/2178/2367 1800/2179/2368 1820/2200/2388 1819/2199/2387
f 1800/2179/2368 1801/2180/2369 1821/2201/2389 1820/2200/2388
f 1801/2180/2369 1802/2181/2370 1822/2202/2390 1821/2201/2389
f 1802/2181/2370 1803/2182/2371 1823/2203/2391 1822/2202/2390
f 1803/2182/2371 1804/2183/2372 1824/2204/2392 1823/2203/2391
f 1804/2183/2372 1805/2184/2373 1825/2205/2393 1824/2204/2392
f 1805/2184/2373 1806/2185/2374 1826/2206/2394 1825/2205/2393
f 1806/2185/2374 1807/2186/2375 1827/2207/2395 1826/2206/2394
f 1807/2186/2375 1808/2187/2376 1828/2208/2396 1827/2207/2395
f 1808/2187/2376 1809/2188/2377 1829/2209/2397 1828/2208/2396
f 1809/2188/2377 1810/2189/2378 1830/2210/2398 1829/2209/2397
f 1810/2189/2378 1811/2190/2379 1831/2211/2399 1830/2210/2398
f 1811/2190/2379 1812/2191/2380 1832/2212/2400 1831/2211/2399
f 1812/2191/2380 1813/2192/2381 1833/2213/2401 1832/2212/2400
f 1813/2192/2381 1814/2193/2382 1834/2214/2402 1833/2213/2401
f 1814/2193/2382 1795/2194/2364 1815/2215/2384 1834/2214/2402
f 1815/2195/2384 1816/2196/2383 1836/2217/2403 1835/2216/2404
f 1816/2196/2383 1817/2197/2385 1837/2218/2405 1836/2217/2403
f 1817/2197/2385 1818/2198/2386 1838/2219/2406 1837/2218/2405
f 1818/2198/2386 1819/2199/2387 1839/2220/2407 1838/2219/2406
f 1819/2199/2387 1820/2200/2388 1840/2221/2408 1839/2220/2407
f 1820/2200/2388 1821/2201/2389 1841/2222/2409 1840/2221/2408
f 1821/2201/2389 1822/2202/2390 1842/2223/2410 1841/2222/2409
f 1822/2202/2390 1823/2203/2391 1843/2224/2411 1842/2223/2410
f 1823/2203/2391 1824/2204/2392 1844/2225/2412 1843/2224/2411
f 1824/2204/2392 1825/2205/2393 1845/2226/2413 1844/2225/2412
f 1825/2205/2393 1826/2206/2394 1846/2227/2414 1845/2226/2413
f 1826/2206/2394 1827/2207/2395 1847/2228/2415 1846/2227/2414
f 1827/2207/2395 1828/2208/2396 1848/2229/2416 1847/2228/2415
f 1828/2208/2396 1829/2209/2397 1849/2230/2417 1848/2229/2416
f 1829/2209/2397 1830/2210/2398 1850/2231/2418 1849/2230/2417
f 1830/2210/2398 1831/2211/2399 1851/2232/2419 1850/2231/2418
f 1831/2211/2399 1832/2212/2400 1852/2233/2420 1851/2232/2419
f 1832/2212/2400 1833/2213/2401 1853/2234/2421 1852/2233/2420
f 1833/2213/2401 1834/2214/2402 1854/2235/2422 1853/2234/2421
f 1834/2214/2402 1815/2215/2384 1835/2236/2404 1854/2235/2422
f 1835/2216/2404 1836/2217/2403 1856/2238/2423 1855/2237/2424
f 1836/2217/2403 1837/2218/2405 1857/2239/2425 1856/2238/2423
f 1837/2218/2405 1838/2219/2406 1858/2240/2426 1857/2239/2425
f 1838/2219/2406 1839/2220/2407 1859/2241/2427 1858/2240/2426
f 1839/2220/2407 1840/2221/2408 1860/2242/2428 1859/2241/2427
f 1840/2221/2408 1841/2222/2409 1861/2243/2429 1860/2242/2428
f 1841/2222/2409 1842/2223/2410 1862/2244/2430 1861/2243/2429
f 1842/2223/2410 1843/2224/2411 1863/2245/2431 1862/2244/2430
f 1843/2224/2411 1844/2225/2412 1864/2246/2432 1863/2245/2431
f 1844/2225/2412 1845/2226/2413 1865/2247/2433 1864/2246/2432
f 1845/2226/2413 1846/2227/2414 1866/2248/2434 1865/2247/2433
f 1846/2227/2414 1847/2228/2415 1867/2249/2435 1866/2248/2434
f 1847/2228/2415 1848/2229/2416 1868/2250/2436 1867/2249/2435
f 1848/2229/2416 1849/2230/2417 1869/2251/2437 1868/2250/2436
f 1849/2230/2417 1850/2231/2418 1870/2252/2438 1869/2251/2437
f 1850/2231/2418 1851/2232/2419 1871/2253/2439 1870/2252/2438
f 1851/2232/2419 1852/2233/2420 1872/2254/2440 1871/2253/2439
f 1852/2233/2420 1853/2234/2421 1873/2255/2441 1872/2254/2440
f 1853/2234/2421 1854/2235/2422 1874/2256/2442 1873/2255/2441
f 1854/2235/2422 1835/2236/2404 1855/2257/2424 1874/2256/2442
f 1855/2237/2424 1856/2238/2423 1876/2259/2443 1875/2258/2444
f 1856/2238/2423 1857/2239/2425 1877/2260/2445 1876/2259/2443
f 1857/2239/2425 1858/2240/2426 1878/2261/2446 1877/2260/2445
f 1858/2240/2426 1859/2241/2427 1879/2262/2447 1878/2261/2446
f 1859/2241/2427 1860/2242/2428 1880/2263/2448 1879/2262/2447
f 1860/2242/2428 1861/2243/2429 1881/2264/2449 1880/2263/2448
f 1861/2243/2429 1862/2244/2430 1882/2265/2450 1881/2264/2449
f 1862/2244/2430 1863/2245/2431 1883/2266/2451 1882/2265/2450
f 1863/2245/2431 1864/2246/2432 1884/2267/2452 1883/2266/2451
f 1864/2246/2432 1865/2247/2433 1885/2268/2453 1884/2267/2452
f 1865/2247/2433 1866/2248/2434 1886/2269/2454 1885/2268/2453
f 1866/2248/2434 1867/2249/2435 1887/2270/2455 1886/2269/2454
f 1867/2249/2435 1868/2250/2436 1888/2271/2456 1887/2270/2455
f 1868/2250/2436 1869/2251/2437 1889/2272/2457 1888/2271/2456
f 1869/2251/2437 1870/2252/2438 1890/2273/2458 1889/2272/2457
f 1870/2252/2438 1871/2253/2439 1891/2274/2459 1890/2273/2458
f 1871/2253/2439 1872/2254/2440 1892/2275/2460 1891/2274/2459
f 1872/2254/2440 1873/2255/2441 1893/2276/2461 1892/2275/2460
f 1873/2255/2441 1874/2256/2442 1894/2277/2462 1893/2276/2461
f 1874/2256/2442 1855/2257/2424 1875/2278/2444 1894/2277/2462
f 1875/2258/2444 1876/2259/2443 1896/2280/2463 1895/2279/2464
f 1876/2259/2443 1877/2260/2445 1897/2281/2465 1896/2280/2463
f 1877/2260/2445 1878/2261/2446 1898/2282/2466 1897/2281/2465
f 1878/2261/2446 1879/2262/2447 1899/2283/2467 1898/2282/2466
f 1879/2262/2447 1880/2263/2448 1900/2284/2468 1899/2283/2467
f 1880/2263/2448 1881/2264/2449 1901/2285/2469 1900/2284/2468
f 1881/2264/2449 1882/2265/2450 1902/2286/2470 1901/2285/2469
f 1882/2265/2450 1883/2266/2451 1903/2287/2471 1902/2286/2470
f 1883/2266/2451 1884/2267/2452 1904/2288/2472 1903/2287/2471
f 1884/2267/2452 1885/2268/2453 1905/2289/2473 1904/2288/2472
f 1885/2268/2453 1886/2269/2454 1906/2290/2474 1905/2289/2473
f 1886/2269/2454 1887/2270/2455 1907/2291/2475 1906/2290/2474
f 1887/2270/2455 1888/2271/2456 1908/2292/2476 1907/2291/2475
f 1888/2271/2456 1889/2272/2457 1909/2293/2477 1908/2292/2476
f 1889/2272/2457 1890/2273/2458 1910/2294/2478 1909/2293/2477
f 1890/2273/2458 1891/2274/2459 1911/2295/2479 1910/2294/2478
f 1891/2274/2459 1892/2275/2460 1912/2296/2480 1911/2295/2479
f 1892/2275/2460 1893/2276/2461 1913/2297/2481 1912/2296/2480
f 1893/2276/2461 1894/2277/2462 1914/2298/2482 1913/2297/2481
f 1894/2277/2462 1875/2278/2444 1895/2299/2464 1914/2298/2482
f 1895/2279/2464 1896/2280/2463 1916/2301/2483 1915/2300/2484
f 1896/2280/2463 1897/2281/2465 1917/2302/2485 1916/2301/2483
f 1897/2281/2465 1898/2282/2466 1918/2303/2486 1917/2302/2485
f 1898/2282/2466 1899/2283/2467 1919/2304/2487 1918/2303/2486
f 1899/2283/2467 1900/2284/2468 1920/2305/2488 1919/2304/2487
f 1900/2284/2468 1901/2285/2469 1921/2306/2489 1920/2305/2488
f 1901/2285/2469 1902/2286/2470 1922/2307/2490 1921/2306/2489
f 1902/2286/2470 1903/2287/2471 1923/2308/2491 1922/2307/2490
f 1903/2287/2471 1904/2288/2472 1924/2309/2492 1923/2308/2491
f 1904/2288/2472 1905/2289/2473 1925/2310/2493 1924/2309/2492
f 1905/2289/2473 1906/2290/2474 1926/2311/2494 1925/2310/2493
f 1906/2290/2474 1907/2291/2475 1927/2312/2495 1926/2311/2494
f 1907/2291/2475 1908/2292/2476 1928/2313/2496 1927/2312/2495
f 1908/2292/2476 1909/2293/2477 1929/2314/2497 1928/2313/2496
f 1909/2293/2477 1910/2294/2478 1930/2315/2498 1929/2314/2497
f 1910/2294/2478 1911/2295/2479 1931/2316/2499 1930/2315/2498
f 1911/2295/2479 1912/2296/2480 1932/2317/2500 1931/2316/2499
f 1912/2296/2480 1913/2297/2481 1933/2318/2501 1932/2317/2500
f 1913/2297/2481 1914/2298/2482 1934/2319/2502 1933/2318/2501
f 1914/2298/2482 1895/2299/2464 1915/2320/2484 1934/2319/2502
f 1556/1923/2124 1555/1922/2123 1935/2321/2503
f 1557/1924/2127 1556/1923/2124 1935/2322/2503
f 1558/1925/2129 1557/1924/2127 1935/2323/2503
f 1559/1926/2131 1558/1925/2129 1935/2324/2503
f 1560/1927/2133 1559/1926/2131 1935/2325/2503
f 1561/1928/2135 1560/1927/2133 1935/2326/2503
f 1562/1929/2137 1561/1928/2135 1935/2327/2503
f 1563/1930/2139 1562/1929/2137 1935/2328/2503
f 1564/1931/2141 1563/1930/2139 1935/2329/2503
f 1565/1932/2143 1564/1931/2141 1935/2330/2503
f 1566/1933/2145 1565/1932/2143 1935/2331/2503
f 1567/1934/2147 1566/1933/2145 1935/2332/2503
f 1568/1935/2149 1567/1934/2147 1935/2333/2503
f 1569/1936/2151 1568/1935/2149 1935/2334/2503
f 1570/1937/2153 1569/1936/2151 1935/2335/2503
f 1571/1938/2155 1570/1937/2153 1935/2336/2503
f 1572/1939/2157 1571/1938/2155 1935/2337/2503
f 1573/1940/2159 1572/1939/2157 1935/2338/2503
f 1574/1941/2161 1573/1940/2159 1935/2339/2503
f 1555/1942/2123 1574/1941/2161 1935/2340/2503
f 1915/2300/2484 1916/2301/2483 1936/2341/2504
f 1916/2301/2483 1917/2302/2485 1936/2342/2504
f 1917/2302/2485 1918/2303/2486 1936/2343/2504
f 1918/2303/2486 1919/2304/2487 1936/2344/2504
f 1919/2304/2487 1920/2305/2488 1936/2345/2504
f 1920/2305/2488 1921/2306/2489 1936/2346/2504
f 1921/2306/2489 1922/2307/2490 1936/2347/2504
f 1922/2307/2490 1923/2308/2491 1936/2348/2504
f 1923/2308/2491 1924/2309/2492 1936/2349/2504
f 1924/2309/2492 1925/2310/2493 1936/2350/2504
f 1925/2310/2493 1926/2311/2494 1936/2351/2504
f 1926/2311/2494 1927/2312/2495 1936/2352/2504
f 1927/2312/2495 1928/2313/2496 1936/2353/2504
f 1928/2313/2496 1929/2314/2497 1936/2354/2504
f 1929/2314/2497 1930/2315/2498 1936/2355/2504
f 1930/2315/2498 1931/2316/2499 1936/2356/2504
f 1931/2316/2499 1932/2317/2500 1936/2357/2504
f 1932/2317/2500 1933/2318/2501 1936/2358/2504
f 1933/2318/2501 1934/2319/2502 1936/2359/2504
f 1934/2319/2502 1915/2320/2484 1936/2360/2504
