# This file uses meters as units for non-parametric coordinates.

mtllib kitchen_cabinet.mtl
g default
v 11.057930 0.612442 -31.965912
v 11.605183 0.164112 -31.965912
v 12.352894 0.000000 -31.965912
v 12.352894 0.164112 -32.713470
v 12.352894 0.612442 -33.260712
v 12.352894 1.224827 -33.461029
v 11.605183 1.224827 -33.260712
v 11.057930 1.224827 -32.713470
v 10.857620 1.224827 -31.965912
v 13.100605 0.164112 -31.965912
v 13.647858 0.612442 -31.965912
v 13.848167 1.224827 -31.965912
v 13.647858 1.224827 -32.713470
v 13.100605 1.224827 -33.260712
v 11.605183 72.946251 -31.965912
v 11.057930 72.497925 -31.965912
v 10.857620 71.885483 -31.965912
v 11.057930 71.885483 -32.713470
v 11.605183 71.885483 -33.260712
v 12.352894 71.885483 -33.461029
v 12.352894 72.497925 -33.260712
v 12.352894 72.946251 -32.713470
v 12.352894 73.110313 -31.965912
v 13.647858 72.497925 -31.965912
v 13.100605 72.946251 -31.965912
v 13.100605 71.885483 -33.260712
v 13.647858 71.885483 -32.713470
v 13.848167 71.885483 -31.965912
v 11.605183 71.885483 5.059143
v 11.057930 71.885483 4.511902
v 10.857620 71.885483 3.764343
v 11.057930 72.497925 3.764343
v 11.605183 72.946251 3.764343
v 12.352894 73.110313 3.764343
v 12.352894 72.946251 4.511902
v 12.352894 72.497925 5.059143
v 12.352894 71.885483 5.259460
v 13.647858 71.885483 4.511902
v 13.100605 71.885483 5.059143
v 13.100605 72.946251 3.764343
v 13.647858 72.497925 3.764343
v 13.848167 71.885483 3.764343
v 11.605183 0.164112 3.764343
v 11.057930 0.612442 3.764343
v 10.857620 1.224827 3.764343
v 11.057930 1.224827 4.511902
v 11.605183 1.224827 5.059143
v 12.352894 1.224827 5.259460
v 12.352894 0.612442 5.059143
v 12.352894 0.164112 4.511902
v 12.352894 0.000000 3.764343
v 13.647858 0.612442 3.764343
v 13.100605 0.164112 3.764343
v 13.100605 1.224827 5.059143
v 13.647858 1.224827 4.511902
v 13.848167 1.224827 3.764343
v 11.170361 0.695595 -32.611923
v 11.706726 0.256203 -32.611923
v 11.706726 0.695595 -33.148285
v 12.999062 0.256203 -32.611923
v 13.535427 0.695595 -32.611923
v 12.999062 0.695595 -33.148285
v 11.706726 72.854111 -32.611923
v 11.170361 72.414711 -32.611923
v 11.706726 72.414711 -33.148285
v 13.535427 72.414711 -32.611923
v 12.999062 72.854111 -32.611923
v 12.999062 72.414711 -33.148285
v 11.706726 72.414711 4.946716
v 11.170361 72.414711 4.410339
v 11.706726 72.854111 4.410339
v 13.535427 72.414711 4.410339
v 12.999062 72.414711 4.946716
v 12.999062 72.854111 4.410339
v 11.706726 0.256203 4.410339
v 11.170361 0.695595 4.410339
v 11.706726 0.695595 4.946716
v 13.535427 0.695595 4.410339
v 12.999062 0.256203 4.410339
v 12.999062 0.695595 4.946716
v 13.558983 4.465683 0.024841
v 13.405159 4.465683 0.255188
v 13.174747 4.465683 0.409119
v 12.903111 4.465683 0.463165
v 12.631344 4.465683 0.409119
v 12.401031 4.465683 0.255188
v 12.247055 4.465683 0.024872
v 12.193100 4.465683 -0.246857
v 12.247032 4.465683 -0.518555
v 12.400986 4.465683 -0.748871
v 12.631283 4.465683 -0.902771
v 12.903046 4.465683 -0.956848
v 13.174809 4.465683 -0.902771
v 13.405113 4.465683 -0.748901
v 13.558952 4.465683 -0.518524
v 13.613022 4.465683 -0.246826
v 13.558983 19.420151 0.024841
v 13.405159 19.420151 0.255188
v 13.174747 19.420151 0.409119
v 12.903111 19.420151 0.463165
v 12.631344 19.420151 0.409119
v 12.401031 19.420151 0.255188
v 12.247055 19.420151 0.024872
v 12.193100 19.420151 -0.246857
v 12.247032 19.420151 -0.518555
v 12.400986 19.420151 -0.748871
v 12.631283 19.420151 -0.902771
v 12.903046 19.420151 -0.956848
v 13.174809 19.420151 -0.902771
v 13.405113 19.420151 -0.748901
v 13.558952 19.420151 -0.518524
v 13.613022 19.420151 -0.246826
v 12.877670 4.465683 -0.246826
v 12.877670 19.420151 -0.246826
v 14.448372 17.924728 0.255188
v 14.602196 17.924728 0.024841
v 14.656235 17.924728 -0.246826
v 14.602165 17.924728 -0.518524
v 14.448326 17.924728 -0.748901
v 14.218021 17.924728 -0.902771
v 13.946259 17.924728 -0.956848
v 13.674496 17.924728 -0.902771
v 13.444199 17.924728 -0.748871
v 13.290245 17.924728 -0.518555
v 13.236313 17.924728 -0.246857
v 13.290268 17.924728 0.024872
v 13.444244 17.924728 0.255188
v 13.674557 17.924728 0.409119
v 13.946323 17.924728 0.463165
v 14.217960 17.924728 0.409119
v 15.302254 16.429245 0.255188
v 15.456200 16.429245 0.024841
v 15.510117 16.429245 -0.246826
v 15.456169 16.429245 -0.518524
v 15.302208 16.429245 -0.748901
v 15.071903 16.429245 -0.902771
v 14.800140 16.429245 -0.956848
v 14.528378 16.429245 -0.902771
v 14.298080 16.429245 -0.748871
v 14.144249 16.429245 -0.518555
v 14.090195 16.429245 -0.246857
v 14.144272 16.429245 0.024872
v 14.298126 16.429245 0.255188
v 14.528439 16.429245 0.409119
v 14.800205 16.429245 0.463165
v 15.071842 16.429245 0.409119
v 15.935555 14.933823 0.255188
v 16.089500 14.933823 0.024841
v 16.143417 14.933823 -0.246826
v 16.089470 14.933823 -0.518524
v 15.935509 14.933823 -0.748901
v 15.705204 14.933823 -0.902771
v 15.433441 14.933823 -0.956848
v 15.161678 14.933823 -0.902771
v 14.931381 14.933823 -0.748871
v 14.777550 14.933823 -0.518555
v 14.723495 14.933823 -0.246857
v 14.777573 14.933823 0.024872
v 14.931427 14.933823 0.255188
v 15.161739 14.933823 0.409119
v 15.433506 14.933823 0.463165
v 15.705143 14.933823 0.409119
v 16.324959 13.438354 0.255188
v 16.478905 13.438354 0.024841
v 16.532822 13.438354 -0.246826
v 16.478874 13.438354 -0.518524
v 16.325157 13.438354 -0.748901
v 16.094730 13.438354 -0.902771
v 15.822968 13.438354 -0.956848
v 15.551205 13.438354 -0.902771
v 15.320908 13.438354 -0.748871
v 15.167076 13.438354 -0.518555
v 15.113022 13.438354 -0.246857
v 15.167099 13.438354 0.024872
v 15.320953 13.438354 0.255188
v 15.551266 13.438354 0.409119
v 15.823032 13.438354 0.463165
v 16.094669 13.438354 0.409119
v 16.456551 11.942909 0.255188
v 16.610374 11.942909 0.024841
v 16.664536 11.942909 -0.246826
v 16.610344 11.942909 -0.518524
v 16.456505 11.942909 -0.748901
v 16.226200 11.942909 -0.902771
v 15.954437 11.942909 -0.956848
v 15.682674 11.942909 -0.902771
v 15.452377 11.942909 -0.748871
v 15.298424 11.942909 -0.518555
v 15.244492 11.942909 -0.246857
v 15.298447 11.942909 0.024872
v 15.452423 11.942909 0.255188
v 15.682735 11.942909 0.409119
v 15.954502 11.942909 0.463135
v 16.226261 11.942909 0.409119
v 16.324959 10.447449 0.255188
v 16.478905 10.447449 0.024841
v 16.532822 10.447449 -0.246826
v 16.478882 10.447449 -0.518524
v 16.325157 10.447449 -0.748901
v 16.094730 10.447449 -0.902771
v 15.822968 10.447449 -0.956848
v 15.551205 10.447449 -0.902771
v 15.320908 10.447449 -0.748871
v 15.167076 10.447449 -0.518555
v 15.113022 10.447449 -0.246857
v 15.167099 10.447449 0.024872
v 15.320953 10.447449 0.255188
v 15.551266 10.447449 0.409119
v 15.823032 10.447449 0.463135
v 16.094669 10.447449 0.409119
v 15.935555 8.952011 0.255188
v 16.089500 8.952011 0.024841
v 16.143417 8.952011 -0.246826
v 16.089478 8.952011 -0.518524
v 15.935509 8.952011 -0.748901
v 15.705204 8.952011 -0.902771
v 15.433441 8.952011 -0.956848
v 15.161678 8.952011 -0.902771
v 14.931381 8.952011 -0.748871
v 14.777550 8.952011 -0.518555
v 14.723495 8.952011 -0.246857
v 14.777573 8.952011 0.024872
v 14.931427 8.952011 0.255188
v 15.161739 8.952011 0.409119
v 15.433506 8.952011 0.463135
v 15.705143 8.952011 0.409119
v 15.302254 7.456589 0.255188
v 15.456200 7.456589 0.024841
v 15.510117 7.456589 -0.246826
v 15.456177 7.456589 -0.518524
v 15.302208 7.456589 -0.748901
v 15.071903 7.456589 -0.902771
v 14.800140 7.456589 -0.956848
v 14.528378 7.456589 -0.902771
v 14.298080 7.456589 -0.748871
v 14.144249 7.456589 -0.518555
v 14.090195 7.456589 -0.246857
v 14.144272 7.456589 0.024872
v 14.298126 7.456589 0.255188
v 14.528439 7.456589 0.409119
v 14.800205 7.456589 0.463135
v 15.071842 7.456589 0.409119
v 14.448372 5.961105 0.255188
v 14.602196 5.961105 0.024841
v 14.656235 5.961105 -0.246826
v 14.602173 5.961105 -0.518524
v 14.448326 5.961105 -0.748901
v 14.218021 5.961105 -0.902771
v 13.946259 5.961105 -0.956848
v 13.674496 5.961105 -0.902771
v 13.444199 5.961105 -0.748871
v 13.290245 5.961105 -0.518555
v 13.236313 5.961105 -0.246857
v 13.290268 5.961105 0.024872
v 13.444244 5.961105 0.255188
v 13.674557 5.961105 0.409119
v 13.946323 5.961105 0.463135
v 14.217960 5.961105 0.409119
vt 0.500000 0.990347
vt 0.500007 0.004184
vt 0.634653 0.004188
vt 0.500000 0.245812
vt 0.634653 0.245812
vt 0.134653 0.004188
vt 0.500000 0.490347
vt 0.865347 0.245812
vt 0.865347 0.004188
vt 0.500000 0.759653
vt 0.500000 0.745812
vt 0.500000 0.259653
vt 0.500007 0.504184
vt 0.365347 0.004188
vt 0.365347 0.245812
vt 0.134653 0.245812
vt 0.493224 0.750000
vt 0.479673 0.000000
vt 0.496605 0.867234
vt 0.500000 0.000000
vt 0.500000 0.750000
vt 0.500003 0.137402
vt 0.455370 0.009779
vt 0.411119 0.006935
vt 0.503395 0.867234
vt 0.520327 0.000000
vt 0.506776 0.750000
vt 0.588886 0.004376
vt 0.544639 0.004612
vt 0.437689 0.257081
vt 0.370524 0.250000
vt 0.375000 0.254476
vt 0.409766 0.245850
vt 0.454837 0.245845
vt 0.500000 0.249491
vt 0.500000 0.253693
vt 0.625000 0.254476
vt 0.629476 0.250000
vt 0.562311 0.257081
vt 0.545163 0.245844
vt 0.590234 0.245850
vt 0.437520 0.503032
vt 0.125000 0.248106
vt 0.375000 0.501894
vt 0.375000 0.495524
vt 0.129476 0.250000
vt 0.437644 0.492916
vt 0.500001 0.496172
vt 0.500003 0.500224
vt 0.625000 0.501894
vt 0.875000 0.248106
vt 0.562487 0.503032
vt 0.562356 0.492916
vt 0.870524 0.250000
vt 0.625000 0.495524
vt 0.438753 0.754819
vt 0.131467 0.000000
vt 0.377156 0.750000
vt 0.375000 0.748106
vt 0.125000 0.001894
vt 0.437567 0.746963
vt 0.500000 0.749503
vt 0.500000 0.753257
vt 0.622844 0.750000
vt 0.868533 0.000000
vt 0.561247 0.754819
vt 0.562433 0.746963
vt 0.875000 0.001894
vt 0.625000 0.748106
vt 0.486140 0.000000
vt 0.495380 0.750000
vt 0.493532 0.000000
vt 0.497844 0.750000
vt 0.438365 0.434023
vt 0.506468 0.000000
vt 0.502156 0.750000
vt 0.513860 0.000000
vt 0.504620 0.750000
vt 0.561639 0.036223
vt 0.448462 0.253260
vt 0.375000 0.250000
vt 0.452672 0.249146
vt 0.625000 0.250000
vt 0.551538 0.253260
vt 0.547328 0.249146
vt 0.442423 0.500417
vt 0.375000 0.500000
vt 0.125000 0.250000
vt 0.446467 0.496615
vt 0.625000 0.500000
vt 0.875000 0.250000
vt 0.557581 0.500417
vt 0.553535 0.496615
vt 0.447771 0.752505
vt 0.375000 0.750000
vt 0.125000 0.000000
vt 0.447480 0.749332
vt 0.625000 0.750000
vt 0.875000 0.000000
vt 0.552229 0.752505
vt 0.552520 0.749332
vt 0.375000 0.312500
vt 0.390625 0.312500
vt 0.390625 0.350000
vt 0.375000 0.350000
vt 0.406250 0.312500
vt 0.406250 0.350000
vt 0.421875 0.312500
vt 0.421875 0.350000
vt 0.437500 0.312500
vt 0.437500 0.350000
vt 0.453125 0.312500
vt 0.453125 0.350000
vt 0.468750 0.312500
vt 0.468750 0.350000
vt 0.484375 0.312500
vt 0.484375 0.350000
vt 0.500000 0.312500
vt 0.500000 0.350000
vt 0.515625 0.312500
vt 0.515625 0.350000
vt 0.531250 0.312500
vt 0.531250 0.350000
vt 0.546875 0.312500
vt 0.546875 0.350000
vt 0.562500 0.312500
vt 0.562500 0.350000
vt 0.578125 0.312500
vt 0.578125 0.350000
vt 0.593750 0.312500
vt 0.593750 0.350000
vt 0.609375 0.312500
vt 0.609375 0.350000
vt 0.625000 0.312500
vt 0.625000 0.350000
vt 0.610485 0.045765
vt 0.644356 0.096456
vt 0.500000 0.156250
vt 0.559794 0.011894
vt 0.500000 0.000000
vt 0.440206 0.011894
vt 0.389515 0.045765
vt 0.355644 0.096456
vt 0.343750 0.156250
vt 0.355644 0.216044
vt 0.389515 0.266735
vt 0.440206 0.300606
vt 0.500000 0.312500
vt 0.559794 0.300606
vt 0.610485 0.266735
vt 0.644356 0.216044
vt 0.656250 0.156250
vt 0.644356 0.903544
vt 0.610485 0.954235
vt 0.500000 0.843750
vt 0.559794 0.988106
vt 0.500000 1.000000
vt 0.440206 0.988106
vt 0.389515 0.954235
vt 0.355644 0.903544
vt 0.343750 0.843750
vt 0.355644 0.783956
vt 0.389515 0.733265
vt 0.440206 0.699394
vt 0.500000 0.687500
vt 0.559794 0.699394
vt 0.610485 0.733265
vt 0.644356 0.783956
vt 0.656250 0.843750
vt 0.375000 0.650000
vt 0.390625 0.650000
vt 0.390625 0.687500
vt 0.375000 0.687500
vt 0.609375 0.650000
vt 0.625000 0.650000
vt 0.625000 0.687500
vt 0.609375 0.687500
vt 0.593750 0.650000
vt 0.593750 0.687500
vt 0.578125 0.650000
vt 0.578125 0.687500
vt 0.562500 0.650000
vt 0.562500 0.687500
vt 0.546875 0.650000
vt 0.546875 0.687500
vt 0.531250 0.650000
vt 0.531250 0.687500
vt 0.515625 0.650000
vt 0.515625 0.687500
vt 0.500000 0.650000
vt 0.500000 0.687500
vt 0.484375 0.650000
vt 0.484375 0.687500
vt 0.468750 0.650000
vt 0.468750 0.687500
vt 0.453125 0.650000
vt 0.453125 0.687500
vt 0.437500 0.650000
vt 0.437500 0.687500
vt 0.421875 0.650000
vt 0.421875 0.687500
vt 0.406250 0.650000
vt 0.406250 0.687500
vt 0.375000 0.612500
vt 0.390625 0.612500
vt 0.609375 0.612500
vt 0.625000 0.612500
vt 0.593750 0.612500
vt 0.578125 0.612500
vt 0.562500 0.612500
vt 0.546875 0.612500
vt 0.531250 0.612500
vt 0.515625 0.612500
vt 0.500000 0.612500
vt 0.484375 0.612500
vt 0.468750 0.612500
vt 0.453125 0.612500
vt 0.437500 0.612500
vt 0.421875 0.612500
vt 0.406250 0.612500
vt 0.375000 0.575000
vt 0.390625 0.575000
vt 0.609375 0.575000
vt 0.625000 0.575000
vt 0.593750 0.575000
vt 0.578125 0.575000
vt 0.562500 0.575000
vt 0.546875 0.575000
vt 0.531250 0.575000
vt 0.515625 0.575000
vt 0.500000 0.575000
vt 0.484375 0.575000
vt 0.468750 0.575000
vt 0.453125 0.575000
vt 0.437500 0.575000
vt 0.421875 0.575000
vt 0.406250 0.575000
vt 0.375000 0.537500
vt 0.390625 0.537500
vt 0.609375 0.537500
vt 0.625000 0.537500
vt 0.593750 0.537500
vt 0.578125 0.537500
vt 0.562500 0.537500
vt 0.546875 0.537500
vt 0.531250 0.537500
vt 0.515625 0.537500
vt 0.500000 0.537500
vt 0.484375 0.537500
vt 0.468750 0.537500
vt 0.453125 0.537500
vt 0.437500 0.537500
vt 0.421875 0.537500
vt 0.406250 0.537500
vt 0.375000 0.500000
vt 0.390625 0.500000
vt 0.609375 0.500000
vt 0.625000 0.500000
vt 0.593750 0.500000
vt 0.578125 0.500000
vt 0.562500 0.500000
vt 0.546875 0.500000
vt 0.531250 0.500000
vt 0.515625 0.500000
vt 0.500000 0.500000
vt 0.484375 0.500000
vt 0.468750 0.500000
vt 0.453125 0.500000
vt 0.437500 0.500000
vt 0.421875 0.500000
vt 0.406250 0.500000
vt 0.375000 0.462500
vt 0.390625 0.462500
vt 0.609375 0.462500
vt 0.625000 0.462500
vt 0.593750 0.462500
vt 0.578125 0.462500
vt 0.562500 0.462500
vt 0.546875 0.462500
vt 0.531250 0.462500
vt 0.515625 0.462500
vt 0.500000 0.462500
vt 0.484375 0.462500
vt 0.468750 0.462500
vt 0.453125 0.462500
vt 0.437500 0.462500
vt 0.421875 0.462500
vt 0.406250 0.462500
vt 0.375000 0.425000
vt 0.390625 0.425000
vt 0.609375 0.425000
vt 0.625000 0.425000
vt 0.593750 0.425000
vt 0.578125 0.425000
vt 0.562500 0.425000
vt 0.546875 0.425000
vt 0.531250 0.425000
vt 0.515625 0.425000
vt 0.500000 0.425000
vt 0.484375 0.425000
vt 0.468750 0.425000
vt 0.453125 0.425000
vt 0.437500 0.425000
vt 0.421875 0.425000
vt 0.406250 0.425000
vt 0.375000 0.387500
vt 0.390625 0.387500
vt 0.609375 0.387500
vt 0.625000 0.387500
vt 0.593750 0.387500
vt 0.578125 0.387500
vt 0.562500 0.387500
vt 0.546875 0.387500
vt 0.531250 0.387500
vt 0.515625 0.387500
vt 0.500000 0.387500
vt 0.484375 0.387500
vt 0.468750 0.387500
vt 0.453125 0.387500
vt 0.437500 0.387500
vt 0.421875 0.387500
vt 0.406250 0.387500
vn 0.000000 -0.999994 -0.003420
vn 0.000000 -0.999994 0.003420
vn -0.214057 -0.976816 0.003180
vn -0.214057 -0.976816 -0.003180
vn -0.633722 -0.773551 -0.003761
vn -0.633722 -0.773551 0.003761
vn -0.817509 -0.575903 0.003891
vn -0.817509 -0.575903 -0.003891
vn -0.999981 -0.002796 0.005479
vn -0.999981 -0.002796 -0.005479
vn -0.999981 0.002796 -0.005479
vn -0.866029 0.002091 -0.499990
vn -0.866029 -0.002091 -0.499990
vn -0.499941 0.002091 -0.866057
vn -0.499941 -0.002091 -0.866057
vn -0.000000 0.002085 -0.999998
vn -0.000000 -0.002085 -0.999998
vn 0.999981 -0.002796 -0.005479
vn 0.999981 -0.002796 0.005479
vn 0.817509 -0.575903 0.003891
vn 0.817509 -0.575903 -0.003891
vn 0.633722 -0.773552 0.003761
vn 0.633722 -0.773552 -0.003761
vn 0.214057 -0.976816 -0.003180
vn 0.214057 -0.976816 0.003180
vn 0.499941 0.002091 -0.866057
vn 0.499941 -0.002091 -0.866057
vn 0.866029 0.002091 -0.499990
vn 0.866029 -0.002091 -0.499990
vn 0.999981 0.002796 -0.005479
vn -0.999981 0.002796 0.005479
vn -0.950598 0.310399 0.003915
vn -0.950598 0.310399 -0.003915
vn -0.633720 0.773555 -0.003572
vn -0.633720 0.773555 0.003572
vn -0.427522 0.903998 0.003558
vn -0.427522 0.903998 -0.003558
vn 0.000000 0.999994 0.003420
vn -0.000000 0.999994 -0.003420
vn 0.427522 0.903998 0.003558
vn 0.427522 0.903998 -0.003558
vn 0.633719 0.773555 0.003572
vn 0.633719 0.773555 -0.003572
vn 0.950599 0.310398 -0.003915
vn 0.950599 0.310398 0.003915
vn 0.999981 0.002796 0.005479
vn -0.866029 -0.002091 0.499990
vn -0.866029 0.002091 0.499990
vn -0.707098 -0.002086 0.707113
vn -0.707098 0.002086 0.707113
vn -0.258621 0.001953 0.965977
vn -0.258621 -0.001953 0.965977
vn 0.000000 -0.002085 0.999998
vn 0.000000 0.002085 0.999998
vn 0.258621 -0.001953 0.965977
vn 0.258621 0.001953 0.965977
vn 0.707098 0.002086 0.707113
vn 0.707098 -0.002086 0.707113
vn 0.866029 -0.002091 0.499990
vn 0.866029 0.002091 0.499990
vn -0.934175 -0.276025 -0.226114
vn -0.669027 -0.577240 -0.468185
vn -0.449281 -0.772161 -0.449350
vn -0.190889 -0.962864 -0.190928
vn 0.000000 -0.980902 -0.194505
vn -0.468135 -0.577267 -0.669039
vn 0.000001 -0.773559 -0.633724
vn 0.000001 -0.773559 -0.633724
vn -0.000000 -0.283363 -0.959013
vn -0.226070 -0.276027 -0.934185
vn 0.190890 -0.962864 -0.190928
vn 0.449282 -0.772160 -0.449350
vn 0.669027 -0.577240 -0.468185
vn 0.934175 -0.276025 -0.226114
vn 0.468136 -0.577267 -0.669038
vn 0.226070 -0.276027 -0.934185
vn 0.000000 0.980900 -0.194513
vn -0.190889 0.962863 -0.190936
vn -0.449299 0.772138 -0.449370
vn -0.669017 0.577226 -0.468216
vn -0.934176 0.276013 -0.226122
vn -0.468163 0.577254 -0.669030
vn -0.226081 0.276018 -0.934185
vn -0.000001 0.283354 -0.959015
vn 0.000000 0.773560 -0.633723
vn 0.000000 0.773560 -0.633723
vn 0.934176 0.276013 -0.226122
vn 0.669016 0.577226 -0.468217
vn 0.449299 0.772138 -0.449370
vn 0.190889 0.962863 -0.190937
vn 0.468163 0.577254 -0.669030
vn 0.226081 0.276017 -0.934185
vn 0.000001 0.283354 0.959015
vn -0.226082 0.276017 0.934185
vn -0.468167 0.577259 0.669022
vn -0.669015 0.577228 0.468216
vn -0.934174 0.276019 0.226125
vn -0.449301 0.772137 0.449370
vn -0.190891 0.962862 0.190938
vn 0.000000 0.980900 0.194515
vn -0.000000 0.773564 0.633718
vn -0.000000 0.773564 0.633718
vn 0.934175 0.276017 0.226125
vn 0.669016 0.577228 0.468216
vn 0.468167 0.577259 0.669022
vn 0.226082 0.276017 0.934185
vn 0.449301 0.772138 0.449369
vn 0.190891 0.962862 0.190939
vn 0.000000 -0.980901 0.194507
vn -0.190891 -0.962864 0.190930
vn -0.449283 -0.772160 0.449349
vn -0.669026 -0.577241 0.468184
vn -0.934173 -0.276030 0.226117
vn -0.468140 -0.577272 0.669031
vn -0.226069 -0.276027 0.934185
vn 0.000000 -0.283363 0.959013
vn 0.000000 -0.773564 0.633719
vn 0.000000 -0.773563 0.633719
vn 0.934173 -0.276028 0.226117
vn 0.669026 -0.577241 0.468184
vn 0.449283 -0.772160 0.449349
vn 0.190892 -0.962864 0.190931
vn 0.468140 -0.577272 0.669031
vn 0.226069 -0.276027 0.934185
vn 0.770525 -0.537522 0.342580
vn 0.798647 -0.503949 0.328936
vn 0.647185 -0.410407 0.642431
vn 0.608117 -0.424225 0.670989
vn 0.375874 -0.241375 0.894682
vn 0.312406 -0.217929 0.924613
vn 0.005572 -0.007952 0.999953
vn -0.075101 0.052401 0.995798
vn -0.367861 0.230380 0.900890
vn -0.427190 0.298012 0.853638
vn -0.643199 0.408080 0.647894
vn -0.660859 0.461018 0.592222
vn -0.795583 0.507259 0.331263
vn -0.783024 0.546241 0.297481
vn -0.842850 0.538148 0.000036
vn -0.820154 0.572143 0.000033
vn -0.795597 0.507269 -0.331216
vn -0.783035 0.546248 -0.297439
vn -0.643204 0.408082 -0.647887
vn -0.660873 0.461028 -0.592200
vn -0.367905 0.230406 -0.900866
vn -0.427189 0.298009 -0.853639
vn 0.005566 -0.007956 -0.999953
vn -0.075153 0.052427 -0.995793
vn 0.375855 -0.241359 -0.894695
vn 0.312388 -0.217923 -0.924621
vn 0.647223 -0.410434 -0.642376
vn 0.608159 -0.424254 -0.670933
vn 0.798638 -0.503944 -0.328966
vn 0.770517 -0.537518 -0.342606
vn 0.846060 -0.533088 -0.000038
vn 0.820154 -0.572144 -0.000042
vn 0.000000 -1.000000 -0.000000
vn 0.000000 -1.000000 0.000000
vn 0.000000 -1.000000 0.000000
vn 0.000000 -1.000000 0.000000
vn 0.000000 -1.000000 -0.000001
vn 0.000000 -1.000000 0.000000
vn 0.000000 -1.000000 0.000000
vn 0.000000 -1.000000 0.000000
vn 0.000000 -1.000000 0.000001
vn 0.000000 -1.000000 0.000000
vn 0.000000 -1.000000 -0.000001
vn 0.000000 -1.000000 0.000000
vn 0.000000 -1.000000 0.000000
vn 0.000000 -1.000000 0.000000
vn 0.000000 -1.000000 0.000000
vn 0.000000 -1.000000 -0.000001
vn 0.000000 -1.000000 0.000000
vn 0.000000 1.000000 -0.000001
vn 0.000000 1.000000 -0.000000
vn 0.000000 1.000000 -0.000001
vn 0.000000 1.000000 -0.000002
vn 0.000000 1.000000 0.000000
vn 0.000000 1.000000 0.000000
vn 0.000000 1.000000 0.000001
vn 0.000000 1.000000 -0.000001
vn 0.000000 1.000000 -0.000001
vn 0.000000 1.000000 0.000001
vn 0.000000 1.000000 -0.000001
vn 0.000000 1.000000 0.000000
vn 0.000000 1.000000 0.000003
vn 0.000000 1.000000 0.000002
vn 0.000000 1.000000 -0.000004
vn 0.000000 1.000000 0.000001
vn 0.000000 1.000000 0.000002
vn 0.798647 0.503949 0.328936
vn 0.770525 0.537522 0.342580
vn 0.608118 0.424225 0.670989
vn 0.647186 0.410407 0.642430
vn 0.846060 0.533087 -0.000046
vn 0.820154 0.572143 -0.000047
vn 0.798638 0.503944 -0.328965
vn 0.770518 0.537516 -0.342605
vn 0.647227 0.410435 -0.642371
vn 0.608160 0.424255 -0.670931
vn 0.375855 0.241359 -0.894695
vn 0.312388 0.217923 -0.924621
vn 0.005566 0.007956 -0.999953
vn -0.075153 -0.052427 -0.995793
vn -0.367905 -0.230406 -0.900866
vn -0.427189 -0.298009 -0.853640
vn -0.643203 -0.408082 -0.647888
vn -0.660872 -0.461027 -0.592201
vn -0.795597 -0.507269 -0.331216
vn -0.783035 -0.546248 -0.297439
vn -0.842850 -0.538148 0.000035
vn -0.820154 -0.572143 0.000033
vn -0.795583 -0.507260 0.331263
vn -0.783024 -0.546241 0.297481
vn -0.643199 -0.408080 0.647894
vn -0.660860 -0.461018 0.592222
vn -0.367892 -0.230396 0.900874
vn -0.427203 -0.298018 0.853629
vn 0.005564 0.007954 0.999953
vn -0.075122 -0.052405 0.995796
vn 0.375910 0.241398 0.894661
vn 0.312437 0.217957 0.924596
vn 0.841242 0.415634 0.345777
vn 0.669984 0.333081 0.663460
vn 0.896863 0.442309 -0.000050
vn 0.841231 0.415630 -0.345807
vn 0.670029 0.333107 -0.663401
vn 0.381536 0.192584 -0.904070
vn 0.007310 0.007839 -0.999943
vn -0.370336 -0.181285 -0.911036
vn -0.664192 -0.330334 -0.670618
vn -0.837888 -0.419276 -0.349502
vn -0.893964 -0.448138 0.000038
vn -0.837872 -0.419268 0.349550
vn -0.664187 -0.330332 0.670624
vn -0.370322 -0.181276 0.911044
vn 0.007307 0.007837 0.999943
vn 0.381593 0.192615 0.904039
vn 0.882709 0.299596 0.362032
vn 0.691331 0.236369 0.682782
vn 0.947158 0.320769 -0.000053
vn 0.882730 0.299622 -0.361960
vn 0.691361 0.236410 -0.682738
vn 0.386757 0.134575 -0.912309
vn 0.009035 0.006405 -0.999939
vn -0.372132 -0.124970 -0.919728
vn -0.683330 -0.233717 -0.691691
vn -0.879308 -0.302899 -0.367518
vn -0.945263 -0.326311 0.000040
vn -0.879289 -0.302892 0.367569
vn -0.683325 -0.233715 0.691697
vn -0.372117 -0.124963 0.919736
vn 0.009032 0.006403 0.999939
vn 0.386850 0.134600 0.912266
vn 0.913814 0.157882 0.374189
vn 0.706890 0.123125 0.696525
vn 0.985469 0.169854 -0.000055
vn 0.913874 0.157893 -0.374038
vn 0.706932 0.123125 -0.696482
vn 0.390525 0.069321 -0.917979
vn 0.010375 0.003642 -0.999940
vn -0.373135 -0.063714 -0.925587
vn -0.696836 -0.121383 -0.706884
vn -0.910561 -0.159857 -0.381215
vn -0.984867 -0.173312 0.000042
vn -0.910539 -0.159853 0.381267
vn -0.696831 -0.121382 0.706890
vn -0.373108 -0.063712 0.925598
vn 0.010373 0.003638 0.999940
vn 0.390648 0.069348 0.917924
vn 0.925492 -0.000000 0.378767
vn 0.712666 0.000000 0.701503
vn 1.000000 0.000001 -0.000052
vn 0.925556 0.000001 -0.378612
vn 0.712665 0.000000 -0.701505
vn 0.391925 -0.000000 -0.919997
vn 0.010893 0.000000 -0.999941
vn -0.373437 -0.000000 -0.927655
vn -0.701711 -0.000000 -0.712462
vn -0.922332 -0.000000 -0.386399
vn -1.000000 -0.000000 0.000042
vn -0.922310 -0.000000 0.386451
vn -0.701706 -0.000000 0.712467
vn -0.373383 -0.000004 0.927678
vn 0.010884 -0.000005 0.999941
vn 0.392049 -0.000001 0.919945
vn 0.913814 -0.157883 0.374189
vn 0.706890 -0.123126 0.696525
vn 0.985469 -0.169854 -0.000045
vn 0.913874 -0.157892 -0.374037
vn 0.706926 -0.123124 -0.696488
vn 0.390525 -0.069322 -0.917979
vn 0.010375 -0.003642 -0.999940
vn -0.373135 0.063714 -0.925587
vn -0.696836 0.121383 -0.706884
vn -0.910560 0.159858 -0.381215
vn -0.984867 0.173313 0.000042
vn -0.910539 0.159854 0.381268
vn -0.696831 0.121383 0.706890
vn -0.373068 0.063701 0.925614
vn 0.010366 -0.003641 0.999940
vn 0.390616 -0.069345 0.917938
vn 0.882708 -0.299598 0.362032
vn 0.691330 -0.236372 0.682782
vn 0.947157 -0.320772 -0.000040
vn 0.882729 -0.299624 -0.361959
vn 0.691353 -0.236410 -0.682745
vn 0.386757 -0.134576 -0.912309
vn 0.009035 -0.006405 -0.999939
vn -0.372132 0.124971 -0.919728
vn -0.683330 0.233719 -0.691691
vn -0.879307 0.302902 -0.367517
vn -0.945262 0.326314 0.000040
vn -0.879288 0.302895 0.367569
vn -0.683324 0.233718 0.691697
vn -0.372067 0.124946 0.919758
vn 0.009027 -0.006400 0.999939
vn 0.386806 -0.134587 0.912287
vn 0.841241 -0.415634 0.345777
vn 0.669983 -0.333081 0.663460
vn 0.896863 -0.442309 -0.000038
vn 0.841231 -0.415629 -0.345807
vn 0.670023 -0.333104 -0.663408
vn 0.381536 -0.192584 -0.904070
vn 0.007310 -0.007839 -0.999943
vn -0.370336 0.181285 -0.911036
vn -0.664192 0.330334 -0.670618
vn -0.837888 0.419277 -0.349501
vn -0.893964 0.448138 0.000038
vn -0.837872 0.419268 0.349550
vn -0.664187 0.330332 0.670624
vn -0.370275 0.181252 0.911068
vn 0.007303 -0.007833 0.999943
vn 0.381549 -0.192595 0.904062
s 1
g cabinetdoorleft1
usemtl initialShadingGroup
f 3/1/1 51/10/2 43/56/3 2/19/4
s 2
f 2/19/5 43/56/6 44/58/7 1/17/8
f 1/18/8 44/57/7 45/6/9 9/14/10
f 9/14/10 17/15/11 18/33/12 8/24/13
f 8/24/13 18/33/12 19/34/14 7/23/15
f 7/23/15 19/34/14 20/4/16 6/2/17
f 12/3/18 56/9/19 52/65/20 11/26/21
f 11/27/21 52/64/20 53/66/22 10/25/23
s 1
f 10/25/24 53/66/25 51/10/2 3/1/1
s 2
f 6/2/17 20/4/16 26/40/26 14/29/27
f 14/29/27 26/40/26 27/41/28 13/28/29
f 13/28/29 27/41/28 28/5/30 12/3/18
f 17/15/11 31/16/31 32/46/32 16/31/33
f 16/32/34 32/45/35 33/47/36 15/30/37
f 15/30/37 33/47/36 34/7/38 23/12/39
f 23/12/39 34/7/38 40/53/40 25/39/41
f 25/39/41 40/53/40 41/55/42 24/37/43
f 24/38/44 41/54/45 42/8/46 28/5/30
f 31/16/31 45/6/9 46/60/47 30/43/48
f 30/44/48 46/59/47 47/61/49 29/42/50
s 6
f 29/42/51 47/61/52 48/11/53 37/13/54
f 37/13/54 48/11/53 54/67/55 39/52/56
s 2
f 39/52/57 54/67/58 55/69/59 38/50/60
f 38/51/60 55/68/59 56/9/19 42/8/46
f 12/3/18 28/5/30 42/8/46 56/9/19
f 45/6/9 31/16/31 17/15/11 9/14/10
f 8/24/13 57/70/61 1/18/8 9/14/10
f 57/71/62 58/73/63 2/19/5 1/17/8
s 1
f 2/19/4 58/73/64 4/21/65 3/1/1
s 2
f 58/72/63 59/74/66 5/22/67 4/20/68
f 5/22/69 59/74/70 7/23/15 6/2/17
f 59/74/66 57/70/62 8/24/13 7/23/15
f 57/70/62 59/74/66 58/72/63
s 1
f 4/21/65 60/76/71 10/25/24 3/1/1
s 2
f 60/76/72 61/78/73 11/27/21 10/25/23
f 11/26/21 61/77/74 13/28/29 12/3/18
f 61/77/73 62/79/75 14/29/27 13/28/29
f 14/29/27 62/79/76 5/22/69 6/2/17
f 62/79/75 60/75/72 4/20/68 5/22/67
f 60/75/72 62/79/75 61/77/73
f 22/36/77 63/80/78 15/30/37 23/12/39
f 63/80/79 64/81/80 16/32/34 15/30/37
f 16/31/33 64/81/81 18/33/12 17/15/11
f 64/81/80 65/82/82 19/34/14 18/33/12
f 19/34/14 65/82/83 21/35/84 20/4/16
f 65/82/82 63/80/79 22/36/85 21/35/86
f 63/80/79 65/82/82 64/81/80
f 27/41/28 66/83/87 24/38/44 28/5/30
f 66/83/88 67/84/89 25/39/41 24/37/43
f 25/39/41 67/84/90 22/36/77 23/12/39
f 67/84/89 68/85/91 21/35/86 22/36/85
f 21/35/84 68/85/92 26/40/26 20/4/16
f 68/85/91 66/83/88 27/41/28 26/40/26
f 66/83/88 68/85/91 67/84/89
s 6
f 36/49/93 69/86/94 29/42/51 37/13/54
s 2
f 69/86/95 70/87/96 30/44/48 29/42/50
f 30/43/48 70/88/97 32/46/32 31/16/31
f 70/87/96 71/89/98 33/47/36 32/45/35
f 33/47/36 71/89/99 35/48/100 34/7/38
f 71/89/98 69/86/95 36/49/101 35/48/102
f 69/86/95 71/89/98 70/87/96
f 41/54/45 72/91/103 38/51/60 42/8/46
f 72/90/104 73/92/105 39/52/57 38/50/60
s 6
f 39/52/56 73/92/106 36/49/93 37/13/54
s 2
f 73/92/105 74/93/107 35/48/102 36/49/101
f 35/48/100 74/93/108 40/53/40 34/7/38
f 74/93/107 72/90/104 41/55/42 40/53/40
f 72/90/104 74/93/107 73/92/105
s 1
f 50/63/109 75/94/110 43/56/3 51/10/2
s 2
f 75/94/111 76/95/112 44/58/7 43/56/6
f 44/57/7 76/96/113 46/60/47 45/6/9
f 76/95/112 77/97/114 47/61/49 46/59/47
s 6
f 47/61/52 77/97/115 49/62/116 48/11/53
s 2
f 77/97/114 75/94/111 50/63/117 49/62/118
f 75/94/111 77/97/114 76/95/112
f 55/68/59 78/99/119 52/65/20 56/9/19
f 78/98/120 79/100/121 53/66/22 52/64/20
s 1
f 53/66/25 79/100/122 50/63/109 51/10/2
s 2
f 79/100/121 80/101/123 49/62/118 50/63/117
s 6
f 49/62/116 80/101/124 54/67/55 48/11/53
s 2
f 80/101/123 78/98/120 55/69/59 54/67/58
f 78/98/120 80/101/123 79/100/121
s 8
f 81/102/125 244/105/126 243/104/127 82/103/128
f 82/103/128 243/104/127 258/107/129 83/106/130
f 83/106/130 258/107/129 257/109/131 84/108/132
f 84/108/132 257/109/131 256/111/133 85/110/134
f 85/110/134 256/111/133 255/113/135 86/112/136
f 86/112/136 255/113/135 254/115/137 87/114/138
f 87/114/138 254/115/137 253/117/139 88/116/140
f 88/116/140 253/117/139 252/119/141 89/118/142
f 89/118/142 252/119/141 251/121/143 90/120/144
f 90/120/144 251/121/143 250/123/145 91/122/146
f 91/122/146 250/123/145 249/125/147 92/124/148
f 92/124/148 249/125/147 248/127/149 93/126/150
f 93/126/150 248/127/149 247/129/151 94/128/152
f 94/128/152 247/129/151 246/131/153 95/130/154
f 95/130/154 246/131/153 245/133/155 96/132/156
f 96/132/156 245/133/155 244/135/126 81/134/125
s 9
f 82/136/157 113/138/158 81/137/159
f 83/139/160 113/138/158 82/136/157
f 84/140/161 113/138/158 83/139/160
f 85/141/162 113/138/158 84/140/161
f 86/142/163 113/138/158 85/141/162
f 87/143/164 113/138/158 86/142/163
f 88/144/165 113/138/158 87/143/164
f 89/145/166 113/138/158 88/144/165
f 90/146/167 113/138/158 89/145/166
f 91/147/168 113/138/158 90/146/167
f 92/148/169 113/138/158 91/147/168
f 93/149/170 113/138/158 92/148/169
f 94/150/171 113/138/158 93/149/170
f 95/151/172 113/138/158 94/150/171
f 96/152/173 113/138/158 95/151/172
f 81/137/159 113/138/158 96/152/173
s 10
f 97/153/174 114/155/175 98/154/176
f 98/154/176 114/155/175 99/156/177
f 99/156/177 114/155/175 100/157/178
f 100/157/178 114/155/175 101/158/179
f 101/158/179 114/155/175 102/159/180
f 102/159/180 114/155/175 103/160/181
f 103/160/181 114/155/175 104/161/182
f 104/161/182 114/155/175 105/162/183
f 105/162/183 114/155/175 106/163/184
f 106/163/184 114/155/175 107/164/185
f 107/164/185 114/155/175 108/165/186
f 108/165/186 114/155/175 109/166/187
f 109/166/187 114/155/175 110/167/188
f 110/167/188 114/155/175 111/168/189
f 111/168/189 114/155/175 112/169/190
f 112/169/190 114/155/175 97/153/174
s 8
f 116/170/191 97/173/192 98/172/193 115/171/194
f 117/174/195 112/177/196 97/176/192 116/175/191
f 118/178/197 111/179/198 112/177/196 117/174/195
f 119/180/199 110/181/200 111/179/198 118/178/197
f 120/182/201 109/183/202 110/181/200 119/180/199
f 121/184/203 108/185/204 109/183/202 120/182/201
f 122/186/205 107/187/206 108/185/204 121/184/203
f 123/188/207 106/189/208 107/187/206 122/186/205
f 124/190/209 105/191/210 106/189/208 123/188/207
f 125/192/211 104/193/212 105/191/210 124/190/209
f 126/194/213 103/195/214 104/193/212 125/192/211
f 127/196/215 102/197/216 103/195/214 126/194/213
f 128/198/217 101/199/218 102/197/216 127/196/215
f 129/200/219 100/201/220 101/199/218 128/198/217
f 130/202/221 99/203/222 100/201/220 129/200/219
f 115/171/194 98/172/193 99/203/222 130/202/221
f 132/204/223 116/170/191 115/171/194 131/205/224
f 133/206/225 117/174/195 116/175/191 132/207/223
f 134/208/226 118/178/197 117/174/195 133/206/225
f 135/209/227 119/180/199 118/178/197 134/208/226
f 136/210/228 120/182/201 119/180/199 135/209/227
f 137/211/229 121/184/203 120/182/201 136/210/228
f 138/212/230 122/186/205 121/184/203 137/211/229
f 139/213/231 123/188/207 122/186/205 138/212/230
f 140/214/232 124/190/209 123/188/207 139/213/231
f 141/215/233 125/192/211 124/190/209 140/214/232
f 142/216/234 126/194/213 125/192/211 141/215/233
f 143/217/235 127/196/215 126/194/213 142/216/234
f 144/218/236 128/198/217 127/196/215 143/217/235
f 145/219/237 129/200/219 128/198/217 144/218/236
f 146/220/238 130/202/221 129/200/219 145/219/237
f 131/205/224 115/171/194 130/202/221 146/220/238
f 148/221/239 132/204/223 131/205/224 147/222/240
f 149/223/241 133/206/225 132/207/223 148/224/239
f 150/225/242 134/208/226 133/206/225 149/223/241
f 151/226/243 135/209/227 134/208/226 150/225/242
f 152/227/244 136/210/228 135/209/227 151/226/243
f 153/228/245 137/211/229 136/210/228 152/227/244
f 154/229/246 138/212/230 137/211/229 153/228/245
f 155/230/247 139/213/231 138/212/230 154/229/246
f 156/231/248 140/214/232 139/213/231 155/230/247
f 157/232/249 141/215/233 140/214/232 156/231/248
f 158/233/250 142/216/234 141/215/233 157/232/249
f 159/234/251 143/217/235 142/216/234 158/233/250
f 160/235/252 144/218/236 143/217/235 159/234/251
f 161/236/253 145/219/237 144/218/236 160/235/252
f 162/237/254 146/220/238 145/219/237 161/236/253
f 147/222/240 131/205/224 146/220/238 162/237/254
f 164/238/255 148/221/239 147/222/240 163/239/256
f 165/240/257 149/223/241 148/224/239 164/241/255
f 166/242/258 150/225/242 149/223/241 165/240/257
f 167/243/259 151/226/243 150/225/242 166/242/258
f 168/244/260 152/227/244 151/226/243 167/243/259
f 169/245/261 153/228/245 152/227/244 168/244/260
f 170/246/262 154/229/246 153/228/245 169/245/261
f 171/247/263 155/230/247 154/229/246 170/246/262
f 172/248/264 156/231/248 155/230/247 171/247/263
f 173/249/265 157/232/249 156/231/248 172/248/264
f 174/250/266 158/233/250 157/232/249 173/249/265
f 175/251/267 159/234/251 158/233/250 174/250/266
f 176/252/268 160/235/252 159/234/251 175/251/267
f 177/253/269 161/236/253 160/235/252 176/252/268
f 178/254/270 162/237/254 161/236/253 177/253/269
f 163/239/256 147/222/240 162/237/254 178/254/270
f 180/255/271 164/238/255 163/239/256 179/256/272
f 181/257/273 165/240/257 164/241/255 180/258/271
f 182/259/274 166/242/258 165/240/257 181/257/273
f 183/260/275 167/243/259 166/242/258 182/259/274
f 184/261/276 168/244/260 167/243/259 183/260/275
f 185/262/277 169/245/261 168/244/260 184/261/276
f 186/263/278 170/246/262 169/245/261 185/262/277
f 187/264/279 171/247/263 170/246/262 186/263/278
f 188/265/280 172/248/264 171/247/263 187/264/279
f 189/266/281 173/249/265 172/248/264 188/265/280
f 190/267/282 174/250/266 173/249/265 189/266/281
f 191/268/283 175/251/267 174/250/266 190/267/282
f 192/269/284 176/252/268 175/251/267 191/268/283
f 193/270/285 177/253/269 176/252/268 192/269/284
f 194/271/286 178/254/270 177/253/269 193/270/285
f 179/256/272 163/239/256 178/254/270 194/271/286
f 196/272/287 180/255/271 179/256/272 195/273/288
f 197/274/289 181/257/273 180/258/271 196/275/287
f 198/276/290 182/259/274 181/257/273 197/274/289
f 199/277/291 183/260/275 182/259/274 198/276/290
f 200/278/292 184/261/276 183/260/275 199/277/291
f 201/279/293 185/262/277 184/261/276 200/278/292
f 202/280/294 186/263/278 185/262/277 201/279/293
f 203/281/295 187/264/279 186/263/278 202/280/294
f 204/282/296 188/265/280 187/264/279 203/281/295
f 205/283/297 189/266/281 188/265/280 204/282/296
f 206/284/298 190/267/282 189/266/281 205/283/297
f 207/285/299 191/268/283 190/267/282 206/284/298
f 208/286/300 192/269/284 191/268/283 207/285/299
f 209/287/301 193/270/285 192/269/284 208/286/300
f 210/288/302 194/271/286 193/270/285 209/287/301
f 195/273/288 179/256/272 194/271/286 210/288/302
f 212/289/303 196/272/287 195/273/288 211/290/304
f 213/291/305 197/274/289 196/275/287 212/292/303
f 214/293/306 198/276/290 197/274/289 213/291/305
f 215/294/307 199/277/291 198/276/290 214/293/306
f 216/295/308 200/278/292 199/277/291 215/294/307
f 217/296/309 201/279/293 200/278/292 216/295/308
f 218/297/310 202/280/294 201/279/293 217/296/309
f 219/298/311 203/281/295 202/280/294 218/297/310
f 220/299/312 204/282/296 203/281/295 219/298/311
f 221/300/313 205/283/297 204/282/296 220/299/312
f 222/301/314 206/284/298 205/283/297 221/300/313
f 223/302/315 207/285/299 206/284/298 222/301/314
f 224/303/316 208/286/300 207/285/299 223/302/315
f 225/304/317 209/287/301 208/286/300 224/303/316
f 226/305/318 210/288/302 209/287/301 225/304/317
f 211/290/304 195/273/288 210/288/302 226/305/318
f 228/306/319 212/289/303 211/290/304 227/307/320
f 229/308/321 213/291/305 212/292/303 228/309/319
f 230/310/322 214/293/306 213/291/305 229/308/321
f 231/311/323 215/294/307 214/293/306 230/310/322
f 232/312/324 216/295/308 215/294/307 231/311/323
f 233/313/325 217/296/309 216/295/308 232/312/324
f 234/314/326 218/297/310 217/296/309 233/313/325
f 235/315/327 219/298/311 218/297/310 234/314/326
f 236/316/328 220/299/312 219/298/311 235/315/327
f 237/317/329 221/300/313 220/299/312 236/316/328
f 238/318/330 222/301/314 221/300/313 237/317/329
f 239/319/331 223/302/315 222/301/314 238/318/330
f 240/320/332 224/303/316 223/302/315 239/319/331
f 241/321/333 225/304/317 224/303/316 240/320/332
f 242/322/334 226/305/318 225/304/317 241/321/333
f 227/307/320 211/290/304 226/305/318 242/322/334
f 244/105/126 228/306/319 227/307/320 243/104/127
f 245/133/155 229/308/321 228/309/319 244/135/126
f 246/131/153 230/310/322 229/308/321 245/133/155
f 247/129/151 231/311/323 230/310/322 246/131/153
f 248/127/149 232/312/324 231/311/323 247/129/151
f 249/125/147 233/313/325 232/312/324 248/127/149
f 250/123/145 234/314/326 233/313/325 249/125/147
f 251/121/143 235/315/327 234/314/326 250/123/145
f 252/119/141 236/316/328 235/315/327 251/121/143
f 253/117/139 237/317/329 236/316/328 252/119/141
f 254/115/137 238/318/330 237/317/329 253/117/139
f 255/113/135 239/319/331 238/318/330 254/115/137
f 256/111/133 240/320/332 239/319/331 255/113/135
f 257/109/131 241/321/333 240/320/332 256/111/133
f 258/107/129 242/322/334 241/321/333 257/109/131
f 243/104/127 227/307/320 242/322/334 258/107/129
g default
v -22.391724 0.382954 44.686527
v -22.077698 0.102612 44.686527
v -21.648682 0.000000 44.686527
v -21.648682 0.102612 45.069477
v -21.648682 0.382954 45.349819
v -21.648682 0.765911 45.452438
v -22.077698 0.765911 45.349819
v -22.391724 0.765911 45.069477
v -22.506714 0.765911 44.686527
v 11.389893 0.102612 44.686527
v 11.703979 0.382954 44.686527
v 11.818909 0.765911 44.686527
v 11.703979 0.765911 45.069477
v 11.389893 0.765911 45.349819
v 10.960876 0.765911 45.452438
v 10.960876 0.382954 45.349819
v 10.960876 0.102612 45.069477
v 10.960876 0.000000 44.686527
v -22.077698 73.531021 44.686527
v -22.391724 73.250687 44.686527
v -22.506714 72.867722 44.686527
v -22.391724 72.867722 45.069477
v -22.077698 72.867722 45.349819
v -21.648682 72.867722 45.452438
v -21.648682 73.250687 45.349819
v -21.648682 73.531021 45.069477
v -21.648682 73.633636 44.686527
v 11.703979 73.250687 44.686527
v 11.389893 73.531021 44.686527
v 10.960876 73.633636 44.686527
v 10.960876 73.531021 45.069477
v 10.960876 73.250687 45.349819
v 10.960876 72.867722 45.452438
v 11.389893 72.867722 45.349819
v 11.703979 72.867722 45.069477
v 11.818909 72.867722 44.686527
v -22.077698 72.867722 -34.043217
v -22.391724 72.867722 -33.762875
v -22.506714 72.867722 -33.379925
v -22.391724 73.250687 -33.379925
v -22.077698 73.531021 -33.379925
v -21.648682 73.633636 -33.379925
v -21.648682 73.531021 -33.762875
v -21.648682 73.250687 -34.043217
v -21.648682 72.867722 -34.145836
v 11.703979 72.867722 -33.762875
v 11.389893 72.867722 -34.043217
v 10.960876 72.867722 -34.145836
v 10.960876 73.250687 -34.043217
v 10.960876 73.531021 -33.762875
v 10.960876 73.633636 -33.379925
v 11.389893 73.531021 -33.379925
v 11.703979 73.250687 -33.379925
v 11.818909 72.867722 -33.379925
v -22.077698 0.102612 -33.379925
v -22.391724 0.382954 -33.379925
v -22.506714 0.765911 -33.379925
v -22.391724 0.765911 -33.762875
v -22.077698 0.765911 -34.043217
v -21.648682 0.765911 -34.145836
v -21.648682 0.382954 -34.043217
v -21.648682 0.102612 -33.762875
v -21.648682 0.000000 -33.379925
v 11.703979 0.382954 -33.379925
v 11.389893 0.102612 -33.379925
v 10.960876 0.000000 -33.379925
v 10.960876 0.102612 -33.762875
v 10.960876 0.382954 -34.043217
v 10.960876 0.765911 -34.145836
v 11.389893 0.765911 -34.043217
v 11.703979 0.765911 -33.762875
v 11.818909 0.765911 -33.379925
v -22.327209 0.434971 45.017467
v -22.019409 0.160210 45.017467
v -22.019409 0.434971 45.292225
v 11.331604 0.160210 45.017467
v 11.639465 0.434971 45.017467
v 11.331604 0.434971 45.292225
v -22.019409 73.473434 45.017467
v -22.327209 73.198669 45.017467
v -22.019409 73.198669 45.292225
v 11.639465 73.198669 45.017467
v 11.331604 73.473434 45.017467
v 11.331604 73.198669 45.292225
v -22.019409 73.198669 -33.985622
v -22.327209 73.198669 -33.710865
v -22.019409 73.473434 -33.710865
v 11.639465 73.198669 -33.710865
v 11.331604 73.198669 -33.985622
v 11.331604 73.473434 -33.710865
v -22.019409 0.160210 -33.710865
v -22.327209 0.434971 -33.710865
v -22.019409 0.434971 -33.985622
v 11.639465 0.434971 -33.710865
v 11.331604 0.160210 -33.710865
v 11.331604 0.434971 -33.985622
v 11.389893 73.531021 -31.429714
v 10.960876 73.633636 -31.429714
v -21.648682 73.633636 -31.429714
v -22.077698 73.531021 -31.429714
v -22.391724 73.250687 -31.429714
v -22.506714 72.867722 -31.429714
v -22.506714 0.765911 -31.429714
v -22.391724 0.382954 -31.429714
v -22.077698 0.102612 -31.429714
v -21.648682 0.000000 -31.429714
v 10.960876 0.000000 -31.429714
v 11.389893 0.102612 -31.429714
v 11.703979 0.382954 -31.429714
v 11.818909 0.765911 -31.429714
v 11.818909 72.867722 -31.429714
v 11.703979 73.250687 -31.429714
v 11.818909 72.867722 42.833515
v 11.703979 73.250687 42.833515
v 11.389893 73.531021 42.833515
v 10.960876 73.633636 42.833515
v -21.648682 73.633636 42.833515
v -22.077698 73.531021 42.833515
v -22.391724 73.250687 42.833515
v -22.506714 72.867722 42.833515
v -22.506714 0.765911 42.833515
v -22.391724 0.382954 42.833515
v -22.077698 0.102612 42.833515
v -21.648682 0.000000 42.833515
v 10.960876 0.000000 42.833515
v 11.389893 0.102612 42.833515
v 11.703979 0.382954 42.833515
v 11.818909 0.765911 42.833515
v 11.818909 70.485649 44.686527
v 11.703979 70.485649 45.069477
v 11.389893 70.485649 45.349819
v 10.960876 70.485649 45.452438
v -21.648682 70.485649 45.452438
v -22.077698 70.485649 45.349819
v -22.391724 70.485649 45.069477
v -22.506714 70.485649 44.686527
v -22.506714 70.485649 42.833515
v -22.506714 70.485649 -31.429714
v -22.506714 70.485649 -33.379925
v -22.391724 70.485649 -33.762875
v -22.077698 70.485649 -34.043217
v -21.648682 70.485649 -34.145836
v 10.960876 70.485649 -34.145836
v 11.389893 70.485649 -34.043217
v 11.703979 70.485649 -33.762875
v 11.818909 70.485649 -33.379925
v 11.818909 70.485649 -31.429714
v 11.818909 70.485649 42.833515
v 11.818848 1.901357 44.686527
v 11.703979 1.901357 45.069477
v 11.389893 1.901357 45.349819
v 10.960876 1.901355 45.452438
v -21.648743 1.901357 45.452438
v -22.077698 1.901357 45.349819
v -22.391724 1.901357 45.069477
v -22.506714 1.901355 44.686527
v -22.506714 1.901355 42.833515
v -22.506714 1.901355 -31.429714
v -22.506775 1.901357 -33.379925
v -22.391724 1.901355 -33.762875
v -22.077698 1.901355 -34.043217
v -21.648682 1.901355 -34.145836
v 10.960815 1.901357 -34.145836
v 11.389893 1.901355 -34.043217
v 11.703979 1.901355 -33.762875
v 11.818909 1.901355 -33.379925
v 11.818848 1.901357 -31.429714
v 11.818848 1.901357 42.833515
v -20.408813 1.901382 42.833515
v -20.408752 70.485680 42.833515
v -20.408813 1.901382 -31.429714
v -20.408752 70.485680 -31.429714
v -22.506714 23.792435 42.833515
v -22.506714 23.792435 44.686527
v -22.391724 23.792435 45.069477
v -22.077698 23.792435 45.349819
v -21.648743 23.792435 45.452438
v 10.960876 23.792435 45.452438
v 11.389893 23.792435 45.349819
v 11.703979 23.792435 45.069477
v 11.818848 23.792435 44.686527
v 11.818848 23.792435 42.833515
v -20.408813 23.792461 42.833515
v -20.408813 23.792461 -31.429714
v 11.818848 23.792435 -31.429714
v 11.818909 23.792435 -33.379925
v 11.703979 23.792435 -33.762875
v 11.389893 23.792435 -34.043217
v 10.960815 23.792435 -34.145836
v -21.648682 23.792435 -34.145836
v -22.077698 23.792435 -34.043217
v -22.391724 23.792435 -33.762875
v -22.506775 23.792435 -33.379925
v -22.506714 23.792435 -31.429714
v -20.408813 47.689548 42.833515
v 11.818848 47.689522 42.833515
v 11.818848 47.689522 44.686527
v 11.703979 47.689522 45.069477
v 11.389893 47.689522 45.349819
v 10.960876 47.689522 45.452438
v -21.648682 47.689522 45.452438
v -22.077698 47.689522 45.349819
v -22.391724 47.689522 45.069477
v -22.506714 47.689522 44.686527
v -22.506714 47.689522 42.833515
v -22.506714 47.689522 -31.429714
v -22.506714 47.689522 -33.379925
v -22.391724 47.689522 -33.762875
v -22.077698 47.689522 -34.043217
v -21.648682 47.689522 -34.145836
v 10.960815 47.689522 -34.145836
v 11.389893 47.689522 -34.043217
v 11.703979 47.689522 -33.762875
v 11.818909 47.689522 -33.379925
v 11.818848 47.689522 -31.429714
v -20.408813 47.689548 -31.429714
v -20.408813 21.831568 42.833515
v 11.818848 21.831543 42.833515
v 11.818848 21.831543 44.686527
v 11.703979 21.831543 45.069477
v 11.389893 21.831543 45.349819
v 10.960876 21.831543 45.452438
v -21.648743 21.831543 45.452438
v -22.077698 21.831543 45.349819
v -22.391724 21.831543 45.069477
v -22.506714 21.831543 44.686527
v -22.506714 21.831543 42.833515
v -22.506714 21.831543 -31.429714
v -22.506775 21.831543 -33.379925
v -22.391724 21.831543 -33.762875
v -22.077698 21.831543 -34.043217
v -21.648682 21.831543 -34.145836
v 10.960815 21.831543 -34.145836
v 11.389893 21.831543 -34.043217
v 11.703979 21.831543 -33.762875
v 11.818909 21.831543 -33.379925
v 11.818848 21.831543 -31.429714
v -20.408813 21.831568 -31.429714
v -20.408813 45.746532 42.833515
v 11.818848 45.746502 42.833515
v 11.818848 45.746502 44.686527
v 11.703979 45.746502 45.069477
v 11.389893 45.746502 45.349819
v 10.960876 45.746502 45.452442
v -21.648682 45.746502 45.452442
v -22.077698 45.746502 45.349819
v -22.391724 45.746502 45.069477
v -22.506714 45.746502 44.686527
v -22.506714 45.746502 42.833515
v -22.506714 45.746502 -31.429714
v -22.506714 45.746502 -33.379925
v -22.391724 45.746502 -33.762875
v -22.077698 45.746502 -34.043217
v -21.648682 45.746502 -34.145840
v 10.960815 45.746502 -34.145840
v 11.389893 45.746502 -34.043217
v 11.703979 45.746502 -33.762875
v 11.818909 45.746502 -33.379925
v 11.818848 45.746502 -31.429714
v -20.408813 45.746532 -31.429714
v 8.243652 23.501038 42.542091
v 7.952209 23.792461 42.833515
v 7.952209 23.792461 -31.429714
v 8.243652 23.501038 -31.138290
v 8.243652 22.122992 42.542091
v 7.952209 21.831568 42.833515
v 8.243652 22.122992 -31.138290
v 7.952209 21.831568 -31.429714
v 7.952209 47.689548 -31.429714
v 8.243652 47.398125 -31.138290
v 8.243652 47.398125 42.542091
v 7.952209 47.689548 42.833515
v 8.243652 46.037956 42.542091
v 7.952209 45.746532 42.833515
v 8.243652 46.037956 -31.138290
v 7.952209 45.746532 -31.429714
vt 0.381249 0.997594
vt 0.381249 0.002601
vt 0.618751 0.997594
vt 0.627406 0.002600
vt 0.381249 0.247400
vt 0.618751 0.247400
vt 0.627406 0.247400
vt 0.127406 0.002600
vt 0.381249 0.497594
vt 0.618751 0.497594
vt 0.872594 0.247400
vt 0.872594 0.002600
vt 0.618751 0.752405
vt 0.381249 0.747400
vt 0.618751 0.747400
vt 0.618751 0.002601
vt 0.381249 0.252405
vt 0.618751 0.252405
vt 0.381249 0.502601
vt 0.618751 0.502601
vt 0.381249 0.752405
vt 0.372594 0.002600
vt 0.372594 0.247400
vt 0.127406 0.247400
vt 0.479232 0.750000
vt 0.437696 -0.000000
vt 0.430529 0.873075
vt 0.441957 -0.000000
vt 0.480652 0.750000
vt 0.411343 0.007179
vt 0.378712 0.005810
vt 0.376039 0.004188
vt 0.569471 0.873075
vt 0.562304 0.000000
vt 0.520768 0.750000
vt 0.623961 0.002588
vt 0.621288 0.002592
vt 0.588657 0.001297
vt 0.519348 0.750000
vt 0.558043 0.000000
vt 0.378127 0.251742
vt 0.373921 0.250000
vt 0.375000 0.251079
vt 0.375477 0.247413
vt 0.378365 0.247409
vt 0.381259 0.249067
vt 0.381259 0.250733
vt 0.625000 0.251079
vt 0.626079 0.250000
vt 0.621873 0.251742
vt 0.618742 0.250733
vt 0.618741 0.249067
vt 0.621635 0.247408
vt 0.624523 0.247412
vt 0.378127 0.501885
vt 0.125000 0.248832
vt 0.375000 0.501168
vt 0.375000 0.498921
vt 0.126079 0.250000
vt 0.378127 0.498258
vt 0.381258 0.499264
vt 0.381258 0.500929
vt 0.625000 0.501168
vt 0.875000 0.248832
vt 0.621873 0.501885
vt 0.618742 0.500929
vt 0.618742 0.499264
vt 0.621873 0.498258
vt 0.873921 0.250000
vt 0.625000 0.498921
vt 0.378353 0.751202
vt 0.126356 -0.000000
vt 0.375452 0.750000
vt 0.375000 0.748832
vt 0.125000 0.001168
vt 0.378127 0.748115
vt 0.381259 0.749069
vt 0.381259 0.750732
vt 0.624548 0.750000
vt 0.873644 0.000000
vt 0.621647 0.751202
vt 0.618741 0.750732
vt 0.618742 0.749069
vt 0.621873 0.748115
vt 0.875000 0.001168
vt 0.625000 0.748832
vt 0.439052 0.000000
vt 0.479684 0.750000
vt 0.440601 0.000000
vt 0.480200 0.750000
vt 0.389927 0.399841
vt 0.559399 0.000000
vt 0.519800 0.750000
vt 0.560948 0.000000
vt 0.520316 0.750000
vt 0.610073 0.001052
vt 0.378637 0.250601
vt 0.375000 0.250000
vt 0.378696 0.249011
vt 0.625000 0.250000
vt 0.621363 0.250601
vt 0.621304 0.249011
vt 0.378623 0.500772
vt 0.375000 0.500000
vt 0.125000 0.250000
vt 0.378623 0.499356
vt 0.625000 0.500000
vt 0.875000 0.250000
vt 0.621377 0.500772
vt 0.621377 0.499356
vt 0.378692 0.750478
vt 0.375000 0.750000
vt 0.125000 0.000000
vt 0.378637 0.749195
vt 0.625000 0.750000
vt 0.875000 0.000000
vt 0.621308 0.750478
vt 0.621363 0.749195
vt 0.621873 0.492099
vt 0.618751 0.491469
vt 0.381249 0.491469
vt 0.378127 0.492099
vt 0.132271 0.250000
vt 0.375000 0.492729
vt 0.133531 0.247400
vt 0.133531 0.002600
vt 0.378044 0.750000
vt 0.134133 -0.000000
vt 0.379657 0.754246
vt 0.381249 0.758531
vt 0.618751 0.758531
vt 0.620343 0.754246
vt 0.865867 0.000000
vt 0.621956 0.750000
vt 0.866469 0.002600
vt 0.866469 0.247400
vt 0.625000 0.492729
vt 0.867729 0.250000
vt 0.633225 0.247400
vt 0.625000 0.256962
vt 0.631962 0.250000
vt 0.621873 0.257593
vt 0.618751 0.258225
vt 0.381249 0.258225
vt 0.378127 0.257593
vt 0.368038 0.250000
vt 0.375000 0.256962
vt 0.366775 0.247400
vt 0.366775 0.002600
vt 0.476769 0.750000
vt 0.430306 -0.000000
vt 0.429291 0.870182
vt 0.381249 0.991775
vt 0.618751 0.991775
vt 0.570709 0.870182
vt 0.569694 0.000000
vt 0.523231 0.750000
vt 0.633225 0.002600
vt 0.627406 0.239312
vt 0.624504 0.239324
vt 0.621624 0.239320
vt 0.618751 0.239312
vt 0.381249 0.239312
vt 0.378376 0.239427
vt 0.375496 0.239377
vt 0.372594 0.239312
vt 0.366775 0.239312
vt 0.133531 0.239312
vt 0.127406 0.239312
vt 0.125000 0.240650
vt 0.375000 0.509350
vt 0.378127 0.510019
vt 0.381249 0.510688
vt 0.618751 0.510688
vt 0.621873 0.510019
vt 0.625000 0.509350
vt 0.875000 0.240650
vt 0.872594 0.239312
vt 0.866469 0.239312
vt 0.633225 0.239312
vt 0.627406 0.006455
vt 0.623970 0.006443
vt 0.621293 0.006448
vt 0.618751 0.006456
vt 0.381249 0.006456
vt 0.378707 0.009615
vt 0.376030 0.008018
vt 0.372594 0.006455
vt 0.366775 0.006455
vt 0.133531 0.006455
vt 0.127406 0.006455
vt 0.125000 0.005068
vt 0.375000 0.744932
vt 0.378127 0.744238
vt 0.381249 0.743545
vt 0.618751 0.743545
vt 0.621873 0.744238
vt 0.625000 0.744932
vt 0.875000 0.005068
vt 0.872594 0.006455
vt 0.866469 0.006455
vt 0.633225 0.006455
vt 0.633225 0.239312
vt 0.633225 0.006455
vt 0.866469 0.006455
vt 0.866469 0.239312
vt 0.366775 0.080780
vt 0.372594 0.080780
vt 0.375860 0.081864
vt 0.378601 0.082967
vt 0.381249 0.080780
vt 0.618751 0.080780
vt 0.621399 0.080777
vt 0.624140 0.080775
vt 0.627406 0.080780
vt 0.633225 0.080780
vt 0.866469 0.080780
vt 0.872594 0.080780
vt 0.625000 0.669738
vt 0.875000 0.080262
vt 0.621873 0.669479
vt 0.618751 0.669220
vt 0.381249 0.669220
vt 0.378127 0.669479
vt 0.125000 0.080262
vt 0.375000 0.669738
vt 0.127406 0.080780
vt 0.133531 0.080780
vt 0.633225 0.161915
vt 0.627406 0.161915
vt 0.624326 0.161919
vt 0.621514 0.161918
vt 0.618751 0.161915
vt 0.381249 0.161915
vt 0.378486 0.163042
vt 0.375674 0.162478
vt 0.372594 0.161915
vt 0.366775 0.161915
vt 0.133531 0.161915
vt 0.127406 0.161915
vt 0.125000 0.162347
vt 0.375000 0.587653
vt 0.378127 0.587869
vt 0.381249 0.588085
vt 0.618751 0.588085
vt 0.621873 0.587869
vt 0.625000 0.587653
vt 0.875000 0.162347
vt 0.872594 0.161915
vt 0.866469 0.161915
vt 0.633225 0.074122
vt 0.627406 0.074122
vt 0.624125 0.074117
vt 0.621389 0.074119
vt 0.618751 0.074122
vt 0.381249 0.074122
vt 0.378611 0.076397
vt 0.375875 0.075249
vt 0.372594 0.074122
vt 0.366775 0.074122
vt 0.133531 0.074122
vt 0.127406 0.074122
vt 0.125000 0.073527
vt 0.375000 0.676473
vt 0.378127 0.676175
vt 0.381249 0.675878
vt 0.618751 0.675878
vt 0.621873 0.676175
vt 0.625000 0.676473
vt 0.875000 0.073527
vt 0.872594 0.074122
vt 0.866469 0.074122
vt 0.633225 0.155318
vt 0.627406 0.155318
vt 0.624311 0.155321
vt 0.621505 0.155320
vt 0.618751 0.155318
vt 0.381249 0.155318
vt 0.378495 0.156531
vt 0.375689 0.155923
vt 0.372594 0.155318
vt 0.366775 0.155318
vt 0.133531 0.155318
vt 0.127406 0.155318
vt 0.125000 0.155673
vt 0.375000 0.594327
vt 0.378127 0.594505
vt 0.381249 0.594682
vt 0.618751 0.594682
vt 0.621873 0.594505
vt 0.625000 0.594327
vt 0.875000 0.155673
vt 0.872594 0.155318
vt 0.866469 0.155318
vt 0.634141 0.079790
vt 0.865554 0.079790
vt 0.865554 0.075112
vt 0.865554 0.156307
vt 0.634141 0.075112
vt 0.865554 0.160925
vt 0.634141 0.160925
vt 0.634141 0.156307
vt 0.633225 0.080780
vt 0.866469 0.080780
vt 0.633225 0.074122
vt 0.633225 0.080780
vt 0.866469 0.074122
vt 0.633225 0.074122
vt 0.866469 0.080780
vt 0.866469 0.074122
vt 0.633225 0.161915
vt 0.866469 0.161915
vt 0.633225 0.155318
vt 0.633225 0.161915
vt 0.866469 0.155318
vt 0.633225 0.155318
vt 0.866469 0.161915
vt 0.866469 0.155318
vn -0.002971 -0.998950 0.045712
vn -0.229490 -0.972745 0.033195
vn -0.232618 -0.972568 -0.000000
vn -0.003106 -0.999995 -0.000000
vn -0.665498 -0.745462 0.037404
vn -0.665525 -0.745492 0.036307
vn -0.665966 -0.745982 0.000000
vn -0.665966 -0.745982 0.000000
vn -0.958182 -0.283702 0.037408
vn -0.996191 -0.072644 0.048242
vn -0.997145 -0.075515 0.000000
vn -0.957755 -0.287584 0.000000
vn -0.002906 -0.067248 0.997732
vn -0.002208 -0.258586 0.965986
vn 0.002208 -0.258586 0.965986
vn 0.002906 -0.067249 0.997732
vn -0.002312 -0.707105 0.707105
vn -0.002340 -0.866049 0.499954
vn 0.002340 -0.866049 0.499954
vn 0.002312 -0.707105 0.707105
vn 0.002971 -0.998950 0.045712
vn -0.839261 -0.057218 0.540710
vn -0.839670 0.000000 0.543096
vn -0.998680 0.000000 0.051360
vn -0.664929 -0.055658 0.744830
vn -0.665966 0.000000 0.745982
vn -0.227860 -0.049734 0.972423
vn -0.003106 -0.000000 0.999995
vn -0.232665 -0.000000 0.972557
vn 0.996197 -0.072571 0.048209
vn 0.958222 -0.283571 0.037396
vn 0.957797 -0.287445 0.000000
vn 0.997151 -0.075435 0.000000
vn 0.665452 -0.745558 0.036306
vn 0.665425 -0.745528 0.037404
vn 0.665894 -0.746047 0.000000
vn 0.665894 -0.746047 0.000000
vn 0.229491 -0.972745 0.033195
vn 0.003106 -0.999995 -0.000000
vn 0.232618 -0.972568 -0.000000
vn 0.227854 -0.049726 0.972425
vn 0.232635 0.000000 0.972564
vn 0.003106 0.000000 0.999995
vn 0.664857 -0.055658 0.744894
vn 0.839271 -0.057200 0.540696
vn 0.839704 0.000001 0.543044
vn 0.665894 0.000000 0.746046
vn 0.998683 0.000003 0.051306
vn -0.997971 0.039822 0.049684
vn -0.958184 0.283697 0.037409
vn -0.957757 0.287579 0.000000
vn -0.999136 0.041551 0.000000
vn -0.665516 0.745500 0.036303
vn -0.457878 0.888271 0.036378
vn -0.458118 0.888891 0.000000
vn -0.665956 0.745991 0.000000
vn -0.002971 0.998950 0.045713
vn -0.003106 0.999995 0.000000
vn -0.002340 0.866052 0.499949
vn 0.002340 0.866052 0.499949
vn 0.002971 0.998950 0.045713
vn -0.002312 0.707114 0.707096
vn 0.002312 0.707114 0.707096
vn -0.002208 0.258577 0.965988
vn -0.002998 0.036979 0.999312
vn 0.002998 0.036979 0.999312
vn 0.002208 0.258577 0.965988
vn 0.457848 0.888286 0.036380
vn 0.458088 0.888907 0.000000
vn 0.003106 0.999995 0.000000
vn 0.665443 0.745565 0.036307
vn 0.665884 0.746055 0.000000
vn 0.958223 0.283566 0.037397
vn 0.997973 0.039802 0.049659
vn 0.999137 0.041529 0.000000
vn 0.957799 0.287440 0.000000
vn -0.998788 -0.000001 -0.049226
vn -0.839636 -0.000001 -0.543150
vn -0.839246 -0.057227 -0.540732
vn -0.996276 -0.072788 -0.046221
vn -0.665966 0.000000 -0.745982
vn -0.664930 -0.055658 -0.744829
vn -0.232635 0.000000 -0.972564
vn -0.003106 0.000000 -0.999995
vn -0.002906 -0.067249 -0.997732
vn -0.227854 -0.049727 -0.972425
vn -0.002998 0.036979 -0.999312
vn -0.002208 0.258577 -0.965988
vn 0.002208 0.258577 -0.965988
vn 0.002998 0.036979 -0.999312
vn -0.002312 0.707114 -0.707096
vn -0.002340 0.866052 -0.499949
vn 0.002340 0.866052 -0.499949
vn 0.002312 0.707114 -0.707096
vn -0.002977 0.999035 -0.043812
vn 0.002977 0.999035 -0.043812
vn 0.003106 0.000000 -0.999995
vn 0.232605 0.000000 -0.972571
vn 0.227842 -0.049719 -0.972428
vn 0.002906 -0.067251 -0.997732
vn 0.665894 0.000000 -0.746046
vn 0.839670 0.000000 -0.543097
vn 0.839257 -0.057209 -0.540717
vn 0.664857 -0.055658 -0.744894
vn 0.998790 0.000001 -0.049174
vn 0.996283 -0.072715 -0.046189
vn -0.002977 -0.999035 -0.043811
vn -0.002340 -0.866049 -0.499954
vn 0.002340 -0.866049 -0.499954
vn 0.002977 -0.999035 -0.043811
vn -0.002312 -0.707105 -0.707105
vn 0.002312 -0.707105 -0.707105
vn -0.002208 -0.258586 -0.965986
vn 0.002208 -0.258586 -0.965986
vn 1.000000 0.000038 0.000000
vn -1.000000 0.000000 0.000000
vn -0.933681 -0.253218 0.253220
vn -0.668207 -0.526064 0.526075
vn -0.456483 -0.725654 0.514829
vn -0.205520 -0.951184 0.230242
vn -0.456483 -0.514820 0.725661
vn -0.205530 -0.230246 0.951180
vn 0.205520 -0.951183 0.230243
vn 0.456449 -0.725681 0.514822
vn 0.668144 -0.526105 0.526115
vn 0.933722 -0.253140 0.253145
vn 0.456449 -0.514814 0.725687
vn 0.205529 -0.230246 0.951181
vn -0.205509 0.951188 0.230233
vn -0.456482 0.725658 0.514824
vn -0.668214 0.526063 0.526068
vn -0.839792 0.030789 0.542035
vn -0.933680 0.253213 0.253227
vn -0.665664 0.030115 0.745644
vn -0.456484 0.514817 0.725662
vn -0.230143 0.026659 0.972792
vn -0.205538 0.230242 0.951180
vn 0.839790 0.030785 0.542038
vn 0.933723 0.253137 0.253148
vn 0.668145 0.526100 0.526119
vn 0.456446 0.725683 0.514822
vn 0.205510 0.951188 0.230234
vn 0.456448 0.514811 0.725689
vn 0.230143 0.026659 0.972792
vn 0.205538 0.230240 0.951180
vn 0.665592 0.030115 0.745708
vn -0.230142 0.026659 -0.972792
vn -0.205527 0.230241 -0.951182
vn -0.456484 0.514815 -0.725664
vn -0.665660 0.030115 -0.745648
vn -0.839792 0.030789 -0.542035
vn -0.668211 0.526064 -0.526072
vn -0.998069 0.039896 -0.047611
vn -0.958193 0.283872 -0.035802
vn -0.933681 0.253213 -0.253226
vn -0.665553 0.745541 -0.034751
vn -0.457900 0.888322 -0.034819
vn -0.456483 0.725658 -0.514824
vn -0.205509 0.951188 -0.230233
vn 0.958233 0.283741 -0.035790
vn 0.998071 0.039876 -0.047587
vn 0.839790 0.030785 -0.542038
vn 0.933724 0.253136 -0.253146
vn 0.668141 0.526100 -0.526124
vn 0.665587 0.030115 -0.745712
vn 0.456446 0.514809 -0.725692
vn 0.230141 0.026659 -0.972792
vn 0.205526 0.230242 -0.951182
vn 0.456444 0.725683 -0.514823
vn 0.457870 0.888337 -0.034821
vn 0.205510 0.951188 -0.230234
vn 0.665480 0.745606 -0.034754
vn -0.229630 -0.972760 -0.031764
vn -0.205519 -0.951184 -0.230242
vn -0.456483 -0.725654 -0.514829
vn -0.665536 -0.745506 -0.035812
vn -0.665561 -0.745534 -0.034754
vn -0.668207 -0.526065 -0.526075
vn -0.958192 -0.283878 -0.035801
vn -0.933681 -0.253218 -0.253220
vn -0.456485 -0.514820 -0.725660
vn -0.205529 -0.230246 -0.951181
vn 0.958231 -0.283746 -0.035790
vn 0.933722 -0.253140 -0.253145
vn 0.668145 -0.526104 -0.526115
vn 0.665489 -0.745598 -0.034753
vn 0.665464 -0.745570 -0.035812
vn 0.456450 -0.725680 -0.514821
vn 0.229631 -0.972759 -0.031764
vn 0.205519 -0.951183 -0.230243
vn 0.456451 -0.514813 -0.725686
vn 0.205532 -0.230246 -0.951180
vn 0.003106 0.999995 0.000000
vn 0.458088 0.888907 0.000000
vn -0.003106 0.999995 0.000000
vn -0.458118 0.888891 0.000000
vn -0.665956 0.745991 0.000000
vn -0.999136 0.041551 0.000000
vn -0.957757 0.287579 0.000000
vn -0.997145 -0.075515 0.000000
vn -1.000000 -0.000000 0.000001
vn -0.957755 -0.287584 0.000000
vn -0.665966 -0.745982 0.000000
vn -0.665966 -0.745982 0.000000
vn -0.003106 -0.999995 -0.000000
vn -0.232618 -0.972568 -0.000000
vn 0.003106 -0.999995 -0.000000
vn 0.232618 -0.972568 -0.000000
vn 0.665894 -0.746046 0.000000
vn 0.665894 -0.746046 0.000000
vn 0.997151 -0.075436 0.000000
vn 0.957797 -0.287445 0.000000
vn 1.000000 0.000036 0.000010
vn 0.957799 0.287440 0.000000
vn 0.999137 0.041529 0.000000
vn 0.665884 0.746056 0.000000
vn 0.839687 -0.000001 0.543071
vn 0.998682 -0.000002 0.051320
vn 0.665895 0.000000 0.746045
vn 0.003106 0.000000 0.999995
vn 0.232627 0.000000 0.972566
vn -0.003106 0.000000 0.999995
vn -0.232627 0.000000 0.972566
vn -0.839671 0.000000 0.543096
vn -0.665967 0.000000 0.745981
vn -0.998680 0.000000 0.051360
vn -1.000000 0.000000 0.000000
vn -1.000000 0.000000 0.000000
vn -0.998788 0.000000 -0.049225
vn -0.839670 0.000000 -0.543097
vn -0.665967 0.000000 -0.745981
vn -0.003106 0.000000 -0.999995
vn -0.232632 0.000000 -0.972565
vn 0.003106 -0.000000 -0.999995
vn 0.232618 -0.000000 -0.972568
vn 0.839670 0.000000 -0.543097
vn 0.665895 0.000000 -0.746045
vn 0.998790 -0.000001 -0.049188
vn 1.000000 -0.000000 0.000003
vn 1.000000 -0.000001 0.000000
vn 0.839705 0.000000 0.543043
vn 0.998683 0.000000 0.051305
vn 0.998683 0.000000 0.051305
vn 0.839705 0.000000 0.543043
vn 0.665894 0.000000 0.746046
vn 0.665894 0.000000 0.746046
vn 0.003106 -0.000000 0.999995
vn 0.232636 -0.000000 0.972564
vn 0.232636 -0.000000 0.972564
vn 0.003106 -0.000000 0.999995
vn -0.003106 -0.000000 0.999995
vn -0.003106 0.000000 0.999995
vn -0.232653 0.000000 0.972560
vn -0.232650 0.000000 0.972561
vn -0.839670 0.000000 0.543097
vn -0.665966 0.000000 0.745982
vn -0.665966 0.000000 0.745982
vn -0.839670 0.000000 0.543097
vn -0.998680 0.000000 0.051360
vn -0.998680 0.000000 0.051360
vn -1.000000 0.000000 0.000000
vn -1.000000 0.000000 0.000000
vn -1.000000 0.000000 0.000000
vn -1.000000 0.000000 0.000000
vn -0.998788 0.000001 -0.049225
vn -0.998788 0.000001 -0.049225
vn -0.839654 0.000001 -0.543122
vn -0.839651 0.000001 -0.543127
vn -0.665966 0.000000 -0.745982
vn -0.665966 0.000000 -0.745982
vn -0.232631 0.000000 -0.972565
vn -0.003106 -0.000000 -0.999995
vn -0.003106 -0.000000 -0.999995
vn -0.232631 -0.000000 -0.972565
vn 0.003106 -0.000000 -0.999995
vn 0.003106 -0.000000 -0.999995
vn 0.232599 0.000000 -0.972573
vn 0.232599 -0.000000 -0.972573
vn 0.665894 0.000000 -0.746046
vn 0.839670 0.000000 -0.543097
vn 0.839670 0.000000 -0.543097
vn 0.665894 0.000000 -0.746047
vn 0.998790 0.000000 -0.049173
vn 0.998790 0.000000 -0.049173
vn 1.000000 0.000000 0.000031
vn 1.000000 0.000000 0.000031
vn 1.000000 0.000000 0.000000
vn 1.000000 0.000000 0.000000
vn 1.000000 0.000000 0.000000
vn 1.000000 0.000000 0.000000
vn 1.000000 0.000000 0.000000
vn 1.000000 0.000000 0.000000
vn -0.000000 0.000000 -1.000000
vn -0.000000 0.000000 -1.000000
vn -0.000000 0.000000 -1.000000
vn -0.000000 0.000000 -1.000000
vn 0.000001 1.000000 0.000000
vn 0.000001 1.000000 0.000000
vn 0.000001 1.000000 0.000000
vn 0.000001 1.000000 0.000000
vn 0.000000 0.000000 1.000000
vn 0.000000 0.000000 1.000000
vn 0.000000 0.000000 1.000000
vn 0.000000 0.000000 1.000000
vn -0.000001 -1.000000 0.000000
vn -0.000001 -1.000000 0.000000
vn -0.000001 -1.000000 0.000000
vn -0.000001 -1.000000 0.000000
vn -0.998680 0.000000 0.051360
vn -1.000000 0.000000 0.000000
vn -0.839670 0.000000 0.543097
vn -0.665966 0.000000 0.745982
vn -0.003106 0.000000 0.999995
vn -0.232666 0.000000 0.972557
vn 0.003106 0.000000 0.999995
vn 0.232635 0.000000 0.972564
vn 0.839705 0.000000 0.543042
vn 0.665894 0.000000 0.746046
vn 0.998683 0.000000 0.051305
vn 1.000000 0.000000 0.000000
vn 0.000000 0.000000 -1.000000
vn 0.000000 0.000000 -1.000000
vn 0.000000 0.000000 -1.000000
vn 0.000000 0.000000 -1.000000
vn 1.000000 0.000000 0.000000
vn 1.000000 0.000000 0.000000
vn 1.000000 0.000000 0.000000
vn 1.000000 0.000000 0.000000
vn 0.000000 0.000000 1.000000
vn 0.000000 0.000000 1.000000
vn 0.000000 0.000000 1.000000
vn 0.000000 0.000000 1.000000
vn 0.998790 0.000000 -0.049173
vn 1.000000 0.000000 0.000031
vn 0.839670 0.000000 -0.543097
vn 0.665893 0.000000 -0.746047
vn 0.003106 0.000000 -0.999995
vn 0.232603 0.000000 -0.972572
vn -0.003106 0.000000 -0.999995
vn -0.232635 0.000000 -0.972564
vn -0.839635 0.000000 -0.543152
vn -0.665965 0.000000 -0.745983
vn -0.998788 0.000000 -0.049225
vn -1.000000 0.000000 0.000001
vn 0.000000 0.000000 -1.000000
vn 0.000000 0.000000 -1.000000
vn 0.000000 0.000000 -1.000000
vn 0.000000 0.000000 -1.000000
vn 0.998682 -0.000002 0.051318
vn 1.000000 -0.000002 0.000000
vn 0.839690 -0.000001 0.543067
vn 0.665895 0.000000 0.746046
vn 0.003106 0.000000 0.999995
vn 0.232626 0.000000 0.972566
vn -0.003106 0.000000 0.999995
vn -0.232626 0.000000 0.972566
vn -0.839671 0.000000 0.543096
vn -0.665967 0.000000 0.745981
vn -0.998680 0.000000 0.051360
vn -1.000000 0.000000 0.000000
vn -1.000000 0.000000 0.000000
vn -0.998788 0.000000 -0.049225
vn -0.839670 0.000000 -0.543097
vn -0.665967 0.000000 -0.745981
vn -0.003106 0.000000 -0.999995
vn -0.232632 0.000000 -0.972565
vn 0.003106 0.000000 -0.999995
vn 0.232615 -0.000000 -0.972569
vn 0.839670 0.000000 -0.543097
vn 0.665895 0.000000 -0.746046
vn 0.998790 -0.000001 -0.049185
vn 1.000000 -0.000001 0.000017
vn 0.000000 0.000000 1.000000
vn 0.000000 0.000000 1.000000
vn 0.000000 0.000000 1.000000
vn 0.000000 0.000000 1.000000
vn 1.000000 -0.000003 0.000000
vn 1.000000 -0.000003 0.000000
vn 1.000000 -0.000003 0.000000
vn 1.000000 -0.000003 0.000000
vn 0.707083 0.000000 0.707130
vn 0.707083 0.000000 0.707130
vn 0.707083 0.000000 0.707130
vn 0.707083 0.000000 0.707130
vn 0.707084 0.707130 0.000000
vn 0.707084 0.707130 0.000000
vn 0.707084 0.707130 0.000000
vn 0.707084 0.707130 0.000000
vn 0.707086 0.000000 -0.707128
vn 0.707086 0.000000 -0.707128
vn 0.707086 0.000000 -0.707128
vn 0.707086 0.000000 -0.707128
vn 0.707084 -0.707130 0.000000
vn 0.707084 -0.707130 0.000000
vn 0.707084 -0.707130 0.000000
vn 0.707084 -0.707130 0.000000
vn 0.707084 0.000000 -0.707129
vn 0.707084 0.000000 -0.707129
vn 0.707084 0.000000 -0.707129
vn 0.707084 0.000000 -0.707129
vn 0.707084 0.707130 0.000000
vn 0.707084 0.707130 0.000000
vn 0.707084 0.707130 0.000000
vn 0.707084 0.707130 0.000000
vn 0.707082 0.000000 0.707132
vn 0.707082 0.000000 0.707132
vn 0.707082 0.000000 0.707132
vn 0.707082 0.000000 0.707132
vn 0.707084 -0.707130 0.000000
vn 0.707084 -0.707130 0.000000
vn 0.707084 -0.707130 0.000000
vn 0.707084 -0.707130 0.000000
vn 1.000000 0.000000 0.000000
vn 1.000000 0.000000 0.000000
vn 1.000000 0.000000 0.000000
vn 1.000000 0.000000 0.000000
vn 1.000000 0.000000 0.000000
vn 1.000000 0.000000 0.000000
vn 1.000000 0.000000 0.000000
vn 1.000000 0.000000 0.000000
vn 0.000000 1.000000 0.000000
vn 0.000000 1.000000 0.000000
vn 0.000000 1.000000 0.000000
vn 0.000000 1.000000 0.000000
vn 0.000000 0.000000 1.000000
vn 0.000000 0.000000 1.000000
vn 0.000000 0.000000 1.000000
vn 0.000000 0.000000 1.000000
vn 0.000000 -1.000000 0.000000
vn 0.000000 -1.000000 0.000000
vn 0.000000 -1.000000 0.000000
vn 0.000000 -1.000000 0.000000
vn 0.000000 0.000000 -1.000000
vn 0.000000 0.000000 -1.000000
vn 0.000000 0.000000 -1.000000
vn 0.000000 0.000000 -1.000000
vn 0.000000 1.000000 0.000000
vn 0.000000 1.000000 0.000000
vn 0.000000 1.000000 0.000000
vn 0.000000 1.000000 0.000000
vn 0.000000 0.000000 1.000000
vn 0.000000 0.000000 1.000000
vn 0.000000 0.000000 1.000000
vn 0.000000 0.000000 1.000000
vn 0.000000 -1.000000 0.000000
vn 0.000000 -1.000000 0.000000
vn 0.000000 -1.000000 0.000000
vn 0.000000 -1.000000 0.000000
vn 0.000000 0.000000 -1.000000
vn 0.000000 0.000000 -1.000000
vn 0.000000 0.000000 -1.000000
vn 0.000000 0.000000 -1.000000
s 1
g cabinetbody
usemtl initialShadingGroup
f 261/323/335 260/349/336 381/474/337 382/475/338
f 260/349/339 259/347/340 380/472/341 381/474/342
f 259/348/343 267/344/344 379/471/345 380/473/346
s 4
f 264/324/347 263/352/348 274/360/349 273/338/350
s 1
f 263/352/351 262/350/352 275/362/353 274/360/354
f 262/351/352 261/323/335 276/325/355 275/361/353
f 267/344/344 266/354/356 413/509/357 414/510/358
f 266/354/356 265/353/359 412/508/360 413/509/357
s 4
f 265/353/361 264/324/347 411/507/362 412/508/363
s 1
f 270/326/364 269/356/365 385/478/366 386/480/367
f 269/357/368 268/355/369 384/477/370 385/479/371
f 268/355/372 276/325/355 383/476/373 384/477/374
s 4
f 273/338/350 272/359/375 409/505/376 410/506/377
s 1
f 272/359/378 271/358/379 408/504/380 409/505/381
f 271/358/379 270/326/364 407/503/382 408/504/380
f 279/345/383 278/364/384 377/468/385 378/470/386
f 278/365/387 277/363/388 376/467/389 377/469/390
f 277/363/388 285/339/391 375/466/392 376/467/389
f 285/339/391 284/369/393 289/373/394 288/340/395
f 284/369/393 283/368/396 290/374/397 289/373/394
s 4
f 283/368/398 282/327/399 291/328/400 290/374/401
s 1
f 288/340/395 287/372/402 373/464/403 374/465/404
f 287/372/402 286/370/405 372/462/406 373/464/403
f 286/371/407 294/329/408 371/461/409 372/463/410
f 417/513/411 418/514/412 316/397/413 315/330/414
f 418/515/412 419/516/415 317/398/416 316/396/413
s 14
f 419/516/417 420/517/418 318/336/419 317/398/420
f 303/341/421 302/384/422 307/388/423 306/342/424
s 1
f 302/384/425 301/383/426 308/389/427 307/388/428
f 301/383/426 300/331/429 309/332/430 308/389/427
s 14
f 421/518/431 422/519/432 328/406/433 327/337/434
s 1
f 422/519/435 423/520/436 329/408/437 328/406/438
f 423/521/436 424/522/439 330/334/440 329/407/437
f 321/343/441 320/400/442 325/404/443 324/335/444
f 320/400/442 319/399/445 326/405/446 325/404/443
s 14
f 319/399/447 318/336/419 327/337/434 326/405/448
s 4
f 264/324/347 273/338/350 410/506/377 411/507/362
s 1
f 285/339/391 288/340/395 374/465/404 375/466/392
s 14
f 420/517/418 421/518/431 327/337/434 318/336/419
s 1
f 382/475/338 383/476/373 276/325/355 261/323/335
f 270/326/364 386/480/367 426/524/449 407/503/382
f 379/471/345 267/344/344 414/510/358 415/511/450
f 266/354/356 267/344/344 259/348/343 331/409/451
f 331/410/452 259/347/340 260/349/339 332/412/453
f 260/349/336 261/323/335 262/351/352 332/412/454
f 332/411/453 262/350/352 263/352/351 333/413/455
s 4
f 263/352/348 264/324/347 265/353/361 333/413/456
s 1
f 333/413/455 265/353/359 266/354/356 331/409/452
f 331/409/452 332/411/453 333/413/455
f 275/361/353 276/325/355 268/355/372 334/415/457
f 334/415/458 268/355/369 269/357/368 335/417/459
f 269/356/365 270/326/364 271/358/379 335/416/460
f 335/416/459 271/358/379 272/359/378 336/418/461
s 4
f 272/359/375 273/338/350 274/360/349 336/418/462
s 1
f 336/418/461 274/360/354 275/362/353 334/414/458
f 334/414/458 335/416/459 336/418/461
f 284/369/393 285/339/391 277/363/388 337/419/463
f 337/419/464 277/363/388 278/365/387 338/420/465
f 278/364/384 279/345/383 280/366/466 338/420/467
f 338/420/465 280/366/466 281/367/468 339/421/469
s 4
f 281/367/470 282/327/399 283/368/398 339/421/471
s 1
f 339/421/469 283/368/396 284/369/393 337/419/464
f 337/419/464 338/420/465 339/421/469
f 293/376/472 294/329/408 286/371/407 340/422/473
f 340/422/474 286/370/405 287/372/402 341/423/475
f 287/372/402 288/340/395 289/373/394 341/423/476
f 341/423/475 289/373/394 290/374/397 342/424/477
s 4
f 290/374/401 291/328/400 292/375/478 342/424/479
s 1
f 342/424/477 292/375/480 293/376/472 340/422/474
f 340/422/474 341/423/475 342/424/477
s 14
f 302/384/422 303/341/421 295/377/481 343/425/482
s 1
f 343/425/483 295/377/484 296/379/485 344/426/486
f 296/378/485 297/346/487 298/381/488 344/427/489
f 344/426/486 298/380/490 299/382/491 345/428/492
f 299/382/491 300/331/429 301/383/426 345/428/493
f 345/428/492 301/383/426 302/384/425 343/425/483
f 343/425/483 344/426/486 345/428/492
f 311/391/494 312/333/495 304/386/496 346/430/497
f 346/429/498 304/385/496 305/387/499 347/431/500
s 14
f 305/387/501 306/342/424 307/388/423 347/431/502
s 1
f 347/431/500 307/388/428 308/389/427 348/432/503
f 308/389/427 309/332/430 310/390/504 348/432/505
f 348/432/503 310/390/504 311/392/506 346/429/498
f 346/429/498 347/431/500 348/432/503
f 320/400/442 321/343/441 313/393/507 349/433/508
f 349/433/509 313/393/510 314/395/511 350/434/512
f 314/394/513 315/330/414 316/397/413 350/435/514
f 350/434/512 316/396/413 317/398/416 351/436/515
s 14
f 317/398/420 318/336/419 319/399/447 351/436/516
s 1
f 351/436/515 319/399/445 320/400/442 349/433/509
f 349/433/509 350/434/512 351/436/515
f 329/407/437 330/334/440 322/402/517 352/438/518
f 352/437/519 322/401/520 323/403/521 353/439/522
f 323/403/523 324/335/444 325/404/443 353/439/524
f 353/439/522 325/404/443 326/405/446 354/440/525
s 14
f 326/405/448 327/337/434 328/406/433 354/440/526
s 1
f 354/440/525 328/406/438 329/408/437 352/437/519
f 352/437/519 353/439/522 354/440/525
f 356/442/527 355/441/528 310/390/504 309/332/430
f 357/443/529 356/442/527 309/332/430 300/331/429
f 358/444/530 357/443/529 300/331/429 299/382/491
f 359/446/531 358/444/530 299/382/491 298/380/490
f 360/447/532 359/445/533 298/381/488 297/346/487
f 315/330/414 361/448/534 416/512/535 417/513/411
f 362/450/536 361/448/534 315/330/414 314/394/513
f 363/451/537 362/449/538 314/395/511 313/393/510
f 364/452/539 363/451/540 313/393/507 321/343/441
f 321/343/441 324/335/444 365/453/541 364/452/539
f 366/454/542 365/453/541 324/335/444 323/403/523
f 367/456/543 366/454/544 323/403/521 322/401/520
f 368/457/545 367/455/546 322/402/517 330/334/440
f 425/523/547 368/457/545 330/334/440 424/522/439
f 370/460/548 369/458/549 312/333/495 311/391/494
f 355/441/528 370/459/550 311/392/506 310/390/504
f 372/463/410 371/461/409 369/458/549 370/460/548
f 373/464/403 372/462/406 370/459/550 355/441/528
f 374/465/404 373/464/403 355/441/528 356/442/527
f 375/466/392 374/465/404 356/442/527 357/443/529
f 376/467/389 375/466/392 357/443/529 358/444/530
f 377/469/390 376/467/389 358/444/530 359/446/531
f 378/470/386 377/468/385 359/445/533 360/447/532
f 361/448/534 379/471/345 415/511/450 416/512/535
f 380/473/346 379/471/345 361/448/534 362/450/536
f 381/474/342 380/472/341 362/449/538 363/451/537
f 382/475/338 381/474/337 363/451/540 364/452/539
f 364/452/539 365/453/541 383/476/373 382/475/338
f 384/477/374 383/476/373 365/453/541 366/454/542
f 385/479/371 384/477/370 366/454/544 367/456/543
f 386/480/367 385/478/366 367/455/546 368/457/545
f 426/524/449 386/480/367 368/457/545 425/523/547
f 388/482/551 387/481/552 294/329/408 293/376/472
f 389/483/553 388/482/551 293/376/472 292/375/480
s 4
f 390/484/554 389/483/555 292/375/478 291/328/400
f 391/485/556 390/484/554 291/328/400 282/327/399
f 392/486/557 391/485/556 282/327/399 281/367/470
s 1
f 393/487/558 392/486/559 281/367/468 280/366/466
f 394/488/560 393/487/558 280/366/466 279/345/383
f 395/489/561 394/488/560 279/345/383 378/470/386
f 396/490/562 395/489/561 378/470/386 360/447/532
f 397/491/563 396/490/562 360/447/532 297/346/487
f 297/346/487 296/378/485 398/492/564 397/491/563
f 296/379/485 295/377/484 399/494/565 398/493/564
s 14
f 295/377/481 303/341/421 400/495/566 399/494/567
f 303/341/421 306/342/424 401/496/568 400/495/566
f 306/342/424 305/387/501 402/497/569 401/496/568
s 1
f 305/387/499 304/385/496 403/498/570 402/497/571
f 304/386/496 312/333/495 404/500/572 403/499/570
f 369/458/549 405/501/573 404/500/572 312/333/495
f 371/461/409 406/502/574 405/501/573 369/458/549
f 387/481/552 406/502/574 371/461/409 294/329/408
f 438/536/575 439/537/576 499/596/577 500/597/578
f 437/535/579 438/536/575 500/597/578 501/598/580
s 4
f 436/534/581 437/535/582 501/598/583 502/599/584
f 435/533/585 436/534/581 502/599/584 503/600/586
f 434/532/587 435/533/585 503/600/586 504/601/588
s 1
f 433/531/589 434/532/590 504/601/591 505/602/592
f 432/530/593 433/531/589 505/602/592 506/603/594
f 431/529/595 432/530/593 506/603/594 507/604/596
f 452/550/597 431/529/595 507/604/596 508/605/598
f 451/549/599 452/550/597 508/605/598 509/606/600
f 509/606/600 510/607/601 450/547/602 451/549/599
f 510/608/601 511/609/603 449/546/604 450/548/602
s 14
f 511/609/605 512/610/606 448/545/607 449/546/608
f 512/610/606 513/611/609 447/544/610 448/545/607
f 513/611/609 514/612/611 446/543/612 447/544/610
s 1
f 514/612/613 515/613/614 445/541/615 446/543/616
f 515/614/614 516/615/617 444/540/618 445/542/615
f 517/616/619 443/539/620 444/540/618 516/615/617
s off
f 518/637/621 497/635/622 441/625/623 442/631/624
s 1
f 439/537/576 440/538/625 498/595/626 499/596/577
s 35
f 498/595/627 440/538/628 441/625/629 497/635/630
s off
f 426/524/631 425/523/632 429/527/633 427/526/634
s 36
f 443/539/635 517/616/636 518/637/637 442/631/638
s off
f 405/501/639 406/502/640 428/525/641 430/528/642
s 1
f 415/511/450 414/510/358 484/581/643 485/582/644
f 414/510/358 413/509/357 483/580/645 484/581/643
f 413/509/357 412/508/360 482/579/646 483/580/645
s 4
f 412/508/363 411/507/362 481/578/647 482/579/648
f 411/507/362 410/506/377 480/577/649 481/578/647
f 410/506/377 409/505/376 479/576/650 480/577/649
s 1
f 409/505/381 408/504/380 478/575/651 479/576/652
f 408/504/380 407/503/382 477/574/653 478/575/651
f 407/503/382 426/524/449 476/573/654 477/574/653
s 35
f 475/627/655 476/573/656 426/524/657 427/526/658
s off
f 496/629/659 475/627/660 427/526/661 429/527/662
s 36
f 425/523/663 495/594/664 496/629/665 429/527/666
s 1
f 494/593/667 495/594/668 425/523/547 424/522/439
f 493/592/669 494/593/667 424/522/439 423/521/436
f 492/590/670 493/591/669 423/520/436 422/519/435
s 14
f 491/589/671 492/590/672 422/519/432 421/518/431
f 490/588/673 491/589/671 421/518/431 420/517/418
f 489/587/674 490/588/673 420/517/418 419/516/417
s 1
f 488/586/675 489/587/676 419/516/415 418/515/412
f 487/584/677 488/585/675 418/514/412 417/513/411
f 417/513/411 416/512/535 486/583/678 487/584/677
f 416/512/535 415/511/450 485/582/644 486/583/678
s 35
f 406/502/679 454/551/680 453/633/681 428/525/682
s 1
f 455/552/683 454/551/684 406/502/574 387/481/552
f 456/553/685 455/552/683 387/481/552 388/482/551
f 457/554/686 456/553/685 388/482/551 389/483/553
s 4
f 458/555/687 457/554/688 389/483/555 390/484/554
f 459/556/689 458/555/687 390/484/554 391/485/556
f 460/557/690 459/556/689 391/485/556 392/486/557
s 1
f 461/558/691 460/557/692 392/486/559 393/487/558
f 462/559/693 461/558/691 393/487/558 394/488/560
f 463/560/694 462/559/693 394/488/560 395/489/561
f 464/561/695 463/560/694 395/489/561 396/490/562
f 465/562/696 464/561/695 396/490/562 397/491/563
f 397/491/563 398/492/564 466/563/697 465/562/696
f 398/493/564 399/494/565 467/565/698 466/564/697
s 14
f 399/494/567 400/495/566 468/566/699 467/565/700
f 400/495/566 401/496/568 469/567/701 468/566/699
f 401/496/568 402/497/569 470/568/702 469/567/701
s 1
f 402/497/571 403/498/570 471/569/703 470/568/704
f 403/499/570 404/500/572 472/571/705 471/570/703
f 405/501/573 473/572/706 472/571/705 404/500/572
s 36
f 474/639/707 473/572/708 405/501/709 430/528/710
s off
f 428/525/711 453/633/712 474/639/713 430/528/714
s 35
f 441/625/629 440/538/628 476/573/656 475/627/655
s 1
f 477/574/653 476/573/654 440/538/625 439/537/576
f 478/575/651 477/574/653 439/537/576 438/536/575
f 479/576/652 478/575/651 438/536/575 437/535/579
s 4
f 480/577/649 479/576/650 437/535/582 436/534/581
f 481/578/647 480/577/649 436/534/581 435/533/585
f 482/579/648 481/578/647 435/533/585 434/532/587
s 1
f 483/580/645 482/579/646 434/532/590 433/531/589
f 484/581/643 483/580/645 433/531/589 432/530/593
f 485/582/644 484/581/643 432/530/593 431/529/595
f 486/583/678 485/582/644 431/529/595 452/550/597
f 487/584/677 486/583/678 452/550/597 451/549/599
f 451/549/599 450/547/602 488/585/675 487/584/677
f 450/548/602 449/546/604 489/587/676 488/586/675
s 14
f 449/546/608 448/545/607 490/588/673 489/587/674
f 448/545/607 447/544/610 491/589/671 490/588/673
f 447/544/610 446/543/612 492/590/672 491/589/671
s 1
f 446/543/616 445/541/615 493/591/669 492/590/670
f 445/542/615 444/540/618 494/593/667 493/592/669
f 444/540/618 443/539/620 495/594/668 494/593/667
s 36
f 496/629/665 495/594/664 443/539/635 442/631/638
s 35
f 454/551/680 498/595/627 497/635/630 453/633/681
s 1
f 499/596/577 498/595/626 454/551/684 455/552/683
f 500/597/578 499/596/577 455/552/683 456/553/685
f 501/598/580 500/597/578 456/553/685 457/554/686
s 4
f 502/599/584 501/598/583 457/554/688 458/555/687
f 503/600/586 502/599/584 458/555/687 459/556/689
f 504/601/588 503/600/586 459/556/689 460/557/690
s 1
f 505/602/592 504/601/591 460/557/692 461/558/691
f 506/603/594 505/602/592 461/558/691 462/559/693
f 507/604/596 506/603/594 462/559/693 463/560/694
f 508/605/598 507/604/596 463/560/694 464/561/695
f 509/606/600 508/605/598 464/561/695 465/562/696
f 465/562/696 466/563/697 510/607/601 509/606/600
f 466/564/697 467/565/698 511/609/603 510/608/601
s 14
f 467/565/700 468/566/699 512/610/606 511/609/605
f 468/566/699 469/567/701 513/611/609 512/610/606
f 469/567/701 470/568/702 514/612/611 513/611/609
s 1
f 470/568/704 471/569/703 515/613/614 514/612/613
f 471/570/703 472/571/705 516/615/617 515/614/614
f 473/572/706 517/616/619 516/615/617 472/571/705
s 36
f 518/637/637 517/616/636 473/572/708 474/639/707
s off
f 519/617/715 520/628/716 524/630/717 523/621/718
f 520/628/719 519/617/720 522/618/721 521/626/722
f 521/626/723 522/618/724 525/619/725 526/632/726
f 523/621/727 524/630/728 526/632/729 525/619/730
f 527/634/731 528/622/732 533/620/733 534/640/734
f 528/622/735 527/634/736 530/636/737 529/623/738
f 529/623/739 530/636/740 532/638/741 531/624/742
f 531/624/743 532/638/744 534/640/745 533/620/746
f 522/618/747 519/617/748 523/621/749 525/619/750
f 528/622/751 529/623/752 531/624/753 533/620/754
f 442/631/755 441/625/756 520/628/757 521/626/758
f 441/625/759 475/627/760 524/630/761 520/628/762
f 475/627/763 496/629/764 526/632/765 524/630/766
f 496/629/767 442/631/768 521/626/769 526/632/770
f 474/639/771 453/633/772 530/636/773 527/634/774
f 453/633/775 497/635/776 532/638/777 530/636/778
f 497/635/779 518/637/780 534/640/781 532/638/782
f 518/637/783 474/639/784 527/634/785 534/640/786
g default
v 11.057930 0.612442 42.784485
v 11.605183 0.164112 42.784485
v 12.352894 0.000000 42.784485
v 12.352894 0.164112 43.532043
v 12.352894 0.612442 44.079285
v 12.352894 1.224827 44.279602
v 11.605183 1.224827 44.079285
v 11.057930 1.224827 43.532043
v 10.857620 1.224827 42.784485
v 13.100605 0.164112 42.784485
v 13.647858 0.612442 42.784485
v 13.848167 1.224827 42.784485
v 13.647858 1.224827 43.532043
v 13.100605 1.224827 44.079285
v 11.605183 72.946251 42.784485
v 11.057930 72.497925 42.784485
v 10.857620 71.885483 42.784485
v 11.057930 71.885483 43.532043
v 11.605183 71.885483 44.079285
v 12.352894 71.885483 44.279602
v 12.352894 72.497925 44.079285
v 12.352894 72.946251 43.532043
v 12.352894 73.110313 42.784485
v 13.647858 72.497925 42.784485
v 13.100605 72.946251 42.784485
v 13.100605 71.885483 44.079285
v 13.647858 71.885483 43.532043
v 13.848167 71.885483 42.784485
v 11.605183 71.885483 5.759430
v 11.057930 71.885483 6.306671
v 10.857620 71.885483 7.054230
v 11.057930 72.497925 7.054230
v 11.605183 72.946251 7.054230
v 12.352894 73.110313 7.054230
v 12.352894 72.946251 6.306671
v 12.352894 72.497925 5.759430
v 12.352894 71.885483 5.559113
v 13.647858 71.885483 6.306671
v 13.100605 71.885483 5.759430
v 13.100605 72.946251 7.054230
v 13.647858 72.497925 7.054230
v 13.848167 71.885483 7.054230
v 11.605183 0.164112 7.054230
v 11.057930 0.612442 7.054230
v 10.857620 1.224827 7.054230
v 11.057930 1.224827 6.306671
v 11.605183 1.224827 5.759430
v 12.352894 1.224827 5.559113
v 12.352894 0.612442 5.759430
v 12.352894 0.164112 6.306671
v 12.352894 0.000000 7.054230
v 13.647858 0.612442 7.054230
v 13.100605 0.164112 7.054230
v 13.100605 1.224827 5.759430
v 13.647858 1.224827 6.306671
v 13.848167 1.224827 7.054230
v 11.170361 0.695595 43.430496
v 11.706726 0.256203 43.430496
v 11.706726 0.695595 43.966858
v 12.999062 0.256203 43.430496
v 13.535427 0.695595 43.430496
v 12.999062 0.695595 43.966858
v 11.706726 72.854111 43.430496
v 11.170361 72.414711 43.430496
v 11.706726 72.414711 43.966858
v 13.535427 72.414711 43.430496
v 12.999062 72.854111 43.430496
v 12.999062 72.414711 43.966858
v 11.706726 72.414711 5.871857
v 11.170361 72.414711 6.408234
v 11.706726 72.854111 6.408234
v 13.535427 72.414711 6.408234
v 12.999062 72.414711 5.871857
v 12.999062 72.854111 6.408234
v 11.706726 0.256203 6.408234
v 11.170361 0.695595 6.408234
v 11.706726 0.695595 5.871857
v 13.535427 0.695595 6.408234
v 12.999062 0.256203 6.408234
v 12.999062 0.695595 5.871857
v 13.558983 4.465683 10.793732
v 13.405159 4.465683 10.563385
v 13.174747 4.465683 10.409454
v 12.903111 4.465683 10.355408
v 12.631344 4.465683 10.409454
v 12.401031 4.465683 10.563385
v 12.247055 4.465683 10.793701
v 12.193100 4.465683 11.065430
v 12.247032 4.465683 11.337128
v 12.400986 4.465683 11.567444
v 12.631283 4.465683 11.721344
v 12.903046 4.465683 11.775421
v 13.174809 4.465683 11.721344
v 13.405113 4.465683 11.567474
v 13.558952 4.465683 11.337097
v 13.613022 4.465683 11.065399
v 13.558983 19.420151 10.793732
v 13.405159 19.420151 10.563385
v 13.174747 19.420151 10.409454
v 12.903111 19.420151 10.355408
v 12.631344 19.420151 10.409454
v 12.401031 19.420151 10.563385
v 12.247055 19.420151 10.793701
v 12.193100 19.420151 11.065430
v 12.247032 19.420151 11.337128
v 12.400986 19.420151 11.567444
v 12.631283 19.420151 11.721344
v 12.903046 19.420151 11.775421
v 13.174809 19.420151 11.721344
v 13.405113 19.420151 11.567474
v 13.558952 19.420151 11.337097
v 13.613022 19.420151 11.065399
v 12.877670 4.465683 11.065399
v 12.877670 19.420151 11.065399
v 14.448372 17.924728 10.563385
v 14.602196 17.924728 10.793732
v 14.656235 17.924728 11.065399
v 14.602165 17.924728 11.337097
v 14.448326 17.924728 11.567474
v 14.218021 17.924728 11.721344
v 13.946259 17.924728 11.775421
v 13.674496 17.924728 11.721344
v 13.444199 17.924728 11.567444
v 13.290245 17.924728 11.337128
v 13.236313 17.924728 11.065430
v 13.290268 17.924728 10.793701
v 13.444244 17.924728 10.563385
v 13.674557 17.924728 10.409454
v 13.946323 17.924728 10.355408
v 14.217960 17.924728 10.409454
v 15.302254 16.429245 10.563385
v 15.456200 16.429245 10.793732
v 15.510117 16.429245 11.065399
v 15.456169 16.429245 11.337097
v 15.302208 16.429245 11.567474
v 15.071903 16.429245 11.721344
v 14.800140 16.429245 11.775421
v 14.528378 16.429245 11.721344
v 14.298080 16.429245 11.567444
v 14.144249 16.429245 11.337128
v 14.090195 16.429245 11.065430
v 14.144272 16.429245 10.793701
v 14.298126 16.429245 10.563385
v 14.528439 16.429245 10.409454
v 14.800205 16.429245 10.355408
v 15.071842 16.429245 10.409454
v 15.935555 14.933823 10.563385
v 16.089500 14.933823 10.793732
v 16.143417 14.933823 11.065399
v 16.089470 14.933823 11.337097
v 15.935509 14.933823 11.567474
v 15.705204 14.933823 11.721344
v 15.433441 14.933823 11.775421
v 15.161678 14.933823 11.721344
v 14.931381 14.933823 11.567444
v 14.777550 14.933823 11.337128
v 14.723495 14.933823 11.065430
v 14.777573 14.933823 10.793701
v 14.931427 14.933823 10.563385
v 15.161739 14.933823 10.409454
v 15.433506 14.933823 10.355408
v 15.705143 14.933823 10.409454
v 16.324959 13.438354 10.563385
v 16.478905 13.438354 10.793732
v 16.532822 13.438354 11.065399
v 16.478874 13.438354 11.337097
v 16.325157 13.438354 11.567474
v 16.094730 13.438354 11.721344
v 15.822968 13.438354 11.775421
v 15.551205 13.438354 11.721344
v 15.320908 13.438354 11.567444
v 15.167076 13.438354 11.337128
v 15.113022 13.438354 11.065430
v 15.167099 13.438354 10.793701
v 15.320953 13.438354 10.563385
v 15.551266 13.438354 10.409454
v 15.823032 13.438354 10.355408
v 16.094669 13.438354 10.409454
v 16.456551 11.942909 10.563385
v 16.610374 11.942909 10.793732
v 16.664536 11.942909 11.065399
v 16.610344 11.942909 11.337097
v 16.456505 11.942909 11.567474
v 16.226200 11.942909 11.721344
v 15.954437 11.942909 11.775421
v 15.682674 11.942909 11.721344
v 15.452377 11.942909 11.567444
v 15.298424 11.942909 11.337128
v 15.244492 11.942909 11.065430
v 15.298447 11.942909 10.793701
v 15.452423 11.942909 10.563385
v 15.682735 11.942909 10.409454
v 15.954502 11.942909 10.355438
v 16.226261 11.942909 10.409454
v 16.324959 10.447449 10.563385
v 16.478905 10.447449 10.793732
v 16.532822 10.447449 11.065399
v 16.478882 10.447449 11.337097
v 16.325157 10.447449 11.567474
v 16.094730 10.447449 11.721344
v 15.822968 10.447449 11.775421
v 15.551205 10.447449 11.721344
v 15.320908 10.447449 11.567444
v 15.167076 10.447449 11.337128
v 15.113022 10.447449 11.065430
v 15.167099 10.447449 10.793701
v 15.320953 10.447449 10.563385
v 15.551266 10.447449 10.409454
v 15.823032 10.447449 10.355438
v 16.094669 10.447449 10.409454
v 15.935555 8.952011 10.563385
v 16.089500 8.952011 10.793732
v 16.143417 8.952011 11.065399
v 16.089478 8.952011 11.337097
v 15.935509 8.952011 11.567474
v 15.705204 8.952011 11.721344
v 15.433441 8.952011 11.775421
v 15.161678 8.952011 11.721344
v 14.931381 8.952011 11.567444
v 14.777550 8.952011 11.337128
v 14.723495 8.952011 11.065430
v 14.777573 8.952011 10.793701
v 14.931427 8.952011 10.563385
v 15.161739 8.952011 10.409454
v 15.433506 8.952011 10.355438
v 15.705143 8.952011 10.409454
v 15.302254 7.456589 10.563385
v 15.456200 7.456589 10.793732
v 15.510117 7.456589 11.065399
v 15.456177 7.456589 11.337097
v 15.302208 7.456589 11.567474
v 15.071903 7.456589 11.721344
v 14.800140 7.456589 11.775421
v 14.528378 7.456589 11.721344
v 14.298080 7.456589 11.567444
v 14.144249 7.456589 11.337128
v 14.090195 7.456589 11.065430
v 14.144272 7.456589 10.793701
v 14.298126 7.456589 10.563385
v 14.528439 7.456589 10.409454
v 14.800205 7.456589 10.355438
v 15.071842 7.456589 10.409454
v 14.448372 5.961105 10.563385
v 14.602196 5.961105 10.793732
v 14.656235 5.961105 11.065399
v 14.602173 5.961105 11.337097
v 14.448326 5.961105 11.567474
v 14.218021 5.961105 11.721344
v 13.946259 5.961105 11.775421
v 13.674496 5.961105 11.721344
v 13.444199 5.961105 11.567444
v 13.290245 5.961105 11.337128
v 13.236313 5.961105 11.065430
v 13.290268 5.961105 10.793701
v 13.444244 5.961105 10.563385
v 13.674557 5.961105 10.409454
v 13.946323 5.961105 10.355438
v 14.217960 5.961105 10.409454
vt 0.500000 0.990347
vt 0.500007 0.004184
vt 0.634653 0.004188
vt 0.500000 0.245812
vt 0.634653 0.245812
vt 0.134653 0.004188
vt 0.500000 0.490347
vt 0.865347 0.245812
vt 0.865347 0.004188
vt 0.500000 0.759653
vt 0.500000 0.745812
vt 0.500000 0.259653
vt 0.500007 0.504184
vt 0.365347 0.004188
vt 0.365347 0.245812
vt 0.134653 0.245812
vt 0.493224 0.750000
vt 0.479673 0.000000
vt 0.496605 0.867234
vt 0.500000 0.000000
vt 0.500000 0.750000
vt 0.500003 0.137402
vt 0.455370 0.009779
vt 0.411119 0.006935
vt 0.503395 0.867234
vt 0.520327 0.000000
vt 0.506776 0.750000
vt 0.588886 0.004376
vt 0.544639 0.004612
vt 0.437689 0.257081
vt 0.370524 0.250000
vt 0.375000 0.254476
vt 0.409766 0.245850
vt 0.454837 0.245845
vt 0.500000 0.249491
vt 0.500000 0.253693
vt 0.625000 0.254476
vt 0.629476 0.250000
vt 0.562311 0.257081
vt 0.545163 0.245844
vt 0.590234 0.245850
vt 0.437520 0.503032
vt 0.125000 0.248106
vt 0.375000 0.501894
vt 0.375000 0.495524
vt 0.129476 0.250000
vt 0.437644 0.492916
vt 0.500001 0.496172
vt 0.500003 0.500224
vt 0.625000 0.501894
vt 0.875000 0.248106
vt 0.562487 0.503032
vt 0.562356 0.492916
vt 0.870524 0.250000
vt 0.625000 0.495524
vt 0.438753 0.754819
vt 0.131467 0.000000
vt 0.377156 0.750000
vt 0.375000 0.748106
vt 0.125000 0.001894
vt 0.437567 0.746963
vt 0.500000 0.749503
vt 0.500000 0.753257
vt 0.622844 0.750000
vt 0.868533 0.000000
vt 0.561247 0.754819
vt 0.562433 0.746963
vt 0.875000 0.001894
vt 0.625000 0.748106
vt 0.486140 0.000000
vt 0.495380 0.750000
vt 0.493532 0.000000
vt 0.497844 0.750000
vt 0.438365 0.434023
vt 0.506468 0.000000
vt 0.502156 0.750000
vt 0.513860 0.000000
vt 0.504620 0.750000
vt 0.561639 0.036223
vt 0.448462 0.253260
vt 0.375000 0.250000
vt 0.452672 0.249146
vt 0.625000 0.250000
vt 0.551538 0.253260
vt 0.547328 0.249146
vt 0.442423 0.500417
vt 0.375000 0.500000
vt 0.125000 0.250000
vt 0.446467 0.496615
vt 0.625000 0.500000
vt 0.875000 0.250000
vt 0.557581 0.500417
vt 0.553535 0.496615
vt 0.447771 0.752505
vt 0.375000 0.750000
vt 0.125000 0.000000
vt 0.447480 0.749332
vt 0.625000 0.750000
vt 0.875000 0.000000
vt 0.552229 0.752505
vt 0.552520 0.749332
vt 0.375000 0.312500
vt 0.390625 0.312500
vt 0.390625 0.350000
vt 0.375000 0.350000
vt 0.406250 0.312500
vt 0.406250 0.350000
vt 0.421875 0.312500
vt 0.421875 0.350000
vt 0.437500 0.312500
vt 0.437500 0.350000
vt 0.453125 0.312500
vt 0.453125 0.350000
vt 0.468750 0.312500
vt 0.468750 0.350000
vt 0.484375 0.312500
vt 0.484375 0.350000
vt 0.500000 0.312500
vt 0.500000 0.350000
vt 0.515625 0.312500
vt 0.515625 0.350000
vt 0.531250 0.312500
vt 0.531250 0.350000
vt 0.546875 0.312500
vt 0.546875 0.350000
vt 0.562500 0.312500
vt 0.562500 0.350000
vt 0.578125 0.312500
vt 0.578125 0.350000
vt 0.593750 0.312500
vt 0.593750 0.350000
vt 0.609375 0.312500
vt 0.609375 0.350000
vt 0.625000 0.312500
vt 0.625000 0.350000
vt 0.610485 0.045765
vt 0.644356 0.096456
vt 0.500000 0.156250
vt 0.559794 0.011894
vt 0.500000 0.000000
vt 0.440206 0.011894
vt 0.389515 0.045765
vt 0.355644 0.096456
vt 0.343750 0.156250
vt 0.355644 0.216044
vt 0.389515 0.266735
vt 0.440206 0.300606
vt 0.500000 0.312500
vt 0.559794 0.300606
vt 0.610485 0.266735
vt 0.644356 0.216044
vt 0.656250 0.156250
vt 0.644356 0.903544
vt 0.610485 0.954235
vt 0.500000 0.843750
vt 0.559794 0.988106
vt 0.500000 1.000000
vt 0.440206 0.988106
vt 0.389515 0.954235
vt 0.355644 0.903544
vt 0.343750 0.843750
vt 0.355644 0.783956
vt 0.389515 0.733265
vt 0.440206 0.699394
vt 0.500000 0.687500
vt 0.559794 0.699394
vt 0.610485 0.733265
vt 0.644356 0.783956
vt 0.656250 0.843750
vt 0.375000 0.650000
vt 0.390625 0.650000
vt 0.390625 0.687500
vt 0.375000 0.687500
vt 0.609375 0.650000
vt 0.625000 0.650000
vt 0.625000 0.687500
vt 0.609375 0.687500
vt 0.593750 0.650000
vt 0.593750 0.687500
vt 0.578125 0.650000
vt 0.578125 0.687500
vt 0.562500 0.650000
vt 0.562500 0.687500
vt 0.546875 0.650000
vt 0.546875 0.687500
vt 0.531250 0.650000
vt 0.531250 0.687500
vt 0.515625 0.650000
vt 0.515625 0.687500
vt 0.500000 0.650000
vt 0.500000 0.687500
vt 0.484375 0.650000
vt 0.484375 0.687500
vt 0.468750 0.650000
vt 0.468750 0.687500
vt 0.453125 0.650000
vt 0.453125 0.687500
vt 0.437500 0.650000
vt 0.437500 0.687500
vt 0.421875 0.650000
vt 0.421875 0.687500
vt 0.406250 0.650000
vt 0.406250 0.687500
vt 0.375000 0.612500
vt 0.390625 0.612500
vt 0.609375 0.612500
vt 0.625000 0.612500
vt 0.593750 0.612500
vt 0.578125 0.612500
vt 0.562500 0.612500
vt 0.546875 0.612500
vt 0.531250 0.612500
vt 0.515625 0.612500
vt 0.500000 0.612500
vt 0.484375 0.612500
vt 0.468750 0.612500
vt 0.453125 0.612500
vt 0.437500 0.612500
vt 0.421875 0.612500
vt 0.406250 0.612500
vt 0.375000 0.575000
vt 0.390625 0.575000
vt 0.609375 0.575000
vt 0.625000 0.575000
vt 0.593750 0.575000
vt 0.578125 0.575000
vt 0.562500 0.575000
vt 0.546875 0.575000
vt 0.531250 0.575000
vt 0.515625 0.575000
vt 0.500000 0.575000
vt 0.484375 0.575000
vt 0.468750 0.575000
vt 0.453125 0.575000
vt 0.437500 0.575000
vt 0.421875 0.575000
vt 0.406250 0.575000
vt 0.375000 0.537500
vt 0.390625 0.537500
vt 0.609375 0.537500
vt 0.625000 0.537500
vt 0.593750 0.537500
vt 0.578125 0.537500
vt 0.562500 0.537500
vt 0.546875 0.537500
vt 0.531250 0.537500
vt 0.515625 0.537500
vt 0.500000 0.537500
vt 0.484375 0.537500
vt 0.468750 0.537500
vt 0.453125 0.537500
vt 0.437500 0.537500
vt 0.421875 0.537500
vt 0.406250 0.537500
vt 0.375000 0.500000
vt 0.390625 0.500000
vt 0.609375 0.500000
vt 0.625000 0.500000
vt 0.593750 0.500000
vt 0.578125 0.500000
vt 0.562500 0.500000
vt 0.546875 0.500000
vt 0.531250 0.500000
vt 0.515625 0.500000
vt 0.500000 0.500000
vt 0.484375 0.500000
vt 0.468750 0.500000
vt 0.453125 0.500000
vt 0.437500 0.500000
vt 0.421875 0.500000
vt 0.406250 0.500000
vt 0.375000 0.462500
vt 0.390625 0.462500
vt 0.609375 0.462500
vt 0.625000 0.462500
vt 0.593750 0.462500
vt 0.578125 0.462500
vt 0.562500 0.462500
vt 0.546875 0.462500
vt 0.531250 0.462500
vt 0.515625 0.462500
vt 0.500000 0.462500
vt 0.484375 0.462500
vt 0.468750 0.462500
vt 0.453125 0.462500
vt 0.437500 0.462500
vt 0.421875 0.462500
vt 0.406250 0.462500
vt 0.375000 0.425000
vt 0.390625 0.425000
vt 0.609375 0.425000
vt 0.625000 0.425000
vt 0.593750 0.425000
vt 0.578125 0.425000
vt 0.562500 0.425000
vt 0.546875 0.425000
vt 0.531250 0.425000
vt 0.515625 0.425000
vt 0.500000 0.425000
vt 0.484375 0.425000
vt 0.468750 0.425000
vt 0.453125 0.425000
vt 0.437500 0.425000
vt 0.421875 0.425000
vt 0.406250 0.425000
vt 0.375000 0.387500
vt 0.390625 0.387500
vt 0.609375 0.387500
vt 0.625000 0.387500
vt 0.593750 0.387500
vt 0.578125 0.387500
vt 0.562500 0.387500
vt 0.546875 0.387500
vt 0.531250 0.387500
vt 0.515625 0.387500
vt 0.500000 0.387500
vt 0.484375 0.387500
vt 0.468750 0.387500
vt 0.453125 0.387500
vt 0.437500 0.387500
vt 0.421875 0.387500
vt 0.406250 0.387500
vn 0.000000 -0.999994 0.003420
vn -0.214057 -0.976816 0.003180
vn -0.214057 -0.976816 -0.003180
vn 0.000000 -0.999994 -0.003420
vn -0.633722 -0.773551 0.003761
vn -0.817509 -0.575903 0.003891
vn -0.817509 -0.575903 -0.003891
vn -0.633722 -0.773551 -0.003761
vn -0.999981 -0.002796 0.005479
vn -0.999981 -0.002796 -0.005479
vn -0.866029 -0.002091 0.499990
vn -0.866029 0.002091 0.499990
vn -0.999981 0.002796 0.005479
vn -0.499941 -0.002091 0.866057
vn -0.499941 0.002091 0.866057
vn -0.000000 -0.002085 0.999998
vn 0.000000 0.002085 0.999998
vn 0.999981 -0.002796 0.005479
vn 0.817509 -0.575903 0.003891
vn 0.817509 -0.575903 -0.003891
vn 0.999981 -0.002796 -0.005479
vn 0.633722 -0.773552 0.003761
vn 0.633722 -0.773552 -0.003761
vn 0.214057 -0.976816 0.003180
vn 0.214057 -0.976816 -0.003180
vn 0.499941 -0.002091 0.866057
vn 0.499941 0.002091 0.866057
vn 0.866029 -0.002091 0.499990
vn 0.866029 0.002091 0.499990
vn 0.999981 0.002796 0.005479
vn -0.950598 0.310399 0.003915
vn -0.950598 0.310399 -0.003915
vn -0.999981 0.002796 -0.005479
vn -0.633720 0.773555 0.003572
vn -0.427522 0.903998 0.003558
vn -0.427522 0.903998 -0.003558
vn -0.633720 0.773555 -0.003572
vn -0.000000 0.999994 0.003420
vn 0.000000 0.999994 -0.003420
vn 0.427522 0.903998 0.003558
vn 0.427522 0.903998 -0.003558
vn 0.633719 0.773555 0.003572
vn 0.633719 0.773555 -0.003572
vn 0.950599 0.310398 0.003915
vn 0.999981 0.002796 -0.005479
vn 0.950599 0.310398 -0.003915
vn -0.866029 0.002091 -0.499990
vn -0.866029 -0.002091 -0.499990
vn -0.707098 0.002086 -0.707113
vn -0.707098 -0.002086 -0.707113
vn -0.258621 0.001953 -0.965977
vn 0.000000 0.002085 -0.999998
vn 0.000000 -0.002085 -0.999998
vn -0.258621 -0.001953 -0.965977
vn 0.258621 0.001953 -0.965977
vn 0.258621 -0.001953 -0.965977
vn 0.707098 0.002086 -0.707113
vn 0.866029 0.002091 -0.499990
vn 0.866029 -0.002091 -0.499990
vn 0.707098 -0.002086 -0.707113
vn -0.934175 -0.276025 0.226114
vn -0.669028 -0.577239 0.468184
vn -0.449283 -0.772159 0.449349
vn 0.000000 -0.980902 0.194505
vn -0.190889 -0.962865 0.190928
vn 0.000000 -0.773559 0.633724
vn 0.000000 -0.773559 0.633724
vn -0.468136 -0.577266 0.669038
vn -0.000000 -0.283363 0.959013
vn -0.226067 -0.276027 0.934186
vn 0.190889 -0.962864 0.190928
vn 0.449283 -0.772159 0.449349
vn 0.669028 -0.577239 0.468185
vn 0.934175 -0.276025 0.226114
vn 0.468136 -0.577266 0.669039
vn 0.226066 -0.276027 0.934186
vn -0.000000 0.980900 0.194514
vn -0.190889 0.962863 0.190936
vn -0.449300 0.772138 0.449370
vn -0.669015 0.577226 0.468219
vn -0.934176 0.276014 0.226122
vn -0.468164 0.577253 0.669030
vn 0.000000 0.283352 0.959016
vn -0.226080 0.276017 0.934186
vn -0.000002 0.773560 0.633723
vn -0.000002 0.773560 0.633723
vn 0.934177 0.276013 0.226122
vn 0.669015 0.577226 0.468219
vn 0.449298 0.772138 0.449370
vn 0.190889 0.962862 0.190938
vn 0.468163 0.577253 0.669031
vn 0.226081 0.276015 0.934186
vn 0.000001 0.283352 -0.959016
vn -0.226081 0.276015 -0.934186
vn -0.468167 0.577258 -0.669023
vn -0.669015 0.577227 -0.468218
vn -0.934174 0.276018 -0.226125
vn -0.449301 0.772137 -0.449370
vn 0.000000 0.980899 -0.194516
vn -0.190891 0.962862 -0.190940
vn -0.000000 0.773564 -0.633718
vn -0.000000 0.773564 -0.633719
vn 0.934175 0.276016 -0.226125
vn 0.669015 0.577227 -0.468218
vn 0.468167 0.577258 -0.669024
vn 0.226081 0.276016 -0.934185
vn 0.449300 0.772138 -0.449369
vn 0.190891 0.962862 -0.190939
vn 0.000000 -0.980901 -0.194507
vn -0.190891 -0.962864 -0.190930
vn -0.449283 -0.772160 -0.449349
vn -0.669026 -0.577241 -0.468184
vn -0.934173 -0.276029 -0.226117
vn -0.468140 -0.577272 -0.669031
vn 0.000000 -0.283363 -0.959013
vn -0.226069 -0.276027 -0.934185
vn 0.000000 -0.773563 -0.633719
vn 0.000000 -0.773563 -0.633719
vn 0.934173 -0.276029 -0.226117
vn 0.669026 -0.577241 -0.468184
vn 0.449283 -0.772160 -0.449349
vn 0.190892 -0.962863 -0.190931
vn 0.468140 -0.577271 -0.669031
vn 0.226069 -0.276027 -0.934185
vn 0.770525 -0.537522 -0.342580
vn 0.608117 -0.424225 -0.670989
vn 0.647185 -0.410407 -0.642431
vn 0.798647 -0.503949 -0.328936
vn 0.312406 -0.217929 -0.924613
vn 0.375874 -0.241375 -0.894682
vn -0.075101 0.052401 -0.995798
vn 0.005572 -0.007952 -0.999953
vn -0.427190 0.298012 -0.853638
vn -0.367861 0.230380 -0.900890
vn -0.660859 0.461019 -0.592222
vn -0.643199 0.408080 -0.647894
vn -0.783024 0.546241 -0.297481
vn -0.795583 0.507260 -0.331263
vn -0.820154 0.572143 -0.000033
vn -0.842850 0.538148 -0.000036
vn -0.783034 0.546248 0.297439
vn -0.795597 0.507269 0.331216
vn -0.660873 0.461028 0.592200
vn -0.643204 0.408082 0.647887
vn -0.427190 0.298009 0.853639
vn -0.367905 0.230406 0.900866
vn -0.075153 0.052427 0.995793
vn 0.005566 -0.007956 0.999953
vn 0.312388 -0.217923 0.924621
vn 0.375856 -0.241359 0.894694
vn 0.608159 -0.424254 0.670933
vn 0.647223 -0.410433 0.642376
vn 0.770517 -0.537518 0.342606
vn 0.798638 -0.503944 0.328966
vn 0.820154 -0.572143 0.000042
vn 0.846060 -0.533087 0.000038
vn 0.000000 -1.000000 0.000001
vn 0.000000 -1.000000 -0.000000
vn 0.000000 -1.000000 -0.000000
vn 0.000000 -1.000000 -0.000000
vn 0.000000 -1.000000 0.000000
vn 0.000000 -1.000000 0.000000
vn 0.000000 -1.000000 0.000000
vn 0.000000 -1.000000 0.000000
vn 0.000000 -1.000000 -0.000001
vn 0.000000 -1.000000 -0.000001
vn 0.000000 -1.000000 0.000000
vn 0.000000 -1.000000 -0.000000
vn 0.000000 -1.000000 -0.000000
vn 0.000000 -1.000000 0.000000
vn 0.000000 -1.000000 0.000000
vn 0.000000 -1.000000 0.000000
vn 0.000000 -1.000000 -0.000001
vn 0.000000 1.000000 0.000000
vn 0.000000 1.000000 0.000000
vn 0.000000 1.000000 -0.000000
vn 0.000000 1.000000 0.000000
vn 0.000000 1.000000 0.000000
vn 0.000000 1.000000 0.000000
vn 0.000000 1.000000 0.000000
vn 0.000000 1.000000 0.000000
vn 0.000000 1.000000 0.000000
vn 0.000000 1.000000 0.000000
vn 0.000000 1.000000 0.000000
vn 0.000000 1.000000 0.000000
vn 0.000000 1.000000 -0.000002
vn 0.000000 1.000000 -0.000002
vn 0.000000 1.000000 0.000005
vn 0.000000 1.000000 -0.000000
vn 0.000000 1.000000 -0.000005
vn 0.798647 0.503949 -0.328937
vn 0.647185 0.410407 -0.642431
vn 0.608117 0.424225 -0.670989
vn 0.770525 0.537522 -0.342582
vn 0.846061 0.533087 0.000047
vn 0.820154 0.572143 0.000047
vn 0.798638 0.503944 0.328965
vn 0.770518 0.537516 0.342605
vn 0.647227 0.410435 0.642371
vn 0.608160 0.424255 0.670932
vn 0.375855 0.241359 0.894695
vn 0.312387 0.217922 0.924621
vn 0.005566 0.007956 0.999953
vn -0.075153 -0.052427 0.995793
vn -0.367906 -0.230406 0.900865
vn -0.427190 -0.298009 0.853639
vn -0.643203 -0.408082 0.647888
vn -0.660872 -0.461027 0.592201
vn -0.795597 -0.507269 0.331216
vn -0.783035 -0.546248 0.297439
vn -0.842850 -0.538148 -0.000036
vn -0.820154 -0.572143 -0.000033
vn -0.795583 -0.507260 -0.331263
vn -0.783024 -0.546241 -0.297481
vn -0.643199 -0.408079 -0.647894
vn -0.660859 -0.461018 -0.592223
vn -0.367892 -0.230396 -0.900874
vn -0.427203 -0.298018 -0.853629
vn 0.005565 0.007954 -0.999953
vn -0.075122 -0.052405 -0.995796
vn 0.375910 0.241398 -0.894661
vn 0.312437 0.217957 -0.924596
vn 0.841242 0.415634 -0.345776
vn 0.669983 0.333082 -0.663460
vn 0.896863 0.442309 0.000051
vn 0.841231 0.415629 0.345808
vn 0.670029 0.333107 0.663401
vn 0.381537 0.192584 0.904069
vn 0.007310 0.007840 0.999943
vn -0.370337 -0.181285 0.911036
vn -0.664192 -0.330334 0.670618
vn -0.837888 -0.419277 0.349502
vn -0.893965 -0.448138 -0.000037
vn -0.837872 -0.419268 -0.349550
vn -0.664187 -0.330332 -0.670624
vn -0.370322 -0.181276 -0.911044
vn 0.007307 0.007837 -0.999943
vn 0.381593 0.192615 -0.904039
vn 0.882709 0.299596 -0.362032
vn 0.691331 0.236370 -0.682782
vn 0.947158 0.320769 0.000054
vn 0.882730 0.299622 0.361960
vn 0.691361 0.236410 0.682738
vn 0.386758 0.134575 0.912309
vn 0.009034 0.006405 0.999939
vn -0.372132 -0.124969 0.919728
vn -0.683330 -0.233717 0.691691
vn -0.879308 -0.302899 0.367518
vn -0.945263 -0.326311 -0.000040
vn -0.879289 -0.302892 -0.367568
vn -0.683324 -0.233715 -0.691697
vn -0.372117 -0.124963 -0.919735
vn 0.009032 0.006403 -0.999939
vn 0.386851 0.134600 -0.912266
vn 0.913814 0.157882 -0.374189
vn 0.706890 0.123125 -0.696525
vn 0.985469 0.169854 0.000055
vn 0.913874 0.157893 0.374038
vn 0.706932 0.123125 0.696482
vn 0.390525 0.069321 0.917979
vn 0.010375 0.003642 0.999940
vn -0.373135 -0.063714 0.925587
vn -0.696836 -0.121383 0.706885
vn -0.910561 -0.159857 0.381216
vn -0.984867 -0.173312 -0.000042
vn -0.910539 -0.159853 -0.381268
vn -0.696831 -0.121382 -0.706890
vn -0.373108 -0.063712 -0.925598
vn 0.010373 0.003638 -0.999940
vn 0.390649 0.069348 -0.917924
vn 0.925492 -0.000000 -0.378767
vn 0.712667 0.000000 -0.701503
vn 1.000000 0.000001 0.000052
vn 0.925556 0.000001 0.378612
vn 0.712664 0.000000 0.701505
vn 0.391925 0.000000 0.919997
vn 0.010893 0.000000 0.999941
vn -0.373437 0.000000 0.927656
vn -0.701711 -0.000000 0.712462
vn -0.922332 0.000000 0.386399
vn -1.000000 0.000000 -0.000042
vn -0.922310 0.000000 -0.386451
vn -0.701706 0.000000 -0.712467
vn -0.373383 -0.000004 -0.927678
vn 0.010884 -0.000005 -0.999941
vn 0.392049 -0.000001 -0.919945
vn 0.913814 -0.157883 -0.374189
vn 0.706889 -0.123126 -0.696525
vn 0.985469 -0.169854 0.000045
vn 0.913874 -0.157892 0.374037
vn 0.706926 -0.123124 0.696488
vn 0.390524 -0.069322 0.917979
vn 0.010375 -0.003642 0.999940
vn -0.373135 0.063714 0.925587
vn -0.696836 0.121383 0.706885
vn -0.910561 0.159858 0.381215
vn -0.984867 0.173313 -0.000042
vn -0.910539 0.159854 -0.381268
vn -0.696831 0.121383 -0.706890
vn -0.373068 0.063701 -0.925615
vn 0.010365 -0.003641 -0.999940
vn 0.390616 -0.069345 -0.917938
vn 0.882708 -0.299598 -0.362032
vn 0.691330 -0.236372 -0.682782
vn 0.947157 -0.320772 0.000040
vn 0.882729 -0.299624 0.361959
vn 0.691354 -0.236410 0.682745
vn 0.386757 -0.134576 0.912309
vn 0.009035 -0.006405 0.999939
vn -0.372132 0.124971 0.919728
vn -0.683330 0.233719 0.691691
vn -0.879307 0.302902 0.367518
vn -0.945262 0.326313 -0.000040
vn -0.879288 0.302895 -0.367569
vn -0.683324 0.233718 -0.691697
vn -0.372068 0.124946 -0.919758
vn 0.009027 -0.006400 -0.999939
vn 0.386806 -0.134587 -0.912287
vn 0.841241 -0.415634 -0.345777
vn 0.669982 -0.333081 -0.663461
vn 0.896863 -0.442309 0.000037
vn 0.841231 -0.415629 0.345807
vn 0.670023 -0.333104 0.663409
vn 0.381537 -0.192584 0.904069
vn 0.007310 -0.007840 0.999943
vn -0.370337 0.181285 0.911036
vn -0.664192 0.330334 0.670618
vn -0.837888 0.419277 0.349502
vn -0.893964 0.448138 -0.000038
vn -0.837872 0.419268 -0.349551
vn -0.664187 0.330332 -0.670624
vn -0.370274 0.181252 -0.911068
vn 0.007303 -0.007833 -0.999943
vn 0.381549 -0.192595 -0.904062
s 1
g cabinetdoorleft
usemtl initialShadingGroup
f 537/641/787 536/659/788 577/696/789 585/650/790
s 2
f 536/659/791 535/657/792 578/698/793 577/696/794
f 535/658/792 543/654/795 579/646/796 578/697/793
f 543/654/795 542/664/797 552/673/798 551/655/799
f 542/664/797 541/663/800 553/674/801 552/673/798
f 541/663/800 540/642/802 554/644/803 553/674/801
f 546/643/804 545/666/805 586/705/806 590/649/807
f 545/667/805 544/665/808 587/706/809 586/704/806
s 1
f 544/665/810 537/641/787 585/650/790 587/706/811
s 2
f 540/642/802 548/669/812 560/680/813 554/644/803
f 548/669/812 547/668/814 561/681/815 560/680/813
f 547/668/814 546/643/804 562/645/816 561/681/815
f 551/655/799 550/671/817 566/686/818 565/656/819
f 550/672/820 549/670/821 567/687/822 566/685/823
f 549/670/821 557/652/824 568/647/825 567/687/822
f 557/652/824 559/679/826 574/693/827 568/647/825
f 559/679/826 558/677/828 575/695/829 574/693/827
f 558/678/830 562/645/816 576/648/831 575/694/832
f 565/656/819 564/683/833 580/700/834 579/646/796
f 564/684/833 563/682/835 581/701/836 580/699/834
s 5
f 563/682/837 571/653/838 582/651/839 581/701/840
f 571/653/838 573/692/841 588/707/842 582/651/839
s 2
f 573/692/843 572/690/844 589/709/845 588/707/846
f 572/691/844 576/648/831 590/649/807 589/708/845
f 546/643/804 590/649/807 576/648/831 562/645/816
f 579/646/796 543/654/795 551/655/799 565/656/819
f 542/664/797 543/654/795 535/658/792 591/710/847
f 591/711/848 535/657/792 536/659/791 592/713/849
s 1
f 536/659/788 537/641/787 538/661/850 592/713/851
s 2
f 592/712/849 538/660/852 539/662/853 593/714/854
f 539/662/855 540/642/802 541/663/800 593/714/856
f 593/714/854 541/663/800 542/664/797 591/710/848
f 591/710/848 592/712/849 593/714/854
s 1
f 538/661/850 537/641/787 544/665/810 594/716/857
s 2
f 594/716/858 544/665/808 545/667/805 595/718/859
f 545/666/805 546/643/804 547/668/814 595/717/860
f 595/717/859 547/668/814 548/669/812 596/719/861
f 548/669/812 540/642/802 539/662/855 596/719/862
f 596/719/861 539/662/853 538/660/852 594/715/858
f 594/715/858 595/717/859 596/719/861
f 556/676/863 557/652/824 549/670/821 597/720/864
f 597/720/865 549/670/821 550/672/820 598/721/866
f 550/671/817 551/655/799 552/673/798 598/721/867
f 598/721/866 552/673/798 553/674/801 599/722/868
f 553/674/801 554/644/803 555/675/869 599/722/870
f 599/722/868 555/675/871 556/676/872 597/720/865
f 597/720/865 598/721/866 599/722/868
f 561/681/815 562/645/816 558/678/830 600/723/873
f 600/723/874 558/677/828 559/679/826 601/724/875
f 559/679/826 557/652/824 556/676/863 601/724/876
f 601/724/875 556/676/872 555/675/871 602/725/877
f 555/675/869 554/644/803 560/680/813 602/725/878
f 602/725/877 560/680/813 561/681/815 600/723/874
f 600/723/874 601/724/875 602/725/877
s 5
f 570/689/879 571/653/838 563/682/837 603/726/880
s 2
f 603/726/881 563/682/835 564/684/833 604/727/882
f 564/683/833 565/656/819 566/686/818 604/728/883
f 604/727/882 566/685/823 567/687/822 605/729/884
f 567/687/822 568/647/825 569/688/885 605/729/886
f 605/729/884 569/688/887 570/689/888 603/726/881
f 603/726/881 604/727/882 605/729/884
f 575/694/832 576/648/831 572/691/844 606/731/889
f 606/730/890 572/690/844 573/692/843 607/732/891
s 5
f 573/692/841 571/653/838 570/689/879 607/732/892
s 2
f 607/732/891 570/689/888 569/688/887 608/733/893
f 569/688/885 568/647/825 574/693/827 608/733/894
f 608/733/893 574/693/827 575/695/829 606/730/890
f 606/730/890 607/732/891 608/733/893
s 1
f 584/703/895 585/650/790 577/696/789 609/734/896
s 2
f 609/734/897 577/696/794 578/698/793 610/735/898
f 578/697/793 579/646/796 580/700/834 610/736/899
f 610/735/898 580/699/834 581/701/836 611/737/900
s 5
f 581/701/840 582/651/839 583/702/901 611/737/902
s 2
f 611/737/900 583/702/903 584/703/904 609/734/897
f 609/734/897 610/735/898 611/737/900
f 589/708/845 590/649/807 586/705/806 612/739/905
f 612/738/906 586/704/806 587/706/809 613/740/907
s 1
f 587/706/811 585/650/790 584/703/895 613/740/908
s 2
f 613/740/907 584/703/904 583/702/903 614/741/909
s 5
f 583/702/901 582/651/839 588/707/842 614/741/910
s 2
f 614/741/909 588/707/846 589/709/845 612/738/906
f 612/738/906 613/740/907 614/741/909
s 11
f 615/742/911 616/743/912 777/744/913 778/745/914
f 616/743/912 617/746/915 792/747/916 777/744/913
f 617/746/915 618/748/917 791/749/918 792/747/916
f 618/748/917 619/750/919 790/751/920 791/749/918
f 619/750/919 620/752/921 789/753/922 790/751/920
f 620/752/921 621/754/923 788/755/924 789/753/922
f 621/754/923 622/756/925 787/757/926 788/755/924
f 622/756/925 623/758/927 786/759/928 787/757/926
f 623/758/927 624/760/929 785/761/930 786/759/928
f 624/760/929 625/762/931 784/763/932 785/761/930
f 625/762/931 626/764/933 783/765/934 784/763/932
f 626/764/933 627/766/935 782/767/936 783/765/934
f 627/766/935 628/768/937 781/769/938 782/767/936
f 628/768/937 629/770/939 780/771/940 781/769/938
f 629/770/939 630/772/941 779/773/942 780/771/940
f 630/772/941 615/774/911 778/775/914 779/773/942
s 12
f 616/776/943 615/777/944 647/778/945
f 617/779/946 616/776/943 647/778/945
f 618/780/947 617/779/946 647/778/945
f 619/781/948 618/780/947 647/778/945
f 620/782/949 619/781/948 647/778/945
f 621/783/950 620/782/949 647/778/945
f 622/784/951 621/783/950 647/778/945
f 623/785/952 622/784/951 647/778/945
f 624/786/953 623/785/952 647/778/945
f 625/787/954 624/786/953 647/778/945
f 626/788/955 625/787/954 647/778/945
f 627/789/956 626/788/955 647/778/945
f 628/790/957 627/789/956 647/778/945
f 629/791/958 628/790/957 647/778/945
f 630/792/959 629/791/958 647/778/945
f 615/777/944 630/792/959 647/778/945
s 13
f 631/793/960 632/794/961 648/795/962
f 632/794/961 633/796/963 648/795/962
f 633/796/963 634/797/964 648/795/962
f 634/797/964 635/798/965 648/795/962
f 635/798/965 636/799/966 648/795/962
f 636/799/966 637/800/967 648/795/962
f 637/800/967 638/801/968 648/795/962
f 638/801/968 639/802/969 648/795/962
f 639/802/969 640/803/970 648/795/962
f 640/803/970 641/804/971 648/795/962
f 641/804/971 642/805/972 648/795/962
f 642/805/972 643/806/973 648/795/962
f 643/806/973 644/807/974 648/795/962
f 644/807/974 645/808/975 648/795/962
f 645/808/975 646/809/976 648/795/962
f 646/809/976 631/793/960 648/795/962
s 11
f 650/810/977 649/811/978 632/812/979 631/813/980
f 651/814/981 650/815/977 631/816/980 646/817/982
f 652/818/983 651/814/981 646/817/982 645/819/984
f 653/820/985 652/818/983 645/819/984 644/821/986
f 654/822/987 653/820/985 644/821/986 643/823/988
f 655/824/989 654/822/987 643/823/988 642/825/990
f 656/826/991 655/824/989 642/825/990 641/827/992
f 657/828/993 656/826/991 641/827/992 640/829/994
f 658/830/995 657/828/993 640/829/994 639/831/996
f 659/832/997 658/830/995 639/831/996 638/833/998
f 660/834/999 659/832/997 638/833/998 637/835/1000
f 661/836/1001 660/834/999 637/835/1000 636/837/1002
f 662/838/1003 661/836/1001 636/837/1002 635/839/1004
f 663/840/1005 662/838/1003 635/839/1004 634/841/1006
f 664/842/1007 663/840/1005 634/841/1006 633/843/1008
f 649/811/978 664/842/1007 633/843/1008 632/812/979
f 666/844/1009 665/845/1010 649/811/978 650/810/977
f 667/846/1011 666/847/1009 650/815/977 651/814/981
f 668/848/1012 667/846/1011 651/814/981 652/818/983
f 669/849/1013 668/848/1012 652/818/983 653/820/985
f 670/850/1014 669/849/1013 653/820/985 654/822/987
f 671/851/1015 670/850/1014 654/822/987 655/824/989
f 672/852/1016 671/851/1015 655/824/989 656/826/991
f 673/853/1017 672/852/1016 656/826/991 657/828/993
f 674/854/1018 673/853/1017 657/828/993 658/830/995
f 675/855/1019 674/854/1018 658/830/995 659/832/997
f 676/856/1020 675/855/1019 659/832/997 660/834/999
f 677/857/1021 676/856/1020 660/834/999 661/836/1001
f 678/858/1022 677/857/1021 661/836/1001 662/838/1003
f 679/859/1023 678/858/1022 662/838/1003 663/840/1005
f 680/860/1024 679/859/1023 663/840/1005 664/842/1007
f 665/845/1010 680/860/1024 664/842/1007 649/811/978
f 682/861/1025 681/862/1026 665/845/1010 666/844/1009
f 683/863/1027 682/864/1025 666/847/1009 667/846/1011
f 684/865/1028 683/863/1027 667/846/1011 668/848/1012
f 685/866/1029 684/865/1028 668/848/1012 669/849/1013
f 686/867/1030 685/866/1029 669/849/1013 670/850/1014
f 687/868/1031 686/867/1030 670/850/1014 671/851/1015
f 688/869/1032 687/868/1031 671/851/1015 672/852/1016
f 689/870/1033 688/869/1032 672/852/1016 673/853/1017
f 690/871/1034 689/870/1033 673/853/1017 674/854/1018
f 691/872/1035 690/871/1034 674/854/1018 675/855/1019
f 692/873/1036 691/872/1035 675/855/1019 676/856/1020
f 693/874/1037 692/873/1036 676/856/1020 677/857/1021
f 694/875/1038 693/874/1037 677/857/1021 678/858/1022
f 695/876/1039 694/875/1038 678/858/1022 679/859/1023
f 696/877/1040 695/876/1039 679/859/1023 680/860/1024
f 681/862/1026 696/877/1040 680/860/1024 665/845/1010
f 698/878/1041 697/879/1042 681/862/1026 682/861/1025
f 699/880/1043 698/881/1041 682/864/1025 683/863/1027
f 700/882/1044 699/880/1043 683/863/1027 684/865/1028
f 701/883/1045 700/882/1044 684/865/1028 685/866/1029
f 702/884/1046 701/883/1045 685/866/1029 686/867/1030
f 703/885/1047 702/884/1046 686/867/1030 687/868/1031
f 704/886/1048 703/885/1047 687/868/1031 688/869/1032
f 705/887/1049 704/886/1048 688/869/1032 689/870/1033
f 706/888/1050 705/887/1049 689/870/1033 690/871/1034
f 707/889/1051 706/888/1050 690/871/1034 691/872/1035
f 708/890/1052 707/889/1051 691/872/1035 692/873/1036
f 709/891/1053 708/890/1052 692/873/1036 693/874/1037
f 710/892/1054 709/891/1053 693/874/1037 694/875/1038
f 711/893/1055 710/892/1054 694/875/1038 695/876/1039
f 712/894/1056 711/893/1055 695/876/1039 696/877/1040
f 697/879/1042 712/894/1056 696/877/1040 681/862/1026
f 714/895/1057 713/896/1058 697/879/1042 698/878/1041
f 715/897/1059 714/898/1057 698/881/1041 699/880/1043
f 716/899/1060 715/897/1059 699/880/1043 700/882/1044
f 717/900/1061 716/899/1060 700/882/1044 701/883/1045
f 718/901/1062 717/900/1061 701/883/1045 702/884/1046
f 719/902/1063 718/901/1062 702/884/1046 703/885/1047
f 720/903/1064 719/902/1063 703/885/1047 704/886/1048
f 721/904/1065 720/903/1064 704/886/1048 705/887/1049
f 722/905/1066 721/904/1065 705/887/1049 706/888/1050
f 723/906/1067 722/905/1066 706/888/1050 707/889/1051
f 724/907/1068 723/906/1067 707/889/1051 708/890/1052
f 725/908/1069 724/907/1068 708/890/1052 709/891/1053
f 726/909/1070 725/908/1069 709/891/1053 710/892/1054
f 727/910/1071 726/909/1070 710/892/1054 711/893/1055
f 728/911/1072 727/910/1071 711/893/1055 712/894/1056
f 713/896/1058 728/911/1072 712/894/1056 697/879/1042
f 730/912/1073 729/913/1074 713/896/1058 714/895/1057
f 731/914/1075 730/915/1073 714/898/1057 715/897/1059
f 732/916/1076 731/914/1075 715/897/1059 716/899/1060
f 733/917/1077 732/916/1076 716/899/1060 717/900/1061
f 734/918/1078 733/917/1077 717/900/1061 718/901/1062
f 735/919/1079 734/918/1078 718/901/1062 719/902/1063
f 736/920/1080 735/919/1079 719/902/1063 720/903/1064
f 737/921/1081 736/920/1080 720/903/1064 721/904/1065
f 738/922/1082 737/921/1081 721/904/1065 722/905/1066
f 739/923/1083 738/922/1082 722/905/1066 723/906/1067
f 740/924/1084 739/923/1083 723/906/1067 724/907/1068
f 741/925/1085 740/924/1084 724/907/1068 725/908/1069
f 742/926/1086 741/925/1085 725/908/1069 726/909/1070
f 743/927/1087 742/926/1086 726/909/1070 727/910/1071
f 744/928/1088 743/927/1087 727/910/1071 728/911/1072
f 729/913/1074 744/928/1088 728/911/1072 713/896/1058
f 746/929/1089 745/930/1090 729/913/1074 730/912/1073
f 747/931/1091 746/932/1089 730/915/1073 731/914/1075
f 748/933/1092 747/931/1091 731/914/1075 732/916/1076
f 749/934/1093 748/933/1092 732/916/1076 733/917/1077
f 750/935/1094 749/934/1093 733/917/1077 734/918/1078
f 751/936/1095 750/935/1094 734/918/1078 735/919/1079
f 752/937/1096 751/936/1095 735/919/1079 736/920/1080
f 753/938/1097 752/937/1096 736/920/1080 737/921/1081
f 754/939/1098 753/938/1097 737/921/1081 738/922/1082
f 755/940/1099 754/939/1098 738/922/1082 739/923/1083
f 756/941/1100 755/940/1099 739/923/1083 740/924/1084
f 757/942/1101 756/941/1100 740/924/1084 741/925/1085
f 758/943/1102 757/942/1101 741/925/1085 742/926/1086
f 759/944/1103 758/943/1102 742/926/1086 743/927/1087
f 760/945/1104 759/944/1103 743/927/1087 744/928/1088
f 745/930/1090 760/945/1104 744/928/1088 729/913/1074
f 762/946/1105 761/947/1106 745/930/1090 746/929/1089
f 763/948/1107 762/949/1105 746/932/1089 747/931/1091
f 764/950/1108 763/948/1107 747/931/1091 748/933/1092
f 765/951/1109 764/950/1108 748/933/1092 749/934/1093
f 766/952/1110 765/951/1109 749/934/1093 750/935/1094
f 767/953/1111 766/952/1110 750/935/1094 751/936/1095
f 768/954/1112 767/953/1111 751/936/1095 752/937/1096
f 769/955/1113 768/954/1112 752/937/1096 753/938/1097
f 770/956/1114 769/955/1113 753/938/1097 754/939/1098
f 771/957/1115 770/956/1114 754/939/1098 755/940/1099
f 772/958/1116 771/957/1115 755/940/1099 756/941/1100
f 773/959/1117 772/958/1116 756/941/1100 757/942/1101
f 774/960/1118 773/959/1117 757/942/1101 758/943/1102
f 775/961/1119 774/960/1118 758/943/1102 759/944/1103
f 776/962/1120 775/961/1119 759/944/1103 760/945/1104
f 761/947/1106 776/962/1120 760/945/1104 745/930/1090
f 778/745/914 777/744/913 761/947/1106 762/946/1105
f 779/773/942 778/775/914 762/949/1105 763/948/1107
f 780/771/940 779/773/942 763/948/1107 764/950/1108
f 781/769/938 780/771/940 764/950/1108 765/951/1109
f 782/767/936 781/769/938 765/951/1109 766/952/1110
f 783/765/934 782/767/936 766/952/1110 767/953/1111
f 784/763/932 783/765/934 767/953/1111 768/954/1112
f 785/761/930 784/763/932 768/954/1112 769/955/1113
f 786/759/928 785/761/930 769/955/1113 770/956/1114
f 787/757/926 786/759/928 770/956/1114 771/957/1115
f 788/755/924 787/757/926 771/957/1115 772/958/1116
f 789/753/922 788/755/924 772/958/1116 773/959/1117
f 790/751/920 789/753/922 773/959/1117 774/960/1118
f 791/749/918 790/751/920 774/960/1118 775/961/1119
f 792/747/916 791/749/918 775/961/1119 776/962/1120
f 777/744/913 792/747/916 776/962/1120 761/947/1106
