# This file uses meters as units for non-parametric coordinates.

mtllib fridge.mtl
g default
v -34.855178 3.476855 37.871149
v -35.983127 3.476855 37.117487
v -36.736800 3.476855 35.989512
v -37.001452 3.476855 34.659073
v -36.736800 2.146351 34.659073
v -35.983127 1.018403 34.659073
v -34.855178 0.264729 34.659073
v -33.524670 0.000077 34.659073
v -33.524670 0.264729 35.989512
v -33.524670 1.018403 37.117487
v -33.524670 2.146351 37.871149
v -33.524670 3.476855 38.135809
v -33.524670 2.146351 -40.985049
v -33.524670 1.018403 -40.231387
v -33.524670 0.264729 -39.103411
v -33.524670 0.000077 -37.772973
v -34.855178 0.264729 -37.772973
v -35.983127 1.018403 -37.772973
v -36.736800 2.146351 -37.772973
v -37.001452 3.476855 -37.772973
v -36.736800 3.476855 -39.103411
v -35.983127 3.476855 -40.231387
v -34.855178 3.476855 -40.985049
v -33.524670 3.476855 -41.249709
v 32.276414 3.476855 35.989512
v 31.522745 3.476855 37.117487
v 30.394773 3.476855 37.871149
v 29.064257 3.476855 38.135809
v 29.064257 2.146351 37.871149
v 29.064257 1.018403 37.117487
v 29.064257 0.264729 35.989512
v 29.064257 0.000077 34.659073
v 30.394773 0.264729 34.659073
v 31.522745 1.018403 34.659073
v 32.276414 2.146351 34.659073
v 32.541070 3.476855 34.659073
v -33.524670 162.251126 37.871149
v -33.524670 163.379055 37.117487
v -33.524670 164.132759 35.989512
v -33.524670 164.397396 34.659073
v -34.855178 164.132759 34.659073
v -35.983127 163.379055 34.659073
v -36.736800 162.251126 34.659073
v -37.001452 160.920618 34.659073
v -36.736800 160.920618 35.989512
v -35.983127 160.920618 37.117487
v -34.855178 160.920618 37.871149
v -33.524670 160.920618 38.135809
v 29.064257 0.264729 -39.103411
v 29.064257 1.018403 -40.231387
v 29.064257 2.146351 -40.985049
v 29.064257 3.476855 -41.249709
v 30.394773 3.476855 -40.985049
v 31.522745 3.476855 -40.231387
v 32.276414 3.476855 -39.103411
v 32.541070 3.476855 -37.772973
v 32.276414 2.146351 -37.772973
v 31.522745 1.018403 -37.772973
v 30.394773 0.264729 -37.772973
v 29.064257 0.000077 -37.772973
v 32.276414 162.251126 34.659073
v 31.522745 163.379055 34.659073
v 30.394773 164.132759 34.659073
v 29.064257 164.397396 34.659073
v 29.064257 164.132759 35.989512
v 29.064257 163.379055 37.117487
v 29.064257 162.251126 37.871149
v 29.064257 160.920618 38.135809
v 30.394773 160.920618 37.871149
v 31.522745 160.920618 37.117487
v 32.276414 160.920618 35.989512
v 32.541070 160.920618 34.659073
v -33.524670 164.132759 -39.103411
v -33.524670 163.379055 -40.231387
v -33.524670 162.251126 -40.985049
v -33.524670 160.920618 -41.249709
v -34.855178 160.920618 -40.985049
v -35.983127 160.920618 -40.231387
v -36.736800 160.920618 -39.103411
v -37.001452 160.920618 -37.772973
v -36.736800 162.251126 -37.772973
v -35.983127 163.379055 -37.772973
v -34.855178 164.132759 -37.772973
v -33.524670 164.397396 -37.772973
v 32.276414 160.920618 -39.103411
v 31.522745 160.920618 -40.231387
v 30.394773 160.920618 -40.985049
v 29.064257 160.920618 -41.249709
v 29.064257 162.251126 -40.985049
v 29.064257 163.379055 -40.231387
v 29.064257 164.132759 -39.103411
v 29.064257 164.397396 -37.772973
v 30.394773 164.132759 -37.772973
v 31.522745 163.379055 -37.772973
v 32.276414 162.251126 -37.772973
v 32.541070 160.920618 -37.772973
v -34.724742 2.276783 37.692370
v -35.873123 2.457981 37.007534
v -36.558037 2.276783 35.859095
v -35.873123 1.128395 35.677885
v -34.724742 0.443493 35.859095
v -34.543548 1.128395 37.007534
v -35.531265 1.470237 36.665692
v -34.724742 2.276783 -40.806269
v -34.543548 1.128395 -40.121434
v -34.724742 0.443493 -38.972994
v -35.873123 1.128395 -38.791785
v -36.558037 2.276783 -38.972994
v -35.873123 2.457981 -40.121434
v -35.531265 1.470237 -39.779591
v 32.097623 2.276783 35.859095
v 31.412694 2.457981 37.007534
v 30.264358 2.276783 37.692370
v 30.083148 1.128395 37.007534
v 30.264358 0.443493 35.859095
v 31.412694 1.128395 35.677885
v 31.070844 1.470237 36.665692
v -34.724742 162.120697 37.692370
v -34.543548 163.269094 37.007534
v -34.724742 163.953976 35.859095
v -35.873123 163.269094 35.677885
v -36.558037 162.120697 35.859095
v -35.873123 161.939503 37.007534
v -35.531265 162.927252 36.665692
v 30.264358 0.443493 -38.972994
v 30.083148 1.128395 -40.121434
v 30.264358 2.276783 -40.806269
v 31.412694 2.457981 -40.121434
v 32.097623 2.276783 -38.972994
v 31.412694 1.128395 -38.791785
v 31.070844 1.470237 -39.779591
v 32.097623 162.120697 35.859095
v 31.412694 163.269094 35.677885
v 30.264358 163.953976 35.859095
v 30.083148 163.269094 37.007534
v 30.264358 162.120697 37.692370
v 31.412694 161.939503 37.007534
v 31.070844 162.927252 36.665692
v -34.724742 163.953976 -38.972994
v -34.543548 163.269094 -40.121434
v -34.724742 162.120697 -40.806269
v -35.873123 161.939503 -40.121434
v -36.558037 162.120697 -38.972994
v -35.873123 163.269094 -38.791785
v -35.531265 162.927252 -39.779591
v 32.097623 162.120697 -38.972994
v 31.412694 161.939503 -40.121434
v 30.264358 162.120697 -40.806269
v 30.083148 163.269094 -40.121434
v 30.264358 163.953976 -38.972994
v 31.412694 163.269094 -38.791785
v 31.070844 162.927252 -39.779591
v 2.884919 157.818265 -41.249709
v -30.272817 157.818265 -41.249709
v 2.884919 126.577409 -41.249709
v -30.272817 126.577409 -41.249709
v 2.884919 157.818265 -41.422656
v -30.272817 157.818265 -41.422656
v 2.884919 126.577409 -41.422656
v -30.272817 126.577409 -41.422656
v 0.413820 155.490023 -41.890295
v -27.801718 155.490023 -41.890295
v 0.413820 128.905644 -41.890295
v -27.801718 128.905644 -41.890295
v 31.522745 107.314877 37.117487
v 30.394773 107.314877 37.871149
v 29.064255 107.314877 38.135809
v -33.524670 107.314877 38.135809
v -34.855178 107.314877 37.871149
v -35.983127 107.314877 37.117487
v -36.736800 107.314877 35.989512
v -37.001452 107.314877 34.659073
v -37.001452 107.314877 -37.772973
v -36.736800 107.314877 -39.103411
v -35.983127 107.314877 -40.231387
v -34.855178 107.314877 -40.985049
v -33.524670 107.314877 -41.249709
v -30.272817 147.181524 -41.249709
v -30.272817 147.181524 -41.422656
v -27.801720 146.438691 -41.890295
v 0.413820 146.438691 -41.890295
v 2.884919 147.181524 -41.422656
v 2.884919 147.181524 -41.249709
v 29.064255 107.314877 -41.249709
v 30.394773 107.314877 -40.985049
v 31.522745 107.314877 -40.231387
v 32.276414 107.314877 -39.103411
v 32.541070 107.314877 -37.772973
v 32.541070 107.314877 34.659073
v 32.276414 107.314877 35.989512
v 30.394773 7.195617 37.871149
v 29.064257 7.195617 38.135809
v -33.524670 7.195617 38.135809
v -34.855178 7.195617 37.871149
v -35.983127 7.195617 37.117487
v -36.736800 7.195617 35.989512
v -37.001452 7.195617 34.659073
v -37.001452 7.195617 -37.772973
v -36.736800 7.195617 -39.103411
v -35.983127 7.195617 -40.231387
v -34.855178 7.195617 -40.985049
v -33.524670 7.195617 -41.249709
v -30.272817 127.315273 -41.249709
v -30.272817 127.315273 -41.422656
v -27.801718 129.533570 -41.890295
v 0.413820 129.533570 -41.890295
v 2.884919 127.315273 -41.422656
v 2.884919 127.315273 -41.249709
v 29.064259 7.195617 -41.249709
v 30.394773 7.195617 -40.985049
v 31.522745 7.195617 -40.231387
v 32.276414 7.195617 -39.103411
v 32.541070 7.195617 -37.772973
v 32.541070 7.195617 34.659073
v 32.276414 7.195617 35.989512
v 31.522745 7.195617 37.117487
v 32.276414 162.251126 -32.820653
v 31.522745 163.379055 -32.820653
v 30.394773 164.132759 -32.820653
v 29.064257 164.397396 -32.820653
v -33.524670 164.397396 -32.820653
v -34.855178 164.132759 -32.820653
v -35.983127 163.379055 -32.820653
v -36.736800 162.251126 -32.820653
v -37.001452 160.920618 -32.820653
v -37.001452 107.314877 -32.820653
v -37.001452 7.195617 -32.820653
v -37.001452 3.476855 -32.820653
v -36.736800 2.146351 -32.820653
v -35.983127 1.018403 -32.820653
v -34.855178 0.264729 -32.820653
v -33.524670 0.000077 -32.820653
v 29.064257 0.000077 -32.820653
v 30.394773 0.264729 -32.820653
v 31.522745 1.018403 -32.820653
v 32.276414 2.146351 -32.820653
v 32.541070 3.476855 -32.820653
v 32.541070 7.195617 -32.820653
v 32.541070 160.920618 -32.820653
v 31.522745 163.379055 30.655724
v 30.394773 164.132759 30.655724
v 29.064257 164.397396 30.655724
v -33.524670 164.397396 30.655724
v -34.855178 164.132759 30.655724
v -35.983127 163.379055 30.655724
v -36.736800 162.251126 30.655724
v -37.001452 160.920618 30.655724
v -37.001456 107.314877 30.655724
v -37.001456 7.195614 30.655724
v -37.001456 3.476855 30.655724
v -36.736800 2.146351 30.655724
v -35.983127 1.018403 30.655724
v -34.855178 0.264729 30.655724
v -33.524670 0.000077 30.655724
v 29.064257 0.000077 30.655724
v 30.394773 0.264729 30.655724
v 31.522745 1.018403 30.655724
v 32.276414 2.146351 30.655724
v 32.541070 3.476855 30.655724
v 32.541070 7.195617 30.655724
v 32.541074 160.920618 30.655724
v 32.276414 162.251126 30.655724
v 30.394773 125.076656 -40.985049
v 31.522745 125.076656 -40.231387
v 32.276414 125.076656 -39.103411
v 32.541070 125.076656 -37.772973
v 32.541070 125.076656 34.659073
v 32.276414 125.076656 35.989512
v 31.522745 125.076656 37.117487
v 30.394773 125.076656 37.871149
v 29.064255 125.076656 38.135809
v -33.524670 125.076656 38.135809
v -34.855178 125.076656 37.871149
v -35.983127 125.076656 37.117487
v -36.736800 125.076656 35.989512
v -37.001452 125.076656 34.659073
v -37.001452 125.076656 30.655724
v -37.001452 125.076656 -32.820653
v -37.001452 125.076656 -37.772973
v -36.736800 125.076656 -39.103411
v -35.983127 125.076656 -40.231387
v -34.855178 125.076656 -40.985049
v -33.524670 125.076656 -41.249709
v -30.272817 150.705895 -41.249709
v -30.272817 150.705895 -41.422656
v -27.801718 149.437770 -41.890295
v 0.413820 149.437770 -41.890295
v 2.884919 150.705895 -41.422656
v 2.884919 150.705895 -41.249709
v 29.064255 125.076656 -41.249709
v 30.394773 154.123167 -40.985049
v 31.522745 154.123167 -40.231387
v 32.276414 154.123167 -39.103411
v 32.541070 154.123167 -37.772973
v 32.541070 154.123167 -32.820653
v 32.541074 154.123167 30.655724
v 32.541070 154.123167 34.659073
v 32.276414 154.123167 35.989512
v 31.522745 154.123167 37.117487
v 30.394773 154.123167 37.871149
v 29.064257 154.123167 38.135809
v -33.524670 154.123167 38.135809
v -34.855178 154.123167 37.871149
v -35.983127 154.123167 37.117487
v -36.736800 154.123167 35.989512
v -37.001452 154.123167 34.659073
v -37.001452 154.123167 30.655724
v -37.001452 154.123167 -32.820653
v -37.001452 154.123167 -37.772973
v -36.736800 154.123167 -39.103411
v -35.983127 154.123167 -40.231387
v -34.855178 154.123167 -40.985049
v -33.524670 154.123167 -41.249709
v -30.272817 156.469482 -41.249709
v -30.272817 156.469482 -41.422656
v -27.801718 154.342280 -41.890295
v 0.413820 154.342280 -41.890295
v 2.884919 156.469482 -41.422656
v 2.884919 156.469482 -41.249709
v 29.064257 154.123167 -41.249709
v -19.963193 125.076656 30.655724
v -19.963189 154.123167 30.655724
v -19.963193 125.076656 -32.820653
v -19.963193 154.123167 -32.820653
v -19.177554 7.195617 30.655724
v -19.177554 107.314877 30.655724
v -19.177554 7.195617 -32.820653
v -19.177554 107.314877 -32.820653
v -19.177554 81.957958 30.655724
v 32.541070 81.957958 30.655724
v 32.541070 81.957958 34.659073
v 32.276414 81.957958 35.989512
v 31.522745 81.957958 37.117487
v 30.394773 81.957958 37.871149
v 29.064255 81.957958 38.135809
v -33.524670 81.957958 38.135809
v -34.855178 81.957958 37.871149
v -35.983127 81.957958 37.117487
v -36.736800 81.957958 35.989512
v -37.001452 81.957958 34.659073
v -37.001456 81.957943 30.655724
v -37.001452 81.957958 -32.820653
v -37.001452 81.957958 -37.772973
v -36.736800 81.957958 -39.103411
v -35.983127 81.957958 -40.231387
v -34.855178 81.957958 -40.985049
v -33.524670 81.957958 -41.249709
v -30.272817 142.150054 -41.249709
v -30.272817 142.150054 -41.422656
v -27.801720 142.157162 -41.890295
v 0.413820 142.157162 -41.890295
v 2.884919 142.150054 -41.422656
v 2.884919 142.150054 -41.249709
v 29.064255 81.957958 -41.249709
v 30.394773 81.957958 -40.985049
v 31.522745 81.957958 -40.231387
v 32.276414 81.957958 -39.103411
v 32.541070 81.957958 -37.772973
v 32.541070 81.957958 -32.820653
v -19.177554 81.957958 -32.820653
v -19.177554 79.029778 30.655724
v 32.541070 79.029778 30.655724
v 32.541070 79.029778 34.659073
v 32.276414 79.029778 35.989512
v 31.522745 79.029778 37.117487
v 30.394773 79.029778 37.871149
v 29.064255 79.029778 38.135809
v -33.524670 79.029778 38.135809
v -34.855178 79.029778 37.871149
v -35.983127 79.029778 37.117487
v -36.736800 79.029778 35.989512
v -37.001452 79.029778 34.659073
v -37.001456 79.029778 30.655724
v -37.001452 79.029778 -32.820653
v -37.001452 79.029778 -37.772973
v -36.736800 79.029778 -39.103411
v -35.983127 79.029778 -40.231387
v -34.855178 79.029778 -40.985049
v -33.524670 79.029778 -41.249709
v -30.272817 141.569036 -41.249709
v -30.272817 141.569036 -41.422656
v -27.801720 141.662743 -41.890295
v 0.413820 141.662743 -41.890295
v 2.884919 141.569036 -41.422656
v 2.884919 141.569036 -41.249709
v 29.064255 79.029778 -41.249709
v 30.394773 79.029778 -40.985049
v 31.522745 79.029778 -40.231387
v 32.276414 79.029778 -39.103411
v 32.541070 79.029778 -37.772973
v 32.541070 79.029778 -32.820653
v -19.177554 79.029778 -32.820653
v -19.177554 42.061096 30.655724
v 32.541070 42.061096 30.655724
v 32.541070 42.061096 34.659073
v 32.276414 42.061096 35.989512
v 31.522745 42.061096 37.117487
v 30.394773 42.061096 37.871149
v 29.064255 42.061096 38.135809
v -33.524670 42.061096 38.135809
v -34.855178 42.061096 37.871149
v -35.983127 42.061096 37.117487
v -36.736800 42.061096 35.989512
v -37.001452 42.061096 34.659073
v -37.001456 42.061088 30.655724
v -37.001452 42.061096 -32.820653
v -37.001452 42.061096 -37.772973
v -36.736800 42.061096 -39.103411
v -35.983127 42.061096 -40.231387
v -34.855178 42.061096 -40.985049
v -33.524670 42.061096 -41.249709
v -30.272817 134.233494 -41.249709
v -30.272817 134.233494 -41.422656
v -27.801720 135.420587 -41.890295
v 0.413820 135.420587 -41.890295
v 2.884919 134.233494 -41.422656
v 2.884919 134.233494 -41.249709
v 29.064257 42.061096 -41.249709
v 30.394773 42.061096 -40.985049
v 31.522745 42.061096 -40.231387
v 32.276414 42.061096 -39.103411
v 32.541070 42.061096 -37.772973
v 32.541070 42.061096 -32.820653
v -19.177554 42.061096 -32.820653
v -19.177554 38.764648 30.655724
v 32.541070 38.764648 30.655724
v 32.541070 38.764648 34.659073
v 32.276414 38.764648 35.989512
v 31.522745 38.764648 37.117487
v 30.394773 38.764648 37.871149
v 29.064255 38.764648 38.135809
v -33.524670 38.764648 38.135809
v -34.855178 38.764648 37.871149
v -35.983127 38.764648 37.117487
v -36.736800 38.764648 35.989512
v -37.001452 38.764648 34.659073
v -37.001456 38.764648 30.655724
v -37.001452 38.764648 -32.820653
v -37.001452 38.764648 -37.772973
v -36.736800 38.764648 -39.103411
v -35.983127 38.764648 -40.231387
v -34.855178 38.764648 -40.985049
v -33.524670 38.764648 -41.249709
v -30.272817 133.579407 -41.249709
v -30.272817 133.579407 -41.422656
v -27.801720 134.864002 -41.890292
v 0.413820 134.864002 -41.890292
v 2.884919 133.579407 -41.422656
v 2.884919 133.579407 -41.249709
v 29.064257 38.764648 -41.249709
v 30.394773 38.764648 -40.985049
v 31.522745 38.764648 -40.231387
v 32.276414 38.764648 -39.103411
v 32.541070 38.764648 -37.772973
v 32.541070 38.764648 -32.820653
v -19.177554 38.764648 -32.820653
v -19.177554 38.764648 0.011571
v -19.177554 7.195617 0.011571
v 32.541070 7.195617 0.011571
v 32.541070 3.476855 0.011571
v 32.276414 2.146351 0.011571
v 31.522745 1.018403 0.011571
v 30.394773 0.264729 0.011571
v 29.064257 0.000077 0.011571
v -33.524670 0.000077 0.011571
v -34.855178 0.264729 0.011571
v -35.983127 1.018403 0.011571
v -36.736800 2.146351 0.011571
v -37.001452 3.476855 0.011571
v -37.001452 7.195614 0.011571
v -37.001452 38.764648 0.011571
v -37.001452 42.061096 0.011571
v -37.001452 79.029778 0.011571
v -37.001452 81.957943 0.011571
v -37.001452 107.314877 0.011571
v -37.001452 125.076656 0.011571
v -37.001452 154.123167 0.011571
v -37.001452 160.920618 0.011571
v -36.736800 162.251126 0.011571
v -35.983127 163.379055 0.011571
v -34.855178 164.132759 0.011571
v -33.524670 164.397396 0.011571
v 29.064257 164.397396 0.011571
v 30.394773 164.132759 0.011571
v 31.522745 163.379055 0.011571
v 32.276414 162.251126 0.011571
v 32.541070 160.920618 0.011571
v 32.541070 154.123167 0.011571
v -19.963191 154.123167 0.011571
v -19.963193 125.076656 0.011571
v -19.177554 107.314877 0.011571
v -19.177554 81.957958 0.011571
v -19.177554 79.029778 0.011571
v -19.177554 42.061096 0.011571
v -19.177554 38.764648 -32.089259
v -19.177554 38.764648 -0.719823
v -19.177554 7.195617 -0.719823
v -19.177554 7.195617 -32.089259
v -19.177554 38.764648 0.864949
v -19.177554 7.195617 0.864949
v -19.177554 38.764648 29.802333
v -19.177554 7.195617 29.802333
v 26.701812 38.764648 -32.089259
v 26.701812 38.764648 -0.719823
v 26.701812 7.195617 -0.719823
v 26.701812 7.195617 -32.089259
v 26.701808 38.764648 0.864949
v 26.701808 7.195617 0.864949
v 26.701808 38.764648 29.802333
v 26.701808 7.195617 29.802333
v 26.701812 35.632239 -21.507141
v 26.701812 35.632239 -11.301932
v 26.701812 30.894004 -11.301932
v 26.701812 30.894004 -21.507141
v 22.201377 35.901048 -21.507141
v 22.201377 35.901048 -11.301932
v 22.201377 31.162798 -11.301932
v 22.201377 31.162798 -21.507141
v 26.701808 35.574716 10.115792
v 26.701808 31.332721 10.115792
v 26.701808 35.574716 20.551497
v 26.701808 31.332721 20.551497
v 22.333986 35.586898 10.115792
v 22.333986 31.344901 10.115792
v 22.333986 35.586898 20.551497
v 22.333986 31.344901 20.551497
v 32.541070 106.486751 -32.820653
v 32.541070 107.314877 -33.690614
v 32.541070 107.905881 -32.837726
v 32.541070 108.496884 -31.984845
v 32.264232 107.610581 -32.405079
v 31.413348 107.314877 -32.820653
v 32.541070 108.486036 0.011571
v 32.198042 107.657909 0.011571
v 31.369912 107.314877 0.011571
v 31.413348 125.076656 -32.820653
v 32.259232 124.793582 -32.421355
v 32.541070 123.944435 -32.020052
v 32.541070 124.510546 -32.855335
v 32.541070 125.076656 -33.690614
v 32.541070 125.904775 -32.820653
v 32.259524 107.597944 30.255678
v 32.541070 108.447099 29.855127
v 32.541070 107.880980 30.690404
v 32.541070 107.314877 31.525685
v 32.541070 106.486751 30.655724
v 31.413348 107.314877 30.655724
v 32.541070 123.944435 29.855127
v 32.259524 124.793582 30.255678
v 31.413348 125.076656 30.655724
v 32.541070 125.904775 30.655724
v 32.541070 125.076656 31.525685
v 32.541070 124.510546 30.690404
v 31.369912 125.076656 0.011571
v 32.198042 124.733617 0.011571
v 32.541070 123.905498 0.011571
v 25.879463 42.061096 -32.820653
v 26.707594 41.718075 -32.477627
v 27.050620 40.889937 -31.649494
v 27.050620 40.889937 0.011571
v 26.707594 41.718075 0.011571
v 25.879463 42.061096 0.011571
v 25.879463 42.061096 30.655724
v 26.707594 41.718075 30.312698
v 27.050620 40.889937 29.484565
v 27.050620 39.935811 29.484565
v 26.707594 39.107672 30.312698
v 25.879463 38.764648 30.655724
v 27.050620 39.935811 -31.649494
v 26.707594 39.107672 -32.477627
v 25.879463 38.764648 -32.820653
v 27.050620 39.935811 0.011571
v 26.707594 39.107672 0.011571
v 25.879463 38.764648 0.011571
v 25.904158 81.957958 -32.820653
v 26.732288 81.614934 -32.477627
v 27.075314 80.786807 -31.649494
v 25.904158 81.957958 0.011571
v 26.732288 81.614934 0.011571
v 27.075314 80.786807 0.011571
v 25.904158 81.957958 30.655724
v 26.732288 81.614934 30.312698
v 27.075314 80.786807 29.484565
v 27.075314 80.200937 29.484565
v 26.732288 79.372802 30.312698
v 25.904158 79.029778 30.655724
v 27.075314 80.200937 -31.649494
v 26.732288 79.372802 -32.477627
v 25.904158 79.029778 -32.820653
v 27.075314 80.200937 0.011571
v 26.732288 79.372802 0.011571
v 25.904158 79.029778 0.011571
vt 0.364051 0.005287
vt 0.387499 0.989051
vt 0.135949 0.005287
vt 0.612501 0.989051
vt 0.612501 0.760949
vt 0.387499 0.244713
vt 0.612501 0.244713
vt 0.135949 0.244713
vt 0.387499 0.260949
vt 0.612501 0.744713
vt 0.635949 0.244713
vt 0.864051 0.244713
vt 0.612501 0.505287
vt 0.387499 0.489051
vt 0.612501 0.489051
vt 0.387499 0.005287
vt 0.612501 0.005287
vt 0.612501 0.260949
vt 0.387499 0.505287
vt 0.387499 0.744713
vt 0.387499 0.760949
vt 0.635949 0.005287
vt 0.864051 0.005287
vt 0.364051 0.244713
vt 0.381621 0.005270
vt 0.375764 0.005262
vt 0.369914 0.005270
vt 0.366060 0.002645
vt 0.375000 0.993055
vt 0.368055 -0.000000
vt 0.381231 0.991057
vt 0.385229 0.994544
vt 0.382967 -0.000000
vt 0.382967 1.000000
vt 0.385233 0.002645
vt 0.387398 0.748719
vt 0.387356 0.752736
vt 0.387399 0.756809
vt 0.381252 0.758956
vt 0.131945 -0.000000
vt 0.375000 0.756945
vt 0.133943 0.002635
vt 0.130467 0.004290
vt 0.375000 0.746706
vt 0.125000 0.003294
vt 0.381251 0.745717
vt 0.630086 0.005270
vt 0.624236 0.005262
vt 0.618379 0.005270
vt 0.614767 0.002645
vt 0.617033 1.000000
vt 0.617033 -0.000000
vt 0.614772 0.994545
vt 0.618769 0.991056
vt 0.631945 -0.000000
vt 0.625000 0.993055
vt 0.633940 0.002645
vt 0.387407 0.248701
vt 0.387364 0.252721
vt 0.387403 0.256801
vt 0.381252 0.258956
vt 0.368055 0.250000
vt 0.375000 0.256945
vt 0.366061 0.247356
vt 0.369921 0.244735
vt 0.375779 0.244747
vt 0.381639 0.244741
vt 0.612602 0.756809
vt 0.612644 0.752735
vt 0.612601 0.748720
vt 0.618750 0.745716
vt 0.875000 0.003294
vt 0.625000 0.746706
vt 0.869533 0.004290
vt 0.866056 0.002636
vt 0.625000 0.756945
vt 0.868055 -0.000000
vt 0.618748 0.758957
vt 0.633939 0.247356
vt 0.625000 0.256945
vt 0.631945 0.250000
vt 0.618747 0.258956
vt 0.612598 0.256801
vt 0.612636 0.252720
vt 0.612592 0.248701
vt 0.618361 0.244741
vt 0.624221 0.244747
vt 0.630078 0.244735
vt 0.387398 0.493191
vt 0.387356 0.497265
vt 0.387399 0.501280
vt 0.381250 0.504284
vt 0.125000 0.246706
vt 0.375000 0.503294
vt 0.130467 0.245710
vt 0.133944 0.247364
vt 0.375000 0.493055
vt 0.131945 0.250000
vt 0.381252 0.491043
vt 0.869533 0.245710
vt 0.625000 0.503294
vt 0.875000 0.246706
vt 0.618749 0.504283
vt 0.612602 0.501281
vt 0.612644 0.497264
vt 0.612601 0.493191
vt 0.618748 0.491044
vt 0.868055 0.250000
vt 0.625000 0.493055
vt 0.866057 0.247365
vt 0.380703 0.002818
vt 0.375496 0.003003
vt 0.370366 0.002818
vt 0.375000 0.996415
vt 0.371415 0.000000
vt 0.380517 0.995184
vt 0.379113 -0.000000
vt 0.379113 1.000000
vt 0.375000 0.000000
vt 0.375000 1.000000
vt 0.381637 0.748364
vt 0.382060 0.751725
vt 0.381638 0.755506
vt 0.128585 -0.000000
vt 0.375000 0.753585
vt 0.129819 0.002317
vt 0.375000 0.748300
vt 0.125000 0.001700
vt 0.375000 0.750000
vt 0.125000 0.000000
vt 0.629631 0.002818
vt 0.624530 0.003003
vt 0.619291 0.002818
vt 0.620887 1.000000
vt 0.620887 0.000000
vt 0.619493 0.995176
vt 0.628585 -0.000000
vt 0.625000 0.996415
vt 0.625000 0.000000
vt 0.625000 1.000000
vt 0.381888 0.247870
vt 0.382108 0.251630
vt 0.381649 0.255485
vt 0.371415 0.250000
vt 0.375000 0.253585
vt 0.370416 0.247210
vt 0.375714 0.247139
vt 0.375000 0.250000
vt 0.618362 0.755498
vt 0.617940 0.751743
vt 0.618362 0.748368
vt 0.875000 0.001700
vt 0.625000 0.748300
vt 0.870172 0.002313
vt 0.625000 0.753585
vt 0.871415 0.000000
vt 0.625000 0.750000
vt 0.875000 0.000000
vt 0.629586 0.247210
vt 0.625000 0.253585
vt 0.628585 0.250000
vt 0.618352 0.255476
vt 0.617888 0.251636
vt 0.618115 0.247867
vt 0.624286 0.247124
vt 0.625000 0.250000
vt 0.381638 0.494502
vt 0.382060 0.498257
vt 0.381638 0.501632
vt 0.125000 0.248300
vt 0.375000 0.501700
vt 0.129828 0.247687
vt 0.375000 0.496415
vt 0.128585 0.250000
vt 0.375000 0.500000
vt 0.125000 0.250000
vt 0.870181 0.247683
vt 0.625000 0.501700
vt 0.875000 0.248300
vt 0.618363 0.501636
vt 0.617940 0.498275
vt 0.618362 0.494494
vt 0.871415 0.250000
vt 0.625000 0.496415
vt 0.625000 0.500000
vt 0.875000 0.250000
vt 0.387499 0.505287
vt 0.612501 0.505287
vt 0.612501 0.744713
vt 0.387499 0.744713
vt 0.387499 0.505287
vt 0.612501 0.505287
vt 0.612501 0.744713
vt 0.387499 0.744713
vt 0.387499 0.505287
vt 0.612501 0.505287
vt 0.612501 0.744713
vt 0.387499 0.744713
vt 0.624226 0.163208
vt 0.618367 0.163207
vt 0.612501 0.163194
vt 0.387499 0.163194
vt 0.381633 0.163207
vt 0.375774 0.163208
vt 0.369919 0.163203
vt 0.364051 0.163194
vt 0.135949 0.163194
vt 0.130467 0.163513
vt 0.375000 0.586170
vt 0.125000 0.163830
vt 0.381251 0.586486
vt 0.387499 0.586806
vt 0.387499 0.586806
vt 0.387499 0.586806
vt 0.387499 0.586806
vt 0.612501 0.586806
vt 0.612501 0.586806
vt 0.612501 0.586806
vt 0.612501 0.586806
vt 0.618749 0.586485
vt 0.875000 0.163830
vt 0.625000 0.586170
vt 0.869533 0.163513
vt 0.630081 0.163203
vt 0.618378 0.010926
vt 0.612501 0.010942
vt 0.387499 0.010942
vt 0.381622 0.010926
vt 0.375764 0.010919
vt 0.369914 0.010926
vt 0.364051 0.010942
vt 0.135949 0.010942
vt 0.130467 0.009992
vt 0.375000 0.740957
vt 0.125000 0.009043
vt 0.381251 0.740014
vt 0.387499 0.739058
vt 0.387499 0.739058
vt 0.387499 0.739058
vt 0.387499 0.739058
vt 0.612501 0.739058
vt 0.612501 0.739058
vt 0.612501 0.739058
vt 0.612501 0.739058
vt 0.618750 0.740014
vt 0.875000 0.009043
vt 0.625000 0.740957
vt 0.869533 0.009992
vt 0.864051 0.010942
vt 0.635949 0.010942
vt 0.630086 0.010926
vt 0.624235 0.010919
vt 0.850186 0.247364
vt 0.625000 0.476912
vt 0.851912 0.250000
vt 0.618748 0.475176
vt 0.612501 0.473455
vt 0.387499 0.473455
vt 0.381252 0.475175
vt 0.148088 0.250000
vt 0.375000 0.476912
vt 0.149814 0.247364
vt 0.151545 0.244713
vt 0.151545 0.163194
vt 0.151545 0.010942
vt 0.151545 0.005287
vt 0.149814 0.002636
vt 0.375000 0.773088
vt 0.148088 -0.000000
vt 0.381250 0.774825
vt 0.387499 0.776545
vt 0.612501 0.776545
vt 0.618749 0.774826
vt 0.851912 -0.000000
vt 0.625000 0.773088
vt 0.850186 0.002636
vt 0.848455 0.005287
vt 0.848455 0.010942
vt 0.848455 0.244713
vt 0.625000 0.269994
vt 0.644994 0.250000
vt 0.618748 0.271784
vt 0.612501 0.273556
vt 0.387499 0.273556
vt 0.381252 0.271783
vt 0.355006 0.250000
vt 0.375000 0.269995
vt 0.353232 0.247356
vt 0.351444 0.244713
vt 0.351444 0.163194
vt 0.351444 0.010942
vt 0.351444 0.005287
vt 0.353231 0.002644
vt 0.375000 0.980006
vt 0.355006 -0.000000
vt 0.381232 0.978228
vt 0.387499 0.976444
vt 0.612501 0.976444
vt 0.618768 0.978228
vt 0.644994 -0.000000
vt 0.625000 0.980006
vt 0.646769 0.002645
vt 0.648556 0.005287
vt 0.648556 0.010942
vt 0.648556 0.244713
vt 0.646769 0.247356
vt 0.618749 0.559248
vt 0.875000 0.191291
vt 0.625000 0.558709
vt 0.869533 0.190748
vt 0.630080 0.190218
vt 0.624224 0.190225
vt 0.618365 0.190222
vt 0.612501 0.190205
vt 0.387499 0.190205
vt 0.381635 0.190223
vt 0.375776 0.190225
vt 0.369920 0.190218
vt 0.364051 0.190205
vt 0.351444 0.190205
vt 0.151545 0.190205
vt 0.135949 0.190205
vt 0.130467 0.190748
vt 0.375000 0.558709
vt 0.125000 0.191291
vt 0.381251 0.559249
vt 0.387499 0.559795
vt 0.387499 0.559795
vt 0.387499 0.559795
vt 0.387499 0.559795
vt 0.612501 0.559795
vt 0.612501 0.559795
vt 0.612501 0.559795
vt 0.612501 0.559795
vt 0.618749 0.514707
vt 0.875000 0.236197
vt 0.625000 0.513803
vt 0.869533 0.235287
vt 0.635949 0.234376
vt 0.630079 0.234396
vt 0.624221 0.234407
vt 0.618362 0.234402
vt 0.612501 0.234376
vt 0.387499 0.234376
vt 0.381639 0.234402
vt 0.375779 0.234407
vt 0.369921 0.234397
vt 0.364051 0.234376
vt 0.351444 0.234376
vt 0.151545 0.234376
vt 0.135949 0.234376
vt 0.130467 0.235287
vt 0.375000 0.513803
vt 0.125000 0.236197
vt 0.381250 0.514707
vt 0.387499 0.515624
vt 0.387499 0.515624
vt 0.387499 0.515624
vt 0.387499 0.515624
vt 0.612501 0.515624
vt 0.612501 0.515624
vt 0.612501 0.515624
vt 0.612501 0.515624
vt 0.648556 0.234376
vt 0.848455 0.234376
vt 0.648556 0.010942
vt 0.848455 0.010942
vt 0.648556 0.124634
vt 0.635949 0.124634
vt 0.630082 0.124636
vt 0.624228 0.124638
vt 0.618370 0.124639
vt 0.612501 0.124634
vt 0.387499 0.124634
vt 0.381630 0.124639
vt 0.375772 0.124638
vt 0.369918 0.124636
vt 0.364051 0.124634
vt 0.351444 0.124634
vt 0.151545 0.124634
vt 0.135949 0.124634
vt 0.130467 0.124631
vt 0.375000 0.625372
vt 0.125000 0.124628
vt 0.381251 0.625369
vt 0.387499 0.625366
vt 0.387499 0.625366
vt 0.387499 0.625366
vt 0.387499 0.625366
vt 0.612501 0.625366
vt 0.612501 0.625366
vt 0.612501 0.625366
vt 0.612501 0.625366
vt 0.618749 0.625369
vt 0.875000 0.124628
vt 0.625000 0.625372
vt 0.869533 0.124631
vt 0.864051 0.124634
vt 0.848455 0.124634
vt 0.648556 0.120181
vt 0.635949 0.120181
vt 0.630083 0.120183
vt 0.624228 0.120184
vt 0.618370 0.120185
vt 0.612501 0.120181
vt 0.387499 0.120181
vt 0.381630 0.120185
vt 0.375771 0.120184
vt 0.369917 0.120183
vt 0.364051 0.120181
vt 0.351444 0.120181
vt 0.151545 0.120181
vt 0.135949 0.120181
vt 0.130467 0.120141
vt 0.375000 0.629899
vt 0.125000 0.120101
vt 0.381251 0.629860
vt 0.387499 0.629819
vt 0.387499 0.629819
vt 0.387499 0.629819
vt 0.387499 0.629819
vt 0.612501 0.629819
vt 0.612501 0.629819
vt 0.612501 0.629819
vt 0.612501 0.629819
vt 0.618749 0.629859
vt 0.875000 0.120101
vt 0.625000 0.629899
vt 0.869533 0.120141
vt 0.864051 0.120181
vt 0.848455 0.120181
vt 0.648556 0.063963
vt 0.635949 0.063963
vt 0.630084 0.063955
vt 0.624232 0.063952
vt 0.618375 0.063956
vt 0.612501 0.063963
vt 0.387499 0.063963
vt 0.381626 0.063956
vt 0.375768 0.063952
vt 0.369916 0.063955
vt 0.364051 0.063963
vt 0.351444 0.063963
vt 0.151545 0.063963
vt 0.135949 0.063963
vt 0.130467 0.063454
vt 0.375000 0.687054
vt 0.125000 0.062946
vt 0.381251 0.686549
vt 0.387499 0.686038
vt 0.387499 0.686038
vt 0.387499 0.686038
vt 0.387499 0.686038
vt 0.612501 0.686038
vt 0.612501 0.686038
vt 0.612501 0.686038
vt 0.612501 0.686038
vt 0.618749 0.686549
vt 0.875000 0.062946
vt 0.625000 0.687054
vt 0.869533 0.063454
vt 0.864051 0.063963
vt 0.848455 0.063963
vt 0.648556 0.058950
vt 0.635949 0.058950
vt 0.630085 0.058941
vt 0.624232 0.058938
vt 0.618375 0.058942
vt 0.612501 0.058950
vt 0.387499 0.058950
vt 0.381625 0.058942
vt 0.375767 0.058938
vt 0.369915 0.058941
vt 0.364051 0.058950
vt 0.351444 0.058950
vt 0.151545 0.058950
vt 0.135949 0.058950
vt 0.130467 0.058399
vt 0.375000 0.692150
vt 0.125000 0.057850
vt 0.381251 0.691604
vt 0.387499 0.691050
vt 0.387499 0.691050
vt 0.387499 0.691050
vt 0.387499 0.691050
vt 0.612501 0.691050
vt 0.612501 0.691050
vt 0.612501 0.691050
vt 0.612501 0.691050
vt 0.618750 0.691604
vt 0.875000 0.057850
vt 0.625000 0.692150
vt 0.869533 0.058399
vt 0.864051 0.058950
vt 0.848455 0.058950
vt 0.745060 0.010942
vt 0.745060 0.010942
vt 0.745060 0.005287
vt 0.744972 0.002641
vt 0.744887 -0.000000
vt 0.625000 0.880113
vt 0.618759 0.880033
vt 0.612501 0.879940
vt 0.387499 0.879940
vt 0.381241 0.880032
vt 0.375000 0.880113
vt 0.255113 -0.000000
vt 0.255028 0.002640
vt 0.254940 0.005287
vt 0.254940 0.010942
vt 0.254940 0.058950
vt 0.254940 0.063963
vt 0.254940 0.120181
vt 0.254940 0.124634
vt 0.254940 0.163194
vt 0.254940 0.190205
vt 0.254940 0.234376
vt 0.254940 0.244713
vt 0.255029 0.247360
vt 0.255113 0.250000
vt 0.375000 0.369887
vt 0.381252 0.369974
vt 0.387499 0.370060
vt 0.612501 0.370060
vt 0.618748 0.369974
vt 0.625000 0.369887
vt 0.744887 0.250000
vt 0.744971 0.247360
vt 0.745060 0.244713
vt 0.745060 0.234376
vt 0.745060 0.234376
vt 0.848455 0.058950
vt 0.745060 0.058950
vt 0.745060 0.010942
vt 0.848455 0.010942
vt 0.745060 0.010942
vt 0.745060 0.058950
vt 0.648556 0.058950
vt 0.648556 0.010942
vt 0.848455 0.058950
vt 0.745060 0.058950
vt 0.745060 0.010942
vt 0.848455 0.010942
vt 0.745060 0.010942
vt 0.745060 0.058950
vt 0.648556 0.058950
vt 0.648556 0.010942
vt 0.848455 0.058950
vt 0.745060 0.058950
vt 0.745060 0.010942
vt 0.848455 0.010942
vt 0.848455 0.058950
vt 0.745060 0.058950
vt 0.745060 0.010942
vt 0.848455 0.010942
vt 0.745060 0.010942
vt 0.745060 0.058950
vt 0.648556 0.058950
vt 0.648556 0.010942
vt 0.745060 0.010942
vt 0.745060 0.058950
vt 0.648556 0.058950
vt 0.648556 0.010942
vt 0.848455 0.190205
vt 0.848455 0.234376
vt 0.848455 0.191464
vt 0.864051 0.190205
vt 0.864051 0.234376
vt 0.648556 0.163194
vt 0.648556 0.234376
vt 0.635949 0.190205
vt 0.864051 0.163194
vt 0.635949 0.163194
vt 0.851195 0.190205
vt 0.648556 0.163194
vt 0.645817 0.163194
vt 0.651078 0.188483
vt 0.745060 0.190205
vt 0.848455 0.163194
vt 0.745060 0.163194
vt 0.848455 0.163194
vt 0.844767 0.122853
vt 0.745060 0.122853
vt 0.844767 0.062182
vt 0.745060 0.062182
vt 0.745060 0.063963
vt 0.848455 0.063963
vt 0.648556 0.058950
vt 0.648556 0.063963
vt 0.848455 0.058950
vt 0.745060 0.058950
vt 0.848455 0.063963
vt 0.848455 0.058950
vt 0.745060 0.124634
vt 0.848455 0.124634
vt 0.648556 0.120181
vt 0.648556 0.124634
vt 0.848455 0.120181
vt 0.745060 0.120181
vt 0.848455 0.124634
vt 0.848455 0.120181
vt 0.652244 0.062182
vt 0.652244 0.060731
vt 0.745060 0.060731
vt 0.745060 0.058950
vt 0.648556 0.058950
vt 0.648556 0.190205
vt 0.745060 0.190205
vt 0.648556 0.190205
vt 0.745060 0.163194
vt 0.745060 0.124634
vt 0.648556 0.124634
vt 0.745060 0.121962
vt 0.652245 0.122853
vt 0.652244 0.121962
vt 0.745060 0.120181
vt 0.648556 0.120181
vt 0.745060 0.063963
vt 0.648556 0.063963
vt 0.845934 0.188483
vt 0.745060 0.188424
vt 0.745060 0.164975
vt 0.848455 0.161935
vt 0.851195 0.163194
vt 0.651078 0.164916
vt 0.648556 0.161935
vt 0.648556 0.191464
vt 0.645817 0.190205
vt 0.845823 0.164992
vt 0.848455 0.190205
vt 0.844767 0.060731
vt 0.844767 0.121962
vt 0.848527 0.164092
vt 0.847146 0.164068
vt 0.745060 0.163194
vt 0.847223 0.189398
vt 0.848579 0.189312
vt 0.649816 0.164033
vt 0.648427 0.164089
vt 0.649816 0.189357
vt 0.648432 0.189346
vt 0.745060 0.190205
vt 0.848455 0.063963
vt 0.745060 0.063963
vt 0.648556 0.063963
vt 0.648556 0.058950
vt 0.848455 0.058950
vt 0.745060 0.058950
vt 0.848455 0.124634
vt 0.745060 0.124634
vt 0.648556 0.124634
vt 0.648556 0.120181
vt 0.848455 0.120181
vt 0.745060 0.120181
vn -0.997604 -0.050304 0.047493
vn -0.924580 -0.041316 0.378742
vn -0.923877 0.000000 0.382689
vn -0.998771 0.000000 0.049558
vn -0.706584 -0.038547 0.706578
vn -0.707109 0.000000 0.707104
vn -0.378733 -0.041317 0.924583
vn -0.382682 0.000000 0.923880
vn -0.003939 -0.052179 0.998630
vn -0.004141 0.000000 0.999991
vn -0.003949 -0.998771 0.049399
vn -0.378973 -0.924584 0.039027
vn -0.382683 -0.923879 0.000000
vn -0.004140 -0.999991 0.000000
vn -0.706639 -0.706638 0.036393
vn -0.707107 -0.707107 0.000000
vn -0.924584 -0.378974 0.039027
vn -0.923879 -0.382684 -0.000000
vn -0.998629 -0.052342 0.000000
vn -0.003142 -0.382405 0.923989
vn 0.003142 -0.382405 0.923989
vn 0.003939 -0.052179 0.998630
vn -0.002905 -0.707107 0.707101
vn 0.002905 -0.707107 0.707101
vn -0.003142 -0.923987 0.382411
vn 0.003142 -0.923987 0.382411
vn 0.003949 -0.998771 0.049399
vn -0.003979 -0.999112 -0.041948
vn -0.003142 -0.923987 -0.382411
vn 0.003142 -0.923987 -0.382411
vn 0.003979 -0.999112 -0.041948
vn -0.002905 -0.707107 -0.707101
vn 0.002905 -0.707107 -0.707101
vn -0.003142 -0.382405 -0.923989
vn 0.003142 -0.382405 -0.923989
vn -0.000216 -0.002864 -0.999996
vn 0.000244 -0.003238 -0.999995
vn -0.378733 -0.041317 -0.924583
vn -0.382682 0.000000 -0.923880
vn -0.195095 0.000000 -0.980784
vn -0.706584 -0.038547 -0.706578
vn -0.707109 0.000000 -0.707104
vn -0.924580 -0.041316 -0.378742
vn -0.923877 0.000000 -0.382689
vn -0.997905 -0.050621 -0.040283
vn -0.999114 0.000000 -0.042086
vn 0.378730 -0.041317 0.924585
vn 0.382678 0.000000 0.923882
vn 0.004141 0.000000 0.999991
vn 0.706582 -0.038550 0.706580
vn 0.707106 0.000000 0.707108
vn 0.924579 -0.041321 0.378743
vn 0.923877 0.000000 0.382689
vn 0.997604 -0.050305 0.047493
vn 0.998771 0.000000 0.049558
vn 0.924583 -0.378976 0.039032
vn 0.923879 -0.382684 0.000000
vn 0.998629 -0.052343 0.000000
vn 0.706637 -0.706640 0.036397
vn 0.707103 -0.707110 0.000000
vn 0.378969 -0.924586 0.039028
vn 0.382679 -0.923881 0.000000
vn 0.004140 -0.999991 0.000000
vn -0.003949 0.998771 0.049397
vn -0.003142 0.923985 0.382416
vn 0.003142 0.923985 0.382416
vn 0.003949 0.998771 0.049397
vn -0.002905 0.707105 0.707103
vn 0.002905 0.707105 0.707103
vn -0.003142 0.382407 0.923988
vn 0.003142 0.382407 0.923988
vn -0.004016 0.032434 0.999466
vn 0.004016 0.032434 0.999466
vn -0.998347 0.031179 0.048292
vn -0.924583 0.378976 0.039026
vn -0.923878 0.382686 0.000000
vn -0.999470 0.032543 0.000000
vn -0.706641 0.706636 0.036392
vn -0.707109 0.707105 0.000000
vn -0.378978 0.924582 0.039026
vn -0.382688 0.923877 0.000000
vn -0.004140 0.999991 0.000000
vn 0.997905 -0.050622 -0.040284
vn 0.924579 -0.041321 -0.378744
vn 0.923877 0.000000 -0.382689
vn 0.999114 0.000000 -0.042087
vn 0.706582 -0.038550 -0.706581
vn 0.707106 0.000000 -0.707108
vn 0.378730 -0.041317 -0.924585
vn 0.382678 0.000000 -0.923882
vn 0.041790 0.000000 -0.999126
vn 0.378974 0.924584 0.039028
vn 0.382684 0.923879 0.000000
vn 0.004140 0.999991 0.000000
vn 0.706639 0.706638 0.036395
vn 0.707105 0.707108 0.000000
vn 0.924582 0.378977 0.039031
vn 0.923878 0.382686 0.000000
vn 0.998346 0.031180 0.048294
vn 0.999470 0.032544 0.000000
vn -0.021875 0.176651 -0.984030
vn -0.003142 0.382407 -0.923988
vn 0.003142 0.382407 -0.923988
vn 0.010799 0.087207 -0.996132
vn -0.002905 0.707105 -0.707103
vn 0.002905 0.707105 -0.707103
vn -0.003142 0.923985 -0.382416
vn 0.003142 0.923985 -0.382416
vn -0.003979 0.999112 -0.041946
vn 0.003979 0.999112 -0.041946
vn 0.000000 0.000001 -1.000000
vn 0.000000 0.000001 -1.000000
vn 0.000000 0.000000 -1.000000
vn 0.000000 0.000000 -1.000000
vn 1.000000 0.000000 0.000000
vn -1.000000 0.000000 -0.000000
vn -0.337452 -0.337453 0.878778
vn -0.673148 -0.306181 0.673146
vn -0.878768 -0.337462 0.337469
vn -0.673144 -0.673145 0.306191
vn -0.337459 -0.878771 0.337466
vn -0.306178 -0.673148 0.673147
vn -0.577355 -0.577355 0.577341
vn -0.337453 -0.337452 -0.878778
vn -0.306178 -0.673148 -0.673147
vn -0.337459 -0.878771 -0.337466
vn -0.379591 -0.924568 -0.032937
vn -0.706774 -0.706774 -0.030670
vn -0.673144 -0.673145 -0.306192
vn -0.924568 -0.379591 -0.032937
vn -0.878768 -0.337463 -0.337470
vn -0.673147 -0.306180 -0.673147
vn -0.577355 -0.577355 -0.577341
vn 0.878760 -0.337473 0.337480
vn 0.673147 -0.306189 0.673143
vn 0.337454 -0.337454 0.878777
vn 0.306177 -0.673147 0.673148
vn 0.337460 -0.878769 0.337468
vn 0.673144 -0.673140 0.306202
vn 0.577363 -0.577349 0.577339
vn -0.380345 0.025268 0.924499
vn -0.337449 0.337451 0.878781
vn -0.306172 0.673150 0.673147
vn -0.337458 0.878772 0.337464
vn -0.673144 0.673147 0.306186
vn -0.878769 0.337462 0.337468
vn -0.924496 0.025267 0.380353
vn -0.706914 0.023485 0.706909
vn -0.673146 0.306178 0.673149
vn -0.577352 0.577356 0.577342
vn 0.379587 -0.924570 -0.032937
vn 0.337460 -0.878770 -0.337468
vn 0.306177 -0.673147 -0.673148
vn 0.337453 -0.337454 -0.878778
vn 0.673146 -0.306189 -0.673144
vn 0.878760 -0.337473 -0.337480
vn 0.924567 -0.379592 -0.032941
vn 0.706772 -0.706776 -0.030673
vn 0.673144 -0.673141 -0.306201
vn 0.577363 -0.577349 -0.577339
vn 0.924496 0.025270 0.380354
vn 0.878761 0.337472 0.337477
vn 0.673145 0.673143 0.306194
vn 0.337459 0.878770 0.337468
vn 0.306171 0.673151 0.673147
vn 0.337451 0.337453 0.878779
vn 0.380341 0.025268 0.924501
vn 0.706912 0.023487 0.706912
vn 0.673146 0.306187 0.673144
vn 0.577362 0.577350 0.577338
vn -0.379595 0.924566 -0.032936
vn -0.337459 0.878772 -0.337464
vn -0.306172 0.673150 -0.673148
vn -0.337449 0.337451 -0.878781
vn -0.380345 0.025268 -0.924499
vn -0.706914 0.023485 -0.706909
vn -0.673146 0.306178 -0.673148
vn -0.924496 0.025267 -0.380353
vn -0.878769 0.337461 -0.337468
vn -0.998667 0.031391 -0.040980
vn -0.924567 0.379592 -0.032936
vn -0.706777 0.706772 -0.030668
vn -0.673145 0.673147 -0.306184
vn -0.577353 0.577355 -0.577343
vn 0.924567 0.379594 -0.032940
vn 0.998667 0.031391 -0.040981
vn 0.924496 0.025270 -0.380355
vn 0.878761 0.337472 -0.337478
vn 0.706912 0.023487 -0.706912
vn 0.673146 0.306188 -0.673144
vn 0.380341 0.025268 -0.924501
vn 0.337450 0.337453 -0.878779
vn 0.306171 0.673151 -0.673147
vn 0.337459 0.878770 -0.337467
vn 0.379591 0.924568 -0.032937
vn 0.706774 0.706774 -0.030671
vn 0.673144 0.673143 -0.306194
vn 0.577362 0.577350 -0.577339
vn -0.000000 0.000000 -1.000000
vn 0.000000 0.000000 -1.000000
vn 0.000000 0.000000 -1.000000
vn -0.000000 0.000000 -1.000000
vn 0.000000 0.000000 -1.000000
vn -0.000000 0.000000 -1.000000
vn 0.000000 0.000000 -1.000000
vn -0.000070 0.000000 -1.000000
vn -0.000065 0.000000 -1.000000
vn 0.000003 0.000000 -1.000000
vn -0.000070 0.000000 -1.000000
vn 0.000000 1.000000 0.000000
vn 0.000000 1.000000 0.000000
vn 0.000000 1.000000 0.000000
vn 0.000000 1.000000 0.000000
vn 1.000000 0.000000 0.000000
vn 1.000000 0.000000 0.000000
vn 1.000000 0.000000 0.000000
vn 1.000000 0.000000 0.000000
vn 0.000000 -1.000000 0.000000
vn 0.000000 -1.000000 0.000000
vn 0.000000 -1.000000 0.000000
vn 0.000000 -1.000000 0.000000
vn -1.000000 0.000000 0.000000
vn -1.000000 0.000000 0.000000
vn -1.000000 0.000000 0.000000
vn -1.000000 0.000000 0.000000
vn 0.000000 0.196922 -0.980419
vn 0.000000 0.196922 -0.980419
vn 0.000000 0.196922 -0.980419
vn 0.000000 0.196922 -0.980419
vn 0.185943 0.000000 -0.982560
vn 0.185946 0.000000 -0.982560
vn 0.185946 0.000000 -0.982560
vn 0.185942 0.000000 -0.982561
vn 0.000000 -0.196923 -0.980419
vn 0.000000 -0.196923 -0.980419
vn 0.000000 -0.196923 -0.980419
vn 0.000000 -0.196923 -0.980419
vn -0.185946 0.000000 -0.982560
vn -0.185944 0.000000 -0.982560
vn -0.185943 0.000000 -0.982560
vn -0.185946 0.000000 -0.982560
vn 0.382678 0.000000 0.923882
vn 0.707106 0.000000 0.707107
vn 0.707106 0.000000 0.707108
vn 0.382679 0.000000 0.923881
vn 0.004140 0.000000 0.999991
vn 0.004141 0.000000 0.999991
vn -0.004140 0.000000 0.999991
vn -0.004141 0.000000 0.999991
vn -0.382683 0.000000 0.923880
vn -0.382683 0.000000 0.923880
vn -0.707110 0.000000 0.707104
vn -0.707110 0.000000 0.707104
vn -0.923877 0.000000 0.382689
vn -0.923877 0.000000 0.382689
vn -0.998771 0.000000 0.049558
vn -0.998771 0.000000 0.049557
vn -1.000000 0.000000 -0.000000
vn -1.000000 0.000000 0.000000
vn -0.923877 0.000000 -0.382689
vn -0.999114 0.000000 -0.042086
vn -0.999114 0.000000 -0.042086
vn -0.923877 0.000000 -0.382689
vn -0.707110 0.000000 -0.707104
vn -0.707110 0.000000 -0.707104
vn -0.382683 0.000000 -0.923880
vn -0.382683 0.000000 -0.923880
vn -0.195094 0.000000 -0.980784
vn -0.195095 0.000000 -0.980784
vn 0.000001 0.000000 -1.000000
vn 0.000004 0.000000 -1.000000
vn 0.000001 0.000000 -1.000000
vn 0.000001 0.000000 -1.000000
vn -1.000000 0.000000 0.000000
vn -1.000000 0.000000 0.000000
vn -1.000000 0.000000 0.000000
vn -1.000000 0.000000 0.000000
vn -0.185943 0.000000 -0.982560
vn -0.185944 0.000000 -0.982560
vn -0.185944 0.000000 -0.982560
vn -0.185944 0.000000 -0.982560
vn 0.000000 0.000000 -1.000000
vn 0.000000 0.000000 -1.000000
vn 0.000000 0.000000 -1.000000
vn 0.000000 0.000000 -1.000000
vn 0.185944 0.000000 -0.982560
vn 0.185943 0.000000 -0.982560
vn 0.185943 0.000000 -0.982560
vn 0.185944 0.000000 -0.982560
vn 1.000000 0.000000 0.000000
vn 1.000000 0.000000 0.000000
vn 1.000000 0.000000 0.000000
vn 1.000000 0.000000 0.000000
vn 0.017464 0.000000 -0.999848
vn 0.014107 0.000000 -0.999900
vn -0.000000 0.000000 -1.000000
vn -0.000000 0.000000 -1.000000
vn 0.382678 0.000000 -0.923882
vn 0.382679 0.000000 -0.923881
vn 0.707106 0.000000 -0.707107
vn 0.707106 0.000000 -0.707108
vn 0.923877 0.000000 -0.382689
vn 0.923877 0.000000 -0.382689
vn 0.999001 0.000000 -0.044691
vn 0.999011 0.000000 -0.044474
vn 0.998583 0.000000 0.053207
vn 1.000000 0.000000 0.000000
vn 1.000000 0.000000 0.000000
vn 0.998600 0.000000 0.052900
vn 0.923877 0.000000 0.382689
vn 0.923877 0.000000 0.382689
vn 0.382678 0.000000 0.923882
vn 0.004141 0.000000 0.999991
vn -0.004141 0.000000 0.999991
vn -0.382682 0.000000 0.923880
vn -0.707109 0.000000 0.707104
vn -0.923877 0.000000 0.382689
vn -0.998771 0.000000 0.049558
vn -1.000000 0.000000 0.000000
vn -0.999114 0.000000 -0.042086
vn -0.923877 0.000000 -0.382689
vn -0.707109 0.000000 -0.707104
vn -0.382682 0.000000 -0.923880
vn -0.195095 0.000000 -0.980784
vn 0.000003 0.000000 -1.000000
vn -0.000053 0.000000 -1.000000
vn -1.000000 0.000000 0.000000
vn -1.000000 0.000000 0.000000
vn -0.185943 0.000000 -0.982561
vn -0.185943 -0.000000 -0.982561
vn 0.000000 -0.000000 -1.000000
vn 0.000000 -0.000000 -1.000000
vn 0.185942 0.000000 -0.982561
vn 0.185942 -0.000000 -0.982561
vn 1.000000 0.000000 0.000000
vn 1.000000 0.000000 0.000000
vn 0.009603 0.000000 -0.999954
vn 0.000002 0.000000 -1.000000
vn 0.382678 0.000000 -0.923882
vn 0.707106 0.000000 -0.707108
vn 0.923877 0.000000 -0.382689
vn 0.999114 0.000000 -0.042087
vn 1.000000 0.000000 0.000000
vn 0.998771 0.000000 0.049558
vn 0.923877 0.000000 0.382689
vn 0.707106 0.000000 0.707108
vn 0.707105 0.707108 0.000000
vn 0.923878 0.382686 0.000000
vn 0.382684 0.923879 0.000000
vn 0.004140 0.999991 0.000000
vn -0.004140 0.999991 0.000000
vn -0.382688 0.923878 0.000000
vn -0.707109 0.707105 0.000000
vn -0.923878 0.382686 0.000000
vn -0.999470 0.032544 0.000000
vn -1.000000 0.000000 0.000000
vn -1.000000 0.000000 0.000000
vn -1.000000 0.000000 0.000000
vn -1.000000 0.000000 0.000000
vn -0.998629 -0.052342 0.000000
vn -0.923879 -0.382684 0.000000
vn -0.707107 -0.707107 0.000000
vn -0.382683 -0.923880 0.000000
vn -0.004140 -0.999991 0.000000
vn 0.004140 -0.999991 0.000000
vn 0.382679 -0.923881 0.000000
vn 0.707103 -0.707110 0.000000
vn 0.923879 -0.382684 0.000000
vn 0.998629 -0.052343 0.000000
vn 1.000000 0.000000 0.000000
vn 1.000000 0.000000 0.000000
vn 1.000000 -0.000000 0.000000
vn 1.000000 -0.000000 0.000000
vn 0.999470 0.032544 0.000000
vn 0.382684 0.923879 0.000000
vn 0.707105 0.707108 0.000000
vn 0.004140 0.999991 0.000000
vn -0.004140 0.999991 0.000000
vn -0.382688 0.923878 0.000000
vn -0.707109 0.707105 0.000000
vn -0.923878 0.382686 0.000000
vn -0.999470 0.032544 0.000000
vn -1.000000 0.000000 -0.000000
vn -1.000000 0.000000 -0.000000
vn -1.000000 0.000000 -0.000000
vn -1.000000 0.000000 -0.000000
vn -0.998629 -0.052342 -0.000000
vn -0.923879 -0.382684 -0.000000
vn -0.707107 -0.707107 0.000000
vn -0.382683 -0.923880 0.000000
vn -0.004140 -0.999991 0.000000
vn 0.004140 -0.999991 0.000000
vn 0.382679 -0.923881 0.000000
vn 0.707103 -0.707110 0.000000
vn 0.923879 -0.382684 0.000000
vn 0.998629 -0.052343 0.000000
vn 1.000000 0.000000 0.000000
vn 1.000000 0.000000 0.000000
vn 1.000000 0.000000 0.000000
vn 1.000000 0.000000 0.000000
vn 1.000000 0.000000 0.000000
vn 0.923878 0.382686 -0.000000
vn 0.999470 0.032544 -0.000000
vn 0.382679 0.000000 -0.923881
vn 0.707106 0.000000 -0.707108
vn 0.923877 0.000000 -0.382689
vn 0.999111 0.000000 -0.042154
vn 1.000000 0.000000 0.000000
vn 1.000000 0.000000 0.000000
vn 1.000000 -0.000000 -0.000000
vn 1.000000 -0.000000 -0.000000
vn 1.000000 0.000000 -0.000000
vn 1.000000 0.000000 -0.000000
vn 1.000000 0.000000 0.000000
vn 1.000000 0.000000 0.000000
vn 0.998767 0.000000 0.049652
vn 0.923877 0.000000 0.382689
vn 0.707106 0.000000 0.707108
vn 0.382679 0.000000 0.923881
vn 0.004141 0.000000 0.999991
vn -0.004141 0.000000 0.999991
vn -0.382683 0.000000 0.923880
vn -0.707109 0.000000 0.707104
vn -0.923877 0.000000 0.382689
vn -0.998771 0.000000 0.049557
vn -1.000000 0.000000 0.000000
vn -1.000000 0.000000 0.000000
vn -1.000000 0.000000 0.000000
vn -0.999114 0.000000 -0.042086
vn -0.923877 0.000000 -0.382689
vn -0.707109 0.000000 -0.707104
vn -0.382683 0.000000 -0.923880
vn -0.195095 0.000000 -0.980784
vn 0.000001 0.000000 -1.000000
vn 0.000000 0.000000 -1.000000
vn -1.000000 0.000000 0.000000
vn -1.000000 0.000000 0.000000
vn -0.185945 0.000000 -0.982560
vn -0.185945 0.000000 -0.982560
vn 0.000000 0.000000 -1.000000
vn 0.000000 0.000000 -1.000000
vn 0.185945 0.000000 -0.982560
vn 0.185945 0.000000 -0.982560
vn 1.000000 0.000000 0.000000
vn 1.000000 0.000000 0.000000
vn 0.015060 0.000000 -0.999887
vn -0.000000 0.000000 -1.000000
vn 1.000000 0.000000 -0.000000
vn -1.000000 0.000000 0.000000
vn -1.000000 0.000000 0.000000
vn -0.185944 0.000000 -0.982560
vn -0.185944 0.000000 -0.982560
vn 0.000000 0.000000 -1.000000
vn 0.000000 0.000000 -1.000000
vn 0.185946 0.000000 -0.982560
vn 0.185946 0.000000 -0.982560
vn 1.000000 0.000000 0.000000
vn 1.000000 0.000000 0.000000
vn 0.000000 0.000000 -1.000000
vn 0.000000 0.000000 -1.000000
vn 0.000000 0.000000 -1.000000
vn 0.000000 0.000000 -1.000000
vn 0.000000 0.000000 -1.000000
vn 0.000000 0.000000 -1.000000
vn 0.000000 -1.000000 -0.000000
vn 0.000000 -1.000000 -0.000000
vn 0.000000 -1.000000 -0.000000
vn 0.000000 -1.000000 -0.000000
vn 0.000000 0.000000 -1.000000
vn 0.000000 0.000000 -1.000000
vn 0.000000 0.000000 -1.000000
vn 0.000000 0.000000 -1.000000
vn 0.000000 1.000000 0.000000
vn 0.000000 1.000000 0.000000
vn 0.000000 1.000000 0.000000
vn 0.000000 1.000000 0.000000
vn 0.000000 0.000000 1.000000
vn 0.000000 0.000000 1.000000
vn 0.000000 0.000000 1.000000
vn 0.000000 0.000000 1.000000
vn 0.998765 0.000000 0.049676
vn 1.000000 0.000000 0.000000
vn 1.000000 0.000000 0.000000
vn 0.923877 0.000000 0.382689
vn 0.707106 0.000000 0.707107
vn 0.382678 0.000000 0.923882
vn 0.004140 0.000000 0.999991
vn -0.004140 0.000000 0.999991
vn -0.382683 0.000000 0.923880
vn -0.707110 0.000000 0.707104
vn -0.923877 0.000000 0.382689
vn -0.998771 0.000000 0.049558
vn -1.000000 0.000000 -0.000000
vn -1.000000 0.000000 0.000000
vn -1.000000 0.000000 -0.000000
vn -0.999114 0.000000 -0.042086
vn -0.923877 0.000000 -0.382689
vn -0.707110 0.000000 -0.707104
vn -0.382683 0.000000 -0.923880
vn -0.195094 0.000000 -0.980784
vn 0.000004 0.000000 -1.000000
vn -0.000010 0.000000 -1.000000
vn -1.000000 0.000000 0.000000
vn -1.000000 0.000000 0.000000
vn -0.185943 0.000000 -0.982560
vn -0.185943 0.000000 -0.982560
vn 0.000000 0.000000 -1.000000
vn 0.000000 0.000000 -1.000000
vn 0.185943 0.000000 -0.982561
vn 0.185943 0.000000 -0.982561
vn 1.000000 0.000000 0.000000
vn 1.000000 0.000000 0.000000
vn 0.033793 0.000000 -0.999429
vn -0.000000 0.000000 -1.000000
vn 0.382678 0.000000 -0.923882
vn 0.707106 0.000000 -0.707107
vn 0.923877 0.000000 -0.382689
vn 0.999110 0.000000 -0.042172
vn 0.000000 0.000000 1.000000
vn 0.000000 0.000000 1.000000
vn 0.000000 0.000000 1.000000
vn 0.000000 0.000000 1.000000
vn 0.000000 0.000000 1.000000
vn 1.000000 0.000000 0.000000
vn 1.000000 0.000000 0.000000
vn 1.000000 0.000000 0.000000
vn 1.000000 0.000000 0.000000
vn -0.000000 0.000000 -1.000000
vn 0.000000 0.000000 -1.000000
vn 0.000000 0.000000 -1.000000
vn -0.000000 0.000000 -1.000000
vn 0.998771 0.000000 0.049558
vn 1.000000 0.000000 0.000000
vn 0.923877 0.000000 0.382689
vn 0.707106 0.000000 0.707108
vn 0.382678 0.000000 0.923882
vn 0.004141 0.000000 0.999991
vn -0.004141 0.000000 0.999991
vn -0.382682 0.000000 0.923880
vn -0.707110 0.000000 0.707104
vn -0.923877 0.000000 0.382689
vn -0.998771 0.000000 0.049558
vn -1.000000 0.000000 0.000000
vn -1.000000 0.000000 0.000000
vn -1.000000 0.000000 -0.000000
vn -0.999114 0.000000 -0.042086
vn -0.923877 0.000000 -0.382689
vn -0.707110 0.000000 -0.707104
vn -0.382682 0.000000 -0.923880
vn -0.195095 0.000000 -0.980784
vn -0.000010 0.000000 -1.000000
vn 0.000000 0.000000 -1.000000
vn -1.000000 0.000000 0.000000
vn -1.000000 0.000000 0.000000
vn -0.185943 0.000000 -0.982560
vn -0.185943 0.000000 -0.982560
vn 0.000000 0.000000 -1.000000
vn 0.000000 0.000000 -1.000000
vn 0.185943 0.000000 -0.982560
vn 0.185943 0.000000 -0.982560
vn 1.000000 0.000000 0.000000
vn 1.000000 0.000000 0.000000
vn 0.009793 0.000000 -0.999952
vn 0.000000 0.000000 -1.000000
vn 0.382678 0.000000 -0.923882
vn 0.707106 0.000000 -0.707108
vn 0.923877 0.000000 -0.382689
vn 0.999114 0.000000 -0.042087
vn 1.000000 0.000000 0.000000
vn 1.000000 0.000000 0.000000
vn 0.000000 0.000000 1.000000
vn 0.000000 0.000000 1.000000
vn 0.000000 0.000000 -1.000000
vn 0.000000 0.000000 -1.000000
vn 0.998771 0.000000 0.049558
vn 1.000000 0.000000 0.000000
vn 0.923877 0.000000 0.382689
vn 0.707106 0.000000 0.707108
vn 0.382678 0.000000 0.923882
vn 0.004141 0.000000 0.999991
vn -0.004141 0.000000 0.999991
vn -0.382682 0.000000 0.923880
vn -0.707110 0.000000 0.707104
vn -0.923877 0.000000 0.382689
vn -0.998771 0.000000 0.049558
vn -1.000000 0.000000 -0.000000
vn -1.000000 0.000000 0.000000
vn -1.000000 0.000000 -0.000000
vn -0.999114 0.000000 -0.042086
vn -0.923877 0.000000 -0.382689
vn -0.707110 0.000000 -0.707104
vn -0.382682 0.000000 -0.923880
vn -0.195095 0.000000 -0.980784
vn 0.000000 0.000000 -1.000000
vn -0.000052 0.000000 -1.000000
vn -1.000000 0.000000 0.000000
vn -1.000000 0.000000 0.000000
vn -0.185943 -0.000000 -0.982560
vn -0.185943 -0.000000 -0.982560
vn 0.000000 -0.000001 -1.000000
vn 0.000000 -0.000001 -1.000000
vn 0.185943 -0.000000 -0.982561
vn 0.185943 -0.000000 -0.982561
vn 1.000000 0.000000 0.000000
vn 1.000000 0.000000 0.000000
vn 0.042580 0.000000 -0.999093
vn 0.000000 0.000000 -1.000000
vn 0.382678 0.000000 -0.923882
vn 0.707106 0.000000 -0.707108
vn 0.923877 0.000000 -0.382689
vn 0.999114 0.000000 -0.042087
vn 1.000000 0.000000 0.000000
vn 0.000000 0.000000 1.000000
vn 0.000000 0.000000 1.000000
vn 1.000000 0.000000 0.000000
vn 1.000000 0.000000 0.000000
vn 1.000000 0.000000 0.000000
vn 1.000000 0.000000 0.000000
vn 1.000000 0.000000 0.000000
vn 1.000000 0.000000 0.000000
vn 1.000000 0.000000 0.000000
vn 1.000000 0.000000 0.000000
vn 0.000000 1.000000 0.000000
vn 0.000000 1.000000 0.000000
vn 0.000000 -1.000000 0.000000
vn 0.000000 -1.000000 0.000000
vn 1.000000 -0.000000 -0.000000
vn 1.000000 -0.000000 -0.000000
vn 1.000000 0.000000 0.000000
vn 1.000000 0.000000 0.000000
vn 1.000000 0.000000 0.000000
vn 1.000000 0.000000 0.000000
vn 0.000000 0.000000 0.000000
vn 0.000000 0.000000 0.000000
vn 0.000000 0.000000 0.000000
vn 0.000000 0.000000 0.000000
vn 1.000000 0.000000 0.000000
vn 1.000000 0.000000 0.000000
vn 1.000000 0.000000 0.000000
vn 1.000000 0.000000 0.000000
vn 0.000000 -0.000000 0.000000
vn 0.000000 -0.000000 0.000000
vn 0.000000 -0.000000 0.000000
vn 0.000000 -0.000000 0.000000
vn 1.000000 0.000000 0.000000
vn 1.000000 0.000000 0.000000
vn 1.000000 0.000000 0.000000
vn 1.000000 0.000000 0.000000
vn 1.000000 0.000000 0.000000
vn 1.000000 0.000000 0.000000
vn 1.000000 0.000000 0.000000
vn 1.000000 0.000000 0.000000
vn 0.000000 0.000000 0.000000
vn 0.000000 0.000000 0.000000
vn 0.000000 1.000000 0.000000
vn 0.000000 1.000000 0.000000
vn 1.000000 0.000000 0.000000
vn 1.000000 0.000000 0.000000
vn 1.000000 0.000000 0.000000
vn 1.000000 0.000000 0.000000
vn 0.000000 0.000000 0.000000
vn 0.000000 0.000000 0.000000
vn 0.000000 0.000000 0.000000
vn 0.000000 0.000000 0.000000
vn 0.000000 1.000000 0.000000
vn 0.000000 1.000000 0.000000
vn 0.000000 1.000000 0.000000
vn 0.000000 1.000000 0.000000
vn 0.000000 0.000000 1.000000
vn 0.000000 0.000000 1.000000
vn 0.000000 0.000000 1.000000
vn 0.000000 0.000000 1.000000
vn 0.000000 -1.000000 0.000000
vn 0.000000 -1.000000 0.000000
vn 0.000000 -1.000000 0.000000
vn 0.000000 -1.000000 0.000000
vn 0.000000 0.000000 -1.000000
vn 0.000000 0.000000 -1.000000
vn 0.000000 0.000000 -1.000000
vn 0.000000 0.000000 -1.000000
vn 0.000000 0.000000 -1.000000
vn 0.000000 0.000000 -1.000000
vn 0.000000 0.000000 -1.000000
vn 0.000000 0.000000 -1.000000
vn 0.000000 1.000000 0.000000
vn 0.000000 1.000000 0.000000
vn 0.000000 0.000000 1.000000
vn 0.000000 0.000000 1.000000
vn 0.000000 0.000000 1.000000
vn 0.000000 0.000000 1.000000
vn 0.000000 -1.000000 0.000000
vn 0.000000 -1.000000 0.000000
vn 0.000000 -1.000000 0.000000
vn 0.000000 -1.000000 0.000000
vn 1.000000 -0.000001 0.000000
vn 1.000000 -0.000001 0.000000
vn 1.000000 -0.000001 0.000000
vn 1.000000 -0.000001 0.000000
vn 1.000000 0.000000 0.000000
vn 1.000000 0.000000 0.000000
vn 1.000000 0.000000 0.000000
vn 1.000000 0.000000 0.000000
vn 1.000000 0.000000 0.000000
vn 1.000000 0.000000 0.000000
vn 1.000000 0.000000 0.000000
vn 1.000000 0.000000 0.000000
vn 1.000000 0.000000 0.000000
vn 1.000000 0.000000 0.000000
vn 1.000000 0.000000 0.000000
vn 1.000000 0.000000 0.000000
vn -0.059623 -0.998221 0.000000
vn -0.059623 -0.998221 0.000000
vn -0.059623 -0.998221 0.000000
vn -0.059623 -0.998221 0.000000
vn 0.000000 0.000000 -1.000000
vn 0.000000 0.000000 -1.000000
vn 0.000000 0.000000 -1.000000
vn 0.000000 0.000000 -1.000000
vn 0.059620 0.998221 0.000000
vn 0.059620 0.998221 0.000000
vn 0.059620 0.998221 0.000000
vn 0.059620 0.998221 0.000000
vn -0.000000 0.000000 1.000000
vn -0.000000 0.000000 1.000000
vn -0.000000 0.000000 1.000000
vn -0.000000 0.000000 1.000000
vn 1.000000 0.000000 0.000000
vn 1.000000 0.000000 0.000000
vn 1.000000 0.000000 0.000000
vn 1.000000 0.000000 0.000000
vn 1.000000 0.000001 0.000000
vn 1.000000 0.000001 0.000000
vn 1.000000 0.000001 0.000000
vn 1.000000 0.000001 0.000000
vn 1.000000 0.000000 0.000000
vn 1.000000 0.000000 0.000000
vn 1.000000 0.000000 0.000000
vn 1.000000 0.000000 0.000000
vn 1.000000 0.000000 0.000000
vn 1.000000 0.000000 0.000000
vn 1.000000 0.000000 0.000000
vn 1.000000 0.000000 0.000000
vn -0.000000 0.000000 1.000000
vn -0.000000 0.000000 1.000000
vn -0.000000 0.000000 1.000000
vn -0.000000 0.000000 1.000000
vn -0.002789 -0.999996 0.000000
vn -0.002789 -0.999996 0.000000
vn -0.002789 -0.999996 0.000000
vn -0.002789 -0.999996 0.000000
vn 0.000000 0.000000 -1.000000
vn 0.000000 0.000000 -1.000000
vn 0.000000 0.000000 -1.000000
vn 0.000000 0.000000 -1.000000
vn 0.002789 0.999996 0.000000
vn 0.002789 0.999996 0.000000
vn 0.002789 0.999996 0.000000
vn 0.002789 0.999996 0.000000
vn 1.000000 0.000000 0.000000
vn 0.000000 0.000000 1.000000
vn 0.000000 0.000000 1.000000
vn 0.000000 0.000000 1.000000
vn 0.000000 0.000000 1.000000
vn 0.000000 0.000000 1.000000
vn -0.000000 0.000000 -1.000000
vn -0.000000 0.000000 -1.000000
vn -0.000000 0.000000 -1.000000
vn 0.999733 -0.023120 0.000079
vn 1.000000 -0.000000 0.000000
vn 1.000000 -0.000000 0.000000
vn 0.999726 0.023418 0.000096
vn 0.006101 -0.999981 -0.000001
vn 0.352715 -0.935731 -0.000073
vn 0.349938 -0.936772 -0.001525
vn 0.004453 -0.999990 -0.000019
vn 0.938755 -0.344584 -0.000128
vn 0.999816 -0.019206 -0.000007
vn 0.999729 -0.023286 -0.000102
vn 0.937015 -0.349287 -0.001534
vn 1.000000 0.000000 0.000000
vn 1.000000 0.000000 0.000000
vn 0.999729 0.023286 -0.000102
vn 0.004385 0.999990 -0.000019
vn 0.349946 0.936769 -0.001526
vn 0.349985 0.936755 -0.000001
vn 0.005947 0.999982 -0.000000
vn 0.937014 0.349289 -0.001534
vn 0.999814 0.019286 -0.000000
vn 0.936992 0.349351 -0.000002
vn 0.975168 0.221127 -0.012287
vn 0.923879 0.382685 0.000000
vn 0.923879 0.382685 0.000000
vn 0.981724 0.190312 0.000000
vn 0.382682 0.923880 0.000000
vn 0.005731 0.999984 0.000000
vn 0.007436 0.999972 0.000000
vn 0.382682 0.923880 0.000000
vn 0.975243 0.220743 0.013164
vn 0.923878 0.000000 0.382686
vn 0.923878 0.000000 0.382686
vn 0.975243 -0.220743 0.013164
vn 0.382687 0.000000 0.923878
vn 0.005169 0.000000 0.999987
vn 0.005168 0.000000 0.999987
vn 0.382687 0.000000 0.923878
vn 0.964757 0.262847 0.012436
vn 0.923878 0.000000 0.382688
vn 0.923878 0.000000 0.382688
vn 0.964758 -0.262845 0.012436
vn 0.382687 0.000000 0.923878
vn 0.005091 0.000000 0.999987
vn 0.005091 0.000000 0.999987
vn 0.382687 0.000000 0.923878
vn 0.004389 0.999990 0.000018
vn 0.000000 1.000000 0.000000
vn 0.000000 1.000000 0.000000
vn 0.004501 -0.999990 0.000016
vn 0.000000 -1.000000 0.000000
vn 0.000000 -1.000000 0.000000
vn 0.964645 0.263296 -0.011607
vn 0.971511 0.236994 0.000000
vn 0.971511 -0.236993 0.000000
vn 0.964646 -0.263294 -0.011607
vn 0.981724 -0.190312 0.000000
vn 0.975168 -0.221127 -0.012287
vn 0.000000 1.000000 0.000000
vn 0.000000 1.000000 0.000000
vn 0.000000 0.000000 1.000000
vn 0.000000 0.000000 1.000000
vn 0.000000 -1.000000 0.000000
vn 0.000000 -1.000000 0.000000
vn 0.005731 -0.999984 0.000000
vn 0.007436 -0.999972 0.000000
vn 0.000000 0.000000 -1.000000
vn 0.000000 0.000000 -1.000000
vn 0.005169 0.000000 -0.999987
vn 0.005168 0.000000 -0.999987
vn 0.000000 1.000000 0.000000
vn 0.000000 1.000000 0.000000
vn 0.007432 0.999972 0.000000
vn 0.005728 0.999984 0.000000
vn 0.000000 0.000000 1.000000
vn 0.000000 0.000000 1.000000
vn 0.000000 -1.000000 0.000000
vn 0.000000 -1.000000 0.000000
vn 0.005728 -0.999984 0.000000
vn 0.007432 -0.999972 0.000000
vn 0.000000 0.000000 -1.000000
vn 0.000000 0.000000 -1.000000
vn 0.005091 0.000000 -0.999987
vn 0.005091 0.000000 -0.999987
vn 0.000000 -1.000000 0.000000
vn 0.005729 -0.999984 0.000000
vn 0.000000 1.000000 0.000000
vn 0.000000 -1.000000 0.000000
vn 0.000000 1.000000 0.000000
vn 0.005725 0.999984 0.000000
vn 0.000000 -1.000000 0.000000
vn 0.005725 -0.999984 0.000000
vn 0.000000 1.000000 0.000000
vn 0.005729 0.999984 0.000000
vn 0.752990 -0.264514 0.602527
vn 0.752990 -0.264514 0.602527
vn 0.752990 -0.264514 0.602527
vn 0.752990 -0.264514 0.602527
vn 0.752990 -0.264514 0.602527
vn 0.752990 -0.264514 0.602527
vn 0.748362 0.261978 0.609361
vn 0.748362 0.261978 0.609361
vn 0.748362 0.261978 0.609361
vn 0.748362 0.261978 0.609361
vn 0.748362 0.261978 0.609361
vn 0.748362 0.261978 0.609361
vn 0.748521 -0.262153 -0.609091
vn 0.748521 -0.262153 -0.609091
vn 0.748521 -0.262153 -0.609091
vn 0.748521 -0.262153 -0.609091
vn 0.748521 -0.262153 -0.609091
vn 0.748521 -0.262153 -0.609091
vn 0.748519 0.262153 -0.609094
vn 0.748519 0.262153 -0.609094
vn 0.748519 0.262153 -0.609094
vn 0.748519 0.262153 -0.609094
vn 0.748519 0.262153 -0.609094
vn 0.748519 0.262153 -0.609094
vn 0.355289 -0.934756 0.001275
vn 0.940327 -0.340269 0.001159
vn 0.936970 0.349408 0.001425
vn 0.350021 0.936741 0.001422
vn 0.923879 0.382686 0.000000
vn 0.382681 0.923880 0.000000
vn 0.923879 -0.382686 0.000000
vn 0.923879 -0.382685 0.000000
vn 0.382685 -0.923879 0.000000
vn 0.382685 -0.923879 0.000000
vn 0.382687 0.000000 -0.923878
vn 0.382687 0.000000 -0.923878
vn 0.923878 0.000000 -0.382687
vn 0.923878 0.000000 -0.382687
vn 0.382686 -0.923879 0.000000
vn 0.923879 -0.382685 0.000000
vn 0.923878 0.382688 0.000000
vn 0.923878 0.382688 0.000000
vn 0.382686 0.923879 0.000000
vn 0.382685 0.923879 0.000000
vn 0.923878 0.382688 0.000000
vn 0.382685 0.923879 0.000000
vn 0.923879 -0.382685 0.000000
vn 0.923879 -0.382685 0.000000
vn 0.382685 -0.923879 0.000000
vn 0.382685 -0.923879 0.000000
vn 0.382687 0.000000 -0.923878
vn 0.382687 0.000000 -0.923878
vn 0.923878 0.000000 -0.382687
vn 0.923878 0.000000 -0.382687
vn 0.382686 -0.923879 0.000000
vn 0.923879 -0.382685 0.000000
s 1
g fridgebody1
usemtl initialShadingGroup
f 4/1/1 3/27/2 196/230/3 197/231/4
f 3/27/2 2/26/5 195/229/6 196/230/3
f 2/26/5 1/25/7 194/228/8 195/229/6
f 1/25/7 12/16/9 193/227/10 194/228/8
f 8/2/11 7/31/12 253/296/13 254/297/14
f 7/31/12 6/29/15 252/294/16 253/296/13
f 6/30/15 5/28/17 251/293/18 252/295/16
f 5/28/17 4/1/1 250/292/19 251/293/18
f 12/16/9 11/35/20 29/50/21 28/17/22
f 11/35/20 10/33/23 30/52/24 29/50/21
f 10/34/23 9/32/25 31/53/26 30/51/24
f 9/32/25 8/2/11 32/4/27 31/53/26
f 16/21/28 15/38/29 49/68/30 60/5/31
f 15/38/29 14/37/32 50/69/33 49/68/30
f 14/37/32 13/36/34 51/70/35 50/69/33
f 13/36/34 24/20/36 52/10/37 51/70/35
f 24/20/36 23/46/38 201/236/39 202/237/40
f 23/46/38 22/44/41 200/234/42 201/236/39
f 22/45/41 21/43/43 199/233/44 200/235/42
f 21/43/43 20/3/45 198/232/46 199/233/44
f 28/17/22 27/49/47 191/225/48 192/226/49
f 27/49/47 26/48/50 216/252/51 191/225/48
f 26/48/50 25/47/52 215/251/53 216/252/51
f 25/47/52 36/22/54 214/250/55 215/251/53
f 36/22/54 35/57/56 258/302/57 259/303/58
f 35/57/56 34/55/59 257/300/60 258/302/57
f 34/56/59 33/54/61 256/299/62 257/301/60
f 33/54/61 32/4/27 255/298/63 256/299/62
f 40/9/64 39/60/65 65/83/66 64/18/67
f 39/60/65 38/59/68 66/84/69 65/83/66
f 38/59/68 37/58/70 67/85/71 66/84/69
f 37/58/70 48/6/72 68/7/73 67/85/71
f 44/24/74 43/64/75 246/288/76 247/289/77
f 43/64/75 42/62/78 245/286/79 246/288/76
f 42/63/78 41/61/80 244/285/81 245/287/79
f 41/61/80 40/9/64 243/284/82 244/285/81
f 56/23/83 55/74/84 212/248/85 213/249/86
f 55/74/84 54/72/87 211/246/88 212/248/85
f 54/73/87 53/71/89 210/245/90 211/247/88
f 53/71/89 52/10/37 209/244/91 210/245/90
f 64/18/67 63/82/92 241/282/93 242/283/94
f 63/82/92 62/80/95 240/280/96 241/282/93
f 62/81/95 61/79/97 262/306/98 240/281/96
f 61/79/97 72/11/99 261/305/100 262/306/98
f 76/19/101 75/91/102 89/104/103 88/13/104
f 75/91/102 74/90/105 90/105/106 89/104/103
f 74/90/105 73/89/107 91/106/108 90/105/106
f 73/89/107 84/14/109 92/15/110 91/106/108
f 12/16/9 28/17/22 192/226/49 193/227/10
f 40/9/64 64/18/67 242/283/94 243/284/82
s 8
f 205/240/111 206/241/112 163/197/113 164/198/114
s 1
f 254/297/14 255/298/63 32/4/27 8/2/11
f 36/22/54 259/303/58 260/304/115 214/250/55
f 250/292/19 4/1/1 197/231/4 249/291/116
f 11/35/20 12/16/9 1/25/7 97/111/117
f 97/111/117 1/25/7 2/26/5 98/112/118
f 98/112/118 2/26/5 3/27/2 99/113/119
f 3/27/2 4/1/1 5/28/17 99/113/119
f 99/113/119 5/28/17 6/30/15 100/115/120
f 100/114/120 6/29/15 7/31/12 101/116/121
f 7/31/12 8/2/11 9/32/25 101/116/121
f 101/116/121 9/32/25 10/34/23 102/118/122
f 102/117/122 10/33/23 11/35/20 97/111/117
f 102/117/122 97/111/117 98/112/118 103/119/123
f 98/112/118 99/113/119 100/115/120 103/119/123
f 100/114/120 101/116/121 102/118/122 103/120/123
f 23/46/38 24/20/36 13/36/34 104/121/124
f 104/121/124 13/36/34 14/37/32 105/122/125
f 105/122/125 14/37/32 15/38/29 106/123/126
f 15/38/29 16/21/28 17/39/127 106/123/126
f 106/123/126 17/39/127 18/41/128 107/125/129
f 107/124/129 18/40/128 19/42/130 108/126/131
f 19/42/130 20/3/45 21/43/43 108/126/131
f 108/126/131 21/43/43 22/45/41 109/128/132
f 109/127/132 22/44/41 23/46/38 104/121/124
f 109/127/132 104/121/124 105/122/125 110/129/133
f 105/122/125 106/123/126 107/125/129 110/129/133
f 107/124/129 108/126/131 109/128/132 110/130/133
f 35/57/56 36/22/54 25/47/52 111/131/134
f 111/131/134 25/47/52 26/48/50 112/132/135
f 112/132/135 26/48/50 27/49/47 113/133/136
f 27/49/47 28/17/22 29/50/21 113/133/136
f 113/133/136 29/50/21 30/52/24 114/135/137
f 114/134/137 30/51/24 31/53/26 115/136/138
f 31/53/26 32/4/27 33/54/61 115/136/138
f 115/136/138 33/54/61 34/56/59 116/138/139
f 116/137/139 34/55/59 35/57/56 111/131/134
f 116/137/139 111/131/134 112/132/135 117/139/140
f 112/132/135 113/133/136 114/135/137 117/139/140
f 114/134/137 115/136/138 116/138/139 117/140/140
f 47/67/141 48/6/72 37/58/70 118/141/142
f 118/141/142 37/58/70 38/59/68 119/142/143
f 119/142/143 38/59/68 39/60/65 120/143/144
f 39/60/65 40/9/64 41/61/80 120/143/144
f 120/143/144 41/61/80 42/63/78 121/145/145
f 121/144/145 42/62/78 43/64/75 122/146/146
f 43/64/75 44/24/74 45/65/147 122/146/146
f 122/146/146 45/65/147 46/66/148 123/147/149
f 123/147/149 46/66/148 47/67/141 118/141/142
f 123/147/149 118/141/142 119/142/143 124/148/150
f 119/142/143 120/143/144 121/145/145 124/148/150
f 121/144/145 122/146/146 123/147/149 124/148/150
f 59/78/151 60/5/31 49/68/30 125/149/152
f 125/149/152 49/68/30 50/69/33 126/150/153
f 126/150/153 50/69/33 51/70/35 127/151/154
f 51/70/35 52/10/37 53/71/89 127/151/154
f 127/151/154 53/71/89 54/73/87 128/153/155
f 128/152/155 54/72/87 55/74/84 129/154/156
f 55/74/84 56/23/83 57/75/157 129/154/156
f 129/154/156 57/75/157 58/77/158 130/156/159
f 130/155/159 58/76/158 59/78/151 125/149/152
f 130/155/159 125/149/152 126/150/153 131/157/160
f 126/150/153 127/151/154 128/153/155 131/157/160
f 128/152/155 129/154/156 130/156/159 131/158/160
f 71/88/161 72/11/99 61/79/97 132/159/162
f 132/159/162 61/79/97 62/81/95 133/161/163
f 133/160/163 62/80/95 63/82/92 134/162/164
f 63/82/92 64/18/67 65/83/66 134/162/164
f 134/162/164 65/83/66 66/84/69 135/163/165
f 135/163/165 66/84/69 67/85/71 136/164/166
f 67/85/71 68/7/73 69/86/167 136/164/166
f 136/164/166 69/86/167 70/87/168 137/165/169
f 137/165/169 70/87/168 71/88/161 132/159/162
f 137/165/169 132/159/162 133/161/163 138/166/170
f 133/160/163 134/162/164 135/163/165 138/166/170
f 135/163/165 136/164/166 137/165/169 138/166/170
f 83/99/171 84/14/109 73/89/107 139/167/172
f 139/167/172 73/89/107 74/90/105 140/168/173
f 140/168/173 74/90/105 75/91/102 141/169/174
f 75/91/102 76/19/101 77/92/175 141/169/174
f 141/169/174 77/92/175 78/94/176 142/171/177
f 142/170/177 78/93/176 79/95/178 143/172/179
f 79/95/178 80/8/180 81/96/181 143/172/179
f 143/172/179 81/96/181 82/98/182 144/174/183
f 144/173/183 82/97/182 83/99/171 139/167/172
f 144/173/183 139/167/172 140/168/173 145/175/184
f 140/168/173 141/169/174 142/171/177 145/175/184
f 142/170/177 143/172/179 144/174/183 145/176/184
f 95/110/185 96/12/186 85/100/187 146/177/188
f 146/177/188 85/100/187 86/102/189 147/179/190
f 147/178/190 86/101/189 87/103/191 148/180/192
f 87/103/191 88/13/104 89/104/103 148/180/192
f 148/180/192 89/104/103 90/105/106 149/181/193
f 149/181/193 90/105/106 91/106/108 150/182/194
f 91/106/108 92/15/110 93/107/195 150/182/194
f 150/182/194 93/107/195 94/109/196 151/184/197
f 151/183/197 94/108/196 95/110/185 146/177/188
f 151/183/197 146/177/188 147/179/190 152/186/198
f 147/178/190 148/180/192 149/181/193 152/185/198
f 149/181/193 150/182/194 151/184/197 152/185/198
s 10
f 76/19/199 88/13/200 153/188/201 154/187/202
s 1
f 209/244/91 52/10/37 155/189/203 208/243/204
f 52/10/37 24/20/36 156/190/205 155/189/203
s 10
f 24/20/206 202/237/207 203/238/208 156/190/209
s off
f 154/187/210 153/188/211 157/192/212 158/191/213
s 12
f 208/243/214 155/189/215 159/193/216 207/242/217
s off
f 155/189/218 156/190/219 160/194/220 159/193/221
s 13
f 156/190/222 203/238/223 204/239/224 160/194/225
s off
f 158/191/226 157/192/227 161/196/228 162/195/229
s 14
f 207/242/230 159/193/231 163/197/232 206/241/233
s off
f 159/193/234 160/194/235 164/198/236 163/197/237
s 15
f 160/194/238 204/239/239 205/240/240 164/198/241
s 1
f 166/200/242 165/199/243 269/312/244 270/313/245
f 167/201/246 166/200/242 270/313/245 271/314/247
f 168/202/248 167/201/246 271/314/247 272/315/249
f 169/203/250 168/202/248 272/315/249 273/316/251
f 170/204/252 169/203/250 273/316/251 274/317/253
f 171/205/254 170/204/252 274/317/253 275/318/255
f 172/206/256 171/205/254 275/318/255 276/319/257
f 248/290/258 172/206/256 276/319/257 277/320/259
f 174/208/260 173/207/261 279/322/262 280/323/263
f 175/210/264 174/208/260 280/323/263 281/325/265
f 176/211/266 175/209/264 281/324/265 282/326/267
f 177/212/268 176/211/266 282/326/267 283/327/269
s 10
f 178/213/270 177/212/271 283/327/272 284/328/273
s 13
f 179/214/274 178/213/275 284/328/276 285/329/277
s 15
f 180/215/278 179/214/279 285/329/280 286/330/281
s 8
f 286/330/282 287/331/283 181/216/284 180/215/285
s 14
f 288/332/286 182/217/287 181/216/288 287/331/289
s 12
f 289/333/290 183/218/291 182/217/292 288/332/293
s 1
f 290/334/294 184/219/295 183/218/296 289/333/297
f 185/220/298 184/219/295 290/334/294 263/307/299
f 186/222/300 185/220/298 263/307/299 264/309/301
f 187/223/302 186/221/300 264/308/301 265/310/303
f 188/572/304 187/223/302 265/310/303 266/567/305
f 189/573/306 545/576/307 552/628/308 267/571/309
f 190/224/310 189/573/306 267/571/309 268/311/311
f 165/199/243 190/224/310 268/311/311 269/312/244
f 192/226/49 191/225/48 430/468/312 431/469/313
f 193/227/10 192/226/49 431/469/313 432/470/314
f 194/228/8 193/227/10 432/470/314 433/471/315
f 195/229/6 194/228/8 433/471/315 434/472/316
f 196/230/3 195/229/6 434/472/316 435/473/317
f 197/231/4 196/230/3 435/473/317 436/474/318
f 249/291/116 197/231/4 436/474/318 437/475/319
f 199/233/44 198/232/46 439/477/320 440/478/321
f 200/235/42 199/233/44 440/478/321 441/480/322
f 201/236/39 200/234/42 441/479/322 442/481/323
f 202/237/40 201/236/39 442/481/323 443/482/324
s 10
f 203/238/208 202/237/207 443/482/325 444/483/326
s 13
f 204/239/224 203/238/223 444/483/327 445/484/328
s 15
f 205/240/240 204/239/239 445/484/329 446/485/330
s 8
f 446/485/331 447/486/332 206/241/112 205/240/111
s 14
f 448/487/333 207/242/230 206/241/233 447/486/334
s 12
f 449/488/335 208/243/214 207/242/217 448/487/336
s 1
f 450/489/337 209/244/91 208/243/204 449/488/338
f 210/245/90 209/244/91 450/489/337 451/490/339
f 211/247/88 210/245/90 451/490/339 452/492/340
f 212/248/85 211/246/88 452/491/340 453/493/341
f 213/249/86 212/248/85 453/493/341 454/494/342
f 214/250/55 260/304/115 426/464/343 427/465/344
f 215/251/53 214/250/55 427/465/344 428/466/345
f 216/252/51 215/251/53 428/466/345 429/467/346
f 191/225/48 216/252/51 429/467/346 430/468/312
f 218/255/347 217/253/348 95/110/185 94/108/196
f 219/256/349 218/254/347 94/109/196 93/107/195
f 220/257/350 219/256/349 93/107/195 92/15/110
f 221/258/351 220/257/350 92/15/110 84/14/109
f 222/259/352 221/258/351 84/14/109 83/99/171
f 223/261/353 222/259/352 83/99/171 82/97/182
f 224/262/354 223/260/353 82/98/182 81/96/181
f 225/263/355 224/262/354 81/96/181 80/8/180
f 173/207/261 226/264/356 278/321/357 279/322/262
f 198/232/46 227/265/358 438/476/359 439/477/320
f 20/3/45 228/266/360 227/265/358 198/232/46
f 229/267/361 228/266/360 20/3/45 19/42/130
f 230/269/362 229/267/361 19/42/130 18/40/128
f 231/270/363 230/268/362 18/41/128 17/39/127
f 232/271/364 231/270/363 17/39/127 16/21/28
f 16/21/28 60/5/31 233/272/365 232/271/364
f 234/273/366 233/272/365 60/5/31 59/78/151
f 235/275/367 234/273/366 59/78/151 58/76/158
f 236/276/368 235/274/367 58/77/158 57/75/157
f 237/277/369 236/276/368 57/75/157 56/23/83
f 238/278/370 237/277/369 56/23/83 213/249/86
f 455/495/371 238/278/370 213/249/86 454/494/342
f 540/574/372 528/624/373 188/572/304 266/567/305
f 217/253/348 239/279/374 96/12/186 95/110/185
f 484/525/375 485/526/376 218/254/347 219/256/349
f 483/524/377 484/525/375 219/256/349 220/257/350
f 482/523/378 483/524/377 220/257/350 221/258/351
f 481/522/379 482/523/378 221/258/351 222/259/352
f 480/521/380 481/522/379 222/259/352 223/261/353
f 479/519/381 480/520/380 223/260/353 224/262/354
f 478/518/382 479/519/381 224/262/354 225/263/355
f 226/264/356 475/515/383 476/516/384 278/321/357
f 227/265/358 470/510/385 471/511/386 438/476/359
f 228/266/360 469/509/387 470/510/385 227/265/358
f 468/508/388 469/509/387 228/266/360 229/267/361
f 467/507/389 468/508/388 229/267/361 230/269/362
f 466/505/390 467/506/389 230/268/362 231/270/363
f 465/504/391 466/505/390 231/270/363 232/271/364
f 232/271/364 233/272/365 464/503/392 465/504/391
f 463/502/393 464/503/392 233/272/365 234/273/366
f 462/501/394 463/502/393 234/273/366 235/275/367
f 461/499/395 462/500/394 235/274/367 236/276/368
f 460/498/396 461/499/395 236/276/368 237/277/369
f 459/497/397 460/498/396 237/277/369 238/278/370
s off
f 515/552/398 516/553/399 517/554/400 518/555/401
s 1
f 486/528/402 487/529/403 239/279/374 217/253/348
f 485/527/376 486/528/402 217/253/348 218/255/347
f 264/309/301 263/307/299 291/335/404 292/337/405
f 265/310/303 264/308/301 292/336/405 293/338/406
f 266/567/305 265/310/303 293/338/406 294/568/407
f 295/565/408 541/566/409 540/574/372 266/567/305 294/568/407
s 26
f 489/531/410 490/578/411 323/564/412 324/365/413
s 1
f 267/571/309 552/628/308 551/627/414 296/570/415 297/339/416
f 268/311/311 267/571/309 297/339/416 298/340/417
f 269/312/244 268/311/311 298/340/417 299/341/418
f 270/313/245 269/312/244 299/341/418 300/342/419
f 271/314/247 270/313/245 300/342/419 301/343/420
f 272/315/249 271/314/247 301/343/420 302/344/421
f 273/316/251 272/315/249 302/344/421 303/345/422
f 274/317/253 273/316/251 303/345/422 304/346/423
f 275/318/255 274/317/253 304/346/423 305/347/424
f 276/319/257 275/318/255 305/347/424 306/348/425
f 277/320/259 276/319/257 306/348/425 307/349/426
f 278/321/357 476/516/384 477/517/427 308/350/428
f 279/322/262 278/321/357 308/350/428 309/351/429
f 280/323/263 279/322/262 309/351/429 310/352/430
f 281/325/265 280/323/263 310/352/430 311/354/431
f 282/326/267 281/324/265 311/353/431 312/355/432
f 283/327/269 282/326/267 312/355/432 313/356/433
s 10
f 284/328/273 283/327/272 313/356/434 314/357/435
s 13
f 285/329/277 284/328/276 314/357/436 315/358/437
s 15
f 286/330/281 285/329/280 315/358/438 316/359/439
s 8
f 316/359/440 317/360/441 287/331/283 286/330/282
s 14
f 318/361/442 288/332/286 287/331/289 317/360/443
s 12
f 319/362/444 289/333/290 288/332/293 318/361/445
s 1
f 320/363/446 290/334/294 289/333/297 319/362/447
f 263/307/299 290/334/294 320/363/446 291/335/404
f 292/337/405 291/335/404 87/103/191 86/101/189
f 293/338/406 292/336/405 86/102/189 85/100/187
f 294/568/407 293/338/406 85/100/187 96/12/186
f 239/279/374 295/565/408 294/568/407 96/12/186
f 487/529/403 488/530/448 295/565/408 239/279/374
f 297/339/416 296/570/415 261/305/100 72/11/99
f 298/340/417 297/339/416 72/11/99 71/88/161
f 299/341/418 298/340/417 71/88/161 70/87/168
f 300/342/419 299/341/418 70/87/168 69/86/167
f 301/343/420 300/342/419 69/86/167 68/7/73
f 302/344/421 301/343/420 68/7/73 48/6/72
f 303/345/422 302/344/421 48/6/72 47/67/141
f 304/346/423 303/345/422 47/67/141 46/66/148
f 305/347/424 304/346/423 46/66/148 45/65/147
f 306/348/425 305/347/424 45/65/147 44/24/74
f 307/349/426 306/348/425 44/24/74 247/289/77
f 308/350/428 477/517/427 478/518/382 225/263/355
f 309/351/429 308/350/428 225/263/355 80/8/180
f 310/352/430 309/351/429 80/8/180 79/95/178
f 311/354/431 310/352/430 79/95/178 78/93/176
f 312/355/432 311/353/431 78/94/176 77/92/175
f 313/356/433 312/355/432 77/92/175 76/19/101
s 10
f 314/357/435 313/356/434 76/19/199 154/187/202
s 13
f 315/358/437 314/357/436 154/187/449 158/191/450
s 15
f 316/359/439 315/358/438 158/191/451 162/195/452
s 8
f 162/195/453 161/196/454 317/360/441 316/359/440
s 14
f 157/192/455 318/361/442 317/360/443 161/196/456
s 12
f 153/188/457 319/362/444 318/361/445 157/192/458
s 1
f 88/13/104 320/363/446 319/362/447 153/188/459
f 291/335/404 320/363/446 88/13/104 87/103/191
s off
f 296/570/460 551/627/461 550/607/462 321/609/463 322/364/464
s 27
f 295/565/465 488/530/466 489/531/467 324/365/468
s 28
f 426/464/469 260/304/470 325/366/471 425/588/472
s 29
f 459/497/473 238/278/474 327/367/475 458/496/476
s 30
f 238/278/477 455/495/478 456/590/479 327/367/480
s 1
f 331/369/481 330/368/482 546/626/483 545/576/307 189/573/306
f 332/370/484 331/369/481 189/573/306 190/224/310
f 333/371/485 332/370/484 190/224/310 165/199/243
f 334/372/486 333/371/485 165/199/243 166/200/242
f 335/373/487 334/372/486 166/200/242 167/201/246
f 336/374/488 335/373/487 167/201/246 168/202/248
f 337/375/489 336/374/488 168/202/248 169/203/250
f 338/376/490 337/375/489 169/203/250 170/204/252
f 339/377/491 338/376/490 170/204/252 171/205/254
f 340/378/492 339/377/491 171/205/254 172/206/256
f 341/379/493 340/378/492 172/206/256 248/290/258
f 342/380/494 474/514/495 475/515/383 226/264/356
f 343/381/496 342/380/494 226/264/356 173/207/261
f 344/382/497 343/381/496 173/207/261 174/208/260
f 345/384/498 344/382/497 174/208/260 175/210/264
f 346/385/499 345/383/498 175/209/264 176/211/266
f 347/386/500 346/385/499 176/211/266 177/212/268
s 10
f 348/387/501 347/386/502 177/212/271 178/213/270
s 13
f 349/388/503 348/387/504 178/213/275 179/214/274
s 15
f 350/389/505 349/388/506 179/214/279 180/215/278
s 8
f 180/215/285 181/216/284 351/390/507 350/389/508
s 14
f 182/217/287 352/391/509 351/390/510 181/216/288
s 12
f 183/218/291 353/392/511 352/391/512 182/217/292
s 1
f 184/219/295 354/393/513 353/392/514 183/218/296
f 355/394/515 354/393/513 184/219/295 185/220/298
f 356/396/516 355/394/515 185/220/298 186/222/300
f 357/397/517 356/395/516 186/221/300 187/223/302
f 358/398/518 357/397/517 187/223/302 188/572/304
s 30
f 360/600/519 359/399/520 527/623/521 532/579/522 328/581/523
s 32
f 491/610/524 492/594/525 360/600/526 328/581/527
s 28
f 330/368/528 362/400/529 361/596/530 329/612/531
s 1
f 363/401/532 362/400/533 330/368/482 331/369/481
f 364/402/534 363/401/532 331/369/481 332/370/484
f 365/403/535 364/402/534 332/370/484 333/371/485
f 366/404/536 365/403/535 333/371/485 334/372/486
f 367/405/537 366/404/536 334/372/486 335/373/487
f 368/406/538 367/405/537 335/373/487 336/374/488
f 369/407/539 368/406/538 336/374/488 337/375/489
f 370/408/540 369/407/539 337/375/489 338/376/490
f 371/409/541 370/408/540 338/376/490 339/377/491
f 372/410/542 371/409/541 339/377/491 340/378/492
f 373/411/543 372/410/542 340/378/492 341/379/493
f 374/412/544 473/513/545 474/514/495 342/380/494
f 375/413/546 374/412/544 342/380/494 343/381/496
f 376/414/547 375/413/546 343/381/496 344/382/497
f 377/416/548 376/414/547 344/382/497 345/384/498
f 378/417/549 377/415/548 345/383/498 346/385/499
f 379/418/550 378/417/549 346/385/499 347/386/500
s 10
f 380/419/551 379/418/552 347/386/502 348/387/501
s 13
f 381/420/553 380/419/554 348/387/504 349/388/503
s 15
f 382/421/555 381/420/556 349/388/506 350/389/505
s 8
f 350/389/508 351/390/507 383/422/557 382/421/558
s 14
f 352/391/509 384/423/559 383/422/560 351/390/510
s 12
f 353/392/511 385/424/561 384/423/562 352/391/512
s 1
f 354/393/513 386/425/563 385/424/564 353/392/514
f 387/426/565 386/425/563 354/393/513 355/394/515
f 388/428/566 387/426/565 355/394/515 356/396/516
f 389/429/567 388/427/566 356/395/516 357/397/517
f 390/430/568 389/429/567 357/397/517 358/398/518
f 359/399/569 391/431/570 390/430/568 358/398/518
s 30
f 392/598/571 391/431/572 359/399/520 360/600/519
s 28
f 362/400/529 394/432/573 393/619/574 361/596/530
s 1
f 395/433/575 394/432/576 362/400/533 363/401/532
f 396/434/577 395/433/575 363/401/532 364/402/534
f 397/435/578 396/434/577 364/402/534 365/403/535
f 398/436/579 397/435/578 365/403/535 366/404/536
f 399/437/580 398/436/579 366/404/536 367/405/537
f 400/438/581 399/437/580 367/405/537 368/406/538
f 401/439/582 400/438/581 368/406/538 369/407/539
f 402/440/583 401/439/582 369/407/539 370/408/540
f 403/441/584 402/440/583 370/408/540 371/409/541
f 404/442/585 403/441/584 371/409/541 372/410/542
f 405/443/586 404/442/585 372/410/542 373/411/543
f 406/444/587 472/512/588 473/513/545 374/412/544
f 407/445/589 406/444/587 374/412/544 375/413/546
f 408/446/590 407/445/589 375/413/546 376/414/547
f 409/448/591 408/446/590 376/414/547 377/416/548
f 410/449/592 409/447/591 377/415/548 378/417/549
f 411/450/593 410/449/592 378/417/549 379/418/550
s 10
f 412/451/594 411/450/595 379/418/552 380/419/551
s 13
f 413/452/596 412/451/597 380/419/554 381/420/553
s 15
f 414/453/598 413/452/599 381/420/556 382/421/555
s 8
f 382/421/558 383/422/557 415/454/600 414/453/601
s 14
f 384/423/559 416/455/602 415/454/603 383/422/560
s 12
f 385/424/561 417/456/604 416/455/605 384/423/562
s 1
f 386/425/563 418/457/606 417/456/607 385/424/564
f 419/458/608 418/457/606 386/425/563 387/426/565
f 420/460/609 419/458/608 387/426/565 388/428/566
f 421/461/610 420/459/609 388/427/566 389/429/567
f 422/462/611 421/461/610 389/429/567 390/430/568
f 391/431/570 423/463/612 422/462/611 390/430/568
s 30
f 424/592/613 423/463/614 391/431/572 392/598/571
s 34
f 392/598/615 493/616/616 494/586/617 424/592/618
s 28
f 394/432/573 426/464/469 425/588/472 393/619/574
s 1
f 427/465/344 426/464/343 394/432/576 395/433/575
f 428/466/345 427/465/344 395/433/575 396/434/577
f 429/467/346 428/466/345 396/434/577 397/435/578
f 430/468/312 429/467/346 397/435/578 398/436/579
f 431/469/313 430/468/312 398/436/579 399/437/580
f 432/470/314 431/469/313 399/437/580 400/438/581
f 433/471/315 432/470/314 400/438/581 401/439/582
f 434/472/316 433/471/315 401/439/582 402/440/583
f 435/473/317 434/472/316 402/440/583 403/441/584
f 436/474/318 435/473/317 403/441/584 404/442/585
f 437/475/319 436/474/318 404/442/585 405/443/586
f 438/476/359 471/511/386 472/512/588 406/444/587
f 439/477/320 438/476/359 406/444/587 407/445/589
f 440/478/321 439/477/320 407/445/589 408/446/590
f 441/480/322 440/478/321 408/446/590 409/448/591
f 442/481/323 441/479/322 409/447/591 410/449/592
f 443/482/324 442/481/323 410/449/592 411/450/593
s 10
f 444/483/326 443/482/325 411/450/595 412/451/594
s 13
f 445/484/328 444/483/327 412/451/597 413/452/596
s 15
f 446/485/330 445/484/329 413/452/599 414/453/598
s 8
f 414/453/601 415/454/600 447/486/332 446/485/331
s 14
f 416/455/602 448/487/333 447/486/334 415/454/603
s 12
f 417/456/604 449/488/335 448/487/336 416/455/605
s 1
f 418/457/606 450/489/337 449/488/338 417/456/607
f 451/490/339 450/489/337 418/457/606 419/458/608
f 452/492/340 451/490/339 419/458/608 420/460/609
f 453/493/341 452/491/340 420/459/609 421/461/610
f 454/494/342 453/493/341 421/461/610 422/462/611
f 423/463/612 455/495/371 454/494/342 422/462/611
s 30
f 456/590/479 455/495/478 423/463/614 424/592/613
s off
f 524/560/619 523/561/620 525/562/621 526/563/622
s 29
f 260/304/623 459/497/473 458/496/476 325/366/624
s 1
f 260/304/115 259/303/58 460/498/396 459/497/397
f 259/303/58 258/302/57 461/499/395 460/498/396
f 258/302/57 257/300/60 462/500/394 461/499/395
f 257/301/60 256/299/62 463/502/393 462/501/394
f 256/299/62 255/298/63 464/503/392 463/502/393
f 465/504/391 464/503/392 255/298/63 254/297/14
f 254/297/14 253/296/13 466/505/390 465/504/391
f 253/296/13 252/294/16 467/506/389 466/505/390
f 252/295/16 251/293/18 468/508/388 467/507/389
f 251/293/18 250/292/19 469/509/387 468/508/388
f 470/510/385 469/509/387 250/292/19 249/291/116
f 471/511/386 470/510/385 249/291/116 437/475/319
f 472/512/588 471/511/386 437/475/319 405/443/586
f 473/513/545 472/512/588 405/443/586 373/411/543
f 474/514/495 473/513/545 373/411/543 341/379/493
f 475/515/383 474/514/495 341/379/493 248/290/258
f 476/516/384 475/515/383 248/290/258 277/320/259
f 477/517/427 476/516/384 277/320/259 307/349/426
f 478/518/382 477/517/427 307/349/426 247/289/77
f 247/289/77 246/288/76 479/519/381 478/518/382
f 246/288/76 245/286/79 480/520/380 479/519/381
f 245/287/79 244/285/81 481/522/379 480/521/380
f 244/285/81 243/284/82 482/523/378 481/522/379
f 243/284/82 242/283/94 483/524/377 482/523/378
f 242/283/94 241/282/93 484/525/375 483/524/377
f 241/282/93 240/280/96 485/526/376 484/525/375
f 240/281/96 262/306/98 486/528/402 485/527/376
f 262/306/98 261/305/100 487/529/403 486/528/402
f 261/305/100 296/570/415 488/530/448 487/529/403
s 27
f 489/531/467 488/530/466 296/570/625 322/364/626
s 26
f 322/364/627 321/609/628 490/578/411 489/531/410
s 32
f 326/569/629 329/612/630 492/594/525 491/610/524
s 34
f 494/586/617 493/616/616 361/596/631 393/619/632
s off
f 456/590/633 457/605/634 496/533/635 495/532/636
f 457/605/637 458/496/638 497/534/639 496/533/640
f 458/496/641 327/367/642 498/535/643 497/534/644
f 327/367/645 456/590/646 495/532/647 498/535/648
f 458/496/649 457/605/650 499/537/651 500/536/652
s 35
f 457/605/653 425/588/654 501/538/655 499/537/656
s off
f 425/588/657 325/366/658 502/539/659 501/538/660
f 325/366/661 458/496/662 500/536/663 502/539/664
f 495/532/665 496/533/666 504/541/667 503/540/668
f 496/533/669 497/534/670 505/542/671 504/541/672
f 497/534/673 498/535/674 506/543/675 505/542/676
f 498/535/677 495/532/678 503/540/679 506/543/680
f 500/536/681 499/537/682 507/545/683 508/544/684
s 35
f 499/537/656 501/538/655 509/546/685 507/545/686
s off
f 501/538/687 502/539/688 510/547/689 509/546/690
f 502/539/691 500/536/692 508/544/693 510/547/694
f 503/540/695 504/541/696 512/549/697 511/548/698
f 504/541/699 505/542/700 513/550/701 512/549/702
f 505/542/703 506/543/704 514/551/705 513/550/706
f 506/543/707 503/540/708 511/548/709 514/551/710
f 511/548/711 512/549/712 516/553/713 515/552/714
f 512/549/715 513/550/716 517/554/717 516/553/718
f 513/550/719 514/551/720 518/555/721 517/554/722
f 514/551/723 511/548/724 515/552/725 518/555/726
f 508/544/727 507/545/728 519/557/729 520/556/730
f 507/545/731 509/546/732 521/558/733 519/557/734
f 509/546/735 510/547/736 522/559/737 521/558/738
f 510/547/739 508/544/740 520/556/741 522/559/742
f 520/556/743 519/557/744 523/561/745 524/560/746
f 519/557/747 521/558/748 525/562/749 523/561/750
f 521/558/751 522/559/752 526/563/753 525/562/754
f 522/559/755 520/556/756 524/560/757 526/563/758
s 1
f 528/624/373 527/623/759 359/399/569 358/398/518 188/572/304
s off
f 536/630/760 541/566/761 295/565/762 324/365/763 323/564/764
s 28
f 547/575/765 546/626/766 330/368/528 329/612/531 326/569/767
s 1
f 530/629/768 529/633/769 539/637/770 538/620/771
f 529/633/769 528/624/373 540/574/372 539/637/770
s 36
f 535/580/772 534/635/773 542/638/774 547/575/775
s 1
f 534/635/776 533/622/777 543/625/778 542/638/779
f 545/576/307 544/639/780 553/641/781 552/628/308
f 544/639/780 543/625/778 548/577/782 553/641/781
s 38
f 550/607/783 549/640/784 555/642/785 554/608/786
s 1
f 549/640/787 548/577/782 556/621/788 555/642/789
s 39
f 559/584/790 558/643/791 561/644/792 560/585/793
s 40
f 558/643/794 557/587/795 562/618/796 561/644/797
s 39
f 565/602/798 564/645/799 567/646/800 566/603/801
s 42
f 564/645/802 563/589/803 568/606/804 567/646/805
s 43
f 583/614/806 582/651/807 585/652/808 584/615/809
s 44
f 582/651/810 581/597/811 586/617/812 585/652/813
s 38
f 554/608/786 536/630/814 323/564/815 490/578/816
s 36
f 532/579/817 535/580/772 491/610/818 328/581/819
s 43
f 577/582/820 580/583/821 590/613/822 587/632/823
s 39
f 559/584/790 560/585/793 572/604/824 569/631/825
s 40
f 424/592/826 494/586/827 562/618/796 557/587/795
s 42
f 393/619/828 425/588/829 568/606/804 563/589/803
s 46
f 457/605/830 456/590/831 571/593/832 574/591/833
s 47
f 456/590/834 424/592/835 557/587/836 571/593/837
s 48
f 360/600/838 492/594/839 578/611/840 575/595/841
s 44
f 329/612/842 361/596/843 586/617/812 581/597/811
s 49
f 493/616/844 392/598/845 589/601/846 592/599/847
s 50
f 392/598/848 360/600/849 575/595/850 589/601/851
s 39
f 560/585/793 565/602/798 566/603/801 572/604/824
s 46
f 425/588/852 457/605/830 574/591/833 568/606/853
s 38
f 550/607/783 554/608/786 490/578/816 321/609/854
s 36
f 491/610/818 535/580/772 547/575/775 326/569/855
s 48
f 578/611/840 492/594/839 329/612/856 581/597/857
s 43
f 590/613/822 580/583/821 583/614/806 584/615/809
s 49
f 361/596/858 493/616/844 592/599/847 586/617/859
s 40
f 562/618/796 494/586/827 393/619/860 563/589/861
s 1
f 533/622/777 530/629/768 538/620/771 556/621/788
f 556/621/788 548/577/782 543/625/778 533/622/777
s off
f 527/623/862 528/624/863 529/633/864 530/629/865 531/634/866 532/579/867
f 536/630/868 537/636/869 538/620/870 539/637/871 540/574/872 541/566/873
f 542/638/874 543/625/875 544/639/876 545/576/877 546/626/878 547/575/879
f 548/577/880 549/640/881 550/607/882 551/627/883 552/628/884 553/641/885
s 36
f 532/579/817 531/634/886 534/635/773 535/580/772
s 1
f 531/634/887 530/629/768 533/622/777 534/635/776
f 538/620/771 537/636/888 555/642/789 556/621/788
s 38
f 537/636/889 536/630/814 554/608/786 555/642/785
s 39
f 560/585/793 561/644/792 564/645/890 565/602/798
s 40
f 561/644/797 562/618/796 563/589/861 564/645/891
s 39
f 566/603/801 567/646/892 573/648/893 572/604/824
s 46
f 567/646/894 568/606/853 574/591/833 573/648/895
s 47
f 557/587/836 558/643/896 570/647/897 571/593/837
s 39
f 558/643/898 559/584/790 569/631/825 570/647/899
s 46
f 571/593/832 570/647/900 573/648/895 574/591/833
s 39
f 570/647/901 569/631/825 572/604/824 573/648/893
s 43
f 577/582/820 576/649/902 579/650/903 580/583/821
s 48
f 576/649/904 575/595/841 578/611/840 579/650/905
s 43
f 580/583/821 579/650/903 582/651/906 583/614/806
s 48
f 579/650/905 578/611/840 581/597/857 582/651/907
s 43
f 584/615/809 585/652/908 591/654/909 590/613/822
s 49
f 585/652/910 586/617/859 592/599/847 591/654/911
s 50
f 575/595/850 576/649/912 588/653/913 589/601/851
s 43
f 576/649/914 577/582/820 587/632/823 588/653/915
s 49
f 589/601/846 588/653/916 591/654/911 592/599/847
s 43
f 588/653/917 587/632/823 590/613/822 591/654/909
g default
v 32.277869 2.956738 34.198732
v 33.766211 2.340256 34.198732
v 33.766211 2.956738 35.687075
v 33.766211 4.445065 36.303591
v 32.277869 4.445065 35.687075
v 31.661414 4.445065 34.198732
v 38.061683 2.956738 34.198732
v 38.678138 4.445065 34.198732
v 38.061683 4.445065 35.687075
v 36.573340 4.445065 36.303591
v 36.573340 2.956738 35.687075
v 36.573340 2.340256 34.198732
v 32.277869 116.825790 34.198732
v 31.661414 115.337448 34.198732
v 32.277869 115.337448 35.687075
v 33.766211 115.337448 36.303591
v 33.766211 116.825790 35.687075
v 33.766211 117.442261 34.198732
v 38.061683 116.825790 34.198732
v 36.573340 117.442261 34.198732
v 36.573340 116.825790 35.687075
v 36.573340 115.337448 36.303591
v 38.061683 115.337448 35.687075
v 38.678138 115.337448 34.198732
v 32.277869 115.337448 -38.800963
v 31.661414 115.337448 -37.312620
v 32.277869 116.825790 -37.312620
v 33.766211 117.442261 -37.312620
v 33.766211 116.825790 -38.800963
v 33.766211 115.337448 -39.417479
v 38.061683 115.337448 -38.800963
v 36.573340 115.337448 -39.417479
v 36.573340 116.825790 -38.800963
v 36.573340 117.442261 -37.312620
v 38.061683 116.825790 -37.312620
v 38.678138 115.337448 -37.312620
v 32.277869 2.956738 -37.312620
v 31.661414 4.445065 -37.312620
v 32.277869 4.445065 -38.800963
v 33.766211 4.445065 -39.417479
v 33.766211 2.956738 -38.800963
v 33.766211 2.340256 -37.312620
v 38.061683 2.956738 -37.312620
v 36.573340 2.340256 -37.312620
v 36.573340 2.956738 -38.800963
v 36.573340 4.445065 -39.417479
v 38.061683 4.445065 -38.800963
v 38.678138 4.445065 -37.312620
v 32.551429 3.230282 35.413515
v 37.788123 3.230282 35.413515
v 32.551429 116.552231 35.413515
v 37.788123 116.552231 35.413515
v 32.551429 116.552231 -38.527403
v 37.788123 116.552231 -38.527403
v 32.551429 3.230282 -38.527403
v 37.788123 3.230282 -38.527403
v 41.067603 77.998283 31.044252
v 41.649878 78.297882 31.046633
v 41.691321 78.847916 31.508486
v 41.037269 78.495361 31.508486
v 43.212867 79.512810 31.035768
v 42.765296 79.392387 31.508486
v 42.867652 78.940323 31.035768
v 41.039344 110.163635 31.508486
v 41.691260 109.706169 31.508486
v 41.632056 110.309486 31.046144
v 41.094581 110.685326 31.043337
v 43.067115 108.986237 31.039675
v 42.735267 109.564980 31.033815
v 42.614844 109.110184 31.508486
v 41.094581 110.685326 27.620851
v 41.631690 110.309731 27.617433
v 41.692847 109.702377 27.155702
v 41.039344 110.163635 27.155702
v 42.614844 109.110184 27.155702
v 42.739112 109.562378 27.624513
v 43.067115 108.986237 27.624513
v 41.037269 78.495361 27.155702
v 41.690406 78.845940 27.155702
v 41.650245 78.298065 27.618105
v 41.067603 77.998283 27.619936
v 43.212867 79.508759 27.623537
v 42.867652 78.940323 27.628420
v 42.765296 79.392387 27.155702
v 41.046729 80.531342 31.508486
v 41.712073 80.970070 31.508486
v 41.820594 81.781647 31.508486
v 41.360999 81.567566 31.049562
v 41.020240 81.015305 31.049562
v 42.747107 81.515747 31.508486
v 43.212867 81.792252 31.046083
v 43.212867 82.448410 31.042909
v 42.754493 82.251228 31.508486
v 41.047278 107.250443 27.155702
v 41.712745 106.826988 27.155702
v 41.817054 106.152855 27.155702
v 41.360999 106.109703 27.616213
v 41.065345 106.689438 27.615541
v 43.212867 106.147827 27.618593
v 42.749976 106.147964 27.155702
v 42.730201 106.802620 27.155702
v 43.193946 106.802216 27.618593
v 41.065345 106.689438 31.048647
v 41.360999 106.111633 31.050417
v 41.802955 106.162811 31.508486
v 41.712317 106.826569 31.508486
v 41.047278 107.250443 31.508486
v 41.020240 81.015305 27.614565
v 41.360999 81.564209 27.610536
v 41.805518 81.762115 27.155702
v 41.712073 80.970070 27.155702
v 41.046729 80.531342 27.155702
v 43.212867 81.792618 27.617555
v 42.745765 81.514038 27.155702
v 42.754493 82.251228 27.155702
v 43.212867 82.448410 27.621279
v 43.212867 106.147827 31.045534
v 43.193946 106.802216 31.045534
v 42.730201 106.802620 31.508486
v 42.749976 106.147964 31.508486
v 38.714881 77.367371 27.155702
v 38.768592 76.844879 27.608400
v 38.223792 77.181076 27.608400
v 38.223792 77.181076 31.055788
v 38.756324 76.838699 31.065981
v 38.714881 77.367371 31.508486
v 38.223792 79.219795 31.036013
v 38.671851 79.335861 31.508486
v 38.574622 79.788376 31.036013
v 38.223792 79.223755 27.623354
v 38.574622 79.788376 27.628115
v 38.671851 79.335861 27.155702
v 38.406104 108.987450 31.039797
v 38.711158 108.394440 31.034059
v 38.850867 108.842415 31.508486
v 38.850867 108.842415 27.155702
v 38.707435 108.397133 27.624391
v 38.406104 108.987450 27.624391
v 38.406104 111.963188 31.078127
v 38.911841 111.641731 31.508486
v 38.948096 112.239883 31.078127
v 38.406104 111.937843 27.602297
v 38.948096 112.239883 27.586000
v 38.911841 111.641731 27.155702
vt 0.449993 0.993051
vt 0.449996 0.004567
vt 0.550008 0.993051
vt 0.631949 0.004572
vt 0.449993 0.245428
vt 0.550008 0.245428
vt 0.631949 0.245428
vt 0.131949 0.004572
vt 0.449993 0.493051
vt 0.550008 0.493051
vt 0.868051 0.245428
vt 0.868051 0.004572
vt 0.550007 0.756949
vt 0.449993 0.745428
vt 0.550008 0.745428
vt 0.550017 0.004567
vt 0.449993 0.256949
vt 0.550007 0.256949
vt 0.449996 0.504567
vt 0.550017 0.504567
vt 0.449993 0.756949
vt 0.368051 0.004572
vt 0.368051 0.245428
vt 0.131949 0.245428
vt 0.375000 0.995696
vt 0.370696 0.000000
vt 0.434498 0.000000
vt 0.434498 1.000000
vt 0.408467 0.004544
vt 0.629304 0.000000
vt 0.625000 0.995696
vt 0.591539 0.004544
vt 0.565502 1.000000
vt 0.565502 0.000000
vt 0.370696 0.250000
vt 0.375000 0.254304
vt 0.408465 0.245454
vt 0.443804 0.250805
vt 0.625000 0.254304
vt 0.629304 0.250000
vt 0.556196 0.250805
vt 0.591535 0.245454
vt 0.125000 0.247190
vt 0.375000 0.502810
vt 0.375000 0.495696
vt 0.129304 0.250000
vt 0.443806 0.499193
vt 0.625000 0.502810
vt 0.875000 0.247190
vt 0.556199 0.499193
vt 0.870696 0.250000
vt 0.625000 0.495696
vt 0.129304 0.000000
vt 0.375000 0.754304
vt 0.375000 0.747190
vt 0.125000 0.002810
vt 0.443804 0.750805
vt 0.625000 0.754304
vt 0.870696 0.000000
vt 0.556196 0.750805
vt 0.875000 0.002810
vt 0.625000 0.747190
vt 0.375000 1.000000
vt 0.375000 0.000000
vt 0.625000 0.000000
vt 0.625000 1.000000
vt 0.375000 0.250000
vt 0.625000 0.250000
vt 0.125000 0.250000
vt 0.375000 0.500000
vt 0.625000 0.500000
vt 0.875000 0.250000
vt 0.125000 0.000000
vt 0.375000 0.750000
vt 0.625000 0.750000
vt 0.875000 0.000000
vt 0.348337 0.000000
vt 0.375000 0.005174
vt 0.375000 0.005549
vt 0.349587 0.000000
vt 0.413997 0.973473
vt 0.396104 0.978896
vt 0.375000 0.773050
vt 0.414041 0.776557
vt 0.419593 0.005334
vt 0.413996 0.000000
vt 0.578393 0.000000
vt 0.564577 0.005111
vt 0.422391 0.026683
vt 0.375000 0.025690
vt 0.625000 0.975022
vt 0.578393 0.972850
vt 0.578393 0.777150
vt 0.625000 0.794555
vt 0.652150 0.004000
vt 0.651558 0.027361
vt 0.562119 0.026932
vt 0.375000 0.245659
vt 0.348284 0.250000
vt 0.350284 0.250000
vt 0.375000 0.245174
vt 0.424001 0.245646
vt 0.375000 0.223188
vt 0.425174 0.222740
vt 0.415217 0.276553
vt 0.561065 0.245857
vt 0.578932 0.277263
vt 0.375000 0.272996
vt 0.415165 0.473482
vt 0.396059 0.478941
vt 0.651926 0.246020
vt 0.562401 0.222482
vt 0.651588 0.222477
vt 0.602895 0.272105
vt 0.625000 0.475751
vt 0.579503 0.473075
vt 0.151716 0.250000
vt 0.125000 0.245659
vt 0.125000 0.245174
vt 0.149715 0.250000
vt 0.424237 0.504375
vt 0.561065 0.504143
vt 0.375000 0.503542
vt 0.425236 0.527256
vt 0.375000 0.522501
vt 0.625000 0.503980
vt 0.625000 0.527523
vt 0.562401 0.527518
vt 0.125000 0.005174
vt 0.151663 0.000000
vt 0.151000 0.000000
vt 0.125000 0.005549
vt 0.419468 0.744681
vt 0.375000 0.745524
vt 0.375000 0.727968
vt 0.422391 0.723317
vt 0.564577 0.744889
vt 0.625000 0.746041
vt 0.561940 0.723078
vt 0.625000 0.722635
vt 0.348644 0.030712
vt 0.347866 0.030712
vt 0.375000 0.025649
vt 0.437038 0.033421
vt 0.563113 0.033414
vt 0.348644 0.033550
vt 0.434659 0.216538
vt 0.348692 0.216246
vt 0.151124 0.033524
vt 0.151356 0.030712
vt 0.651739 0.033256
vt 0.848472 0.027365
vt 0.848262 0.033256
vt 0.651588 0.216422
vt 0.562506 0.216423
vt 0.125000 0.223188
vt 0.151412 0.218953
vt 0.151918 0.218953
vt 0.125000 0.223198
vt 0.436559 0.533539
vt 0.562506 0.533577
vt 0.151448 0.216232
vt 0.125000 0.216553
vt 0.125000 0.034998
vt 0.348588 0.218953
vt 0.848412 0.216422
vt 0.848412 0.222477
vt 0.625000 0.533578
vt 0.625000 0.716744
vt 0.563114 0.716586
vt 0.375000 0.223198
vt 0.347752 0.218953
vt 0.125000 0.025690
vt 0.125000 0.025649
vt 0.152134 0.030712
vt 0.435003 0.716669
vt 0.151000 0.006156
vt 0.151861 0.026787
vt 0.349000 0.006156
vt 0.347866 0.026747
vt 0.348082 0.221829
vt 0.350284 0.244828
vt 0.151918 0.221829
vt 0.150652 0.244632
vt 0.848131 0.003959
vt 0.848075 0.246020
vt 0.375000 0.250000
vt 0.375000 0.500000
vt 0.375000 0.749934
vt 0.375000 0.531047
vt 0.390145 0.529166
vt 0.622696 0.531047
vt 0.375000 0.719288
vt 0.402998 0.719288
vt 0.625000 0.719288
vn -0.141332 -0.989935 0.007372
vn -0.382087 -0.924112 0.005242
vn -0.382087 -0.924111 -0.005242
vn -0.141332 -0.989935 -0.007372
vn -0.924120 -0.382066 0.005242
vn -0.999950 -0.005447 0.008406
vn -0.999950 -0.005447 -0.008406
vn -0.924120 -0.382066 -0.005242
vn -0.141598 -0.004786 0.989913
vn -0.096828 -0.370071 0.923944
vn 0.096828 -0.370071 0.923944
vn 0.141598 -0.004786 0.989913
vn -0.096818 -0.923951 0.370055
vn 0.141332 -0.989935 0.007372
vn 0.096820 -0.923951 0.370055
vn -0.924040 -0.003399 0.382281
vn -0.924040 0.003399 0.382281
vn -0.999950 0.005447 0.008406
vn -0.382316 -0.003399 0.924025
vn -0.141598 0.004786 0.989913
vn -0.382317 0.003399 0.924025
vn 0.999950 -0.005447 0.008406
vn 0.924120 -0.382066 0.005242
vn 0.924120 -0.382066 -0.005242
vn 0.999950 -0.005447 -0.008406
vn 0.382087 -0.924112 0.005242
vn 0.141332 -0.989935 -0.007372
vn 0.382087 -0.924111 -0.005242
vn 0.382316 -0.003399 0.924025
vn 0.382317 0.003399 0.924025
vn 0.141598 0.004786 0.989913
vn 0.924040 -0.003399 0.382281
vn 0.999950 0.005447 0.008406
vn 0.924040 0.003399 0.382281
vn -0.924122 0.382063 0.005242
vn -0.924121 0.382063 -0.005242
vn -0.999950 0.005447 -0.008406
vn -0.382081 0.924114 0.005242
vn -0.141330 0.989935 0.007372
vn -0.141330 0.989935 -0.007372
vn -0.382081 0.924114 -0.005242
vn -0.096822 0.923953 0.370048
vn 0.096821 0.923953 0.370048
vn 0.141330 0.989935 0.007372
vn -0.096844 0.370067 0.923943
vn 0.096838 0.370067 0.923944
vn 0.382081 0.924114 0.005242
vn 0.382081 0.924114 -0.005242
vn 0.141330 0.989935 -0.007372
vn 0.924122 0.382063 0.005242
vn 0.999950 0.005447 -0.008406
vn 0.924121 0.382063 -0.005242
vn -0.924040 0.003399 -0.382281
vn -0.924040 -0.003399 -0.382281
vn -0.382316 0.003399 -0.924025
vn -0.141598 0.004786 -0.989913
vn -0.141598 -0.004786 -0.989913
vn -0.382316 -0.003399 -0.924025
vn -0.096832 0.370068 -0.923945
vn 0.096835 0.370068 -0.923944
vn 0.141598 0.004786 -0.989913
vn -0.096821 0.923953 -0.370048
vn 0.096822 0.923953 -0.370048
vn 0.382316 0.003399 -0.924025
vn 0.382316 -0.003399 -0.924025
vn 0.141598 -0.004786 -0.989913
vn 0.924040 0.003399 -0.382281
vn 0.924040 -0.003399 -0.382281
vn -0.096822 -0.923951 -0.370055
vn 0.096821 -0.923951 -0.370055
vn -0.096828 -0.370071 -0.923944
vn 0.096830 -0.370071 -0.923943
vn -0.887922 -0.325260 0.325271
vn -0.325241 -0.887932 0.325261
vn -0.325282 -0.325275 0.887912
vn 0.325244 -0.887931 0.325263
vn 0.887928 -0.325251 0.325263
vn 0.325282 -0.325275 0.887912
vn -0.325251 0.887930 0.325258
vn -0.887930 0.325246 0.325261
vn -0.325334 0.325267 0.887896
vn 0.887934 0.325242 0.325256
vn 0.325248 0.887930 0.325259
vn 0.325314 0.325269 0.887902
vn -0.325294 0.325272 -0.887909
vn -0.887921 0.325259 -0.325273
vn -0.325248 0.887930 -0.325259
vn 0.887922 0.325257 -0.325272
vn 0.325307 0.325270 -0.887905
vn 0.325251 0.887930 -0.325258
vn -0.325250 -0.887928 -0.325262
vn -0.887925 -0.325255 -0.325267
vn -0.325282 -0.325275 -0.887912
vn 0.887928 -0.325251 -0.325263
vn 0.325248 -0.887930 -0.325260
vn 0.325289 -0.325274 -0.887910
vn 0.311681 -0.619355 0.720593
vn 0.314372 -0.620593 0.718356
vn 0.308382 -0.617830 0.723317
vn 0.308382 -0.617830 0.723317
vn 0.463673 -0.886007 0.000001
vn 0.450260 -0.892897 -0.000004
vn 0.450263 -0.892896 -0.000004
vn 0.463673 -0.886007 0.000001
vn 0.330719 -0.631477 0.701329
vn 0.330345 -0.630193 0.702659
vn 0.379876 -0.614943 0.691043
vn 0.620787 -0.262219 0.738827
vn -0.000011 0.000000 1.000000
vn -0.000025 0.000000 1.000000
vn -0.000042 0.000000 1.000000
vn -0.000008 0.000000 1.000000
vn 0.855563 -0.517698 0.000307
vn 0.855563 -0.517698 0.000307
vn 0.855563 -0.517698 0.000307
vn 0.855563 -0.517698 0.000307
vn 0.719557 -0.030208 0.693776
vn 0.713024 0.000129 0.701139
vn 0.714155 0.000785 0.699987
vn 0.400736 0.561923 0.723639
vn 0.399421 0.557123 0.728064
vn 0.398235 0.552832 0.731974
vn 0.398235 0.552832 0.731974
vn -0.000081 0.000000 1.000000
vn 0.000002 0.000000 1.000000
vn -0.000041 0.000000 1.000000
vn -0.000036 0.000000 1.000000
vn 0.402453 0.588083 0.701563
vn 0.399827 0.592250 0.699555
vn 0.639465 0.258752 0.723970
vn 0.439285 0.577254 0.688336
vn 0.583929 0.811805 -0.000000
vn 0.563948 0.825810 -0.000002
vn 0.563939 0.825816 -0.000002
vn 0.583928 0.811806 -0.000000
vn 0.718383 0.066392 0.692473
vn 0.713390 0.035384 0.699873
vn 0.713278 0.035138 0.700000
vn 0.677584 0.735445 0.000101
vn 0.986721 0.162427 0.000071
vn 0.986646 0.162881 0.000071
vn 0.677600 0.735430 0.000101
vn 0.399408 0.556940 -0.728211
vn 0.400765 0.561567 -0.723899
vn 0.398188 0.552810 -0.732016
vn 0.398188 0.552810 -0.732016
vn 0.396802 0.590427 -0.702811
vn 0.400802 0.586499 -0.703830
vn 0.436165 0.574650 -0.692487
vn 0.637825 0.257824 -0.725745
vn -0.000017 0.000000 -1.000000
vn 0.000000 0.000000 -1.000000
vn 0.000002 0.000000 -1.000000
vn -0.000012 0.000000 -1.000000
vn 0.718218 0.065482 -0.692730
vn 0.713200 0.035134 -0.700079
vn 0.713312 0.035381 -0.699953
vn 0.314593 -0.623645 -0.715610
vn 0.311963 -0.622831 -0.717468
vn 0.308746 -0.621828 -0.719726
vn 0.308746 -0.621828 -0.719726
vn 0.000000 0.000000 -1.000000
vn 0.000000 0.000000 -1.000000
vn 0.000000 0.000000 -1.000000
vn 0.000004 0.000000 -1.000000
vn 0.330618 -0.630830 -0.701958
vn 0.331148 -0.632075 -0.700587
vn 0.619036 -0.261602 -0.740512
vn 0.379108 -0.615957 -0.690561
vn 0.716740 -0.029805 -0.696704
vn 0.711761 0.001466 -0.702420
vn 0.711022 0.000560 -0.703170
vn -0.381986 0.590111 0.711236
vn -0.435613 0.531622 0.726374
vn -0.351243 0.635544 0.687540
vn -0.536258 0.393349 0.746796
vn -0.000002 0.000000 1.000000
vn -0.000050 0.000000 1.000000
vn -0.000001 0.000000 1.000000
vn -0.705727 0.026733 0.707980
vn -0.710492 0.009467 0.703641
vn -0.707787 -0.015590 0.706254
vn -0.707500 -0.016403 0.706523
vn -0.850326 0.526256 -0.000257
vn -0.850326 0.526256 -0.000257
vn -0.850326 0.526256 -0.000257
vn -0.850326 0.526256 -0.000257
vn 1.000000 0.000001 0.000000
vn 1.000000 -0.000009 0.000000
vn 1.000000 -0.000009 0.000000
vn 1.000000 0.000001 0.000000
vn 0.709906 -0.000060 0.704297
vn 0.709924 -0.000013 0.704278
vn 0.709859 0.000582 0.704343
vn 0.709857 0.000597 0.704346
vn -0.447985 -0.545366 -0.708439
vn -0.483346 -0.478224 -0.733265
vn -0.444357 -0.574717 -0.687203
vn -0.600949 -0.300107 -0.740808
vn 0.000000 0.000000 -1.000000
vn 0.000004 0.000000 -1.000000
vn 0.000000 0.000000 -1.000000
vn -0.707073 -0.016450 -0.706950
vn -0.707594 -0.014979 -0.706460
vn -0.710267 0.010103 -0.703860
vn -0.705804 0.026270 -0.707920
vn -0.653072 -0.757296 0.000024
vn -0.999931 -0.011755 0.000003
vn -0.999931 -0.011745 0.000003
vn -0.653267 -0.757128 0.000024
vn 1.000000 0.000777 0.000000
vn 0.998685 0.051275 0.000000
vn 0.998685 0.051275 0.000000
vn 1.000000 0.000777 0.000000
vn 0.709734 0.000593 -0.704470
vn 0.709736 0.000579 -0.704467
vn 0.709790 -0.000023 -0.704413
vn 0.709761 -0.000078 -0.704442
vn -0.484997 -0.479668 0.731230
vn -0.449713 -0.546965 0.706107
vn -0.598372 -0.302431 0.741948
vn -0.445960 -0.576524 0.684646
vn 0.000000 0.000000 1.000000
vn 0.000000 0.000000 1.000000
vn 0.000000 0.000000 1.000000
vn -0.434589 0.532693 -0.726203
vn -0.381327 0.590695 -0.711104
vn -0.535086 0.392809 -0.747920
vn -0.350543 0.635752 -0.687705
vn 0.000002 0.000000 -1.000000
vn 0.000001 0.000000 -1.000000
vn 0.000016 0.000000 -1.000000
vn -0.699050 -0.004826 -0.715057
vn -0.699050 -0.004826 -0.715057
vn -0.704738 0.030718 -0.708802
vn -0.532981 -0.846126 -0.001704
vn -0.532981 -0.846126 -0.001704
vn -0.532981 -0.846126 -0.001704
vn -0.532981 -0.846126 -0.001704
vn -0.701128 -0.003992 0.713024
vn -0.701128 -0.003992 0.713024
vn -0.706968 0.031055 0.706563
vn -0.850192 0.526472 0.000305
vn -0.850192 0.526472 0.000305
vn -0.850192 0.526472 0.000305
vn -0.850192 0.526472 0.000305
vn -0.692034 -0.019155 0.721610
vn -0.686610 0.002428 0.727022
vn -0.686610 0.002428 0.727022
vn -0.653750 -0.756711 0.000058
vn -0.996520 -0.083355 0.000056
vn -0.996468 -0.083973 0.000057
vn -0.653698 -0.756756 0.000058
vn -0.697494 -0.016294 -0.716405
vn -0.692534 0.004570 -0.721371
vn -0.692534 0.004570 -0.721371
vn -0.471032 0.882111 -0.003208
vn -0.471032 0.882111 -0.003208
vn -0.471032 0.882111 -0.003208
vn -0.471032 0.882111 -0.003208
vn -0.000055 0.000000 1.000000
vn 0.000000 0.000000 -1.000000
vn 0.466599 -0.884469 0.000001
vn 0.466599 -0.884469 0.000001
vn 1.000000 -0.000011 0.000000
vn 1.000000 -0.000011 0.000000
vn -1.000000 -0.000019 0.000000
vn -1.000000 -0.000019 0.000000
vn -1.000000 -0.000019 0.000000
vn -1.000000 -0.000019 0.000000
vn -1.000000 0.000007 0.000000
vn -1.000000 0.000007 0.000000
vn 0.000000 0.000000 -1.000000
vn 0.000000 0.000000 1.000000
vn -1.000000 0.000000 0.000000
vn -1.000000 0.000000 0.000000
vn 0.448420 -0.893823 -0.000005
vn 0.448420 -0.893823 -0.000005
vn -0.000013 0.000000 1.000000
vn -0.000013 0.000000 1.000000
vn -0.448419 0.893824 0.000000
vn -0.448419 0.893824 0.000000
vn -0.448419 0.893824 0.000000
vn -0.448419 0.893824 0.000000
vn 0.000000 0.000000 -1.000000
vn 0.000000 0.000000 -1.000000
vn 0.000020 0.000000 1.000000
vn 0.000020 0.000000 1.000000
vn 0.586563 0.809904 0.000000
vn 0.586563 0.809904 0.000000
vn -0.000020 0.000000 -1.000000
vn -0.000020 0.000000 -1.000000
vn -0.568936 0.351755 0.743358
vn -0.541343 -0.344040 -0.767192
vn -0.543666 -0.342747 0.766128
vn -0.569421 0.350827 -0.743425
vn -0.386416 -0.626357 -0.677023
vn -0.386416 -0.626357 -0.677023
vn -0.386416 -0.626357 -0.677023
vn -0.402625 -0.605818 0.686206
vn -0.402625 -0.605818 0.686206
vn -0.402625 -0.605818 0.686206
vn -0.291228 0.570219 0.768139
vn -0.291228 0.570219 0.768139
vn -0.291228 0.570219 0.768139
vn -0.336601 0.563379 -0.754522
vn -0.336601 0.563379 -0.754522
vn -0.336601 0.563379 -0.754522
s 1
g fridgedoorbottom2
usemtl initialShadingGroup
f 594/655/918 593/679/919 629/708/920 634/675/921
s 2
f 593/680/922 598/676/923 630/662/924 629/707/925
s 3
f 596/656/926 595/681/927 603/688/928 602/670/929
s 1
f 595/682/930 594/655/918 604/657/931 603/687/932
s 2
f 598/676/923 597/683/933 607/691/934 606/677/935
s 3
f 597/683/936 596/656/926 608/659/937 607/691/938
s 4
f 600/658/939 599/684/940 635/713/941 640/666/942
s 1
f 599/685/943 604/657/931 636/667/944 635/712/945
s 3
f 602/670/929 601/686/946 615/696/947 614/660/948
s 4
f 601/686/949 600/658/939 616/661/950 615/696/951
s 2
f 606/677/935 605/689/952 619/700/953 618/678/954
s 5
f 605/690/955 610/671/956 620/663/957 619/699/958
f 610/671/956 609/692/959 613/695/960 612/672/961
s 3
f 609/692/962 608/659/937 614/660/948 613/695/963
s 5
f 612/672/961 611/693/964 627/706/965 626/664/966
s 4
f 611/694/967 616/661/950 628/665/968 627/705/969
s 2
f 618/678/954 617/697/970 631/710/971 630/662/924
s 6
f 617/698/972 622/673/973 632/668/974 631/709/975
f 622/673/973 621/701/976 625/704/977 624/674/978
s 5
f 621/701/979 620/663/957 626/664/966 625/704/980
s 6
f 624/674/978 623/702/981 639/716/982 638/669/983
s 4
f 623/703/984 628/665/968 640/666/942 639/715/985
s 1
f 634/675/921 633/711/986 637/714/987 636/667/944
s 6
f 633/711/988 632/668/974 638/669/983 637/714/989
s 3
f 596/656/926 602/670/929 614/660/948 608/659/937
s 5
f 610/671/956 612/672/961 626/664/966 620/663/957
s 6
f 622/673/973 624/674/978 638/669/983 632/668/974
s 1
f 634/675/921 636/667/944 604/657/931 594/655/918
s 4
f 600/658/939 640/666/942 628/665/968 616/661/950
s 2
f 630/662/924 598/676/923 606/677/935 618/678/954
f 597/683/933 598/676/923 593/680/922 641/718/990
s 1
f 593/679/919 594/655/918 595/682/930 641/717/991
s 3
f 595/681/927 596/656/926 597/683/936 641/718/992
s 1
f 603/687/932 604/657/931 599/685/943 642/720/993
s 4
f 599/684/940 600/658/939 601/686/949 642/719/994
s 3
f 601/686/946 602/670/929 603/688/928 642/719/995
s 5
f 609/692/959 610/671/956 605/690/955 643/721/996
s 2
f 605/689/952 606/677/935 607/691/934 643/721/997
s 3
f 607/691/938 608/659/937 609/692/962 643/721/998
s 4
f 615/696/951 616/661/950 611/694/967 644/722/999
s 5
f 611/693/964 612/672/961 613/695/960 644/722/1000
s 3
f 613/695/963 614/660/948 615/696/947 644/722/1001
s 6
f 621/701/976 622/673/973 617/698/972 645/724/1002
s 2
f 617/697/970 618/678/954 619/700/953 645/723/1003
s 5
f 619/699/958 620/663/957 621/701/979 645/724/1004
s 4
f 627/705/969 628/665/968 623/703/984 646/726/1005
s 6
f 623/702/981 624/674/978 625/704/977 646/725/1006
s 5
f 625/704/980 626/664/966 627/706/965 646/725/1007
s 1
f 633/711/986 634/675/921 629/708/920 647/728/1008
s 2
f 629/707/925 630/662/924 631/710/971 647/727/1009
s 6
f 631/709/975 632/668/974 633/711/988 647/728/1010
s 4
f 639/715/985 640/666/942 635/713/941 648/730/1011
s 1
f 635/712/945 636/667/944 637/714/987 648/729/1012
s 6
f 637/714/989 638/669/983 639/716/982 648/729/1013
s 7
f 649/731/1014 652/732/1015 718/733/1016 717/734/1017
s 8
f 650/735/1018 649/736/1019 673/737/1020 672/738/1021
s 7
f 651/739/1022 650/740/1023 655/741/1024 654/742/1025
s 9
f 652/732/1026 651/739/1027 678/743/1028 677/744/1029
s off
f 653/745/1030 655/746/1031 675/747/1032 674/748/1033
s 7
f 654/742/1025 653/749/1034 683/750/1035 682/751/1036
f 656/752/1037 659/753/1038 733/754/1039 732/755/1040
s 9
f 657/756/1041 656/752/1042 699/757/1043 698/758/1044
s 7
f 658/759/1045 657/756/1046 662/760/1047 661/761/1048
s 12
f 659/762/1049 658/759/1050 664/763/1051 663/764/1052
s 7
f 660/765/1053 662/760/1047 711/766/1054 710/767/1055
s 12
f 661/761/1056 660/768/1057 669/769/1058 668/770/1059
s 14
f 663/771/1060 666/772/1061 736/773/1062 735/774/1063
f 665/775/1064 664/763/1065 668/770/1066 667/776/1067
s 15
f 666/777/1068 665/775/1069 687/778/1070 686/779/1071
s 14
f 667/776/1067 669/780/1072 694/781/1073 693/782/1074
f 670/783/1075 673/784/1076 714/785/1077 713/786/1078
s 15
f 671/787/1079 670/788/1080 704/789/1081 703/790/1082
s 14
f 672/738/1083 671/787/1084 676/791/1085 675/747/1086
f 674/792/1087 676/791/1085 706/793/1088 705/794/1089
s 18
f 677/744/1090 681/795/1091 721/796/1092 720/797/1093
s 9
f 679/798/1094 678/743/1028 682/751/1095 685/799/1096
s 18
f 680/800/1097 679/798/1098 697/801/1099 696/802/1100
s off
f 681/795/1101 680/800/1102 701/803/1103 700/804/1104
s 12
f 684/805/1105 683/750/1106 705/806/1107 708/807/1108
s 7
f 685/799/1109 684/805/1110 709/808/1111 712/809/1112
s 20
f 686/810/1113 690/811/1114 729/812/1115 728/813/1116
s 15
f 688/814/1117 687/778/1070 693/782/1118 692/815/1119
s 20
f 689/816/1120 688/817/1121 702/818/1122 701/803/1123
s 21
f 690/811/1124 689/816/1125 696/802/1126 695/819/1127
s 12
f 691/820/1128 694/821/1129 710/767/1130 709/808/1131
s 14
f 692/815/1132 691/822/1133 708/823/1134 707/824/1135
s 18
f 695/819/1136 699/757/1137 727/825/1138 726/826/1139
s 9
f 698/758/1044 697/801/1140 712/809/1141 711/766/1142
s 20
f 700/804/1143 704/827/1144 724/828/1145 723/829/1146
s 15
f 703/790/1082 702/830/1147 707/824/1148 706/793/1149
s 20
f 713/786/1150 715/831/1151 722/832/1152 724/828/1145
s off
f 715/831/1153 714/785/1154 717/734/1155 716/833/1156
s 18
f 716/833/1157 718/733/1158 720/797/1093 719/834/1159
s off
f 719/834/1160 721/796/1161 723/829/1162 722/832/1163
s 18
f 725/835/1164 727/825/1138 732/755/1165 731/836/1166
s 21
f 726/826/1167 725/835/1168 730/837/1169 729/812/1170
s 20
f 728/813/1116 730/837/1171 734/838/1172 736/773/1173
s off
f 731/836/1174 733/754/1175 735/774/1176 734/838/1177
s 9
f 651/739/1027 654/742/1178 682/751/1095 678/743/1028
s 12
f 658/759/1050 661/761/1056 668/770/1059 664/763/1051
s 15
f 703/790/1082 706/793/1149 676/791/1179 671/787/1079
s 8
f 672/738/1021 675/747/1180 655/746/1181 650/735/1018
s 12
f 653/749/1182 674/839/1183 705/806/1107 683/750/1106
s off
f 715/831/1184 716/833/1185 719/834/1186 722/832/1187
s 21
f 730/837/1169 725/835/1168 731/836/1188 734/838/1189
s 15
f 665/775/1069 667/776/1190 693/782/1118 687/778/1070
s 12
f 710/767/1130 694/821/1129 669/840/1058 660/765/1057
s 9
f 698/758/1044 711/766/1142 662/760/1191 657/756/1041
s 21
f 701/803/1192 680/800/1193 696/802/1126 689/816/1125
s 15
f 688/814/1117 692/815/1119 707/824/1148 702/830/1147
s 12
f 684/805/1105 708/807/1108 691/820/1128 709/808/1131
s 9
f 679/798/1094 685/799/1096 712/809/1141 697/801/1140
s 8
f 673/784/1020 649/731/1019 717/734/1194 714/785/1195
s 9
f 652/732/1026 677/744/1029 720/797/1196 718/733/1197
s off
f 681/795/1198 700/804/1199 723/829/1200 721/796/1201
s 15
f 704/827/1081 670/783/1080 713/786/1202 724/828/1203
s 21
f 690/811/1124 695/819/1127 726/826/1167 729/812/1170
s 9
f 699/757/1043 656/752/1042 732/755/1204 727/825/1205
s 12
f 659/753/1049 663/771/1052 735/774/1206 733/754/1207
s 15
f 666/772/1068 686/810/1071 728/813/1208 736/773/1209
s 7
f 649/731/1014 650/740/1023 651/739/1022 652/732/1015
f 653/749/1034 654/742/1025 655/741/1024
f 656/841/1037 657/756/1046 658/759/1045 659/762/1038
f 660/768/1053 661/761/1048 662/760/1047
s 14
f 663/764/1060 664/763/1065 665/775/1064 666/842/1061
f 667/776/1067 668/770/1066 669/769/1072
f 670/788/1075 671/787/1084 672/738/1083 673/843/1076
f 674/792/1087 675/747/1086 676/791/1085
s 18
f 677/744/1090 678/743/1210 679/798/1098 680/800/1097 681/795/1091
s 7
f 682/751/1036 683/750/1035 684/805/1110 685/799/1109
s 20
f 686/779/1113 687/778/1211 688/814/1121 689/844/1120 690/845/1114
s 14
f 691/846/1133 692/815/1132 693/782/1074 694/781/1073
s 18
f 695/819/1136 696/802/1100 697/801/1099 698/758/1212 699/757/1137
s 20
f 700/847/1143 701/848/1123 702/830/1122 703/790/1213 704/789/1144
s 14
f 705/794/1089 706/793/1088 707/824/1135 708/849/1134
s 7
f 709/808/1111 710/767/1055 711/766/1054 712/809/1112
s off
f 713/786/1214 714/785/1215 715/831/1216
f 716/833/1217 717/734/1218 718/733/1219
s 18
f 719/834/1159 720/797/1093 721/796/1092
s 20
f 722/832/1152 723/829/1146 724/828/1145
s 18
f 725/835/1164 726/826/1139 727/825/1138
s 20
f 728/813/1116 729/812/1115 730/837/1171
s off
f 731/836/1220 732/755/1221 733/754/1222
f 734/838/1223 735/774/1224 736/773/1225
g default
v 32.428260 119.680176 34.695070
v 33.937293 119.055115 34.695070
v 33.937293 119.680176 36.204042
v 33.937293 121.189163 36.829103
v 32.428260 121.189163 36.204042
v 31.803260 121.189163 34.695070
v 38.292396 119.680176 34.695070
v 38.917396 121.189163 34.695070
v 38.292396 121.189163 36.204042
v 36.783362 121.189163 36.829103
v 36.783362 119.680176 36.204042
v 36.783362 119.055115 34.695070
v 32.428260 161.567535 34.695070
v 31.803260 160.058578 34.695070
v 32.428260 160.058578 36.204042
v 33.937293 160.058578 36.829103
v 33.937293 161.567535 36.204042
v 33.937293 162.192581 34.695070
v 38.292396 161.567535 34.695070
v 36.783362 162.192581 34.695070
v 36.783362 161.567535 36.204042
v 36.783362 160.058578 36.829103
v 38.292396 160.058578 36.204042
v 38.917396 160.058578 34.695070
v 32.428260 160.058578 -39.317930
v 31.803260 160.058578 -37.808958
v 32.428260 161.567535 -37.808958
v 33.937293 162.192581 -37.808958
v 33.937293 161.567535 -39.317930
v 33.937293 160.058578 -39.942991
v 38.292396 160.058578 -39.317930
v 36.783362 160.058578 -39.942991
v 36.783362 161.567535 -39.317930
v 36.783362 162.192581 -37.808958
v 38.292396 161.567535 -37.808958
v 38.917396 160.058578 -37.808958
v 32.428260 119.680176 -37.808958
v 31.803260 121.189163 -37.808958
v 32.428260 121.189163 -39.317930
v 33.937293 121.189163 -39.942991
v 33.937293 119.680176 -39.317930
v 33.937293 119.055115 -37.808958
v 38.292396 119.680176 -37.808958
v 36.783362 119.055115 -37.808958
v 36.783362 119.680176 -39.317930
v 36.783362 121.189163 -39.942991
v 38.292396 121.189163 -39.317930
v 38.917396 121.189163 -37.808958
v 32.705604 119.957512 35.926760
v 38.015052 119.957512 35.926760
v 32.705604 161.290207 35.926760
v 38.015052 161.290207 35.926760
v 32.705604 161.290207 -39.040648
v 38.015052 161.290207 -39.040648
v 32.705604 119.957512 -39.040648
v 38.015052 119.957512 -39.040648
v 41.494971 122.599182 31.044252
v 42.077247 122.898773 31.046633
v 42.118689 123.448799 31.508486
v 41.464637 123.096237 31.508486
v 43.640235 124.113686 31.035768
v 43.192664 123.993256 31.508486
v 43.295020 123.541199 31.035768
v 41.466712 154.764511 31.508486
v 42.118628 154.307068 31.508486
v 42.059424 154.910385 31.046144
v 41.521949 155.286224 31.043337
v 43.494483 153.587112 31.039675
v 43.162635 154.165878 31.033815
v 43.042212 153.711075 31.508486
v 41.521949 155.286224 27.620851
v 42.059058 154.910629 27.617433
v 42.120215 154.303253 27.155702
v 41.466712 154.764511 27.155702
v 43.042212 153.711075 27.155702
v 43.166480 154.163269 27.624513
v 43.494483 153.587112 27.624513
v 41.464637 123.096237 27.155702
v 42.117774 123.446831 27.155702
v 42.077613 122.898941 27.618105
v 41.494971 122.599182 27.619936
v 43.640235 124.109634 27.623537
v 43.295020 123.541199 27.628420
v 43.192664 123.993256 27.155702
v 41.474097 125.132233 31.508486
v 42.139441 125.570953 31.508486
v 42.247962 126.382530 31.508486
v 41.788367 126.168449 31.049562
v 41.447608 125.616196 31.049562
v 43.174476 126.116638 31.508486
v 43.640235 126.393127 31.046083
v 43.640235 127.049286 31.042909
v 43.181861 126.852127 31.508486
v 41.474647 151.851318 27.155702
v 42.140113 151.427887 27.155702
v 42.244422 150.753754 27.155702
v 41.788367 150.710602 27.616213
v 41.492713 151.290314 27.615541
v 43.640235 150.748703 27.618593
v 43.177344 150.748840 27.155702
v 43.157569 151.403488 27.155702
v 43.621314 151.403091 27.618593
v 41.492713 151.290314 31.048647
v 41.788367 150.712524 31.050417
v 42.230323 150.763702 31.508486
v 42.139686 151.427429 31.508486
v 41.474647 151.851318 31.508486
v 41.447608 125.616196 27.614565
v 41.788367 126.165092 27.610536
v 42.232886 126.362991 27.155702
v 42.139441 125.570953 27.155702
v 41.474097 125.132233 27.155702
v 43.640235 126.393494 27.617555
v 43.173133 126.114944 27.155702
v 43.181861 126.852127 27.155702
v 43.640235 127.049286 27.621279
v 43.640235 150.748703 31.045534
v 43.621314 151.403091 31.045534
v 43.157569 151.403488 31.508486
v 43.177344 150.748840 31.508486
v 39.142249 121.968246 27.155702
v 39.195960 121.445755 27.608400
v 38.651160 121.781952 27.608400
v 38.651160 121.781952 31.055788
v 39.183631 121.439575 31.065981
v 39.142249 121.968246 31.508486
v 38.651160 123.820686 31.036013
v 39.099158 123.936768 31.508486
v 39.001990 124.389252 31.036013
v 38.651160 123.824638 27.623354
v 39.001990 124.389252 27.628115
v 39.099158 123.936768 27.155702
v 38.833472 153.588348 31.039797
v 39.138465 152.995316 31.034059
v 39.278235 153.443314 31.508486
v 39.278235 153.443314 27.155702
v 39.134803 152.998032 27.624391
v 38.833472 153.588348 27.624391
v 38.833472 156.564087 31.078127
v 39.339210 156.242630 31.508486
v 39.375464 156.840759 31.078127
v 38.833472 156.538742 27.602297
v 39.375464 156.840759 27.586000
v 39.339210 156.242630 27.155702
vt 0.449992 0.993051
vt 0.449992 0.012367
vt 0.550007 0.993051
vt 0.631949 0.012368
vt 0.449992 0.237632
vt 0.550007 0.237632
vt 0.631949 0.237632
vt 0.131949 0.012368
vt 0.449992 0.493051
vt 0.550007 0.493051
vt 0.868051 0.237632
vt 0.868051 0.012368
vt 0.550007 0.756949
vt 0.449992 0.737632
vt 0.550007 0.737632
vt 0.550008 0.012367
vt 0.449993 0.256949
vt 0.550007 0.256949
vt 0.449993 0.512367
vt 0.550008 0.512367
vt 0.449993 0.756949
vt 0.368051 0.012368
vt 0.368051 0.237632
vt 0.131949 0.237632
vt 0.375000 0.995696
vt 0.370696 0.000000
vt 0.434498 0.000000
vt 0.434498 1.000000
vt 0.407488 0.012180
vt 0.629304 0.000000
vt 0.625000 0.995696
vt 0.592512 0.012180
vt 0.565502 1.000000
vt 0.565502 0.000000
vt 0.370696 0.250000
vt 0.375000 0.254304
vt 0.407488 0.237820
vt 0.443804 0.248166
vt 0.625000 0.254304
vt 0.629304 0.250000
vt 0.556196 0.248166
vt 0.592512 0.237820
vt 0.125000 0.242205
vt 0.375000 0.507795
vt 0.375000 0.495696
vt 0.129304 0.250000
vt 0.443804 0.501834
vt 0.625000 0.507795
vt 0.875000 0.242205
vt 0.556196 0.501834
vt 0.870696 0.250000
vt 0.625000 0.495696
vt 0.129304 0.000000
vt 0.375000 0.754304
vt 0.375000 0.742205
vt 0.125000 0.007795
vt 0.443804 0.748166
vt 0.625000 0.754304
vt 0.870696 0.000000
vt 0.556196 0.748166
vt 0.875000 0.007795
vt 0.625000 0.742205
vt 0.375000 1.000000
vt 0.375000 0.000000
vt 0.625000 0.000000
vt 0.625000 1.000000
vt 0.375000 0.250000
vt 0.625000 0.250000
vt 0.125000 0.250000
vt 0.375000 0.500000
vt 0.625000 0.500000
vt 0.875000 0.250000
vt 0.125000 0.000000
vt 0.375000 0.750000
vt 0.625000 0.750000
vt 0.875000 0.000000
vt 0.348337 0.000000
vt 0.375000 0.005174
vt 0.375000 0.005549
vt 0.349587 0.000000
vt 0.413996 0.973473
vt 0.396104 0.978896
vt 0.375000 0.773050
vt 0.414041 0.776557
vt 0.419593 0.005334
vt 0.413996 0.000000
vt 0.578392 -0.000000
vt 0.564577 0.005111
vt 0.422391 0.026683
vt 0.375000 0.025689
vt 0.625000 0.975022
vt 0.578392 0.972850
vt 0.578392 0.777150
vt 0.625000 0.794555
vt 0.652150 0.004000
vt 0.651558 0.027361
vt 0.562118 0.026932
vt 0.375000 0.245659
vt 0.348284 0.250000
vt 0.350284 0.250000
vt 0.375000 0.245174
vt 0.424001 0.245646
vt 0.375000 0.223188
vt 0.425173 0.222740
vt 0.415217 0.276553
vt 0.561065 0.245857
vt 0.578932 0.277263
vt 0.375000 0.272996
vt 0.415165 0.473482
vt 0.396059 0.478941
vt 0.651926 0.246020
vt 0.562401 0.222482
vt 0.651588 0.222477
vt 0.602895 0.272105
vt 0.625000 0.475751
vt 0.579504 0.473075
vt 0.151716 0.250000
vt 0.125000 0.245659
vt 0.125000 0.245174
vt 0.149715 0.250000
vt 0.424237 0.504375
vt 0.561065 0.504143
vt 0.375000 0.503542
vt 0.425235 0.527256
vt 0.375000 0.522501
vt 0.625000 0.503980
vt 0.625000 0.527523
vt 0.562401 0.527519
vt 0.125000 0.005174
vt 0.151663 0.000000
vt 0.151000 0.000000
vt 0.125000 0.005549
vt 0.419468 0.744681
vt 0.375000 0.745524
vt 0.375000 0.727968
vt 0.422391 0.723317
vt 0.564577 0.744889
vt 0.625000 0.746041
vt 0.561940 0.723079
vt 0.625000 0.722635
vt 0.348644 0.030712
vt 0.347866 0.030712
vt 0.375000 0.025649
vt 0.437043 0.033418
vt 0.563118 0.033410
vt 0.348645 0.033550
vt 0.434659 0.216538
vt 0.348692 0.216246
vt 0.151124 0.033525
vt 0.151356 0.030712
vt 0.651739 0.033256
vt 0.848472 0.027365
vt 0.848262 0.033256
vt 0.651588 0.216422
vt 0.562506 0.216423
vt 0.125000 0.223188
vt 0.151412 0.218953
vt 0.151918 0.218953
vt 0.125000 0.223198
vt 0.436559 0.533539
vt 0.562506 0.533577
vt 0.151448 0.216232
vt 0.125000 0.216553
vt 0.125000 0.034998
vt 0.348588 0.218953
vt 0.848412 0.216422
vt 0.848412 0.222477
vt 0.625000 0.533578
vt 0.625000 0.716744
vt 0.563114 0.716587
vt 0.375000 0.223198
vt 0.347752 0.218953
vt 0.125000 0.025689
vt 0.125000 0.025649
vt 0.152134 0.030712
vt 0.435003 0.716669
vt 0.151000 0.006156
vt 0.151861 0.026787
vt 0.349000 0.006156
vt 0.347866 0.026747
vt 0.348082 0.221829
vt 0.350284 0.244827
vt 0.151918 0.221829
vt 0.150652 0.244632
vt 0.848131 0.003959
vt 0.848075 0.246020
vt 0.375000 0.250000
vt 0.375000 0.500000
vt 0.375000 0.749934
vt 0.375000 0.531047
vt 0.390144 0.529166
vt 0.622696 0.531047
vt 0.375000 0.719288
vt 0.402996 0.719288
vt 0.625000 0.719288
vn -0.141338 -0.989934 0.007372
vn -0.382095 -0.924108 0.005242
vn -0.382095 -0.924108 -0.005242
vn -0.141338 -0.989934 -0.007372
vn -0.924114 -0.382080 0.005242
vn -0.999847 -0.015371 0.008336
vn -0.999847 -0.015371 -0.008336
vn -0.924114 -0.382080 -0.005242
vn -0.140727 -0.013534 0.989956
vn -0.096825 -0.370059 0.923949
vn 0.096817 -0.370059 0.923950
vn 0.140727 -0.013534 0.989956
vn -0.096831 -0.923946 0.370064
vn 0.141338 -0.989934 0.007372
vn 0.096832 -0.923947 0.370061
vn -0.924289 -0.009650 0.381573
vn -0.924289 0.009651 0.381573
vn -0.999847 0.015371 0.008336
vn -0.381603 -0.009650 0.924276
vn -0.140727 0.013534 0.989956
vn -0.381602 0.009650 0.924276
vn 0.999847 -0.015371 0.008336
vn 0.924114 -0.382080 0.005242
vn 0.924114 -0.382081 -0.005242
vn 0.999847 -0.015371 -0.008336
vn 0.382095 -0.924108 0.005242
vn 0.141338 -0.989934 -0.007372
vn 0.382095 -0.924108 -0.005242
vn 0.381602 -0.009650 0.924276
vn 0.381602 0.009650 0.924276
vn 0.140727 0.013534 0.989956
vn 0.924289 -0.009650 0.381572
vn 0.999847 0.015371 0.008336
vn 0.924289 0.009651 0.381572
vn -0.924111 0.382087 0.005242
vn -0.924112 0.382087 -0.005242
vn -0.999847 0.015371 -0.008336
vn -0.382087 0.924111 0.005242
vn -0.141334 0.989934 0.007372
vn -0.141334 0.989934 -0.007372
vn -0.382087 0.924112 -0.005242
vn -0.096831 0.923947 0.370062
vn 0.096829 0.923949 0.370058
vn 0.141334 0.989934 0.007372
vn -0.096819 0.370066 0.923947
vn 0.096822 0.370066 0.923946
vn 0.382087 0.924112 0.005242
vn 0.382087 0.924111 -0.005242
vn 0.141334 0.989935 -0.007372
vn 0.924112 0.382087 0.005242
vn 0.999847 0.015371 -0.008336
vn 0.924112 0.382087 -0.005242
vn -0.924293 0.009650 -0.381561
vn -0.924293 -0.009650 -0.381562
vn -0.381577 0.009650 -0.924287
vn -0.140716 0.013534 -0.989958
vn -0.140716 -0.013534 -0.989958
vn -0.381577 -0.009650 -0.924287
vn -0.096829 0.370065 -0.923946
vn 0.096827 0.370065 -0.923946
vn 0.140716 0.013534 -0.989958
vn -0.096828 0.923948 -0.370061
vn 0.096830 0.923948 -0.370059
vn 0.381577 0.009650 -0.924287
vn 0.381577 -0.009650 -0.924287
vn 0.140716 -0.013534 -0.989958
vn 0.924293 0.009650 -0.381562
vn 0.924293 -0.009651 -0.381562
vn -0.096831 -0.923946 -0.370064
vn 0.096828 -0.923948 -0.370061
vn -0.096825 -0.370059 -0.923949
vn 0.096827 -0.370059 -0.923949
vn -0.887929 -0.325246 0.325264
vn -0.325280 -0.887912 0.325276
vn -0.325267 -0.325260 0.887923
vn 0.325274 -0.887918 0.325267
vn 0.887930 -0.325248 0.325259
vn 0.325241 -0.325263 0.887932
vn -0.325277 0.887910 0.325285
vn -0.887925 0.325260 0.325262
vn -0.325246 0.325267 0.887928
vn 0.887926 0.325267 0.325254
vn 0.325265 0.887919 0.325272
vn 0.325258 0.325265 0.887924
vn -0.325278 0.325263 -0.887918
vn -0.887938 0.325239 -0.325248
vn -0.325273 0.887913 -0.325281
vn 0.887933 0.325249 -0.325251
vn 0.325272 0.325264 -0.887920
vn 0.325267 0.887918 -0.325274
vn -0.325278 -0.887912 -0.325278
vn -0.887930 -0.325248 -0.325259
vn -0.325267 -0.325260 -0.887923
vn 0.887929 -0.325257 -0.325253
vn 0.325265 -0.887920 -0.325269
vn 0.325273 -0.325259 -0.887921
vn 0.311705 -0.619369 0.720571
vn 0.314409 -0.620607 0.718327
vn 0.308391 -0.617843 0.723301
vn 0.308391 -0.617843 0.723301
vn 0.463668 -0.886009 0.000004
vn 0.450259 -0.892898 0.000001
vn 0.450262 -0.892896 0.000001
vn 0.463668 -0.886009 0.000004
vn 0.330695 -0.631492 0.701327
vn 0.330363 -0.630207 0.702637
vn 0.379837 -0.614954 0.691054
vn 0.620799 -0.262233 0.738811
vn -0.000012 0.000000 1.000000
vn -0.000023 0.000000 1.000000
vn 0.000020 0.000000 1.000000
vn -0.000032 0.000000 1.000000
vn 0.855563 -0.517698 0.000307
vn 0.855563 -0.517698 0.000307
vn 0.855564 -0.517698 0.000307
vn 0.855563 -0.517698 0.000307
vn 0.719600 -0.030209 0.693732
vn 0.713073 0.000105 0.701090
vn 0.714199 0.000775 0.699942
vn 0.400778 0.561894 0.723638
vn 0.399469 0.557098 0.728057
vn 0.398289 0.552809 0.731962
vn 0.398289 0.552809 0.731962
vn 0.000000 0.000000 1.000000
vn 0.000017 0.000000 1.000000
vn 0.000012 0.000000 1.000000
vn 0.000010 0.000000 1.000000
vn 0.402431 0.588073 0.701584
vn 0.399779 0.592262 0.699574
vn 0.639413 0.258782 0.724004
vn 0.439225 0.577278 0.688355
vn 0.583913 0.811816 0.000000
vn 0.563931 0.825822 0.000000
vn 0.563923 0.825827 0.000000
vn 0.583911 0.811817 0.000000
vn 0.718343 0.066415 0.692512
vn 0.713359 0.035387 0.699905
vn 0.713247 0.035140 0.700031
vn 0.677591 0.735439 0.000102
vn 0.986726 0.162395 0.000071
vn 0.986651 0.162849 0.000071
vn 0.677607 0.735424 0.000102
vn 0.399403 0.556933 -0.728219
vn 0.400760 0.561560 -0.723908
vn 0.398182 0.552803 -0.732025
vn 0.398182 0.552803 -0.732025
vn 0.396772 0.590426 -0.702830
vn 0.400782 0.586494 -0.703845
vn 0.436147 0.574648 -0.692500
vn 0.637852 0.257816 -0.725725
vn -0.000015 0.000000 -1.000000
vn -0.000081 0.000000 -1.000000
vn -0.000043 0.000000 -1.000000
vn -0.000053 0.000000 -1.000000
vn 0.718262 0.065478 -0.692685
vn 0.713249 0.035149 -0.700029
vn 0.713360 0.035395 -0.699903
vn 0.314610 -0.623643 -0.715605
vn 0.311972 -0.622830 -0.717465
vn 0.308746 -0.621828 -0.719726
vn 0.308746 -0.621828 -0.719726
vn 0.000000 0.000000 -1.000000
vn 0.000011 0.000000 -1.000000
vn 0.000008 0.000000 -1.000000
vn -0.000009 0.000000 -1.000000
vn 0.330643 -0.630828 -0.701948
vn 0.331156 -0.632076 -0.700583
vn 0.619034 -0.261611 -0.740512
vn 0.379105 -0.615960 -0.690560
vn 0.716739 -0.029817 -0.696704
vn 0.711749 0.001454 -0.702432
vn 0.710999 0.000552 -0.703193
vn -0.381970 0.590131 0.711228
vn -0.435575 0.531653 0.726374
vn -0.351246 0.635554 0.687530
vn -0.536277 0.393342 0.746786
vn 0.000000 0.000000 1.000000
vn 0.000034 0.000000 1.000000
vn 0.000000 0.000000 1.000000
vn -0.705722 0.026737 0.707984
vn -0.710491 0.009469 0.703643
vn -0.707787 -0.015591 0.706254
vn -0.707501 -0.016404 0.706522
vn -0.850326 0.526256 -0.000257
vn -0.850326 0.526256 -0.000257
vn -0.850326 0.526256 -0.000257
vn -0.850326 0.526256 -0.000257
vn 1.000000 -0.000000 0.000000
vn 1.000000 -0.000032 0.000000
vn 1.000000 -0.000032 0.000000
vn 1.000000 -0.000000 0.000000
vn 0.709849 -0.000063 0.704354
vn 0.709864 -0.000015 0.704339
vn 0.709799 0.000580 0.704405
vn 0.709796 0.000595 0.704407
vn -0.448028 -0.545364 -0.708413
vn -0.483373 -0.478225 -0.733247
vn -0.444409 -0.574708 -0.687176
vn -0.600972 -0.300103 -0.740791
vn -0.000002 0.000000 -1.000000
vn -0.000013 0.000000 -1.000000
vn -0.000002 0.000000 -1.000000
vn -0.707072 -0.016451 -0.706950
vn -0.707594 -0.014979 -0.706460
vn -0.710266 0.010102 -0.703861
vn -0.705802 0.026269 -0.707922
vn -0.653067 -0.757300 0.000021
vn -0.999931 -0.011752 0.000003
vn -0.999931 -0.011742 0.000003
vn -0.653262 -0.757132 0.000021
vn 1.000000 0.000778 0.000000
vn 0.998686 0.051243 0.000000
vn 0.998686 0.051243 0.000000
vn 1.000000 0.000778 0.000000
vn 0.709736 0.000595 -0.704468
vn 0.709738 0.000580 -0.704466
vn 0.709789 -0.000023 -0.704415
vn 0.709759 -0.000078 -0.704445
vn -0.484997 -0.479669 0.731229
vn -0.449709 -0.546963 0.706111
vn -0.598362 -0.302448 0.741949
vn -0.445953 -0.576519 0.684655
vn 0.000002 0.000000 1.000000
vn 0.000002 0.000000 1.000000
vn 0.000017 0.000000 1.000000
vn -0.434547 0.532719 -0.726209
vn -0.381277 0.590725 -0.711106
vn -0.535125 0.392821 -0.747886
vn -0.350481 0.635796 -0.687696
vn -0.000005 0.000000 -1.000000
vn -0.000001 0.000000 -1.000000
vn -0.000032 0.000000 -1.000000
vn -0.699163 -0.004849 -0.714946
vn -0.699163 -0.004849 -0.714946
vn -0.704842 0.030710 -0.708699
vn -0.532930 -0.846157 -0.001711
vn -0.532930 -0.846157 -0.001711
vn -0.532930 -0.846157 -0.001711
vn -0.532930 -0.846157 -0.001711
vn -0.701148 -0.004013 0.713004
vn -0.701148 -0.004013 0.713004
vn -0.706986 0.031026 0.706546
vn -0.850189 0.526478 0.000307
vn -0.850189 0.526478 0.000307
vn -0.850189 0.526478 0.000307
vn -0.850189 0.526478 0.000307
vn -0.692034 -0.019175 0.721610
vn -0.686612 0.002408 0.727020
vn -0.686612 0.002408 0.727020
vn -0.653749 -0.756711 0.000054
vn -0.996521 -0.083348 0.000054
vn -0.996469 -0.083966 0.000055
vn -0.653696 -0.756757 0.000054
vn -0.697494 -0.016285 -0.716405
vn -0.692534 0.004570 -0.721371
vn -0.692534 0.004570 -0.721371
vn -0.470956 0.882151 -0.003208
vn -0.470956 0.882151 -0.003208
vn -0.470956 0.882151 -0.003208
vn -0.470957 0.882151 -0.003208
vn 0.000055 0.000000 1.000000
vn 0.000000 0.000000 -1.000000
vn 0.466621 -0.884457 0.000005
vn 0.466621 -0.884457 0.000005
vn 1.000000 -0.000010 0.000000
vn 1.000000 -0.000010 0.000000
vn -1.000000 0.000022 0.000000
vn -1.000000 0.000022 0.000000
vn -1.000000 0.000022 0.000000
vn -1.000000 0.000022 0.000000
vn -1.000000 -0.000009 0.000000
vn -1.000000 -0.000009 0.000000
vn 0.000000 0.000000 -1.000000
vn 0.000000 0.000000 1.000000
vn -1.000000 0.000000 0.000000
vn -1.000000 0.000000 0.000000
vn 0.448434 -0.893816 0.000000
vn 0.448435 -0.893816 0.000000
vn 0.000000 0.000000 1.000000
vn 0.000000 0.000000 1.000000
vn -0.448426 0.893820 0.000000
vn -0.448426 0.893820 0.000000
vn -0.448426 0.893820 0.000000
vn -0.448426 0.893820 0.000000
vn 0.000013 0.000000 -1.000000
vn 0.000013 0.000000 -1.000000
vn 0.000020 0.000000 1.000000
vn 0.000020 0.000000 1.000000
vn 0.586555 0.809909 0.000000
vn 0.586555 0.809909 0.000000
vn 0.000000 0.000000 -1.000000
vn 0.000000 0.000000 -1.000000
vn -0.568849 0.351821 0.743393
vn -0.541343 -0.344039 -0.767193
vn -0.543674 -0.342752 0.766119
vn -0.569398 0.350839 -0.743437
vn -0.386411 -0.626349 -0.677033
vn -0.386411 -0.626349 -0.677033
vn -0.386411 -0.626349 -0.677033
vn -0.402625 -0.605818 0.686206
vn -0.402625 -0.605818 0.686206
vn -0.402625 -0.605818 0.686206
vn -0.291135 0.570332 0.768090
vn -0.291135 0.570332 0.768090
vn -0.291135 0.570332 0.768090
vn -0.336503 0.563314 -0.754614
vn -0.336503 0.563314 -0.754614
vn -0.336503 0.563314 -0.754614
s 1
g fridgedoortop2
usemtl initialShadingGroup
f 738/850/1226 737/874/1227 773/903/1228 778/870/1229
s 2
f 737/875/1230 742/871/1231 774/857/1232 773/902/1233
s 3
f 740/851/1234 739/876/1235 747/883/1236 746/865/1237
s 1
f 739/877/1238 738/850/1226 748/852/1239 747/882/1240
s 2
f 742/871/1231 741/878/1241 751/886/1242 750/872/1243
s 3
f 741/878/1244 740/851/1234 752/854/1245 751/886/1246
s 4
f 744/853/1247 743/879/1248 779/908/1249 784/861/1250
s 1
f 743/880/1251 748/852/1239 780/862/1252 779/907/1253
s 3
f 746/865/1237 745/881/1254 759/891/1255 758/855/1256
s 4
f 745/881/1257 744/853/1247 760/856/1258 759/891/1259
s 2
f 750/872/1243 749/884/1260 763/895/1261 762/873/1262
s 5
f 749/885/1263 754/866/1264 764/858/1265 763/894/1266
f 754/866/1264 753/887/1267 757/890/1268 756/867/1269
s 3
f 753/887/1270 752/854/1245 758/855/1256 757/890/1271
s 5
f 756/867/1269 755/888/1272 771/901/1273 770/859/1274
s 4
f 755/889/1275 760/856/1258 772/860/1276 771/900/1277
s 2
f 762/873/1262 761/892/1278 775/905/1279 774/857/1232
s 6
f 761/893/1280 766/868/1281 776/863/1282 775/904/1283
f 766/868/1281 765/896/1284 769/899/1285 768/869/1286
s 5
f 765/896/1287 764/858/1265 770/859/1274 769/899/1288
s 6
f 768/869/1286 767/897/1289 783/911/1290 782/864/1291
s 4
f 767/898/1292 772/860/1276 784/861/1250 783/910/1293
s 1
f 778/870/1229 777/906/1294 781/909/1295 780/862/1252
s 6
f 777/906/1296 776/863/1282 782/864/1291 781/909/1297
s 3
f 740/851/1234 746/865/1237 758/855/1256 752/854/1245
s 5
f 754/866/1264 756/867/1269 770/859/1274 764/858/1265
s 6
f 766/868/1281 768/869/1286 782/864/1291 776/863/1282
s 1
f 778/870/1229 780/862/1252 748/852/1239 738/850/1226
s 4
f 744/853/1247 784/861/1250 772/860/1276 760/856/1258
s 2
f 774/857/1232 742/871/1231 750/872/1243 762/873/1262
f 741/878/1241 742/871/1231 737/875/1230 785/913/1298
s 1
f 737/874/1227 738/850/1226 739/877/1238 785/912/1299
s 3
f 739/876/1235 740/851/1234 741/878/1244 785/913/1300
s 1
f 747/882/1240 748/852/1239 743/880/1251 786/915/1301
s 4
f 743/879/1248 744/853/1247 745/881/1257 786/914/1302
s 3
f 745/881/1254 746/865/1237 747/883/1236 786/914/1303
s 5
f 753/887/1267 754/866/1264 749/885/1263 787/916/1304
s 2
f 749/884/1260 750/872/1243 751/886/1242 787/916/1305
s 3
f 751/886/1246 752/854/1245 753/887/1270 787/916/1306
s 4
f 759/891/1259 760/856/1258 755/889/1275 788/917/1307
s 5
f 755/888/1272 756/867/1269 757/890/1268 788/917/1308
s 3
f 757/890/1271 758/855/1256 759/891/1255 788/917/1309
s 6
f 765/896/1284 766/868/1281 761/893/1280 789/919/1310
s 2
f 761/892/1278 762/873/1262 763/895/1261 789/918/1311
s 5
f 763/894/1266 764/858/1265 765/896/1287 789/919/1312
s 4
f 771/900/1277 772/860/1276 767/898/1292 790/921/1313
s 6
f 767/897/1289 768/869/1286 769/899/1285 790/920/1314
s 5
f 769/899/1288 770/859/1274 771/901/1273 790/920/1315
s 1
f 777/906/1294 778/870/1229 773/903/1228 791/923/1316
s 2
f 773/902/1233 774/857/1232 775/905/1279 791/922/1317
s 6
f 775/904/1283 776/863/1282 777/906/1296 791/923/1318
s 4
f 783/910/1293 784/861/1250 779/908/1249 792/925/1319
s 1
f 779/907/1253 780/862/1252 781/909/1295 792/924/1320
s 6
f 781/909/1297 782/864/1291 783/911/1290 792/924/1321
s 7
f 793/926/1322 796/927/1323 862/928/1324 861/929/1325
s 8
f 794/930/1326 793/931/1327 817/932/1328 816/933/1329
s 7
f 795/934/1330 794/935/1331 799/936/1332 798/937/1333
s 9
f 796/927/1334 795/934/1335 822/938/1336 821/939/1337
s off
f 797/940/1338 799/941/1339 819/942/1340 818/943/1341
s 7
f 798/937/1333 797/944/1342 827/945/1343 826/946/1344
f 800/947/1345 803/948/1346 877/949/1347 876/950/1348
s 9
f 801/951/1349 800/947/1350 843/952/1351 842/953/1352
s 7
f 802/954/1353 801/951/1354 806/955/1355 805/956/1356
s 12
f 803/957/1357 802/954/1358 808/958/1359 807/959/1360
s 7
f 804/960/1361 806/955/1355 855/961/1362 854/962/1363
s 12
f 805/956/1364 804/963/1365 813/964/1366 812/965/1367
s 14
f 807/966/1368 810/967/1369 880/968/1370 879/969/1371
f 809/970/1372 808/958/1373 812/965/1374 811/971/1375
s 15
f 810/972/1376 809/970/1377 831/973/1378 830/974/1379
s 14
f 811/971/1375 813/975/1380 838/976/1381 837/977/1382
f 814/978/1383 817/979/1384 858/980/1385 857/981/1386
s 15
f 815/982/1387 814/983/1388 848/984/1389 847/985/1390
s 14
f 816/933/1391 815/982/1392 820/986/1393 819/942/1394
f 818/987/1395 820/986/1393 850/988/1396 849/989/1397
s 18
f 821/939/1398 825/990/1399 865/991/1400 864/992/1401
s 9
f 823/993/1402 822/938/1336 826/946/1403 829/994/1404
s 18
f 824/995/1405 823/993/1406 841/996/1407 840/997/1408
s off
f 825/990/1409 824/995/1410 845/998/1411 844/999/1412
s 12
f 828/1000/1413 827/945/1414 849/1001/1415 852/1002/1416
s 7
f 829/994/1417 828/1000/1418 853/1003/1419 856/1004/1420
s 20
f 830/1005/1421 834/1006/1422 873/1007/1423 872/1008/1424
s 15
f 832/1009/1425 831/973/1378 837/977/1426 836/1010/1427
s 20
f 833/1011/1428 832/1012/1429 846/1013/1430 845/998/1431
s 21
f 834/1006/1432 833/1011/1433 840/997/1434 839/1014/1435
s 12
f 835/1015/1436 838/1016/1437 854/962/1438 853/1003/1439
s 14
f 836/1010/1440 835/1017/1441 852/1018/1442 851/1019/1443
s 18
f 839/1014/1444 843/952/1445 871/1020/1446 870/1021/1447
s 9
f 842/953/1352 841/996/1448 856/1004/1449 855/961/1450
s 20
f 844/999/1451 848/1022/1452 868/1023/1453 867/1024/1454
s 15
f 847/985/1390 846/1025/1455 851/1019/1456 850/988/1457
s 20
f 857/981/1458 859/1026/1459 866/1027/1460 868/1023/1453
s off
f 859/1026/1461 858/980/1462 861/929/1463 860/1028/1464
s 18
f 860/1028/1465 862/928/1466 864/992/1401 863/1029/1467
s off
f 863/1029/1468 865/991/1469 867/1024/1470 866/1027/1471
s 18
f 869/1030/1472 871/1020/1446 876/950/1473 875/1031/1474
s 21
f 870/1021/1475 869/1030/1476 874/1032/1477 873/1007/1478
s 20
f 872/1008/1424 874/1032/1479 878/1033/1480 880/968/1481
s off
f 875/1031/1482 877/949/1483 879/969/1484 878/1033/1485
s 9
f 795/934/1335 798/937/1486 826/946/1403 822/938/1336
s 12
f 802/954/1358 805/956/1364 812/965/1367 808/958/1359
s 15
f 847/985/1390 850/988/1457 820/986/1487 815/982/1387
s 8
f 816/933/1329 819/942/1488 799/941/1489 794/930/1326
s 12
f 797/944/1490 818/1034/1491 849/1001/1415 827/945/1414
s off
f 859/1026/1492 860/1028/1493 863/1029/1494 866/1027/1495
s 21
f 874/1032/1477 869/1030/1476 875/1031/1496 878/1033/1497
s 15
f 809/970/1377 811/971/1498 837/977/1426 831/973/1378
s 12
f 854/962/1438 838/1016/1437 813/1035/1366 804/960/1365
s 9
f 842/953/1352 855/961/1450 806/955/1499 801/951/1349
s 21
f 845/998/1500 824/995/1501 840/997/1434 833/1011/1433
s 15
f 832/1009/1425 836/1010/1427 851/1019/1456 846/1025/1455
s 12
f 828/1000/1413 852/1002/1416 835/1015/1436 853/1003/1439
s 9
f 823/993/1402 829/994/1404 856/1004/1449 841/996/1448
s 8
f 817/979/1328 793/926/1327 861/929/1502 858/980/1503
s 9
f 796/927/1334 821/939/1337 864/992/1504 862/928/1505
s off
f 825/990/1506 844/999/1507 867/1024/1508 865/991/1509
s 15
f 848/1022/1389 814/978/1388 857/981/1510 868/1023/1511
s 21
f 834/1006/1432 839/1014/1435 870/1021/1475 873/1007/1478
s 9
f 843/952/1351 800/947/1350 876/950/1512 871/1020/1513
s 12
f 803/948/1357 807/966/1360 879/969/1514 877/949/1515
s 15
f 810/967/1376 830/1005/1379 872/1008/1516 880/968/1517
s 7
f 793/926/1322 794/935/1331 795/934/1330 796/927/1323
f 797/944/1342 798/937/1333 799/936/1332
f 800/1036/1345 801/951/1354 802/954/1353 803/957/1346
f 804/963/1361 805/956/1356 806/955/1355
s 14
f 807/959/1368 808/958/1373 809/970/1372 810/1037/1369
f 811/971/1375 812/965/1374 813/964/1380
f 814/983/1383 815/982/1392 816/933/1391 817/1038/1384
f 818/987/1395 819/942/1394 820/986/1393
s 18
f 821/939/1398 822/938/1518 823/993/1406 824/995/1405 825/990/1399
s 7
f 826/946/1344 827/945/1343 828/1000/1418 829/994/1417
s 20
f 830/974/1421 831/973/1519 832/1009/1429 833/1039/1428 834/1040/1422
s 14
f 835/1041/1441 836/1010/1440 837/977/1382 838/976/1381
s 18
f 839/1014/1444 840/997/1408 841/996/1407 842/953/1520 843/952/1445
s 20
f 844/1042/1451 845/1043/1431 846/1025/1430 847/985/1521 848/984/1452
s 14
f 849/989/1397 850/988/1396 851/1019/1443 852/1044/1442
s 7
f 853/1003/1419 854/962/1363 855/961/1362 856/1004/1420
s off
f 857/981/1522 858/980/1523 859/1026/1524
f 860/1028/1525 861/929/1526 862/928/1527
s 18
f 863/1029/1467 864/992/1401 865/991/1400
s 20
f 866/1027/1460 867/1024/1454 868/1023/1453
s 18
f 869/1030/1472 870/1021/1447 871/1020/1446
s 20
f 872/1008/1424 873/1007/1423 874/1032/1479
s off
f 875/1031/1528 876/950/1529 877/949/1530
f 878/1033/1531 879/969/1532 880/968/1533
