# This file uses meters as units for non-parametric coordinates.

mtllib kitchen_counter.mtl
g default
v -40.250182 0.832394 39.002530
v -39.957884 0.394939 39.002530
v -39.520445 0.102642 39.002530
v -39.004454 0.000000 39.002530
v -39.004454 0.102642 39.599210
v -39.004454 0.394939 40.105008
v -39.004454 0.832394 40.442990
v -39.004454 1.348404 40.561673
v -39.520445 1.348404 40.442990
v -39.957884 1.348404 40.105008
v -40.250182 1.348404 39.599210
v -40.352843 1.348404 39.002530
v -36.504759 1.348404 40.561673
v -36.981505 1.348404 40.561673
v -37.458250 1.348404 40.561673
v -37.934935 1.348404 40.561673
v -37.934813 0.832394 40.442990
v -37.934752 0.394939 40.105008
v -37.934813 0.102642 39.599210
v -37.934935 0.000000 39.002530
v -37.458250 0.000000 39.002530
v -36.981505 0.000000 39.002530
v -36.504759 0.000000 39.002530
v -36.028014 0.000000 39.002530
v -36.028075 0.102642 39.599210
v -36.028075 0.394939 40.105008
v -36.028075 0.832394 40.442990
v -36.028014 1.348404 40.561673
v -39.520201 90.962570 40.443204
v -39.957579 90.965782 40.105283
v -40.249998 90.962570 39.599363
v -40.352843 90.953484 39.002530
v -40.352843 90.476746 39.002530
v -40.352843 90.000008 39.002530
v -40.352843 89.523277 39.002530
v -40.352843 89.046539 39.002530
v -40.249632 89.061478 39.599668
v -39.957091 89.066727 40.105741
v -39.519774 89.061478 40.443570
v -39.004454 89.046539 40.561673
v -39.004454 89.523277 40.561673
v -39.004454 90.000008 40.561673
v -39.004454 90.476746 40.561673
v -39.004454 90.953484 40.561673
v -37.072203 91.221497 39.627530
v -37.353148 91.108940 40.129514
v -37.779967 91.003448 40.458219
v -38.285094 90.921768 40.561673
v -38.215575 90.434906 40.561673
v -38.146117 89.948036 40.561673
v -38.076659 89.461166 40.561673
v -38.007201 88.974304 40.561673
v -37.509215 88.901535 40.561673
v -37.016234 88.788605 40.561673
v -36.521178 88.684669 40.561673
v -36.019163 88.639099 40.561673
v -35.935667 89.165405 40.453336
v -35.837523 89.609818 40.123532
v -35.739928 89.903259 39.623624
v -35.658079 90.000008 39.031461
v -36.164549 90.100754 39.033109
v -36.593871 90.387627 39.033689
v -36.880736 90.816978 39.033109
v -36.981505 91.323410 39.031461
v -40.249998 90.962570 -39.415469
v -39.957579 90.965782 -39.921389
v -39.520201 90.962570 -40.259311
v -39.004454 90.953484 -40.377780
v -39.004454 90.476746 -40.377780
v -39.004454 90.000008 -40.377780
v -39.004454 89.523277 -40.377780
v -39.004454 89.046539 -40.377780
v -39.519774 89.061478 -40.259677
v -39.957091 89.066727 -39.921847
v -40.249632 89.061478 -39.415774
v -40.352843 89.046539 -38.818637
v -40.352843 89.523277 -38.818637
v -40.352843 90.000008 -38.818637
v -40.352843 90.476746 -38.818637
v -40.352843 90.953484 -38.818637
v -37.779967 91.003448 -40.274325
v -37.353148 91.108940 -39.945620
v -37.072203 91.221497 -39.443637
v -36.981505 91.323410 -38.847567
v -36.882689 90.816925 -38.855960
v -36.601195 90.387573 -38.864413
v -36.179991 90.100708 -38.871615
v -35.683104 90.000008 -38.876468
v -35.769347 89.908508 -39.458285
v -35.871458 89.627731 -39.949191
v -35.973570 89.201523 -40.272525
v -36.059752 88.696426 -40.377780
v -36.550230 88.733421 -40.377780
v -37.035948 88.817879 -40.377780
v -37.519957 88.911026 -40.377780
v -38.007201 88.974304 -40.377780
v -38.076659 89.461166 -40.377780
v -38.146117 89.948036 -40.377780
v -38.215575 90.434906 -40.377780
v -38.285094 90.921768 -40.377780
v -39.520445 0.102642 -38.818637
v -39.957884 0.394939 -38.818637
v -40.250182 0.832394 -38.818637
v -40.352843 1.348404 -38.818637
v -40.250182 1.348404 -39.415316
v -39.957884 1.348404 -39.921115
v -39.520445 1.348404 -40.259097
v -39.004454 1.348404 -40.377780
v -39.004454 0.832394 -40.259097
v -39.004454 0.394939 -39.921115
v -39.004454 0.102642 -39.415316
v -39.004454 0.000000 -38.818637
v -36.504759 0.000000 -38.818637
v -36.981505 0.000000 -38.818637
v -37.458250 0.000000 -38.818637
v -37.934935 0.000000 -38.818637
v -37.934813 0.102642 -39.415316
v -37.934752 0.394939 -39.921115
v -37.934813 0.832394 -40.259097
v -37.934935 1.348404 -40.377780
v -37.458250 1.348404 -40.377780
v -36.981505 1.348404 -40.377780
v -36.504759 1.348404 -40.377780
v -36.028014 1.348404 -40.377780
v -36.027953 0.832394 -40.259097
v -36.027953 0.394939 -39.921115
v -36.027953 0.102642 -39.415316
v -36.028014 0.000000 -38.818637
v 36.059816 0.832394 40.442990
v 36.059816 0.394939 40.105008
v 36.059816 0.102642 39.599210
v 36.059816 0.000000 39.002530
v 36.575807 0.102642 39.002530
v 37.013246 0.394939 39.002530
v 37.305544 0.832394 39.002530
v 37.408205 1.348404 39.002530
v 37.305544 1.348404 39.599210
v 37.013246 1.348404 40.105008
v 36.575807 1.348404 40.442990
v 36.059816 1.348404 40.561673
v 36.059816 89.897369 39.599210
v 36.059816 89.605072 40.105008
v 36.059816 89.167618 40.442990
v 36.059816 88.651596 40.561673
v 36.575807 88.651649 40.442990
v 37.013246 88.651657 40.105008
v 37.305544 88.651649 39.599210
v 37.408205 88.651596 39.002530
v 37.305544 89.167618 39.002469
v 37.013246 89.605072 39.002408
v 36.575807 89.897369 39.002469
v 36.059816 90.000008 39.002530
v 36.059816 89.167618 -40.259097
v 36.059816 89.605072 -39.921115
v 36.059816 89.897369 -39.415316
v 36.059816 90.000008 -38.818637
v 36.575807 89.897369 -38.818484
v 37.013246 89.605072 -38.818423
v 37.305544 89.167618 -38.818484
v 37.408205 88.651596 -38.818637
v 37.305544 88.651459 -39.415316
v 37.013246 88.651413 -39.921115
v 36.575807 88.651459 -40.259097
v 36.059816 88.651596 -40.377780
v 36.059816 0.102642 -39.415316
v 36.059816 0.394939 -39.921115
v 36.059816 0.832394 -40.259097
v 36.059816 1.348404 -40.377780
v 36.575807 1.348404 -40.259097
v 37.013246 1.348404 -39.921115
v 37.305544 1.348404 -39.415316
v 37.408205 1.348404 -38.818637
v 37.305544 0.832394 -38.818637
v 37.013246 0.394939 -38.818637
v 36.575807 0.102642 -38.818637
v 36.059816 0.000000 -38.818637
v -39.520445 96.312653 39.002530
v -39.957884 96.020355 39.002530
v -40.250182 95.582893 39.002530
v -40.352843 95.066879 39.002530
v -40.250182 95.066879 39.599210
v -39.957884 95.066879 40.105008
v -39.520445 95.066879 40.442990
v -39.004454 95.066879 40.561673
v -39.004454 95.582893 40.442990
v -39.004454 96.020355 40.105008
v -39.004454 96.312653 39.599210
v -39.004454 96.415283 39.002530
v -37.084105 95.582886 39.000943
v -37.376402 96.020340 39.000394
v -37.813902 96.312637 39.000943
v -38.329893 96.415283 39.002530
v -38.332152 96.312637 39.599210
v -38.332945 96.020325 40.105039
v -38.332152 95.582886 40.442990
v -38.329893 95.066879 40.561673
v -37.813902 95.066879 40.442990
v -37.376463 95.066879 40.105008
v -37.084105 95.066879 39.599210
v -36.981505 95.066879 39.002530
v -38.332152 95.582886 -40.259097
v -38.332945 96.020325 -39.921145
v -38.332152 96.312637 -39.415316
v -38.329893 96.415283 -38.818637
v -37.813902 96.312637 -38.817050
v -37.376402 96.020340 -38.816500
v -37.084105 95.582886 -38.817050
v -36.981505 95.066879 -38.818637
v -37.084105 95.066879 -39.415316
v -37.376463 95.066879 -39.921115
v -37.813902 95.066879 -40.259097
v -38.329893 95.066879 -40.377780
v -40.250182 95.582893 -38.818637
v -39.957884 96.020355 -38.818637
v -39.520445 96.312653 -38.818637
v -39.004454 96.415283 -38.818637
v -39.004454 96.312653 -39.415316
v -39.004454 96.020355 -39.921115
v -39.004454 95.582893 -40.259097
v -39.004454 95.066879 -40.377780
v -39.520445 95.066879 -40.259097
v -39.957884 95.066879 -39.921115
v -40.250182 95.066879 -39.415316
v -40.352843 95.066879 -38.818637
v -40.180846 0.882984 39.540708
v -39.915221 0.437599 39.459439
v -39.469847 0.171970 39.540708
v -39.399596 0.437599 40.055692
v -39.469847 0.882980 40.362821
v -39.915221 0.953255 40.055692
v -39.782652 0.570175 39.902372
v -36.504759 0.832394 40.442990
v -36.981444 0.832394 40.442990
v -37.458128 0.832394 40.442990
v -37.458067 0.394939 40.105008
v -37.458128 0.102642 39.599210
v -36.981444 0.102642 39.599210
v -36.504759 0.102642 39.599210
v -36.504698 0.394939 40.105008
v -36.981383 0.394939 40.105008
v -39.520079 90.487488 40.443296
v -39.957457 90.491272 40.105405
v -40.249876 90.487488 39.599454
v -40.249815 90.012268 39.599515
v -40.249693 89.536934 39.599607
v -39.957213 89.541718 40.105619
v -39.519896 89.536934 40.443479
v -39.519957 90.012268 40.443387
v -39.957335 90.016571 40.105497
v -36.971800 90.671547 39.669126
v -37.233946 90.501129 40.161252
v -37.661864 90.462479 40.458097
v -37.528868 89.955376 40.474820
v -37.525023 89.442673 40.533170
v -37.006041 89.412674 40.459073
v -36.488280 89.264145 40.446988
v -36.449705 89.714996 40.143460
v -36.291380 90.001175 39.666013
v -36.710204 90.257988 39.698575
v -36.981932 89.969322 40.210386
v -40.249876 90.487488 -39.415561
v -39.957457 90.491272 -39.921511
v -39.520079 90.487488 -40.259402
v -39.519957 90.012268 -40.259494
v -39.519896 89.536934 -40.259585
v -39.957213 89.541718 -39.921725
v -40.249693 89.536934 -39.415713
v -40.249815 90.012268 -39.415622
v -39.957335 90.016571 -39.921603
v -37.663878 90.464043 -40.274539
v -37.237059 90.505524 -39.979098
v -36.974120 90.672882 -39.489657
v -36.718932 90.261421 -39.523471
v -36.309569 90.006363 -39.495608
v -36.471556 89.730095 -39.966952
v -36.514586 89.292862 -40.265902
v -37.023009 89.430984 -40.276736
v -37.534422 89.449966 -40.349582
v -37.535155 89.959534 -40.291751
v -36.993162 89.979523 -40.030459
v -39.469847 0.171970 -39.356814
v -39.915221 0.437599 -39.275546
v -40.180846 0.882984 -39.356814
v -39.915221 0.953255 -39.871798
v -39.469847 0.882980 -40.178927
v -39.399596 0.437599 -39.871798
v -39.782652 0.570175 -39.718478
v -36.504637 0.102642 -39.415316
v -36.981383 0.102642 -39.415316
v -37.458067 0.102642 -39.415316
v -37.458006 0.394939 -39.921115
v -37.458067 0.832394 -40.259097
v -36.981383 0.832394 -40.259097
v -36.504637 0.832394 -40.259097
v -36.504637 0.394939 -39.921115
v -36.981322 0.394939 -39.921115
v 36.525209 0.882980 40.362821
v 36.454958 0.437599 40.055692
v 36.525209 0.171970 39.540708
v 36.970583 0.437599 39.459439
v 37.236208 0.882980 39.540708
v 36.970583 0.953255 40.055692
v 36.838014 0.570175 39.902372
v 36.525209 89.828018 39.540647
v 36.454958 89.562416 40.055631
v 36.525209 89.117050 40.362790
v 36.970583 89.046768 40.055631
v 37.236208 89.117027 39.540616
v 36.970583 89.562386 39.459348
v 36.838014 89.429825 39.902311
v 36.525209 89.116943 -40.178897
v 36.454958 89.562347 -39.871737
v 36.525209 89.828011 -39.356692
v 36.970583 89.562347 -39.275363
v 37.236208 89.116920 -39.356662
v 36.970583 89.046616 -39.871707
v 36.838014 89.429726 -39.718356
v 36.525209 0.171970 -39.356814
v 36.454958 0.437599 -39.871798
v 36.525209 0.882980 -40.178927
v 36.970583 0.953255 -39.871798
v 37.236208 0.882980 -39.356814
v 36.970583 0.437599 -39.275546
v 36.838014 0.570175 -39.718478
v -39.469847 96.243332 39.540708
v -39.915282 95.977692 39.459439
v -40.180907 95.532310 39.540708
v -39.915282 95.462036 40.055692
v -39.469847 95.532318 40.362821
v -39.399596 95.977692 40.055692
v -39.782713 95.845123 39.902372
v -37.154112 95.532425 39.539548
v -37.420225 95.977783 39.457456
v -37.866331 96.243362 39.539060
v -37.937193 95.977806 40.054532
v -37.865965 95.532425 40.362119
v -37.420042 95.462219 40.054776
v -37.553343 95.845291 39.900785
v -37.865965 95.532425 -40.178225
v -37.937193 95.977806 -39.870639
v -37.866331 96.243362 -39.355166
v -37.420225 95.977783 -39.273562
v -37.154112 95.532425 -39.355655
v -37.420042 95.462219 -39.870883
v -37.553343 95.845291 -39.716891
v -40.180907 95.532310 -39.356814
v -39.915282 95.977692 -39.275546
v -39.469847 96.243332 -39.356814
v -39.399596 95.977692 -39.871798
v -39.469847 95.532318 -40.178927
v -39.915282 95.462036 -39.871798
v -39.782713 95.845123 -39.718478
v 36.575807 86.291306 40.442990
v 36.059816 86.291260 40.561673
v -36.019408 86.279099 40.561673
v -36.520689 86.323433 40.561673
v -37.015318 86.424561 40.561673
v -37.507811 86.534439 40.561673
v -38.005247 86.605240 40.561673
v -39.004454 86.675522 40.561673
v -39.519774 86.690063 40.443570
v -39.957091 86.695168 40.105710
v -40.249632 86.690063 39.599637
v -40.352843 86.675522 39.002530
v -40.352843 86.675522 -38.818637
v -40.249632 86.690063 -39.415744
v -39.957091 86.695168 -39.921817
v -39.519774 86.690063 -40.259677
v -39.004454 86.675522 -40.377780
v -38.005247 86.605240 -40.377780
v -37.518309 86.543671 -40.377780
v -37.034483 86.453049 -40.377780
v -36.549010 86.370865 -40.377780
v -36.058897 86.334877 -40.377780
v 36.059816 86.291260 -40.377780
v 36.575807 86.291122 -40.259097
v 37.013246 86.291077 -39.921115
v 37.305544 86.291122 -39.415316
v 37.408205 86.291260 -38.818637
v 37.408205 86.291260 39.002530
v 37.305544 86.291306 39.599210
v 37.013246 86.291321 40.105008
v -36.981505 95.066879 36.027372
v -37.084105 95.582886 36.025907
v -37.376402 96.020340 36.025388
v -37.813902 96.312637 36.025907
v -38.329893 96.415283 36.027372
v -39.004454 96.415283 36.027372
v -39.520445 96.312653 36.027372
v -39.957884 96.020355 36.027372
v -40.250182 95.582893 36.027372
v -40.352843 95.066879 36.027372
v -40.352843 90.953484 36.027372
v -40.352843 90.476746 36.027372
v -40.352843 90.000008 36.027372
v -40.352843 89.523285 36.027372
v -40.352843 89.046539 36.027372
v -40.352843 86.675529 36.027372
v -40.352843 1.348404 36.027372
v -40.250182 0.832394 36.027372
v -39.957884 0.394939 36.027372
v -39.520445 0.102642 36.027372
v -39.004454 0.000000 36.027372
v -37.934935 0.000000 36.027372
v -37.458250 0.000000 36.027372
v -36.981505 0.000000 36.027372
v -36.504759 0.000000 36.027372
v -36.028014 0.000000 36.027372
v 36.059816 0.000000 36.027372
v 36.575807 0.102642 36.027372
v 37.013246 0.394939 36.027372
v 37.305544 0.832394 36.027372
v 37.408205 1.348404 36.027372
v 37.408205 86.291260 36.027372
v 37.408205 88.651604 36.027372
v 37.305544 89.167618 36.027311
v 37.013246 89.605072 36.027280
v 36.575807 89.897369 36.027311
v 36.059816 90.000008 36.027372
v -35.659056 90.000008 36.052976
v -36.165160 90.100754 36.054776
v -36.594176 90.387627 36.055600
v -36.880858 90.816978 36.055356
v -36.981505 91.323410 36.054105
v -36.981505 95.066879 -36.371066
v -37.084105 95.582886 -36.369571
v -37.376402 96.020340 -36.369052
v -37.813902 96.312637 -36.369571
v -38.329893 96.415283 -36.371066
v -39.004454 96.415283 -36.371066
v -39.520445 96.312653 -36.371066
v -39.957884 96.020355 -36.371066
v -40.250182 95.582893 -36.371066
v -40.352843 95.066879 -36.371066
v -40.352843 90.953484 -36.371066
v -40.352843 90.476746 -36.371066
v -40.352843 90.000008 -36.371066
v -40.352843 89.523277 -36.371066
v -40.352843 89.046539 -36.371066
v -40.352843 86.675522 -36.371066
v -40.352843 1.348404 -36.371066
v -40.250182 0.832394 -36.371066
v -39.957884 0.394939 -36.371066
v -39.520445 0.102642 -36.371066
v -39.004454 0.000000 -36.371066
v -37.934935 0.000000 -36.371066
v -37.458250 0.000000 -36.371066
v -36.981505 0.000000 -36.371066
v -36.504759 0.000000 -36.371066
v -36.028014 0.000000 -36.371066
v 36.059816 0.000000 -36.371066
v 36.575807 0.102642 -36.371066
v 37.013246 0.394939 -36.371066
v 37.305544 0.832394 -36.371066
v 37.408205 1.348404 -36.371066
v 37.408205 86.291260 -36.371066
v 37.408205 88.651596 -36.371066
v 37.305544 89.167618 -36.370913
v 37.013246 89.605072 -36.370852
v 36.575807 89.897369 -36.370913
v 36.059816 90.000008 -36.371066
v -35.682310 90.000008 -36.426181
v -36.179503 90.100716 -36.421420
v -36.601012 90.387573 -36.414401
v -36.882628 90.816933 -36.406253
v -36.981505 91.323410 -36.398166
v 37.408205 83.053276 39.002530
v 37.305544 83.053322 39.599210
v 37.013246 83.053337 40.105008
v 36.575807 83.053322 40.442990
v 36.059816 83.053276 40.561673
v -36.019774 83.041580 40.561673
v -36.520079 83.084221 40.561673
v -37.014037 83.181496 40.561673
v -37.505919 83.287186 40.561673
v -38.002562 83.355286 40.561673
v -39.004454 83.422890 40.561673
v -39.519835 83.436874 40.443540
v -39.957091 83.441788 40.105680
v -40.249693 83.436874 39.599637
v -40.352843 83.422890 39.002530
v -40.352843 83.422897 36.027372
v -40.352843 83.422890 -36.371066
v -40.352843 83.422890 -38.818637
v -40.249693 83.436874 -39.415744
v -39.957091 83.441788 -39.921786
v -39.519835 83.436874 -40.259646
v -39.004454 83.422890 -40.377780
v -38.002562 83.355286 -40.377780
v -37.516051 83.296066 -40.377780
v -37.032469 83.208893 -40.377780
v -36.547301 83.129845 -40.377780
v -36.057677 83.095230 -40.377780
v 36.059816 83.053276 -40.377780
v 36.575807 83.053139 -40.259097
v 37.013246 83.053101 -39.921115
v 37.305544 83.053139 -39.415316
v 37.408205 83.053276 -38.818637
v 37.408205 83.053276 -36.371066
v 37.408205 83.053276 36.027372
v 37.305544 2.795289 39.599210
v 37.013246 2.795289 40.105008
v 36.575807 2.795289 40.442990
v 36.059816 2.795288 40.561673
v -36.027892 2.795081 40.561673
v -36.505003 2.795835 40.561673
v -36.982054 2.797558 40.561673
v -37.459105 2.799430 40.561673
v -37.936156 2.800636 40.561673
v -39.004454 2.801833 40.561673
v -39.520445 2.802081 40.442990
v -39.957884 2.802168 40.105039
v -40.250182 2.802081 39.599210
v -40.352843 2.801833 39.002530
v -40.352843 2.801833 36.027372
v -40.352843 2.801833 -36.371066
v -40.352843 2.801833 -38.818637
v -40.250182 2.802081 -39.415316
v -39.957884 2.802168 -39.921145
v -39.520445 2.802081 -40.259097
v -39.004454 2.801833 -40.377780
v -37.936156 2.800636 -40.377780
v -37.459227 2.799587 -40.377780
v -36.982420 2.798043 -40.377780
v -36.505492 2.796644 -40.377780
v -36.028563 2.796031 -40.377780
v 36.059816 2.795288 -40.377780
v 36.575807 2.795285 -40.259097
v 37.013246 2.795285 -39.921115
v 37.305544 2.795285 -39.415316
v 37.408205 2.795288 -38.818637
v 37.408205 2.795288 -36.371066
v 37.408205 2.795288 36.027372
v 37.408205 2.795288 39.002530
v -34.215330 2.795288 36.027372
v -34.215330 83.053276 36.027372
v -34.215330 2.795288 -36.371066
v -34.215330 83.053276 -36.371066
v -34.215330 25.976933 -36.371066
v -34.215330 25.976933 36.027372
v 37.408205 25.976933 36.027372
v 37.408205 25.976933 39.002530
v 37.305544 25.976946 39.599210
v 37.013246 25.976952 40.105008
v 36.575807 25.976946 40.442990
v 36.059816 25.976933 40.561673
v -36.025572 25.973408 40.561673
v -36.509337 25.986261 40.561673
v -36.991270 26.015581 40.561673
v -37.472655 26.047441 40.561673
v -37.955321 26.067968 40.561673
v -39.004454 26.088346 40.561673
v -39.520262 26.092564 40.443143
v -39.957640 26.094044 40.105222
v -40.250059 26.092564 39.599332
v -40.352843 26.088346 39.002530
v -40.352843 26.088348 36.027372
v -40.352843 26.088346 -36.371066
v -40.352843 26.088346 -38.818637
v -40.250059 26.092564 -39.415438
v -39.957640 26.094044 -39.921328
v -39.520262 26.092564 -40.259250
v -39.004454 26.088346 -40.377780
v -37.955321 26.067968 -40.377780
v -37.475645 26.050117 -40.377780
v -36.996886 26.023840 -40.377780
v -36.517577 26.000013 -40.377780
v -36.036986 25.989580 -40.377780
v 36.059816 25.976933 -40.377780
v 36.575807 25.976892 -40.259097
v 37.013246 25.976881 -39.921115
v 37.305544 25.976892 -39.415316
v 37.408205 25.976933 -38.818637
v 37.408205 25.976933 -36.371066
v -34.215330 27.773472 -36.371066
v -34.215330 27.773472 36.027372
v 37.408205 27.773472 36.027372
v 37.408205 27.773472 39.002530
v 37.305544 27.773483 39.599210
v 37.013246 27.773491 40.105008
v 36.575807 27.773483 40.442990
v 36.059816 27.773470 40.561673
v -36.025389 27.769690 40.561673
v -36.509703 27.783480 40.561673
v -36.992003 27.814939 40.561673
v -37.473692 27.849123 40.561673
v -37.956847 27.871145 40.561673
v -39.004454 27.893011 40.561673
v -39.520262 27.897535 40.443174
v -39.957640 27.899124 40.105252
v -40.249998 27.897535 39.599332
v -40.352843 27.893009 39.002530
v -40.352843 27.893011 36.027372
v -40.352843 27.893009 -36.371066
v -40.352843 27.893011 -38.818637
v -40.249998 27.897533 -39.415438
v -39.957640 27.899122 -39.921328
v -39.520262 27.897533 -40.259280
v -39.004454 27.893009 -40.377780
v -37.956847 27.871147 -40.377780
v -37.476927 27.851992 -40.377780
v -36.997984 27.823799 -40.377780
v -36.518492 27.798233 -40.377780
v -36.037596 27.787039 -40.377780
v 36.059816 27.773472 -40.377780
v 36.575807 27.773424 -40.259097
v 37.013246 27.773415 -39.921115
v 37.305544 27.773424 -39.415316
v 37.408205 27.773470 -38.818637
v 37.408205 27.773472 -36.371066
v -34.215330 51.924179 -36.371066
v -34.215330 51.924179 36.027372
v 37.408205 51.924179 36.027372
v 37.408205 51.924179 39.002530
v 37.305544 51.924210 39.599210
v 37.013246 51.924217 40.105008
v 36.575807 51.924210 40.442990
v 36.059816 51.924183 40.561673
v -36.022948 51.916943 40.561673
v -36.514220 51.943336 40.561673
v -37.001646 52.003551 40.561673
v -37.487791 52.068974 40.561673
v -37.976805 52.111130 40.561673
v -39.004454 52.152977 40.561673
v -39.520079 52.161629 40.443326
v -39.957396 52.164673 40.105436
v -40.249876 52.161629 39.599454
v -40.352843 52.152977 39.002530
v -40.352843 52.152981 36.027372
v -40.352843 52.152977 -36.371066
v -40.352843 52.152977 -38.818637
v -40.249876 52.161633 -39.415591
v -39.957396 52.164677 -39.921542
v -39.520079 52.161633 -40.259433
v -39.004454 52.152977 -40.377780
v -37.976805 52.111126 -40.377780
v -37.494017 52.074471 -40.377780
v -37.013060 52.020512 -40.377780
v -36.531065 51.971581 -40.377780
v -36.046385 51.950153 -40.377780
v 36.059816 51.924179 -40.377780
v 36.575807 51.924095 -40.259097
v 37.013246 51.924076 -39.921115
v 37.305544 51.924095 -39.415316
v 37.408205 51.924183 -38.818637
v 37.408205 51.924179 -36.371066
v -34.215330 54.113415 -36.371066
v -34.215330 54.113415 36.027372
v 37.408205 54.113415 36.027372
v 37.408205 54.113415 39.002530
v 37.305544 54.113449 39.599210
v 37.013246 54.113457 40.105008
v 36.575807 54.113449 40.442990
v 36.059816 54.113419 40.561673
v -36.022704 54.105865 40.561673
v -36.514647 54.133400 40.561673
v -37.002501 54.196224 40.561673
v -37.489012 54.264477 40.561673
v -37.978636 54.308456 40.561673
v -39.004454 54.352116 40.561673
v -39.520079 54.361145 40.443326
v -39.957396 54.364319 40.105436
v -40.249876 54.361145 39.599485
v -40.352843 54.352116 39.002530
v -40.352843 54.352119 36.027372
v -40.352843 54.352116 -36.371066
v -40.352843 54.352116 -38.818637
v -40.249876 54.361149 -39.415591
v -39.957396 54.364323 -39.921542
v -39.520079 54.361149 -40.259433
v -39.004454 54.352116 -40.377780
v -37.978636 54.308456 -40.377780
v -37.495543 54.270214 -40.377780
v -37.014403 54.213913 -40.377780
v -36.532225 54.162868 -40.377780
v -36.047179 54.140514 -40.377780
v 36.059816 54.113415 -40.377780
v 36.575807 54.113327 -40.259097
v 37.013246 54.113304 -39.921115
v 37.305544 54.113327 -39.415316
v 37.408205 54.113419 -38.818637
v 37.408205 54.113415 -36.371066
v 32.010988 26.426022 35.578275
v 31.561891 25.976933 36.027372
v 31.561891 27.773472 36.027372
v 32.010988 27.324383 35.578275
v 32.010988 26.426022 -35.921969
v 31.561891 25.976933 -36.371066
v 32.010988 27.324383 -35.921969
v 31.561891 27.773472 -36.371066
v 32.010988 52.373268 35.578275
v 31.561891 51.924179 36.027372
v 31.561891 54.113415 36.027372
v 32.010988 53.664326 35.578275
v 32.010988 52.373268 -35.921969
v 31.561891 51.924179 -36.371066
v 32.010988 53.664326 -35.921969
v 31.561891 54.113415 -36.371066
v -39.207762 87.493446 40.929868
v -38.944395 89.055878 40.636686
v -38.224913 90.199631 39.835691
v -37.242064 90.618286 38.741513
v 38.326418 90.618286 38.741513
v 39.309267 90.199631 39.835691
v 40.028749 89.055878 40.636686
v 40.292055 87.493446 40.929868
v -37.242064 90.618286 -38.557620
v -38.224913 90.199631 -39.651797
v -38.944395 89.055878 -40.452792
v -39.207762 87.493446 -40.745974
v 38.326418 90.618286 -38.557620
v 39.309267 90.199631 -39.651797
v 40.028749 89.055878 -40.452792
v 40.292055 87.493446 -40.745974
v -35.408202 84.692146 36.974546
v -39.207762 86.447037 40.929868
v 36.492555 84.692146 36.974546
v 40.292055 86.447037 40.929868
v -35.408202 84.692146 -36.790652
v -39.207762 86.447037 -40.745974
v 36.492555 84.692146 -36.790652
v 40.292055 86.447037 -40.745974
vt 0.379214 0.995184
vt 0.379214 0.003750
vt 0.382556 0.995184
vt 0.388729 0.995184
vt 0.375000 0.254816
vt 0.379214 0.247351
vt 0.382330 0.247151
vt 0.388759 0.246220
vt 0.389968 0.254726
vt 0.375000 0.495184
vt 0.379214 0.500000
vt 0.129816 0.003746
vt 0.379214 0.502646
vt 0.381462 0.500000
vt 0.389884 0.495363
vt 0.388623 0.503621
vt 0.382555 0.754820
vt 0.379214 0.746254
vt 0.382556 0.746254
vt 0.388729 0.746254
vt 0.620484 0.995184
vt 0.620484 0.754816
vt 0.620484 0.246254
vt 0.629816 0.003746
vt 0.620484 0.495184
vt 0.629816 0.246254
vt 0.620484 0.746254
vt 0.870184 0.246254
vt 0.870184 0.003746
vt 0.375000 0.495184
vt 0.379214 0.250000
vt 0.381322 0.250000
vt 0.385535 0.254816
vt 0.385535 0.495184
vt 0.379214 0.495184
vt 0.381322 0.500000
vt 0.379214 0.500000
vt 0.382555 0.003750
vt 0.379214 0.254820
vt 0.381321 0.254820
vt 0.381322 0.495184
vt 0.382330 0.502849
vt 0.379214 0.754820
vt 0.370184 0.003746
vt 0.370184 0.247351
vt 0.129816 0.247351
vt 0.620484 0.254816
vt 0.620484 0.503746
vt 0.388729 0.754816
vt 0.388729 0.003746
vt 0.620484 0.003746
vt 0.379214 0.250000
vt 0.381462 0.250000
vt 0.385535 0.254726
vt 0.385535 0.495274
vt 0.375000 0.254816
vt 0.371104 0.001906
vt 0.375000 0.997056
vt 0.372056 -0.000000
vt 0.377076 0.996135
vt 0.378587 0.997800
vt 0.378061 -0.000000
vt 0.378061 1.000000
vt 0.378662 0.001980
vt 0.377100 0.003739
vt 0.374900 0.003732
vt 0.372585 0.003735
vt 0.387185 0.003741
vt 0.385637 0.003740
vt 0.384096 0.003743
vt 0.382300 0.001952
vt 0.382013 1.000000
vt 0.382013 -0.000000
vt 0.382277 0.997681
vt 0.384097 0.995193
vt 0.385641 0.995196
vt 0.387185 0.995193
vt 0.388741 0.997661
vt 0.388752 -0.000000
vt 0.388752 1.000000
vt 0.388740 0.001946
vt 0.377991 0.250788
vt 0.376830 0.251812
vt 0.375858 0.253167
vt 0.375002 0.254267
vt 0.371284 0.250000
vt 0.375000 0.253716
vt 0.370735 0.248676
vt 0.372585 0.247390
vt 0.374906 0.247403
vt 0.377105 0.247388
vt 0.379093 0.248215
vt 0.379096 0.249011
vt 0.379179 0.249643
vt 0.384787 0.253151
vt 0.383763 0.251799
vt 0.382626 0.250772
vt 0.381572 0.249605
vt 0.381796 0.248929
vt 0.382061 0.248083
vt 0.383940 0.246947
vt 0.385530 0.246636
vt 0.387134 0.246348
vt 0.389039 0.248120
vt 0.389369 0.250150
vt 0.389696 0.252373
vt 0.388789 0.254713
vt 0.387647 0.254710
vt 0.386569 0.254716
vt 0.375858 0.496833
vt 0.376830 0.498189
vt 0.377991 0.499212
vt 0.379178 0.500359
vt 0.379102 0.500988
vt 0.379103 0.501782
vt 0.377152 0.502638
vt 0.125000 0.247347
vt 0.375000 0.502653
vt 0.127365 0.247362
vt 0.129265 0.248676
vt 0.375000 0.496284
vt 0.128716 0.250000
vt 0.375002 0.495733
vt 0.382628 0.499224
vt 0.383770 0.498195
vt 0.384784 0.496851
vt 0.386560 0.495305
vt 0.387623 0.495335
vt 0.388738 0.495356
vt 0.389598 0.497668
vt 0.389255 0.499834
vt 0.388912 0.501798
vt 0.387038 0.503517
vt 0.385467 0.503284
vt 0.383903 0.503026
vt 0.382061 0.501912
vt 0.381797 0.501068
vt 0.381584 0.500400
vt 0.377077 0.753868
vt 0.127944 -0.000000
vt 0.375000 0.752944
vt 0.128896 0.001905
vt 0.127365 0.003044
vt 0.375000 0.747635
vt 0.125000 0.002365
vt 0.377149 0.746931
vt 0.378988 0.748126
vt 0.378840 0.750046
vt 0.378916 0.752220
vt 0.387185 0.754808
vt 0.385641 0.754807
vt 0.384098 0.754810
vt 0.382498 0.752372
vt 0.382478 0.750117
vt 0.382512 0.748108
vt 0.384098 0.746261
vt 0.385639 0.746263
vt 0.387187 0.746261
vt 0.388730 0.748141
vt 0.388730 0.750185
vt 0.388730 0.752433
vt 0.621310 0.001948
vt 0.622205 1.000000
vt 0.622205 -0.000000
vt 0.621371 0.997666
vt 0.622776 0.996134
vt 0.627944 -0.000000
vt 0.625000 0.997056
vt 0.628896 0.001906
vt 0.627335 0.003733
vt 0.624942 0.003729
vt 0.622669 0.003735
vt 0.620499 0.252422
vt 0.620503 0.250172
vt 0.620495 0.248135
vt 0.622666 0.246265
vt 0.624937 0.246271
vt 0.627334 0.246267
vt 0.628896 0.248094
vt 0.625000 0.252944
vt 0.627944 0.250000
vt 0.622775 0.253865
vt 0.620495 0.501858
vt 0.620503 0.499819
vt 0.620499 0.497575
vt 0.622775 0.496134
vt 0.872056 0.250000
vt 0.625000 0.497056
vt 0.871104 0.248095
vt 0.872635 0.246949
vt 0.625000 0.502379
vt 0.875000 0.247621
vt 0.622696 0.503076
vt 0.620499 0.752426
vt 0.620503 0.750179
vt 0.620496 0.748140
vt 0.622697 0.746924
vt 0.875000 0.002379
vt 0.625000 0.747621
vt 0.872635 0.003051
vt 0.871104 0.001905
vt 0.625000 0.752944
vt 0.872056 -0.000000
vt 0.622773 0.753866
vt 0.378096 0.254814
vt 0.377015 0.254811
vt 0.375990 0.254813
vt 0.375993 0.253303
vt 0.376929 0.251970
vt 0.378057 0.250973
vt 0.379225 0.250852
vt 0.379105 0.251637
vt 0.379209 0.253052
vt 0.384545 0.254818
vt 0.383518 0.254817
vt 0.382436 0.254819
vt 0.381335 0.253044
vt 0.381419 0.251638
vt 0.381298 0.250857
vt 0.382487 0.250965
vt 0.383619 0.251962
vt 0.384541 0.253302
vt 0.381307 0.499150
vt 0.381424 0.498365
vt 0.381322 0.496951
vt 0.382437 0.495184
vt 0.383519 0.495185
vt 0.384545 0.495183
vt 0.384552 0.496704
vt 0.383619 0.498039
vt 0.382485 0.499033
vt 0.375990 0.495188
vt 0.377015 0.495191
vt 0.378097 0.495189
vt 0.379196 0.496957
vt 0.379109 0.498363
vt 0.379233 0.499143
vt 0.378054 0.499031
vt 0.376927 0.498030
vt 0.375999 0.496693
vt 0.372916 0.002022
vt 0.375000 0.998501
vt 0.373501 0.000000
vt 0.376892 0.998025
vt 0.376583 -0.000000
vt 0.376583 1.000000
vt 0.376987 0.002098
vt 0.374982 0.002146
vt 0.375000 1.000000
vt 0.375000 0.000000
vt 0.387159 0.001945
vt 0.385568 0.001945
vt 0.383938 0.001947
vt 0.383774 1.000000
vt 0.383774 0.000000
vt 0.383923 0.997671
vt 0.385558 0.997667
vt 0.387155 0.997665
vt 0.387144 -0.000000
vt 0.387144 1.000000
vt 0.385535 1.000000
vt 0.385535 0.000000
vt 0.377659 0.250177
vt 0.376162 0.251060
vt 0.375483 0.252545
vt 0.373173 0.250000
vt 0.375000 0.251827
vt 0.372891 0.248688
vt 0.374998 0.248648
vt 0.377153 0.248399
vt 0.377286 0.249369
vt 0.375000 0.250000
vt 0.385644 0.252636
vt 0.384521 0.250998
vt 0.383113 0.250160
vt 0.383667 0.249325
vt 0.383802 0.248213
vt 0.385492 0.248375
vt 0.387208 0.248242
vt 0.387363 0.250041
vt 0.388056 0.252166
vt 0.386673 0.252185
vt 0.385535 0.250000
vt 0.375481 0.497455
vt 0.376163 0.498940
vt 0.377662 0.499823
vt 0.377293 0.500632
vt 0.377172 0.501605
vt 0.125000 0.248674
vt 0.375000 0.501326
vt 0.127093 0.248683
vt 0.375000 0.498173
vt 0.126827 0.250000
vt 0.375000 0.500000
vt 0.125000 0.250000
vt 0.383112 0.499837
vt 0.384514 0.499008
vt 0.385646 0.497365
vt 0.386649 0.497818
vt 0.387999 0.497860
vt 0.387313 0.499952
vt 0.387132 0.501709
vt 0.385456 0.501589
vt 0.383787 0.501774
vt 0.383667 0.500676
vt 0.385535 0.500000
vt 0.377084 0.751981
vt 0.126499 -0.000000
vt 0.375000 0.751499
vt 0.127062 0.001674
vt 0.375000 0.748757
vt 0.125000 0.001243
vt 0.377222 0.748289
vt 0.377225 0.750001
vt 0.125000 0.000000
vt 0.375000 0.750000
vt 0.387166 0.752398
vt 0.385601 0.752365
vt 0.384055 0.752375
vt 0.384029 0.750092
vt 0.384061 0.748098
vt 0.385602 0.748082
vt 0.387167 0.748112
vt 0.387148 0.750120
vt 0.385535 0.750000
vt 0.622941 0.002087
vt 0.623554 1.000000
vt 0.623554 0.000000
vt 0.623076 0.997982
vt 0.626499 -0.000000
vt 0.625000 0.998501
vt 0.627045 0.002021
vt 0.624945 0.002143
vt 0.625000 1.000000
vt 0.625000 0.000000
vt 0.622650 0.252038
vt 0.622429 0.249991
vt 0.622490 0.247930
vt 0.624864 0.247859
vt 0.627035 0.247980
vt 0.625000 0.251499
vt 0.626499 0.250000
vt 0.625000 0.250000
vt 0.622524 0.501698
vt 0.622436 0.499935
vt 0.622650 0.497947
vt 0.873501 0.250000
vt 0.625000 0.498501
vt 0.872938 0.248323
vt 0.625000 0.501250
vt 0.875000 0.248750
vt 0.625000 0.500000
vt 0.875000 0.250000
vt 0.622651 0.752051
vt 0.622437 0.750074
vt 0.622524 0.748302
vt 0.875000 0.001250
vt 0.625000 0.748750
vt 0.872934 0.001674
vt 0.625000 0.751499
vt 0.873501 0.000000
vt 0.625000 0.750000
vt 0.875000 0.000000
vt 0.377770 0.252943
vt 0.376527 0.252963
vt 0.376070 0.253087
vt 0.376384 0.251398
vt 0.377865 0.251019
vt 0.377566 0.251303
vt 0.375000 0.250000
vt 0.384470 0.253086
vt 0.384015 0.252965
vt 0.382765 0.252943
vt 0.382970 0.251303
vt 0.382668 0.251020
vt 0.384146 0.251398
vt 0.385535 0.250000
vt 0.382671 0.498985
vt 0.382965 0.498697
vt 0.382763 0.497057
vt 0.384008 0.497035
vt 0.384470 0.496914
vt 0.384157 0.498606
vt 0.385535 0.500000
vt 0.376068 0.496914
vt 0.376519 0.497040
vt 0.377768 0.497061
vt 0.377561 0.498699
vt 0.377868 0.498978
vt 0.376395 0.498599
vt 0.375000 0.500000
vt 0.622666 0.239708
vt 0.620484 0.239698
vt 0.388758 0.239664
vt 0.387135 0.239789
vt 0.385533 0.240069
vt 0.383944 0.240372
vt 0.382336 0.240570
vt 0.379214 0.240765
vt 0.377104 0.240801
vt 0.374906 0.240815
vt 0.372585 0.240803
vt 0.370184 0.240765
vt 0.129816 0.240765
vt 0.127365 0.240757
vt 0.125000 0.240724
vt 0.375000 0.509276
vt 0.377152 0.509243
vt 0.379214 0.509233
vt 0.382336 0.509430
vt 0.383908 0.509603
vt 0.385472 0.509853
vt 0.387042 0.510080
vt 0.388626 0.510181
vt 0.620484 0.510302
vt 0.622696 0.509669
vt 0.625000 0.509010
vt 0.875000 0.240990
vt 0.872635 0.240355
vt 0.870184 0.239698
vt 0.629816 0.239698
vt 0.627334 0.239709
vt 0.624937 0.239714
vt 0.385535 0.264005
vt 0.384545 0.264007
vt 0.383518 0.264007
vt 0.382436 0.264008
vt 0.381321 0.264009
vt 0.379214 0.264009
vt 0.378096 0.264004
vt 0.377015 0.264001
vt 0.375990 0.264003
vt 0.375000 0.264005
vt 0.375000 0.264005
vt 0.375002 0.263498
vt 0.362010 0.250000
vt 0.375000 0.262990
vt 0.361503 0.248676
vt 0.360995 0.247351
vt 0.360995 0.240765
vt 0.360995 0.003746
vt 0.361844 0.001906
vt 0.375000 0.987724
vt 0.362724 -0.000000
vt 0.377076 0.986872
vt 0.379214 0.985995
vt 0.382556 0.985995
vt 0.384097 0.986003
vt 0.385641 0.986006
vt 0.387185 0.986003
vt 0.388729 0.985995
vt 0.620484 0.985995
vt 0.622775 0.986872
vt 0.637276 -0.000000
vt 0.625000 0.987724
vt 0.638156 0.001906
vt 0.639005 0.003746
vt 0.639005 0.239698
vt 0.639005 0.246254
vt 0.638156 0.248094
vt 0.625000 0.262277
vt 0.637276 0.250000
vt 0.622775 0.263128
vt 0.620484 0.264005
vt 0.389965 0.263926
vt 0.388787 0.263913
vt 0.387646 0.263910
vt 0.386569 0.263914
vt 0.385535 0.263923
vt 0.385535 0.487624
vt 0.384545 0.487623
vt 0.383519 0.487625
vt 0.382437 0.487624
vt 0.381322 0.487624
vt 0.379214 0.487624
vt 0.378097 0.487629
vt 0.377015 0.487631
vt 0.375990 0.487628
vt 0.375000 0.487624
vt 0.375000 0.487624
vt 0.375002 0.488139
vt 0.136345 0.250000
vt 0.375000 0.488655
vt 0.136859 0.248676
vt 0.137376 0.247351
vt 0.137376 0.240765
vt 0.137376 0.003746
vt 0.136514 0.001905
vt 0.375000 0.760621
vt 0.135621 -0.000000
vt 0.377077 0.761487
vt 0.379214 0.762380
vt 0.382555 0.762380
vt 0.384098 0.762371
vt 0.385641 0.762367
vt 0.387185 0.762369
vt 0.388729 0.762376
vt 0.620484 0.762376
vt 0.622773 0.761486
vt 0.864379 -0.000000
vt 0.625000 0.760621
vt 0.863486 0.001905
vt 0.862624 0.003746
vt 0.862624 0.239698
vt 0.862624 0.246254
vt 0.863486 0.248095
vt 0.625000 0.489378
vt 0.864378 0.250000
vt 0.622775 0.488515
vt 0.620484 0.487624
vt 0.389887 0.487795
vt 0.388739 0.487787
vt 0.387624 0.487767
vt 0.386560 0.487738
vt 0.385535 0.487708
vt 0.629816 0.230704
vt 0.627334 0.230714
vt 0.624938 0.230718
vt 0.622666 0.230713
vt 0.620484 0.230704
vt 0.388757 0.230671
vt 0.387137 0.230791
vt 0.385537 0.231060
vt 0.383950 0.231352
vt 0.382345 0.231543
vt 0.379214 0.231731
vt 0.377104 0.231764
vt 0.374905 0.231778
vt 0.372585 0.231766
vt 0.370184 0.231730
vt 0.360995 0.231730
vt 0.137376 0.231730
vt 0.129816 0.231730
vt 0.127365 0.231695
vt 0.125000 0.231638
vt 0.375000 0.518362
vt 0.377152 0.518303
vt 0.379214 0.518268
vt 0.382345 0.518457
vt 0.383915 0.518624
vt 0.385478 0.518865
vt 0.387048 0.519083
vt 0.388630 0.519180
vt 0.620484 0.519296
vt 0.622696 0.518713
vt 0.625000 0.518105
vt 0.875000 0.231895
vt 0.872635 0.231309
vt 0.870184 0.230704
vt 0.862624 0.230704
vt 0.639005 0.230704
vt 0.627335 0.007753
vt 0.624942 0.007749
vt 0.622669 0.007755
vt 0.620484 0.007765
vt 0.388729 0.007764
vt 0.387184 0.007762
vt 0.385636 0.007766
vt 0.384093 0.007774
vt 0.382551 0.007784
vt 0.379214 0.007787
vt 0.377100 0.007777
vt 0.374900 0.007770
vt 0.372585 0.007773
vt 0.370184 0.007783
vt 0.360995 0.007783
vt 0.137376 0.007783
vt 0.129816 0.007783
vt 0.127365 0.007093
vt 0.125000 0.006425
vt 0.375000 0.743575
vt 0.377149 0.742882
vt 0.379214 0.742217
vt 0.382552 0.742220
vt 0.384095 0.742230
vt 0.385637 0.742236
vt 0.387184 0.742238
vt 0.388727 0.742233
vt 0.620484 0.742235
vt 0.622697 0.742883
vt 0.625000 0.743557
vt 0.875000 0.006443
vt 0.872635 0.007093
vt 0.870184 0.007765
vt 0.862624 0.007765
vt 0.639005 0.007765
vt 0.629816 0.007765
vt 0.639005 0.230704
vt 0.639005 0.007765
vt 0.862624 0.007765
vt 0.862624 0.230704
vt 0.639005 0.072158
vt 0.629816 0.072158
vt 0.627335 0.072153
vt 0.624941 0.072151
vt 0.622668 0.072154
vt 0.620484 0.072158
vt 0.388737 0.072148
vt 0.387171 0.072181
vt 0.385607 0.072262
vt 0.384052 0.072352
vt 0.382492 0.072414
vt 0.379214 0.072471
vt 0.377101 0.072473
vt 0.374901 0.072472
vt 0.372585 0.072471
vt 0.370184 0.072468
vt 0.360995 0.072468
vt 0.137376 0.072468
vt 0.129816 0.072468
vt 0.127365 0.071967
vt 0.125000 0.071475
vt 0.375000 0.678525
vt 0.377150 0.678015
vt 0.379214 0.677532
vt 0.382492 0.677589
vt 0.384043 0.677644
vt 0.385591 0.677718
vt 0.387145 0.677782
vt 0.388699 0.677807
vt 0.620484 0.677842
vt 0.622697 0.678134
vt 0.625000 0.678438
vt 0.875000 0.071562
vt 0.872635 0.071855
vt 0.870184 0.072158
vt 0.862624 0.072158
vt 0.639005 0.077149
vt 0.629816 0.077149
vt 0.627335 0.077144
vt 0.624941 0.077142
vt 0.622668 0.077145
vt 0.620484 0.077149
vt 0.388738 0.077138
vt 0.387170 0.077174
vt 0.385605 0.077260
vt 0.384049 0.077357
vt 0.382487 0.077423
vt 0.379214 0.077484
vt 0.377101 0.077487
vt 0.374901 0.077487
vt 0.372585 0.077485
vt 0.370184 0.077481
vt 0.360995 0.077481
vt 0.137376 0.077481
vt 0.129816 0.077481
vt 0.127365 0.076994
vt 0.125000 0.076517
vt 0.375000 0.673483
vt 0.377150 0.672988
vt 0.379214 0.672519
vt 0.382488 0.672580
vt 0.384039 0.672638
vt 0.385587 0.672718
vt 0.387142 0.672787
vt 0.388697 0.672814
vt 0.620484 0.672851
vt 0.622697 0.673116
vt 0.625000 0.673391
vt 0.875000 0.076609
vt 0.872635 0.076874
vt 0.870184 0.077149
vt 0.862624 0.077149
vt 0.639005 0.144234
vt 0.629816 0.144234
vt 0.627334 0.144236
vt 0.624939 0.144237
vt 0.622667 0.144236
vt 0.620484 0.144234
vt 0.388746 0.144214
vt 0.387155 0.144286
vt 0.385575 0.144452
vt 0.384005 0.144634
vt 0.382425 0.144755
vt 0.379214 0.144871
vt 0.377102 0.144888
vt 0.374903 0.144893
vt 0.372585 0.144887
vt 0.370184 0.144869
vt 0.360995 0.144869
vt 0.137376 0.144869
vt 0.129816 0.144869
vt 0.127365 0.144580
vt 0.125000 0.144286
vt 0.375000 0.605714
vt 0.377151 0.605409
vt 0.379214 0.605129
vt 0.382425 0.605247
vt 0.383985 0.605352
vt 0.385540 0.605502
vt 0.387101 0.605636
vt 0.388667 0.605694
vt 0.620484 0.605766
vt 0.622697 0.605660
vt 0.625000 0.605550
vt 0.875000 0.144450
vt 0.872635 0.144344
vt 0.870184 0.144234
vt 0.862624 0.144234
vt 0.639005 0.150315
vt 0.629816 0.150315
vt 0.627334 0.150318
vt 0.624939 0.150319
vt 0.622667 0.150317
vt 0.620484 0.150315
vt 0.388747 0.150294
vt 0.387154 0.150370
vt 0.385573 0.150543
vt 0.384002 0.150733
vt 0.382419 0.150859
vt 0.379214 0.150980
vt 0.377103 0.150997
vt 0.374903 0.151004
vt 0.372585 0.150997
vt 0.370184 0.150978
vt 0.360995 0.150978
vt 0.137376 0.150978
vt 0.129816 0.150978
vt 0.127365 0.150707
vt 0.125000 0.150429
vt 0.375000 0.599571
vt 0.377151 0.599283
vt 0.379214 0.599021
vt 0.382420 0.599143
vt 0.383980 0.599253
vt 0.385535 0.599409
vt 0.387097 0.599549
vt 0.388665 0.599610
vt 0.620484 0.599685
vt 0.622697 0.599545
vt 0.625000 0.599400
vt 0.875000 0.150600
vt 0.872635 0.150460
vt 0.870184 0.150315
vt 0.862624 0.150315
vt 0.640380 0.073405
vt 0.640380 0.075901
vt 0.861237 0.075901
vt 0.640394 0.145481
vt 0.640394 0.149067
vt 0.861237 0.149068
vt 0.861237 0.073406
vt 0.861237 0.145481
vt 0.639005 0.072158
vt 0.639005 0.077149
vt 0.862624 0.072158
vt 0.639005 0.072158
vt 0.862624 0.077149
vt 0.862624 0.072158
vt 0.639005 0.077149
vt 0.862624 0.077149
vt 0.639005 0.144234
vt 0.639005 0.150315
vt 0.862624 0.144234
vt 0.639005 0.144234
vt 0.862624 0.150315
vt 0.862624 0.144234
vt 0.639005 0.150315
vt 0.862624 0.150315
vt 0.381181 0.256698
vt 0.377877 0.253136
vt 0.622124 0.253135
vt 0.618819 0.256698
vt 0.375000 0.250000
vt 0.625000 0.250000
vt 0.375000 0.100014
vt 0.625000 0.100014
vt 0.618819 0.493302
vt 0.381181 0.493302
vt 0.875000 0.100014
vt 0.875000 0.250000
vt 0.622123 0.496864
vt 0.625000 0.500000
vt 0.125000 0.250000
vt 0.125000 0.100014
vt 0.377876 0.496865
vt 0.375000 0.500000
vt 0.375000 0.649986
vt 0.625000 0.649986
vt 0.377061 0.997767
vt 0.375000 1.000000
vt 0.375000 0.699997
vt 0.377061 0.752233
vt 0.622939 0.997767
vt 0.625000 1.000000
vt 0.622939 0.752233
vt 0.625000 0.699997
vt 0.375000 0.050003
vt 0.625000 0.050003
vt 0.875000 0.050003
vt 0.125000 0.050003
vn -0.063045 -0.997641 0.027164
vn -0.380229 -0.924622 0.022376
vn -0.382694 -0.923875 -0.000000
vn -0.064602 -0.997911 0.000000
vn -0.706955 -0.706953 0.020789
vn -0.707112 -0.707102 -0.000000
vn -0.924620 -0.380234 0.022379
vn -0.923875 -0.382694 0.000000
vn -0.998334 -0.050734 0.027483
vn -0.998644 -0.052064 0.000000
vn -0.071674 -0.056965 0.995800
vn -0.058015 -0.425737 0.902985
vn 0.000000 -0.431981 0.901883
vn 0.000020 -0.060209 0.998186
vn -0.051511 -0.754811 0.653916
vn 0.000000 -0.756371 0.654142
vn -0.052497 -0.941327 0.333387
vn 0.000000 -0.941416 0.337248
vn 0.000000 -0.999587 0.028727
vn -0.941548 -0.041850 0.334268
vn -0.941398 0.000004 0.337298
vn -0.999587 0.000000 0.028743
vn -0.755281 -0.040945 0.654121
vn -0.756383 0.000004 0.654129
vn -0.427142 -0.046226 0.903002
vn -0.431931 -0.000001 0.901907
vn -0.075055 -0.000001 0.997179
vn 0.000032 -0.060210 0.998186
vn -0.000039 0.000000 1.000000
vn 0.000002 0.000000 1.000000
vn -0.000033 -0.060263 0.998183
vn -0.000002 0.000000 1.000000
vn 0.000000 -0.060316 0.998179
vn -0.000000 0.000000 1.000000
vn 0.000000 -0.060362 0.998177
vn -0.000000 0.000000 1.000000
vn 0.000000 -0.999587 0.028726
vn 0.000000 -0.999587 0.028724
vn 0.000000 -1.000000 0.000000
vn 0.000000 -1.000000 0.000000
vn 0.000000 -0.999587 0.028724
vn 0.000000 -1.000000 0.000000
vn 0.000000 -0.999587 0.028723
vn 0.000000 -1.000000 0.000000
vn 0.000000 -1.000000 0.000000
vn 0.000000 -0.431971 0.901888
vn 0.001203 -0.431849 0.901945
vn 0.001551 -0.060289 0.998180
vn 0.000000 -0.756365 0.654150
vn 0.001057 -0.756353 0.654163
vn 0.000000 -0.941416 0.337248
vn 0.001091 -0.941442 0.337173
vn 0.001371 -0.999587 0.028692
vn -0.999592 -0.000005 0.028551
vn -0.941737 -0.000031 0.336350
vn -0.941690 0.017402 0.336032
vn -0.999370 0.021544 0.028207
vn -0.756358 -0.000018 0.654158
vn -0.756084 0.016936 0.654256
vn -0.430622 0.000012 0.902532
vn -0.429907 0.019236 0.902668
vn -0.094876 0.000010 0.995489
vn -0.095810 0.023132 0.995131
vn -0.999576 -0.000003 0.029126
vn -0.999584 -0.000015 0.028825
vn -1.000000 0.000000 0.000000
vn -1.000000 0.000000 0.000000
vn -0.999585 -0.000010 0.028798
vn -1.000000 0.000000 0.000000
vn -0.999586 -0.000019 0.028770
vn -1.000000 0.000000 0.000000
vn -1.000000 0.000000 0.000000
vn -0.089986 0.000024 0.995943
vn 0.075517 0.017934 0.996983
vn 0.086742 0.003209 0.996226
vn -0.085437 0.000022 0.996344
vn 0.054890 0.023550 0.998215
vn -0.081326 0.000027 0.996688
vn 0.026975 0.019546 0.999445
vn -0.080301 0.000005 0.996771
vn 0.002217 0.002244 0.999995
vn 0.400679 0.016661 0.916067
vn 0.421700 0.025507 0.906377
vn 0.089999 0.024731 0.995635
vn 0.739954 0.029398 0.672015
vn 0.756008 0.025124 0.654080
vn 0.936277 0.029840 0.349994
vn 0.943494 0.023300 0.330568
vn 0.999267 0.023727 0.030035
vn 0.999360 0.023692 0.026795
vn 0.001391 0.999551 0.029920
vn 0.001618 0.935475 0.353390
vn 0.001260 0.941549 0.336875
vn 0.001395 0.999610 0.027881
vn 0.001391 0.737078 0.675807
vn 0.001259 0.751767 0.659427
vn 0.000659 0.400240 0.916410
vn 0.001313 0.421491 0.906832
vn 0.000041 0.036144 0.999347
vn 0.001584 0.039316 0.999226
vn 0.924634 0.378850 0.039050
vn 0.925070 0.379796 -0.000032
vn 0.999722 0.023584 -0.000002
vn 0.706312 0.706423 0.045713
vn 0.710338 0.703860 -0.000068
vn 0.379009 0.924538 0.039766
vn 0.385903 0.922539 -0.000068
vn 0.001398 0.999999 -0.000000
vn -0.094880 0.000011 -0.995489
vn -0.430624 0.000013 -0.902531
vn -0.429907 0.019240 -0.902668
vn -0.095812 0.023132 -0.995131
vn -0.756356 -0.000020 -0.654160
vn -0.756083 0.016937 -0.654256
vn -0.941737 -0.000037 -0.336350
vn -0.941690 0.017397 -0.336032
vn -0.999439 -0.000007 -0.033501
vn -0.999222 0.021439 -0.033104
vn -0.080300 0.000005 -0.996771
vn -0.081330 0.000027 -0.996687
vn 0.026498 0.019103 -0.999466
vn 0.002131 0.002171 -0.999995
vn -0.085435 0.000022 -0.996344
vn 0.054418 0.023247 -0.998248
vn -0.090001 0.000024 -0.995942
vn 0.075232 0.017855 -0.997006
vn 0.086719 0.003204 -0.996228
vn -0.999431 0.000000 -0.033718
vn -0.941401 0.000004 -0.337291
vn -0.941548 -0.041855 -0.334270
vn -0.998202 -0.050516 -0.032271
vn -0.756369 0.000004 -0.654145
vn -0.755283 -0.040939 -0.654119
vn -0.431899 -0.000001 -0.901922
vn -0.427114 -0.046220 -0.903016
vn -0.075078 -0.000001 -0.997178
vn -0.071651 -0.056965 -0.995802
vn 0.999112 0.023399 -0.035051
vn 0.936313 0.029550 -0.349921
vn 0.943494 0.023299 -0.330569
vn 0.999226 0.023638 -0.031446
vn 0.739905 0.029220 -0.672076
vn 0.756006 0.025127 -0.654082
vn 0.400629 0.016588 -0.916090
vn 0.421703 0.025508 -0.906375
vn 0.090000 0.024731 -0.995635
vn 0.000061 0.035569 -0.999367
vn 0.000848 0.402003 -0.915638
vn 0.001570 0.424848 -0.905263
vn 0.001618 0.038885 -0.999242
vn 0.001611 0.740014 -0.672590
vn 0.001544 0.755611 -0.655018
vn 0.001749 0.936663 -0.350229
vn 0.001434 0.943045 -0.332663
vn 0.001395 0.999409 -0.034337
vn 0.001409 0.999490 -0.031899
vn -0.000026 0.000000 -1.000000
vn -0.000003 0.000000 -1.000000
vn -0.000032 -0.060216 -0.998185
vn 0.000000 -0.060210 -0.998186
vn -0.000003 0.000000 -1.000000
vn -0.000032 -0.060260 -0.998183
vn 0.000000 0.000000 -1.000000
vn 0.000000 -0.060295 -0.998181
vn 0.000000 0.000000 -1.000000
vn 0.000000 -0.060327 -0.998179
vn -0.062766 -0.997518 -0.031902
vn -0.052495 -0.941328 -0.333387
vn 0.000000 -0.941412 -0.337258
vn 0.000000 -0.999432 -0.033701
vn -0.051504 -0.754816 -0.653911
vn 0.000000 -0.756359 -0.654157
vn -0.058007 -0.425744 -0.902983
vn 0.000000 -0.431970 -0.901888
vn 0.000000 -0.999432 -0.033696
vn 0.000000 -0.941420 -0.337238
vn 0.001091 -0.941442 -0.337172
vn 0.001363 -0.999433 -0.033660
vn 0.000000 -0.756365 -0.654150
vn 0.001057 -0.756353 -0.654163
vn 0.000000 -0.431956 -0.901895
vn 0.001203 -0.431849 -0.901945
vn 0.001550 -0.060275 -0.998181
vn 0.998325 -0.050906 0.027477
vn 0.924617 -0.380239 0.022379
vn 0.923875 -0.382693 0.000000
vn 0.998636 -0.052210 0.000000
vn 0.706954 -0.706954 0.020789
vn 0.707112 -0.707102 -0.000000
vn 0.380233 -0.924620 0.022377
vn 0.382694 -0.923875 -0.000000
vn 0.001414 -0.999999 0.000000
vn 0.427110 -0.046387 0.903009
vn 0.431965 0.000000 0.901890
vn 0.001635 0.000000 0.999999
vn 0.755293 -0.041081 0.654098
vn 0.756379 0.000000 0.654134
vn 0.941551 -0.041990 0.334243
vn 0.941413 0.000000 0.337257
vn 0.999587 0.000000 0.028729
vn 0.380239 0.924618 0.022380
vn 0.382659 0.923890 0.000000
vn 0.001420 0.999999 -0.000000
vn 0.706962 0.706946 0.020791
vn 0.707115 0.707099 0.000000
vn 0.924619 0.380235 0.022379
vn 0.923897 0.382641 0.000000
vn 0.999009 0.034704 0.027885
vn 0.999364 0.035654 0.000000
vn 0.001634 0.000000 -0.999999
vn 0.431996 0.000000 -0.901876
vn 0.427084 -0.046389 -0.903021
vn 0.756379 0.000000 -0.654133
vn 0.755282 -0.041082 -0.654112
vn 0.941410 0.000000 -0.337266
vn 0.941551 -0.041990 -0.334243
vn 0.999432 0.000000 -0.033704
vn 0.998194 -0.050665 -0.032264
vn -0.924621 0.380231 0.022366
vn -0.923877 0.382690 0.000000
vn -0.999754 0.022173 0.000000
vn -0.706962 0.706946 0.020779
vn -0.707116 0.707098 0.000000
vn -0.380223 0.924624 0.022373
vn -0.382684 0.923879 0.000000
vn -0.084014 0.996110 0.026595
vn -0.085888 0.996305 0.000000
vn -0.071198 0.940709 0.331659
vn 0.071481 0.940597 0.331914
vn 0.084023 0.996107 0.026659
vn -0.070235 0.753739 0.653410
vn 0.070728 0.753688 0.653416
vn -0.078727 0.423003 0.902702
vn 0.079065 0.423268 0.902548
vn 0.380129 0.924660 0.022502
vn 0.382481 0.923963 0.000000
vn 0.085822 0.996311 0.000000
vn 0.706916 0.706986 0.020976
vn 0.707067 0.707147 0.000000
vn 0.924635 0.380190 0.022498
vn 0.923956 0.382500 0.000000
vn 0.999713 0.023955 0.000000
vn 0.083705 0.995998 -0.031323
vn 0.071485 0.940594 -0.331922
vn -0.071195 0.940709 -0.331660
vn -0.083675 0.996003 -0.031245
vn 0.070713 0.753684 -0.653422
vn -0.070247 0.753733 -0.653416
vn 0.079058 0.423279 -0.902544
vn -0.078750 0.422993 -0.902704
vn 1.000000 0.000000 0.000000
vn -1.000000 0.000000 0.000000
vn -0.891272 -0.342809 0.296845
vn -0.681476 -0.681461 0.266836
vn -0.342806 -0.891275 0.296837
vn -0.326142 -0.713429 0.620203
vn -0.374715 -0.374716 0.848043
vn -0.713429 -0.326124 0.620211
vn -0.604245 -0.604239 0.519407
vn 0.000000 -0.431958 0.901894
vn 0.000000 -0.431952 0.901896
vn 0.000000 -0.431952 0.901896
vn 0.000000 -0.756363 0.654153
vn 0.000000 -0.941419 0.337240
vn 0.000000 -0.941418 0.337243
vn 0.000000 -0.941423 0.337227
vn 0.000000 -0.756367 0.654148
vn 0.000000 -0.756363 0.654153
vn -0.431618 0.000030 0.902056
vn -0.756371 -0.000080 0.654142
vn -0.941399 -0.000135 0.337296
vn -0.941373 -0.000107 0.337367
vn -0.941344 -0.000128 0.337448
vn -0.940840 -0.000030 0.338850
vn -0.756380 -0.000021 0.654133
vn -0.756375 -0.000065 0.654138
vn -0.433265 0.000008 0.901267
vn -0.431579 0.000059 0.902075
vn -0.431603 0.000051 0.902064
vn -0.756369 -0.000060 0.654145
vn 0.849202 0.350440 0.395029
vn 0.656654 0.261806 0.707293
vn 0.361544 0.116166 0.925090
vn 0.275662 0.163064 0.947323
vn 0.135011 0.122196 0.983280
vn 0.013084 0.015991 0.999787
vn 0.014274 0.030638 0.999429
vn 0.181079 0.266100 0.946785
vn 0.007365 0.036393 0.999310
vn 0.105902 0.355918 0.928497
vn 0.251070 0.642170 0.724280
vn 0.344133 0.845130 0.409057
vn 0.636482 0.633912 0.439370
vn 0.446945 0.432724 0.782937
vn -0.999430 -0.000026 -0.033751
vn -0.941399 -0.000150 -0.337294
vn -0.756364 -0.000092 -0.654151
vn -0.431631 0.000023 -0.902050
vn -0.431593 0.000038 -0.902069
vn -0.431559 0.000052 -0.902085
vn -0.433261 0.000008 -0.901269
vn -0.756387 -0.000021 -0.654125
vn -0.756367 -0.000064 -0.654147
vn -0.940842 -0.000034 -0.338845
vn -0.941346 -0.000132 -0.337443
vn -0.999417 -0.000005 -0.034157
vn -0.999428 -0.000022 -0.033817
vn -0.999429 -0.000012 -0.033784
vn -0.941375 -0.000105 -0.337362
vn -0.756368 -0.000070 -0.654146
vn 0.360622 0.115484 -0.925535
vn 0.656257 0.259668 -0.708449
vn 0.850312 0.347550 -0.395193
vn 0.926516 0.373512 -0.045350
vn 0.711236 0.700949 -0.053046
vn 0.639279 0.631419 -0.438899
vn 0.382676 0.922753 -0.045676
vn 0.345793 0.846376 -0.405062
vn 0.249429 0.646191 -0.721264
vn 0.102592 0.359454 -0.927506
vn 0.006560 0.036081 -0.999327
vn 0.013348 0.030006 -0.999461
vn 0.177244 0.265634 -0.947641
vn 0.012446 0.015511 -0.999802
vn 0.132062 0.120490 -0.983891
vn 0.273362 0.161403 -0.948274
vn 0.446223 0.430989 -0.784304
vn -0.379789 -0.924697 -0.026373
vn -0.342818 -0.891269 -0.296843
vn -0.706922 -0.706866 -0.024529
vn -0.681504 -0.681433 -0.266837
vn -0.924690 -0.379808 -0.026375
vn -0.891271 -0.342812 -0.296843
vn -0.713442 -0.326098 -0.620210
vn -0.374711 -0.374713 -0.848046
vn -0.326137 -0.713434 -0.620199
vn -0.604261 -0.604218 -0.519413
vn 0.000000 -0.999432 -0.033697
vn 0.000000 -0.941420 -0.337235
vn 0.000000 -0.999432 -0.033697
vn 0.000000 -0.941420 -0.337235
vn 0.000000 -0.999432 -0.033698
vn 0.000000 -0.941416 -0.337248
vn 0.000000 -0.756342 -0.654176
vn 0.000000 -0.431942 -0.901901
vn 0.000000 -0.431972 -0.901887
vn 0.000000 -0.431960 -0.901893
vn 0.000000 -0.756383 -0.654129
vn 0.000000 -0.756377 -0.654136
vn 0.374720 -0.374692 0.848051
vn 0.326151 -0.713405 0.620225
vn 0.342831 -0.891262 0.296849
vn 0.681465 -0.681480 0.266816
vn 0.891270 -0.342822 0.296835
vn 0.713434 -0.326107 0.620214
vn 0.604229 -0.604267 0.519393
vn 0.342884 0.891243 0.296845
vn 0.326202 0.713435 0.620164
vn 0.374737 0.374748 0.848019
vn 0.428798 0.031241 0.902860
vn 0.755801 0.027595 0.654220
vn 0.713447 0.326167 0.620167
vn 0.941685 0.028299 0.335303
vn 0.891253 0.342866 0.296835
vn 0.681454 0.681484 0.266832
vn 0.604235 0.604293 0.519355
vn 0.428791 0.031236 -0.902863
vn 0.374858 0.374693 -0.847990
vn 0.326332 0.713372 -0.620168
vn 0.342921 0.891221 -0.296869
vn 0.379772 0.924704 -0.026380
vn 0.706899 0.706889 -0.024541
vn 0.681496 0.681426 -0.266874
vn 0.924703 0.379774 -0.026384
vn 0.891240 0.342873 -0.296866
vn 0.998867 0.034533 -0.032732
vn 0.941689 0.028311 -0.335292
vn 0.755780 0.027602 -0.654243
vn 0.713466 0.326151 -0.620154
vn 0.604325 0.604222 -0.519333
vn 0.379779 -0.924701 -0.026372
vn 0.342836 -0.891259 -0.296851
vn 0.326149 -0.713413 -0.620217
vn 0.374716 -0.374702 -0.848049
vn 0.713442 -0.326093 -0.620212
vn 0.891272 -0.342811 -0.296842
vn 0.924702 -0.379777 -0.026375
vn 0.706896 -0.706892 -0.024528
vn 0.681474 -0.681467 -0.266824
vn 0.604247 -0.604246 -0.519396
vn -0.342821 0.891270 0.296837
vn -0.681514 0.681436 0.266802
vn -0.891298 0.342778 0.296802
vn -0.713442 0.326055 0.620232
vn -0.374692 0.374706 0.848057
vn -0.326118 0.713432 0.620211
vn -0.604222 0.604237 0.519435
vn 0.890587 0.344182 0.297311
vn 0.680731 0.681895 0.267628
vn 0.342843 0.891123 0.297252
vn 0.326426 0.713778 0.619651
vn 0.374839 0.376298 0.847287
vn 0.712719 0.328360 0.619848
vn 0.603408 0.605297 0.519148
vn 0.374841 0.376312 -0.847280
vn 0.326417 0.713770 -0.619665
vn 0.342855 0.891115 -0.297262
vn 0.379700 0.924729 -0.026524
vn 0.706859 0.706921 -0.024749
vn 0.680727 0.681898 -0.267631
vn 0.924746 0.379660 -0.026517
vn 0.890588 0.344178 -0.297312
vn 0.712706 0.328364 -0.619860
vn 0.603409 0.605293 -0.519152
vn -0.924692 0.379802 -0.026360
vn -0.891299 0.342772 -0.296806
vn -0.706922 0.706866 -0.024516
vn -0.681496 0.681455 -0.266800
vn -0.379782 0.924700 -0.026369
vn -0.342806 0.891278 -0.296831
vn -0.326112 0.713429 -0.620218
vn -0.374692 0.374712 -0.848055
vn -0.713427 0.326080 -0.620237
vn -0.604206 0.604252 -0.519436
vn 0.001635 0.000000 0.999999
vn 0.431971 0.000000 0.901888
vn 0.000000 0.000000 1.000000
vn 0.000023 0.000000 1.000000
vn -0.000019 0.000000 1.000000
vn -0.000001 0.000000 1.000000
vn -0.000002 0.000000 1.000000
vn -0.078276 -0.000001 0.996932
vn -0.432113 -0.000003 0.901819
vn -0.756373 0.000002 0.654141
vn -0.941161 0.000008 0.337960
vn -0.999581 0.000002 0.028934
vn -1.000000 0.000000 0.000000
vn -0.941160 0.000008 -0.337961
vn -0.999424 0.000002 -0.033941
vn -0.756386 0.000002 -0.654125
vn -0.432112 -0.000003 -0.901820
vn -0.078249 -0.000001 -0.996934
vn -0.000007 0.000000 -1.000000
vn 0.000032 0.000000 -1.000000
vn 0.000055 0.000000 -1.000000
vn 0.000025 0.000000 -1.000000
vn -0.000000 0.000000 -1.000000
vn 0.001633 0.000000 -0.999999
vn 0.431985 0.000000 -0.901881
vn 0.756364 0.000000 -0.654151
vn 0.941414 0.000000 -0.337254
vn 0.999432 0.000000 -0.033703
vn 0.999587 0.000000 0.028730
vn 1.000000 0.000000 0.000000
vn 0.941411 0.000000 0.337261
vn 0.756381 0.000000 0.654132
vn 0.999713 0.023951 0.000000
vn 0.923960 0.382490 0.000000
vn 0.707067 0.707147 0.000000
vn 0.382475 0.923966 0.000000
vn 0.085819 0.996311 0.000000
vn -0.085888 0.996305 0.000000
vn -0.382685 0.923879 0.000000
vn -0.707117 0.707097 0.000000
vn -0.923877 0.382691 0.000000
vn -0.999754 0.022174 0.000000
vn -1.000000 0.000000 0.000000
vn -1.000000 0.000000 0.000000
vn -1.000000 0.000000 0.000000
vn -1.000000 0.000000 0.000000
vn -1.000000 0.000000 0.000000
vn -1.000000 0.000000 0.000000
vn -0.998644 -0.052064 0.000000
vn -1.000000 0.000000 0.000000
vn -0.923875 -0.382695 0.000000
vn -0.707113 -0.707101 0.000000
vn -0.382695 -0.923875 0.000000
vn -0.064602 -0.997911 0.000000
vn 0.000000 -1.000000 0.000000
vn 0.000000 -1.000000 0.000000
vn 0.000000 -1.000000 0.000000
vn 0.000000 -1.000000 0.000000
vn 0.000000 -1.000000 0.000000
vn 0.001414 -0.999999 0.000000
vn 0.382694 -0.923875 0.000000
vn 0.707112 -0.707101 0.000000
vn 0.923876 -0.382693 0.000000
vn 0.998636 -0.052210 0.000000
vn 1.000000 0.000000 0.000000
vn 1.000000 0.000000 0.000000
vn 0.999364 0.035650 0.000000
vn 0.923903 0.382628 0.000000
vn 0.707114 0.707099 0.000000
vn 0.382646 0.923895 0.000000
vn 0.001419 0.999999 -0.000000
vn 0.001389 0.999999 -0.000000
vn 0.384608 0.923080 -0.000068
vn 0.709300 0.704907 -0.000067
vn 0.924518 0.381137 -0.000032
vn 0.999718 0.023734 -0.000001
vn 0.941413 0.000000 0.337255
vn 0.999587 0.000000 0.028730
vn 0.756371 0.000000 0.654143
vn 0.431959 0.000000 0.901893
vn 0.001635 0.000000 0.999999
vn 0.000000 0.000000 1.000000
vn 0.000028 0.000000 1.000000
vn -0.000035 0.000000 1.000000
vn -0.000024 0.000000 1.000000
vn 0.000021 0.000000 1.000000
vn -0.079626 -0.000001 0.996825
vn -0.433581 -0.000002 0.901115
vn -0.756371 0.000002 0.654143
vn -0.940801 0.000004 0.338960
vn -0.999576 0.000001 0.029124
vn -1.000000 0.000000 0.000000
vn -1.000000 0.000000 0.000000
vn -0.999417 0.000001 -0.034155
vn -0.940798 0.000004 -0.338969
vn -0.756374 0.000002 -0.654140
vn -0.433557 -0.000002 -0.901126
vn -0.079620 -0.000001 -0.996825
vn -0.000019 0.000000 -1.000000
vn -0.000030 0.000000 -1.000000
vn -0.000020 0.000000 -1.000000
vn -0.000001 0.000000 -1.000000
vn 0.000000 0.000000 -1.000000
vn 0.001633 0.000000 -0.999999
vn 0.431939 0.000000 -0.901903
vn 0.756373 0.000000 -0.654140
vn 0.941419 0.000000 -0.337240
vn 0.999432 0.000000 -0.033701
vn 1.000000 0.000000 0.000000
vn 1.000000 0.000000 0.000000
vn 0.941412 0.000000 0.337259
vn 0.756379 0.000000 0.654134
vn 0.431968 0.000000 0.901889
vn 0.001635 0.000000 0.999999
vn -0.000000 0.000000 1.000000
vn 0.000002 0.000000 1.000000
vn -0.000003 0.000000 1.000000
vn -0.000039 0.000000 1.000000
vn 0.000002 0.000000 1.000000
vn -0.075912 -0.000001 0.997115
vn -0.432533 -0.000002 0.901618
vn -0.756388 0.000003 0.654123
vn -0.941229 0.000004 0.337769
vn -0.999584 0.000000 0.028842
vn -1.000000 0.000000 0.000000
vn -1.000000 0.000000 0.000000
vn -0.999428 0.000000 -0.033830
vn -0.941232 0.000004 -0.337761
vn -0.756373 0.000003 -0.654141
vn -0.432501 -0.000002 -0.901633
vn -0.075938 -0.000001 -0.997113
vn -0.000027 0.000000 -1.000000
vn 0.000000 0.000000 -1.000000
vn 0.000000 0.000000 -1.000000
vn 0.000000 0.000000 -1.000000
vn -0.000000 0.000000 -1.000000
vn 0.001634 0.000000 -0.999999
vn 0.431990 0.000000 -0.901879
vn 0.756378 0.000000 -0.654135
vn 0.941411 0.000000 -0.337261
vn 0.999432 0.000000 -0.033703
vn 1.000000 0.000000 0.000000
vn 1.000000 0.000000 0.000000
vn 1.000000 0.000000 0.000000
vn 1.000000 0.000000 0.000000
vn 1.000000 0.000000 0.000000
vn 1.000000 0.000000 0.000000
vn 0.999587 0.000000 0.028730
vn 0.000000 0.000000 -1.000000
vn 0.000000 0.000000 -1.000000
vn 0.000000 0.000000 -1.000000
vn 0.000000 0.000000 -1.000000
vn 0.000000 1.000000 0.000000
vn 0.000000 1.000000 0.000000
vn 0.000000 1.000000 0.000000
vn 0.000000 1.000000 0.000000
vn 0.000000 0.000000 1.000000
vn 0.000000 0.000000 1.000000
vn 0.000000 0.000000 1.000000
vn 0.000000 0.000000 1.000000
vn 0.000000 -1.000000 0.000000
vn 0.000000 -1.000000 0.000000
vn 0.000000 -1.000000 0.000000
vn 0.000000 -1.000000 0.000000
vn 0.000000 0.000000 -1.000000
vn 0.000000 0.000000 -1.000000
vn 1.000000 0.000000 0.000000
vn 0.999587 0.000000 0.028730
vn 0.941414 0.000000 0.337253
vn 0.756375 0.000000 0.654139
vn 0.431989 0.000000 0.901879
vn 0.001635 0.000000 0.999999
vn 0.000000 0.000000 1.000000
vn 0.000002 0.000000 1.000000
vn -0.000040 0.000000 1.000000
vn 0.000000 0.000000 1.000000
vn 0.000002 0.000000 1.000000
vn -0.075199 -0.000001 0.997169
vn -0.431245 -0.000002 0.902235
vn -0.756390 0.000002 0.654121
vn -0.941515 0.000004 0.336970
vn -0.999588 0.000001 0.028698
vn -1.000000 0.000000 0.000000
vn -1.000000 0.000000 0.000000
vn -0.999433 0.000001 -0.033671
vn -0.941507 0.000004 -0.336992
vn -0.756376 0.000001 -0.654137
vn -0.431273 -0.000002 -0.902222
vn -0.075225 -0.000001 -0.997167
vn -0.000026 0.000000 -1.000000
vn 0.000000 0.000000 -1.000000
vn 0.000041 0.000000 -1.000000
vn 0.000038 0.000000 -1.000000
vn -0.000000 0.000000 -1.000000
vn 0.001634 0.000000 -0.999999
vn 0.431998 0.000000 -0.901875
vn 0.756371 0.000000 -0.654143
vn 0.941410 0.000000 -0.337264
vn 0.999432 0.000000 -0.033705
vn 1.000000 0.000000 0.000000
vn 0.000000 0.000000 1.000000
vn 0.000000 0.000000 1.000000
vn 1.000000 0.000000 0.000000
vn 1.000000 0.000000 0.000000
vn 1.000000 0.000000 0.000000
vn 1.000000 0.000000 0.000000
vn 0.000000 0.000000 -1.000000
vn 0.000000 0.000000 -1.000000
vn 1.000000 0.000000 0.000000
vn 0.999587 0.000000 0.028731
vn 0.941412 0.000000 0.337257
vn 0.756373 0.000000 0.654140
vn 0.431990 0.000000 0.901879
vn 0.001635 0.000000 0.999999
vn 0.000000 0.000000 1.000000
vn -0.000004 0.000000 1.000000
vn -0.000031 0.000000 1.000000
vn 0.000005 0.000000 1.000000
vn 0.000000 0.000000 1.000000
vn -0.077631 -0.000001 0.996982
vn -0.433011 -0.000001 0.901389
vn -0.756404 0.000002 0.654105
vn -0.941030 0.000004 0.338322
vn -0.999580 0.000001 0.028981
vn -1.000000 0.000000 0.000000
vn -1.000000 0.000000 0.000000
vn -0.999422 0.000001 -0.033991
vn -0.941023 0.000004 -0.338344
vn -0.756391 0.000002 -0.654120
vn -0.433037 -0.000001 -0.901376
vn -0.077653 -0.000001 -0.996980
vn -0.000023 0.000000 -1.000000
vn -0.000000 0.000000 -1.000000
vn 0.000034 0.000000 -1.000000
vn 0.000043 0.000000 -1.000000
vn -0.000000 0.000000 -1.000000
vn 0.001633 0.000000 -0.999999
vn 0.431983 0.000000 -0.901882
vn 0.756372 0.000000 -0.654142
vn 0.941414 0.000000 -0.337252
vn 0.999432 0.000000 -0.033702
vn 1.000000 0.000000 0.000000
vn 0.000000 0.000000 1.000000
vn 0.000000 0.000000 1.000000
vn 0.000000 0.000000 -1.000000
vn 0.000000 0.000000 -1.000000
vn 1.000000 0.000000 0.000000
vn 0.999587 0.000000 0.028729
vn 0.941416 0.000000 0.337248
vn 0.756370 0.000000 0.654144
vn 0.431946 0.000000 0.901899
vn 0.001634 0.000000 0.999999
vn 0.000000 0.000000 1.000000
vn 0.000034 0.000000 1.000000
vn -0.000025 0.000000 1.000000
vn -0.000031 0.000000 1.000000
vn 0.000020 0.000000 1.000000
vn -0.075414 -0.000001 0.997152
vn -0.430574 -0.000002 0.902556
vn -0.756346 0.000001 0.654171
vn -0.941625 0.000002 0.336664
vn -0.999590 0.000000 0.028642
vn -1.000000 0.000000 0.000000
vn -1.000000 0.000000 0.000000
vn -0.999435 0.000000 -0.033609
vn -0.941622 0.000002 -0.336671
vn -0.756347 0.000001 -0.654170
vn -0.430546 -0.000002 -0.902569
vn -0.075413 -0.000001 -0.997152
vn -0.000021 0.000000 -1.000000
vn -0.000030 0.000000 -1.000000
vn -0.000037 0.000000 -1.000000
vn 0.000005 0.000000 -1.000000
vn 0.000000 0.000000 -1.000000
vn 0.001634 0.000000 -0.999999
vn 0.431964 0.000000 -0.901891
vn 0.756375 0.000000 -0.654139
vn 0.941411 0.000000 -0.337261
vn 0.999432 0.000000 -0.033706
vn 1.000000 0.000000 0.000000
vn 0.000000 0.000000 1.000000
vn 0.000000 0.000000 1.000000
vn 1.000000 0.000000 0.000000
vn 1.000000 0.000000 0.000000
vn 1.000000 0.000000 0.000000
vn 1.000000 0.000000 0.000000
vn 0.000000 0.000000 -1.000000
vn 0.000000 0.000000 -1.000000
vn 0.000000 0.000000 1.000000
vn 0.000000 0.000000 1.000000
vn 0.707140 -0.707073 0.000000
vn 0.707140 -0.707073 0.000000
vn 0.707140 -0.707073 0.000000
vn 0.707140 -0.707073 0.000000
vn 0.707124 0.000000 0.707090
vn 0.707124 0.000000 0.707090
vn 0.707124 0.000000 0.707090
vn 0.707124 0.000000 0.707090
vn 0.707140 0.707073 0.000000
vn 0.707140 0.707073 0.000000
vn 0.707140 0.707073 0.000000
vn 0.707140 0.707073 0.000000
vn 0.707141 0.000000 -0.707072
vn 0.707141 0.000000 -0.707072
vn 0.707141 0.000000 -0.707072
vn 0.707141 0.000000 -0.707072
vn 0.707140 -0.707073 0.000000
vn 0.707140 -0.707073 0.000000
vn 0.707140 -0.707073 0.000000
vn 0.707140 -0.707073 0.000000
vn 0.707107 0.000000 0.707107
vn 0.707107 0.000000 0.707107
vn 0.707107 0.000000 0.707107
vn 0.707107 0.000000 0.707107
vn 0.707140 0.707073 0.000000
vn 0.707140 0.707073 0.000000
vn 0.707140 0.707073 0.000000
vn 0.707140 0.707073 0.000000
vn 0.707134 0.000000 -0.707079
vn 0.707134 0.000000 -0.707079
vn 0.707134 0.000000 -0.707079
vn 0.707134 0.000000 -0.707079
vn 1.000000 0.000000 0.000000
vn 1.000000 0.000000 0.000000
vn 1.000000 0.000000 0.000000
vn 1.000000 0.000000 0.000000
vn 1.000000 0.000000 0.000000
vn 1.000000 0.000000 0.000000
vn 1.000000 0.000000 0.000000
vn 1.000000 0.000000 0.000000
vn 0.000000 0.000000 1.000000
vn 0.000000 0.000000 1.000000
vn 0.000000 0.000000 1.000000
vn 0.000000 0.000000 1.000000
vn 0.000000 -1.000000 0.000000
vn 0.000000 -1.000000 0.000000
vn 0.000000 -1.000000 0.000000
vn 0.000000 -1.000000 0.000000
vn 0.000000 0.000000 -1.000000
vn 0.000000 0.000000 -1.000000
vn 0.000000 0.000000 -1.000000
vn 0.000000 0.000000 -1.000000
vn 0.000000 1.000000 0.000000
vn 0.000000 1.000000 0.000000
vn 0.000000 1.000000 0.000000
vn 0.000000 1.000000 0.000000
vn 0.000000 0.000000 1.000000
vn 0.000000 0.000000 1.000000
vn 0.000000 0.000000 1.000000
vn 0.000000 0.000000 1.000000
vn 0.000000 -1.000000 0.000000
vn 0.000000 -1.000000 0.000000
vn 0.000000 -1.000000 0.000000
vn 0.000000 -1.000000 0.000000
vn 0.000000 0.000000 -1.000000
vn 0.000000 0.000000 -1.000000
vn 0.000000 0.000000 -1.000000
vn 0.000000 0.000000 -1.000000
vn 0.000000 1.000000 0.000000
vn 0.000000 1.000000 0.000000
vn 0.000000 1.000000 0.000000
vn 0.000000 1.000000 0.000000
vn -0.008140 0.999938 0.007615
vn -0.447643 0.782915 0.432043
vn 0.447630 0.782926 0.432036
vn 0.008140 0.999938 0.007615
vn 0.000000 0.573641 0.819107
vn 0.000000 0.573641 0.819107
vn 0.000000 0.184427 0.982846
vn 0.000000 0.106591 0.994303
vn 0.000000 0.106593 0.994303
vn 0.000000 0.184427 0.982846
vn 0.008140 0.999938 -0.007615
vn -0.008140 0.999938 -0.007615
vn 0.986094 0.166189 0.000000
vn 0.995450 0.095280 0.000000
vn 0.995450 0.095280 0.000000
vn 0.986094 0.166189 0.000000
vn 0.447630 0.782925 -0.432036
vn 0.846438 0.532487 0.000000
vn 0.846438 0.532487 0.000000
vn -0.995449 0.095298 0.000000
vn -0.986089 0.166218 0.000000
vn -0.986089 0.166218 0.000000
vn -0.995449 0.095298 0.000000
vn -0.846455 0.532461 0.000000
vn -0.447644 0.782914 -0.432043
vn -0.846455 0.532461 0.000000
vn 0.000000 0.106591 -0.994303
vn 0.000000 0.184427 -0.982846
vn 0.000000 0.184427 -0.982846
vn 0.000000 0.106593 -0.994303
vn 0.000000 0.573639 -0.819108
vn 0.000000 0.573639 -0.819108
vn -0.419303 -0.907847 0.000000
vn -0.419303 -0.907846 0.000000
vn -0.419303 -0.907846 0.000000
vn -0.419303 -0.907847 0.000000
vn 0.000000 -0.914071 0.405554
vn 0.000000 -0.914071 0.405554
vn 0.000000 -0.914071 0.405554
vn 0.000000 -0.914071 0.405554
vn 0.419307 -0.907844 0.000000
vn 0.419307 -0.907844 0.000000
vn 0.419307 -0.907844 0.000000
vn 0.419307 -0.907844 0.000000
vn 0.000000 -0.914071 -0.405554
vn 0.000000 -0.914071 -0.405554
vn 0.000000 -0.914071 -0.405554
vn 0.000000 -0.914071 -0.405554
vn 0.000000 -1.000000 0.000000
vn 0.000000 -1.000000 0.000000
vn 0.000000 -1.000000 0.000000
vn 0.000000 -1.000000 0.000000
vn 0.000000 0.000000 1.000000
vn 0.000000 0.000000 1.000000
vn 0.000000 0.000000 -1.000000
vn 0.000000 0.000000 -1.000000
vn 1.000000 0.000000 0.000000
vn 1.000000 0.000000 0.000000
vn -1.000000 0.000000 0.000000
vn -1.000000 0.000000 0.000000
s 1
g counter_body
usemtl initialShadingGroup
f 4/1/1 3/60/2 402/445/3 403/446/4
f 3/60/2 2/58/5 401/443/6 402/445/3
f 2/59/5 1/57/7 400/442/8 401/444/6
f 1/57/7 12/44/9 399/441/10 400/442/8
f 8/2/11 7/64/12 17/71/13 16/38/14
f 7/64/12 6/62/15 18/73/16 17/71/13
f 6/63/15 5/61/17 19/74/18 18/72/16
f 5/61/17 4/1/1 20/3/19 19/74/18
f 12/44/9 11/67/20 513/564/21 514/565/22
f 11/67/20 10/66/23 512/563/24 513/564/21
f 10/66/23 9/65/25 511/562/26 512/563/24
f 9/65/25 8/2/11 510/561/27 511/562/26
f 16/38/14 15/70/28 508/559/29 509/560/30
f 15/70/28 14/69/31 507/558/32 508/559/29
f 14/69/31 13/68/33 506/557/34 507/558/32
f 13/68/33 28/50/35 505/556/36 506/557/34
f 24/4/37 23/77/38 407/450/39 408/451/40
f 23/77/38 22/76/41 406/449/42 407/450/39
f 22/76/41 21/75/43 405/448/44 406/449/42
f 21/75/43 20/3/19 404/447/45 405/448/44
f 28/50/35 27/81/46 129/162/47 140/51/48
f 27/81/46 26/79/49 130/164/50 129/162/47
f 26/80/49 25/78/51 131/165/52 130/163/50
f 25/78/51 24/4/37 132/21/53 131/165/52
f 32/5/54 31/84/55 181/208/56 180/56/57
f 31/84/55 30/83/58 182/209/59 181/208/56
f 30/83/58 29/82/60 183/210/61 182/209/59
f 29/82/60 44/52/62 184/31/63 183/210/61
f 36/45/64 35/88/65 396/438/66 397/439/67
f 35/88/65 34/86/68 395/436/69 396/438/66
f 34/87/68 33/85/70 394/435/71 395/437/69
f 33/85/70 32/5/54 393/434/72 394/435/71
f 44/52/62 43/94/73 49/98/74 48/53/75
f 43/94/73 42/93/76 50/99/77 49/98/74
f 42/93/76 41/92/78 51/100/79 50/99/77
f 41/92/78 40/6/80 52/7/81 51/100/79
f 48/53/75 47/97/82 197/220/83 196/32/84
f 47/97/82 46/96/85 198/221/86 197/220/83
f 46/96/85 45/95/87 199/222/88 198/221/86
f 45/95/87 64/54/89 200/33/90 199/222/88
f 60/9/91 59/106/92 141/173/93 152/47/94
f 59/106/92 58/105/95 142/174/96 141/173/93
f 58/105/95 57/104/97 143/175/98 142/174/96
f 57/104/97 56/8/99 144/23/100 143/175/98
f 64/54/89 63/109/101 423/468/102 424/469/103
f 63/109/101 62/108/104 422/467/105 423/468/102
f 62/108/104 61/107/106 421/466/107 422/467/105
f 61/107/106 60/9/91 420/465/108 421/466/107
f 68/11/109 67/112/110 221/238/111 220/37/112
f 67/112/110 66/111/113 222/239/114 221/238/111
f 66/111/113 65/110/115 223/240/116 222/239/114
f 65/110/115 80/10/117 224/30/118 223/240/116
f 72/13/119 71/115/120 97/136/121 96/42/122
f 71/115/120 70/114/123 98/137/124 97/136/121
f 70/114/123 69/113/125 99/138/126 98/137/124
f 69/113/125 68/11/109 100/14/127 99/138/126
f 517/568/128 518/569/129 105/143/130 104/12/131
f 518/569/129 519/570/132 106/145/133 105/143/130
f 519/571/132 520/572/134 107/146/135 106/144/133
f 520/572/134 521/573/136 108/18/137 107/146/135
f 84/55/138 83/126/139 209/229/140 208/34/141
f 83/126/139 82/125/142 210/230/143 209/229/140
f 82/125/142 81/124/144 211/231/145 210/230/143
f 81/124/144 100/14/127 212/36/146 211/231/145
f 92/16/147 91/132/148 153/183/149 164/48/150
f 91/132/148 90/131/151 154/184/152 153/183/149
f 90/131/151 89/130/153 155/185/154 154/184/152
f 89/130/153 88/15/155 156/25/156 155/185/154
f 522/574/157 523/575/158 121/156/159 120/19/160
f 523/575/158 524/576/161 122/157/162 121/156/159
f 524/576/161 525/577/163 123/158/164 122/157/162
f 525/577/163 526/578/165 124/20/166 123/158/164
f 112/43/167 111/149/168 117/153/169 116/17/170
f 111/149/168 110/148/171 118/154/172 117/153/169
f 110/148/171 109/147/173 119/155/174 118/154/172
f 109/147/173 108/18/137 120/19/160 119/155/174
f 128/49/175 127/161/176 165/194/177 176/22/178
f 127/161/176 126/160/179 166/195/180 165/194/177
f 126/160/179 125/159/181 167/196/182 166/195/180
f 125/159/181 124/20/166 168/27/183 167/196/182
f 136/24/184 135/169/185 412/456/186 413/457/187
f 135/169/185 134/167/188 411/454/189 412/456/186
f 134/168/188 133/166/190 410/453/191 411/455/189
f 133/166/190 132/21/53 409/452/192 410/453/191
f 140/51/48 139/172/193 503/554/194 504/555/195
f 139/172/193 138/171/196 502/553/197 503/554/194
f 138/171/196 137/170/198 501/552/199 502/553/197
f 137/170/198 136/24/184 534/587/200 501/552/199
f 152/47/94 151/182/201 418/463/202 419/464/203
f 151/182/201 150/180/204 417/461/205 418/463/202
f 150/181/204 149/179/206 416/460/207 417/462/205
f 149/179/206 148/26/208 415/459/209 416/460/207
f 527/579/210 528/580/211 169/197/212 168/27/183
f 528/580/211 529/581/213 170/199/214 169/197/212
f 529/582/213 530/583/215 171/200/216 170/198/214
f 530/583/215 531/584/217 172/29/218 171/200/216
f 180/56/57 179/207/219 391/432/220 392/433/221
f 179/207/219 178/206/222 390/431/223 391/432/220
f 178/206/222 177/205/224 389/430/225 390/431/223
f 177/205/224 188/39/226 388/429/227 389/430/225
f 188/39/226 187/213/228 193/217/229 192/40/230
f 187/213/228 186/212/231 194/218/232 193/217/229
f 186/212/231 185/211/233 195/219/234 194/218/232
f 185/211/233 184/31/63 196/32/84 195/219/234
f 192/40/230 191/216/235 386/427/236 387/428/237
f 191/216/235 190/215/238 385/426/239 386/427/236
f 190/215/238 189/214/240 384/425/241 385/426/239
f 189/214/240 200/33/90 383/424/242 384/425/241
f 204/41/243 203/225/244 217/235/245 216/35/246
f 203/225/244 202/224/247 218/236/248 217/235/245
f 202/224/247 201/223/249 219/237/250 218/236/248
f 201/223/249 212/36/146 220/37/112 219/237/250
f 8/2/11 16/38/14 509/560/30 510/561/27
f 188/39/226 192/40/230 387/428/237 388/429/227
f 521/573/136 522/574/157 120/19/160 108/18/137
f 403/446/4 404/447/45 20/3/19 4/1/1
f 136/24/184 413/457/187 533/586/251 534/587/200
f 399/441/10 12/44/9 514/565/22 515/566/252
f 60/9/91 152/47/94 419/464/203 420/465/108
f 124/20/166 526/578/165 527/579/210 168/27/183
f 24/4/37 408/451/40 409/452/192 132/21/53
f 505/556/36 28/50/35 140/51/48 504/555/195
f 44/52/62 48/53/75 196/32/84 184/31/63
f 64/54/89 424/469/103 383/424/242 200/33/90
f 100/14/127 68/11/109 220/37/112 212/36/146
f 393/434/72 32/5/54 180/56/57 392/433/221
f 11/67/20 12/44/9 1/57/7 225/241/253
f 225/241/253 1/57/7 2/59/5 226/243/254
f 226/242/254 2/58/5 3/60/2 227/244/255
f 3/60/2 4/1/1 5/61/17 227/244/255
f 227/244/255 5/61/17 6/63/15 228/246/256
f 228/245/256 6/62/15 7/64/12 229/247/257
f 7/64/12 8/2/11 9/65/25 229/247/257
f 229/247/257 9/65/25 10/66/23 230/248/258
f 230/248/258 10/66/23 11/67/20 225/241/253
f 230/248/258 225/241/253 226/243/254 231/250/259
f 226/242/254 227/244/255 228/246/256 231/249/259
f 228/245/256 229/247/257 230/248/258 231/250/259
f 27/81/46 28/50/35 13/68/33 232/251/260
f 232/251/260 13/68/33 14/69/31 233/252/261
f 233/252/261 14/69/31 15/70/28 234/253/262
f 15/70/28 16/38/14 17/71/13 234/253/262
f 234/253/262 17/71/13 18/73/16 235/255/263
f 235/254/263 18/72/16 19/74/18 236/256/264
f 19/74/18 20/3/19 21/75/43 236/256/264
f 236/256/264 21/75/43 22/76/41 237/257/265
f 237/257/265 22/76/41 23/77/38 238/258/266
f 23/77/38 24/4/37 25/78/51 238/258/266
f 238/258/266 25/78/51 26/80/49 239/260/267
f 239/259/267 26/79/49 27/81/46 232/251/260
f 239/259/267 232/251/260 233/252/261 240/262/268
f 233/252/261 234/253/262 235/255/263 240/262/268
f 235/254/263 236/256/264 237/257/265 240/261/268
f 237/257/265 238/258/266 239/260/267 240/261/268
f 43/94/73 44/52/62 29/82/60 241/263/269
f 241/263/269 29/82/60 30/83/58 242/264/270
f 242/264/270 30/83/58 31/84/55 243/265/271
f 31/84/55 32/5/54 33/85/70 243/265/271
f 243/265/271 33/85/70 34/87/68 244/267/272
f 244/266/272 34/86/68 35/88/65 245/268/273
f 35/88/65 36/45/64 37/89/274 245/268/273
f 245/268/273 37/89/274 38/90/275 246/269/276
f 246/269/276 38/90/275 39/91/277 247/270/278
f 39/91/277 40/6/80 41/92/78 247/270/278
f 247/270/278 41/92/78 42/93/76 248/271/279
f 248/271/279 42/93/76 43/94/73 241/263/269
f 248/271/279 241/263/269 242/264/270 249/272/280
f 242/264/270 243/265/271 244/267/272 249/272/280
f 244/266/272 245/268/273 246/269/276 249/272/280
f 246/269/276 247/270/278 248/271/279 249/272/280
f 63/109/101 64/54/89 45/95/87 250/273/281
f 250/273/281 45/95/87 46/96/85 251/274/282
f 251/274/282 46/96/85 47/97/82 252/275/283
f 47/97/82 48/53/75 49/98/74 252/275/283
f 252/275/283 49/98/74 50/99/77 253/276/284
f 253/276/284 50/99/77 51/100/79 254/277/285
f 51/100/79 52/7/81 53/101/286 254/277/285
f 254/277/285 53/101/286 54/102/287 255/278/288
f 255/278/288 54/102/287 55/103/289 256/279/290
f 55/103/289 56/8/99 57/104/97 256/279/290
f 256/279/290 57/104/97 58/105/95 257/280/291
f 257/280/291 58/105/95 59/106/92 258/281/292
f 59/106/92 60/9/91 61/107/106 258/281/292
f 258/281/292 61/107/106 62/108/104 259/282/293
f 259/282/293 62/108/104 63/109/101 250/273/281
f 259/282/293 250/273/281 251/274/282 260/283/294
f 251/274/282 252/275/283 253/276/284 260/283/294
f 253/276/284 254/277/285 255/278/288 260/283/294
f 255/278/288 256/279/290 257/280/291 260/283/294
f 257/280/291 258/281/292 259/282/293 260/283/294
f 79/123/295 80/10/117 65/110/115 261/284/296
f 261/284/296 65/110/115 66/111/113 262/285/297
f 262/285/297 66/111/113 67/112/110 263/286/298
f 67/112/110 68/11/109 69/113/125 263/286/298
f 263/286/298 69/113/125 70/114/123 264/287/299
f 264/287/299 70/114/123 71/115/120 265/288/300
f 71/115/120 72/13/119 73/116/301 265/288/300
f 265/288/300 73/116/301 74/118/302 266/290/303
f 266/289/303 74/117/302 75/119/304 267/291/305
f 75/119/304 76/46/306 77/120/307 267/291/305
f 267/291/305 77/120/307 78/122/308 268/293/309
f 268/292/309 78/121/308 79/123/295 261/284/296
f 268/292/309 261/284/296 262/285/297 269/294/310
f 262/285/297 263/286/298 264/287/299 269/294/310
f 264/287/299 265/288/300 266/290/303 269/294/310
f 266/289/303 267/291/305 268/293/309 269/295/310
f 99/138/126 100/14/127 81/124/144 270/296/311
f 270/296/311 81/124/144 82/125/142 271/297/312
f 271/297/312 82/125/142 83/126/139 272/298/313
f 83/126/139 84/55/138 85/127/314 272/298/313
f 272/298/313 85/127/314 86/128/315 273/299/316
f 273/299/316 86/128/315 87/129/317 274/300/318
f 87/129/317 88/15/155 89/130/153 274/300/318
f 274/300/318 89/130/153 90/131/151 275/301/319
f 275/301/319 90/131/151 91/132/148 276/302/320
f 91/132/148 92/16/147 93/133/321 276/302/320
f 276/302/320 93/133/321 94/134/322 277/303/323
f 277/303/323 94/134/322 95/135/324 278/304/325
f 95/135/324 96/42/122 97/136/121 278/304/325
f 278/304/325 97/136/121 98/137/124 279/305/326
f 279/305/326 98/137/124 99/138/126 270/296/311
f 279/305/326 270/296/311 271/297/312 280/306/327
f 271/297/312 272/298/313 273/299/316 280/306/327
f 273/299/316 274/300/318 275/301/319 280/306/327
f 275/301/319 276/302/320 277/303/323 280/306/327
f 277/303/323 278/304/325 279/305/326 280/306/327
f 111/149/168 112/43/167 101/139/328 281/307/329
f 281/307/329 101/139/328 102/141/330 282/309/331
f 282/308/331 102/140/330 103/142/332 283/310/333
f 103/142/332 104/12/131 105/143/130 283/310/333
f 283/310/333 105/143/130 106/145/133 284/312/334
f 284/311/334 106/144/133 107/146/135 285/313/335
f 107/146/135 108/18/137 109/147/173 285/313/335
f 285/313/335 109/147/173 110/148/171 286/314/336
f 286/314/336 110/148/171 111/149/168 281/307/329
f 286/314/336 281/307/329 282/309/331 287/316/337
f 282/308/331 283/310/333 284/312/334 287/315/337
f 284/311/334 285/313/335 286/314/336 287/316/337
f 127/161/176 128/49/175 113/150/338 288/317/339
f 288/317/339 113/150/338 114/151/340 289/318/341
f 289/318/341 114/151/340 115/152/342 290/319/343
f 115/152/342 116/17/170 117/153/169 290/319/343
f 290/319/343 117/153/169 118/154/172 291/320/344
f 291/320/344 118/154/172 119/155/174 292/321/345
f 119/155/174 120/19/160 121/156/159 292/321/345
f 292/321/345 121/156/159 122/157/162 293/322/346
f 293/322/346 122/157/162 123/158/164 294/323/347
f 123/158/164 124/20/166 125/159/181 294/323/347
f 294/323/347 125/159/181 126/160/179 295/324/348
f 295/324/348 126/160/179 127/161/176 288/317/339
f 295/324/348 288/317/339 289/318/341 296/325/349
f 289/318/341 290/319/343 291/320/344 296/325/349
f 291/320/344 292/321/345 293/322/346 296/325/349
f 293/322/346 294/323/347 295/324/348 296/325/349
f 139/172/193 140/51/48 129/162/47 297/326/350
f 297/326/350 129/162/47 130/164/50 298/328/351
f 298/327/351 130/163/50 131/165/52 299/329/352
f 131/165/52 132/21/53 133/166/190 299/329/352
f 299/329/352 133/166/190 134/168/188 300/331/353
f 300/330/353 134/167/188 135/169/185 301/332/354
f 135/169/185 136/24/184 137/170/198 301/332/354
f 301/332/354 137/170/198 138/171/196 302/333/355
f 302/333/355 138/171/196 139/172/193 297/326/350
f 302/333/355 297/326/350 298/328/351 303/335/356
f 298/327/351 299/329/352 300/331/353 303/334/356
f 300/330/353 301/332/354 302/333/355 303/335/356
f 151/182/201 152/47/94 141/173/93 304/336/357
f 304/336/357 141/173/93 142/174/96 305/337/358
f 305/337/358 142/174/96 143/175/98 306/338/359
f 143/175/98 144/23/100 145/176/360 306/338/359
f 306/338/359 145/176/360 146/177/361 307/339/362
f 307/339/362 146/177/361 147/178/363 308/340/364
f 147/178/363 148/26/208 149/179/206 308/340/364
f 308/340/364 149/179/206 150/181/204 309/342/365
f 309/341/365 150/180/204 151/182/201 304/336/357
f 309/341/365 304/336/357 305/337/358 310/343/366
f 305/337/358 306/338/359 307/339/362 310/343/366
f 307/339/362 308/340/364 309/342/365 310/343/366
f 163/193/367 164/48/150 153/183/149 311/344/368
f 311/344/368 153/183/149 154/184/152 312/345/369
f 312/345/369 154/184/152 155/185/154 313/346/370
f 155/185/154 156/25/156 157/186/371 313/346/370
f 313/346/370 157/186/371 158/188/372 314/348/373
f 314/347/373 158/187/372 159/189/374 315/349/375
f 159/189/374 160/28/376 161/190/377 315/349/375
f 315/349/375 161/190/377 162/192/378 316/351/379
f 316/350/379 162/191/378 163/193/367 311/344/368
f 316/350/379 311/344/368 312/345/369 317/352/380
f 312/345/369 313/346/370 314/348/373 317/352/380
f 314/347/373 315/349/375 316/351/379 317/353/380
f 175/204/381 176/22/178 165/194/177 318/354/382
f 318/354/382 165/194/177 166/195/180 319/355/383
f 319/355/383 166/195/180 167/196/182 320/356/384
f 167/196/182 168/27/183 169/197/212 320/356/384
f 320/356/384 169/197/212 170/199/214 321/358/385
f 321/357/385 170/198/214 171/200/216 322/359/386
f 171/200/216 172/29/218 173/201/387 322/359/386
f 322/359/386 173/201/387 174/203/388 323/361/389
f 323/360/389 174/202/388 175/204/381 318/354/382
f 323/360/389 318/354/382 319/355/383 324/362/390
f 319/355/383 320/356/384 321/358/385 324/362/390
f 321/357/385 322/359/386 323/361/389 324/363/390
f 187/213/228 188/39/226 177/205/224 325/364/391
f 325/364/391 177/205/224 178/206/222 326/365/392
f 326/365/392 178/206/222 179/207/219 327/366/393
f 179/207/219 180/56/57 181/208/56 327/366/393
f 327/366/393 181/208/56 182/209/59 328/367/394
f 328/367/394 182/209/59 183/210/61 329/368/395
f 183/210/61 184/31/63 185/211/233 329/368/395
f 329/368/395 185/211/233 186/212/231 330/369/396
f 330/369/396 186/212/231 187/213/228 325/364/391
f 330/369/396 325/364/391 326/365/392 331/370/397
f 326/365/392 327/366/393 328/367/394 331/370/397
f 328/367/394 329/368/395 330/369/396 331/370/397
f 199/222/88 200/33/90 189/214/240 332/371/398
f 332/371/398 189/214/240 190/215/238 333/372/399
f 333/372/399 190/215/238 191/216/235 334/373/400
f 191/216/235 192/40/230 193/217/229 334/373/400
f 334/373/400 193/217/229 194/218/232 335/374/401
f 335/374/401 194/218/232 195/219/234 336/375/402
f 195/219/234 196/32/84 197/220/83 336/375/402
f 336/375/402 197/220/83 198/221/86 337/376/403
f 337/376/403 198/221/86 199/222/88 332/371/398
f 337/376/403 332/371/398 333/372/399 338/377/404
f 333/372/399 334/373/400 335/374/401 338/377/404
f 335/374/401 336/375/402 337/376/403 338/377/404
f 211/231/145 212/36/146 201/223/249 339/378/405
f 339/378/405 201/223/249 202/224/247 340/379/406
f 340/379/406 202/224/247 203/225/244 341/380/407
f 203/225/244 204/41/243 205/226/408 341/380/407
f 341/380/407 205/226/408 206/227/409 342/381/410
f 342/381/410 206/227/409 207/228/411 343/382/412
f 207/228/411 208/34/141 209/229/140 343/382/412
f 343/382/412 209/229/140 210/230/143 344/383/413
f 344/383/413 210/230/143 211/231/145 339/378/405
f 344/383/413 339/378/405 340/379/406 345/384/414
f 340/379/406 341/380/407 342/381/410 345/384/414
f 342/381/410 343/382/412 344/383/413 345/384/414
f 223/240/116 224/30/118 213/232/415 346/385/416
f 346/385/416 213/232/415 214/233/417 347/386/418
f 347/386/418 214/233/417 215/234/419 348/387/420
f 215/234/419 216/35/246 217/235/245 348/387/420
f 348/387/420 217/235/245 218/236/248 349/388/421
f 349/388/421 218/236/248 219/237/250 350/389/422
f 219/237/250 220/37/112 221/238/111 350/389/422
f 350/389/422 221/238/111 222/239/114 351/390/423
f 351/390/423 222/239/114 223/240/116 346/385/416
f 351/390/423 346/385/416 347/386/418 352/391/424
f 347/386/418 348/387/420 349/388/421 352/391/424
f 349/388/421 350/389/422 351/390/423 352/391/424
f 354/393/425 353/392/426 145/176/360 144/23/100
f 56/8/99 355/394/427 354/393/425 144/23/100
f 356/395/428 355/394/427 56/8/99 55/103/289
f 357/396/429 356/395/428 55/103/289 54/102/287
f 358/397/430 357/396/429 54/102/287 53/101/286
f 359/398/431 358/397/430 53/101/286 52/7/81
f 360/399/432 359/398/431 52/7/81 40/6/80
f 361/400/433 360/399/432 40/6/80 39/91/277
f 362/401/434 361/400/433 39/91/277 38/90/275
f 363/402/435 362/401/434 38/90/275 37/89/274
f 364/403/436 363/402/435 37/89/274 36/45/64
f 398/440/437 364/403/436 36/45/64 397/439/67
f 76/46/306 75/119/304 366/405/438 365/404/439
f 75/119/304 74/117/302 367/406/440 366/405/438
f 74/118/302 73/116/301 368/408/441 367/407/440
f 73/116/301 72/13/119 369/409/442 368/408/441
f 72/13/119 96/42/122 370/410/443 369/409/442
f 96/42/122 95/135/324 371/411/444 370/410/443
f 95/135/324 94/134/322 372/412/445 371/411/444
f 94/134/322 93/133/321 373/413/446 372/412/445
f 93/133/321 92/16/147 374/414/447 373/413/446
f 375/415/448 374/414/447 92/16/147 164/48/150
f 164/48/150 163/193/367 376/416/449 375/415/448
f 163/193/367 162/191/378 377/417/450 376/416/449
f 162/192/378 161/190/377 378/419/451 377/418/450
f 161/190/377 160/28/376 379/420/452 378/419/451
f 380/421/453 414/458/454 415/459/209 148/26/208
f 381/422/455 380/421/453 148/26/208 147/178/363
f 382/423/456 381/422/455 147/178/363 146/177/361
f 353/392/426 382/423/456 146/177/361 145/176/360
f 384/425/241 383/424/242 425/470/457 426/471/458
f 385/426/239 384/425/241 426/471/458 427/472/459
f 386/427/236 385/426/239 427/472/459 428/473/460
f 387/428/237 386/427/236 428/473/460 429/474/461
f 388/429/227 387/428/237 429/474/461 430/475/462
f 389/430/225 388/429/227 430/475/462 431/476/463
f 390/431/223 389/430/225 431/476/463 432/477/464
f 391/432/220 390/431/223 432/477/464 433/478/465
f 392/433/221 391/432/220 433/478/465 434/479/466
f 435/480/467 393/434/72 392/433/221 434/479/466
f 394/435/71 393/434/72 435/480/467 436/481/468
f 395/437/69 394/435/71 436/481/468 437/483/469
f 396/438/66 395/436/69 437/482/469 438/484/470
f 397/439/67 396/438/66 438/484/470 439/485/471
f 440/486/472 398/440/437 397/439/67 439/485/471
f 441/487/473 399/441/10 515/566/252 516/567/474
f 400/442/8 399/441/10 441/487/473 442/488/475
f 401/444/6 400/442/8 442/488/475 443/490/476
f 402/445/3 401/443/6 443/489/476 444/491/477
f 403/446/4 402/445/3 444/491/477 445/492/478
f 445/492/478 446/493/479 404/447/45 403/446/4
f 405/448/44 404/447/45 446/493/479 447/494/480
f 406/449/42 405/448/44 447/494/480 448/495/481
f 407/450/39 406/449/42 448/495/481 449/496/482
f 408/451/40 407/450/39 449/496/482 450/497/483
f 409/452/192 408/451/40 450/497/483 451/498/484
f 410/453/191 409/452/192 451/498/484 452/499/485
f 411/455/189 410/453/191 452/499/485 453/501/486
f 412/456/186 411/454/189 453/500/486 454/502/487
f 413/457/187 412/456/186 454/502/487 455/503/488
f 533/586/251 413/457/187 455/503/488 532/585/489
f 415/459/209 414/458/454 456/504/490 457/505/491
f 416/460/207 415/459/209 457/505/491 458/506/492
f 417/462/205 416/460/207 458/506/492 459/508/493
f 418/463/202 417/461/205 459/507/493 460/509/494
f 419/464/203 418/463/202 460/509/494 461/510/495
f 420/465/108 419/464/203 461/510/495 462/511/496
f 421/466/107 420/465/108 462/511/496 463/512/497
f 422/467/105 421/466/107 463/512/497 464/513/498
f 423/468/102 422/467/105 464/513/498 465/514/499
f 424/469/103 423/468/102 465/514/499 466/515/500
f 383/424/242 424/469/103 466/515/500 425/470/457
f 426/471/458 425/470/457 208/34/141 207/228/411
f 427/472/459 426/471/458 207/228/411 206/227/409
f 428/473/460 427/472/459 206/227/409 205/226/408
f 429/474/461 428/473/460 205/226/408 204/41/243
f 430/475/462 429/474/461 204/41/243 216/35/246
f 431/476/463 430/475/462 216/35/246 215/234/419
f 432/477/464 431/476/463 215/234/419 214/233/417
f 433/478/465 432/477/464 214/233/417 213/232/415
f 434/479/466 433/478/465 213/232/415 224/30/118
f 80/10/117 435/480/467 434/479/466 224/30/118
f 436/481/468 435/480/467 80/10/117 79/123/295
f 437/483/469 436/481/468 79/123/295 78/121/308
f 438/484/470 437/482/469 78/122/308 77/120/307
f 439/485/471 438/484/470 77/120/307 76/46/306
f 365/404/439 440/486/472 439/485/471 76/46/306
f 104/12/131 441/487/473 516/567/474 517/568/128
f 442/488/475 441/487/473 104/12/131 103/142/332
f 443/490/476 442/488/475 103/142/332 102/140/330
f 444/491/477 443/489/476 102/141/330 101/139/328
f 445/492/478 444/491/477 101/139/328 112/43/167
f 112/43/167 116/17/170 446/493/479 445/492/478
f 447/494/480 446/493/479 116/17/170 115/152/342
f 448/495/481 447/494/480 115/152/342 114/151/340
f 449/496/482 448/495/481 114/151/340 113/150/338
f 450/497/483 449/496/482 113/150/338 128/49/175
f 451/498/484 450/497/483 128/49/175 176/22/178
f 452/499/485 451/498/484 176/22/178 175/204/381
f 453/501/486 452/499/485 175/204/381 174/202/388
f 454/502/487 453/500/486 174/203/388 173/201/387
f 455/503/488 454/502/487 173/201/387 172/29/218
f 532/585/489 455/503/488 172/29/218 531/584/217
f 457/505/491 456/504/490 379/420/452 160/28/376
f 458/506/492 457/505/491 160/28/376 159/189/374
f 459/508/493 458/506/492 159/189/374 158/187/372
f 460/509/494 459/507/493 158/188/372 157/186/371
f 461/510/495 460/509/494 157/186/371 156/25/156
f 462/511/496 461/510/495 156/25/156 88/15/155
f 463/512/497 462/511/496 88/15/155 87/129/317
f 464/513/498 463/512/497 87/129/317 86/128/315
f 465/514/499 464/513/498 86/128/315 85/127/314
f 466/515/500 465/514/499 85/127/314 84/55/138
f 425/470/457 466/515/500 84/55/138 208/34/141
f 468/517/501 467/516/502 380/421/453 381/422/455
f 469/518/503 468/517/501 381/422/455 382/423/456
f 470/519/504 469/518/503 382/423/456 353/392/426
f 471/520/505 470/519/504 353/392/426 354/393/425
f 355/394/427 472/521/506 471/520/505 354/393/425
f 473/522/507 472/521/506 355/394/427 356/395/428
f 474/523/508 473/522/507 356/395/428 357/396/429
f 475/524/509 474/523/508 357/396/429 358/397/430
f 476/525/510 475/524/509 358/397/430 359/398/431
f 477/526/511 476/525/510 359/398/431 360/399/432
f 478/527/512 477/526/511 360/399/432 361/400/433
f 479/528/513 478/527/512 361/400/433 362/401/434
f 480/529/514 479/528/513 362/401/434 363/402/435
f 481/530/515 480/529/514 363/402/435 364/403/436
f 482/531/516 481/530/515 364/403/436 398/440/437
f 483/532/517 482/531/516 398/440/437 440/486/472
f 484/533/518 483/532/517 440/486/472 365/404/439
f 365/404/439 366/405/438 485/534/519 484/533/518
f 366/405/438 367/406/440 486/535/520 485/534/519
f 367/407/440 368/408/441 487/537/521 486/536/520
f 368/408/441 369/409/442 488/538/522 487/537/521
f 369/409/442 370/410/443 489/539/523 488/538/522
f 370/410/443 371/411/444 490/540/524 489/539/523
f 371/411/444 372/412/445 491/541/525 490/540/524
f 372/412/445 373/413/446 492/542/526 491/541/525
f 373/413/446 374/414/447 493/543/527 492/542/526
f 494/544/528 493/543/527 374/414/447 375/415/448
f 375/415/448 376/416/449 495/545/529 494/544/528
f 376/416/449 377/417/450 496/546/530 495/545/529
f 377/418/450 378/419/451 497/548/531 496/547/530
f 378/419/451 379/420/452 498/549/532 497/548/531
f 456/504/490 499/550/533 498/549/532 379/420/452
f 414/458/454 500/551/534 499/550/533 456/504/490
f 467/516/502 500/551/534 414/458/454 380/421/453
f 502/553/197 501/552/199 543/594/535 544/595/536
f 503/554/194 502/553/197 544/595/536 545/596/537
f 504/555/195 503/554/194 545/596/537 546/597/538
f 547/598/539 505/556/36 504/555/195 546/597/538
f 506/557/34 505/556/36 547/598/539 548/599/540
f 507/558/32 506/557/34 548/599/540 549/600/541
f 508/559/29 507/558/32 549/600/541 550/601/542
f 509/560/30 508/559/29 550/601/542 551/602/543
f 510/561/27 509/560/30 551/602/543 552/603/544
f 511/562/26 510/561/27 552/603/544 553/604/545
f 512/563/24 511/562/26 553/604/545 554/605/546
f 513/564/21 512/563/24 554/605/546 555/606/547
f 514/565/22 513/564/21 555/606/547 556/607/548
f 515/566/252 514/565/22 556/607/548 557/608/549
f 516/567/474 515/566/252 557/608/549 558/609/550
f 517/568/128 516/567/474 558/609/550 559/610/551
f 559/610/551 560/611/552 518/569/129 517/568/128
f 560/611/552 561/612/553 519/570/132 518/569/129
f 561/613/553 562/614/554 520/572/134 519/571/132
f 562/614/554 563/615/555 521/573/136 520/572/134
f 563/615/555 564/616/556 522/574/157 521/573/136
f 564/616/556 565/617/557 523/575/158 522/574/157
f 565/617/557 566/618/558 524/576/161 523/575/158
f 566/618/558 567/619/559 525/577/163 524/576/161
f 567/619/559 568/620/560 526/578/165 525/577/163
f 527/579/210 526/578/165 568/620/560 569/621/561
f 569/621/561 570/622/562 528/580/211 527/579/210
f 570/622/562 571/623/563 529/581/213 528/580/211
f 571/624/563 572/625/564 530/583/215 529/582/213
f 572/625/564 573/626/565 531/584/217 530/583/215
f 574/627/566 532/585/489 531/584/217 573/626/565
s off
f 540/744/567 535/589/568 537/590/569 539/746/570
s 1
f 534/587/200 533/586/251 541/592/571 542/593/572
f 501/552/199 534/587/200 542/593/572 543/594/535
s 18
f 541/592/573 533/586/574 535/589/575 540/744/576
s off
f 533/586/577 532/585/578 537/590/579 535/589/580
s 19
f 532/585/581 574/627/582 539/746/583 537/590/584
s off
f 499/550/585 500/551/586 536/588/587 538/591/588
s 18
f 577/628/589 541/592/573 540/744/576 576/750/590
s 1
f 542/593/572 541/592/571 577/628/591 578/629/592
f 543/594/535 542/593/572 578/629/592 579/630/593
f 544/595/536 543/594/535 579/630/593 580/631/594
f 545/596/537 544/595/536 580/631/594 581/632/595
f 546/597/538 545/596/537 581/632/595 582/633/596
f 583/634/597 547/598/539 546/597/538 582/633/596
f 548/599/540 547/598/539 583/634/597 584/635/598
f 549/600/541 548/599/540 584/635/598 585/636/599
f 550/601/542 549/600/541 585/636/599 586/637/600
f 551/602/543 550/601/542 586/637/600 587/638/601
f 552/603/544 551/602/543 587/638/601 588/639/602
f 553/604/545 552/603/544 588/639/602 589/640/603
f 554/605/546 553/604/545 589/640/603 590/641/604
f 555/606/547 554/605/546 590/641/604 591/642/605
f 556/607/548 555/606/547 591/642/605 592/643/606
f 557/608/549 556/607/548 592/643/606 593/644/607
f 558/609/550 557/608/549 593/644/607 594/645/608
f 559/610/551 558/609/550 594/645/608 595/646/609
f 595/646/609 596/647/610 560/611/552 559/610/551
f 596/647/610 597/648/611 561/612/553 560/611/552
f 597/649/611 598/650/612 562/614/554 561/613/553
f 598/650/612 599/651/613 563/615/555 562/614/554
f 599/651/613 600/652/614 564/616/556 563/615/555
f 600/652/614 601/653/615 565/617/557 564/616/556
f 601/653/615 602/654/616 566/618/558 565/617/557
f 602/654/616 603/655/617 567/619/559 566/618/558
f 603/655/617 604/656/618 568/620/560 567/619/559
f 569/621/561 568/620/560 604/656/618 605/657/619
f 605/657/619 606/658/620 570/622/562 569/621/561
f 606/658/620 607/659/621 571/623/563 570/622/562
f 607/660/621 608/661/622 572/625/564 571/624/563
f 608/661/622 609/662/623 573/626/565 572/625/564
f 610/663/624 574/627/566 573/626/565 609/662/623
s 19
f 539/746/583 574/627/582 610/663/625 575/748/626
s off
f 612/752/627 576/750/628 575/748/629 611/754/630
s 18
f 613/664/631 577/628/589 576/750/590 612/752/632
s 1
f 578/629/592 577/628/591 613/664/633 614/665/634
f 579/630/593 578/629/592 614/665/634 615/666/635
f 580/631/594 579/630/593 615/666/635 616/667/636
f 581/632/595 580/631/594 616/667/636 617/668/637
f 582/633/596 581/632/595 617/668/637 618/669/638
f 619/670/639 583/634/597 582/633/596 618/669/638
f 584/635/598 583/634/597 619/670/639 620/671/640
f 585/636/599 584/635/598 620/671/640 621/672/641
f 586/637/600 585/636/599 621/672/641 622/673/642
f 587/638/601 586/637/600 622/673/642 623/674/643
f 588/639/602 587/638/601 623/674/643 624/675/644
f 589/640/603 588/639/602 624/675/644 625/676/645
f 590/641/604 589/640/603 625/676/645 626/677/646
f 591/642/605 590/641/604 626/677/646 627/678/647
f 592/643/606 591/642/605 627/678/647 628/679/648
f 593/644/607 592/643/606 628/679/648 629/680/649
f 594/645/608 593/644/607 629/680/649 630/681/650
f 595/646/609 594/645/608 630/681/650 631/682/651
f 631/682/651 632/683/652 596/647/610 595/646/609
f 632/683/652 633/684/653 597/648/611 596/647/610
f 633/685/653 634/686/654 598/650/612 597/649/611
f 634/686/654 635/687/655 599/651/613 598/650/612
f 635/687/655 636/688/656 600/652/614 599/651/613
f 636/688/656 637/689/657 601/653/615 600/652/614
f 637/689/657 638/690/658 602/654/616 601/653/615
f 638/690/658 639/691/659 603/655/617 602/654/616
f 639/691/659 640/692/660 604/656/618 603/655/617
f 605/657/619 604/656/618 640/692/660 641/693/661
f 641/693/661 642/694/662 606/658/620 605/657/619
f 642/694/662 643/695/663 607/659/621 606/658/620
f 643/696/663 644/697/664 608/661/622 607/660/621
f 644/697/664 645/698/665 609/662/623 608/661/622
f 646/699/666 610/663/624 609/662/623 645/698/665
s 19
f 575/748/626 610/663/625 646/699/667 611/754/668
s 18
f 649/700/669 613/664/631 612/752/632 648/758/670
s 1
f 614/665/634 613/664/633 649/700/671 650/701/672
f 615/666/635 614/665/634 650/701/672 651/702/673
f 616/667/636 615/666/635 651/702/673 652/703/674
f 617/668/637 616/667/636 652/703/674 653/704/675
f 618/669/638 617/668/637 653/704/675 654/705/676
f 655/706/677 619/670/639 618/669/638 654/705/676
f 620/671/640 619/670/639 655/706/677 656/707/678
f 621/672/641 620/671/640 656/707/678 657/708/679
f 622/673/642 621/672/641 657/708/679 658/709/680
f 623/674/643 622/673/642 658/709/680 659/710/681
f 624/675/644 623/674/643 659/710/681 660/711/682
f 625/676/645 624/675/644 660/711/682 661/712/683
f 626/677/646 625/676/645 661/712/683 662/713/684
f 627/678/647 626/677/646 662/713/684 663/714/685
f 628/679/648 627/678/647 663/714/685 664/715/686
f 629/680/649 628/679/648 664/715/686 665/716/687
f 630/681/650 629/680/649 665/716/687 666/717/688
f 631/682/651 630/681/650 666/717/688 667/718/689
f 667/718/689 668/719/690 632/683/652 631/682/651
f 668/719/690 669/720/691 633/684/653 632/683/652
f 669/721/691 670/722/692 634/686/654 633/685/653
f 670/722/692 671/723/693 635/687/655 634/686/654
f 671/723/693 672/724/694 636/688/656 635/687/655
f 672/724/694 673/725/695 637/689/657 636/688/656
f 673/725/695 674/726/696 638/690/658 637/689/657
f 674/726/696 675/727/697 639/691/659 638/690/658
f 675/727/697 676/728/698 640/692/660 639/691/659
f 641/693/661 640/692/660 676/728/698 677/729/699
f 677/729/699 678/730/700 642/694/662 641/693/661
f 678/730/700 679/731/701 643/695/663 642/694/662
f 679/732/701 680/733/702 644/697/664 643/696/663
f 680/733/702 681/734/703 645/698/665 644/697/664
f 682/735/704 646/699/666 645/698/665 681/734/703
s 19
f 611/754/668 646/699/667 682/735/705 647/756/706
s off
f 536/588/707 648/758/708 647/756/709 538/591/710
s 18
f 500/551/711 649/700/669 648/758/670 536/588/712
s 1
f 650/701/672 649/700/671 500/551/534 467/516/502
f 651/702/673 650/701/672 467/516/502 468/517/501
f 652/703/674 651/702/673 468/517/501 469/518/503
f 653/704/675 652/703/674 469/518/503 470/519/504
f 654/705/676 653/704/675 470/519/504 471/520/505
f 472/521/506 655/706/677 654/705/676 471/520/505
f 656/707/678 655/706/677 472/521/506 473/522/507
f 657/708/679 656/707/678 473/522/507 474/523/508
f 658/709/680 657/708/679 474/523/508 475/524/509
f 659/710/681 658/709/680 475/524/509 476/525/510
f 660/711/682 659/710/681 476/525/510 477/526/511
f 661/712/683 660/711/682 477/526/511 478/527/512
f 662/713/684 661/712/683 478/527/512 479/528/513
f 663/714/685 662/713/684 479/528/513 480/529/514
f 664/715/686 663/714/685 480/529/514 481/530/515
f 665/716/687 664/715/686 481/530/515 482/531/516
f 666/717/688 665/716/687 482/531/516 483/532/517
f 667/718/689 666/717/688 483/532/517 484/533/518
f 484/533/518 485/534/519 668/719/690 667/718/689
f 485/534/519 486/535/520 669/720/691 668/719/690
f 486/536/520 487/537/521 670/722/692 669/721/691
f 487/537/521 488/538/522 671/723/693 670/722/692
f 488/538/522 489/539/523 672/724/694 671/723/693
f 489/539/523 490/540/524 673/725/695 672/724/694
f 490/540/524 491/541/525 674/726/696 673/725/695
f 491/541/525 492/542/526 675/727/697 674/726/696
f 492/542/526 493/543/527 676/728/698 675/727/697
f 677/729/699 676/728/698 493/543/527 494/544/528
f 494/544/528 495/545/529 678/730/700 677/729/699
f 495/545/529 496/546/530 679/731/701 678/730/700
f 496/547/530 497/548/531 680/733/702 679/732/701
f 497/548/531 498/549/532 681/734/703 680/733/702
f 499/550/533 682/735/704 681/734/703 498/549/532
s 19
f 647/756/706 682/735/705 499/550/713 538/591/714
s off
f 683/736/715 684/747/716 688/749/717 687/742/718
f 684/747/719 683/736/720 686/737/721 685/745/722
f 685/745/723 686/737/724 689/738/725 690/751/726
f 687/742/727 688/749/728 690/751/729 689/738/730
f 691/739/731 692/755/732 696/757/733 695/743/734
f 692/755/735 691/739/736 694/740/737 693/753/738
f 693/753/739 694/740/740 697/741/741 698/759/742
f 695/743/743 696/757/744 698/759/745 697/741/746
f 686/737/747 683/736/748 687/742/749 689/738/750
f 694/740/751 691/739/752 695/743/753 697/741/754
f 576/750/755 540/744/756 684/747/757 685/745/758
f 540/744/759 539/746/760 688/749/761 684/747/762
f 539/746/763 575/748/764 690/751/765 688/749/766
f 575/748/767 576/750/768 685/745/769 690/751/770
f 648/758/771 612/752/772 692/755/773 693/753/774
f 612/752/775 611/754/776 696/757/777 692/755/778
f 611/754/779 647/756/780 698/759/781 696/757/782
f 647/756/783 648/758/784 693/753/785 698/759/786
s 20
f 702/760/787 701/761/788 704/762/789 703/763/790
f 701/761/788 700/764/791 705/765/792 704/762/789
s 21
f 700/764/793 699/766/794 706/767/795 705/765/796
s 20
f 702/760/787 703/763/790 711/768/797 707/769/798
s 22
f 705/765/799 706/767/800 714/770/801 713/771/802
s 20
f 703/763/790 704/762/789 712/772/803 711/768/797
f 704/762/789 705/765/804 713/773/805 712/772/803
s 23
f 699/766/806 700/764/807 709/774/808 710/775/809
s 20
f 700/764/810 701/761/788 708/776/811 709/777/812
f 701/761/788 702/760/787 707/769/798 708/776/811
s 24
f 710/778/813 709/777/814 713/773/815 714/779/816
s 20
f 709/777/817 708/776/811 712/772/803 713/773/818
f 708/776/811 707/769/798 711/768/797 712/772/803
s off
f 715/780/819 716/781/820 720/782/821 719/783/822
f 716/781/823 715/780/824 717/784/825 718/785/826
f 718/785/827 717/784/828 721/786/829 722/787/830
f 719/783/831 720/782/832 722/787/833 721/786/834
f 719/783/835 721/786/836 717/784/837 715/780/838
s 21
f 716/788/839 718/789/840 706/767/795 699/766/794
s 24
f 710/778/813 714/779/816 722/787/841 720/782/842
s 22
f 718/789/843 722/790/844 714/770/801 706/767/800
s 23
f 720/791/845 716/788/846 699/766/806 710/775/809
g default
v 36.962648 0.723099 -1.458499
v 37.509950 0.193752 -1.458499
v 38.257631 0.000000 -1.458499
v 38.257631 0.193752 -0.710940
v 38.257631 0.723099 -0.163699
v 38.257631 1.446194 0.036618
v 37.509950 1.446194 -0.163699
v 36.962648 1.446194 -0.710940
v 36.762331 1.446194 -1.458499
v 39.005312 0.193752 -1.458499
v 39.552614 0.723099 -1.458499
v 39.752931 1.446194 -1.458499
v 39.552614 1.446194 -0.710940
v 39.005312 1.446194 -0.163699
v 37.509950 86.129036 -1.458499
v 36.962648 85.599701 -1.458499
v 36.762331 84.876595 -1.458499
v 36.962648 84.876595 -0.710940
v 37.509950 84.876595 -0.163699
v 38.257631 84.876595 0.036618
v 38.257631 85.599701 -0.163699
v 38.257631 86.129036 -0.710940
v 38.257631 86.322792 -1.458499
v 39.552614 85.599701 -1.458499
v 39.005312 86.129036 -1.458499
v 39.005312 84.876595 -0.163699
v 39.552614 84.876595 -0.710940
v 39.752931 84.876595 -1.458499
v 37.509950 84.876595 -38.483554
v 36.962648 84.876595 -37.936312
v 36.762331 84.876595 -37.188754
v 36.962648 85.599701 -37.188754
v 37.509950 86.129036 -37.188754
v 38.257631 86.322792 -37.188754
v 38.257631 86.129036 -37.936312
v 38.257631 85.599701 -38.483554
v 38.257631 84.876595 -38.683871
v 39.552614 84.876595 -37.936312
v 39.005312 84.876595 -38.483554
v 39.005312 86.129036 -37.188754
v 39.552614 85.599701 -37.188754
v 39.752931 84.876595 -37.188754
v 37.509950 0.193752 -37.188754
v 36.962648 0.723099 -37.188754
v 36.762331 1.446194 -37.188754
v 36.962648 1.446194 -37.936312
v 37.509950 1.446194 -38.483554
v 38.257631 1.446194 -38.683871
v 38.257631 0.723099 -38.483554
v 38.257631 0.193752 -37.936312
v 38.257631 0.000000 -37.188754
v 39.552614 0.723099 -37.188754
v 39.005312 0.193752 -37.188754
v 39.005312 1.446194 -38.483554
v 39.552614 1.446194 -37.936312
v 39.752931 1.446194 -37.188754
v 37.075075 0.821312 -0.812472
v 37.611452 0.302505 -0.812472
v 37.611452 0.821312 -0.276126
v 38.903810 0.302505 -0.812472
v 39.440187 0.821312 -0.812472
v 38.903810 0.821312 -0.276126
v 37.611452 86.020279 -0.812472
v 37.075075 85.501472 -0.812472
v 37.611452 85.501472 -0.276126
v 39.440187 85.501472 -0.812472
v 38.903810 86.020279 -0.812472
v 38.903810 85.501472 -0.276126
v 37.611452 85.501472 -38.371127
v 37.075075 85.501472 -37.834750
v 37.611452 86.020279 -37.834750
v 39.440187 85.501472 -37.834750
v 38.903810 85.501472 -38.371127
v 38.903810 86.020279 -37.834750
v 37.611452 0.302505 -37.834750
v 37.075075 0.821312 -37.834750
v 37.611452 0.821312 -38.371127
v 39.440187 0.821312 -37.834750
v 38.903810 0.302505 -37.834750
v 38.903810 0.821312 -38.371127
v 39.463747 66.370468 -6.262423
v 39.309877 66.370468 -6.492770
v 39.079530 66.370468 -6.646670
v 38.807802 66.370468 -6.700717
v 38.536134 66.370468 -6.646670
v 38.305788 66.370468 -6.492770
v 38.151857 66.370468 -6.262423
v 38.097841 66.370468 -5.990725
v 38.151857 66.370468 -5.719027
v 38.305788 66.370468 -5.488681
v 38.536134 66.370468 -5.334781
v 38.807802 66.370468 -5.280734
v 39.079530 66.370468 -5.334781
v 39.309877 66.370468 -5.488681
v 39.463747 66.370468 -5.719027
v 39.517824 66.370468 -5.990725
v 39.463747 81.324951 -6.262423
v 39.309877 81.324951 -6.492770
v 39.079530 81.324951 -6.646670
v 38.807802 81.324951 -6.700717
v 38.536134 81.324951 -6.646670
v 38.305788 81.324951 -6.492770
v 38.151857 81.324951 -6.262423
v 38.097841 81.324951 -5.990725
v 38.151857 81.324951 -5.719027
v 38.305788 81.324951 -5.488681
v 38.536134 81.324951 -5.334781
v 38.807802 81.324951 -5.280734
v 39.079530 81.324951 -5.334781
v 39.309877 81.324951 -5.488681
v 39.463747 81.324951 -5.719027
v 39.517824 81.324951 -5.990725
v 38.782472 66.370468 -5.990725
v 38.782472 81.324951 -5.990725
v 40.353090 79.829498 -6.492770
v 40.506960 79.829498 -6.262423
v 40.561037 79.829498 -5.990725
v 40.506960 79.829498 -5.719027
v 40.353090 79.829498 -5.488681
v 40.122743 79.829498 -5.334781
v 39.851015 79.829498 -5.280734
v 39.579347 79.829498 -5.334781
v 39.349001 79.829498 -5.488681
v 39.195070 79.829498 -5.719027
v 39.141054 79.829498 -5.990725
v 39.195070 79.829498 -6.262423
v 39.349001 79.829498 -6.492770
v 39.579347 79.829498 -6.646670
v 39.851015 79.829498 -6.700717
v 40.122743 79.829498 -6.646670
v 41.206972 78.334053 -6.492770
v 41.360902 78.334053 -6.262423
v 41.414919 78.334053 -5.990725
v 41.360902 78.334053 -5.719027
v 41.206972 78.334053 -5.488681
v 40.976625 78.334053 -5.334781
v 40.704958 78.334053 -5.280734
v 40.433229 78.334053 -5.334781
v 40.202882 78.334053 -5.488681
v 40.049013 78.334053 -5.719027
v 39.994936 78.334053 -5.990725
v 40.049013 78.334053 -6.262423
v 40.202882 78.334053 -6.492770
v 40.433229 78.334053 -6.646670
v 40.704958 78.334053 -6.700717
v 40.976625 78.334053 -6.646670
v 41.840273 76.838608 -6.492770
v 41.994203 76.838608 -6.262423
v 42.048219 76.838608 -5.990725
v 41.994203 76.838608 -5.719027
v 41.840273 76.838608 -5.488681
v 41.609926 76.838608 -5.334781
v 41.338258 76.838608 -5.280734
v 41.066530 76.838608 -5.334781
v 40.836183 76.838608 -5.488681
v 40.682314 76.838608 -5.719027
v 40.628236 76.838608 -5.990725
v 40.682314 76.838608 -6.262423
v 40.836183 76.838608 -6.492770
v 41.066530 76.838608 -6.646670
v 41.338258 76.838608 -6.700717
v 41.609926 76.838608 -6.646670
v 42.229799 75.343155 -6.492770
v 42.383730 75.343155 -6.262423
v 42.437746 75.343155 -5.990725
v 42.383730 75.343155 -5.719027
v 42.229799 75.343155 -5.488681
v 41.999452 75.343155 -5.334781
v 41.727785 75.343155 -5.280734
v 41.456056 75.343155 -5.334781
v 41.225710 75.343155 -5.488681
v 41.071840 75.343155 -5.719027
v 41.017763 75.343155 -5.990725
v 41.071840 75.343155 -6.262423
v 41.225710 75.343155 -6.492770
v 41.456056 75.343155 -6.646670
v 41.727785 75.343155 -6.700717
v 41.999452 75.343155 -6.646670
v 42.361269 73.847710 -6.492770
v 42.515138 73.847710 -6.262423
v 42.569215 73.847710 -5.990725
v 42.515138 73.847710 -5.719027
v 42.361269 73.847710 -5.488681
v 42.130922 73.847710 -5.334781
v 41.859193 73.847710 -5.280734
v 41.587526 73.847710 -5.334781
v 41.357179 73.847710 -5.488681
v 41.203249 73.847710 -5.719027
v 41.149233 73.847710 -5.990725
v 41.203249 73.847710 -6.262423
v 41.357179 73.847710 -6.492770
v 41.587526 73.847710 -6.646670
v 41.859193 73.847710 -6.700717
v 42.130922 73.847710 -6.646670
v 42.229799 72.352264 -6.492770
v 42.383730 72.352264 -6.262423
v 42.437746 72.352264 -5.990725
v 42.383730 72.352264 -5.719027
v 42.229799 72.352264 -5.488681
v 41.999452 72.352264 -5.334781
v 41.727785 72.352264 -5.280734
v 41.456056 72.352264 -5.334781
v 41.225710 72.352264 -5.488681
v 41.071840 72.352264 -5.719027
v 41.017763 72.352264 -5.990725
v 41.071840 72.352264 -6.262423
v 41.225710 72.352264 -6.492770
v 41.456056 72.352264 -6.646670
v 41.727785 72.352264 -6.700717
v 41.999452 72.352264 -6.646670
v 41.840273 70.856812 -6.492770
v 41.994203 70.856812 -6.262423
v 42.048219 70.856812 -5.990725
v 41.994203 70.856812 -5.719027
v 41.840273 70.856812 -5.488681
v 41.609926 70.856812 -5.334781
v 41.338258 70.856812 -5.280734
v 41.066530 70.856812 -5.334781
v 40.836183 70.856812 -5.488681
v 40.682314 70.856812 -5.719027
v 40.628236 70.856812 -5.990725
v 40.682314 70.856812 -6.262423
v 40.836183 70.856812 -6.492770
v 41.066530 70.856812 -6.646670
v 41.338258 70.856812 -6.700717
v 41.609926 70.856812 -6.646670
v 41.206972 69.361366 -6.492770
v 41.360902 69.361366 -6.262423
v 41.414919 69.361366 -5.990725
v 41.360902 69.361366 -5.719027
v 41.206972 69.361366 -5.488681
v 40.976625 69.361366 -5.334781
v 40.704958 69.361366 -5.280734
v 40.433229 69.361366 -5.334781
v 40.202882 69.361366 -5.488681
v 40.049013 69.361366 -5.719027
v 39.994936 69.361366 -5.990725
v 40.049013 69.361366 -6.262423
v 40.202882 69.361366 -6.492770
v 40.433229 69.361366 -6.646670
v 40.704958 69.361366 -6.700717
v 40.976625 69.361366 -6.646670
v 40.353090 67.865913 -6.492770
v 40.506960 67.865913 -6.262423
v 40.561037 67.865913 -5.990725
v 40.506960 67.865913 -5.719027
v 40.353090 67.865913 -5.488681
v 40.122743 67.865913 -5.334781
v 39.851015 67.865913 -5.280734
v 39.579347 67.865913 -5.334781
v 39.349001 67.865913 -5.488681
v 39.195070 67.865913 -5.719027
v 39.141054 67.865913 -5.990725
v 39.195070 67.865913 -6.262423
v 39.349001 67.865913 -6.492770
v 39.579347 67.865913 -6.646670
v 39.851015 67.865913 -6.700717
v 40.122743 67.865913 -6.646670
vt 0.500000 0.990347
vt 0.500007 0.004184
vt 0.634653 0.004188
vt 0.500000 0.245812
vt 0.634653 0.245812
vt 0.134653 0.004188
vt 0.500000 0.490347
vt 0.865347 0.245812
vt 0.865347 0.004188
vt 0.500000 0.759653
vt 0.500000 0.745812
vt 0.500000 0.259653
vt 0.500007 0.504184
vt 0.365347 0.004188
vt 0.365347 0.245812
vt 0.134653 0.245812
vt 0.493224 0.750000
vt 0.479673 0.000000
vt 0.496605 0.867234
vt 0.500000 0.000000
vt 0.500000 0.750000
vt 0.500003 0.137402
vt 0.455370 0.009779
vt 0.411119 0.006935
vt 0.503395 0.867234
vt 0.520327 0.000000
vt 0.506776 0.750000
vt 0.588886 0.004376
vt 0.544639 0.004612
vt 0.437689 0.257081
vt 0.370524 0.250000
vt 0.375000 0.254476
vt 0.409766 0.245850
vt 0.454837 0.245845
vt 0.500000 0.249491
vt 0.500000 0.253693
vt 0.625000 0.254476
vt 0.629476 0.250000
vt 0.562311 0.257081
vt 0.545163 0.245844
vt 0.590234 0.245850
vt 0.437520 0.503032
vt 0.125000 0.248106
vt 0.375000 0.501894
vt 0.375000 0.495524
vt 0.129476 0.250000
vt 0.437644 0.492916
vt 0.500001 0.496172
vt 0.500003 0.500224
vt 0.625000 0.501894
vt 0.875000 0.248106
vt 0.562487 0.503032
vt 0.562356 0.492916
vt 0.870524 0.250000
vt 0.625000 0.495524
vt 0.438753 0.754819
vt 0.131467 0.000000
vt 0.377156 0.750000
vt 0.375000 0.748106
vt 0.125000 0.001894
vt 0.437567 0.746963
vt 0.500000 0.749503
vt 0.500000 0.753257
vt 0.622844 0.750000
vt 0.868533 0.000000
vt 0.561247 0.754819
vt 0.562433 0.746963
vt 0.875000 0.001894
vt 0.625000 0.748106
vt 0.486140 0.000000
vt 0.495380 0.750000
vt 0.493532 0.000000
vt 0.497844 0.750000
vt 0.438365 0.434023
vt 0.506468 0.000000
vt 0.502156 0.750000
vt 0.513860 0.000000
vt 0.504620 0.750000
vt 0.561639 0.036223
vt 0.448462 0.253260
vt 0.375000 0.250000
vt 0.452672 0.249146
vt 0.625000 0.250000
vt 0.551538 0.253260
vt 0.547328 0.249146
vt 0.442423 0.500417
vt 0.375000 0.500000
vt 0.125000 0.250000
vt 0.446467 0.496615
vt 0.625000 0.500000
vt 0.875000 0.250000
vt 0.557581 0.500417
vt 0.553535 0.496615
vt 0.447771 0.752505
vt 0.375000 0.750000
vt 0.125000 0.000000
vt 0.447480 0.749332
vt 0.625000 0.750000
vt 0.875000 0.000000
vt 0.552229 0.752505
vt 0.552520 0.749332
vt 0.375000 0.312500
vt 0.390625 0.312500
vt 0.390625 0.350000
vt 0.375000 0.350000
vt 0.406250 0.312500
vt 0.406250 0.350000
vt 0.421875 0.312500
vt 0.421875 0.350000
vt 0.437500 0.312500
vt 0.437500 0.350000
vt 0.453125 0.312500
vt 0.453125 0.350000
vt 0.468750 0.312500
vt 0.468750 0.350000
vt 0.484375 0.312500
vt 0.484375 0.350000
vt 0.500000 0.312500
vt 0.500000 0.350000
vt 0.515625 0.312500
vt 0.515625 0.350000
vt 0.531250 0.312500
vt 0.531250 0.350000
vt 0.546875 0.312500
vt 0.546875 0.350000
vt 0.562500 0.312500
vt 0.562500 0.350000
vt 0.578125 0.312500
vt 0.578125 0.350000
vt 0.593750 0.312500
vt 0.593750 0.350000
vt 0.609375 0.312500
vt 0.609375 0.350000
vt 0.625000 0.312500
vt 0.625000 0.350000
vt 0.610485 0.045765
vt 0.644356 0.096456
vt 0.500000 0.156250
vt 0.559794 0.011894
vt 0.500000 0.000000
vt 0.440206 0.011894
vt 0.389515 0.045765
vt 0.355644 0.096456
vt 0.343750 0.156250
vt 0.355644 0.216044
vt 0.389515 0.266735
vt 0.440206 0.300606
vt 0.500000 0.312500
vt 0.559794 0.300606
vt 0.610485 0.266735
vt 0.644356 0.216044
vt 0.656250 0.156250
vt 0.644356 0.903544
vt 0.610485 0.954235
vt 0.500000 0.843750
vt 0.559794 0.988106
vt 0.500000 1.000000
vt 0.440206 0.988106
vt 0.389515 0.954235
vt 0.355644 0.903544
vt 0.343750 0.843750
vt 0.355644 0.783956
vt 0.389515 0.733265
vt 0.440206 0.699394
vt 0.500000 0.687500
vt 0.559794 0.699394
vt 0.610485 0.733265
vt 0.644356 0.783956
vt 0.656250 0.843750
vt 0.375000 0.650000
vt 0.390625 0.650000
vt 0.390625 0.687500
vt 0.375000 0.687500
vt 0.609375 0.650000
vt 0.625000 0.650000
vt 0.625000 0.687500
vt 0.609375 0.687500
vt 0.593750 0.650000
vt 0.593750 0.687500
vt 0.578125 0.650000
vt 0.578125 0.687500
vt 0.562500 0.650000
vt 0.562500 0.687500
vt 0.546875 0.650000
vt 0.546875 0.687500
vt 0.531250 0.650000
vt 0.531250 0.687500
vt 0.515625 0.650000
vt 0.515625 0.687500
vt 0.500000 0.650000
vt 0.500000 0.687500
vt 0.484375 0.650000
vt 0.484375 0.687500
vt 0.468750 0.650000
vt 0.468750 0.687500
vt 0.453125 0.650000
vt 0.453125 0.687500
vt 0.437500 0.650000
vt 0.437500 0.687500
vt 0.421875 0.650000
vt 0.421875 0.687500
vt 0.406250 0.650000
vt 0.406250 0.687500
vt 0.375000 0.612500
vt 0.390625 0.612500
vt 0.609375 0.612500
vt 0.625000 0.612500
vt 0.593750 0.612500
vt 0.578125 0.612500
vt 0.562500 0.612500
vt 0.546875 0.612500
vt 0.531250 0.612500
vt 0.515625 0.612500
vt 0.500000 0.612500
vt 0.484375 0.612500
vt 0.468750 0.612500
vt 0.453125 0.612500
vt 0.437500 0.612500
vt 0.421875 0.612500
vt 0.406250 0.612500
vt 0.375000 0.575000
vt 0.390625 0.575000
vt 0.609375 0.575000
vt 0.625000 0.575000
vt 0.593750 0.575000
vt 0.578125 0.575000
vt 0.562500 0.575000
vt 0.546875 0.575000
vt 0.531250 0.575000
vt 0.515625 0.575000
vt 0.500000 0.575000
vt 0.484375 0.575000
vt 0.468750 0.575000
vt 0.453125 0.575000
vt 0.437500 0.575000
vt 0.421875 0.575000
vt 0.406250 0.575000
vt 0.375000 0.537500
vt 0.390625 0.537500
vt 0.609375 0.537500
vt 0.625000 0.537500
vt 0.593750 0.537500
vt 0.578125 0.537500
vt 0.562500 0.537500
vt 0.546875 0.537500
vt 0.531250 0.537500
vt 0.515625 0.537500
vt 0.500000 0.537500
vt 0.484375 0.537500
vt 0.468750 0.537500
vt 0.453125 0.537500
vt 0.437500 0.537500
vt 0.421875 0.537500
vt 0.406250 0.537500
vt 0.375000 0.500000
vt 0.390625 0.500000
vt 0.609375 0.500000
vt 0.625000 0.500000
vt 0.593750 0.500000
vt 0.578125 0.500000
vt 0.562500 0.500000
vt 0.546875 0.500000
vt 0.531250 0.500000
vt 0.515625 0.500000
vt 0.500000 0.500000
vt 0.484375 0.500000
vt 0.468750 0.500000
vt 0.453125 0.500000
vt 0.437500 0.500000
vt 0.421875 0.500000
vt 0.406250 0.500000
vt 0.375000 0.462500
vt 0.390625 0.462500
vt 0.609375 0.462500
vt 0.625000 0.462500
vt 0.593750 0.462500
vt 0.578125 0.462500
vt 0.562500 0.462500
vt 0.546875 0.462500
vt 0.531250 0.462500
vt 0.515625 0.462500
vt 0.500000 0.462500
vt 0.484375 0.462500
vt 0.468750 0.462500
vt 0.453125 0.462500
vt 0.437500 0.462500
vt 0.421875 0.462500
vt 0.406250 0.462500
vt 0.375000 0.425000
vt 0.390625 0.425000
vt 0.609375 0.425000
vt 0.625000 0.425000
vt 0.593750 0.425000
vt 0.578125 0.425000
vt 0.562500 0.425000
vt 0.546875 0.425000
vt 0.531250 0.425000
vt 0.515625 0.425000
vt 0.500000 0.425000
vt 0.484375 0.425000
vt 0.468750 0.425000
vt 0.453125 0.425000
vt 0.437500 0.425000
vt 0.421875 0.425000
vt 0.406250 0.425000
vt 0.375000 0.387500
vt 0.390625 0.387500
vt 0.609375 0.387500
vt 0.625000 0.387500
vt 0.593750 0.387500
vt 0.578125 0.387500
vt 0.562500 0.387500
vt 0.546875 0.387500
vt 0.531250 0.387500
vt 0.515625 0.387500
vt 0.500000 0.387500
vt 0.484375 0.387500
vt 0.468750 0.387500
vt 0.453125 0.387500
vt 0.437500 0.387500
vt 0.421875 0.387500
vt 0.406250 0.387500
vn 0.000000 -0.999992 0.003994
vn -0.250473 -0.968116 0.003755
vn -0.250474 -0.968116 -0.003755
vn -0.000000 -0.999992 -0.003994
vn -0.695186 -0.718818 0.004039
vn -0.858692 -0.512476 0.004090
vn -0.858692 -0.512476 -0.004090
vn -0.695186 -0.718818 -0.004039
vn -0.999982 -0.002368 0.005480
vn -0.999982 -0.002368 -0.005480
vn -0.866022 -0.001782 0.500003
vn -0.866022 0.001783 0.500003
vn -0.999982 0.002368 0.005480
vn -0.499914 -0.001783 0.866073
vn -0.499914 0.001783 0.866073
vn 0.000000 -0.001779 0.999999
vn 0.000000 0.001779 0.999999
vn 0.999982 -0.002368 0.005480
vn 0.858692 -0.512476 0.004090
vn 0.858692 -0.512476 -0.004090
vn 0.999982 -0.002368 -0.005480
vn 0.695222 -0.718784 0.004039
vn 0.695222 -0.718784 -0.004039
vn 0.250473 -0.968116 0.003755
vn 0.250473 -0.968116 -0.003755
vn 0.499914 -0.001783 0.866073
vn 0.499914 0.001783 0.866073
vn 0.866022 -0.001783 0.500003
vn 0.866022 0.001783 0.500003
vn 0.999982 0.002368 0.005480
vn -0.963819 0.266528 0.003890
vn -0.963819 0.266528 -0.003890
vn -0.999982 0.002368 -0.005480
vn -0.695179 0.718826 0.004001
vn -0.487465 0.873133 0.004029
vn -0.487465 0.873133 -0.004029
vn -0.695179 0.718826 -0.004001
vn 0.000000 0.999992 0.003994
vn 0.000000 0.999992 -0.003994
vn 0.487480 0.873125 0.004029
vn 0.487480 0.873125 -0.004029
vn 0.695214 0.718791 0.004001
vn 0.695214 0.718791 -0.004001
vn 0.963801 0.266595 0.003890
vn 0.999982 0.002368 -0.005480
vn 0.963801 0.266595 -0.003890
vn -0.866022 0.001782 -0.500004
vn -0.866022 -0.001783 -0.500003
vn -0.707064 0.001769 -0.707147
vn -0.707064 -0.001769 -0.707147
vn -0.258606 0.001675 -0.965982
vn -0.000000 0.001779 -0.999999
vn 0.000000 -0.001779 -0.999999
vn -0.258606 -0.001675 -0.965982
vn 0.258606 0.001675 -0.965982
vn 0.258606 -0.001675 -0.965982
vn 0.707064 0.001769 -0.707147
vn 0.866022 0.001783 -0.500004
vn 0.866022 -0.001783 -0.500003
vn 0.707064 -0.001769 -0.707147
vn -0.944413 -0.236288 0.228585
vn -0.702000 -0.512358 0.494658
vn -0.491301 -0.719142 0.491383
vn 0.000000 -0.973672 0.227955
vn -0.222231 -0.949323 0.222258
vn -0.000002 -0.718778 0.695239
vn -0.000002 -0.718778 0.695239
vn -0.494563 -0.512358 0.702066
vn 0.000003 -0.242726 0.970095
vn -0.228537 -0.236317 0.944418
vn 0.222225 -0.949326 0.222252
vn 0.491325 -0.719120 0.491393
vn 0.702010 -0.512345 0.494656
vn 0.944397 -0.236352 0.228587
vn 0.494567 -0.512349 0.702069
vn 0.228546 -0.236288 0.944423
vn 0.000000 0.973668 0.227971
vn -0.222237 0.949318 0.222275
vn -0.491302 0.719142 0.491383
vn -0.702016 0.512348 0.494645
vn -0.944404 0.236306 0.228605
vn -0.494587 0.512349 0.702056
vn 0.000007 0.242728 0.970094
vn -0.228546 0.236318 0.944415
vn 0.000007 0.718761 0.695258
vn 0.000007 0.718761 0.695258
vn 0.944389 0.236375 0.228597
vn 0.702018 0.512340 0.494650
vn 0.491317 0.719110 0.491415
vn 0.222231 0.949322 0.222265
vn 0.494588 0.512328 0.702070
vn 0.228562 0.236288 0.944419
vn -0.000004 0.242728 -0.970094
vn -0.228553 0.236317 -0.944414
vn -0.494595 0.512357 -0.702044
vn -0.702002 0.512364 -0.494648
vn -0.944406 0.236302 -0.228601
vn -0.491308 0.719142 -0.491377
vn 0.000003 0.973667 -0.227974
vn -0.222244 0.949316 -0.222278
vn 0.000002 0.718776 -0.695242
vn 0.000002 0.718776 -0.695242
vn 0.944391 0.236362 -0.228600
vn 0.702014 0.512345 -0.494651
vn 0.494601 0.512338 -0.702054
vn 0.228548 0.236289 -0.944422
vn 0.491327 0.719117 -0.491394
vn 0.222231 0.949321 -0.222268
vn -0.000003 -0.973669 -0.227969
vn -0.222250 -0.949314 -0.222277
vn -0.491310 -0.719144 -0.491371
vn -0.702002 -0.512365 -0.494647
vn -0.944409 -0.236297 -0.228594
vn -0.494595 -0.512358 -0.702044
vn 0.000000 -0.242726 -0.970095
vn -0.228544 -0.236317 -0.944416
vn 0.000002 -0.718778 -0.695239
vn 0.000002 -0.718778 -0.695239
vn 0.944400 -0.236339 -0.228589
vn 0.702012 -0.512344 -0.494655
vn 0.491327 -0.719118 -0.491394
vn 0.222232 -0.949323 -0.222258
vn 0.494600 -0.512339 -0.702054
vn 0.228546 -0.236288 -0.944423
vn 0.770501 -0.537491 -0.342683
vn 0.608136 -0.424212 -0.670980
vn 0.647198 -0.410407 -0.642419
vn 0.798626 -0.503919 -0.329031
vn 0.312356 -0.217905 -0.924636
vn 0.375864 -0.241363 -0.894690
vn -0.075123 0.052410 -0.995796
vn 0.005561 -0.007952 -0.999953
vn -0.427170 0.297985 -0.853657
vn -0.367882 0.230389 -0.900880
vn -0.660909 0.461021 -0.592165
vn -0.643210 0.408057 -0.647897
vn -0.783017 0.546224 -0.297529
vn -0.795587 0.507243 -0.331279
vn -0.820151 0.572147 0.000000
vn -0.842846 0.538155 0.000000
vn -0.782996 0.546247 0.297542
vn -0.795573 0.507259 0.331289
vn -0.660861 0.461047 0.592198
vn -0.643194 0.408064 0.647908
vn -0.427170 0.297985 0.853657
vn -0.367882 0.230389 0.900880
vn -0.075121 0.052409 0.995796
vn 0.005563 -0.007953 0.999953
vn 0.312358 -0.217906 0.924635
vn 0.375864 -0.241363 0.894690
vn 0.608104 -0.424226 0.671000
vn 0.647174 -0.410418 0.642436
vn 0.770471 -0.537521 0.342703
vn 0.798617 -0.503930 0.329038
vn 0.820166 -0.572126 0.000000
vn 0.846073 -0.533067 0.000000
vn 0.000000 -1.000000 0.000020
vn 0.000000 -1.000000 -0.000000
vn 0.000000 -1.000000 -0.000001
vn 0.000000 -1.000000 0.000002
vn 0.000000 -1.000000 0.000002
vn 0.000000 -1.000000 -0.000010
vn 0.000000 -1.000000 -0.000010
vn 0.000000 -1.000000 0.000000
vn 0.000000 -1.000000 0.000000
vn 0.000000 -1.000000 -0.000010
vn 0.000000 -1.000000 0.000000
vn 0.000000 -1.000000 0.000012
vn 0.000000 -1.000000 0.000002
vn 0.000000 -1.000000 0.000000
vn 0.000000 -1.000000 -0.000020
vn 0.000000 -1.000000 0.000000
vn 0.000000 -1.000000 0.000000
vn 0.000000 1.000000 -0.000019
vn 0.000000 1.000000 -0.000020
vn 0.000000 1.000000 -0.000002
vn 0.000000 1.000000 0.000000
vn 0.000000 1.000000 -0.000004
vn 0.000000 1.000000 -0.000004
vn 0.000000 1.000000 0.000000
vn 0.000000 1.000000 -0.000020
vn 0.000000 1.000000 0.000000
vn 0.000000 1.000000 0.000020
vn 0.000000 1.000000 0.000000
vn 0.000000 1.000000 0.000000
vn 0.000000 1.000000 -0.000004
vn 0.000000 1.000000 -0.000014
vn 0.000000 1.000000 0.000010
vn 0.000000 1.000000 0.000019
vn 0.000000 1.000000 0.000000
vn 0.798626 0.503919 -0.329032
vn 0.647198 0.410407 -0.642418
vn 0.608134 0.424210 -0.670984
vn 0.770498 0.537490 -0.342691
vn 0.846073 0.533067 -0.000004
vn 0.820166 0.572126 0.000000
vn 0.798613 0.503935 0.329039
vn 0.770498 0.537490 0.342691
vn 0.647182 0.410414 0.642430
vn 0.608134 0.424210 0.670984
vn 0.375866 0.241364 0.894689
vn 0.312355 0.217904 0.924636
vn 0.005563 0.007954 0.999953
vn -0.075118 -0.052407 0.995797
vn -0.367883 -0.230389 0.900879
vn -0.427169 -0.297984 0.853658
vn -0.643189 -0.408069 0.647910
vn -0.660909 -0.461021 0.592165
vn -0.795578 -0.507254 0.331285
vn -0.783017 -0.546224 0.297530
vn -0.842846 -0.538155 0.000000
vn -0.820151 -0.572147 0.000000
vn -0.795587 -0.507243 -0.331278
vn -0.783017 -0.546224 -0.297530
vn -0.643212 -0.408059 -0.647894
vn -0.660909 -0.461021 -0.592165
vn -0.367883 -0.230389 -0.900879
vn -0.427169 -0.297984 -0.853658
vn 0.005561 0.007952 -0.999953
vn -0.075120 -0.052408 -0.995796
vn 0.375865 0.241363 -0.894690
vn 0.312354 0.217903 -0.924637
vn 0.841214 0.415606 -0.345876
vn 0.670024 0.333087 -0.663416
vn 0.896870 0.442294 -0.000004
vn 0.841196 0.415631 0.345892
vn 0.669984 0.333104 0.663448
vn 0.381567 0.192605 0.904052
vn 0.007308 0.007836 0.999943
vn -0.370293 -0.181263 0.911058
vn -0.664137 -0.330323 0.670678
vn -0.837851 -0.419283 0.349582
vn -0.893963 -0.448141 0.000000
vn -0.837872 -0.419259 -0.349562
vn -0.664176 -0.330308 -0.670647
vn -0.370294 -0.181263 -0.911058
vn 0.007308 0.007835 -0.999943
vn 0.381566 0.192604 -0.904052
vn 0.882660 0.299614 -0.362136
vn 0.691352 0.236380 -0.682757
vn 0.947144 0.320808 0.000000
vn 0.882653 0.299622 0.362146
vn 0.691330 0.236387 0.682776
vn 0.386811 0.134588 0.912285
vn 0.009031 0.006404 0.999939
vn -0.372074 -0.124953 0.919754
vn -0.683279 -0.233704 0.691746
vn -0.879273 -0.302905 0.367598
vn -0.945260 -0.326319 0.000001
vn -0.879283 -0.302894 -0.367583
vn -0.683296 -0.233699 -0.691730
vn -0.372073 -0.124953 -0.919754
vn 0.009031 0.006404 -0.999939
vn 0.386811 0.134588 -0.912285
vn 0.913790 0.157878 -0.374248
vn 0.706860 0.123107 -0.696559
vn 0.985469 0.169854 0.000001
vn 0.913784 0.157884 0.374262
vn 0.706841 0.123111 0.696577
vn 0.390593 0.069328 0.917949
vn 0.010373 0.003642 0.999940
vn -0.373086 -0.063706 0.925607
vn -0.696792 -0.121389 0.706927
vn -0.910526 -0.159857 0.381299
vn -0.984869 -0.173300 0.000001
vn -0.910532 -0.159852 -0.381285
vn -0.696813 -0.121386 -0.706907
vn -0.373086 -0.063706 -0.925607
vn 0.010372 0.003642 -0.999940
vn 0.390593 0.069329 -0.917949
vn 0.925487 0.000000 -0.378780
vn 0.712586 0.000000 -0.701585
vn 1.000000 -0.000000 0.000001
vn 0.925476 -0.000000 0.378806
vn 0.712548 0.000000 0.701624
vn 0.391987 0.000000 0.919971
vn 0.010883 0.000000 0.999941
vn -0.373399 0.000000 0.927671
vn -0.701664 -0.000000 0.712508
vn -0.922291 0.000000 0.386497
vn -1.000000 0.000000 0.000000
vn -0.922302 0.000000 -0.386470
vn -0.701701 -0.000000 -0.712472
vn -0.373400 -0.000000 -0.927671
vn 0.010883 -0.000000 -0.999941
vn 0.391987 0.000000 -0.919971
vn 0.913790 -0.157878 -0.374249
vn 0.706859 -0.123107 -0.696559
vn 0.985469 -0.169854 0.000000
vn 0.913784 -0.157884 0.374263
vn 0.706840 -0.123110 0.696578
vn 0.390593 -0.069329 0.917949
vn 0.010373 -0.003642 0.999940
vn -0.373085 0.063706 0.925607
vn -0.696792 0.121389 0.706927
vn -0.910526 0.159857 0.381298
vn -0.984869 0.173300 0.000000
vn -0.910532 0.159852 -0.381285
vn -0.696812 0.121386 -0.706908
vn -0.373085 0.063706 -0.925607
vn 0.010373 -0.003642 -0.999940
vn 0.390593 -0.069329 -0.917949
vn 0.882661 -0.299614 -0.362134
vn 0.691354 -0.236381 -0.682754
vn 0.947144 -0.320808 0.000000
vn 0.882654 -0.299622 0.362145
vn 0.691332 -0.236388 0.682775
vn 0.386812 -0.134589 0.912284
vn 0.009031 -0.006404 0.999939
vn -0.372075 0.124953 0.919754
vn -0.683280 0.233704 0.691745
vn -0.879273 0.302905 0.367598
vn -0.945260 0.326319 0.000000
vn -0.879282 0.302894 -0.367585
vn -0.683297 0.233699 -0.691730
vn -0.372075 0.124953 -0.919754
vn 0.009031 -0.006404 -0.999939
vn 0.386812 -0.134589 -0.912284
vn 0.841214 -0.415607 -0.345876
vn 0.670023 -0.333087 -0.663417
vn 0.896870 -0.442294 0.000000
vn 0.841203 -0.415620 0.345887
vn 0.670006 -0.333094 0.663431
vn 0.381564 -0.192603 0.904054
vn 0.007308 -0.007835 0.999943
vn -0.370294 0.181263 0.911058
vn -0.664151 0.330316 0.670668
vn -0.837862 0.419269 0.349572
vn -0.893963 0.448141 0.000000
vn -0.837871 0.419258 -0.349564
vn -0.664173 0.330307 -0.670650
vn -0.370294 0.181263 -0.911058
vn 0.007308 -0.007835 -0.999943
vn 0.381564 -0.192603 -0.904054
s 1
g counter_right_door
usemtl initialShadingGroup
f 725/792/847 724/810/848 765/847/849 773/801/850
s 2
f 724/810/851 723/808/852 766/849/853 765/847/854
f 723/809/852 731/805/855 767/797/856 766/848/853
f 731/805/855 730/815/857 740/824/858 739/806/859
f 730/815/857 729/814/860 741/825/861 740/824/858
f 729/814/860 728/793/862 742/795/863 741/825/861
f 734/794/864 733/817/865 774/856/866 778/800/867
f 733/818/865 732/816/868 775/857/869 774/855/866
s 1
f 732/816/870 725/792/847 773/801/850 775/857/871
s 2
f 728/793/862 736/820/872 748/831/873 742/795/863
f 736/820/872 735/819/874 749/832/875 748/831/873
f 735/819/874 734/794/864 750/796/876 749/832/875
f 739/806/859 738/822/877 754/837/878 753/807/879
f 738/823/880 737/821/881 755/838/882 754/836/883
f 737/821/881 745/803/884 756/798/885 755/838/882
f 745/803/884 747/830/886 762/844/887 756/798/885
f 747/830/886 746/828/888 763/846/889 762/844/887
f 746/829/890 750/796/876 764/799/891 763/845/892
f 753/807/879 752/834/893 768/851/894 767/797/856
f 752/835/893 751/833/895 769/852/896 768/850/894
s 5
f 751/833/897 759/804/898 770/802/899 769/852/900
f 759/804/898 761/843/901 776/858/902 770/802/899
s 2
f 761/843/903 760/841/904 777/860/905 776/858/906
f 760/842/904 764/799/891 778/800/867 777/859/905
f 734/794/864 778/800/867 764/799/891 750/796/876
f 767/797/856 731/805/855 739/806/859 753/807/879
f 730/815/857 731/805/855 723/809/852 779/861/907
f 779/862/908 723/808/852 724/810/851 780/864/909
s 1
f 724/810/848 725/792/847 726/812/910 780/864/911
s 2
f 780/863/909 726/811/912 727/813/913 781/865/914
f 727/813/915 728/793/862 729/814/860 781/865/916
f 781/865/914 729/814/860 730/815/857 779/861/908
f 779/861/908 780/863/909 781/865/914
s 1
f 726/812/910 725/792/847 732/816/870 782/867/917
s 2
f 782/867/918 732/816/868 733/818/865 783/869/919
f 733/817/865 734/794/864 735/819/874 783/868/920
f 783/868/919 735/819/874 736/820/872 784/870/921
f 736/820/872 728/793/862 727/813/915 784/870/922
f 784/870/921 727/813/913 726/811/912 782/866/918
f 782/866/918 783/868/919 784/870/921
f 744/827/923 745/803/884 737/821/881 785/871/924
f 785/871/925 737/821/881 738/823/880 786/872/926
f 738/822/877 739/806/859 740/824/858 786/872/927
f 786/872/926 740/824/858 741/825/861 787/873/928
f 741/825/861 742/795/863 743/826/929 787/873/930
f 787/873/928 743/826/931 744/827/932 785/871/925
f 785/871/925 786/872/926 787/873/928
f 749/832/875 750/796/876 746/829/890 788/874/933
f 788/874/934 746/828/888 747/830/886 789/875/935
f 747/830/886 745/803/884 744/827/923 789/875/936
f 789/875/935 744/827/932 743/826/931 790/876/937
f 743/826/929 742/795/863 748/831/873 790/876/938
f 790/876/937 748/831/873 749/832/875 788/874/934
f 788/874/934 789/875/935 790/876/937
s 5
f 758/840/939 759/804/898 751/833/897 791/877/940
s 2
f 791/877/941 751/833/895 752/835/893 792/878/942
f 752/834/893 753/807/879 754/837/878 792/879/943
f 792/878/942 754/836/883 755/838/882 793/880/944
f 755/838/882 756/798/885 757/839/945 793/880/946
f 793/880/944 757/839/947 758/840/948 791/877/941
f 791/877/941 792/878/942 793/880/944
f 763/845/892 764/799/891 760/842/904 794/882/949
f 794/881/950 760/841/904 761/843/903 795/883/951
s 5
f 761/843/901 759/804/898 758/840/939 795/883/952
s 2
f 795/883/951 758/840/948 757/839/947 796/884/953
f 757/839/945 756/798/885 762/844/887 796/884/954
f 796/884/953 762/844/887 763/846/889 794/881/950
f 794/881/950 795/883/951 796/884/953
s 1
f 772/854/955 773/801/850 765/847/849 797/885/956
s 2
f 797/885/957 765/847/854 766/849/853 798/886/958
f 766/848/853 767/797/856 768/851/894 798/887/959
f 798/886/958 768/850/894 769/852/896 799/888/960
s 5
f 769/852/900 770/802/899 771/853/961 799/888/962
s 2
f 799/888/960 771/853/963 772/854/964 797/885/957
f 797/885/957 798/886/958 799/888/960
f 777/859/905 778/800/867 774/856/866 800/890/965
f 800/889/966 774/855/866 775/857/869 801/891/967
s 1
f 775/857/871 773/801/850 772/854/955 801/891/968
s 2
f 801/891/967 772/854/964 771/853/963 802/892/969
s 5
f 771/853/961 770/802/899 776/858/902 802/892/970
s 2
f 802/892/969 776/858/906 777/860/905 800/889/966
f 800/889/966 801/891/967 802/892/969
s 11
f 803/893/971 804/894/972 965/895/973 966/896/974
f 804/894/972 805/897/975 980/898/976 965/895/973
f 805/897/975 806/899/977 979/900/978 980/898/976
f 806/899/977 807/901/979 978/902/980 979/900/978
f 807/901/979 808/903/981 977/904/982 978/902/980
f 808/903/981 809/905/983 976/906/984 977/904/982
f 809/905/983 810/907/985 975/908/986 976/906/984
f 810/907/985 811/909/987 974/910/988 975/908/986
f 811/909/987 812/911/989 973/912/990 974/910/988
f 812/911/989 813/913/991 972/914/992 973/912/990
f 813/913/991 814/915/993 971/916/994 972/914/992
f 814/915/993 815/917/995 970/918/996 971/916/994
f 815/917/995 816/919/997 969/920/998 970/918/996
f 816/919/997 817/921/999 968/922/1000 969/920/998
f 817/921/999 818/923/1001 967/924/1002 968/922/1000
f 818/923/1001 803/925/971 966/926/974 967/924/1002
s 12
f 804/927/1003 803/928/1004 835/929/1005
f 805/930/1006 804/927/1003 835/929/1005
f 806/931/1007 805/930/1006 835/929/1005
f 807/932/1008 806/931/1007 835/929/1005
f 808/933/1009 807/932/1008 835/929/1005
f 809/934/1010 808/933/1009 835/929/1005
f 810/935/1011 809/934/1010 835/929/1005
f 811/936/1012 810/935/1011 835/929/1005
f 812/937/1013 811/936/1012 835/929/1005
f 813/938/1014 812/937/1013 835/929/1005
f 814/939/1015 813/938/1014 835/929/1005
f 815/940/1016 814/939/1015 835/929/1005
f 816/941/1017 815/940/1016 835/929/1005
f 817/942/1018 816/941/1017 835/929/1005
f 818/943/1019 817/942/1018 835/929/1005
f 803/928/1004 818/943/1019 835/929/1005
s 13
f 819/944/1020 820/945/1021 836/946/1022
f 820/945/1021 821/947/1023 836/946/1022
f 821/947/1023 822/948/1024 836/946/1022
f 822/948/1024 823/949/1025 836/946/1022
f 823/949/1025 824/950/1026 836/946/1022
f 824/950/1026 825/951/1027 836/946/1022
f 825/951/1027 826/952/1028 836/946/1022
f 826/952/1028 827/953/1029 836/946/1022
f 827/953/1029 828/954/1030 836/946/1022
f 828/954/1030 829/955/1031 836/946/1022
f 829/955/1031 830/956/1032 836/946/1022
f 830/956/1032 831/957/1033 836/946/1022
f 831/957/1033 832/958/1034 836/946/1022
f 832/958/1034 833/959/1035 836/946/1022
f 833/959/1035 834/960/1036 836/946/1022
f 834/960/1036 819/944/1020 836/946/1022
s 11
f 838/961/1037 837/962/1038 820/963/1039 819/964/1040
f 839/965/1041 838/966/1037 819/967/1040 834/968/1042
f 840/969/1043 839/965/1041 834/968/1042 833/970/1044
f 841/971/1045 840/969/1043 833/970/1044 832/972/1046
f 842/973/1047 841/971/1045 832/972/1046 831/974/1048
f 843/975/1049 842/973/1047 831/974/1048 830/976/1050
f 844/977/1051 843/975/1049 830/976/1050 829/978/1052
f 845/979/1053 844/977/1051 829/978/1052 828/980/1054
f 846/981/1055 845/979/1053 828/980/1054 827/982/1056
f 847/983/1057 846/981/1055 827/982/1056 826/984/1058
f 848/985/1059 847/983/1057 826/984/1058 825/986/1060
f 849/987/1061 848/985/1059 825/986/1060 824/988/1062
f 850/989/1063 849/987/1061 824/988/1062 823/990/1064
f 851/991/1065 850/989/1063 823/990/1064 822/992/1066
f 852/993/1067 851/991/1065 822/992/1066 821/994/1068
f 837/962/1038 852/993/1067 821/994/1068 820/963/1039
f 854/995/1069 853/996/1070 837/962/1038 838/961/1037
f 855/997/1071 854/998/1069 838/966/1037 839/965/1041
f 856/999/1072 855/997/1071 839/965/1041 840/969/1043
f 857/1000/1073 856/999/1072 840/969/1043 841/971/1045
f 858/1001/1074 857/1000/1073 841/971/1045 842/973/1047
f 859/1002/1075 858/1001/1074 842/973/1047 843/975/1049
f 860/1003/1076 859/1002/1075 843/975/1049 844/977/1051
f 861/1004/1077 860/1003/1076 844/977/1051 845/979/1053
f 862/1005/1078 861/1004/1077 845/979/1053 846/981/1055
f 863/1006/1079 862/1005/1078 846/981/1055 847/983/1057
f 864/1007/1080 863/1006/1079 847/983/1057 848/985/1059
f 865/1008/1081 864/1007/1080 848/985/1059 849/987/1061
f 866/1009/1082 865/1008/1081 849/987/1061 850/989/1063
f 867/1010/1083 866/1009/1082 850/989/1063 851/991/1065
f 868/1011/1084 867/1010/1083 851/991/1065 852/993/1067
f 853/996/1070 868/1011/1084 852/993/1067 837/962/1038
f 870/1012/1085 869/1013/1086 853/996/1070 854/995/1069
f 871/1014/1087 870/1015/1085 854/998/1069 855/997/1071
f 872/1016/1088 871/1014/1087 855/997/1071 856/999/1072
f 873/1017/1089 872/1016/1088 856/999/1072 857/1000/1073
f 874/1018/1090 873/1017/1089 857/1000/1073 858/1001/1074
f 875/1019/1091 874/1018/1090 858/1001/1074 859/1002/1075
f 876/1020/1092 875/1019/1091 859/1002/1075 860/1003/1076
f 877/1021/1093 876/1020/1092 860/1003/1076 861/1004/1077
f 878/1022/1094 877/1021/1093 861/1004/1077 862/1005/1078
f 879/1023/1095 878/1022/1094 862/1005/1078 863/1006/1079
f 880/1024/1096 879/1023/1095 863/1006/1079 864/1007/1080
f 881/1025/1097 880/1024/1096 864/1007/1080 865/1008/1081
f 882/1026/1098 881/1025/1097 865/1008/1081 866/1009/1082
f 883/1027/1099 882/1026/1098 866/1009/1082 867/1010/1083
f 884/1028/1100 883/1027/1099 867/1010/1083 868/1011/1084
f 869/1013/1086 884/1028/1100 868/1011/1084 853/996/1070
f 886/1029/1101 885/1030/1102 869/1013/1086 870/1012/1085
f 887/1031/1103 886/1032/1101 870/1015/1085 871/1014/1087
f 888/1033/1104 887/1031/1103 871/1014/1087 872/1016/1088
f 889/1034/1105 888/1033/1104 872/1016/1088 873/1017/1089
f 890/1035/1106 889/1034/1105 873/1017/1089 874/1018/1090
f 891/1036/1107 890/1035/1106 874/1018/1090 875/1019/1091
f 892/1037/1108 891/1036/1107 875/1019/1091 876/1020/1092
f 893/1038/1109 892/1037/1108 876/1020/1092 877/1021/1093
f 894/1039/1110 893/1038/1109 877/1021/1093 878/1022/1094
f 895/1040/1111 894/1039/1110 878/1022/1094 879/1023/1095
f 896/1041/1112 895/1040/1111 879/1023/1095 880/1024/1096
f 897/1042/1113 896/1041/1112 880/1024/1096 881/1025/1097
f 898/1043/1114 897/1042/1113 881/1025/1097 882/1026/1098
f 899/1044/1115 898/1043/1114 882/1026/1098 883/1027/1099
f 900/1045/1116 899/1044/1115 883/1027/1099 884/1028/1100
f 885/1030/1102 900/1045/1116 884/1028/1100 869/1013/1086
f 902/1046/1117 901/1047/1118 885/1030/1102 886/1029/1101
f 903/1048/1119 902/1049/1117 886/1032/1101 887/1031/1103
f 904/1050/1120 903/1048/1119 887/1031/1103 888/1033/1104
f 905/1051/1121 904/1050/1120 888/1033/1104 889/1034/1105
f 906/1052/1122 905/1051/1121 889/1034/1105 890/1035/1106
f 907/1053/1123 906/1052/1122 890/1035/1106 891/1036/1107
f 908/1054/1124 907/1053/1123 891/1036/1107 892/1037/1108
f 909/1055/1125 908/1054/1124 892/1037/1108 893/1038/1109
f 910/1056/1126 909/1055/1125 893/1038/1109 894/1039/1110
f 911/1057/1127 910/1056/1126 894/1039/1110 895/1040/1111
f 912/1058/1128 911/1057/1127 895/1040/1111 896/1041/1112
f 913/1059/1129 912/1058/1128 896/1041/1112 897/1042/1113
f 914/1060/1130 913/1059/1129 897/1042/1113 898/1043/1114
f 915/1061/1131 914/1060/1130 898/1043/1114 899/1044/1115
f 916/1062/1132 915/1061/1131 899/1044/1115 900/1045/1116
f 901/1047/1118 916/1062/1132 900/1045/1116 885/1030/1102
f 918/1063/1133 917/1064/1134 901/1047/1118 902/1046/1117
f 919/1065/1135 918/1066/1133 902/1049/1117 903/1048/1119
f 920/1067/1136 919/1065/1135 903/1048/1119 904/1050/1120
f 921/1068/1137 920/1067/1136 904/1050/1120 905/1051/1121
f 922/1069/1138 921/1068/1137 905/1051/1121 906/1052/1122
f 923/1070/1139 922/1069/1138 906/1052/1122 907/1053/1123
f 924/1071/1140 923/1070/1139 907/1053/1123 908/1054/1124
f 925/1072/1141 924/1071/1140 908/1054/1124 909/1055/1125
f 926/1073/1142 925/1072/1141 909/1055/1125 910/1056/1126
f 927/1074/1143 926/1073/1142 910/1056/1126 911/1057/1127
f 928/1075/1144 927/1074/1143 911/1057/1127 912/1058/1128
f 929/1076/1145 928/1075/1144 912/1058/1128 913/1059/1129
f 930/1077/1146 929/1076/1145 913/1059/1129 914/1060/1130
f 931/1078/1147 930/1077/1146 914/1060/1130 915/1061/1131
f 932/1079/1148 931/1078/1147 915/1061/1131 916/1062/1132
f 917/1064/1134 932/1079/1148 916/1062/1132 901/1047/1118
f 934/1080/1149 933/1081/1150 917/1064/1134 918/1063/1133
f 935/1082/1151 934/1083/1149 918/1066/1133 919/1065/1135
f 936/1084/1152 935/1082/1151 919/1065/1135 920/1067/1136
f 937/1085/1153 936/1084/1152 920/1067/1136 921/1068/1137
f 938/1086/1154 937/1085/1153 921/1068/1137 922/1069/1138
f 939/1087/1155 938/1086/1154 922/1069/1138 923/1070/1139
f 940/1088/1156 939/1087/1155 923/1070/1139 924/1071/1140
f 941/1089/1157 940/1088/1156 924/1071/1140 925/1072/1141
f 942/1090/1158 941/1089/1157 925/1072/1141 926/1073/1142
f 943/1091/1159 942/1090/1158 926/1073/1142 927/1074/1143
f 944/1092/1160 943/1091/1159 927/1074/1143 928/1075/1144
f 945/1093/1161 944/1092/1160 928/1075/1144 929/1076/1145
f 946/1094/1162 945/1093/1161 929/1076/1145 930/1077/1146
f 947/1095/1163 946/1094/1162 930/1077/1146 931/1078/1147
f 948/1096/1164 947/1095/1163 931/1078/1147 932/1079/1148
f 933/1081/1150 948/1096/1164 932/1079/1148 917/1064/1134
f 950/1097/1165 949/1098/1166 933/1081/1150 934/1080/1149
f 951/1099/1167 950/1100/1165 934/1083/1149 935/1082/1151
f 952/1101/1168 951/1099/1167 935/1082/1151 936/1084/1152
f 953/1102/1169 952/1101/1168 936/1084/1152 937/1085/1153
f 954/1103/1170 953/1102/1169 937/1085/1153 938/1086/1154
f 955/1104/1171 954/1103/1170 938/1086/1154 939/1087/1155
f 956/1105/1172 955/1104/1171 939/1087/1155 940/1088/1156
f 957/1106/1173 956/1105/1172 940/1088/1156 941/1089/1157
f 958/1107/1174 957/1106/1173 941/1089/1157 942/1090/1158
f 959/1108/1175 958/1107/1174 942/1090/1158 943/1091/1159
f 960/1109/1176 959/1108/1175 943/1091/1159 944/1092/1160
f 961/1110/1177 960/1109/1176 944/1092/1160 945/1093/1161
f 962/1111/1178 961/1110/1177 945/1093/1161 946/1094/1162
f 963/1112/1179 962/1111/1178 946/1094/1162 947/1095/1163
f 964/1113/1180 963/1112/1179 947/1095/1163 948/1096/1164
f 949/1098/1166 964/1113/1180 948/1096/1164 933/1081/1150
f 966/896/974 965/895/973 949/1098/1166 950/1097/1165
f 967/924/1002 966/926/974 950/1100/1165 951/1099/1167
f 968/922/1000 967/924/1002 951/1099/1167 952/1101/1168
f 969/920/998 968/922/1000 952/1101/1168 953/1102/1169
f 970/918/996 969/920/998 953/1102/1169 954/1103/1170
f 971/916/994 970/918/996 954/1103/1170 955/1104/1171
f 972/914/992 971/916/994 955/1104/1171 956/1105/1172
f 973/912/990 972/914/992 956/1105/1172 957/1106/1173
f 974/910/988 973/912/990 957/1106/1173 958/1107/1174
f 975/908/986 974/910/988 958/1107/1174 959/1108/1175
f 976/906/984 975/908/986 959/1108/1175 960/1109/1176
f 977/904/982 976/906/984 960/1109/1176 961/1110/1177
f 978/902/980 977/904/982 961/1110/1177 962/1111/1178
f 979/900/978 978/902/980 962/1111/1178 963/1112/1179
f 980/898/976 979/900/978 963/1112/1179 964/1113/1180
f 965/895/973 980/898/976 964/1113/1180 949/1098/1166
g default
v 36.962648 0.723099 37.264493
v 37.509950 0.193752 37.264493
v 38.257631 0.000000 37.264493
v 38.257631 0.193752 38.012052
v 38.257631 0.723099 38.559293
v 38.257631 1.446194 38.759610
v 37.509950 1.446194 38.559293
v 36.962648 1.446194 38.012052
v 36.762331 1.446194 37.264493
v 39.005312 0.193752 37.264493
v 39.552614 0.723099 37.264493
v 39.752931 1.446194 37.264493
v 39.552614 1.446194 38.012052
v 39.005312 1.446194 38.559293
v 37.509950 86.129036 37.264493
v 36.962648 85.599701 37.264493
v 36.762331 84.876595 37.264493
v 36.962648 84.876595 38.012052
v 37.509950 84.876595 38.559293
v 38.257631 84.876595 38.759610
v 38.257631 85.599701 38.559293
v 38.257631 86.129036 38.012052
v 38.257631 86.322792 37.264493
v 39.552614 85.599701 37.264493
v 39.005312 86.129036 37.264493
v 39.005312 84.876595 38.559293
v 39.552614 84.876595 38.012052
v 39.752931 84.876595 37.264493
v 37.509950 84.876595 0.239438
v 36.962648 84.876595 0.786679
v 36.762331 84.876595 1.534238
v 36.962648 85.599701 1.534238
v 37.509950 86.129036 1.534238
v 38.257631 86.322792 1.534238
v 38.257631 86.129036 0.786679
v 38.257631 85.599701 0.239438
v 38.257631 84.876595 0.039121
v 39.552614 84.876595 0.786679
v 39.005312 84.876595 0.239438
v 39.005312 86.129036 1.534238
v 39.552614 85.599701 1.534238
v 39.752931 84.876595 1.534238
v 37.509950 0.193752 1.534238
v 36.962648 0.723099 1.534238
v 36.762331 1.446194 1.534238
v 36.962648 1.446194 0.786679
v 37.509950 1.446194 0.239438
v 38.257631 1.446194 0.039121
v 38.257631 0.723099 0.239438
v 38.257631 0.193752 0.786679
v 38.257631 0.000000 1.534238
v 39.552614 0.723099 1.534238
v 39.005312 0.193752 1.534238
v 39.005312 1.446194 0.239438
v 39.552614 1.446194 0.786679
v 39.752931 1.446194 1.534238
v 37.075075 0.821312 37.910489
v 37.611452 0.302505 37.910489
v 37.611452 0.821312 38.446866
v 38.903810 0.302505 37.910489
v 39.440187 0.821312 37.910489
v 38.903810 0.821312 38.446866
v 37.611452 86.020279 37.910489
v 37.075075 85.501472 37.910489
v 37.611452 85.501472 38.446866
v 39.440187 85.501472 37.910489
v 38.903810 86.020279 37.910489
v 38.903810 85.501472 38.446866
v 37.611452 85.501472 0.351865
v 37.075075 85.501472 0.888242
v 37.611452 86.020279 0.888242
v 39.440187 85.501472 0.888242
v 38.903810 85.501472 0.351865
v 38.903810 86.020279 0.888242
v 37.611452 0.302505 0.888242
v 37.075075 0.821312 0.888242
v 37.611452 0.821312 0.351865
v 39.440187 0.821312 0.888242
v 38.903810 0.302505 0.888242
v 38.903810 0.821312 0.351865
v 39.463747 66.370468 5.406614
v 39.309877 66.370468 5.176267
v 39.079530 66.370468 5.022367
v 38.807802 66.370468 4.968320
v 38.536134 66.370468 5.022367
v 38.305788 66.370468 5.176267
v 38.151857 66.370468 5.406614
v 38.097841 66.370468 5.678312
v 38.151857 66.370468 5.950010
v 38.305788 66.370468 6.180356
v 38.536134 66.370468 6.334256
v 38.807802 66.370468 6.388303
v 39.079530 66.370468 6.334256
v 39.309877 66.370468 6.180356
v 39.463747 66.370468 5.950010
v 39.517824 66.370468 5.678312
v 39.463747 81.324951 5.406614
v 39.309877 81.324951 5.176267
v 39.079530 81.324951 5.022367
v 38.807802 81.324951 4.968320
v 38.536134 81.324951 5.022367
v 38.305788 81.324951 5.176267
v 38.151857 81.324951 5.406614
v 38.097841 81.324951 5.678312
v 38.151857 81.324951 5.950010
v 38.305788 81.324951 6.180356
v 38.536134 81.324951 6.334256
v 38.807802 81.324951 6.388303
v 39.079530 81.324951 6.334256
v 39.309877 81.324951 6.180356
v 39.463747 81.324951 5.950010
v 39.517824 81.324951 5.678312
v 38.782472 66.370468 5.678312
v 38.782472 81.324951 5.678312
v 40.353090 79.829498 5.176267
v 40.506960 79.829498 5.406614
v 40.561037 79.829498 5.678312
v 40.506960 79.829498 5.950010
v 40.353090 79.829498 6.180356
v 40.122743 79.829498 6.334256
v 39.851015 79.829498 6.388303
v 39.579347 79.829498 6.334256
v 39.349001 79.829498 6.180356
v 39.195070 79.829498 5.950010
v 39.141054 79.829498 5.678312
v 39.195070 79.829498 5.406614
v 39.349001 79.829498 5.176267
v 39.579347 79.829498 5.022367
v 39.851015 79.829498 4.968320
v 40.122743 79.829498 5.022367
v 41.206972 78.334053 5.176267
v 41.360902 78.334053 5.406614
v 41.414919 78.334053 5.678312
v 41.360902 78.334053 5.950010
v 41.206972 78.334053 6.180356
v 40.976625 78.334053 6.334256
v 40.704958 78.334053 6.388303
v 40.433229 78.334053 6.334256
v 40.202882 78.334053 6.180356
v 40.049013 78.334053 5.950010
v 39.994936 78.334053 5.678312
v 40.049013 78.334053 5.406614
v 40.202882 78.334053 5.176267
v 40.433229 78.334053 5.022367
v 40.704958 78.334053 4.968320
v 40.976625 78.334053 5.022367
v 41.840273 76.838608 5.176267
v 41.994203 76.838608 5.406614
v 42.048219 76.838608 5.678312
v 41.994203 76.838608 5.950010
v 41.840273 76.838608 6.180356
v 41.609926 76.838608 6.334256
v 41.338258 76.838608 6.388303
v 41.066530 76.838608 6.334256
v 40.836183 76.838608 6.180356
v 40.682314 76.838608 5.950010
v 40.628236 76.838608 5.678312
v 40.682314 76.838608 5.406614
v 40.836183 76.838608 5.176267
v 41.066530 76.838608 5.022367
v 41.338258 76.838608 4.968320
v 41.609926 76.838608 5.022367
v 42.229799 75.343155 5.176267
v 42.383730 75.343155 5.406614
v 42.437746 75.343155 5.678312
v 42.383730 75.343155 5.950010
v 42.229799 75.343155 6.180356
v 41.999452 75.343155 6.334256
v 41.727785 75.343155 6.388303
v 41.456056 75.343155 6.334256
v 41.225710 75.343155 6.180356
v 41.071840 75.343155 5.950010
v 41.017763 75.343155 5.678312
v 41.071840 75.343155 5.406614
v 41.225710 75.343155 5.176267
v 41.456056 75.343155 5.022367
v 41.727785 75.343155 4.968320
v 41.999452 75.343155 5.022367
v 42.361269 73.847710 5.176267
v 42.515138 73.847710 5.406614
v 42.569215 73.847710 5.678312
v 42.515138 73.847710 5.950010
v 42.361269 73.847710 6.180356
v 42.130922 73.847710 6.334256
v 41.859193 73.847710 6.388303
v 41.587526 73.847710 6.334256
v 41.357179 73.847710 6.180356
v 41.203249 73.847710 5.950010
v 41.149233 73.847710 5.678312
v 41.203249 73.847710 5.406614
v 41.357179 73.847710 5.176267
v 41.587526 73.847710 5.022367
v 41.859193 73.847710 4.968320
v 42.130922 73.847710 5.022367
v 42.229799 72.352264 5.176267
v 42.383730 72.352264 5.406614
v 42.437746 72.352264 5.678312
v 42.383730 72.352264 5.950010
v 42.229799 72.352264 6.180356
v 41.999452 72.352264 6.334256
v 41.727785 72.352264 6.388303
v 41.456056 72.352264 6.334256
v 41.225710 72.352264 6.180356
v 41.071840 72.352264 5.950010
v 41.017763 72.352264 5.678312
v 41.071840 72.352264 5.406614
v 41.225710 72.352264 5.176267
v 41.456056 72.352264 5.022367
v 41.727785 72.352264 4.968320
v 41.999452 72.352264 5.022367
v 41.840273 70.856812 5.176267
v 41.994203 70.856812 5.406614
v 42.048219 70.856812 5.678312
v 41.994203 70.856812 5.950010
v 41.840273 70.856812 6.180356
v 41.609926 70.856812 6.334256
v 41.338258 70.856812 6.388303
v 41.066530 70.856812 6.334256
v 40.836183 70.856812 6.180356
v 40.682314 70.856812 5.950010
v 40.628236 70.856812 5.678312
v 40.682314 70.856812 5.406614
v 40.836183 70.856812 5.176267
v 41.066530 70.856812 5.022367
v 41.338258 70.856812 4.968320
v 41.609926 70.856812 5.022367
v 41.206972 69.361366 5.176267
v 41.360902 69.361366 5.406614
v 41.414919 69.361366 5.678312
v 41.360902 69.361366 5.950010
v 41.206972 69.361366 6.180356
v 40.976625 69.361366 6.334256
v 40.704958 69.361366 6.388303
v 40.433229 69.361366 6.334256
v 40.202882 69.361366 6.180356
v 40.049013 69.361366 5.950010
v 39.994936 69.361366 5.678312
v 40.049013 69.361366 5.406614
v 40.202882 69.361366 5.176267
v 40.433229 69.361366 5.022367
v 40.704958 69.361366 4.968320
v 40.976625 69.361366 5.022367
v 40.353090 67.865913 5.176267
v 40.506960 67.865913 5.406614
v 40.561037 67.865913 5.678312
v 40.506960 67.865913 5.950010
v 40.353090 67.865913 6.180356
v 40.122743 67.865913 6.334256
v 39.851015 67.865913 6.388303
v 39.579347 67.865913 6.334256
v 39.349001 67.865913 6.180356
v 39.195070 67.865913 5.950010
v 39.141054 67.865913 5.678312
v 39.195070 67.865913 5.406614
v 39.349001 67.865913 5.176267
v 39.579347 67.865913 5.022367
v 39.851015 67.865913 4.968320
v 40.122743 67.865913 5.022367
vt 0.500000 0.990347
vt 0.500007 0.004184
vt 0.634653 0.004188
vt 0.500000 0.245812
vt 0.634653 0.245812
vt 0.134653 0.004188
vt 0.500000 0.490347
vt 0.865347 0.245812
vt 0.865347 0.004188
vt 0.500000 0.759653
vt 0.500000 0.745812
vt 0.500000 0.259653
vt 0.500007 0.504184
vt 0.365347 0.004188
vt 0.365347 0.245812
vt 0.134653 0.245812
vt 0.493224 0.750000
vt 0.479673 0.000000
vt 0.496605 0.867234
vt 0.500000 0.000000
vt 0.500000 0.750000
vt 0.500003 0.137402
vt 0.455370 0.009779
vt 0.411119 0.006935
vt 0.503395 0.867234
vt 0.520327 0.000000
vt 0.506776 0.750000
vt 0.588886 0.004376
vt 0.544639 0.004612
vt 0.437689 0.257081
vt 0.370524 0.250000
vt 0.375000 0.254476
vt 0.409766 0.245850
vt 0.454837 0.245845
vt 0.500000 0.249491
vt 0.500000 0.253693
vt 0.625000 0.254476
vt 0.629476 0.250000
vt 0.562311 0.257081
vt 0.545163 0.245844
vt 0.590234 0.245850
vt 0.437520 0.503032
vt 0.125000 0.248106
vt 0.375000 0.501894
vt 0.375000 0.495524
vt 0.129476 0.250000
vt 0.437644 0.492916
vt 0.500001 0.496172
vt 0.500003 0.500224
vt 0.625000 0.501894
vt 0.875000 0.248106
vt 0.562487 0.503032
vt 0.562356 0.492916
vt 0.870524 0.250000
vt 0.625000 0.495524
vt 0.438753 0.754819
vt 0.131467 0.000000
vt 0.377156 0.750000
vt 0.375000 0.748106
vt 0.125000 0.001894
vt 0.437567 0.746963
vt 0.500000 0.749503
vt 0.500000 0.753257
vt 0.622844 0.750000
vt 0.868533 0.000000
vt 0.561247 0.754819
vt 0.562433 0.746963
vt 0.875000 0.001894
vt 0.625000 0.748106
vt 0.486140 0.000000
vt 0.495380 0.750000
vt 0.493532 0.000000
vt 0.497844 0.750000
vt 0.438365 0.434023
vt 0.506468 0.000000
vt 0.502156 0.750000
vt 0.513860 0.000000
vt 0.504620 0.750000
vt 0.561639 0.036223
vt 0.448462 0.253260
vt 0.375000 0.250000
vt 0.452672 0.249146
vt 0.625000 0.250000
vt 0.551538 0.253260
vt 0.547328 0.249146
vt 0.442423 0.500417
vt 0.375000 0.500000
vt 0.125000 0.250000
vt 0.446467 0.496615
vt 0.625000 0.500000
vt 0.875000 0.250000
vt 0.557581 0.500417
vt 0.553535 0.496615
vt 0.447771 0.752505
vt 0.375000 0.750000
vt 0.125000 0.000000
vt 0.447480 0.749332
vt 0.625000 0.750000
vt 0.875000 0.000000
vt 0.552229 0.752505
vt 0.552520 0.749332
vt 0.375000 0.312500
vt 0.390625 0.312500
vt 0.390625 0.350000
vt 0.375000 0.350000
vt 0.406250 0.312500
vt 0.406250 0.350000
vt 0.421875 0.312500
vt 0.421875 0.350000
vt 0.437500 0.312500
vt 0.437500 0.350000
vt 0.453125 0.312500
vt 0.453125 0.350000
vt 0.468750 0.312500
vt 0.468750 0.350000
vt 0.484375 0.312500
vt 0.484375 0.350000
vt 0.500000 0.312500
vt 0.500000 0.350000
vt 0.515625 0.312500
vt 0.515625 0.350000
vt 0.531250 0.312500
vt 0.531250 0.350000
vt 0.546875 0.312500
vt 0.546875 0.350000
vt 0.562500 0.312500
vt 0.562500 0.350000
vt 0.578125 0.312500
vt 0.578125 0.350000
vt 0.593750 0.312500
vt 0.593750 0.350000
vt 0.609375 0.312500
vt 0.609375 0.350000
vt 0.625000 0.312500
vt 0.625000 0.350000
vt 0.610485 0.045765
vt 0.644356 0.096456
vt 0.500000 0.156250
vt 0.559794 0.011894
vt 0.500000 0.000000
vt 0.440206 0.011894
vt 0.389515 0.045765
vt 0.355644 0.096456
vt 0.343750 0.156250
vt 0.355644 0.216044
vt 0.389515 0.266735
vt 0.440206 0.300606
vt 0.500000 0.312500
vt 0.559794 0.300606
vt 0.610485 0.266735
vt 0.644356 0.216044
vt 0.656250 0.156250
vt 0.644356 0.903544
vt 0.610485 0.954235
vt 0.500000 0.843750
vt 0.559794 0.988106
vt 0.500000 1.000000
vt 0.440206 0.988106
vt 0.389515 0.954235
vt 0.355644 0.903544
vt 0.343750 0.843750
vt 0.355644 0.783956
vt 0.389515 0.733265
vt 0.440206 0.699394
vt 0.500000 0.687500
vt 0.559794 0.699394
vt 0.610485 0.733265
vt 0.644356 0.783956
vt 0.656250 0.843750
vt 0.375000 0.650000
vt 0.390625 0.650000
vt 0.390625 0.687500
vt 0.375000 0.687500
vt 0.609375 0.650000
vt 0.625000 0.650000
vt 0.625000 0.687500
vt 0.609375 0.687500
vt 0.593750 0.650000
vt 0.593750 0.687500
vt 0.578125 0.650000
vt 0.578125 0.687500
vt 0.562500 0.650000
vt 0.562500 0.687500
vt 0.546875 0.650000
vt 0.546875 0.687500
vt 0.531250 0.650000
vt 0.531250 0.687500
vt 0.515625 0.650000
vt 0.515625 0.687500
vt 0.500000 0.650000
vt 0.500000 0.687500
vt 0.484375 0.650000
vt 0.484375 0.687500
vt 0.468750 0.650000
vt 0.468750 0.687500
vt 0.453125 0.650000
vt 0.453125 0.687500
vt 0.437500 0.650000
vt 0.437500 0.687500
vt 0.421875 0.650000
vt 0.421875 0.687500
vt 0.406250 0.650000
vt 0.406250 0.687500
vt 0.375000 0.612500
vt 0.390625 0.612500
vt 0.609375 0.612500
vt 0.625000 0.612500
vt 0.593750 0.612500
vt 0.578125 0.612500
vt 0.562500 0.612500
vt 0.546875 0.612500
vt 0.531250 0.612500
vt 0.515625 0.612500
vt 0.500000 0.612500
vt 0.484375 0.612500
vt 0.468750 0.612500
vt 0.453125 0.612500
vt 0.437500 0.612500
vt 0.421875 0.612500
vt 0.406250 0.612500
vt 0.375000 0.575000
vt 0.390625 0.575000
vt 0.609375 0.575000
vt 0.625000 0.575000
vt 0.593750 0.575000
vt 0.578125 0.575000
vt 0.562500 0.575000
vt 0.546875 0.575000
vt 0.531250 0.575000
vt 0.515625 0.575000
vt 0.500000 0.575000
vt 0.484375 0.575000
vt 0.468750 0.575000
vt 0.453125 0.575000
vt 0.437500 0.575000
vt 0.421875 0.575000
vt 0.406250 0.575000
vt 0.375000 0.537500
vt 0.390625 0.537500
vt 0.609375 0.537500
vt 0.625000 0.537500
vt 0.593750 0.537500
vt 0.578125 0.537500
vt 0.562500 0.537500
vt 0.546875 0.537500
vt 0.531250 0.537500
vt 0.515625 0.537500
vt 0.500000 0.537500
vt 0.484375 0.537500
vt 0.468750 0.537500
vt 0.453125 0.537500
vt 0.437500 0.537500
vt 0.421875 0.537500
vt 0.406250 0.537500
vt 0.375000 0.500000
vt 0.390625 0.500000
vt 0.609375 0.500000
vt 0.625000 0.500000
vt 0.593750 0.500000
vt 0.578125 0.500000
vt 0.562500 0.500000
vt 0.546875 0.500000
vt 0.531250 0.500000
vt 0.515625 0.500000
vt 0.500000 0.500000
vt 0.484375 0.500000
vt 0.468750 0.500000
vt 0.453125 0.500000
vt 0.437500 0.500000
vt 0.421875 0.500000
vt 0.406250 0.500000
vt 0.375000 0.462500
vt 0.390625 0.462500
vt 0.609375 0.462500
vt 0.625000 0.462500
vt 0.593750 0.462500
vt 0.578125 0.462500
vt 0.562500 0.462500
vt 0.546875 0.462500
vt 0.531250 0.462500
vt 0.515625 0.462500
vt 0.500000 0.462500
vt 0.484375 0.462500
vt 0.468750 0.462500
vt 0.453125 0.462500
vt 0.437500 0.462500
vt 0.421875 0.462500
vt 0.406250 0.462500
vt 0.375000 0.425000
vt 0.390625 0.425000
vt 0.609375 0.425000
vt 0.625000 0.425000
vt 0.593750 0.425000
vt 0.578125 0.425000
vt 0.562500 0.425000
vt 0.546875 0.425000
vt 0.531250 0.425000
vt 0.515625 0.425000
vt 0.500000 0.425000
vt 0.484375 0.425000
vt 0.468750 0.425000
vt 0.453125 0.425000
vt 0.437500 0.425000
vt 0.421875 0.425000
vt 0.406250 0.425000
vt 0.375000 0.387500
vt 0.390625 0.387500
vt 0.609375 0.387500
vt 0.625000 0.387500
vt 0.593750 0.387500
vt 0.578125 0.387500
vt 0.562500 0.387500
vt 0.546875 0.387500
vt 0.531250 0.387500
vt 0.515625 0.387500
vt 0.500000 0.387500
vt 0.484375 0.387500
vt 0.468750 0.387500
vt 0.453125 0.387500
vt 0.437500 0.387500
vt 0.421875 0.387500
vt 0.406250 0.387500
vn 0.000000 -0.999992 0.003994
vn -0.250474 -0.968116 0.003755
vn -0.250474 -0.968116 -0.003755
vn -0.000000 -0.999992 -0.003994
vn -0.695186 -0.718818 0.004039
vn -0.858692 -0.512476 0.004090
vn -0.858692 -0.512476 -0.004090
vn -0.695186 -0.718818 -0.004039
vn -0.999982 -0.002368 0.005480
vn -0.999982 -0.002368 -0.005480
vn -0.866014 -0.001783 0.500017
vn -0.866014 0.001783 0.500017
vn -0.999982 0.002368 0.005480
vn -0.499937 -0.001783 0.866060
vn -0.499937 0.001783 0.866060
vn 0.000000 -0.001779 0.999999
vn -0.000000 0.001779 0.999999
vn 0.999982 -0.002368 0.005480
vn 0.858692 -0.512476 0.004090
vn 0.858692 -0.512476 -0.004090
vn 0.999982 -0.002368 -0.005480
vn 0.695222 -0.718784 0.004039
vn 0.695222 -0.718784 -0.004039
vn 0.250474 -0.968116 0.003755
vn 0.250473 -0.968116 -0.003755
vn 0.499937 -0.001782 0.866060
vn 0.499937 0.001782 0.866060
vn 0.866014 -0.001783 0.500017
vn 0.866014 0.001783 0.500017
vn 0.999982 0.002368 0.005480
vn -0.963819 0.266528 0.003890
vn -0.963819 0.266528 -0.003890
vn -0.999982 0.002368 -0.005480
vn -0.695179 0.718826 0.004001
vn -0.487465 0.873133 0.004029
vn -0.487465 0.873133 -0.004029
vn -0.695179 0.718826 -0.004001
vn -0.000000 0.999992 0.003994
vn 0.000000 0.999992 -0.003994
vn 0.487480 0.873125 0.004029
vn 0.487480 0.873125 -0.004029
vn 0.695214 0.718791 0.004001
vn 0.695214 0.718792 -0.004001
vn 0.963801 0.266595 0.003890
vn 0.999982 0.002368 -0.005480
vn 0.963801 0.266596 -0.003890
vn -0.866014 0.001783 -0.500017
vn -0.866014 -0.001783 -0.500017
vn -0.707064 0.001769 -0.707147
vn -0.707064 -0.001769 -0.707147
vn -0.258662 0.001675 -0.965966
vn -0.000000 0.001779 -0.999999
vn 0.000000 -0.001779 -0.999999
vn -0.258662 -0.001675 -0.965967
vn 0.258662 0.001675 -0.965967
vn 0.258662 -0.001675 -0.965966
vn 0.707064 0.001769 -0.707147
vn 0.866014 0.001783 -0.500017
vn 0.866014 -0.001783 -0.500017
vn 0.707064 -0.001769 -0.707147
vn -0.944407 -0.236302 0.228599
vn -0.702006 -0.512362 0.494643
vn -0.491306 -0.719146 0.491374
vn 0.000003 -0.973669 0.227965
vn -0.222237 -0.949319 0.222271
vn 0.000016 -0.718778 0.695239
vn 0.000016 -0.718778 0.695239
vn -0.494589 -0.512361 0.702046
vn 0.000010 -0.242726 0.970095
vn -0.228522 -0.236318 0.944421
vn 0.222224 -0.949325 0.222258
vn 0.491336 -0.719114 0.491390
vn 0.702017 -0.512342 0.494650
vn 0.944391 -0.236364 0.228599
vn 0.494607 -0.512337 0.702051
vn 0.228546 -0.236288 0.944423
vn -0.000003 0.973666 0.227977
vn -0.222250 0.949312 0.222287
vn -0.491318 0.719141 0.491369
vn -0.702008 0.512363 0.494640
vn -0.944408 0.236299 0.228598
vn -0.494603 0.512354 0.702041
vn -0.000011 0.242728 0.970094
vn -0.228546 0.236318 0.944415
vn 0.000002 0.718776 0.695242
vn 0.000002 0.718776 0.695242
vn 0.944396 0.236346 0.228599
vn 0.702017 0.512338 0.494653
vn 0.491332 0.719113 0.491396
vn 0.222231 0.949322 0.222265
vn 0.494608 0.512335 0.702051
vn 0.228525 0.236290 0.944427
vn -0.000007 0.242728 -0.970094
vn -0.228560 0.236317 -0.944412
vn -0.494595 0.512357 -0.702044
vn -0.702009 0.512356 -0.494646
vn -0.944406 0.236302 -0.228601
vn -0.491316 0.719137 -0.491376
vn 0.000003 0.973667 -0.227974
vn -0.222251 0.949314 -0.222277
vn 0.000002 0.718776 -0.695242
vn 0.000002 0.718776 -0.695242
vn 0.944391 0.236364 -0.228601
vn 0.702007 0.512353 -0.494653
vn 0.494601 0.512338 -0.702054
vn 0.228548 0.236289 -0.944422
vn 0.491319 0.719122 -0.491394
vn 0.222238 0.949319 -0.222268
vn -0.000004 -0.973669 -0.227969
vn -0.222236 -0.949317 -0.222278
vn -0.491310 -0.719144 -0.491372
vn -0.702002 -0.512364 -0.494648
vn -0.944408 -0.236300 -0.228597
vn -0.494595 -0.512357 -0.702044
vn 0.000011 -0.242726 -0.970095
vn -0.228544 -0.236317 -0.944416
vn 0.000003 -0.718778 -0.695239
vn 0.000003 -0.718778 -0.695239
vn 0.944396 -0.236346 -0.228596
vn 0.702005 -0.512352 -0.494656
vn 0.491319 -0.719123 -0.491394
vn 0.222217 -0.949326 -0.222259
vn 0.494600 -0.512339 -0.702054
vn 0.228568 -0.236286 -0.944418
vn 0.770501 -0.537491 -0.342683
vn 0.608083 -0.424234 -0.671014
vn 0.647184 -0.410413 -0.642428
vn 0.798626 -0.503919 -0.329031
vn 0.312401 -0.217902 -0.924621
vn 0.375842 -0.241365 -0.894699
vn -0.075179 0.052410 -0.995792
vn 0.005589 -0.007952 -0.999953
vn -0.427128 0.297992 -0.853676
vn -0.367904 0.230386 -0.900871
vn -0.660882 0.461036 -0.592183
vn -0.643184 0.408069 -0.647916
vn -0.783017 0.546224 -0.297529
vn -0.795587 0.507243 -0.331279
vn -0.820151 0.572147 0.000000
vn -0.842846 0.538155 0.000000
vn -0.783017 0.546224 0.297529
vn -0.795587 0.507243 0.331279
vn -0.660909 0.461021 0.592164
vn -0.643210 0.408057 0.647897
vn -0.427170 0.297985 0.853657
vn -0.367882 0.230389 0.900880
vn -0.075121 0.052409 0.995796
vn 0.005563 -0.007953 0.999953
vn 0.312358 -0.217906 0.924635
vn 0.375864 -0.241363 0.894690
vn 0.608137 -0.424213 0.670980
vn 0.647198 -0.410407 0.642418
vn 0.770500 -0.537491 0.342684
vn 0.798626 -0.503919 0.329031
vn 0.820166 -0.572126 0.000000
vn 0.846073 -0.533067 0.000000
vn 0.000000 -1.000000 0.000020
vn 0.000000 -1.000000 -0.000000
vn 0.000000 -1.000000 -0.000001
vn 0.000000 -1.000000 0.000002
vn 0.000000 -1.000000 0.000002
vn 0.000000 -1.000000 -0.000010
vn 0.000000 -1.000000 -0.000010
vn 0.000000 -1.000000 0.000000
vn 0.000000 -1.000000 0.000000
vn 0.000000 -1.000000 -0.000010
vn 0.000000 -1.000000 0.000000
vn 0.000000 -1.000000 0.000012
vn 0.000000 -1.000000 0.000002
vn 0.000000 -1.000000 0.000000
vn 0.000000 -1.000000 -0.000020
vn 0.000000 -1.000000 0.000000
vn 0.000000 -1.000000 0.000000
vn 0.000000 1.000000 -0.000019
vn 0.000000 1.000000 -0.000020
vn 0.000000 1.000000 -0.000002
vn 0.000000 1.000000 0.000000
vn 0.000000 1.000000 -0.000004
vn 0.000000 1.000000 -0.000004
vn 0.000000 1.000000 0.000000
vn 0.000000 1.000000 -0.000020
vn 0.000000 1.000000 0.000000
vn 0.000000 1.000000 0.000020
vn 0.000000 1.000000 0.000000
vn 0.000000 1.000000 0.000000
vn 0.000000 1.000000 -0.000004
vn 0.000000 1.000000 -0.000014
vn 0.000000 1.000000 0.000010
vn 0.000000 1.000000 0.000019
vn 0.000000 1.000000 0.000000
vn 0.798626 0.503919 -0.329032
vn 0.647173 0.410419 -0.642436
vn 0.608134 0.424210 -0.670984
vn 0.770498 0.537490 -0.342691
vn 0.846073 0.533067 -0.000004
vn 0.820166 0.572126 0.000000
vn 0.798627 0.503920 0.329029
vn 0.770498 0.537490 0.342691
vn 0.647198 0.410407 0.642418
vn 0.608134 0.424210 0.670984
vn 0.375866 0.241364 0.894689
vn 0.312355 0.217904 0.924636
vn 0.005563 0.007954 0.999953
vn -0.075118 -0.052407 0.995797
vn -0.367883 -0.230389 0.900879
vn -0.427169 -0.297984 0.853658
vn -0.643212 -0.408059 0.647894
vn -0.660909 -0.461021 0.592165
vn -0.795587 -0.507243 0.331278
vn -0.783017 -0.546224 0.297530
vn -0.842846 -0.538155 0.000000
vn -0.820151 -0.572147 0.000000
vn -0.795587 -0.507243 -0.331278
vn -0.783017 -0.546224 -0.297530
vn -0.643198 -0.408065 -0.647904
vn -0.660909 -0.461021 -0.592165
vn -0.367865 -0.230391 -0.900886
vn -0.427169 -0.297984 -0.853658
vn 0.005536 0.007952 -0.999953
vn -0.075120 -0.052408 -0.995796
vn 0.375884 0.241361 -0.894682
vn 0.312354 0.217903 -0.924637
vn 0.841214 0.415606 -0.345876
vn 0.669986 0.333103 -0.663447
vn 0.896870 0.442294 -0.000004
vn 0.841215 0.415607 0.345872
vn 0.670024 0.333088 0.663416
vn 0.381567 0.192605 0.904052
vn 0.007308 0.007836 0.999943
vn -0.370293 -0.181263 0.911058
vn -0.664176 -0.330308 0.670647
vn -0.837872 -0.419259 0.349562
vn -0.893963 -0.448141 0.000000
vn -0.837872 -0.419259 -0.349562
vn -0.664135 -0.330324 -0.670679
vn -0.370298 -0.181262 -0.911056
vn 0.007314 0.007835 -0.999943
vn 0.381562 0.192605 -0.904054
vn 0.882660 0.299614 -0.362136
vn 0.691337 0.236385 -0.682770
vn 0.947144 0.320808 0.000000
vn 0.882660 0.299614 0.362136
vn 0.691352 0.236380 0.682757
vn 0.386811 0.134588 0.912285
vn 0.009031 0.006404 0.999939
vn -0.372074 -0.124953 0.919754
vn -0.683296 -0.233699 0.691731
vn -0.879282 -0.302894 0.367585
vn -0.945260 -0.326319 0.000001
vn -0.879283 -0.302894 -0.367583
vn -0.683273 -0.233706 -0.691751
vn -0.372088 -0.124952 -0.919749
vn 0.009050 0.006404 -0.999939
vn 0.386796 0.134589 -0.912291
vn 0.913790 0.157878 -0.374248
vn 0.706840 0.123111 -0.696578
vn 0.985469 0.169854 0.000001
vn 0.913790 0.157878 0.374249
vn 0.706859 0.123107 0.696559
vn 0.390593 0.069328 0.917949
vn 0.010373 0.003642 0.999940
vn -0.373086 -0.063706 0.925607
vn -0.696812 -0.121385 0.706908
vn -0.910532 -0.159852 0.381286
vn -0.984869 -0.173300 0.000001
vn -0.910532 -0.159852 -0.381285
vn -0.696794 -0.121389 -0.706925
vn -0.373083 -0.063706 -0.925608
vn 0.010368 0.003642 -0.999940
vn 0.390596 0.069328 -0.917948
vn 0.925487 0.000000 -0.378780
vn 0.712551 0.000000 -0.701621
vn 1.000000 -0.000000 0.000001
vn 0.925487 -0.000000 0.378780
vn 0.712586 0.000000 0.701585
vn 0.391987 0.000000 0.919971
vn 0.010883 0.000000 0.999941
vn -0.373399 0.000000 0.927671
vn -0.701701 -0.000000 0.712472
vn -0.922302 0.000000 0.386469
vn -1.000000 0.000000 0.000000
vn -0.922302 0.000000 -0.386470
vn -0.701661 -0.000000 -0.712511
vn -0.373406 -0.000000 -0.927668
vn 0.010891 -0.000000 -0.999941
vn 0.391981 0.000000 -0.919973
vn 0.913790 -0.157878 -0.374249
vn 0.706840 -0.123111 -0.696578
vn 0.985469 -0.169854 0.000000
vn 0.913790 -0.157878 0.374249
vn 0.706859 -0.123107 0.696560
vn 0.390593 -0.069329 0.917949
vn 0.010373 -0.003642 0.999940
vn -0.373085 0.063706 0.925607
vn -0.696812 0.121386 0.706908
vn -0.910532 0.159852 0.381286
vn -0.984869 0.173300 0.000000
vn -0.910532 0.159852 -0.381285
vn -0.696794 0.121389 -0.706925
vn -0.373082 0.063706 -0.925609
vn 0.010368 -0.003642 -0.999940
vn 0.390596 -0.069328 -0.917948
vn 0.882661 -0.299614 -0.362134
vn 0.691339 -0.236386 -0.682768
vn 0.947144 -0.320808 0.000000
vn 0.882660 -0.299614 0.362135
vn 0.691354 -0.236381 0.682755
vn 0.386812 -0.134589 0.912284
vn 0.009031 -0.006404 0.999939
vn -0.372075 0.124953 0.919754
vn -0.683297 0.233699 0.691730
vn -0.879282 0.302894 0.367585
vn -0.945260 0.326319 0.000000
vn -0.879282 0.302894 -0.367585
vn -0.683273 0.233706 -0.691751
vn -0.372090 0.124952 -0.919748
vn 0.009049 -0.006404 -0.999939
vn 0.386797 -0.134590 -0.912290
vn 0.841214 -0.415607 -0.345876
vn 0.669999 -0.333097 -0.663436
vn 0.896870 -0.442294 0.000000
vn 0.841214 -0.415607 0.345876
vn 0.670023 -0.333087 0.663417
vn 0.381564 -0.192603 0.904054
vn 0.007308 -0.007835 0.999943
vn -0.370294 0.181263 0.911058
vn -0.664173 0.330307 0.670650
vn -0.837871 0.419258 0.349564
vn -0.893963 0.448141 0.000000
vn -0.837871 0.419258 -0.349564
vn -0.664158 0.330313 -0.670662
vn -0.370279 0.181264 -0.911064
vn 0.007289 -0.007835 -0.999943
vn 0.381578 -0.192602 -0.904048
s 1
g counter_left_door
usemtl initialShadingGroup
f 983/1114/1181 982/1132/1182 1023/1169/1183 1031/1123/1184
s 2
f 982/1132/1185 981/1130/1186 1024/1171/1187 1023/1169/1188
f 981/1131/1186 989/1127/1189 1025/1119/1190 1024/1170/1187
f 989/1127/1189 988/1137/1191 998/1146/1192 997/1128/1193
f 988/1137/1191 987/1136/1194 999/1147/1195 998/1146/1192
f 987/1136/1194 986/1115/1196 1000/1117/1197 999/1147/1195
f 992/1116/1198 991/1139/1199 1032/1178/1200 1036/1122/1201
f 991/1140/1199 990/1138/1202 1033/1179/1203 1032/1177/1200
s 1
f 990/1138/1204 983/1114/1181 1031/1123/1184 1033/1179/1205
s 2
f 986/1115/1196 994/1142/1206 1006/1153/1207 1000/1117/1197
f 994/1142/1206 993/1141/1208 1007/1154/1209 1006/1153/1207
f 993/1141/1208 992/1116/1198 1008/1118/1210 1007/1154/1209
f 997/1128/1193 996/1144/1211 1012/1159/1212 1011/1129/1213
f 996/1145/1214 995/1143/1215 1013/1160/1216 1012/1158/1217
f 995/1143/1215 1003/1125/1218 1014/1120/1219 1013/1160/1216
f 1003/1125/1218 1005/1152/1220 1020/1166/1221 1014/1120/1219
f 1005/1152/1220 1004/1150/1222 1021/1168/1223 1020/1166/1221
f 1004/1151/1224 1008/1118/1210 1022/1121/1225 1021/1167/1226
f 1011/1129/1213 1010/1156/1227 1026/1173/1228 1025/1119/1190
f 1010/1157/1227 1009/1155/1229 1027/1174/1230 1026/1172/1228
s 5
f 1009/1155/1231 1017/1126/1232 1028/1124/1233 1027/1174/1234
f 1017/1126/1232 1019/1165/1235 1034/1180/1236 1028/1124/1233
s 2
f 1019/1165/1237 1018/1163/1238 1035/1182/1239 1034/1180/1240
f 1018/1164/1238 1022/1121/1225 1036/1122/1201 1035/1181/1239
f 992/1116/1198 1036/1122/1201 1022/1121/1225 1008/1118/1210
f 1025/1119/1190 989/1127/1189 997/1128/1193 1011/1129/1213
f 988/1137/1191 989/1127/1189 981/1131/1186 1037/1183/1241
f 1037/1184/1242 981/1130/1186 982/1132/1185 1038/1186/1243
s 1
f 982/1132/1182 983/1114/1181 984/1134/1244 1038/1186/1245
s 2
f 1038/1185/1243 984/1133/1246 985/1135/1247 1039/1187/1248
f 985/1135/1249 986/1115/1196 987/1136/1194 1039/1187/1250
f 1039/1187/1248 987/1136/1194 988/1137/1191 1037/1183/1242
f 1037/1183/1242 1038/1185/1243 1039/1187/1248
s 1
f 984/1134/1244 983/1114/1181 990/1138/1204 1040/1189/1251
s 2
f 1040/1189/1252 990/1138/1202 991/1140/1199 1041/1191/1253
f 991/1139/1199 992/1116/1198 993/1141/1208 1041/1190/1254
f 1041/1190/1253 993/1141/1208 994/1142/1206 1042/1192/1255
f 994/1142/1206 986/1115/1196 985/1135/1249 1042/1192/1256
f 1042/1192/1255 985/1135/1247 984/1133/1246 1040/1188/1252
f 1040/1188/1252 1041/1190/1253 1042/1192/1255
f 1002/1149/1257 1003/1125/1218 995/1143/1215 1043/1193/1258
f 1043/1193/1259 995/1143/1215 996/1145/1214 1044/1194/1260
f 996/1144/1211 997/1128/1193 998/1146/1192 1044/1194/1261
f 1044/1194/1260 998/1146/1192 999/1147/1195 1045/1195/1262
f 999/1147/1195 1000/1117/1197 1001/1148/1263 1045/1195/1264
f 1045/1195/1262 1001/1148/1265 1002/1149/1266 1043/1193/1259
f 1043/1193/1259 1044/1194/1260 1045/1195/1262
f 1007/1154/1209 1008/1118/1210 1004/1151/1224 1046/1196/1267
f 1046/1196/1268 1004/1150/1222 1005/1152/1220 1047/1197/1269
f 1005/1152/1220 1003/1125/1218 1002/1149/1257 1047/1197/1270
f 1047/1197/1269 1002/1149/1266 1001/1148/1265 1048/1198/1271
f 1001/1148/1263 1000/1117/1197 1006/1153/1207 1048/1198/1272
f 1048/1198/1271 1006/1153/1207 1007/1154/1209 1046/1196/1268
f 1046/1196/1268 1047/1197/1269 1048/1198/1271
s 5
f 1016/1162/1273 1017/1126/1232 1009/1155/1231 1049/1199/1274
s 2
f 1049/1199/1275 1009/1155/1229 1010/1157/1227 1050/1200/1276
f 1010/1156/1227 1011/1129/1213 1012/1159/1212 1050/1201/1277
f 1050/1200/1276 1012/1158/1217 1013/1160/1216 1051/1202/1278
f 1013/1160/1216 1014/1120/1219 1015/1161/1279 1051/1202/1280
f 1051/1202/1278 1015/1161/1281 1016/1162/1282 1049/1199/1275
f 1049/1199/1275 1050/1200/1276 1051/1202/1278
f 1021/1167/1226 1022/1121/1225 1018/1164/1238 1052/1204/1283
f 1052/1203/1284 1018/1163/1238 1019/1165/1237 1053/1205/1285
s 5
f 1019/1165/1235 1017/1126/1232 1016/1162/1273 1053/1205/1286
s 2
f 1053/1205/1285 1016/1162/1282 1015/1161/1281 1054/1206/1287
f 1015/1161/1279 1014/1120/1219 1020/1166/1221 1054/1206/1288
f 1054/1206/1287 1020/1166/1221 1021/1168/1223 1052/1203/1284
f 1052/1203/1284 1053/1205/1285 1054/1206/1287
s 1
f 1030/1176/1289 1031/1123/1184 1023/1169/1183 1055/1207/1290
s 2
f 1055/1207/1291 1023/1169/1188 1024/1171/1187 1056/1208/1292
f 1024/1170/1187 1025/1119/1190 1026/1173/1228 1056/1209/1293
f 1056/1208/1292 1026/1172/1228 1027/1174/1230 1057/1210/1294
s 5
f 1027/1174/1234 1028/1124/1233 1029/1175/1295 1057/1210/1296
s 2
f 1057/1210/1294 1029/1175/1297 1030/1176/1298 1055/1207/1291
f 1055/1207/1291 1056/1208/1292 1057/1210/1294
f 1035/1181/1239 1036/1122/1201 1032/1178/1200 1058/1212/1299
f 1058/1211/1300 1032/1177/1200 1033/1179/1203 1059/1213/1301
s 1
f 1033/1179/1205 1031/1123/1184 1030/1176/1289 1059/1213/1302
s 2
f 1059/1213/1301 1030/1176/1298 1029/1175/1297 1060/1214/1303
s 5
f 1029/1175/1295 1028/1124/1233 1034/1180/1236 1060/1214/1304
s 2
f 1060/1214/1303 1034/1180/1240 1035/1182/1239 1058/1211/1300
f 1058/1211/1300 1059/1213/1301 1060/1214/1303
s 11
f 1061/1215/1305 1062/1216/1306 1223/1217/1307 1224/1218/1308
f 1062/1216/1306 1063/1219/1309 1238/1220/1310 1223/1217/1307
f 1063/1219/1309 1064/1221/1311 1237/1222/1312 1238/1220/1310
f 1064/1221/1311 1065/1223/1313 1236/1224/1314 1237/1222/1312
f 1065/1223/1313 1066/1225/1315 1235/1226/1316 1236/1224/1314
f 1066/1225/1315 1067/1227/1317 1234/1228/1318 1235/1226/1316
f 1067/1227/1317 1068/1229/1319 1233/1230/1320 1234/1228/1318
f 1068/1229/1319 1069/1231/1321 1232/1232/1322 1233/1230/1320
f 1069/1231/1321 1070/1233/1323 1231/1234/1324 1232/1232/1322
f 1070/1233/1323 1071/1235/1325 1230/1236/1326 1231/1234/1324
f 1071/1235/1325 1072/1237/1327 1229/1238/1328 1230/1236/1326
f 1072/1237/1327 1073/1239/1329 1228/1240/1330 1229/1238/1328
f 1073/1239/1329 1074/1241/1331 1227/1242/1332 1228/1240/1330
f 1074/1241/1331 1075/1243/1333 1226/1244/1334 1227/1242/1332
f 1075/1243/1333 1076/1245/1335 1225/1246/1336 1226/1244/1334
f 1076/1245/1335 1061/1247/1305 1224/1248/1308 1225/1246/1336
s 12
f 1062/1249/1337 1061/1250/1338 1093/1251/1339
f 1063/1252/1340 1062/1249/1337 1093/1251/1339
f 1064/1253/1341 1063/1252/1340 1093/1251/1339
f 1065/1254/1342 1064/1253/1341 1093/1251/1339
f 1066/1255/1343 1065/1254/1342 1093/1251/1339
f 1067/1256/1344 1066/1255/1343 1093/1251/1339
f 1068/1257/1345 1067/1256/1344 1093/1251/1339
f 1069/1258/1346 1068/1257/1345 1093/1251/1339
f 1070/1259/1347 1069/1258/1346 1093/1251/1339
f 1071/1260/1348 1070/1259/1347 1093/1251/1339
f 1072/1261/1349 1071/1260/1348 1093/1251/1339
f 1073/1262/1350 1072/1261/1349 1093/1251/1339
f 1074/1263/1351 1073/1262/1350 1093/1251/1339
f 1075/1264/1352 1074/1263/1351 1093/1251/1339
f 1076/1265/1353 1075/1264/1352 1093/1251/1339
f 1061/1250/1338 1076/1265/1353 1093/1251/1339
s 13
f 1077/1266/1354 1078/1267/1355 1094/1268/1356
f 1078/1267/1355 1079/1269/1357 1094/1268/1356
f 1079/1269/1357 1080/1270/1358 1094/1268/1356
f 1080/1270/1358 1081/1271/1359 1094/1268/1356
f 1081/1271/1359 1082/1272/1360 1094/1268/1356
f 1082/1272/1360 1083/1273/1361 1094/1268/1356
f 1083/1273/1361 1084/1274/1362 1094/1268/1356
f 1084/1274/1362 1085/1275/1363 1094/1268/1356
f 1085/1275/1363 1086/1276/1364 1094/1268/1356
f 1086/1276/1364 1087/1277/1365 1094/1268/1356
f 1087/1277/1365 1088/1278/1366 1094/1268/1356
f 1088/1278/1366 1089/1279/1367 1094/1268/1356
f 1089/1279/1367 1090/1280/1368 1094/1268/1356
f 1090/1280/1368 1091/1281/1369 1094/1268/1356
f 1091/1281/1369 1092/1282/1370 1094/1268/1356
f 1092/1282/1370 1077/1266/1354 1094/1268/1356
s 11
f 1096/1283/1371 1095/1284/1372 1078/1285/1373 1077/1286/1374
f 1097/1287/1375 1096/1288/1371 1077/1289/1374 1092/1290/1376
f 1098/1291/1377 1097/1287/1375 1092/1290/1376 1091/1292/1378
f 1099/1293/1379 1098/1291/1377 1091/1292/1378 1090/1294/1380
f 1100/1295/1381 1099/1293/1379 1090/1294/1380 1089/1296/1382
f 1101/1297/1383 1100/1295/1381 1089/1296/1382 1088/1298/1384
f 1102/1299/1385 1101/1297/1383 1088/1298/1384 1087/1300/1386
f 1103/1301/1387 1102/1299/1385 1087/1300/1386 1086/1302/1388
f 1104/1303/1389 1103/1301/1387 1086/1302/1388 1085/1304/1390
f 1105/1305/1391 1104/1303/1389 1085/1304/1390 1084/1306/1392
f 1106/1307/1393 1105/1305/1391 1084/1306/1392 1083/1308/1394
f 1107/1309/1395 1106/1307/1393 1083/1308/1394 1082/1310/1396
f 1108/1311/1397 1107/1309/1395 1082/1310/1396 1081/1312/1398
f 1109/1313/1399 1108/1311/1397 1081/1312/1398 1080/1314/1400
f 1110/1315/1401 1109/1313/1399 1080/1314/1400 1079/1316/1402
f 1095/1284/1372 1110/1315/1401 1079/1316/1402 1078/1285/1373
f 1112/1317/1403 1111/1318/1404 1095/1284/1372 1096/1283/1371
f 1113/1319/1405 1112/1320/1403 1096/1288/1371 1097/1287/1375
f 1114/1321/1406 1113/1319/1405 1097/1287/1375 1098/1291/1377
f 1115/1322/1407 1114/1321/1406 1098/1291/1377 1099/1293/1379
f 1116/1323/1408 1115/1322/1407 1099/1293/1379 1100/1295/1381
f 1117/1324/1409 1116/1323/1408 1100/1295/1381 1101/1297/1383
f 1118/1325/1410 1117/1324/1409 1101/1297/1383 1102/1299/1385
f 1119/1326/1411 1118/1325/1410 1102/1299/1385 1103/1301/1387
f 1120/1327/1412 1119/1326/1411 1103/1301/1387 1104/1303/1389
f 1121/1328/1413 1120/1327/1412 1104/1303/1389 1105/1305/1391
f 1122/1329/1414 1121/1328/1413 1105/1305/1391 1106/1307/1393
f 1123/1330/1415 1122/1329/1414 1106/1307/1393 1107/1309/1395
f 1124/1331/1416 1123/1330/1415 1107/1309/1395 1108/1311/1397
f 1125/1332/1417 1124/1331/1416 1108/1311/1397 1109/1313/1399
f 1126/1333/1418 1125/1332/1417 1109/1313/1399 1110/1315/1401
f 1111/1318/1404 1126/1333/1418 1110/1315/1401 1095/1284/1372
f 1128/1334/1419 1127/1335/1420 1111/1318/1404 1112/1317/1403
f 1129/1336/1421 1128/1337/1419 1112/1320/1403 1113/1319/1405
f 1130/1338/1422 1129/1336/1421 1113/1319/1405 1114/1321/1406
f 1131/1339/1423 1130/1338/1422 1114/1321/1406 1115/1322/1407
f 1132/1340/1424 1131/1339/1423 1115/1322/1407 1116/1323/1408
f 1133/1341/1425 1132/1340/1424 1116/1323/1408 1117/1324/1409
f 1134/1342/1426 1133/1341/1425 1117/1324/1409 1118/1325/1410
f 1135/1343/1427 1134/1342/1426 1118/1325/1410 1119/1326/1411
f 1136/1344/1428 1135/1343/1427 1119/1326/1411 1120/1327/1412
f 1137/1345/1429 1136/1344/1428 1120/1327/1412 1121/1328/1413
f 1138/1346/1430 1137/1345/1429 1121/1328/1413 1122/1329/1414
f 1139/1347/1431 1138/1346/1430 1122/1329/1414 1123/1330/1415
f 1140/1348/1432 1139/1347/1431 1123/1330/1415 1124/1331/1416
f 1141/1349/1433 1140/1348/1432 1124/1331/1416 1125/1332/1417
f 1142/1350/1434 1141/1349/1433 1125/1332/1417 1126/1333/1418
f 1127/1335/1420 1142/1350/1434 1126/1333/1418 1111/1318/1404
f 1144/1351/1435 1143/1352/1436 1127/1335/1420 1128/1334/1419
f 1145/1353/1437 1144/1354/1435 1128/1337/1419 1129/1336/1421
f 1146/1355/1438 1145/1353/1437 1129/1336/1421 1130/1338/1422
f 1147/1356/1439 1146/1355/1438 1130/1338/1422 1131/1339/1423
f 1148/1357/1440 1147/1356/1439 1131/1339/1423 1132/1340/1424
f 1149/1358/1441 1148/1357/1440 1132/1340/1424 1133/1341/1425
f 1150/1359/1442 1149/1358/1441 1133/1341/1425 1134/1342/1426
f 1151/1360/1443 1150/1359/1442 1134/1342/1426 1135/1343/1427
f 1152/1361/1444 1151/1360/1443 1135/1343/1427 1136/1344/1428
f 1153/1362/1445 1152/1361/1444 1136/1344/1428 1137/1345/1429
f 1154/1363/1446 1153/1362/1445 1137/1345/1429 1138/1346/1430
f 1155/1364/1447 1154/1363/1446 1138/1346/1430 1139/1347/1431
f 1156/1365/1448 1155/1364/1447 1139/1347/1431 1140/1348/1432
f 1157/1366/1449 1156/1365/1448 1140/1348/1432 1141/1349/1433
f 1158/1367/1450 1157/1366/1449 1141/1349/1433 1142/1350/1434
f 1143/1352/1436 1158/1367/1450 1142/1350/1434 1127/1335/1420
f 1160/1368/1451 1159/1369/1452 1143/1352/1436 1144/1351/1435
f 1161/1370/1453 1160/1371/1451 1144/1354/1435 1145/1353/1437
f 1162/1372/1454 1161/1370/1453 1145/1353/1437 1146/1355/1438
f 1163/1373/1455 1162/1372/1454 1146/1355/1438 1147/1356/1439
f 1164/1374/1456 1163/1373/1455 1147/1356/1439 1148/1357/1440
f 1165/1375/1457 1164/1374/1456 1148/1357/1440 1149/1358/1441
f 1166/1376/1458 1165/1375/1457 1149/1358/1441 1150/1359/1442
f 1167/1377/1459 1166/1376/1458 1150/1359/1442 1151/1360/1443
f 1168/1378/1460 1167/1377/1459 1151/1360/1443 1152/1361/1444
f 1169/1379/1461 1168/1378/1460 1152/1361/1444 1153/1362/1445
f 1170/1380/1462 1169/1379/1461 1153/1362/1445 1154/1363/1446
f 1171/1381/1463 1170/1380/1462 1154/1363/1446 1155/1364/1447
f 1172/1382/1464 1171/1381/1463 1155/1364/1447 1156/1365/1448
f 1173/1383/1465 1172/1382/1464 1156/1365/1448 1157/1366/1449
f 1174/1384/1466 1173/1383/1465 1157/1366/1449 1158/1367/1450
f 1159/1369/1452 1174/1384/1466 1158/1367/1450 1143/1352/1436
f 1176/1385/1467 1175/1386/1468 1159/1369/1452 1160/1368/1451
f 1177/1387/1469 1176/1388/1467 1160/1371/1451 1161/1370/1453
f 1178/1389/1470 1177/1387/1469 1161/1370/1453 1162/1372/1454
f 1179/1390/1471 1178/1389/1470 1162/1372/1454 1163/1373/1455
f 1180/1391/1472 1179/1390/1471 1163/1373/1455 1164/1374/1456
f 1181/1392/1473 1180/1391/1472 1164/1374/1456 1165/1375/1457
f 1182/1393/1474 1181/1392/1473 1165/1375/1457 1166/1376/1458
f 1183/1394/1475 1182/1393/1474 1166/1376/1458 1167/1377/1459
f 1184/1395/1476 1183/1394/1475 1167/1377/1459 1168/1378/1460
f 1185/1396/1477 1184/1395/1476 1168/1378/1460 1169/1379/1461
f 1186/1397/1478 1185/1396/1477 1169/1379/1461 1170/1380/1462
f 1187/1398/1479 1186/1397/1478 1170/1380/1462 1171/1381/1463
f 1188/1399/1480 1187/1398/1479 1171/1381/1463 1172/1382/1464
f 1189/1400/1481 1188/1399/1480 1172/1382/1464 1173/1383/1465
f 1190/1401/1482 1189/1400/1481 1173/1383/1465 1174/1384/1466
f 1175/1386/1468 1190/1401/1482 1174/1384/1466 1159/1369/1452
f 1192/1402/1483 1191/1403/1484 1175/1386/1468 1176/1385/1467
f 1193/1404/1485 1192/1405/1483 1176/1388/1467 1177/1387/1469
f 1194/1406/1486 1193/1404/1485 1177/1387/1469 1178/1389/1470
f 1195/1407/1487 1194/1406/1486 1178/1389/1470 1179/1390/1471
f 1196/1408/1488 1195/1407/1487 1179/1390/1471 1180/1391/1472
f 1197/1409/1489 1196/1408/1488 1180/1391/1472 1181/1392/1473
f 1198/1410/1490 1197/1409/1489 1181/1392/1473 1182/1393/1474
f 1199/1411/1491 1198/1410/1490 1182/1393/1474 1183/1394/1475
f 1200/1412/1492 1199/1411/1491 1183/1394/1475 1184/1395/1476
f 1201/1413/1493 1200/1412/1492 1184/1395/1476 1185/1396/1477
f 1202/1414/1494 1201/1413/1493 1185/1396/1477 1186/1397/1478
f 1203/1415/1495 1202/1414/1494 1186/1397/1478 1187/1398/1479
f 1204/1416/1496 1203/1415/1495 1187/1398/1479 1188/1399/1480
f 1205/1417/1497 1204/1416/1496 1188/1399/1480 1189/1400/1481
f 1206/1418/1498 1205/1417/1497 1189/1400/1481 1190/1401/1482
f 1191/1403/1484 1206/1418/1498 1190/1401/1482 1175/1386/1468
f 1208/1419/1499 1207/1420/1500 1191/1403/1484 1192/1402/1483
f 1209/1421/1501 1208/1422/1499 1192/1405/1483 1193/1404/1485
f 1210/1423/1502 1209/1421/1501 1193/1404/1485 1194/1406/1486
f 1211/1424/1503 1210/1423/1502 1194/1406/1486 1195/1407/1487
f 1212/1425/1504 1211/1424/1503 1195/1407/1487 1196/1408/1488
f 1213/1426/1505 1212/1425/1504 1196/1408/1488 1197/1409/1489
f 1214/1427/1506 1213/1426/1505 1197/1409/1489 1198/1410/1490
f 1215/1428/1507 1214/1427/1506 1198/1410/1490 1199/1411/1491
f 1216/1429/1508 1215/1428/1507 1199/1411/1491 1200/1412/1492
f 1217/1430/1509 1216/1429/1508 1200/1412/1492 1201/1413/1493
f 1218/1431/1510 1217/1430/1509 1201/1413/1493 1202/1414/1494
f 1219/1432/1511 1218/1431/1510 1202/1414/1494 1203/1415/1495
f 1220/1433/1512 1219/1432/1511 1203/1415/1495 1204/1416/1496
f 1221/1434/1513 1220/1433/1512 1204/1416/1496 1205/1417/1497
f 1222/1435/1514 1221/1434/1513 1205/1417/1497 1206/1418/1498
f 1207/1420/1500 1222/1435/1514 1206/1418/1498 1191/1403/1484
f 1224/1218/1308 1223/1217/1307 1207/1420/1500 1208/1419/1499
f 1225/1246/1336 1224/1248/1308 1208/1422/1499 1209/1421/1501
f 1226/1244/1334 1225/1246/1336 1209/1421/1501 1210/1423/1502
f 1227/1242/1332 1226/1244/1334 1210/1423/1502 1211/1424/1503
f 1228/1240/1330 1227/1242/1332 1211/1424/1503 1212/1425/1504
f 1229/1238/1328 1228/1240/1330 1212/1425/1504 1213/1426/1505
f 1230/1236/1326 1229/1238/1328 1213/1426/1505 1214/1427/1506
f 1231/1234/1324 1230/1236/1326 1214/1427/1506 1215/1428/1507
f 1232/1232/1322 1231/1234/1324 1215/1428/1507 1216/1429/1508
f 1233/1230/1320 1232/1232/1322 1216/1429/1508 1217/1430/1509
f 1234/1228/1318 1233/1230/1320 1217/1430/1509 1218/1431/1510
f 1235/1226/1316 1234/1228/1318 1218/1431/1510 1219/1432/1511
f 1236/1224/1314 1235/1226/1316 1219/1432/1511 1220/1433/1512
f 1237/1222/1312 1236/1224/1314 1220/1433/1512 1221/1434/1513
f 1238/1220/1310 1237/1222/1312 1221/1434/1513 1222/1435/1514
f 1223/1217/1307 1238/1220/1310 1222/1435/1514 1207/1420/1500
