# This file uses meters as units for non-parametric coordinates.

mtllib sink.mtl
g default
v -15.059529 94.967850 -5.578474
v -15.603963 94.967850 -6.393355
v -16.418782 94.967850 -6.937788
v -17.379902 94.967850 -7.128950
v -18.341084 94.967850 -6.937727
v -19.155903 94.967850 -6.393294
v -19.700337 94.967850 -5.578535
v -19.891499 94.967850 -4.617293
v -19.700337 94.967850 -3.656233
v -19.155903 94.967850 -2.841414
v -18.341084 94.967850 -2.296980
v -17.379902 94.967850 -2.105757
v -16.418782 94.967850 -2.296980
v -15.603963 94.967850 -2.841414
v -15.059529 94.967850 -3.656233
v -14.868306 94.967850 -4.617354
v -15.654255 99.577011 -5.332136
v -16.059163 99.577011 -5.938154
v -16.665120 99.577011 -6.343001
v -17.379902 99.577011 -6.485213
v -18.094746 99.577011 -6.343062
v -18.700703 99.577011 -5.938093
v -19.105610 99.577011 -5.332136
v -19.247822 99.577011 -4.617293
v -19.105610 99.577011 -3.902571
v -18.700703 99.577011 -3.296614
v -18.094746 99.577011 -2.891707
v -17.379902 99.577011 -2.749495
v -16.665120 99.577011 -2.891707
v -16.059163 99.577011 -3.296614
v -15.654255 99.577011 -3.902571
v -15.512044 99.577011 -4.617354
v -17.379902 94.967850 -4.617354
v -16.113118 99.577011 -5.142073
v -16.410359 99.577011 -5.586897
v -16.855183 99.577011 -5.884138
v -17.379902 99.577011 -5.988508
v -17.904683 99.577011 -5.884199
v -18.349507 99.577011 -5.586897
v -18.646748 99.577011 -5.142073
v -18.751118 99.577011 -4.617293
v -18.646748 99.577011 -4.092634
v -18.349507 99.577011 -3.647749
v -17.904683 99.577011 -3.350569
v -17.379902 99.577011 -3.246199
v -16.855183 99.577011 -3.350569
v -16.410359 99.577011 -3.647749
v -16.113118 99.577011 -4.092634
v -16.008748 99.577011 -4.617354
v -16.405293 100.116821 -5.021101
v -16.633992 100.116821 -5.363264
v -17.379902 100.116806 -4.617293
v -16.976216 100.116821 -5.592024
v -17.379902 100.116821 -5.672346
v -17.783650 100.116821 -5.591963
v -18.125874 100.116821 -5.363325
v -18.354573 100.116821 -5.021101
v -18.434895 100.116821 -4.617293
v -18.354573 100.116821 -4.213667
v -18.125874 100.116821 -3.871443
v -17.783650 100.116821 -3.642744
v -17.379902 100.116821 -3.562422
v -16.976216 100.116821 -3.642744
v -16.633992 100.116821 -3.871443
v -16.405293 100.116821 -4.213606
v -16.324971 100.116821 -4.617354
v -15.991536 95.220428 -9.085798
v -16.952656 95.220428 -9.276961
v -16.952656 99.829590 -8.633223
v -16.237874 99.829590 -8.491072
v -16.053181 96.365021 -9.363386
v -16.759236 96.365021 -9.503889
v -16.759236 99.750900 -9.030989
v -16.234151 99.750900 -8.926497
vt 0.644356 0.096456
vt 0.610485 0.045765
vt 0.559794 0.011894
vt 0.500000 0.000000
vt 0.440206 0.011894
vt 0.389515 0.045765
vt 0.355644 0.096456
vt 0.343750 0.156250
vt 0.355644 0.216044
vt 0.389515 0.266735
vt 0.440206 0.300606
vt 0.500000 0.312500
vt 0.559794 0.300606
vt 0.610485 0.266735
vt 0.644356 0.216044
vt 0.656250 0.156250
vt 0.375000 0.312500
vt 0.390625 0.312500
vt 0.406250 0.312500
vt 0.421875 0.312500
vt 0.437500 0.312500
vt 0.453125 0.312500
vt 0.468750 0.312500
vt 0.484375 0.312500
vt 0.500000 0.312500
vt 0.515625 0.312500
vt 0.531250 0.312500
vt 0.546875 0.312500
vt 0.562500 0.312500
vt 0.578125 0.312500
vt 0.593750 0.312500
vt 0.609375 0.312500
vt 0.625000 0.312500
vt 0.375000 0.687500
vt 0.390625 0.687500
vt 0.406250 0.687500
vt 0.421875 0.687500
vt 0.437500 0.687500
vt 0.453125 0.687500
vt 0.468750 0.687500
vt 0.484375 0.687500
vt 0.500000 0.687500
vt 0.515625 0.687500
vt 0.531250 0.687500
vt 0.546875 0.687500
vt 0.562500 0.687500
vt 0.578125 0.687500
vt 0.593750 0.687500
vt 0.609375 0.687500
vt 0.625000 0.687500
vt 0.644356 0.783956
vt 0.610485 0.733265
vt 0.559794 0.699394
vt 0.500000 0.687500
vt 0.440206 0.699394
vt 0.389515 0.733265
vt 0.355644 0.783956
vt 0.343750 0.843750
vt 0.355644 0.903544
vt 0.389515 0.954235
vt 0.440206 0.988106
vt 0.500000 1.000000
vt 0.559794 0.988106
vt 0.610485 0.954235
vt 0.644356 0.903544
vt 0.656250 0.843750
vt 0.500000 0.156250
vt 0.500000 0.843750
vt 0.644356 0.903544
vt 0.610485 0.954235
vt 0.559794 0.988106
vt 0.500000 1.000000
vt 0.440206 0.988106
vt 0.389515 0.954235
vt 0.355644 0.903544
vt 0.343750 0.843750
vt 0.355644 0.783956
vt 0.389515 0.733265
vt 0.440206 0.699394
vt 0.500000 0.687500
vt 0.559794 0.699394
vt 0.610485 0.733265
vt 0.644356 0.783956
vt 0.656250 0.843750
vt 0.644356 0.903544
vt 0.610485 0.954235
vt 0.559794 0.988106
vt 0.500000 1.000000
vt 0.440206 0.988106
vt 0.389515 0.954235
vt 0.355644 0.903544
vt 0.343750 0.843750
vt 0.355644 0.783956
vt 0.389515 0.733265
vt 0.440206 0.699394
vt 0.500000 0.687500
vt 0.559794 0.699394
vt 0.610485 0.733265
vt 0.644356 0.783956
vt 0.656250 0.843750
vt 0.406250 0.312500
vt 0.421875 0.312500
vt 0.421875 0.687500
vt 0.406250 0.687500
vt 0.406250 0.312500
vt 0.421875 0.312500
vt 0.421875 0.687500
vt 0.406250 0.687500
vn 0.914998 0.138319 -0.379008
vn 0.700311 0.138326 -0.700308
vn 0.700311 0.138326 -0.700308
vn 0.914997 0.138319 -0.379009
vn 0.550375 0.135720 -0.823813
vn 0.550375 0.135720 -0.823813
vn 0.193381 0.135702 -0.971694
vn 0.193381 0.135702 -0.971694
vn 0.193381 0.135702 -0.971694
vn 0.193381 0.135702 -0.971694
vn -0.193346 0.135704 -0.971700
vn -0.379046 0.138316 -0.914983
vn -0.379045 0.138316 -0.914983
vn -0.193346 0.135704 -0.971700
vn -0.700313 0.138310 -0.700308
vn -0.700313 0.138310 -0.700308
vn -0.915000 0.138313 -0.379006
vn -0.915000 0.138313 -0.379004
vn -0.990389 0.138311 -0.000000
vn -0.990389 0.138311 0.000000
vn -0.914992 0.138305 0.379027
vn -0.914992 0.138305 0.379028
vn -0.700297 0.138313 0.700324
vn -0.700297 0.138313 0.700324
vn -0.379045 0.138319 0.914982
vn -0.379046 0.138319 0.914982
vn -0.000000 0.138327 0.990387
vn 0.000000 0.138327 0.990387
vn 0.379058 0.138320 0.914977
vn 0.379059 0.138320 0.914976
vn 0.700295 0.138333 0.700322
vn 0.700295 0.138333 0.700322
vn 0.914987 0.138335 0.379029
vn 0.914986 0.138335 0.379030
vn 0.990387 0.138326 -0.000000
vn 0.990387 0.138326 -0.000000
vn 0.000000 -1.000000 0.000000
vn 0.000000 -1.000000 0.000000
vn 0.000000 -1.000000 0.000000
vn 0.011318 -0.998315 -0.056911
vn 0.011318 -0.998315 -0.056911
vn 0.000000 -1.000000 0.000000
vn 0.000000 -1.000000 0.000000
vn 0.000000 -1.000000 0.000000
vn 0.000000 -1.000000 0.000000
vn 0.000000 -1.000000 0.000000
vn 0.000000 -1.000000 0.000000
vn 0.000000 -1.000000 0.000000
vn 0.000000 -1.000000 0.000000
vn 0.000000 -1.000000 0.000000
vn 0.000000 -1.000000 0.000000
vn 0.000000 -1.000000 0.000000
vn 0.000000 -1.000000 0.000000
vn -0.000013 1.000000 0.000018
vn -0.000010 1.000000 0.000018
vn 0.000000 1.000000 -0.000000
vn -0.000006 1.000000 0.000000
vn 0.000000 1.000000 0.000000
vn 0.000006 1.000000 0.000000
vn 0.000010 1.000000 0.000018
vn 0.000013 1.000000 0.000018
vn 0.000014 1.000000 0.000000
vn 0.000013 1.000000 -0.000018
vn 0.000010 1.000000 -0.000018
vn 0.000006 1.000000 0.000000
vn 0.000000 1.000000 0.000000
vn -0.000006 1.000000 0.000000
vn -0.000010 1.000000 -0.000018
vn -0.000013 1.000000 -0.000018
vn -0.000014 1.000000 0.000000
vn 0.000000 1.000000 0.000000
vn 0.000000 1.000000 0.000000
vn 0.000000 1.000000 0.000000
vn 0.000000 1.000000 0.000000
vn 0.000000 1.000000 0.000000
vn 0.000000 1.000000 0.000000
vn 0.000000 1.000000 0.000000
vn 0.000000 1.000000 0.000000
vn -0.019152 0.995167 0.096306
vn -0.019153 0.995167 0.096308
vn 0.000000 1.000000 0.000000
vn 0.000000 1.000000 0.000000
vn 0.000000 1.000000 0.000012
vn 0.000000 1.000000 0.000012
vn 0.000000 1.000000 0.000012
vn 0.000000 1.000000 0.000012
vn 0.000000 1.000000 0.000000
vn 0.000000 1.000000 0.000000
vn 0.000000 1.000000 0.000000
vn 0.000000 1.000000 0.000000
vn 0.000000 1.000000 0.000000
vn 0.000000 1.000000 0.000000
vn 0.000000 1.000000 0.000000
vn 0.000000 1.000000 0.000000
vn 0.000000 1.000000 0.000012
vn 0.000000 1.000000 0.000012
vn 0.000000 1.000000 0.000012
vn 0.000000 1.000000 0.000012
vn 0.000000 1.000000 -0.000012
vn 0.000000 1.000000 -0.000012
vn 0.000000 1.000000 -0.000012
vn 0.000000 1.000000 -0.000012
vn 0.000000 1.000000 0.000000
vn 0.000000 1.000000 0.000000
vn 0.000000 1.000000 0.000000
vn 0.000000 1.000000 0.000000
vn 0.000000 1.000000 0.000000
vn 0.000000 1.000000 0.000000
vn 0.000000 1.000000 0.000000
vn 0.000000 1.000000 0.000000
vn 0.000000 1.000000 -0.000012
vn 0.000000 1.000000 -0.000012
vn 0.000000 1.000000 -0.000012
vn 0.000000 1.000000 -0.000012
vn 0.000000 1.000000 0.000000
vn 0.000000 1.000000 0.000000
vn 0.000000 1.000000 0.000000
vn 0.000000 1.000000 0.000000
vn 0.000000 1.000000 0.000000
vn 0.000000 1.000000 0.000000
vn 0.000000 1.000000 0.000000
vn 0.000000 1.000000 0.000000
vn 0.000000 1.000000 0.000000
vn 0.000000 1.000000 0.000000
vn 0.000000 1.000000 0.000000
vn 0.000000 1.000000 0.000000
vn 0.000000 1.000000 -0.000012
vn 0.000000 1.000000 -0.000012
vn 0.000000 1.000000 -0.000012
vn 0.000000 1.000000 -0.000012
vn 0.000000 1.000000 0.000012
vn 0.000000 1.000000 0.000012
vn 0.000000 1.000000 0.000012
vn 0.000000 1.000000 0.000012
vn 0.797160 0.505461 -0.330220
vn 0.610160 0.505429 -0.610119
vn 0.610161 0.505429 -0.610119
vn 0.797152 0.505461 -0.330240
vn 0.330242 0.505397 -0.797191
vn 0.330238 0.505397 -0.797193
vn -0.000001 0.505432 -0.862866
vn 0.000000 0.505432 -0.862866
vn -0.330196 0.505510 -0.797139
vn -0.330203 0.505510 -0.797136
vn -0.610119 0.505517 -0.610088
vn -0.610108 0.505517 -0.610099
vn -0.797150 0.505499 -0.330186
vn -0.797143 0.505499 -0.330202
vn -0.862857 0.505448 -0.000002
vn -0.862857 0.505448 0.000001
vn -0.797141 0.505472 0.330248
vn -0.797141 0.505472 0.330248
vn -0.610076 0.505553 0.610102
vn -0.610085 0.505553 0.610092
vn -0.330251 0.505482 0.797134
vn -0.330248 0.505482 0.797135
vn 0.000000 0.505432 0.862866
vn 0.000002 0.505432 0.862866
vn 0.330266 0.505486 0.797125
vn 0.330264 0.505486 0.797126
vn 0.610051 0.505550 0.610129
vn 0.610059 0.505550 0.610121
vn 0.797139 0.505500 0.330211
vn 0.797131 0.505500 0.330229
vn 0.862859 0.505445 -0.000001
vn 0.862859 0.505445 -0.000001
vn 0.085399 -0.899123 -0.429285
vn 0.086257 -0.896968 -0.433599
vn -0.981032 0.026813 -0.191985
vn -0.981032 0.026813 -0.191985
vn -0.974308 0.031152 -0.223053
vn -0.978946 0.028233 -0.202157
vn -0.014857 0.997094 0.074714
vn -0.015178 0.996967 0.076328
vn 0.979828 0.026823 0.198037
vn 0.979827 0.026823 0.198037
vn 0.981259 0.027850 0.190671
vn 0.984071 0.029994 0.175225
vn 0.190267 -0.221744 -0.956362
vn 0.190267 -0.221744 -0.956362
vn -0.892686 0.062338 -0.446347
vn -0.892686 0.062338 -0.446347
vn 0.035295 0.983498 -0.177441
vn 0.035295 0.983498 -0.177441
vn 0.998565 0.053534 -0.001120
vn 0.998565 0.053534 -0.001120
s 1
g sinkrightnob1
usemtl initialShadingGroup
f 1/17/1 2/18/2 18/35/3 17/34/4
f 2/18/2 3/19/5 19/36/6 18/35/3
s off
f 71/105/7 72/106/8 73/107/9 74/108/10
s 1
f 4/20/11 5/21/12 21/38/13 20/37/14
f 5/21/12 6/22/15 22/39/16 21/38/13
f 6/22/15 7/23/17 23/40/18 22/39/16
f 7/23/17 8/24/19 24/41/20 23/40/18
f 8/24/19 9/25/21 25/42/22 24/41/20
f 9/25/21 10/26/23 26/43/24 25/42/22
f 10/26/23 11/27/25 27/44/26 26/43/24
f 11/27/25 12/28/27 28/45/28 27/44/26
f 12/28/27 13/29/29 29/46/30 28/45/28
f 13/29/29 14/30/31 30/47/32 29/46/30
f 14/30/31 15/31/33 31/48/34 30/47/32
f 15/31/33 16/32/35 32/49/36 31/48/34
f 16/32/35 1/33/1 17/50/4 32/49/36
s 3
f 2/2/37 1/1/38 33/67/39
f 3/3/40 2/2/37 33/67/39
f 4/4/41 3/3/40 33/67/39
f 5/5/42 4/4/41 33/67/39
f 6/6/43 5/5/42 33/67/39
f 7/7/44 6/6/43 33/67/39
f 8/8/45 7/7/44 33/67/39
f 9/9/46 8/8/45 33/67/39
f 10/10/47 9/9/46 33/67/39
f 11/11/48 10/10/47 33/67/39
f 12/12/49 11/11/48 33/67/39
f 13/13/50 12/12/49 33/67/39
f 14/14/51 13/13/50 33/67/39
f 15/15/52 14/14/51 33/67/39
f 16/16/53 15/15/52 33/67/39
f 1/1/38 16/16/53 33/67/39
s 4
f 50/85/54 51/86/55 52/68/56
f 51/86/55 53/87/57 52/68/56
f 53/87/57 54/88/58 52/68/56
f 54/88/58 55/89/59 52/68/56
f 55/89/59 56/90/60 52/68/56
f 56/90/60 57/91/61 52/68/56
f 57/91/61 58/92/62 52/68/56
f 58/92/62 59/93/63 52/68/56
f 59/93/63 60/94/64 52/68/56
f 60/94/64 61/95/65 52/68/56
f 61/95/65 62/96/66 52/68/56
f 62/96/66 63/97/67 52/68/56
f 63/97/67 64/98/68 52/68/56
f 64/98/68 65/99/69 52/68/56
f 65/99/69 66/100/70 52/68/56
f 66/100/70 50/85/54 52/68/56
s off
f 17/65/71 18/64/72 35/70/73 34/69/74
f 18/64/75 19/63/76 36/71/77 35/70/78
s 5
f 19/63/79 20/62/80 37/72/81 36/71/82
s off
f 20/62/83 21/61/84 38/73/85 37/72/86
f 21/61/87 22/60/88 39/74/89 38/73/90
f 22/60/91 23/59/92 40/75/93 39/74/94
f 23/59/95 24/58/96 41/76/97 40/75/98
f 24/58/99 25/57/100 42/77/101 41/76/102
f 25/57/103 26/56/104 43/78/105 42/77/106
f 26/56/107 27/55/108 44/79/109 43/78/110
f 27/55/111 28/54/112 45/80/113 44/79/114
f 28/54/115 29/53/116 46/81/117 45/80/118
f 29/53/119 30/52/120 47/82/121 46/81/122
f 30/52/123 31/51/124 48/83/125 47/82/126
f 31/51/127 32/66/128 49/84/129 48/83/130
f 32/66/131 17/65/132 34/69/133 49/84/134
s 6
f 34/69/135 35/70/136 51/86/137 50/85/138
f 35/70/136 36/71/139 53/87/140 51/86/137
f 36/71/139 37/72/141 54/88/142 53/87/140
f 37/72/141 38/73/143 55/89/144 54/88/142
f 38/73/143 39/74/145 56/90/146 55/89/144
f 39/74/145 40/75/147 57/91/148 56/90/146
f 40/75/147 41/76/149 58/92/150 57/91/148
f 41/76/149 42/77/151 59/93/152 58/92/150
f 42/77/151 43/78/153 60/94/154 59/93/152
f 43/78/153 44/79/155 61/95/156 60/94/154
f 44/79/155 45/80/157 62/96/158 61/95/156
f 45/80/157 46/81/159 63/97/160 62/96/158
f 46/81/159 47/82/161 64/98/162 63/97/160
f 47/82/161 48/83/163 65/99/164 64/98/162
f 48/83/163 49/84/165 66/100/166 65/99/164
f 49/84/165 34/69/135 50/85/138 66/100/166
s 3
f 3/19/40 4/20/41 68/102/167 67/101/168
s 7
f 4/20/169 20/37/170 69/103/171 68/102/172
s 5
f 20/37/80 19/36/79 70/104/173 69/103/174
s 8
f 19/36/175 3/19/176 67/101/177 70/104/178
s 3
f 67/101/168 68/102/167 72/106/179 71/105/180
s 7
f 68/102/172 69/103/171 73/107/181 72/106/182
s 5
f 69/103/174 70/104/173 74/108/183 73/107/184
s 8
f 70/104/178 67/101/177 71/105/185 74/108/186
g default
v 38.689495 0.723099 -1.886946
v 39.236797 0.193752 -1.886946
v 39.984477 0.000000 -1.886946
v 39.984477 0.193752 -1.139387
v 39.984477 0.723099 -0.592146
v 39.984477 1.446194 -0.391829
v 39.236797 1.446194 -0.592146
v 38.689495 1.446194 -1.139387
v 38.489177 1.446194 -1.886946
v 40.732158 0.193752 -1.886946
v 41.279460 0.723099 -1.886946
v 41.479778 1.446194 -1.886946
v 41.279460 1.446194 -1.139387
v 40.732158 1.446194 -0.592146
v 39.236797 86.129036 -1.886946
v 38.689495 85.599701 -1.886946
v 38.489177 84.876595 -1.886946
v 38.689495 84.876595 -1.139387
v 39.236797 84.876595 -0.592146
v 39.984477 84.876595 -0.391829
v 39.984477 85.599701 -0.592146
v 39.984477 86.129036 -1.139387
v 39.984477 86.322792 -1.886946
v 41.279460 85.599701 -1.886946
v 40.732158 86.129036 -1.886946
v 40.732158 84.876595 -0.592146
v 41.279460 84.876595 -1.139387
v 41.479778 84.876595 -1.886946
v 39.236797 84.876595 -38.912031
v 38.689495 84.876595 -38.364729
v 38.489177 84.876595 -37.617171
v 38.689495 85.599701 -37.617171
v 39.236797 86.129036 -37.617171
v 39.984477 86.322792 -37.617171
v 39.984477 86.129036 -38.364729
v 39.984477 85.599701 -38.912031
v 39.984477 84.876595 -39.112288
v 41.279460 84.876595 -38.364729
v 40.732158 84.876595 -38.912031
v 40.732158 86.129036 -37.617171
v 41.279460 85.599701 -37.617171
v 41.479778 84.876595 -37.617171
v 39.236797 0.193752 -37.617171
v 38.689495 0.723099 -37.617171
v 38.489177 1.446194 -37.617171
v 38.689495 1.446194 -38.364729
v 39.236797 1.446194 -38.912031
v 39.984477 1.446194 -39.112288
v 39.984477 0.723099 -38.912031
v 39.984477 0.193752 -38.364729
v 39.984477 0.000000 -37.617171
v 41.279460 0.723099 -37.617171
v 40.732158 0.193752 -37.617171
v 40.732158 1.446194 -38.912031
v 41.279460 1.446194 -38.364729
v 41.479778 1.446194 -37.617171
v 38.801921 0.821312 -1.240950
v 39.338298 0.302505 -1.240950
v 39.338298 0.821312 -0.704573
v 40.630657 0.302505 -1.240950
v 41.167034 0.821312 -1.240950
v 40.630657 0.821312 -0.704573
v 39.338298 86.020279 -1.240950
v 38.801921 85.501472 -1.240950
v 39.338298 85.501472 -0.704573
v 41.167034 85.501472 -1.240950
v 40.630657 86.020279 -1.240950
v 40.630657 85.501472 -0.704573
v 39.338298 85.501472 -38.799544
v 38.801921 85.501472 -38.263228
v 39.338298 86.020279 -38.263228
v 41.167034 85.501472 -38.263228
v 40.630657 85.501472 -38.799544
v 40.630657 86.020279 -38.263228
v 39.338298 0.302505 -38.263228
v 38.801921 0.821312 -38.263228
v 39.338298 0.821312 -38.799544
v 41.167034 0.821312 -38.263228
v 40.630657 0.302505 -38.263228
v 40.630657 0.821312 -38.799544
v 41.190593 66.370483 -6.610152
v 41.036724 66.370483 -6.840498
v 40.806316 66.370483 -6.994368
v 40.534709 66.370483 -7.048445
v 40.262920 66.370483 -6.994368
v 40.032634 66.370483 -6.840437
v 39.878642 66.370483 -6.610152
v 39.824687 66.370483 -6.338423
v 39.878642 66.370483 -6.066756
v 40.032573 66.370483 -5.836409
v 40.262859 66.370483 -5.682478
v 40.534648 66.370483 -5.628401
v 40.806377 66.370483 -5.682478
v 41.036724 66.370483 -5.836409
v 41.190532 66.370483 -6.066694
v 41.244609 66.370483 -6.338423
v 41.190593 81.324951 -6.610152
v 41.036724 81.324951 -6.840498
v 40.806316 81.324951 -6.994368
v 40.534709 81.324951 -7.048445
v 40.262920 81.324951 -6.994368
v 40.032634 81.324951 -6.840437
v 39.878642 81.324951 -6.610152
v 39.824687 81.324951 -6.338423
v 39.878642 81.324951 -6.066756
v 40.032573 81.324951 -5.836409
v 40.262859 81.324951 -5.682478
v 40.534648 81.324951 -5.628401
v 40.806377 81.324951 -5.682478
v 41.036724 81.324951 -5.836409
v 41.190532 81.324951 -6.066694
v 41.244609 81.324951 -6.338423
v 40.509258 66.370483 -6.338423
v 40.509258 81.324951 -6.338423
v 42.079936 79.829529 -6.840498
v 42.233806 79.829529 -6.610152
v 42.287822 79.829529 -6.338423
v 42.233745 79.829529 -6.066694
v 42.079936 79.829529 -5.836409
v 41.849590 79.829529 -5.682478
v 41.577861 79.829529 -5.628401
v 41.306072 79.829529 -5.682478
v 41.075786 79.829529 -5.836409
v 40.921855 79.829529 -6.066756
v 40.867900 79.829529 -6.338423
v 40.921855 79.829529 -6.610152
v 41.075847 79.829529 -6.840437
v 41.306133 79.829529 -6.994368
v 41.577922 79.829529 -7.048445
v 41.849529 79.829529 -6.994368
v 42.933818 78.334045 -6.840498
v 43.087810 78.334045 -6.610152
v 43.141704 78.334045 -6.338423
v 43.087749 78.334045 -6.066694
v 42.933818 78.334045 -5.836409
v 42.703472 78.334045 -5.682478
v 42.431743 78.334045 -5.628401
v 42.159954 78.334045 -5.682478
v 41.929668 78.334045 -5.836409
v 41.775859 78.334045 -6.066756
v 41.721782 78.334045 -6.338423
v 41.775859 78.334045 -6.610152
v 41.929729 78.334045 -6.840437
v 42.160015 78.334045 -6.994368
v 42.431804 78.334045 -7.048445
v 42.703411 78.334045 -6.994368
v 43.567119 76.838623 -6.840498
v 43.721111 76.838623 -6.610152
v 43.775005 76.838623 -6.338423
v 43.721050 76.838623 -6.066694
v 43.567119 76.838623 -5.836409
v 43.336772 76.838623 -5.682478
v 43.065044 76.838623 -5.628401
v 42.793254 76.838623 -5.682478
v 42.562969 76.838623 -5.836409
v 42.409160 76.838623 -6.066756
v 42.355083 76.838623 -6.338423
v 42.409160 76.838623 -6.610152
v 42.563030 76.838623 -6.840437
v 42.793315 76.838623 -6.994368
v 43.065105 76.838623 -7.048445
v 43.336711 76.838623 -6.994368
v 43.956523 75.343155 -6.840498
v 44.110515 75.343155 -6.610152
v 44.164409 75.343155 -6.338423
v 44.110454 75.343155 -6.066694
v 43.956767 75.343155 -5.836409
v 43.726299 75.343155 -5.682478
v 43.454570 75.343155 -5.628401
v 43.182781 75.343155 -5.682478
v 42.952495 75.343155 -5.836409
v 42.798686 75.343155 -6.066756
v 42.744609 75.343155 -6.338423
v 42.798686 75.343155 -6.610152
v 42.952556 75.343155 -6.840437
v 43.182842 75.343155 -6.994368
v 43.454631 75.343155 -7.048445
v 43.726238 75.343155 -6.994368
v 44.088115 73.847710 -6.840498
v 44.241985 73.847710 -6.610152
v 44.296123 73.847710 -6.338423
v 44.241924 73.847710 -6.066694
v 44.088115 73.847710 -5.836409
v 43.857768 73.847710 -5.682478
v 43.586040 73.847710 -5.628401
v 43.314250 73.847710 -5.682478
v 43.083965 73.847710 -5.836409
v 42.930034 73.847710 -6.066756
v 42.876079 73.847710 -6.338423
v 42.930034 73.847710 -6.610152
v 43.084026 73.847710 -6.840437
v 43.314311 73.847710 -6.994368
v 43.586101 73.847710 -7.048445
v 43.857829 73.847710 -6.994368
v 43.956523 72.352249 -6.840498
v 44.110515 72.352249 -6.610152
v 44.164409 72.352249 -6.338423
v 44.110454 72.352249 -6.066694
v 43.956767 72.352249 -5.836409
v 43.726299 72.352249 -5.682478
v 43.454570 72.352249 -5.628401
v 43.182781 72.352249 -5.682478
v 42.952495 72.352249 -5.836409
v 42.798686 72.352249 -6.066756
v 42.744609 72.352249 -6.338423
v 42.798686 72.352249 -6.610152
v 42.952556 72.352249 -6.840437
v 43.182842 72.352249 -6.994368
v 43.454631 72.352249 -7.048445
v 43.726238 72.352249 -6.994368
v 43.567119 70.856812 -6.840498
v 43.721111 70.856812 -6.610152
v 43.775005 70.856812 -6.338423
v 43.721050 70.856812 -6.066694
v 43.567119 70.856812 -5.836409
v 43.336772 70.856812 -5.682478
v 43.065044 70.856812 -5.628401
v 42.793254 70.856812 -5.682478
v 42.562969 70.856812 -5.836409
v 42.409160 70.856812 -6.066756
v 42.355083 70.856812 -6.338423
v 42.409160 70.856812 -6.610152
v 42.563030 70.856812 -6.840437
v 42.793315 70.856812 -6.994368
v 43.065105 70.856812 -7.048445
v 43.336711 70.856812 -6.994368
v 42.933818 69.361389 -6.840498
v 43.087810 69.361389 -6.610152
v 43.141704 69.361389 -6.338423
v 43.087749 69.361389 -6.066694
v 42.933818 69.361389 -5.836409
v 42.703472 69.361389 -5.682478
v 42.431743 69.361389 -5.628401
v 42.159954 69.361389 -5.682478
v 41.929668 69.361389 -5.836409
v 41.775859 69.361389 -6.066756
v 41.721782 69.361389 -6.338423
v 41.775859 69.361389 -6.610152
v 41.929729 69.361389 -6.840437
v 42.160015 69.361389 -6.994368
v 42.431804 69.361389 -7.048445
v 42.703411 69.361389 -6.994368
v 42.079936 67.865906 -6.840498
v 42.233806 67.865906 -6.610152
v 42.287822 67.865906 -6.338423
v 42.233745 67.865906 -6.066694
v 42.079936 67.865906 -5.836409
v 41.849590 67.865906 -5.682478
v 41.577861 67.865906 -5.628401
v 41.306072 67.865906 -5.682478
v 41.075786 67.865906 -5.836409
v 40.921855 67.865906 -6.066756
v 40.867900 67.865906 -6.338423
v 40.921855 67.865906 -6.610152
v 41.075847 67.865906 -6.840437
v 41.306133 67.865906 -6.994368
v 41.577922 67.865906 -7.048445
v 41.849529 67.865906 -6.994368
vt 0.500000 0.990347
vt 0.500007 0.004184
vt 0.634653 0.004188
vt 0.500000 0.245812
vt 0.634653 0.245812
vt 0.134653 0.004188
vt 0.500000 0.490347
vt 0.865347 0.245812
vt 0.865347 0.004188
vt 0.500000 0.759653
vt 0.500000 0.745812
vt 0.500000 0.259653
vt 0.500007 0.504184
vt 0.365347 0.004188
vt 0.365347 0.245812
vt 0.134653 0.245812
vt 0.493224 0.750000
vt 0.479673 0.000000
vt 0.496605 0.867234
vt 0.500000 0.000000
vt 0.500000 0.750000
vt 0.500003 0.137402
vt 0.455370 0.009779
vt 0.411119 0.006935
vt 0.503395 0.867234
vt 0.520327 0.000000
vt 0.506776 0.750000
vt 0.588886 0.004376
vt 0.544639 0.004612
vt 0.437689 0.257081
vt 0.370524 0.250000
vt 0.375000 0.254476
vt 0.409766 0.245850
vt 0.454837 0.245845
vt 0.500000 0.249491
vt 0.500000 0.253693
vt 0.625000 0.254476
vt 0.629476 0.250000
vt 0.562311 0.257081
vt 0.545163 0.245844
vt 0.590234 0.245850
vt 0.437520 0.503032
vt 0.125000 0.248106
vt 0.375000 0.501894
vt 0.375000 0.495524
vt 0.129476 0.250000
vt 0.437644 0.492916
vt 0.500001 0.496172
vt 0.500003 0.500224
vt 0.625000 0.501894
vt 0.875000 0.248106
vt 0.562487 0.503032
vt 0.562356 0.492916
vt 0.870524 0.250000
vt 0.625000 0.495524
vt 0.438753 0.754819
vt 0.131467 0.000000
vt 0.377156 0.750000
vt 0.375000 0.748106
vt 0.125000 0.001894
vt 0.437567 0.746963
vt 0.500000 0.749503
vt 0.500000 0.753257
vt 0.622844 0.750000
vt 0.868533 0.000000
vt 0.561247 0.754819
vt 0.562433 0.746963
vt 0.875000 0.001894
vt 0.625000 0.748106
vt 0.486140 0.000000
vt 0.495380 0.750000
vt 0.493532 0.000000
vt 0.497844 0.750000
vt 0.438365 0.434023
vt 0.506468 0.000000
vt 0.502156 0.750000
vt 0.513860 0.000000
vt 0.504620 0.750000
vt 0.561639 0.036223
vt 0.448462 0.253260
vt 0.375000 0.250000
vt 0.452672 0.249146
vt 0.625000 0.250000
vt 0.551538 0.253260
vt 0.547328 0.249146
vt 0.442423 0.500417
vt 0.375000 0.500000
vt 0.125000 0.250000
vt 0.446467 0.496615
vt 0.625000 0.500000
vt 0.875000 0.250000
vt 0.557581 0.500417
vt 0.553535 0.496615
vt 0.447771 0.752505
vt 0.375000 0.750000
vt 0.125000 0.000000
vt 0.447480 0.749332
vt 0.625000 0.750000
vt 0.875000 0.000000
vt 0.552229 0.752505
vt 0.552520 0.749332
vt 0.375000 0.312500
vt 0.390625 0.312500
vt 0.390625 0.350000
vt 0.375000 0.350000
vt 0.406250 0.312500
vt 0.406250 0.350000
vt 0.421875 0.312500
vt 0.421875 0.350000
vt 0.437500 0.312500
vt 0.437500 0.350000
vt 0.453125 0.312500
vt 0.453125 0.350000
vt 0.468750 0.312500
vt 0.468750 0.350000
vt 0.484375 0.312500
vt 0.484375 0.350000
vt 0.500000 0.312500
vt 0.500000 0.350000
vt 0.515625 0.312500
vt 0.515625 0.350000
vt 0.531250 0.312500
vt 0.531250 0.350000
vt 0.546875 0.312500
vt 0.546875 0.350000
vt 0.562500 0.312500
vt 0.562500 0.350000
vt 0.578125 0.312500
vt 0.578125 0.350000
vt 0.593750 0.312500
vt 0.593750 0.350000
vt 0.609375 0.312500
vt 0.609375 0.350000
vt 0.625000 0.312500
vt 0.625000 0.350000
vt 0.610485 0.045765
vt 0.644356 0.096456
vt 0.500000 0.156250
vt 0.559794 0.011894
vt 0.500000 0.000000
vt 0.440206 0.011894
vt 0.389515 0.045765
vt 0.355644 0.096456
vt 0.343750 0.156250
vt 0.355644 0.216044
vt 0.389515 0.266735
vt 0.440206 0.300606
vt 0.500000 0.312500
vt 0.559794 0.300606
vt 0.610485 0.266735
vt 0.644356 0.216044
vt 0.656250 0.156250
vt 0.644356 0.903544
vt 0.610485 0.954235
vt 0.500000 0.843750
vt 0.559794 0.988106
vt 0.500000 1.000000
vt 0.440206 0.988106
vt 0.389515 0.954235
vt 0.355644 0.903544
vt 0.343750 0.843750
vt 0.355644 0.783956
vt 0.389515 0.733265
vt 0.440206 0.699394
vt 0.500000 0.687500
vt 0.559794 0.699394
vt 0.610485 0.733265
vt 0.644356 0.783956
vt 0.656250 0.843750
vt 0.375000 0.650000
vt 0.390625 0.650000
vt 0.390625 0.687500
vt 0.375000 0.687500
vt 0.609375 0.650000
vt 0.625000 0.650000
vt 0.625000 0.687500
vt 0.609375 0.687500
vt 0.593750 0.650000
vt 0.593750 0.687500
vt 0.578125 0.650000
vt 0.578125 0.687500
vt 0.562500 0.650000
vt 0.562500 0.687500
vt 0.546875 0.650000
vt 0.546875 0.687500
vt 0.531250 0.650000
vt 0.531250 0.687500
vt 0.515625 0.650000
vt 0.515625 0.687500
vt 0.500000 0.650000
vt 0.500000 0.687500
vt 0.484375 0.650000
vt 0.484375 0.687500
vt 0.468750 0.650000
vt 0.468750 0.687500
vt 0.453125 0.650000
vt 0.453125 0.687500
vt 0.437500 0.650000
vt 0.437500 0.687500
vt 0.421875 0.650000
vt 0.421875 0.687500
vt 0.406250 0.650000
vt 0.406250 0.687500
vt 0.375000 0.612500
vt 0.390625 0.612500
vt 0.609375 0.612500
vt 0.625000 0.612500
vt 0.593750 0.612500
vt 0.578125 0.612500
vt 0.562500 0.612500
vt 0.546875 0.612500
vt 0.531250 0.612500
vt 0.515625 0.612500
vt 0.500000 0.612500
vt 0.484375 0.612500
vt 0.468750 0.612500
vt 0.453125 0.612500
vt 0.437500 0.612500
vt 0.421875 0.612500
vt 0.406250 0.612500
vt 0.375000 0.575000
vt 0.390625 0.575000
vt 0.609375 0.575000
vt 0.625000 0.575000
vt 0.593750 0.575000
vt 0.578125 0.575000
vt 0.562500 0.575000
vt 0.546875 0.575000
vt 0.531250 0.575000
vt 0.515625 0.575000
vt 0.500000 0.575000
vt 0.484375 0.575000
vt 0.468750 0.575000
vt 0.453125 0.575000
vt 0.437500 0.575000
vt 0.421875 0.575000
vt 0.406250 0.575000
vt 0.375000 0.537500
vt 0.390625 0.537500
vt 0.609375 0.537500
vt 0.625000 0.537500
vt 0.593750 0.537500
vt 0.578125 0.537500
vt 0.562500 0.537500
vt 0.546875 0.537500
vt 0.531250 0.537500
vt 0.515625 0.537500
vt 0.500000 0.537500
vt 0.484375 0.537500
vt 0.468750 0.537500
vt 0.453125 0.537500
vt 0.437500 0.537500
vt 0.421875 0.537500
vt 0.406250 0.537500
vt 0.375000 0.500000
vt 0.390625 0.500000
vt 0.609375 0.500000
vt 0.625000 0.500000
vt 0.593750 0.500000
vt 0.578125 0.500000
vt 0.562500 0.500000
vt 0.546875 0.500000
vt 0.531250 0.500000
vt 0.515625 0.500000
vt 0.500000 0.500000
vt 0.484375 0.500000
vt 0.468750 0.500000
vt 0.453125 0.500000
vt 0.437500 0.500000
vt 0.421875 0.500000
vt 0.406250 0.500000
vt 0.375000 0.462500
vt 0.390625 0.462500
vt 0.609375 0.462500
vt 0.625000 0.462500
vt 0.593750 0.462500
vt 0.578125 0.462500
vt 0.562500 0.462500
vt 0.546875 0.462500
vt 0.531250 0.462500
vt 0.515625 0.462500
vt 0.500000 0.462500
vt 0.484375 0.462500
vt 0.468750 0.462500
vt 0.453125 0.462500
vt 0.437500 0.462500
vt 0.421875 0.462500
vt 0.406250 0.462500
vt 0.375000 0.425000
vt 0.390625 0.425000
vt 0.609375 0.425000
vt 0.625000 0.425000
vt 0.593750 0.425000
vt 0.578125 0.425000
vt 0.562500 0.425000
vt 0.546875 0.425000
vt 0.531250 0.425000
vt 0.515625 0.425000
vt 0.500000 0.425000
vt 0.484375 0.425000
vt 0.468750 0.425000
vt 0.453125 0.425000
vt 0.437500 0.425000
vt 0.421875 0.425000
vt 0.406250 0.425000
vt 0.375000 0.387500
vt 0.390625 0.387500
vt 0.609375 0.387500
vt 0.625000 0.387500
vt 0.593750 0.387500
vt 0.578125 0.387500
vt 0.562500 0.387500
vt 0.546875 0.387500
vt 0.531250 0.387500
vt 0.515625 0.387500
vt 0.500000 0.387500
vt 0.484375 0.387500
vt 0.468750 0.387500
vt 0.453125 0.387500
vt 0.437500 0.387500
vt 0.421875 0.387500
vt 0.406250 0.387500
vn 0.000000 -0.999992 0.003994
vn -0.250490 -0.968112 0.003755
vn -0.250489 -0.968112 -0.003756
vn -0.000000 -0.999992 -0.003994
vn -0.695185 -0.718819 0.004039
vn -0.858692 -0.512476 0.004090
vn -0.858692 -0.512477 -0.004090
vn -0.695187 -0.718818 -0.004039
vn -0.999982 -0.002368 0.005480
vn -0.999982 -0.002368 -0.005480
vn -0.866014 -0.001782 0.500017
vn -0.866014 0.001782 0.500017
vn -0.999982 0.002368 0.005480
vn -0.499914 -0.001782 0.866073
vn -0.499914 0.001782 0.866073
vn -0.000000 -0.001779 0.999999
vn 0.000000 0.001779 0.999998
vn 0.999982 -0.002368 0.005480
vn 0.858692 -0.512475 0.004090
vn 0.858692 -0.512476 -0.004090
vn 0.999982 -0.002368 -0.005480
vn 0.695186 -0.718818 0.004039
vn 0.695187 -0.718818 -0.004039
vn 0.250473 -0.968116 0.003755
vn 0.250473 -0.968116 -0.003755
vn 0.499914 -0.001783 0.866073
vn 0.499914 0.001783 0.866073
vn 0.866014 -0.001783 0.500017
vn 0.866014 0.001783 0.500017
vn 0.999982 0.002368 0.005480
vn -0.963819 0.266528 0.003890
vn -0.963819 0.266529 -0.003890
vn -0.999982 0.002368 -0.005480
vn -0.695177 0.718827 0.004001
vn -0.487480 0.873125 0.004029
vn -0.487480 0.873125 -0.004029
vn -0.695179 0.718826 -0.004001
vn -0.000000 0.999992 0.003994
vn 0.000000 0.999992 -0.003994
vn 0.487465 0.873133 0.004029
vn 0.487465 0.873133 -0.004029
vn 0.695179 0.718826 0.004001
vn 0.695179 0.718826 -0.004001
vn 0.963820 0.266527 0.003890
vn 0.999982 0.002368 -0.005480
vn 0.963819 0.266528 -0.003890
vn -0.866030 0.001783 -0.499990
vn -0.866030 -0.001783 -0.499990
vn -0.707124 0.001768 -0.707087
vn -0.707125 -0.001768 -0.707087
vn -0.258494 0.001675 -0.966012
vn 0.000000 0.001779 -0.999998
vn 0.000000 -0.001779 -0.999998
vn -0.258493 -0.001675 -0.966012
vn 0.258494 0.001675 -0.966011
vn 0.258494 -0.001675 -0.966012
vn 0.707124 0.001768 -0.707087
vn 0.866030 0.001782 -0.499990
vn 0.866030 -0.001783 -0.499990
vn 0.707125 -0.001769 -0.707087
vn -0.944420 -0.236259 0.228587
vn -0.702004 -0.512363 0.494646
vn -0.491308 -0.719143 0.491376
vn 0.000008 -0.973670 0.227962
vn -0.222217 -0.949326 0.222259
vn -0.000002 -0.718778 0.695239
vn -0.000002 -0.718778 0.695239
vn -0.494617 -0.512317 0.702058
vn -0.000000 -0.242726 0.970095
vn -0.228486 -0.236320 0.944430
vn 0.222224 -0.949323 0.222265
vn 0.491321 -0.719120 0.491397
vn 0.702020 -0.512323 0.494664
vn 0.944408 -0.236299 0.228595
vn 0.494609 -0.512343 0.702045
vn 0.228488 -0.236291 0.944436
vn -0.000007 0.973668 0.227972
vn -0.222240 0.949317 0.222278
vn -0.491289 0.719165 0.491362
vn -0.702006 0.512366 0.494640
vn -0.944414 0.236285 0.228585
vn -0.494599 0.512335 0.702057
vn 0.000020 0.242728 0.970094
vn -0.228487 0.236322 0.944429
vn 0.000037 0.718791 0.695226
vn 0.000037 0.718791 0.695226
vn 0.944423 0.236245 0.228591
vn 0.702011 0.512352 0.494647
vn 0.491328 0.719119 0.491391
vn 0.222231 0.949322 0.222265
vn 0.494603 0.512363 0.702034
vn 0.228533 0.236290 0.944426
vn 0.000029 0.242728 -0.970094
vn -0.228546 0.236303 -0.944419
vn -0.494585 0.512331 -0.702070
vn -0.702011 0.512343 -0.494656
vn -0.944396 0.236361 -0.228584
vn -0.491321 0.719106 -0.491416
vn 0.000005 0.973672 -0.227954
vn -0.222192 0.949337 -0.222240
vn 0.000018 0.718761 -0.695258
vn 0.000018 0.718761 -0.695258
vn 0.944411 0.236292 -0.228591
vn 0.702029 0.512305 -0.494670
vn 0.494621 0.512315 -0.702057
vn 0.228605 0.236300 -0.944406
vn 0.491342 0.719114 -0.491384
vn 0.222217 0.949324 -0.222269
vn -0.000005 -0.973673 -0.227950
vn -0.222201 -0.949334 -0.222243
vn -0.491337 -0.719111 -0.491393
vn -0.702039 -0.512322 -0.494639
vn -0.944376 -0.236426 -0.228599
vn -0.494646 -0.512326 -0.702031
vn 0.000021 -0.242726 -0.970095
vn -0.228487 -0.236305 -0.944433
vn -0.000005 -0.718778 -0.695239
vn -0.000005 -0.718778 -0.695239
vn 0.944393 -0.236345 -0.228610
vn 0.702036 -0.512333 -0.494632
vn 0.491340 -0.719115 -0.491384
vn 0.222217 -0.949326 -0.222259
vn 0.494638 -0.512352 -0.702017
vn 0.228531 -0.236303 -0.944423
vn 0.770537 -0.537502 -0.342584
vn 0.608045 -0.424163 -0.671094
vn 0.647116 -0.410368 -0.642526
vn 0.798656 -0.503939 -0.328927
vn 0.312373 -0.217975 -0.924614
vn 0.375822 -0.241390 -0.894700
vn -0.075107 0.052430 -0.995796
vn 0.005565 -0.007957 -0.999953
vn -0.427246 0.298042 -0.853599
vn -0.367903 0.230429 -0.900860
vn -0.660845 0.461001 -0.592252
vn -0.643195 0.408064 -0.647907
vn -0.783020 0.546233 -0.297505
vn -0.795570 0.507253 -0.331305
vn -0.820151 0.572147 -0.000001
vn -0.842848 0.538152 0.000000
vn -0.783024 0.546257 0.297450
vn -0.795594 0.507274 0.331215
vn -0.660902 0.461095 0.592115
vn -0.643246 0.408144 0.647807
vn -0.427168 0.298059 0.853632
vn -0.367991 0.230422 0.900826
vn -0.075210 0.052423 0.995789
vn 0.005573 -0.007955 0.999953
vn 0.312494 -0.217971 0.924574
vn 0.375953 -0.241416 0.894639
vn 0.608062 -0.424280 0.671004
vn 0.647175 -0.410426 0.642430
vn 0.770514 -0.537514 0.342619
vn 0.798631 -0.503950 0.328972
vn 0.820163 -0.572131 0.000098
vn 0.846069 -0.533073 0.000095
vn 0.000000 -1.000000 -0.000009
vn 0.000000 -1.000000 0.000000
vn 0.000000 -1.000000 0.000002
vn 0.000000 -1.000000 -0.000008
vn 0.000000 -1.000000 0.000012
vn 0.000000 -1.000000 0.000000
vn 0.000000 -1.000000 -0.000010
vn 0.000000 -1.000000 0.000000
vn 0.000000 -1.000000 0.000000
vn 0.000000 -1.000000 0.000010
vn 0.000000 -1.000000 0.000020
vn 0.000000 -1.000000 0.000001
vn 0.000000 -1.000000 0.000002
vn 0.000000 -1.000000 0.000010
vn 0.000000 -1.000000 0.000000
vn 0.000000 -1.000000 0.000000
vn 0.000000 -1.000000 0.000000
vn 0.000000 1.000000 0.000000
vn 0.000000 1.000000 0.000000
vn 0.000000 1.000000 0.000001
vn 0.000000 1.000000 0.000000
vn 0.000000 1.000000 -0.000001
vn 0.000000 1.000000 -0.000011
vn 0.000000 1.000000 0.000010
vn 0.000000 1.000000 0.000021
vn 0.000000 1.000000 0.000000
vn 0.000000 1.000000 0.000000
vn 0.000000 1.000000 0.000000
vn 0.000000 1.000000 0.000000
vn 0.000000 1.000000 0.000003
vn 0.000000 1.000000 0.000002
vn 0.000000 1.000000 0.000000
vn 0.000000 1.000000 0.000000
vn 0.000000 1.000000 0.000000
vn 0.798656 0.503940 -0.328927
vn 0.647115 0.410368 -0.642526
vn 0.608048 0.424166 -0.671089
vn 0.770537 0.537502 -0.342584
vn 0.846069 0.533073 0.000091
vn 0.820163 0.572131 0.000091
vn 0.798634 0.503952 0.328964
vn 0.770515 0.537515 0.342613
vn 0.647174 0.410426 0.642430
vn 0.608059 0.424278 0.671009
vn 0.375947 0.241413 0.894642
vn 0.312492 0.217970 0.924575
vn 0.005571 0.007954 0.999953
vn -0.075211 -0.052424 0.995789
vn -0.367990 -0.230421 0.900827
vn -0.427167 -0.298059 0.853633
vn -0.643245 -0.408143 0.647808
vn -0.660902 -0.461095 0.592114
vn -0.795594 -0.507274 0.331215
vn -0.783024 -0.546257 0.297450
vn -0.842848 -0.538152 0.000004
vn -0.820151 -0.572147 -0.000001
vn -0.795570 -0.507252 -0.331305
vn -0.783018 -0.546232 -0.297511
vn -0.643194 -0.408063 -0.647908
vn -0.660842 -0.460999 -0.592256
vn -0.367904 -0.230430 -0.900860
vn -0.427251 -0.298046 -0.853595
vn 0.005565 0.007957 -0.999953
vn -0.075107 -0.052430 -0.995796
vn 0.375824 0.241392 -0.894699
vn 0.312376 0.217977 -0.924612
vn 0.841253 0.415620 -0.345765
vn 0.669906 0.333048 -0.663554
vn 0.896871 0.442293 0.000103
vn 0.841230 0.415629 0.345810
vn 0.669955 0.333107 0.663476
vn 0.381664 0.192628 0.904006
vn 0.007314 0.007840 0.999943
vn -0.370391 -0.181305 0.911010
vn -0.664260 -0.330372 0.670532
vn -0.837890 -0.419269 0.349505
vn -0.893969 -0.448128 0.000004
vn -0.837861 -0.419254 -0.349593
vn -0.664181 -0.330316 -0.670638
vn -0.370337 -0.181299 -0.911033
vn 0.007305 0.007842 -0.999943
vn 0.381502 0.192609 -0.904079
vn 0.882718 0.299587 -0.362018
vn 0.691249 0.236345 -0.682873
vn 0.947163 0.320752 0.000108
vn 0.882730 0.299617 0.361964
vn 0.691257 0.236411 0.682842
vn 0.386811 0.134612 0.912281
vn 0.009043 0.006406 0.999939
vn -0.372143 -0.124990 0.919721
vn -0.683358 -0.233763 0.691648
vn -0.879308 -0.302899 0.367518
vn -0.945263 -0.326310 0.000001
vn -0.879289 -0.302864 -0.367593
vn -0.683327 -0.233696 -0.691701
vn -0.372114 -0.124985 -0.919734
vn 0.009008 0.006408 -0.999939
vn 0.386834 0.134590 -0.912274
vn 0.913822 0.157868 -0.374175
vn 0.706801 0.123115 -0.696617
vn 0.985473 0.169833 0.000110
vn 0.913873 0.157886 0.374044
vn 0.706862 0.123124 0.696553
vn 0.390568 0.069339 0.917959
vn 0.010391 0.003643 0.999939
vn -0.373152 -0.063720 0.925580
vn -0.696903 -0.121404 0.706815
vn -0.910560 -0.159860 0.381217
vn -0.984866 -0.173318 0.000001
vn -0.910532 -0.159841 -0.381290
vn -0.696810 -0.121383 -0.706910
vn -0.373151 -0.063720 -0.925580
vn 0.010393 0.003645 -0.999939
vn 0.390620 0.069351 -0.917936
vn 0.925499 -0.000000 -0.378751
vn 0.712578 -0.000000 -0.701593
vn 1.000000 -0.000000 0.000111
vn 0.925554 -0.000000 0.378616
vn 0.712630 -0.000000 0.701540
vn 0.391990 -0.000000 0.919969
vn 0.010885 -0.000000 0.999941
vn -0.373435 -0.000000 0.927656
vn -0.701824 -0.000000 0.712350
vn -0.922332 -0.000000 0.386400
vn -1.000000 0.000000 0.000000
vn -0.922289 -0.000000 -0.386500
vn -0.701696 0.000000 -0.712477
vn -0.373503 0.000000 -0.927629
vn 0.010895 0.000000 -0.999941
vn 0.392049 -0.000000 -0.919944
vn 0.913812 -0.157878 -0.374197
vn 0.706763 -0.123123 -0.696655
vn 0.985473 -0.169833 0.000109
vn 0.913873 -0.157887 0.374043
vn 0.706895 -0.123119 0.696521
vn 0.390642 -0.069337 0.917928
vn 0.010391 -0.003643 0.999939
vn -0.373209 0.063719 0.925557
vn -0.696948 0.121397 0.706772
vn -0.910560 0.159860 0.381215
vn -0.984866 0.173318 0.000000
vn -0.910520 0.159853 -0.381315
vn -0.696779 0.121389 -0.706940
vn -0.373214 0.063719 -0.925555
vn 0.010385 -0.003645 -0.999940
vn 0.390690 -0.069349 -0.917906
vn 0.882702 -0.299608 -0.362039
vn 0.691217 -0.236357 -0.682901
vn 0.947163 -0.320752 0.000106
vn 0.882731 -0.299618 0.361960
vn 0.691302 -0.236398 0.682802
vn 0.386866 -0.134608 0.912258
vn 0.009042 -0.006406 0.999939
vn -0.372218 0.124987 0.919691
vn -0.683393 0.233753 0.691616
vn -0.879309 0.302899 0.367515
vn -0.945263 0.326310 0.000000
vn -0.879276 0.302881 -0.367610
vn -0.683289 0.233710 -0.691734
vn -0.372116 0.124986 -0.919733
vn 0.009007 -0.006407 -0.999939
vn 0.386837 -0.134591 -0.912273
vn 0.841253 -0.415619 -0.345765
vn 0.669906 -0.333049 -0.663554
vn 0.896871 -0.442292 0.000100
vn 0.841230 -0.415629 0.345811
vn 0.669953 -0.333105 0.663479
vn 0.381665 -0.192629 0.904006
vn 0.007316 -0.007841 0.999943
vn -0.370390 0.181305 0.911010
vn -0.664261 0.330373 0.670531
vn -0.837890 0.419269 0.349504
vn -0.893969 0.448128 0.000000
vn -0.837860 0.419253 -0.349596
vn -0.664182 0.330316 -0.670637
vn -0.370335 0.181298 -0.911034
vn 0.007305 -0.007842 -0.999943
vn 0.381502 -0.192610 -0.904079
s 1
g sinkrightdoor2
usemtl initialShadingGroup
f 77/109/187 76/127/188 117/164/189 125/118/190
s 2
f 76/127/191 75/125/192 118/166/193 117/164/194
f 75/126/192 83/122/195 119/114/196 118/165/193
f 83/122/195 82/132/197 92/141/198 91/123/199
f 82/132/197 81/131/200 93/142/201 92/141/198
f 81/131/200 80/110/202 94/112/203 93/142/201
f 86/111/204 85/134/205 126/173/206 130/117/207
f 85/135/205 84/133/208 127/174/209 126/172/206
s 1
f 84/133/210 77/109/187 125/118/190 127/174/211
s 2
f 80/110/202 88/137/212 100/148/213 94/112/203
f 88/137/212 87/136/214 101/149/215 100/148/213
f 87/136/214 86/111/204 102/113/216 101/149/215
f 91/123/199 90/139/217 106/154/218 105/124/219
f 90/140/220 89/138/221 107/155/222 106/153/223
f 89/138/221 97/120/224 108/115/225 107/155/222
f 97/120/224 99/147/226 114/161/227 108/115/225
f 99/147/226 98/145/228 115/163/229 114/161/227
f 98/146/230 102/113/216 116/116/231 115/162/232
f 105/124/219 104/151/233 120/168/234 119/114/196
f 104/152/233 103/150/235 121/169/236 120/167/234
s 5
f 103/150/237 111/121/238 122/119/239 121/169/240
f 111/121/238 113/160/241 128/175/242 122/119/239
s 2
f 113/160/243 112/158/244 129/177/245 128/175/246
f 112/159/244 116/116/231 130/117/207 129/176/245
f 86/111/204 130/117/207 116/116/231 102/113/216
f 119/114/196 83/122/195 91/123/199 105/124/219
f 82/132/197 83/122/195 75/126/192 131/178/247
f 131/179/248 75/125/192 76/127/191 132/181/249
s 1
f 76/127/188 77/109/187 78/129/250 132/181/251
s 2
f 132/180/249 78/128/252 79/130/253 133/182/254
f 79/130/255 80/110/202 81/131/200 133/182/256
f 133/182/254 81/131/200 82/132/197 131/178/248
f 131/178/248 132/180/249 133/182/254
s 1
f 78/129/250 77/109/187 84/133/210 134/184/257
s 2
f 134/184/258 84/133/208 85/135/205 135/186/259
f 85/134/205 86/111/204 87/136/214 135/185/260
f 135/185/259 87/136/214 88/137/212 136/187/261
f 88/137/212 80/110/202 79/130/255 136/187/262
f 136/187/261 79/130/253 78/128/252 134/183/258
f 134/183/258 135/185/259 136/187/261
f 96/144/263 97/120/224 89/138/221 137/188/264
f 137/188/265 89/138/221 90/140/220 138/189/266
f 90/139/217 91/123/199 92/141/198 138/189/267
f 138/189/266 92/141/198 93/142/201 139/190/268
f 93/142/201 94/112/203 95/143/269 139/190/270
f 139/190/268 95/143/271 96/144/272 137/188/265
f 137/188/265 138/189/266 139/190/268
f 101/149/215 102/113/216 98/146/230 140/191/273
f 140/191/274 98/145/228 99/147/226 141/192/275
f 99/147/226 97/120/224 96/144/263 141/192/276
f 141/192/275 96/144/272 95/143/271 142/193/277
f 95/143/269 94/112/203 100/148/213 142/193/278
f 142/193/277 100/148/213 101/149/215 140/191/274
f 140/191/274 141/192/275 142/193/277
s 5
f 110/157/279 111/121/238 103/150/237 143/194/280
s 2
f 143/194/281 103/150/235 104/152/233 144/195/282
f 104/151/233 105/124/219 106/154/218 144/196/283
f 144/195/282 106/153/223 107/155/222 145/197/284
f 107/155/222 108/115/225 109/156/285 145/197/286
f 145/197/284 109/156/287 110/157/288 143/194/281
f 143/194/281 144/195/282 145/197/284
f 115/162/232 116/116/231 112/159/244 146/199/289
f 146/198/290 112/158/244 113/160/243 147/200/291
s 5
f 113/160/241 111/121/238 110/157/279 147/200/292
s 2
f 147/200/291 110/157/288 109/156/287 148/201/293
f 109/156/285 108/115/225 114/161/227 148/201/294
f 148/201/293 114/161/227 115/163/229 146/198/290
f 146/198/290 147/200/291 148/201/293
s 1
f 124/171/295 125/118/190 117/164/189 149/202/296
s 2
f 149/202/297 117/164/194 118/166/193 150/203/298
f 118/165/193 119/114/196 120/168/234 150/204/299
f 150/203/298 120/167/234 121/169/236 151/205/300
s 5
f 121/169/240 122/119/239 123/170/301 151/205/302
s 2
f 151/205/300 123/170/303 124/171/304 149/202/297
f 149/202/297 150/203/298 151/205/300
f 129/176/245 130/117/207 126/173/206 152/207/305
f 152/206/306 126/172/206 127/174/209 153/208/307
s 1
f 127/174/211 125/118/190 124/171/295 153/208/308
s 2
f 153/208/307 124/171/304 123/170/303 154/209/309
s 5
f 123/170/301 122/119/239 128/175/242 154/209/310
s 2
f 154/209/309 128/175/246 129/177/245 152/206/306
f 152/206/306 153/208/307 154/209/309
s 11
f 155/210/311 156/211/312 317/212/313 318/213/314
f 156/211/312 157/214/315 332/215/316 317/212/313
f 157/214/315 158/216/317 331/217/318 332/215/316
f 158/216/317 159/218/319 330/219/320 331/217/318
f 159/218/319 160/220/321 329/221/322 330/219/320
f 160/220/321 161/222/323 328/223/324 329/221/322
f 161/222/323 162/224/325 327/225/326 328/223/324
f 162/224/325 163/226/327 326/227/328 327/225/326
f 163/226/327 164/228/329 325/229/330 326/227/328
f 164/228/329 165/230/331 324/231/332 325/229/330
f 165/230/331 166/232/333 323/233/334 324/231/332
f 166/232/333 167/234/335 322/235/336 323/233/334
f 167/234/335 168/236/337 321/237/338 322/235/336
f 168/236/337 169/238/339 320/239/340 321/237/338
f 169/238/339 170/240/341 319/241/342 320/239/340
f 170/240/341 155/242/311 318/243/314 319/241/342
s 12
f 156/244/343 155/245/344 187/246/345
f 157/247/346 156/244/343 187/246/345
f 158/248/347 157/247/346 187/246/345
f 159/249/348 158/248/347 187/246/345
f 160/250/349 159/249/348 187/246/345
f 161/251/350 160/250/349 187/246/345
f 162/252/351 161/251/350 187/246/345
f 163/253/352 162/252/351 187/246/345
f 164/254/353 163/253/352 187/246/345
f 165/255/354 164/254/353 187/246/345
f 166/256/355 165/255/354 187/246/345
f 167/257/356 166/256/355 187/246/345
f 168/258/357 167/257/356 187/246/345
f 169/259/358 168/258/357 187/246/345
f 170/260/359 169/259/358 187/246/345
f 155/245/344 170/260/359 187/246/345
s 13
f 171/261/360 172/262/361 188/263/362
f 172/262/361 173/264/363 188/263/362
f 173/264/363 174/265/364 188/263/362
f 174/265/364 175/266/365 188/263/362
f 175/266/365 176/267/366 188/263/362
f 176/267/366 177/268/367 188/263/362
f 177/268/367 178/269/368 188/263/362
f 178/269/368 179/270/369 188/263/362
f 179/270/369 180/271/370 188/263/362
f 180/271/370 181/272/371 188/263/362
f 181/272/371 182/273/372 188/263/362
f 182/273/372 183/274/373 188/263/362
f 183/274/373 184/275/374 188/263/362
f 184/275/374 185/276/375 188/263/362
f 185/276/375 186/277/376 188/263/362
f 186/277/376 171/261/360 188/263/362
s 11
f 190/278/377 189/279/378 172/280/379 171/281/380
f 191/282/381 190/283/377 171/284/380 186/285/382
f 192/286/383 191/282/381 186/285/382 185/287/384
f 193/288/385 192/286/383 185/287/384 184/289/386
f 194/290/387 193/288/385 184/289/386 183/291/388
f 195/292/389 194/290/387 183/291/388 182/293/390
f 196/294/391 195/292/389 182/293/390 181/295/392
f 197/296/393 196/294/391 181/295/392 180/297/394
f 198/298/395 197/296/393 180/297/394 179/299/396
f 199/300/397 198/298/395 179/299/396 178/301/398
f 200/302/399 199/300/397 178/301/398 177/303/400
f 201/304/401 200/302/399 177/303/400 176/305/402
f 202/306/403 201/304/401 176/305/402 175/307/404
f 203/308/405 202/306/403 175/307/404 174/309/406
f 204/310/407 203/308/405 174/309/406 173/311/408
f 189/279/378 204/310/407 173/311/408 172/280/379
f 206/312/409 205/313/410 189/279/378 190/278/377
f 207/314/411 206/315/409 190/283/377 191/282/381
f 208/316/412 207/314/411 191/282/381 192/286/383
f 209/317/413 208/316/412 192/286/383 193/288/385
f 210/318/414 209/317/413 193/288/385 194/290/387
f 211/319/415 210/318/414 194/290/387 195/292/389
f 212/320/416 211/319/415 195/292/389 196/294/391
f 213/321/417 212/320/416 196/294/391 197/296/393
f 214/322/418 213/321/417 197/296/393 198/298/395
f 215/323/419 214/322/418 198/298/395 199/300/397
f 216/324/420 215/323/419 199/300/397 200/302/399
f 217/325/421 216/324/420 200/302/399 201/304/401
f 218/326/422 217/325/421 201/304/401 202/306/403
f 219/327/423 218/326/422 202/306/403 203/308/405
f 220/328/424 219/327/423 203/308/405 204/310/407
f 205/313/410 220/328/424 204/310/407 189/279/378
f 222/329/425 221/330/426 205/313/410 206/312/409
f 223/331/427 222/332/425 206/315/409 207/314/411
f 224/333/428 223/331/427 207/314/411 208/316/412
f 225/334/429 224/333/428 208/316/412 209/317/413
f 226/335/430 225/334/429 209/317/413 210/318/414
f 227/336/431 226/335/430 210/318/414 211/319/415
f 228/337/432 227/336/431 211/319/415 212/320/416
f 229/338/433 228/337/432 212/320/416 213/321/417
f 230/339/434 229/338/433 213/321/417 214/322/418
f 231/340/435 230/339/434 214/322/418 215/323/419
f 232/341/436 231/340/435 215/323/419 216/324/420
f 233/342/437 232/341/436 216/324/420 217/325/421
f 234/343/438 233/342/437 217/325/421 218/326/422
f 235/344/439 234/343/438 218/326/422 219/327/423
f 236/345/440 235/344/439 219/327/423 220/328/424
f 221/330/426 236/345/440 220/328/424 205/313/410
f 238/346/441 237/347/442 221/330/426 222/329/425
f 239/348/443 238/349/441 222/332/425 223/331/427
f 240/350/444 239/348/443 223/331/427 224/333/428
f 241/351/445 240/350/444 224/333/428 225/334/429
f 242/352/446 241/351/445 225/334/429 226/335/430
f 243/353/447 242/352/446 226/335/430 227/336/431
f 244/354/448 243/353/447 227/336/431 228/337/432
f 245/355/449 244/354/448 228/337/432 229/338/433
f 246/356/450 245/355/449 229/338/433 230/339/434
f 247/357/451 246/356/450 230/339/434 231/340/435
f 248/358/452 247/357/451 231/340/435 232/341/436
f 249/359/453 248/358/452 232/341/436 233/342/437
f 250/360/454 249/359/453 233/342/437 234/343/438
f 251/361/455 250/360/454 234/343/438 235/344/439
f 252/362/456 251/361/455 235/344/439 236/345/440
f 237/347/442 252/362/456 236/345/440 221/330/426
f 254/363/457 253/364/458 237/347/442 238/346/441
f 255/365/459 254/366/457 238/349/441 239/348/443
f 256/367/460 255/365/459 239/348/443 240/350/444
f 257/368/461 256/367/460 240/350/444 241/351/445
f 258/369/462 257/368/461 241/351/445 242/352/446
f 259/370/463 258/369/462 242/352/446 243/353/447
f 260/371/464 259/370/463 243/353/447 244/354/448
f 261/372/465 260/371/464 244/354/448 245/355/449
f 262/373/466 261/372/465 245/355/449 246/356/450
f 263/374/467 262/373/466 246/356/450 247/357/451
f 264/375/468 263/374/467 247/357/451 248/358/452
f 265/376/469 264/375/468 248/358/452 249/359/453
f 266/377/470 265/376/469 249/359/453 250/360/454
f 267/378/471 266/377/470 250/360/454 251/361/455
f 268/379/472 267/378/471 251/361/455 252/362/456
f 253/364/458 268/379/472 252/362/456 237/347/442
f 270/380/473 269/381/474 253/364/458 254/363/457
f 271/382/475 270/383/473 254/366/457 255/365/459
f 272/384/476 271/382/475 255/365/459 256/367/460
f 273/385/477 272/384/476 256/367/460 257/368/461
f 274/386/478 273/385/477 257/368/461 258/369/462
f 275/387/479 274/386/478 258/369/462 259/370/463
f 276/388/480 275/387/479 259/370/463 260/371/464
f 277/389/481 276/388/480 260/371/464 261/372/465
f 278/390/482 277/389/481 261/372/465 262/373/466
f 279/391/483 278/390/482 262/373/466 263/374/467
f 280/392/484 279/391/483 263/374/467 264/375/468
f 281/393/485 280/392/484 264/375/468 265/376/469
f 282/394/486 281/393/485 265/376/469 266/377/470
f 283/395/487 282/394/486 266/377/470 267/378/471
f 284/396/488 283/395/487 267/378/471 268/379/472
f 269/381/474 284/396/488 268/379/472 253/364/458
f 286/397/489 285/398/490 269/381/474 270/380/473
f 287/399/491 286/400/489 270/383/473 271/382/475
f 288/401/492 287/399/491 271/382/475 272/384/476
f 289/402/493 288/401/492 272/384/476 273/385/477
f 290/403/494 289/402/493 273/385/477 274/386/478
f 291/404/495 290/403/494 274/386/478 275/387/479
f 292/405/496 291/404/495 275/387/479 276/388/480
f 293/406/497 292/405/496 276/388/480 277/389/481
f 294/407/498 293/406/497 277/389/481 278/390/482
f 295/408/499 294/407/498 278/390/482 279/391/483
f 296/409/500 295/408/499 279/391/483 280/392/484
f 297/410/501 296/409/500 280/392/484 281/393/485
f 298/411/502 297/410/501 281/393/485 282/394/486
f 299/412/503 298/411/502 282/394/486 283/395/487
f 300/413/504 299/412/503 283/395/487 284/396/488
f 285/398/490 300/413/504 284/396/488 269/381/474
f 302/414/505 301/415/506 285/398/490 286/397/489
f 303/416/507 302/417/505 286/400/489 287/399/491
f 304/418/508 303/416/507 287/399/491 288/401/492
f 305/419/509 304/418/508 288/401/492 289/402/493
f 306/420/510 305/419/509 289/402/493 290/403/494
f 307/421/511 306/420/510 290/403/494 291/404/495
f 308/422/512 307/421/511 291/404/495 292/405/496
f 309/423/513 308/422/512 292/405/496 293/406/497
f 310/424/514 309/423/513 293/406/497 294/407/498
f 311/425/515 310/424/514 294/407/498 295/408/499
f 312/426/516 311/425/515 295/408/499 296/409/500
f 313/427/517 312/426/516 296/409/500 297/410/501
f 314/428/518 313/427/517 297/410/501 298/411/502
f 315/429/519 314/428/518 298/411/502 299/412/503
f 316/430/520 315/429/519 299/412/503 300/413/504
f 301/415/506 316/430/520 300/413/504 285/398/490
f 318/213/314 317/212/313 301/415/506 302/414/505
f 319/241/342 318/243/314 302/417/505 303/416/507
f 320/239/340 319/241/342 303/416/507 304/418/508
f 321/237/338 320/239/340 304/418/508 305/419/509
f 322/235/336 321/237/338 305/419/509 306/420/510
f 323/233/334 322/235/336 306/420/510 307/421/511
f 324/231/332 323/233/334 307/421/511 308/422/512
f 325/229/330 324/231/332 308/422/512 309/423/513
f 326/227/328 325/229/330 309/423/513 310/424/514
f 327/225/326 326/227/328 310/424/514 311/425/515
f 328/223/324 327/225/326 311/425/515 312/426/516
f 329/221/322 328/223/324 312/426/516 313/427/517
f 330/219/320 329/221/322 313/427/517 314/428/518
f 331/217/318 330/219/320 314/428/518 315/429/519
f 332/215/316 331/217/318 315/429/519 316/430/520
f 317/212/313 332/215/316 316/430/520 301/415/506
g default
v -15.685322 116.007942 -0.040755
v -15.485127 117.862465 -0.040755
v -14.632710 119.535446 -0.040755
v -13.305012 120.863159 -0.040755
v -11.631978 121.715584 -0.040755
v -9.777485 122.009315 -0.040755
v -7.922993 121.715584 -0.040755
v -6.249959 120.863159 -0.040755
v -4.922261 119.535446 -0.040755
v -4.069844 117.862465 -0.040755
v -3.758137 115.726883 -0.040755
v -15.740742 116.007942 -0.364241
v -15.530659 117.877266 -0.355574
v -14.671406 119.563622 -0.355574
v -13.333150 120.901917 -0.355574
v -11.646748 121.761147 -0.355574
v -9.777485 122.057228 -0.355574
v -7.908162 121.761147 -0.355574
v -6.221821 120.901917 -0.355574
v -4.883504 119.563622 -0.355574
v -4.024251 117.877266 -0.355574
v -3.708088 115.724762 -0.332136
v -15.900288 116.007942 -0.654768
v -15.663960 117.920578 -0.642927
v -14.784810 119.645996 -0.642927
v -13.415547 121.015274 -0.642927
v -11.690083 121.894409 -0.642927
v -9.777485 122.197365 -0.642927
v -7.864827 121.894409 -0.642927
v -6.139424 121.015274 -0.642927
v -4.770161 119.645996 -0.642927
v -3.891011 117.920578 -0.642927
v -3.563862 115.718117 -0.593733
v -16.146504 116.007942 -0.885176
v -15.874714 117.989052 -0.876814
v -14.964131 119.776230 -0.876814
v -13.545796 121.194557 -0.876814
v -11.758565 122.105171 -0.876814
v -9.777485 122.418945 -0.876814
v -7.796345 122.105171 -0.876814
v -6.009236 121.194557 -0.876814
v -4.590840 119.776230 -0.876814
v -3.680195 117.989052 -0.876814
v -3.341389 115.706688 -0.801253
v -16.455098 116.007942 -1.036665
v -16.145650 118.077080 -1.034041
v -15.194539 119.943665 -1.034041
v -13.713154 121.425003 -1.034041
v -11.846638 122.376083 -1.034041
v -9.777485 122.703804 -1.034041
v -7.708394 122.376083 -1.034041
v -5.841694 121.425003 -1.034041
v -4.360371 119.943665 -1.034041
v -3.409321 118.077080 -1.034041
v -3.062520 115.691574 -0.937727
v -16.799275 116.007942 -1.097273
v -16.452839 118.176895 -1.097273
v -15.455891 120.133537 -1.097273
v -13.903096 121.686310 -1.097273
v -11.946431 122.683281 -1.097273
v -9.777485 123.026810 -1.097273
v -7.608540 122.683281 -1.097273
v -5.651936 121.686310 -1.097273
v -4.099141 120.133537 -1.097273
v -3.102131 118.176895 -1.097273
v -2.751484 115.675766 -0.992293
v -17.150532 116.007942 -1.059859
v -16.767109 118.278984 -1.056807
v -15.723164 120.327744 -1.056807
v -14.097310 121.953621 -1.056807
v -12.048543 122.997520 -1.056807
v -9.777485 123.357224 -1.056807
v -7.506428 122.997520 -1.056807
v -5.457661 121.953621 -1.056807
v -3.831807 120.327744 -1.056807
v -2.787861 118.278984 -1.056807
v -2.434163 115.663094 -0.958601
v -17.477376 116.007942 -0.922346
v -17.056416 118.372993 -0.913557
v -15.969258 120.506569 -0.913557
v -14.276082 122.199768 -0.913557
v -12.142598 123.286873 -0.913557
v -9.777485 123.661461 -0.913557
v -7.412373 123.286873 -0.913557
v -5.278828 122.199768 -0.913557
v -3.585652 120.506569 -0.913557
v -2.498555 118.372993 -0.913557
v -2.139119 115.656067 -0.834761
v -17.745686 116.007942 -0.691450
v -17.289876 118.448868 -0.679671
v -16.167866 120.650856 -0.679671
v -14.420430 122.398354 -0.679671
v -12.218403 123.520332 -0.679671
v -9.777485 123.906929 -0.679671
v -7.336567 123.520332 -0.679671
v -5.134541 122.398354 -0.679671
v -3.387044 120.650856 -0.679671
v -2.265095 118.448868 -0.679671
v -1.897236 115.654404 -0.626814
v -17.922749 116.007942 -0.386702
v -17.441548 118.498138 -0.378279
v -16.296895 120.744568 -0.378279
v -14.514119 122.527359 -0.378279
v -12.267659 123.671974 -0.378279
v -9.777485 124.066391 -0.378279
v -7.287312 123.671974 -0.378279
v -5.040852 122.527359 -0.378279
v -3.258076 120.744568 -0.378279
v -2.113484 118.498138 -0.378279
v -1.737568 115.655487 -0.352278
v -17.984700 116.007942 -0.040755
v -17.494099 118.515221 -0.040755
v -16.341572 120.777054 -0.040755
v -14.546589 122.572067 -0.040755
v -12.284749 123.724541 -0.040755
v -9.777485 124.121643 -0.040755
v -7.270161 123.724541 -0.040755
v -5.008320 122.572067 -0.040755
v -3.213399 120.777054 -0.040755
v -2.060933 118.515221 -0.040755
v -1.681721 115.656288 -0.040755
v -17.922688 116.007942 0.305071
v -17.441548 118.498138 0.296648
v -16.296895 120.744568 0.296648
v -14.514119 122.527359 0.296648
v -12.267659 123.671982 0.296648
v -9.777485 124.066391 0.296648
v -7.287251 123.671982 0.296648
v -5.040791 122.527359 0.296648
v -3.258076 120.744568 0.296648
v -2.113484 118.498138 0.296648
v -1.737568 115.655487 0.270769
v -17.745686 116.007942 0.609880
v -17.289876 118.448868 0.598039
v -16.167866 120.650848 0.598039
v -14.420430 122.398361 0.598039
v -12.218403 123.520340 0.598039
v -9.777485 123.906937 0.598039
v -7.336567 123.520340 0.598039
v -5.134541 122.398361 0.598039
v -3.387044 120.650848 0.598039
v -2.265034 118.448868 0.598039
v -1.897236 115.654404 0.545183
v -17.477376 116.007935 0.840715
v -17.056416 118.373001 0.831926
v -15.969258 120.506561 0.831926
v -14.276082 122.199768 0.831926
v -12.142598 123.286865 0.831926
v -9.777485 123.661453 0.831926
v -7.412373 123.286865 0.831926
v -5.278828 122.199768 0.831926
v -3.585652 120.506561 0.831926
v -2.498555 118.373001 0.831926
v -2.139119 115.656067 0.753191
v -17.150532 116.007935 0.978288
v -16.767109 118.278992 0.975237
v -15.723164 120.327744 0.975237
v -14.097310 121.953629 0.975237
v -12.048543 122.997528 0.975237
v -9.777485 123.357224 0.975237
v -7.506428 122.997528 0.975237
v -5.457661 121.953629 0.975237
v -3.831807 120.327744 0.975237
v -2.787861 118.278992 0.975237
v -2.434163 115.663086 0.877031
v -16.799214 116.007935 1.015703
v -16.452839 118.176895 1.015703
v -15.455891 120.133545 1.015642
v -13.903096 121.686310 1.015642
v -11.946431 122.683289 1.015642
v -9.777485 123.026810 1.015642
v -7.608540 122.683289 1.015642
v -5.651936 121.686310 1.015642
v -4.099141 120.133545 1.015642
v -3.102131 118.176895 1.015703
v -2.751484 115.675766 0.910661
v -16.455098 116.007935 0.955095
v -16.145650 118.077087 0.952532
v -15.194600 119.943665 0.952532
v -13.713154 121.425003 0.952532
v -11.846577 122.376083 0.952532
v -9.777485 122.703812 0.952532
v -7.708394 122.376083 0.952532
v -5.841694 121.425003 0.952532
v -4.360371 119.943665 0.952532
v -3.409321 118.077087 0.952532
v -3.062520 115.691574 0.856096
v -16.146504 116.007942 0.803606
v -15.874714 117.989044 0.795183
v -14.964131 119.776230 0.795183
v -13.545796 121.194550 0.795183
v -11.758565 122.105164 0.795183
v -9.777485 122.418945 0.795183
v -7.796345 122.105164 0.795183
v -6.009236 121.194550 0.795183
v -4.590840 119.776215 0.795183
v -3.680256 117.989044 0.795183
v -3.341389 115.706688 0.719743
v -15.900349 116.007942 0.573137
v -15.663960 117.920578 0.561418
v -14.784810 119.645996 0.561418
v -13.415547 121.015274 0.561418
v -11.690083 121.894409 0.561418
v -9.777485 122.197357 0.561418
v -7.864827 121.894409 0.561418
v -6.139424 121.015274 0.561418
v -4.770161 119.645996 0.561418
v -3.890950 117.920578 0.561418
v -3.563862 115.718117 0.512163
v -15.740742 116.007942 0.282610
v -15.530659 117.877266 0.274004
v -14.671467 119.563622 0.274004
v -13.333150 120.901917 0.274004
v -11.646748 121.761147 0.274004
v -9.777485 122.057220 0.274004
v -7.908101 121.761147 0.274004
v -6.221821 120.901917 0.274004
v -4.883504 119.563622 0.274004
v -4.024251 117.877266 0.274004
v -3.708150 115.724762 0.250505
v -15.685322 116.007942 -0.040755
v -15.740742 116.007942 -0.364241
v -15.900288 116.007942 -0.654768
v -16.146504 116.007942 -0.885176
v -16.455098 116.007942 -1.036665
v -16.799275 116.007942 -1.097273
v -17.150532 116.007942 -1.059859
v -17.477376 116.007942 -0.922346
v -17.745686 116.007942 -0.691450
v -17.922749 116.007942 -0.386702
v -17.984700 116.007942 -0.040755
v -17.922688 116.007942 0.305071
v -17.745686 116.007942 0.609880
v -17.477376 116.007935 0.840715
v -17.150532 116.007935 0.978288
v -16.799214 116.007935 1.015703
v -16.455098 116.007935 0.955095
v -16.146504 116.007942 0.803606
v -15.900349 116.007942 0.573137
v -15.740742 116.007942 0.282610
v -15.685322 92.410675 -0.040755
v -15.740742 92.410675 -0.364241
v -15.900288 92.410675 -0.654768
v -16.146504 92.410675 -0.885115
v -16.455098 92.410675 -1.036726
v -16.799275 92.410675 -1.097273
v -17.150532 92.410675 -1.059920
v -17.477376 92.410675 -0.922346
v -17.745686 92.410675 -0.691511
v -17.922749 92.410675 -0.386702
v -17.984700 92.410675 -0.040755
v -17.922688 92.410675 0.305071
v -17.745686 92.410675 0.609880
v -17.477376 92.410675 0.840715
v -17.150532 92.410675 0.978288
v -16.799214 92.410675 1.015642
v -16.455098 92.410675 0.955095
v -16.146504 92.410675 0.803606
v -15.900349 92.410675 0.573137
v -15.740742 92.410675 0.282610
v -16.146504 98.342224 -0.885237
v -16.455098 98.342224 -1.036604
v -16.799275 98.342224 -1.097273
v -17.150532 98.342224 -1.059798
v -17.477376 98.342224 -0.922346
v -17.745686 98.342224 -0.691389
v -17.922749 98.342224 -0.386702
v -17.984700 98.342224 -0.040755
v -17.922688 98.342224 0.305071
v -17.745686 98.342224 0.609880
v -17.477376 98.342224 0.840715
v -17.150532 98.342224 0.978288
v -16.799214 98.342224 1.015642
v -16.455098 98.342224 0.955095
v -16.146504 98.342224 0.803606
v -15.900349 98.342224 0.573137
v -15.740742 98.342224 0.282610
v -15.685322 98.342224 -0.040755
v -15.740742 98.342224 -0.364241
v -15.900288 98.342224 -0.654768
v -16.455098 99.394371 -1.036726
v -16.799275 99.394371 -1.097273
v -17.150532 99.394371 -1.059920
v -17.477376 99.394371 -0.922346
v -17.745686 99.394371 -0.691511
v -17.922749 99.394371 -0.386702
v -17.984700 99.394371 -0.040755
v -17.922688 99.394371 0.305071
v -17.745686 99.394371 0.609880
v -17.477376 99.394371 0.840715
v -17.150532 99.394371 0.978288
v -16.799214 99.394371 1.015642
v -16.455098 99.394371 0.955095
v -16.146504 99.394371 0.803606
v -15.900349 99.394371 0.573137
v -15.740742 99.394371 0.282610
v -15.685322 99.394371 -0.040755
v -15.740742 99.394371 -0.364241
v -15.900288 99.394371 -0.654768
v -16.146504 99.394371 -0.885115
v -2.261738 116.903114 -0.861922
v -2.556050 116.895096 -0.992476
v -2.873372 116.889534 -1.028548
v -3.184041 116.886383 -0.970991
v -3.460957 116.884575 -0.827376
v -3.679890 116.883194 -0.610701
v -3.820759 116.882095 -0.340193
v -3.869404 116.881653 -0.040755
v -3.820759 116.882095 0.258562
v -3.679890 116.883194 0.529131
v -3.460896 116.884567 0.745744
v -3.183980 116.886398 0.889360
v -2.873372 116.889542 0.946916
v -2.556050 116.895096 0.910906
v -2.261738 116.903107 0.780351
v -2.021626 116.912041 0.563432
v -1.863911 116.919136 0.279680
v -1.808919 116.921844 -0.040755
v -1.863911 116.919136 -0.361250
v -2.021626 116.912041 -0.645003
v -15.856770 97.874802 -1.240462
v -16.295186 97.874802 -1.455794
v -15.856770 89.447296 -1.240462
v -16.295186 89.447296 -1.455672
v -16.784199 97.874802 -1.541853
v -16.784199 89.447296 -1.541853
v -17.283284 97.874802 -1.488631
v -17.283284 89.447296 -1.488631
v -17.747639 97.874802 -1.293318
v -17.747639 89.447296 -1.293318
v -18.128804 97.874802 -0.965315
v -18.128804 89.447296 -0.965193
v -18.380391 97.874802 -0.532210
v -18.380391 89.447296 -0.532210
v -18.468526 97.874802 -0.040755
v -18.468526 89.447296 -0.040755
v -18.380391 97.874802 0.450701
v -18.380391 89.447296 0.450578
v -18.128804 97.874802 0.883684
v -18.128804 89.447296 0.883684
v -17.747639 97.874802 1.211687
v -17.747639 89.447296 1.211687
v -17.283284 97.874802 1.407121
v -17.283284 89.447296 1.407121
v -16.784199 97.874802 1.460222
v -16.784199 89.447296 1.460222
v -16.295186 97.874802 1.374040
v -16.295186 89.447296 1.374162
v -15.856770 97.874802 1.158952
v -15.856770 89.447296 1.158830
v -15.507039 97.874802 0.831560
v -15.507039 89.447296 0.831438
v -15.280293 97.874802 0.418718
v -15.280293 89.447296 0.418718
v -15.201558 97.874802 -0.040755
v -15.201558 89.447296 -0.040755
v -15.280293 97.874802 -0.500349
v -15.280293 89.447296 -0.500349
v -15.507039 97.874802 -0.913069
v -15.507039 89.447296 -0.913069
v -16.400593 99.309235 -1.179548
v -16.794148 99.309235 -1.248762
v -16.400593 98.106216 -1.179548
v -16.794148 98.106216 -1.248762
v -17.195759 99.309235 -1.206038
v -17.195759 98.106216 -1.206038
v -17.569478 99.309235 -1.048689
v -17.569478 98.106216 -1.048689
v -17.876179 99.309235 -0.784773
v -17.876179 98.106216 -0.784773
v -18.078755 99.309235 -0.436262
v -18.078755 98.106216 -0.436262
v -18.149617 99.309235 -0.040755
v -18.149617 98.106216 -0.040755
v -18.078755 99.309235 0.354631
v -18.078755 98.106216 0.354631
v -17.876179 99.309235 0.703142
v -17.876179 98.106216 0.703142
v -17.569478 99.309235 0.967180
v -17.569478 98.106216 0.967180
v -17.195759 99.309235 1.124407
v -17.195759 98.106216 1.124407
v -16.794087 99.309235 1.167131
v -16.794087 98.106216 1.167131
v -16.400593 99.309235 1.097917
v -16.400593 98.106216 1.097917
v -16.047749 99.309235 0.924700
v -16.047749 98.106216 0.924700
v -15.766255 99.309235 0.661272
v -15.766255 98.106216 0.661272
v -15.583760 99.309235 0.328996
v -15.583760 98.106216 0.328996
v -15.520466 99.309235 -0.040755
v -15.520466 98.106216 -0.040755
v -15.583760 99.309235 -0.410628
v -15.583760 98.106216 -0.410628
v -15.766316 99.309235 -0.742781
v -15.766316 98.106216 -0.742781
v -16.047749 99.309235 -1.006209
v -16.047749 98.106216 -1.006209
v -2.518086 116.815643 -1.158308
v -2.520100 115.462372 -1.118513
v -2.172566 116.824814 -1.004988
v -2.173604 115.467941 -0.973067
v -2.890706 116.809387 -1.200606
v -2.892964 115.462372 -1.158064
v -3.255513 116.805954 -1.133040
v -3.258626 115.466347 -1.093977
v -3.580586 116.804054 -0.964400
v -3.586567 115.471016 -0.933821
v -3.837788 116.802620 -0.710066
v -3.848164 115.474007 -0.690047
v -4.003193 116.801453 -0.392317
v -4.017659 115.475044 -0.382857
v -4.060261 116.800972 -0.040755
v -4.076436 115.475189 -0.040755
v -4.003193 116.801453 0.310747
v -4.017598 115.475044 0.301286
v -3.837788 116.802620 0.628435
v -3.848103 115.474007 0.608537
v -3.580647 116.804062 0.882768
v -3.586567 115.471016 0.852190
v -3.255513 116.805954 1.051409
v -3.258565 115.466339 1.012346
v -2.890706 116.809387 1.119035
v -2.892964 115.462372 1.076433
v -2.518086 116.815643 1.076677
v -2.520100 115.462372 1.036943
v -2.172566 116.824814 0.923418
v -2.173604 115.467949 0.891496
v -1.890523 116.835091 0.668718
v -1.889668 115.477325 0.647356
v -1.705403 116.843285 0.335466
v -1.702412 115.486084 0.324968
v -1.640767 116.846428 -0.040755
v -1.636921 115.489639 -0.040755
v -1.705403 116.843285 -0.417097
v -1.702412 115.486084 -0.406599
v -1.890584 116.835091 -0.750288
v -1.889668 115.477325 -0.728865
v -37.480916 87.493446 40.797136
v -37.217549 89.055878 40.503984
v -36.498067 90.199631 39.702959
v -35.515217 90.618286 38.608843
v 40.053264 90.618286 38.608843
v 41.036113 90.199631 39.702959
v 41.755596 89.055878 40.503984
v 42.018901 87.493446 40.797136
v -35.515217 90.618286 -38.690352
v -36.498067 90.199631 -39.784468
v -37.217549 89.055878 -40.585493
v -37.480916 87.493446 -40.878645
v 40.053264 90.618286 -38.690352
v 41.036113 90.199631 -39.784468
v 41.755596 89.055878 -40.585493
v 42.018901 87.493446 -40.878645
v -33.681355 84.692146 36.841875
v -37.480916 86.447037 40.797136
v 38.219402 84.692146 36.841875
v 42.018901 86.447037 40.797136
v -33.681355 84.692146 -36.923384
v -37.480916 86.447037 -40.878645
v 38.219402 84.692146 -36.923384
v 42.018901 86.447037 -40.878645
v 31.714519 90.618286 31.355669
v -18.676838 90.618286 31.355669
v 31.714519 90.618286 -31.437178
v -18.676838 90.618286 -31.437178
v 31.714519 92.583862 31.355669
v -18.676838 92.583862 31.355669
v 31.714519 92.583862 -31.437178
v -18.676838 92.583862 -31.437178
v 27.138164 92.583862 25.652971
v -14.100422 92.583862 25.652971
v 27.138164 92.583862 -25.734480
v -14.100422 92.583862 -25.734480
v 27.138164 77.174500 25.652971
v -14.100422 77.174500 25.652971
v 27.138164 77.174500 -25.734480
v -14.100422 77.174500 -25.734480
v -24.827962 90.618286 31.355669
v -24.827962 90.618286 -31.437178
v -24.827962 92.583862 31.355669
v -24.827962 92.583862 -31.437178
v -38.523335 0.832394 38.869768
v -38.231038 0.394939 38.869768
v -37.793599 0.102642 38.869768
v -37.277608 0.000000 38.869768
v -37.277608 0.102642 39.466448
v -37.277608 0.394939 39.972307
v -37.277608 0.832394 40.310259
v -37.277608 1.348404 40.428972
v -37.793599 1.348404 40.310259
v -38.231038 1.348404 39.972307
v -38.523335 1.348404 39.466448
v -38.625996 1.348404 38.869768
v -34.777913 1.348404 40.428972
v -35.254658 1.348404 40.428972
v -35.731404 1.348404 40.428972
v -36.208088 1.348404 40.428972
v -36.207966 0.832394 40.310259
v -36.207905 0.394939 39.972307
v -36.207966 0.102642 39.466448
v -36.208088 0.000000 38.869768
v -35.731404 0.000000 38.869768
v -35.254658 0.000000 38.869768
v -34.777913 0.000000 38.869768
v -34.301167 0.000000 38.869768
v -34.301228 0.102642 39.466448
v -34.301228 0.394939 39.972307
v -34.301228 0.832394 40.310259
v -34.301167 1.348404 40.428972
v -37.793355 90.962570 40.310442
v -38.230733 90.965782 39.972551
v -38.523152 90.962570 39.466631
v -38.625996 90.953484 38.869768
v -38.625996 90.476746 38.869768
v -38.625996 90.000008 38.869768
v -38.625996 89.523277 38.869768
v -38.625996 89.046539 38.869768
v -38.522786 89.061478 39.466936
v -38.230244 89.066727 39.973039
v -37.792927 89.061478 40.310808
v -37.277608 89.046539 40.428972
v -37.277608 89.523277 40.428972
v -37.277608 90.000008 40.428972
v -37.277608 90.476746 40.428972
v -37.277608 90.953484 40.428972
v -35.345357 91.221497 39.494768
v -35.626301 91.108940 39.996782
v -36.053120 91.003448 40.325517
v -36.558247 90.921768 40.428972
v -36.488728 90.434906 40.428972
v -36.419270 89.948036 40.428972
v -36.349812 89.461166 40.428972
v -36.280354 88.974304 40.428972
v -35.782368 88.901535 40.428972
v -35.289387 88.788605 40.428972
v -34.794331 88.684669 40.428972
v -34.292317 88.639099 40.428972
v -34.208821 89.165405 40.320574
v -34.110676 89.609818 39.990801
v -34.013081 89.903259 39.490862
v -33.931233 90.000008 38.898699
v -34.437703 90.100754 38.900408
v -34.867024 90.387627 38.900957
v -35.153889 90.816978 38.900408
v -35.254658 91.323410 38.898699
v -38.523152 90.962570 -39.548201
v -38.230733 90.965782 -40.054121
v -37.793355 90.962570 -40.392073
v -37.277608 90.953484 -40.510481
v -37.277608 90.476746 -40.510481
v -37.277608 90.000008 -40.510481
v -37.277608 89.523277 -40.510481
v -37.277608 89.046539 -40.510481
v -37.792927 89.061478 -40.392439
v -38.230244 89.066727 -40.054548
v -38.522786 89.061478 -39.548506
v -38.625996 89.046539 -38.951399
v -38.625996 89.523277 -38.951399
v -38.625996 90.000008 -38.951399
v -38.625996 90.476746 -38.951399
v -38.625996 90.953484 -38.951399
v -36.053120 91.003448 -40.407088
v -35.626301 91.108940 -40.078352
v -35.345357 91.221497 -39.576399
v -35.254658 91.323410 -38.980330
v -35.155842 90.816925 -38.988692
v -34.874348 90.387573 -38.997175
v -34.453145 90.100708 -39.004378
v -33.956257 90.000008 -39.009199
v -34.042500 89.908508 -39.591048
v -34.144612 89.627731 -40.081892
v -34.246724 89.201523 -40.405257
v -34.332905 88.696426 -40.510481
v -34.823384 88.733421 -40.510481
v -35.309102 88.817879 -40.510481
v -35.793110 88.911026 -40.510481
v -36.280354 88.974304 -40.510481
v -36.349812 89.461166 -40.510481
v -36.419270 89.948036 -40.510481
v -36.488728 90.434906 -40.510481
v -36.558247 90.921768 -40.510481
v -37.793599 0.102642 -38.951399
v -38.231038 0.394939 -38.951399
v -38.523335 0.832394 -38.951399
v -38.625996 1.348404 -38.951399
v -38.523335 1.348404 -39.548018
v -38.231038 1.348404 -40.053816
v -37.793599 1.348404 -40.391829
v -37.277608 1.348404 -40.510481
v -37.277608 0.832394 -40.391829
v -37.277608 0.394939 -40.053816
v -37.277608 0.102642 -39.548018
v -37.277608 0.000000 -38.951399
v -34.777913 0.000000 -38.951399
v -35.254658 0.000000 -38.951399
v -35.731404 0.000000 -38.951399
v -36.208088 0.000000 -38.951399
v -36.207966 0.102642 -39.548018
v -36.207905 0.394939 -40.053816
v -36.207966 0.832394 -40.391829
v -36.208088 1.348404 -40.510481
v -35.731404 1.348404 -40.510481
v -35.254658 1.348404 -40.510481
v -34.777913 1.348404 -40.510481
v -34.301167 1.348404 -40.510481
v -34.301106 0.832394 -40.391829
v -34.301106 0.394939 -40.053816
v -34.301106 0.102642 -39.548018
v -34.301167 0.000000 -38.951399
v 37.786662 0.832394 40.310259
v 37.786662 0.394939 39.972307
v 37.786662 0.102642 39.466448
v 37.786662 0.000000 38.869768
v 38.302654 0.102642 38.869768
v 38.740093 0.394939 38.869768
v 39.032390 0.832394 38.869768
v 39.135051 1.348404 38.869768
v 39.032390 1.348404 39.466448
v 38.740093 1.348404 39.972307
v 38.302654 1.348404 40.310259
v 37.786662 1.348404 40.428972
v 37.786662 89.897369 39.466448
v 37.786662 89.605072 39.972307
v 37.786662 89.167618 40.310259
v 37.786662 88.651596 40.428972
v 38.302654 88.651649 40.310259
v 38.740093 88.651657 39.972307
v 39.032390 88.651649 39.466448
v 39.135051 88.651596 38.869768
v 39.032390 89.167618 38.869707
v 38.740093 89.605072 38.869707
v 38.302654 89.897369 38.869707
v 37.786662 90.000008 38.869768
v 37.786662 89.167618 -40.391829
v 37.786662 89.605072 -40.053816
v 37.786662 89.897369 -39.548018
v 37.786662 90.000008 -38.951399
v 38.302654 89.897369 -38.951216
v 38.740093 89.605072 -38.951155
v 39.032390 89.167618 -38.951216
v 39.135051 88.651596 -38.951399
v 39.032390 88.651459 -39.548018
v 38.740093 88.651413 -40.053816
v 38.302654 88.651459 -40.391829
v 37.786662 88.651596 -40.510481
v 37.786662 0.102642 -39.548018
v 37.786662 0.394939 -40.053816
v 37.786662 0.832394 -40.391829
v 37.786662 1.348404 -40.510481
v 38.302654 1.348404 -40.391829
v 38.740093 1.348404 -40.053816
v 39.032390 1.348404 -39.548018
v 39.135051 1.348404 -38.951399
v 39.032390 0.832394 -38.951399
v 38.740093 0.394939 -38.951399
v 38.302654 0.102642 -38.951399
v 37.786662 0.000000 -38.951399
v -37.793599 96.312653 38.869768
v -38.231038 96.020355 38.869768
v -38.523335 95.582893 38.869768
v -38.625996 95.066879 38.869768
v -38.523335 95.066879 39.466448
v -38.231038 95.066879 39.972307
v -37.793599 95.066879 40.310259
v -37.277608 95.066879 40.428972
v -37.277608 95.582893 40.310259
v -37.277608 96.020355 39.972307
v -37.277608 96.312653 39.466448
v -37.277608 96.415283 38.869768
v -35.357258 95.582886 38.868181
v -35.649556 96.020340 38.867693
v -36.087056 96.312637 38.868181
v -36.603047 96.415283 38.869768
v -36.605305 96.312637 39.466448
v -36.606099 96.020325 39.972307
v -36.605305 95.582886 40.310259
v -36.603047 95.066879 40.428972
v -36.087056 95.066879 40.310259
v -35.649556 95.066879 39.972307
v -35.357319 95.066879 39.466448
v -35.254658 95.066879 38.869768
v -36.605305 95.582886 -40.391829
v -36.606099 96.020325 -40.053877
v -36.605305 96.312637 -39.548079
v -36.603047 96.415283 -38.951399
v -36.087056 96.312637 -38.949812
v -35.649556 96.020340 -38.949202
v -35.357258 95.582886 -38.949812
v -35.254658 95.066879 -38.951399
v -35.357319 95.066879 -39.548018
v -35.649556 95.066879 -40.053816
v -36.087056 95.066879 -40.391829
v -36.603047 95.066879 -40.510481
v -38.523335 95.582893 -38.951399
v -38.231038 96.020355 -38.951399
v -37.793599 96.312653 -38.951399
v -37.277608 96.415283 -38.951399
v -37.277608 96.312653 -39.548018
v -37.277608 96.020355 -40.053816
v -37.277608 95.582893 -40.391829
v -37.277608 95.066879 -40.510481
v -37.793599 95.066879 -40.391829
v -38.231038 95.066879 -40.053816
v -38.523335 95.066879 -39.548018
v -38.625996 95.066879 -38.951399
v -38.453999 0.882984 39.407976
v -38.188374 0.437599 39.326677
v -37.743001 0.171970 39.407976
v -37.672749 0.437599 39.922991
v -37.743001 0.882980 40.230119
v -38.188374 0.953255 39.922991
v -38.055806 0.570175 39.769670
v -34.777852 0.832394 40.310259
v -35.254536 0.832394 40.310259
v -35.731282 0.832394 40.310259
v -35.731221 0.394939 39.972307
v -35.731282 0.102642 39.466448
v -35.254536 0.102642 39.466448
v -34.777852 0.102642 39.466448
v -34.777852 0.394939 39.972307
v -35.254536 0.394939 39.972307
v -37.793233 90.487488 40.310564
v -38.230610 90.491272 39.972673
v -38.523030 90.487488 39.466692
v -38.522969 90.012268 39.466814
v -38.522847 89.536934 39.466875
v -38.230366 89.541718 39.972917
v -37.793049 89.536934 40.310747
v -37.793110 90.012268 40.310686
v -38.230488 90.016571 39.972795
v -35.244954 90.671547 39.536394
v -35.507100 90.501129 40.028520
v -35.935017 90.462479 40.325334
v -35.802022 89.955376 40.342119
v -35.798176 89.442673 40.400408
v -35.279194 89.412674 40.326311
v -34.761494 89.264145 40.314287
v -34.722920 89.714996 40.010698
v -34.564534 90.001175 39.533281
v -34.983357 90.257988 39.565813
v -35.255086 89.969322 40.077654
v -38.523030 90.487488 -39.548323
v -38.230610 90.491272 -40.054243
v -37.793233 90.487488 -40.392134
v -37.793110 90.012268 -40.392195
v -37.793049 89.536934 -40.392317
v -38.230366 89.541718 -40.054426
v -38.522847 89.536934 -39.548445
v -38.522969 90.012268 -39.548323
v -38.230488 90.016571 -40.054365
v -35.937031 90.464043 -40.407271
v -35.510213 90.505524 -40.111861
v -35.247273 90.672882 -39.622420
v -34.992085 90.261421 -39.656172
v -34.582783 90.006363 -39.628340
v -34.744710 89.730095 -40.099715
v -34.787739 89.292862 -40.398665
v -35.296162 89.430984 -40.409468
v -35.807576 89.449966 -40.482283
v -35.808308 89.959534 -40.424483
v -35.266316 89.979523 -40.163191
v -37.743001 0.171970 -39.489546
v -38.188374 0.437599 -39.408308
v -38.453999 0.882984 -39.489546
v -38.188374 0.953255 -40.004500
v -37.743001 0.882980 -40.311629
v -37.672749 0.437599 -40.004500
v -38.055806 0.570175 -39.851240
v -34.777791 0.102642 -39.548018
v -35.254536 0.102642 -39.548018
v -35.731221 0.102642 -39.548018
v -35.731160 0.394939 -40.053816
v -35.731221 0.832394 -40.391829
v -35.254536 0.832394 -40.391829
v -34.777791 0.832394 -40.391829
v -34.777791 0.394939 -40.053816
v -35.254475 0.394939 -40.053816
v 38.252056 0.882980 40.230119
v 38.181804 0.437599 39.922991
v 38.252056 0.171970 39.407976
v 38.697429 0.437599 39.326738
v 38.963054 0.882980 39.407976
v 38.697429 0.953255 39.922991
v 38.564861 0.570175 39.769670
v 38.252056 89.828018 39.407915
v 38.181804 89.562416 39.922868
v 38.252056 89.117050 40.230058
v 38.697490 89.046768 39.922868
v 38.963115 89.117027 39.407915
v 38.697429 89.562386 39.326616
v 38.564861 89.429825 39.769548
v 38.252056 89.116943 -40.311629
v 38.181804 89.562347 -40.004439
v 38.252056 89.828011 -39.489424
v 38.697490 89.562347 -39.408064
v 38.963115 89.116920 -39.489424
v 38.697490 89.046616 -40.004439
v 38.564861 89.429726 -39.851118
v 38.252056 0.171970 -39.489546
v 38.181804 0.437599 -40.004500
v 38.252056 0.882980 -40.311629
v 38.697429 0.953255 -40.004500
v 38.963054 0.882980 -39.489546
v 38.697429 0.437599 -39.408308
v 38.564861 0.570175 -39.851240
v -37.743001 96.243332 39.407976
v -38.188435 95.977692 39.326677
v -38.454060 95.532310 39.407976
v -38.188435 95.462036 39.922930
v -37.743001 95.532318 40.230119
v -37.672749 95.977692 39.922930
v -38.055806 95.845123 39.769670
v -35.427266 95.532425 39.406816
v -35.693379 95.977783 39.324724
v -36.139485 96.243362 39.406328
v -36.210347 95.977806 39.921770
v -36.139058 95.532425 40.229387
v -35.693196 95.462219 39.922014
v -35.826497 95.845291 39.768083
v -36.139058 95.532425 -40.310957
v -36.210347 95.977806 -40.003401
v -36.139485 96.243362 -39.487898
v -35.693379 95.977783 -39.406294
v -35.427266 95.532425 -39.488386
v -35.693196 95.462219 -40.003645
v -35.826497 95.845291 -39.849592
v -38.454060 95.532310 -39.489546
v -38.188435 95.977692 -39.408308
v -37.743001 96.243332 -39.489546
v -37.672749 95.977692 -40.004500
v -37.743001 95.532318 -40.311629
v -38.188435 95.462036 -40.004500
v -38.055806 95.845123 -39.851179
v 38.302654 86.291306 40.310259
v 37.786662 86.291260 40.428972
v -34.292561 86.279099 40.428972
v -34.793843 86.323433 40.428972
v -35.288472 86.424561 40.428972
v -35.780964 86.534439 40.428972
v -36.278401 86.605240 40.428972
v -37.277608 86.675522 40.428972
v -37.792927 86.690063 40.310808
v -38.230244 86.695168 39.972978
v -38.522786 86.690063 39.466936
v -38.625996 86.675522 38.869768
v -38.625996 86.675522 -38.951399
v -38.522786 86.690063 -39.548506
v -38.230244 86.695168 -40.054548
v -37.792927 86.690063 -40.392439
v -37.277608 86.675522 -40.510481
v -36.278401 86.605240 -40.510481
v -35.791463 86.543671 -40.510481
v -35.307637 86.453049 -40.510481
v -34.822163 86.370865 -40.510481
v -34.332051 86.334877 -40.510481
v 37.786662 86.291260 -40.510481
v 38.302654 86.291122 -40.391829
v 38.740093 86.291077 -40.053816
v 39.032390 86.291122 -39.548018
v 39.135051 86.291260 -38.951399
v 39.135051 86.291260 38.869768
v 39.032390 86.291306 39.466448
v 38.740093 86.291321 39.972307
v 27.785869 90.000008 25.999285
v -14.911946 90.000008 26.017961
v 27.785869 90.000008 -26.715132
v -14.926228 90.000008 -26.752424
v 27.785869 74.934288 25.999285
v -14.911946 74.934288 26.017961
v 27.785869 74.934288 -26.715132
v -14.926228 74.934288 -26.752424
v 39.032390 75.664200 39.466448
v 38.740093 75.664215 39.972307
v 38.302654 75.664200 40.310259
v 37.786662 75.664162 40.428972
v -34.293660 75.653519 40.428972
v -34.791890 75.692307 40.428972
v -35.284199 75.780785 40.428972
v -35.774800 75.876915 40.428972
v -36.269612 75.938858 40.428972
v -37.277608 76.000343 40.428972
v -37.793049 76.013069 40.310747
v -38.230366 76.017532 39.972917
v -38.522847 76.013069 39.466875
v -38.625996 76.000343 38.869768
v -38.625996 76.000343 -38.951399
v -38.522847 76.013069 -39.548445
v -38.230366 76.017532 -40.054426
v -37.793049 76.013069 -40.392317
v -37.277608 76.000343 -40.510481
v -36.269612 75.938858 -40.510481
v -35.783955 75.884995 -40.510481
v -35.301045 75.805710 -40.510481
v -34.816609 75.733803 -40.510481
v -34.328145 75.702316 -40.510481
v 37.786662 75.664162 -40.510481
v 38.302654 75.664040 -40.391829
v 38.740093 75.664001 -40.053816
v 39.032390 75.664040 -39.548018
v 39.135051 75.664162 -38.951399
v 39.135051 75.664162 38.869768
v -35.254658 95.066879 35.736772
v -35.357258 95.582886 35.735307
v -35.649556 96.020340 35.734819
v -36.087056 96.312630 35.735307
v -36.603047 96.415283 35.736772
v -37.277608 96.415283 35.736772
v -37.793599 96.312653 35.736772
v -38.231038 96.020355 35.736772
v -38.523335 95.582893 35.736772
v -38.625996 95.066879 35.736772
v -38.625996 90.953484 35.736772
v -38.625996 90.476746 35.736772
v -38.625996 90.000008 35.736772
v -38.625996 89.523277 35.736772
v -38.625996 89.046539 35.736772
v -38.625996 86.675522 35.736772
v -38.625996 76.000343 35.736772
v -38.625996 1.348404 35.736772
v -38.523335 0.832394 35.736772
v -38.231038 0.394939 35.736772
v -37.793599 0.102642 35.736772
v -37.277608 0.000000 35.736772
v -36.208088 0.000000 35.736772
v -35.731404 0.000000 35.736772
v -35.254658 0.000000 35.736772
v -34.777913 0.000000 35.736772
v -34.301167 0.000000 35.736772
v 37.786662 0.000000 35.736772
v 38.302654 0.102642 35.736772
v 38.740093 0.394939 35.736772
v 39.032390 0.832394 35.736772
v 39.135051 1.348404 35.736772
v 39.135051 75.664162 35.736772
v 39.135051 86.291260 35.736772
v 39.135051 88.651596 35.736772
v 39.032390 89.167618 35.736711
v 38.740093 89.605072 35.736711
v 38.302654 89.897369 35.736711
v 37.786662 90.000015 35.736772
v 27.785869 90.000015 23.877092
v 27.785869 74.934288 23.877092
v -14.912495 74.934288 23.893450
v -14.912495 90.000008 23.893450
v -33.932271 90.000008 35.762224
v -34.438313 90.100754 35.763994
v -34.867329 90.387627 35.764787
v -35.154011 90.816971 35.764604
v -35.254658 91.323410 35.763323
v -35.254658 95.066879 -36.261702
v -35.357258 95.582886 -36.260237
v -35.649556 96.020340 -36.259749
v -36.087056 96.312637 -36.260237
v -36.603047 96.415283 -36.261702
v -37.277608 96.415283 -36.261702
v -37.793599 96.312653 -36.261702
v -38.231038 96.020355 -36.261702
v -38.523335 95.582893 -36.261702
v -38.625996 95.066879 -36.261702
v -38.625996 90.953484 -36.261702
v -38.625996 90.476746 -36.261702
v -38.625996 90.000008 -36.261702
v -38.625996 89.523277 -36.261702
v -38.625996 89.046539 -36.261702
v -38.625996 86.675522 -36.261702
v -38.625996 76.000343 -36.261702
v -38.625996 1.348404 -36.261702
v -38.523335 0.832394 -36.261702
v -38.231038 0.394939 -36.261702
v -37.793599 0.102642 -36.261702
v -37.277608 0.000000 -36.261702
v -36.208088 0.000000 -36.261702
v -35.731404 0.000000 -36.261702
v -35.254658 0.000000 -36.261702
v -34.777913 0.000000 -36.261702
v -34.301167 0.000000 -36.261702
v 37.786662 0.000000 -36.261702
v 38.302654 0.102642 -36.261702
v 38.740093 0.394939 -36.261702
v 39.032390 0.832394 -36.261702
v 39.135051 1.348404 -36.261702
v 39.135051 75.664162 -36.261702
v 39.135051 86.291260 -36.261702
v 39.135051 88.651596 -36.261702
v 39.032390 89.167618 -36.261580
v 38.740093 89.605072 -36.261580
v 38.302654 89.897369 -36.261580
v 37.786662 90.000015 -36.261702
v 27.785869 90.000015 -24.893233
v 27.785869 74.934288 -24.893233
v -14.925740 74.934288 -24.928572
v -14.925740 90.000008 -24.928572
v -33.955403 90.000008 -36.316572
v -34.452595 90.100708 -36.311873
v -34.874104 90.387573 -36.304854
v -35.155781 90.816933 -36.296736
v -35.254658 91.323410 -36.288679
v 39.135051 4.062752 -38.951399
v 39.032390 4.062748 -39.548018
v 38.740093 4.062747 -40.053816
v 38.302654 4.062748 -40.391829
v 37.786662 4.062752 -40.510481
v -34.302144 4.064146 -40.510481
v -34.779317 4.065296 -40.510481
v -35.256367 4.067923 -40.510481
v -35.733296 4.070818 -40.510481
v -36.210347 4.072785 -40.510481
v -37.277608 4.075031 -40.510481
v -37.793599 4.075496 -40.391829
v -38.231038 4.075659 -40.053877
v -38.523335 4.075496 -39.548079
v -38.625996 4.075031 -38.951399
v -38.625996 4.075031 -36.261702
v -38.625996 4.075031 35.736772
v -38.625996 4.075031 38.869768
v -38.523335 4.075496 39.466448
v -38.231038 4.075659 39.972307
v -37.793599 4.075496 40.310320
v -37.277608 4.075031 40.428972
v -36.210347 4.072785 40.428972
v -35.732991 4.070523 40.428972
v -35.255757 4.067012 40.428972
v -34.778401 4.063780 40.428972
v -34.300923 4.062364 40.428972
v 37.786662 4.062752 40.428972
v 38.302654 4.062754 40.310259
v 38.740093 4.062754 39.972307
v 39.032390 4.062754 39.466448
v 39.135051 4.062752 38.869768
v 39.135051 4.062752 35.736772
v 39.135051 4.062752 -36.261702
v -30.465169 4.062752 35.736772
v -30.465169 75.664162 35.736772
v -30.465169 4.062752 -36.261702
v -30.465169 75.664162 -36.261702
v -38.625996 54.769257 -38.951399
v -38.522969 54.778362 -39.548323
v -38.230549 54.781559 -40.054304
v -37.793233 54.778362 -40.392195
v -37.277608 54.769257 -40.510481
v -36.252095 54.725258 -40.510481
v -35.769002 54.686714 -40.510481
v -35.287861 54.629978 -40.510481
v -34.805623 54.578522 -40.510481
v -34.320454 54.555988 -40.510481
v 37.786662 54.528687 -40.510481
v 38.302654 54.528599 -40.391829
v 38.740093 54.528572 -40.053816
v 39.032390 54.528599 -39.548018
v 39.135051 54.528687 -38.951399
v 39.135051 54.528687 -36.261702
v -30.465169 54.528687 -36.261702
v -30.465169 54.528687 35.736772
v 39.135051 54.528687 35.736772
v 39.135051 54.528687 38.869768
v 39.032390 54.528713 39.466448
v 38.740093 54.528725 39.972307
v 38.302654 54.528713 40.310259
v 37.786662 54.528687 40.428972
v -34.295796 54.521069 40.428972
v -34.787922 54.548828 40.428972
v -35.275776 54.612141 40.428972
v -35.762471 54.680931 40.428972
v -36.252095 54.725258 40.428972
v -37.277608 54.769257 40.428972
v -37.793233 54.778362 40.310625
v -38.230549 54.781559 39.972734
v -38.522969 54.778362 39.466753
v -38.625996 54.769257 38.869768
v -38.625996 54.769257 35.736772
v -38.625996 54.769257 -36.261702
v -38.625996 52.064247 -36.261702
v -38.625996 52.064247 35.736772
v -38.625996 52.064247 38.869768
v -38.523030 52.072891 39.466753
v -38.230610 52.075928 39.972734
v -37.793233 52.072891 40.310625
v -37.277608 52.064247 40.428972
v -36.249898 52.022472 40.428972
v -35.760884 51.980396 40.428972
v -35.274739 51.915089 40.428972
v -34.787373 51.854977 40.428972
v -34.296101 51.828629 40.428972
v 37.786662 51.835857 40.428972
v 38.302654 51.835884 40.310259
v 38.740093 51.835896 39.972307
v 39.032390 51.835884 39.466448
v 39.135051 51.835857 38.869768
v 39.135051 51.835857 35.736772
v -30.465169 51.835857 35.736772
v -30.465169 51.835857 -36.261702
v 39.135051 51.835857 -36.261702
v 39.135051 51.835857 -38.951399
v 39.032390 51.835773 -39.547957
v 38.740093 51.835751 -40.053816
v 38.302654 51.835773 -40.391829
v 37.786662 51.835857 -40.510481
v -34.319478 51.861778 -40.510481
v -34.804219 51.883171 -40.510481
v -35.286152 51.932018 -40.510481
v -35.767109 51.985886 -40.510481
v -36.249898 52.022472 -40.510481
v -37.277608 52.064247 -40.510481
v -37.793233 52.072891 -40.392134
v -38.230610 52.075928 -40.054243
v -38.523030 52.072891 -39.548323
v -38.625996 52.064247 -38.951399
v -30.465169 28.031481 -36.261702
v -30.465169 28.031481 35.736772
v 39.135051 28.031481 35.736772
v 39.135051 28.031481 38.869768
v 39.032390 28.031494 39.466448
v 38.740093 28.031502 39.972307
v 38.302654 28.031494 40.310259
v 37.786662 28.031481 40.428972
v -34.298482 28.027660 40.428972
v -34.782918 28.041586 40.428972
v -35.265278 28.073355 40.428972
v -35.746968 28.107870 40.428972
v -36.230183 28.130108 40.428972
v -37.277608 28.152187 40.428972
v -37.793416 28.156755 40.310442
v -38.230794 28.158360 39.972551
v -38.523152 28.156755 39.466570
v -38.625996 28.152187 38.869768
v -38.625996 28.152187 35.736772
v -38.625996 28.152187 -36.261702
v -38.625996 28.152187 -38.951399
v -38.523152 28.156755 -39.548201
v -38.230794 28.158360 -40.054060
v -37.793416 28.156755 -40.391951
v -37.277608 28.152187 -40.510481
v -36.230183 28.130108 -40.510481
v -35.750264 28.110771 -40.510481
v -35.271321 28.082304 -40.510481
v -34.791768 28.056488 -40.510481
v -34.310872 28.045179 -40.510481
v 37.786662 28.031481 -40.510481
v 38.302654 28.031437 -40.391829
v 38.740093 28.031425 -40.053816
v 39.032390 28.031437 -39.548018
v 39.135051 28.031481 -38.951399
v 39.135051 28.031481 -36.261702
v -30.465169 25.473801 -36.261702
v -30.465169 25.473801 35.736772
v 39.135051 25.473801 35.736772
v 39.135051 25.473801 38.869768
v 39.032390 25.473812 39.466448
v 38.740093 25.473820 39.972307
v 38.302654 25.473812 40.310259
v 37.786662 25.473801 40.428972
v -34.298726 25.470346 40.428972
v -34.782429 25.482937 40.428972
v -35.264241 25.511660 40.428972
v -35.745503 25.542868 40.428972
v -36.228047 25.562973 40.428972
v -37.277608 25.582937 40.428972
v -37.793416 25.587067 40.310442
v -38.230855 25.588516 39.972490
v -38.523213 25.587067 39.466570
v -38.625996 25.582937 38.869768
v -38.625996 25.582937 35.736772
v -38.625996 25.582937 -36.261702
v -38.625996 25.582937 -38.951399
v -38.523213 25.587067 -39.548201
v -38.230855 25.588516 -40.054060
v -37.793416 25.587067 -40.391951
v -37.277608 25.582937 -40.510481
v -36.228047 25.562973 -40.510481
v -35.748433 25.545490 -40.510481
v -35.269734 25.519753 -40.510481
v -34.790486 25.496410 -40.510481
v -34.309895 25.486187 -40.510481
v 37.786662 25.473801 -40.510481
v 38.302654 25.473761 -40.391829
v 38.740093 25.473751 -40.053816
v 39.032390 25.473761 -39.548018
v 39.135051 25.473801 -38.951399
v 39.135051 25.473801 -36.261702
v 33.210002 52.475212 35.097429
v 32.570659 51.835857 35.736772
v 32.570659 54.528687 35.736772
v 33.210002 53.889332 35.097429
v 33.210002 52.475212 -35.622359
v 32.570659 51.835857 -36.261702
v 33.210002 53.889332 -35.622359
v 32.570659 54.528687 -36.261702
v 32.570659 28.031481 -36.261702
v 33.210002 27.392124 -35.622359
v 33.210002 27.392124 35.097429
v 32.570659 28.031481 35.736772
v 33.210002 26.113157 35.097429
v 32.570659 25.473801 35.736772
v 33.210002 26.113157 -35.622359
v 32.570659 25.473801 -36.261702
v -20.621724 91.224564 10.370867
v -20.370564 91.122482 10.370867
v -20.370564 91.224564 10.638750
v -20.370564 91.471008 10.749712
v -20.621724 91.471008 10.638750
v -20.725789 91.471008 10.370867
v -14.525227 91.224564 10.370867
v -14.421101 91.471008 10.370867
v -14.525227 91.471008 10.638750
v -14.776387 91.471008 10.749712
v -14.776387 91.224564 10.638750
v -14.776387 91.122482 10.370867
v -20.621724 94.506042 10.370867
v -20.725789 94.259598 10.370867
v -20.621724 94.259598 10.638750
v -20.370564 94.259598 10.749712
v -20.370564 94.506042 10.638750
v -20.370564 94.608124 10.370867
v -14.525227 94.506042 10.370867
v -14.776387 94.608124 10.370867
v -14.776387 94.506042 10.638750
v -14.776387 94.259598 10.749712
v -14.525227 94.259598 10.638750
v -14.421101 94.259598 10.370867
v -20.621724 94.259598 -10.720747
v -20.725789 94.259598 -10.452864
v -20.621724 94.506042 -10.452864
v -20.370564 94.608124 -10.452864
v -20.370564 94.506042 -10.720747
v -20.370564 94.259598 -10.831709
v -14.525227 94.259598 -10.720747
v -14.776387 94.259598 -10.831709
v -14.776387 94.506042 -10.720747
v -14.776387 94.608124 -10.452864
v -14.525227 94.506042 -10.452864
v -14.421101 94.259598 -10.452864
v -20.621724 91.224564 -10.452864
v -20.725789 91.471008 -10.452864
v -20.621724 91.471008 -10.720747
v -20.370564 91.471008 -10.831709
v -20.370564 91.224564 -10.720747
v -20.370564 91.122482 -10.452864
v -14.525227 91.224564 -10.452864
v -14.776387 91.122482 -10.452864
v -14.776387 91.224564 -10.720747
v -14.776387 91.471008 -10.831709
v -14.525227 91.471008 -10.720747
v -14.421101 91.471008 -10.452864
v -20.575520 91.269859 10.589556
v -14.571370 91.269859 10.589556
v -20.575520 94.460747 10.589556
v -14.571370 94.460747 10.589556
v -20.575520 94.460747 -10.671553
v -14.571370 94.460747 -10.671553
v -20.575520 91.269859 -10.671553
v -14.571370 91.269859 -10.671553
vt 0.450000 1.000000
vt 0.500000 1.000000
vt 0.550000 1.000000
vt 0.600000 1.000000
vt 0.650000 1.000000
vt 0.700000 1.000000
vt 0.750000 1.000000
vt 0.800000 1.000000
vt 0.850000 1.000000
vt 0.900000 1.000000
vt 0.950000 1.000000
vt 0.450000 0.950000
vt 0.500000 0.950000
vt 0.550000 0.950000
vt 0.600000 0.950000
vt 0.650000 0.950000
vt 0.700000 0.950000
vt 0.750000 0.950000
vt 0.800000 0.950000
vt 0.850000 0.950000
vt 0.900000 0.950000
vt 0.950000 0.950000
vt 0.450000 0.900000
vt 0.500000 0.900000
vt 0.550000 0.900000
vt 0.600000 0.900000
vt 0.650000 0.900000
vt 0.700000 0.900000
vt 0.750000 0.900000
vt 0.800000 0.900000
vt 0.850000 0.900000
vt 0.900000 0.900000
vt 0.950000 0.900000
vt 0.450000 0.850000
vt 0.500000 0.850000
vt 0.550000 0.850000
vt 0.600000 0.850000
vt 0.650000 0.850000
vt 0.700000 0.850000
vt 0.750000 0.850000
vt 0.800000 0.850000
vt 0.850000 0.850000
vt 0.900000 0.850000
vt 0.950000 0.850000
vt 0.450000 0.800000
vt 0.500000 0.800000
vt 0.550000 0.800000
vt 0.600000 0.800000
vt 0.650000 0.800000
vt 0.700000 0.800000
vt 0.750000 0.800000
vt 0.800000 0.800000
vt 0.850000 0.800000
vt 0.900000 0.800000
vt 0.950000 0.800000
vt 0.450000 0.750000
vt 0.500000 0.750000
vt 0.550000 0.750000
vt 0.600000 0.750000
vt 0.650000 0.750000
vt 0.700000 0.750000
vt 0.750000 0.750000
vt 0.800000 0.750000
vt 0.850000 0.750000
vt 0.900000 0.750000
vt 0.950000 0.750000
vt 0.450000 0.700000
vt 0.500000 0.700000
vt 0.550000 0.700000
vt 0.600000 0.700000
vt 0.650000 0.700000
vt 0.700000 0.700000
vt 0.750000 0.700000
vt 0.800000 0.700000
vt 0.850000 0.700000
vt 0.900000 0.700000
vt 0.950000 0.700000
vt 0.450000 0.650000
vt 0.500000 0.650000
vt 0.550000 0.650000
vt 0.600000 0.650000
vt 0.650000 0.650000
vt 0.700000 0.650000
vt 0.750000 0.650000
vt 0.800000 0.650000
vt 0.850000 0.650000
vt 0.900000 0.650000
vt 0.950000 0.650000
vt 0.450000 0.600000
vt 0.500000 0.600000
vt 0.550000 0.600000
vt 0.600000 0.600000
vt 0.650000 0.600000
vt 0.700000 0.600000
vt 0.750000 0.600000
vt 0.800000 0.600000
vt 0.850000 0.600000
vt 0.900000 0.600000
vt 0.950000 0.600000
vt 0.450000 0.550000
vt 0.500000 0.550000
vt 0.550000 0.550000
vt 0.600000 0.550000
vt 0.650000 0.550000
vt 0.700000 0.550000
vt 0.750000 0.550000
vt 0.800000 0.550000
vt 0.850000 0.550000
vt 0.900000 0.550000
vt 0.950000 0.550000
vt 0.450000 0.500000
vt 0.500000 0.500000
vt 0.550000 0.500000
vt 0.600000 0.500000
vt 0.650000 0.500000
vt 0.700000 0.500000
vt 0.750000 0.500000
vt 0.800000 0.500000
vt 0.850000 0.500000
vt 0.900000 0.500000
vt 0.950000 0.500000
vt 0.450000 0.450000
vt 0.500000 0.450000
vt 0.550000 0.450000
vt 0.600000 0.450000
vt 0.650000 0.450000
vt 0.700000 0.450000
vt 0.750000 0.450000
vt 0.800000 0.450000
vt 0.850000 0.450000
vt 0.900000 0.450000
vt 0.950000 0.450000
vt 0.450000 0.400000
vt 0.500000 0.400000
vt 0.550000 0.400000
vt 0.600000 0.400000
vt 0.650000 0.400000
vt 0.700000 0.400000
vt 0.750000 0.400000
vt 0.800000 0.400000
vt 0.850000 0.400000
vt 0.900000 0.400000
vt 0.950000 0.400000
vt 0.450000 0.350000
vt 0.500000 0.350000
vt 0.550000 0.350000
vt 0.600000 0.350000
vt 0.650000 0.350000
vt 0.700000 0.350000
vt 0.750000 0.350000
vt 0.800000 0.350000
vt 0.850000 0.350000
vt 0.900000 0.350000
vt 0.950000 0.350000
vt 0.450000 0.300000
vt 0.500000 0.300000
vt 0.550000 0.300000
vt 0.600000 0.300000
vt 0.650000 0.300000
vt 0.700000 0.300000
vt 0.750000 0.300000
vt 0.800000 0.300000
vt 0.850000 0.300000
vt 0.900000 0.300000
vt 0.950000 0.300000
vt 0.450000 0.250000
vt 0.500000 0.250000
vt 0.550000 0.250000
vt 0.600000 0.250000
vt 0.650000 0.250000
vt 0.700000 0.250000
vt 0.750000 0.250000
vt 0.800000 0.250000
vt 0.850000 0.250000
vt 0.900000 0.250000
vt 0.950000 0.250000
vt 0.450000 0.200000
vt 0.500000 0.200000
vt 0.550000 0.200000
vt 0.600000 0.200000
vt 0.650000 0.200000
vt 0.700000 0.200000
vt 0.750000 0.200000
vt 0.800000 0.200000
vt 0.850000 0.200000
vt 0.900000 0.200000
vt 0.950000 0.200000
vt 0.450000 0.150000
vt 0.500000 0.150000
vt 0.550000 0.150000
vt 0.600000 0.150000
vt 0.650000 0.150000
vt 0.700000 0.150000
vt 0.750000 0.150000
vt 0.800000 0.150000
vt 0.850000 0.150000
vt 0.900000 0.150000
vt 0.950000 0.150000
vt 0.450000 0.100000
vt 0.500000 0.100000
vt 0.550000 0.100000
vt 0.600000 0.100000
vt 0.650000 0.100000
vt 0.700000 0.100000
vt 0.750000 0.100000
vt 0.800000 0.100000
vt 0.850000 0.100000
vt 0.900000 0.100000
vt 0.950000 0.100000
vt 0.450000 0.050000
vt 0.500000 0.050000
vt 0.550000 0.050000
vt 0.600000 0.050000
vt 0.650000 0.050000
vt 0.700000 0.050000
vt 0.750000 0.050000
vt 0.800000 0.050000
vt 0.850000 0.050000
vt 0.900000 0.050000
vt 0.950000 0.050000
vt 0.450000 -0.000000
vt 0.500000 -0.000000
vt 0.550000 -0.000000
vt 0.600000 -0.000000
vt 0.650000 -0.000000
vt 0.700000 -0.000000
vt 0.750000 -0.000000
vt 0.800000 -0.000000
vt 0.850000 -0.000000
vt 0.900000 -0.000000
vt 0.950000 -0.000000
vt 0.450000 1.000000
vt 0.450000 0.950000
vt 0.450000 0.950000
vt 0.450000 0.900000
vt 0.450000 0.900000
vt 0.450000 0.850000
vt 0.450000 0.850000
vt 0.450000 0.800000
vt 0.450000 0.800000
vt 0.450000 0.750000
vt 0.450000 0.750000
vt 0.450000 0.700000
vt 0.450000 0.700000
vt 0.450000 0.650000
vt 0.450000 0.650000
vt 0.450000 0.600000
vt 0.450000 0.600000
vt 0.450000 0.550000
vt 0.450000 0.550000
vt 0.450000 0.500000
vt 0.450000 0.500000
vt 0.450000 0.450000
vt 0.450000 0.450000
vt 0.450000 0.400000
vt 0.450000 0.400000
vt 0.450000 0.350000
vt 0.450000 0.350000
vt 0.450000 0.300000
vt 0.450000 0.300000
vt 0.450000 0.250000
vt 0.450000 0.250000
vt 0.450000 0.200000
vt 0.450000 0.200000
vt 0.450000 0.150000
vt 0.450000 0.150000
vt 0.450000 0.100000
vt 0.450000 0.100000
vt 0.450000 0.050000
vt 0.450000 0.050000
vt 0.450000 -0.000000
vt 0.450000 0.950000
vt 0.450000 0.950000
vt 0.450000 0.900000
vt 0.450000 0.900000
vt 0.450000 0.850000
vt 0.450000 0.850000
vt 0.450000 0.800000
vt 0.450000 0.800000
vt 0.450000 0.750000
vt 0.450000 0.750000
vt 0.450000 0.700000
vt 0.450000 0.700000
vt 0.450000 0.650000
vt 0.450000 0.650000
vt 0.450000 0.600000
vt 0.450000 0.600000
vt 0.450000 0.550000
vt 0.450000 0.550000
vt 0.450000 0.500000
vt 0.450000 0.500000
vt 0.450000 0.450000
vt 0.450000 0.450000
vt 0.450000 0.400000
vt 0.450000 0.400000
vt 0.450000 0.350000
vt 0.450000 0.350000
vt 0.450000 0.300000
vt 0.450000 0.300000
vt 0.450000 0.250000
vt 0.450000 0.250000
vt 0.450000 0.200000
vt 0.450000 0.200000
vt 0.450000 0.150000
vt 0.450000 0.150000
vt 0.450000 0.100000
vt 0.450000 0.100000
vt 0.450000 0.050000
vt 0.450000 0.050000
vt 0.450000 -0.000000
vt 0.450000 -0.000000
vt 0.450000 0.800000
vt 0.450000 0.850000
vt 0.450000 0.750000
vt 0.450000 0.800000
vt 0.450000 0.700000
vt 0.450000 0.750000
vt 0.450000 0.650000
vt 0.450000 0.700000
vt 0.450000 0.600000
vt 0.450000 0.650000
vt 0.450000 0.550000
vt 0.450000 0.600000
vt 0.450000 0.500000
vt 0.450000 0.550000
vt 0.450000 0.450000
vt 0.450000 0.500000
vt 0.450000 0.400000
vt 0.450000 0.450000
vt 0.450000 0.350000
vt 0.450000 0.400000
vt 0.450000 0.300000
vt 0.450000 0.350000
vt 0.450000 0.250000
vt 0.450000 0.300000
vt 0.450000 0.200000
vt 0.450000 0.250000
vt 0.450000 0.150000
vt 0.450000 0.200000
vt 0.450000 0.100000
vt 0.450000 0.150000
vt 0.450000 0.050000
vt 0.450000 0.100000
vt 0.450000 -0.000000
vt 0.450000 0.050000
vt 0.450000 0.950000
vt 0.450000 -0.000000
vt 0.450000 0.900000
vt 0.450000 0.950000
vt 0.450000 0.850000
vt 0.450000 0.900000
vt 0.450000 0.750000
vt 0.450000 0.800000
vt 0.450000 0.700000
vt 0.450000 0.750000
vt 0.450000 0.650000
vt 0.450000 0.700000
vt 0.450000 0.600000
vt 0.450000 0.650000
vt 0.450000 0.550000
vt 0.450000 0.600000
vt 0.450000 0.500000
vt 0.450000 0.550000
vt 0.450000 0.450000
vt 0.450000 0.500000
vt 0.450000 0.400000
vt 0.450000 0.450000
vt 0.450000 0.350000
vt 0.450000 0.400000
vt 0.450000 0.300000
vt 0.450000 0.350000
vt 0.450000 0.250000
vt 0.450000 0.300000
vt 0.450000 0.200000
vt 0.450000 0.250000
vt 0.450000 0.150000
vt 0.450000 0.200000
vt 0.450000 0.100000
vt 0.450000 0.150000
vt 0.450000 0.050000
vt 0.450000 0.100000
vt 0.450000 -0.000000
vt 0.450000 0.050000
vt 0.450000 0.950000
vt 0.450000 -0.000000
vt 0.450000 0.900000
vt 0.450000 0.950000
vt 0.450000 0.850000
vt 0.450000 0.900000
vt 0.450000 0.800000
vt 0.450000 0.850000
vt 0.932745 0.650000
vt 0.932745 0.700000
vt 0.932745 0.750000
vt 0.932745 0.800000
vt 0.932745 0.850000
vt 0.932745 0.900000
vt 0.932745 0.950000
vt 0.932745 -0.000000
vt 0.932745 1.000000
vt 0.932745 0.050000
vt 0.932745 0.100000
vt 0.932745 0.150000
vt 0.932745 0.200000
vt 0.932745 0.250000
vt 0.932745 0.300000
vt 0.932745 0.350000
vt 0.932745 0.400000
vt 0.932745 0.450000
vt 0.932745 0.500000
vt 0.932745 0.550000
vt 0.932745 0.600000
vt 0.450000 0.800000
vt 0.450000 0.800000
vt 0.450000 0.800000
vt 0.450000 0.800000
vt 0.450000 0.750000
vt 0.450000 0.750000
vt 0.450000 0.750000
vt 0.450000 0.750000
vt 0.450000 0.700000
vt 0.450000 0.700000
vt 0.450000 0.700000
vt 0.450000 0.700000
vt 0.450000 0.650000
vt 0.450000 0.650000
vt 0.450000 0.650000
vt 0.450000 0.650000
vt 0.450000 0.600000
vt 0.450000 0.600000
vt 0.450000 0.600000
vt 0.450000 0.600000
vt 0.450000 0.550000
vt 0.450000 0.550000
vt 0.450000 0.550000
vt 0.450000 0.550000
vt 0.450000 0.500000
vt 0.450000 0.500000
vt 0.450000 0.500000
vt 0.450000 0.500000
vt 0.450000 0.450000
vt 0.450000 0.450000
vt 0.450000 0.450000
vt 0.450000 0.450000
vt 0.450000 0.400000
vt 0.450000 0.400000
vt 0.450000 0.400000
vt 0.450000 0.400000
vt 0.450000 0.350000
vt 0.450000 0.350000
vt 0.450000 0.350000
vt 0.450000 0.350000
vt 0.450000 0.300000
vt 0.450000 0.300000
vt 0.450000 0.300000
vt 0.450000 0.300000
vt 0.450000 0.250000
vt 0.450000 0.250000
vt 0.450000 0.250000
vt 0.450000 0.250000
vt 0.450000 0.200000
vt 0.450000 0.200000
vt 0.450000 0.200000
vt 0.450000 0.200000
vt 0.450000 0.150000
vt 0.450000 0.150000
vt 0.450000 0.150000
vt 0.450000 0.150000
vt 0.450000 0.100000
vt 0.450000 0.100000
vt 0.450000 0.100000
vt 0.450000 0.100000
vt 0.450000 0.050000
vt 0.450000 0.050000
vt 0.450000 0.050000
vt 0.450000 0.050000
vt 0.450000 -0.000000
vt 0.450000 -0.000000
vt 0.450000 -0.000000
vt 0.450000 -0.000000
vt 0.450000 0.950000
vt 0.450000 0.950000
vt 0.450000 0.950000
vt 0.450000 0.950000
vt 0.450000 0.900000
vt 0.450000 0.900000
vt 0.450000 0.900000
vt 0.450000 0.900000
vt 0.450000 0.850000
vt 0.450000 0.850000
vt 0.450000 0.850000
vt 0.450000 0.850000
vt 0.450000 0.750000
vt 0.450000 0.750000
vt 0.450000 0.750000
vt 0.450000 0.750000
vt 0.450000 0.700000
vt 0.450000 0.700000
vt 0.450000 0.700000
vt 0.450000 0.700000
vt 0.450000 0.650000
vt 0.450000 0.650000
vt 0.450000 0.650000
vt 0.450000 0.650000
vt 0.450000 0.600000
vt 0.450000 0.600000
vt 0.450000 0.600000
vt 0.450000 0.600000
vt 0.450000 0.550000
vt 0.450000 0.550000
vt 0.450000 0.550000
vt 0.450000 0.550000
vt 0.450000 0.500000
vt 0.450000 0.500000
vt 0.450000 0.500000
vt 0.450000 0.500000
vt 0.450000 0.450000
vt 0.450000 0.450000
vt 0.450000 0.450000
vt 0.450000 0.450000
vt 0.450000 0.400000
vt 0.450000 0.400000
vt 0.450000 0.400000
vt 0.450000 0.400000
vt 0.450000 0.350000
vt 0.450000 0.350000
vt 0.450000 0.350000
vt 0.450000 0.350000
vt 0.450000 0.300000
vt 0.450000 0.300000
vt 0.450000 0.300000
vt 0.450000 0.300000
vt 0.450000 0.250000
vt 0.450000 0.250000
vt 0.450000 0.250000
vt 0.450000 0.250000
vt 0.450000 0.200000
vt 0.450000 0.200000
vt 0.450000 0.200000
vt 0.450000 0.200000
vt 0.450000 0.150000
vt 0.450000 0.150000
vt 0.450000 0.150000
vt 0.450000 0.150000
vt 0.450000 0.100000
vt 0.450000 0.100000
vt 0.450000 0.100000
vt 0.450000 0.100000
vt 0.450000 0.050000
vt 0.450000 0.050000
vt 0.450000 0.050000
vt 0.450000 0.050000
vt 0.450000 -0.000000
vt 0.450000 -0.000000
vt 0.450000 -0.000000
vt 0.450000 -0.000000
vt 0.450000 0.950000
vt 0.450000 0.950000
vt 0.450000 0.950000
vt 0.450000 0.950000
vt 0.450000 0.900000
vt 0.450000 0.900000
vt 0.450000 0.900000
vt 0.450000 0.900000
vt 0.450000 0.850000
vt 0.450000 0.850000
vt 0.450000 0.850000
vt 0.450000 0.850000
vt 0.450000 0.800000
vt 0.450000 0.800000
vt 0.450000 0.800000
vt 0.450000 0.800000
vt 0.932745 0.700000
vt 0.932745 0.650000
vt 0.950000 0.650000
vt 0.950000 0.700000
vt 0.932745 0.750000
vt 0.950000 0.750000
vt 0.932745 0.800000
vt 0.950000 0.800000
vt 0.932745 0.850000
vt 0.950000 0.850000
vt 0.932745 0.900000
vt 0.950000 0.900000
vt 0.932745 0.950000
vt 0.950000 0.950000
vt 0.932745 1.000000
vt 0.950000 1.000000
vt 0.932745 0.050000
vt 0.932745 -0.000000
vt 0.950000 -0.000000
vt 0.950000 0.050000
vt 0.932745 0.100000
vt 0.950000 0.100000
vt 0.932745 0.150000
vt 0.950000 0.150000
vt 0.932745 0.200000
vt 0.950000 0.200000
vt 0.932745 0.250000
vt 0.950000 0.250000
vt 0.932745 0.300000
vt 0.950000 0.300000
vt 0.932745 0.350000
vt 0.950000 0.350000
vt 0.932745 0.400000
vt 0.950000 0.400000
vt 0.932745 0.450000
vt 0.950000 0.450000
vt 0.932745 0.500000
vt 0.950000 0.500000
vt 0.932745 0.550000
vt 0.950000 0.550000
vt 0.932745 0.600000
vt 0.950000 0.600000
vt 0.450000 1.000000
vt 0.450000 0.950000
vt 0.450000 0.950000
vt 0.450000 0.900000
vt 0.450000 0.900000
vt 0.450000 0.850000
vt 0.450000 0.850000
vt 0.450000 0.800000
vt 0.450000 0.800000
vt 0.450000 0.750000
vt 0.450000 0.750000
vt 0.450000 0.700000
vt 0.450000 0.700000
vt 0.450000 0.650000
vt 0.450000 0.650000
vt 0.450000 0.600000
vt 0.450000 0.600000
vt 0.450000 0.550000
vt 0.450000 0.550000
vt 0.450000 0.500000
vt 0.450000 0.500000
vt 0.450000 0.450000
vt 0.450000 0.450000
vt 0.450000 0.400000
vt 0.450000 0.400000
vt 0.450000 0.350000
vt 0.450000 0.350000
vt 0.450000 0.300000
vt 0.450000 0.300000
vt 0.450000 0.250000
vt 0.450000 0.250000
vt 0.450000 0.200000
vt 0.450000 0.200000
vt 0.450000 0.150000
vt 0.450000 0.150000
vt 0.450000 0.100000
vt 0.450000 0.100000
vt 0.450000 0.050000
vt 0.450000 0.050000
vt 0.450000 -0.000000
vt 0.450000 0.950000
vt 0.450000 0.950000
vt 0.450000 0.900000
vt 0.450000 0.900000
vt 0.450000 0.850000
vt 0.450000 0.850000
vt 0.450000 0.800000
vt 0.450000 0.800000
vt 0.450000 0.750000
vt 0.450000 0.750000
vt 0.450000 0.700000
vt 0.450000 0.700000
vt 0.450000 0.650000
vt 0.450000 0.650000
vt 0.450000 0.600000
vt 0.450000 0.600000
vt 0.450000 0.550000
vt 0.450000 0.550000
vt 0.450000 0.500000
vt 0.450000 0.500000
vt 0.450000 0.450000
vt 0.450000 0.450000
vt 0.450000 0.400000
vt 0.450000 0.400000
vt 0.450000 0.350000
vt 0.450000 0.350000
vt 0.450000 0.300000
vt 0.450000 0.300000
vt 0.450000 0.250000
vt 0.450000 0.250000
vt 0.450000 0.200000
vt 0.450000 0.200000
vt 0.450000 0.150000
vt 0.450000 0.150000
vt 0.450000 0.100000
vt 0.450000 0.100000
vt 0.450000 0.050000
vt 0.450000 0.050000
vt 0.450000 -0.000000
vt 0.450000 -0.000000
vt 0.381181 0.256698
vt 0.377877 0.253136
vt 0.622124 0.253135
vt 0.618819 0.256698
vt 0.375000 0.250000
vt 0.625000 0.250000
vt 0.375000 0.100014
vt 0.625000 0.100014
vt 0.875000 0.100014
vt 0.875000 0.250000
vt 0.622123 0.496864
vt 0.618819 0.493302
vt 0.625000 0.500000
vt 0.125000 0.250000
vt 0.125000 0.100014
vt 0.377876 0.496865
vt 0.375000 0.500000
vt 0.381181 0.493302
vt 0.375000 0.649986
vt 0.625000 0.649986
vt 0.377061 0.997767
vt 0.375000 1.000000
vt 0.375000 0.699997
vt 0.377061 0.752233
vt 0.622939 0.997767
vt 0.625000 1.000000
vt 0.622939 0.752233
vt 0.625000 0.699997
vt 0.375000 0.050003
vt 0.625000 0.050003
vt 0.875000 0.050003
vt 0.125000 0.050003
vt 0.618819 0.256698
vt 0.381181 0.256698
vt 0.618819 0.493302
vt 0.381181 0.493302
vt 0.618819 0.256698
vt 0.381181 0.256698
vt 0.618819 0.493302
vt 0.381181 0.493302
vt 0.381181 0.493302
vt 0.381181 0.256698
vt 0.381181 0.256698
vt 0.381181 0.493302
vt 0.618819 0.256698
vt 0.381181 0.256698
vt 0.618819 0.493302
vt 0.381181 0.493302
vt 0.618819 0.256698
vt 0.381181 0.256698
vt 0.618819 0.493302
vt 0.381181 0.493302
vt 0.379214 0.995184
vt 0.377076 0.996135
vt 0.377076 0.986381
vt 0.379214 0.985507
vt 0.375000 0.997056
vt 0.375000 0.987228
vt 0.372056 -0.000000
vt 0.371104 0.001906
vt 0.361353 0.001906
vt 0.362228 -0.000000
vt 0.370184 0.003746
vt 0.360507 0.003746
vt 0.379214 0.003750
vt 0.378662 0.001980
vt 0.382300 0.001952
vt 0.382555 0.003750
vt 0.378061 -0.000000
vt 0.382013 -0.000000
vt 0.378061 1.000000
vt 0.378587 0.997800
vt 0.382277 0.997681
vt 0.382013 1.000000
vt 0.382556 0.995184
vt 0.370184 0.144623
vt 0.372585 0.144641
vt 0.372585 0.152156
vt 0.370184 0.152137
vt 0.374903 0.144647
vt 0.374903 0.152163
vt 0.377102 0.144641
vt 0.377103 0.152156
vt 0.379214 0.144625
vt 0.379214 0.152139
vt 0.382425 0.144509
vt 0.384006 0.144388
vt 0.384001 0.151890
vt 0.382418 0.152016
vt 0.385575 0.144207
vt 0.385572 0.151699
vt 0.387155 0.144041
vt 0.387154 0.151524
vt 0.388746 0.143968
vt 0.388747 0.151447
vt 0.388729 0.995184
vt 0.387185 0.995193
vt 0.387185 0.985515
vt 0.388729 0.985507
vt 0.385641 0.995196
vt 0.385641 0.985518
vt 0.384097 0.995193
vt 0.384097 0.985516
vt 0.382556 0.985507
vt 0.388729 0.003746
vt 0.388740 0.001946
vt 0.621310 0.001948
vt 0.620484 0.003746
vt 0.388752 -0.000000
vt 0.622205 -0.000000
vt 0.388752 1.000000
vt 0.388741 0.997661
vt 0.621371 0.997666
vt 0.622205 1.000000
vt 0.620484 0.995184
vt 0.375000 0.254816
vt 0.375858 0.253167
vt 0.375993 0.253303
vt 0.375000 0.254816
vt 0.376830 0.251812
vt 0.376929 0.251970
vt 0.377991 0.250788
vt 0.378057 0.250973
vt 0.379214 0.250000
vt 0.379214 0.250000
vt 0.370184 0.247351
vt 0.370735 0.248676
vt 0.361014 0.248676
vt 0.360507 0.247351
vt 0.371284 0.250000
vt 0.361518 0.250000
vt 0.375000 0.253716
vt 0.375002 0.254267
vt 0.375002 0.263988
vt 0.375000 0.263482
vt 0.375000 0.264493
vt 0.379179 0.249643
vt 0.381572 0.249605
vt 0.381462 0.250000
vt 0.379096 0.249011
vt 0.381796 0.248929
vt 0.379093 0.248215
vt 0.382061 0.248083
vt 0.379214 0.247351
vt 0.382330 0.247151
vt 0.382626 0.250772
vt 0.382487 0.250965
vt 0.381322 0.250000
vt 0.383763 0.251799
vt 0.383619 0.251962
vt 0.384787 0.253151
vt 0.384541 0.253302
vt 0.385535 0.254726
vt 0.385535 0.254816
vt 0.389968 0.254726
vt 0.389696 0.252373
vt 0.620499 0.252422
vt 0.620484 0.254816
vt 0.389369 0.250150
vt 0.620503 0.250172
vt 0.389039 0.248120
vt 0.620495 0.248135
vt 0.388759 0.246220
vt 0.620484 0.246254
vt 0.386569 0.254716
vt 0.386569 0.264402
vt 0.385535 0.264411
vt 0.387647 0.254710
vt 0.387646 0.264398
vt 0.388789 0.254713
vt 0.388787 0.264401
vt 0.389965 0.264414
vt 0.379214 0.500000
vt 0.377991 0.499212
vt 0.378054 0.499031
vt 0.379214 0.500000
vt 0.376830 0.498189
vt 0.376927 0.498030
vt 0.375858 0.496833
vt 0.375999 0.496693
vt 0.375000 0.495184
vt 0.375000 0.495184
vt 0.379214 0.502646
vt 0.379103 0.501782
vt 0.382061 0.501912
vt 0.382330 0.502849
vt 0.379102 0.500988
vt 0.381797 0.501068
vt 0.379178 0.500359
vt 0.381584 0.500400
vt 0.381462 0.500000
vt 0.129816 0.152137
vt 0.127365 0.151869
vt 0.127365 0.144333
vt 0.129816 0.144623
vt 0.125000 0.151595
vt 0.125000 0.144038
vt 0.375000 0.598405
vt 0.377151 0.598121
vt 0.377151 0.605656
vt 0.375000 0.605962
vt 0.379214 0.597862
vt 0.379214 0.605376
vt 0.385535 0.495274
vt 0.384784 0.496851
vt 0.384552 0.496704
vt 0.385535 0.495184
vt 0.383770 0.498195
vt 0.383619 0.498039
vt 0.382628 0.499224
vt 0.382485 0.499033
vt 0.381322 0.500000
vt 0.388623 0.503621
vt 0.388912 0.501798
vt 0.620495 0.501858
vt 0.620484 0.503746
vt 0.389255 0.499834
vt 0.620503 0.499819
vt 0.389598 0.497668
vt 0.620499 0.497575
vt 0.389884 0.495363
vt 0.620484 0.495184
vt 0.382418 0.597985
vt 0.383979 0.598096
vt 0.383985 0.605598
vt 0.382425 0.605493
vt 0.385535 0.598253
vt 0.385540 0.605748
vt 0.387096 0.598395
vt 0.387101 0.605882
vt 0.388664 0.598456
vt 0.388668 0.605939
vt 0.379214 0.754820
vt 0.378916 0.752220
vt 0.382498 0.752372
vt 0.382555 0.754820
vt 0.378840 0.750046
vt 0.382478 0.750117
vt 0.378988 0.748126
vt 0.382512 0.748108
vt 0.379214 0.746254
vt 0.382556 0.746254
vt 0.388729 0.754816
vt 0.388730 0.752433
vt 0.620499 0.752426
vt 0.620484 0.754816
vt 0.388730 0.750185
vt 0.620503 0.750179
vt 0.388730 0.748141
vt 0.620496 0.748140
vt 0.388729 0.746254
vt 0.620484 0.746254
vt 0.629816 0.003746
vt 0.628896 0.001906
vt 0.638647 0.001906
vt 0.639493 0.003746
vt 0.627944 -0.000000
vt 0.637772 -0.000000
vt 0.625000 0.997056
vt 0.622776 0.996134
vt 0.622775 0.986381
vt 0.625000 0.987228
vt 0.620484 0.985507
vt 0.620484 0.143988
vt 0.622667 0.143990
vt 0.622667 0.151471
vt 0.620484 0.151469
vt 0.624939 0.143991
vt 0.624939 0.151472
vt 0.627334 0.143990
vt 0.627334 0.151471
vt 0.629816 0.143988
vt 0.629816 0.151469
vt 0.622775 0.253865
vt 0.622775 0.263619
vt 0.620484 0.264493
vt 0.625000 0.252944
vt 0.625000 0.262772
vt 0.627944 0.250000
vt 0.628896 0.248094
vt 0.638647 0.248094
vt 0.637772 0.250000
vt 0.629816 0.246254
vt 0.639493 0.246254
vt 0.620484 0.598531
vt 0.622696 0.598385
vt 0.622696 0.605907
vt 0.620484 0.606011
vt 0.625000 0.598233
vt 0.625000 0.605798
vt 0.875000 0.151767
vt 0.872635 0.151620
vt 0.872635 0.144097
vt 0.875000 0.144202
vt 0.870184 0.151469
vt 0.870184 0.143988
vt 0.375990 0.254813
vt 0.375990 0.264491
vt 0.375000 0.264493
vt 0.377015 0.254811
vt 0.377015 0.264488
vt 0.378096 0.254814
vt 0.378096 0.264491
vt 0.379214 0.254820
vt 0.379214 0.264497
vt 0.379209 0.253052
vt 0.381335 0.253044
vt 0.381321 0.254820
vt 0.379105 0.251637
vt 0.381419 0.251638
vt 0.379225 0.250852
vt 0.381298 0.250857
vt 0.382436 0.254819
vt 0.382436 0.264496
vt 0.381321 0.264497
vt 0.383518 0.254817
vt 0.383518 0.264494
vt 0.384545 0.254818
vt 0.384545 0.264495
vt 0.385535 0.264493
vt 0.381322 0.495184
vt 0.381322 0.496951
vt 0.379196 0.496957
vt 0.379214 0.495184
vt 0.381424 0.498365
vt 0.379109 0.498363
vt 0.381307 0.499150
vt 0.379233 0.499143
vt 0.639493 0.143988
vt 0.639493 0.151469
vt 0.360507 0.144623
vt 0.360507 0.152137
vt 0.389968 0.254726
vt 0.620484 0.254816
vt 0.620484 0.264493
vt 0.389965 0.264414
vt 0.372585 0.003735
vt 0.372916 0.002022
vt 0.373501 0.000000
vt 0.375000 0.998501
vt 0.376892 0.998025
vt 0.376583 1.000000
vt 0.376583 -0.000000
vt 0.376987 0.002098
vt 0.377100 0.003739
vt 0.374900 0.003732
vt 0.374982 0.002146
vt 0.375000 0.000000
vt 0.375000 1.000000
vt 0.387185 0.003741
vt 0.387159 0.001945
vt 0.385637 0.003740
vt 0.385568 0.001945
vt 0.384096 0.003743
vt 0.383938 0.001947
vt 0.383774 0.000000
vt 0.383774 1.000000
vt 0.383923 0.997671
vt 0.385558 0.997667
vt 0.387155 0.997665
vt 0.387144 1.000000
vt 0.387144 -0.000000
vt 0.385535 0.000000
vt 0.385535 1.000000
vt 0.377659 0.250177
vt 0.376162 0.251060
vt 0.375483 0.252545
vt 0.375000 0.251827
vt 0.373173 0.250000
vt 0.372891 0.248688
vt 0.372585 0.247390
vt 0.374906 0.247403
vt 0.374998 0.248648
vt 0.377105 0.247388
vt 0.377153 0.248399
vt 0.377286 0.249369
vt 0.375000 0.250000
vt 0.385644 0.252636
vt 0.384521 0.250998
vt 0.383113 0.250160
vt 0.383667 0.249325
vt 0.383802 0.248213
vt 0.383940 0.246947
vt 0.385530 0.246636
vt 0.385492 0.248375
vt 0.387134 0.246348
vt 0.387208 0.248242
vt 0.387363 0.250041
vt 0.388056 0.252166
vt 0.386673 0.252185
vt 0.385535 0.250000
vt 0.375002 0.495733
vt 0.375481 0.497455
vt 0.376163 0.498940
vt 0.377662 0.499823
vt 0.377293 0.500632
vt 0.377172 0.501605
vt 0.377152 0.502638
vt 0.375000 0.502653
vt 0.375000 0.501326
vt 0.125000 0.248674
vt 0.125000 0.247347
vt 0.127365 0.247362
vt 0.127093 0.248683
vt 0.129816 0.247351
vt 0.129265 0.248676
vt 0.128716 0.250000
vt 0.126827 0.250000
vt 0.375000 0.498173
vt 0.375000 0.496284
vt 0.375000 0.500000
vt 0.125000 0.250000
vt 0.383112 0.499837
vt 0.384514 0.499008
vt 0.385646 0.497365
vt 0.386560 0.495305
vt 0.387623 0.495335
vt 0.386649 0.497818
vt 0.388738 0.495356
vt 0.387999 0.497860
vt 0.387313 0.499952
vt 0.387132 0.501709
vt 0.387038 0.503517
vt 0.385467 0.503284
vt 0.385456 0.501589
vt 0.383903 0.503026
vt 0.383787 0.501774
vt 0.383667 0.500676
vt 0.385535 0.500000
vt 0.377077 0.753868
vt 0.377084 0.751981
vt 0.375000 0.752944
vt 0.375000 0.751499
vt 0.126499 -0.000000
vt 0.127944 -0.000000
vt 0.128896 0.001905
vt 0.127062 0.001674
vt 0.129816 0.003746
vt 0.127365 0.003044
vt 0.125000 0.002365
vt 0.125000 0.001243
vt 0.375000 0.748757
vt 0.375000 0.747635
vt 0.377149 0.746931
vt 0.377222 0.748289
vt 0.377225 0.750001
vt 0.375000 0.750000
vt 0.125000 0.000000
vt 0.387185 0.754808
vt 0.387166 0.752398
vt 0.385641 0.754807
vt 0.385601 0.752365
vt 0.384098 0.754810
vt 0.384055 0.752375
vt 0.384029 0.750092
vt 0.384061 0.748098
vt 0.384098 0.746261
vt 0.385639 0.746263
vt 0.385602 0.748082
vt 0.387187 0.746261
vt 0.387167 0.748112
vt 0.387148 0.750120
vt 0.385535 0.750000
vt 0.622669 0.003735
vt 0.622941 0.002087
vt 0.623554 0.000000
vt 0.623554 1.000000
vt 0.623076 0.997982
vt 0.625000 0.998501
vt 0.626499 -0.000000
vt 0.627045 0.002021
vt 0.627335 0.003733
vt 0.624942 0.003729
vt 0.624945 0.002143
vt 0.625000 0.000000
vt 0.625000 1.000000
vt 0.622650 0.252038
vt 0.622429 0.249991
vt 0.622490 0.247930
vt 0.622666 0.246265
vt 0.624937 0.246271
vt 0.624864 0.247859
vt 0.627334 0.246267
vt 0.627035 0.247980
vt 0.626499 0.250000
vt 0.625000 0.251499
vt 0.625000 0.250000
vt 0.622696 0.503076
vt 0.622524 0.501698
vt 0.622436 0.499935
vt 0.622650 0.497947
vt 0.622775 0.496134
vt 0.625000 0.497056
vt 0.625000 0.498501
vt 0.873501 0.250000
vt 0.872056 0.250000
vt 0.871104 0.248095
vt 0.872938 0.248323
vt 0.870184 0.246254
vt 0.872635 0.246949
vt 0.875000 0.247621
vt 0.875000 0.248750
vt 0.625000 0.501250
vt 0.625000 0.502379
vt 0.625000 0.500000
vt 0.875000 0.250000
vt 0.622773 0.753866
vt 0.622651 0.752051
vt 0.622437 0.750074
vt 0.622524 0.748302
vt 0.622697 0.746924
vt 0.625000 0.747621
vt 0.625000 0.748750
vt 0.875000 0.001250
vt 0.875000 0.002379
vt 0.872635 0.003051
vt 0.872934 0.001674
vt 0.870184 0.003746
vt 0.871104 0.001905
vt 0.872056 -0.000000
vt 0.873501 0.000000
vt 0.625000 0.751499
vt 0.625000 0.752944
vt 0.625000 0.750000
vt 0.875000 0.000000
vt 0.377770 0.252943
vt 0.376527 0.252963
vt 0.376070 0.253087
vt 0.376384 0.251398
vt 0.377865 0.251019
vt 0.377566 0.251303
vt 0.375000 0.250000
vt 0.384470 0.253086
vt 0.384015 0.252965
vt 0.382765 0.252943
vt 0.382970 0.251303
vt 0.382668 0.251020
vt 0.384146 0.251398
vt 0.385535 0.250000
vt 0.382671 0.498985
vt 0.382965 0.498697
vt 0.382763 0.497057
vt 0.382437 0.495184
vt 0.383519 0.495185
vt 0.384008 0.497035
vt 0.384545 0.495183
vt 0.384470 0.496914
vt 0.384157 0.498606
vt 0.385535 0.500000
vt 0.375990 0.495188
vt 0.376068 0.496914
vt 0.377015 0.495191
vt 0.376519 0.497040
vt 0.378097 0.495189
vt 0.377768 0.497061
vt 0.377561 0.498699
vt 0.377868 0.498978
vt 0.376395 0.498599
vt 0.375000 0.500000
vt 0.620484 0.239698
vt 0.622666 0.239708
vt 0.388758 0.239664
vt 0.387135 0.239789
vt 0.385533 0.240069
vt 0.383944 0.240372
vt 0.382336 0.240570
vt 0.379214 0.240765
vt 0.377104 0.240801
vt 0.374906 0.240815
vt 0.372585 0.240803
vt 0.370184 0.240765
vt 0.360507 0.240765
vt 0.127365 0.240757
vt 0.129816 0.240765
vt 0.125000 0.240724
vt 0.377152 0.509243
vt 0.375000 0.509276
vt 0.379214 0.509233
vt 0.382336 0.509430
vt 0.383908 0.509603
vt 0.385472 0.509853
vt 0.387042 0.510080
vt 0.388626 0.510181
vt 0.620484 0.510302
vt 0.622696 0.509669
vt 0.625000 0.509010
vt 0.872635 0.240355
vt 0.875000 0.240990
vt 0.870184 0.239698
vt 0.629816 0.239698
vt 0.639493 0.239698
vt 0.627334 0.239709
vt 0.624937 0.239714
vt 0.620484 0.254816
vt 0.389968 0.254726
vt 0.620484 0.264493
vt 0.389884 0.495363
vt 0.620484 0.495184
vt 0.389965 0.264414
vt 0.389884 0.495363
vt 0.620484 0.495184
vt 0.624938 0.210190
vt 0.627334 0.210187
vt 0.622666 0.210186
vt 0.620484 0.210178
vt 0.388754 0.210149
vt 0.387141 0.210257
vt 0.385546 0.210502
vt 0.383963 0.210768
vt 0.382364 0.210942
vt 0.379214 0.211113
vt 0.377104 0.211142
vt 0.374905 0.211154
vt 0.372585 0.211144
vt 0.370184 0.211112
vt 0.360507 0.211112
vt 0.127365 0.211017
vt 0.129816 0.211112
vt 0.125000 0.210903
vt 0.377152 0.538980
vt 0.375000 0.539097
vt 0.379214 0.538886
vt 0.382364 0.539059
vt 0.383932 0.539211
vt 0.385493 0.539430
vt 0.387060 0.539628
vt 0.388639 0.539716
vt 0.620484 0.539822
vt 0.622696 0.539351
vt 0.625000 0.538862
vt 0.872635 0.210666
vt 0.875000 0.211138
vt 0.870184 0.210178
vt 0.629816 0.210178
vt 0.639493 0.210178
vt 0.385535 0.486877
vt 0.384545 0.486875
vt 0.383519 0.486877
vt 0.382437 0.486877
vt 0.381322 0.486877
vt 0.379214 0.486877
vt 0.378097 0.486881
vt 0.377015 0.486883
vt 0.375990 0.486880
vt 0.375000 0.486877
vt 0.375000 0.486877
vt 0.375002 0.487388
vt 0.375000 0.487900
vt 0.137100 0.250000
vt 0.137611 0.248676
vt 0.138123 0.247351
vt 0.138123 0.240765
vt 0.138123 0.211112
vt 0.138123 0.144623
vt 0.138123 0.152137
vt 0.138123 0.003746
vt 0.137267 0.001905
vt 0.136381 -0.000000
vt 0.375000 0.761381
vt 0.377077 0.762241
vt 0.379214 0.763127
vt 0.382555 0.763127
vt 0.384098 0.763118
vt 0.385641 0.763115
vt 0.387185 0.763117
vt 0.388729 0.763123
vt 0.620484 0.763123
vt 0.622773 0.762239
vt 0.625000 0.761381
vt 0.863619 -0.000000
vt 0.862733 0.001905
vt 0.861877 0.003746
vt 0.861877 0.210178
vt 0.861877 0.239698
vt 0.861877 0.246254
vt 0.862733 0.248095
vt 0.863619 0.250000
vt 0.625000 0.488619
vt 0.622775 0.487761
vt 0.620484 0.486877
vt 0.620484 0.486877
vt 0.620484 0.486877
vt 0.389887 0.487046
vt 0.389887 0.487046
vt 0.389887 0.487046
vt 0.388740 0.487039
vt 0.387624 0.487018
vt 0.386560 0.486989
vt 0.385535 0.486960
vt 0.861877 0.151469
vt 0.861877 0.143988
vt 0.872635 0.010634
vt 0.870184 0.011285
vt 0.875000 0.010004
vt 0.622697 0.739343
vt 0.625000 0.739996
vt 0.620484 0.738715
vt 0.388726 0.738711
vt 0.387182 0.738714
vt 0.385634 0.738709
vt 0.384092 0.738698
vt 0.382549 0.738687
vt 0.379214 0.738680
vt 0.377149 0.739336
vt 0.375000 0.740018
vt 0.127365 0.010640
vt 0.125000 0.009982
vt 0.129816 0.011320
vt 0.138123 0.011320
vt 0.360507 0.011320
vt 0.370184 0.011320
vt 0.372585 0.011310
vt 0.374900 0.011308
vt 0.377100 0.011314
vt 0.379214 0.011324
vt 0.382548 0.011318
vt 0.384091 0.011305
vt 0.385634 0.011292
vt 0.387184 0.011284
vt 0.388730 0.011284
vt 0.620484 0.011285
vt 0.622669 0.011276
vt 0.624942 0.011270
vt 0.627335 0.011274
vt 0.629816 0.011285
vt 0.639493 0.011285
vt 0.861877 0.011285
vt 0.639493 0.143988
vt 0.639493 0.151469
vt 0.861877 0.011285
vt 0.639493 0.011285
vt 0.861877 0.151469
vt 0.861877 0.143988
vt 0.639493 0.210178
vt 0.861877 0.210178
vt 0.360507 0.071064
vt 0.138123 0.071064
vt 0.370184 0.071064
vt 0.372585 0.071067
vt 0.374901 0.071068
vt 0.377101 0.071069
vt 0.379214 0.071067
vt 0.382493 0.071011
vt 0.384053 0.070950
vt 0.385608 0.070862
vt 0.387171 0.070783
vt 0.388737 0.070751
vt 0.620484 0.070761
vt 0.622668 0.070756
vt 0.624941 0.070753
vt 0.627335 0.070755
vt 0.629816 0.070761
vt 0.639493 0.070761
vt 0.639493 0.070761
vt 0.861877 0.070761
vt 0.861877 0.070761
vt 0.870184 0.070761
vt 0.872635 0.070450
vt 0.875000 0.070149
vt 0.622697 0.679539
vt 0.625000 0.679851
vt 0.620484 0.679239
vt 0.388700 0.679205
vt 0.387146 0.679181
vt 0.385592 0.679118
vt 0.384044 0.679045
vt 0.382494 0.678992
vt 0.379214 0.678936
vt 0.377150 0.679423
vt 0.375000 0.679936
vt 0.127365 0.070559
vt 0.125000 0.070064
vt 0.129816 0.071064
vt 0.639493 0.077865
vt 0.861877 0.077865
vt 0.639493 0.077865
vt 0.629816 0.077865
vt 0.627335 0.077861
vt 0.624941 0.077859
vt 0.622668 0.077861
vt 0.620484 0.077865
vt 0.388738 0.077855
vt 0.387169 0.077891
vt 0.385605 0.077978
vt 0.384048 0.078075
vt 0.382486 0.078142
vt 0.379214 0.078204
vt 0.377101 0.078207
vt 0.374901 0.078207
vt 0.372585 0.078205
vt 0.370184 0.078201
vt 0.360507 0.078201
vt 0.138123 0.078201
vt 0.129816 0.078201
vt 0.127365 0.077716
vt 0.125000 0.077241
vt 0.377150 0.672266
vt 0.375000 0.672759
vt 0.379214 0.671799
vt 0.382487 0.671861
vt 0.384038 0.671919
vt 0.385587 0.672000
vt 0.387141 0.672069
vt 0.388696 0.672097
vt 0.620484 0.672135
vt 0.622697 0.672395
vt 0.625000 0.672666
vt 0.872635 0.077595
vt 0.875000 0.077334
vt 0.870184 0.077865
vt 0.861877 0.077865
vt 0.641469 0.145765
vt 0.639493 0.143988
vt 0.861877 0.143988
vt 0.859902 0.145764
vt 0.641469 0.149693
vt 0.639493 0.151469
vt 0.859902 0.149693
vt 0.861877 0.151469
vt 0.861877 0.077865
vt 0.859902 0.076089
vt 0.859902 0.072537
vt 0.861877 0.070761
vt 0.639493 0.077865
vt 0.641468 0.076089
vt 0.639493 0.070761
vt 0.641468 0.072537
vt 0.389079 0.995627
vt 0.375000 0.997315
vt 0.375000 0.752685
vt 0.389079 0.754372
vt 0.372315 0.000000
vt 0.370627 0.024997
vt 0.129373 0.024997
vt 0.127685 0.000000
vt 0.389079 0.024997
vt 0.383924 0.000000
vt 0.616076 0.000000
vt 0.610921 0.024997
vt 0.383924 1.000000
vt 0.610921 0.995627
vt 0.616076 1.000000
vt 0.379397 0.024216
vt 0.379397 0.225784
vt 0.370627 0.225003
vt 0.389079 0.225003
vt 0.629373 0.024997
vt 0.627685 0.000000
vt 0.872315 0.000000
vt 0.870627 0.024997
vt 0.625000 0.997315
vt 0.610922 0.754372
vt 0.625000 0.752685
vt 0.620603 0.024216
vt 0.620603 0.225784
vt 0.610921 0.225003
vt 0.629373 0.225003
vt 0.372315 0.250000
vt 0.127685 0.250000
vt 0.129373 0.225003
vt 0.375000 0.252685
vt 0.389079 0.254372
vt 0.389079 0.495627
vt 0.375000 0.497315
vt 0.388835 0.240219
vt 0.611165 0.240219
vt 0.610922 0.254372
vt 0.625000 0.252685
vt 0.625000 0.497315
vt 0.610921 0.495627
vt 0.627685 0.250000
vt 0.870628 0.225003
vt 0.872315 0.250000
vt 0.125000 0.233563
vt 0.125000 0.016437
vt 0.375000 0.516437
vt 0.389079 0.524997
vt 0.389079 0.725003
vt 0.375000 0.733563
vt 0.388835 0.509781
vt 0.611165 0.509781
vt 0.610921 0.524997
vt 0.625000 0.516437
vt 0.625000 0.733563
vt 0.610921 0.725003
vt 0.875000 0.233563
vt 0.875000 0.016437
vt 0.388835 0.740219
vt 0.611165 0.740219
vt 0.375000 0.000000
vt 0.375000 1.000000
vt 0.625000 1.000000
vt 0.625000 0.000000
vt 0.375000 0.250000
vt 0.625000 0.250000
vt 0.375000 0.500000
vt 0.125000 0.250000
vt 0.875000 0.250000
vt 0.625000 0.500000
vt 0.375000 0.750000
vt 0.125000 0.000000
vt 0.875000 0.000000
vt 0.625000 0.750000
vn 0.958471 -0.285191 0.000025
vn 0.994026 -0.109145 -0.000000
vn 0.942813 -0.106036 -0.316008
vn 0.909758 -0.272390 -0.313278
vn 0.809054 -0.587734 0.000050
vn 0.770907 -0.560053 -0.303387
vn 0.587827 -0.808987 0.000025
vn 0.560061 -0.770896 -0.303399
vn 0.309019 -0.951056 -0.000006
vn 0.294420 -0.906238 -0.303396
vn -0.000001 -1.000000 -0.000013
vn -0.000003 -0.952865 -0.303394
vn -0.308994 -0.951064 0.000008
vn -0.294437 -0.906226 -0.303416
vn -0.587809 -0.809000 0.000011
vn -0.560029 -0.770911 -0.303421
vn -0.809019 -0.587782 -0.000003
vn -0.770870 -0.560096 -0.303401
vn -0.928783 -0.370623 -0.000003
vn -0.883909 -0.354153 -0.305418
vn -0.979511 -0.201388 -0.000009
vn -0.930528 -0.196103 -0.309291
vn 0.797030 -0.095689 -0.596311
vn 0.770751 -0.234779 -0.592301
vn 0.659590 -0.479261 -0.579008
vn 0.479200 -0.659666 -0.578972
vn 0.251968 -0.775473 -0.578925
vn 0.000001 -0.815381 -0.578924
vn -0.251985 -0.775469 -0.578923
vn -0.479263 -0.659663 -0.578923
vn -0.659630 -0.479284 -0.578944
vn -0.753894 -0.306166 -0.581297
vn -0.789610 -0.179256 -0.586842
vn 0.577344 -0.075674 -0.812987
vn 0.560021 -0.174539 -0.809884
vn 0.484801 -0.352236 -0.800561
vn 0.352204 -0.484831 -0.800557
vn 0.185189 -0.569922 -0.800558
vn -0.000001 -0.599247 -0.800564
vn -0.185222 -0.569910 -0.800559
vn -0.352225 -0.484797 -0.800569
vn -0.484804 -0.352217 -0.800568
vn -0.551708 -0.230442 -0.801570
vn -0.572917 -0.149347 -0.805892
vn 0.309049 -0.044106 -0.950023
vn 0.300477 -0.095702 -0.948976
vn 0.262194 -0.190439 -0.946038
vn 0.190476 -0.262127 -0.946049
vn 0.100122 -0.308140 -0.946058
vn -0.000017 -0.324000 -0.946057
vn -0.100127 -0.308146 -0.946055
vn -0.190481 -0.262121 -0.946050
vn -0.262223 -0.190451 -0.946027
vn -0.296531 -0.133543 -0.945640
vn -0.303105 -0.106398 -0.946999
vn 0.015765 -0.001170 -0.999875
vn 0.015052 -0.004124 -0.999878
vn 0.012601 -0.009119 -0.999879
vn 0.009167 -0.012553 -0.999879
vn 0.004781 -0.014756 -0.999880
vn -0.000010 -0.015517 -0.999880
vn -0.004778 -0.014757 -0.999880
vn -0.009129 -0.012557 -0.999880
vn -0.012576 -0.009121 -0.999879
vn -0.011299 -0.024089 -0.999646
vn -0.004824 -0.052857 -0.998591
vn -0.280752 0.049895 -0.958483
vn -0.273122 0.092146 -0.957556
vn -0.239457 0.173978 -0.955192
vn -0.174011 0.239448 -0.955189
vn -0.091465 0.281479 -0.955198
vn -0.000011 0.295971 -0.955197
vn 0.091442 0.281479 -0.955200
vn 0.173976 0.239431 -0.955199
vn 0.239443 0.173962 -0.955199
vn 0.277313 0.087450 -0.956792
vn 0.295518 0.006163 -0.955317
vn -0.556215 0.102668 -0.824673
vn -0.538963 0.183076 -0.822194
vn -0.468411 0.340324 -0.815335
vn -0.340335 0.468411 -0.815331
vn -0.178919 0.550651 -0.815335
vn -0.000004 0.578987 -0.815337
vn 0.178884 0.550652 -0.815342
vn 0.340304 0.468410 -0.815344
vn 0.468418 0.340308 -0.815337
vn 0.541412 0.189787 -0.819057
vn 0.570670 0.063646 -0.818709
vn -0.781780 0.148766 -0.605548
vn -0.755170 0.257911 -0.602661
vn -0.650950 0.472938 -0.593795
vn -0.472952 0.650948 -0.593787
vn -0.248645 0.765253 -0.593771
vn 0.000004 0.804633 -0.593773
vn 0.248624 0.765262 -0.593768
vn 0.472939 0.650979 -0.593763
vn 0.650999 0.472939 -0.593742
vn 0.753766 0.272075 -0.598173
vn 0.792888 0.111901 -0.599005
vn -0.929950 0.180124 -0.320543
vn -0.896706 0.307131 -0.318731
vn -0.768488 0.558331 -0.312559
vn -0.558323 0.768494 -0.312558
vn -0.293526 0.903405 -0.312573
vn 0.000002 0.949888 -0.312591
vn 0.293512 0.903404 -0.312590
vn 0.558317 0.768491 -0.312577
vn 0.768504 0.558325 -0.312529
vn 0.891374 0.325412 -0.315530
vn 0.937591 0.144057 -0.316497
vn -0.981556 0.191175 0.000038
vn -0.945961 0.324281 0.000019
vn -0.809008 0.587798 -0.000001
vn -0.587779 0.809022 0.000000
vn -0.309016 0.951057 -0.000001
vn -0.000004 1.000000 -0.000006
vn 0.309013 0.951058 -0.000022
vn 0.587796 0.809009 -0.000033
vn 0.809021 0.587780 -0.000021
vn 0.939021 0.343858 -0.000006
vn 0.987865 0.155316 -0.000003
vn -0.929945 0.180088 0.320580
vn -0.896687 0.307120 0.318794
vn -0.768459 0.558330 0.312631
vn -0.558337 0.768465 0.312604
vn -0.293545 0.903385 0.312612
vn -0.000006 0.949875 0.312630
vn 0.293530 0.903384 0.312630
vn 0.558349 0.768453 0.312612
vn 0.768493 0.558321 0.312565
vn 0.891372 0.325397 0.315553
vn 0.937604 0.144009 0.316482
vn -0.781788 0.148772 0.605537
vn -0.755170 0.257919 0.602657
vn -0.650953 0.472935 0.593794
vn -0.472962 0.650941 0.593787
vn -0.248648 0.765247 0.593777
vn -0.000004 0.804622 0.593788
vn 0.248623 0.765246 0.593789
vn 0.472971 0.650947 0.593773
vn 0.651002 0.472934 0.593742
vn 0.753753 0.272090 0.598184
vn 0.792878 0.111869 0.599024
vn -0.556207 0.102677 0.824676
vn -0.539022 0.183090 0.822152
vn -0.468523 0.340343 0.815262
vn -0.340375 0.468447 0.815293
vn -0.178941 0.550698 0.815298
vn -0.000010 0.579040 0.815299
vn 0.178929 0.550695 0.815303
vn 0.340372 0.468437 0.815300
vn 0.468481 0.340332 0.815291
vn 0.541465 0.189812 0.819016
vn 0.570746 0.063645 0.818656
vn -0.280839 0.049901 0.958457
vn -0.273187 0.092162 0.957536
vn -0.239478 0.174003 0.955182
vn -0.174000 0.239466 0.955186
vn -0.091477 0.281504 0.955190
vn -0.000015 0.295999 0.955188
vn 0.091489 0.281501 0.955190
vn 0.174005 0.239440 0.955191
vn 0.239440 0.173983 0.955195
vn 0.277340 0.087475 0.956782
vn 0.295608 0.006163 0.955290
vn 0.015740 -0.001168 0.999875
vn 0.015035 -0.004102 0.999879
vn 0.012567 -0.009076 0.999880
vn 0.009102 -0.012503 0.999880
vn 0.004759 -0.014698 0.999881
vn -0.000012 -0.015457 0.999881
vn -0.004772 -0.014701 0.999881
vn -0.009098 -0.012509 0.999880
vn -0.012549 -0.009077 0.999880
vn -0.011333 -0.024081 0.999646
vn -0.004967 -0.052904 0.998587
vn 0.309137 -0.044114 0.949994
vn 0.300456 -0.095712 0.948981
vn 0.262105 -0.190423 0.946065
vn 0.190413 -0.262092 0.946071
vn 0.100088 -0.308103 0.946073
vn 0.000005 -0.323958 0.946072
vn -0.100121 -0.308109 0.946068
vn -0.190463 -0.262091 0.946062
vn -0.262105 -0.190430 0.946064
vn -0.296475 -0.133566 0.945655
vn -0.303301 -0.106488 0.946926
vn 0.577392 -0.075687 0.812951
vn 0.560066 -0.174548 0.809852
vn 0.484876 -0.352223 0.800521
vn 0.352250 -0.484832 0.800536
vn 0.185173 -0.569952 0.800541
vn 0.000001 -0.599272 0.800546
vn -0.185197 -0.569938 0.800545
vn -0.352218 -0.484827 0.800553
vn -0.484815 -0.352225 0.800557
vn -0.551717 -0.230483 0.801552
vn -0.572942 -0.149453 0.805855
vn 0.797007 -0.095719 0.596337
vn 0.770750 -0.234768 0.592308
vn 0.659630 -0.479228 0.578990
vn 0.479218 -0.659633 0.578994
vn 0.251942 -0.775437 0.578985
vn -0.000006 -0.815338 0.578986
vn -0.251958 -0.775441 0.578972
vn -0.479244 -0.659646 0.578958
vn -0.659618 -0.479267 0.578971
vn -0.753895 -0.306151 0.581304
vn -0.789640 -0.179272 0.586797
vn 0.942773 -0.106080 0.316110
vn 0.909724 -0.272434 0.313341
vn 0.770885 -0.560077 0.303397
vn 0.560074 -0.770890 0.303391
vn 0.294445 -0.906233 0.303387
vn -0.000004 -0.952866 0.303391
vn -0.294474 -0.906215 0.303414
vn -0.560080 -0.770881 0.303403
vn -0.770868 -0.560091 0.303414
vn -0.883874 -0.354180 0.305490
vn -0.930512 -0.196064 0.309364
vn 0.000000 0.000000 0.000000
vn 0.000000 0.000000 0.000000
vn 0.000000 0.000000 0.000000
vn 0.000000 0.000000 0.000000
vn 0.000000 0.000000 0.000000
vn 0.000000 0.000000 0.000000
vn 0.000000 0.000000 0.000000
vn 0.000000 0.000000 0.000000
vn 0.000000 0.000000 0.000000
vn 0.000000 0.000000 0.000000
vn 0.000000 0.000000 0.000000
vn 0.000000 0.000000 0.000000
vn 0.000000 0.000000 0.000000
vn 0.000000 0.000000 0.000000
vn 0.000000 0.000000 0.000000
vn 0.000000 0.000000 0.000000
vn 0.000000 0.000000 0.000000
vn 0.000000 0.000000 0.000000
vn 0.000000 0.000000 0.000000
vn 0.000000 0.000000 0.000000
vn 0.000000 0.000000 0.000000
vn 0.000000 0.000000 0.000000
vn 0.000000 0.000000 0.000000
vn 0.000000 0.000000 0.000000
vn 0.000000 0.000000 0.000000
vn 0.000000 0.000000 0.000000
vn 0.000000 0.000000 0.000000
vn 0.000000 0.000000 0.000000
vn 0.000000 0.000000 0.000000
vn 0.000000 0.000000 0.000000
vn 0.000000 0.000000 0.000000
vn 0.000000 0.000000 0.000000
vn 0.000000 0.000000 0.000000
vn 0.000000 0.000000 0.000000
vn 0.000000 0.000000 0.000000
vn 0.000000 0.000000 0.000000
vn 0.000000 0.000000 0.000000
vn 0.000000 0.000000 0.000000
vn 0.000000 0.000000 0.000000
vn 0.000000 0.000000 0.000000
vn 0.000000 0.000000 0.000000
vn 0.000000 0.000000 0.000000
vn 0.000000 0.000000 0.000000
vn 0.000000 0.000000 0.000000
vn 0.000000 0.000000 0.000000
vn 0.000000 0.000000 0.000000
vn 0.000000 0.000000 0.000000
vn 0.000000 0.000000 0.000000
vn 0.000000 0.000000 0.000000
vn 0.000000 0.000000 0.000000
vn 0.000000 0.000000 0.000000
vn 0.000000 0.000000 0.000000
vn 0.000000 0.000000 0.000000
vn 0.000000 0.000000 0.000000
vn 0.000000 0.000000 0.000000
vn 0.000000 0.000000 0.000000
vn 0.000000 0.000000 0.000000
vn 0.000000 0.000000 0.000000
vn 0.000000 0.000000 0.000000
vn 0.000000 0.000000 0.000000
vn 0.000000 0.000000 0.000000
vn 0.000000 0.000000 0.000000
vn 0.000000 0.000000 0.000000
vn 0.000000 0.000000 0.000000
vn 0.000000 0.000000 0.000000
vn 0.000000 0.000000 0.000000
vn 0.000000 0.000000 0.000000
vn 0.000000 0.000000 0.000000
vn 0.000000 0.000000 0.000000
vn 0.000000 0.000000 0.000000
vn 0.000000 0.000000 0.000000
vn 0.000000 0.000000 0.000000
vn 0.000000 0.000000 0.000000
vn 0.000000 0.000000 0.000000
vn 0.000000 0.000000 0.000000
vn 0.000000 0.000000 0.000000
vn 0.000000 0.000000 0.000000
vn 0.000000 0.000000 0.000000
vn 0.000000 0.000000 0.000000
vn 0.000000 0.000000 0.000000
vn 0.943831 0.000000 -0.330428
vn 1.000000 0.000000 0.000000
vn 1.000000 0.000000 0.000000
vn 0.943831 0.000000 -0.330428
vn 0.788909 -0.000001 -0.614510
vn 0.788909 -0.000001 -0.614510
vn 0.567060 -0.000001 -0.823676
vn 0.567061 -0.000001 -0.823676
vn 0.309073 0.000001 -0.951038
vn 0.309073 0.000001 -0.951038
vn 0.033284 0.000002 -0.999446
vn 0.033284 0.000002 -0.999446
vn -0.249796 0.000002 -0.968299
vn -0.249796 0.000002 -0.968299
vn -0.526305 0.000002 -0.850296
vn -0.526305 0.000002 -0.850296
vn -0.768941 -0.000002 -0.639320
vn -0.768940 -0.000002 -0.639321
vn -0.938690 -0.000003 -0.344763
vn -0.938690 -0.000003 -0.344763
vn -1.000000 0.000000 0.000088
vn -1.000000 0.000000 0.000088
vn -0.938670 0.000000 0.344818
vn -0.938670 0.000000 0.344818
vn -0.768984 0.000000 0.639268
vn -0.768984 0.000000 0.639269
vn -0.526306 0.000000 0.850295
vn -0.526305 0.000000 0.850296
vn -0.249775 -0.000001 0.968304
vn -0.249775 -0.000001 0.968304
vn 0.033284 -0.000002 0.999446
vn 0.033284 -0.000002 0.999446
vn 0.309023 -0.000001 0.951055
vn 0.309022 -0.000001 0.951055
vn 0.567104 0.000000 0.823646
vn 0.567103 0.000000 0.823647
vn 0.788942 0.000000 0.614467
vn 0.788942 0.000000 0.614467
vn 0.943782 0.000000 0.330568
vn 0.943782 0.000000 0.330568
vn 0.309071 -0.000006 -0.951039
vn 0.567142 -0.000002 -0.823620
vn 0.567142 -0.000002 -0.823620
vn 0.309072 -0.000006 -0.951039
vn 0.033229 -0.000004 -0.999448
vn 0.033229 -0.000004 -0.999448
vn -0.249811 0.000000 -0.968295
vn -0.249811 0.000000 -0.968295
vn -0.526315 -0.000004 -0.850290
vn -0.526315 -0.000004 -0.850290
vn -0.768959 -0.000007 -0.639298
vn -0.768961 -0.000007 -0.639296
vn -0.938631 -0.000004 -0.344924
vn -0.938631 -0.000004 -0.344924
vn -1.000000 -0.000000 0.000000
vn -1.000000 -0.000000 0.000000
vn -0.938630 -0.000000 0.344925
vn -0.938631 -0.000000 0.344922
vn -0.768960 0.000000 0.639297
vn -0.768960 0.000000 0.639297
vn -0.526357 0.000000 0.850264
vn -0.526357 0.000000 0.850264
vn -0.249756 0.000000 0.968309
vn -0.249756 0.000000 0.968309
vn 0.033404 0.000004 0.999442
vn 0.033404 0.000004 0.999442
vn 0.308964 0.000004 0.951074
vn 0.308964 0.000004 0.951074
vn 0.567059 -0.000006 0.823677
vn 0.567060 -0.000006 0.823677
vn 0.788944 -0.000006 0.614465
vn 0.788945 -0.000006 0.614463
vn 0.943796 0.000000 0.330529
vn 0.943796 0.000000 0.330529
vn 1.000000 0.000000 0.000000
vn 1.000000 0.000000 0.000000
vn 0.943796 0.000000 -0.330529
vn 0.943796 0.000000 -0.330529
vn 0.788921 0.000000 -0.614494
vn 0.788921 0.000000 -0.614494
vn 0.033287 0.000000 -0.999446
vn 0.309010 0.000000 -0.951059
vn 0.309010 0.000000 -0.951059
vn 0.033287 0.000000 -0.999446
vn -0.249776 0.000000 -0.968304
vn -0.249776 0.000000 -0.968304
vn -0.526346 0.000000 -0.850270
vn -0.526346 0.000000 -0.850270
vn -0.768911 0.000000 -0.639356
vn -0.768911 0.000000 -0.639356
vn -0.938628 0.000000 -0.344931
vn -0.938628 0.000000 -0.344931
vn -1.000000 0.000000 0.000000
vn -1.000000 0.000000 0.000000
vn -0.938598 0.000000 0.345013
vn -0.938598 0.000000 0.345013
vn -0.768963 0.000000 0.639293
vn -0.768963 0.000000 0.639293
vn -0.526438 0.000000 0.850214
vn -0.526438 0.000000 0.850214
vn -0.249757 0.000000 0.968309
vn -0.249757 0.000000 0.968309
vn 0.033415 0.000000 0.999442
vn 0.033415 0.000000 0.999442
vn 0.309033 0.000000 0.951051
vn 0.309033 0.000000 0.951051
vn 0.566986 0.000000 0.823727
vn 0.566986 0.000000 0.823727
vn 0.788889 0.000000 0.614536
vn 0.788889 0.000000 0.614536
vn 0.943817 0.000000 0.330470
vn 0.943817 0.000000 0.330470
vn 1.000000 0.000000 -0.000000
vn 1.000000 0.000000 -0.000000
vn 0.943806 0.000000 -0.330499
vn 0.943806 0.000000 -0.330499
vn 0.788889 0.000000 -0.614536
vn 0.788889 0.000000 -0.614536
vn 0.567112 0.000000 -0.823640
vn 0.567112 0.000000 -0.823640
vn 0.256341 -0.027900 -0.966184
vn 0.257807 -0.027870 -0.965795
vn 0.536914 -0.019951 -0.843401
vn 0.535037 -0.020022 -0.844591
vn -0.032988 -0.030311 -0.998996
vn -0.031781 -0.030315 -0.999035
vn -0.315236 -0.025920 -0.948659
vn -0.313648 -0.025965 -0.949184
vn -0.576635 -0.015804 -0.816849
vn -0.574485 -0.015911 -0.818361
vn -0.796641 -0.003326 -0.604444
vn -0.794752 -0.003449 -0.606925
vn -0.946487 0.006954 -0.322668
vn -0.945779 0.006901 -0.324738
vn -0.999941 0.010914 0.000043
vn -0.999940 0.010914 0.000043
vn -0.946460 0.006921 0.322748
vn -0.945752 0.006869 0.324816
vn -0.796611 -0.003343 0.604482
vn -0.794735 -0.003466 0.606946
vn -0.576634 -0.015867 0.816849
vn -0.574490 -0.015975 0.818356
vn -0.315242 -0.025985 0.948656
vn -0.313663 -0.026030 0.949178
vn -0.033107 -0.030335 0.998991
vn -0.031899 -0.030339 0.999031
vn 0.256205 -0.027889 0.966220
vn 0.257676 -0.027860 0.965830
vn 0.535159 -0.020004 0.844515
vn 0.537037 -0.019933 0.843323
vn 0.775316 -0.009828 0.631497
vn 0.776906 -0.009750 0.629542
vn 0.940682 -0.001410 0.339286
vn 0.941263 -0.001379 0.337671
vn 0.999998 0.001848 0.000006
vn 0.999998 0.001848 0.000006
vn 0.940700 -0.001410 -0.339236
vn 0.941282 -0.001378 -0.337620
vn 0.775237 -0.009860 -0.631594
vn 0.776820 -0.009782 -0.629647
vn 0.318556 0.690885 -0.648999
vn 0.318556 0.690885 -0.648999
vn 0.318556 0.690885 -0.648999
vn 0.318556 0.690885 -0.648999
vn -0.435975 -0.149028 0.887534
vn -0.435975 -0.149028 0.887534
vn -0.435975 -0.149028 0.887534
vn -0.435975 -0.149028 0.887534
vn 0.126242 0.685907 -0.716655
vn 0.126242 0.685907 -0.716655
vn 0.126242 0.685907 -0.716655
vn 0.126242 0.685907 -0.716655
vn -0.171459 -0.147016 0.974160
vn -0.171459 -0.147016 0.974160
vn -0.171459 -0.147016 0.974160
vn -0.171459 -0.147016 0.974160
vn -0.077229 0.685842 -0.723641
vn -0.077229 0.685842 -0.723641
vn -0.077229 0.685842 -0.723641
vn -0.077229 0.685842 -0.723641
vn 0.104823 -0.146990 0.983568
vn 0.104823 -0.146990 0.983568
vn 0.104823 -0.146990 0.983568
vn 0.104823 -0.146990 0.983568
vn -0.280236 0.690913 -0.666414
vn -0.280236 0.690913 -0.666414
vn -0.280236 0.690913 -0.666414
vn -0.280236 0.690913 -0.666414
vn 0.383430 -0.149054 0.911463
vn 0.383430 -0.149054 0.911463
vn 0.383430 -0.149054 0.911463
vn 0.383430 -0.149054 0.911463
vn -0.466155 0.699559 -0.541588
vn -0.466155 0.699559 -0.541588
vn -0.466155 0.699559 -0.541588
vn -0.466155 0.699559 -0.541588
vn 0.644644 -0.152561 0.749106
vn 0.644644 -0.152561 0.749105
vn 0.644644 -0.152561 0.749105
vn 0.644644 -0.152561 0.749105
vn -0.610462 0.708189 -0.354689
vn -0.610462 0.708189 -0.354689
vn -0.610462 0.708189 -0.354689
vn -0.610462 0.708189 -0.354689
vn 0.854057 -0.156238 0.496162
vn 0.854057 -0.156238 0.496162
vn 0.854057 -0.156238 0.496162
vn 0.854057 -0.156238 0.496162
vn -0.689540 0.713625 -0.123583
vn -0.689541 0.713625 -0.123583
vn -0.689540 0.713625 -0.123583
vn -0.689540 0.713625 -0.123583
vn 0.971850 -0.158640 0.174187
vn 0.971850 -0.158640 0.174187
vn 0.971850 -0.158640 0.174187
vn 0.971850 -0.158640 0.174187
vn -0.689481 0.713675 0.123632
vn -0.689481 0.713675 0.123632
vn -0.689481 0.713675 0.123632
vn -0.689481 0.713675 0.123632
vn 0.971828 -0.158656 -0.174292
vn 0.971829 -0.158656 -0.174292
vn 0.971828 -0.158656 -0.174292
vn 0.971828 -0.158656 -0.174292
vn -0.610497 0.708176 0.354655
vn -0.610497 0.708176 0.354655
vn -0.610497 0.708176 0.354655
vn -0.610497 0.708176 0.354655
vn 0.854085 -0.156255 -0.496108
vn 0.854085 -0.156255 -0.496108
vn 0.854085 -0.156255 -0.496108
vn 0.854085 -0.156255 -0.496108
vn -0.466158 0.699455 0.541718
vn -0.466158 0.699455 0.541718
vn -0.466158 0.699455 0.541718
vn -0.466158 0.699455 0.541718
vn 0.644644 -0.152561 -0.749105
vn 0.644644 -0.152561 -0.749106
vn 0.644644 -0.152561 -0.749106
vn 0.644644 -0.152561 -0.749105
vn -0.280440 0.690872 0.666371
vn -0.280440 0.690872 0.666371
vn -0.280440 0.690872 0.666371
vn -0.280440 0.690872 0.666371
vn 0.383592 -0.149043 -0.911396
vn 0.383592 -0.149043 -0.911396
vn 0.383592 -0.149043 -0.911396
vn 0.383592 -0.149043 -0.911396
vn -0.077006 0.685834 0.723672
vn -0.077006 0.685834 0.723672
vn -0.077006 0.685834 0.723672
vn -0.077006 0.685834 0.723672
vn 0.104627 -0.147030 -0.983583
vn 0.104627 -0.147030 -0.983583
vn 0.104627 -0.147030 -0.983583
vn 0.104627 -0.147030 -0.983583
vn 0.126277 0.685759 0.716791
vn 0.126277 0.685759 0.716791
vn 0.126277 0.685759 0.716791
vn 0.126277 0.685759 0.716791
vn -0.171471 -0.147026 -0.974157
vn -0.171471 -0.147026 -0.974157
vn -0.171471 -0.147026 -0.974157
vn -0.171471 -0.147026 -0.974157
vn 0.318477 0.690846 0.649079
vn 0.318477 0.690846 0.649079
vn 0.318477 0.690846 0.649079
vn 0.318477 0.690846 0.649079
vn -0.435817 -0.149041 -0.887609
vn -0.435817 -0.149041 -0.887609
vn -0.435817 -0.149041 -0.887609
vn -0.435817 -0.149041 -0.887609
vn 0.488375 0.699524 0.521685
vn 0.488375 0.699524 0.521685
vn 0.488375 0.699524 0.521685
vn 0.488375 0.699524 0.521685
vn -0.675473 -0.152510 -0.721441
vn -0.675473 -0.152510 -0.721441
vn -0.675473 -0.152510 -0.721441
vn -0.675473 -0.152510 -0.721441
vn 0.618694 0.708334 0.339825
vn 0.618694 0.708334 0.339825
vn 0.618694 0.708334 0.339825
vn 0.618694 0.708334 0.339825
vn -0.865665 -0.156342 -0.475585
vn -0.865665 -0.156342 -0.475585
vn -0.865665 -0.156342 -0.475585
vn -0.865665 -0.156342 -0.475585
vn 0.689958 0.714127 0.118240
vn 0.689958 0.714127 0.118240
vn 0.689958 0.714127 0.118240
vn 0.689958 0.714127 0.118240
vn -0.973112 -0.158878 -0.166764
vn -0.973112 -0.158878 -0.166764
vn -0.973112 -0.158878 -0.166764
vn -0.973112 -0.158878 -0.166764
vn 0.689994 0.714098 -0.118206
vn 0.689994 0.714098 -0.118206
vn 0.689994 0.714098 -0.118206
vn 0.689994 0.714098 -0.118206
vn -0.973117 -0.158884 0.166730
vn -0.973117 -0.158884 0.166730
vn -0.973117 -0.158884 0.166730
vn -0.973117 -0.158884 0.166730
vn 0.618711 0.708312 -0.339840
vn 0.618711 0.708312 -0.339840
vn 0.618711 0.708312 -0.339840
vn 0.618711 0.708312 -0.339840
vn -0.865697 -0.156347 0.475526
vn -0.865697 -0.156347 0.475526
vn -0.865697 -0.156347 0.475526
vn -0.865697 -0.156347 0.475526
vn 0.488481 0.699333 -0.521842
vn 0.488481 0.699333 -0.521842
vn 0.488481 0.699333 -0.521842
vn 0.488481 0.699333 -0.521842
vn -0.675327 -0.152535 0.721572
vn -0.675327 -0.152535 0.721572
vn -0.675327 -0.152535 0.721572
vn -0.675327 -0.152535 0.721572
vn 0.085468 0.869791 -0.485962
vn 0.085468 0.869791 -0.485962
vn 0.085468 0.869791 -0.485962
vn 0.085468 0.869791 -0.485962
vn -0.146233 -0.536720 0.830992
vn -0.146233 -0.536720 0.830992
vn -0.146233 -0.536720 0.830992
vn -0.146233 -0.536720 0.830992
vn -0.052203 0.869813 -0.490613
vn -0.052203 0.869813 -0.490613
vn -0.052203 0.869813 -0.490613
vn -0.052203 0.869813 -0.490613
vn 0.089341 -0.536765 0.838988
vn 0.089341 -0.536765 0.838988
vn 0.089341 -0.536765 0.838988
vn 0.089341 -0.536765 0.838988
vn -0.189352 0.872746 -0.449956
vn -0.189352 0.872746 -0.449956
vn -0.189352 0.872746 -0.449956
vn -0.189352 0.872746 -0.449956
vn 0.325943 -0.542094 0.774529
vn 0.325943 -0.542094 0.774529
vn 0.325943 -0.542094 0.774529
vn 0.325943 -0.542094 0.774529
vn -0.312882 0.877453 -0.363566
vn -0.312882 0.877453 -0.363566
vn -0.312882 0.877453 -0.363566
vn -0.312882 0.877453 -0.363566
vn 0.544339 -0.551024 0.632508
vn 0.544339 -0.551024 0.632508
vn 0.544339 -0.551024 0.632508
vn 0.544339 -0.551024 0.632508
vn -0.406617 0.882510 -0.236301
vn -0.406617 0.882510 -0.236301
vn -0.406617 0.882510 -0.236301
vn -0.406617 0.882510 -0.236301
vn 0.716068 -0.560438 0.416121
vn 0.716068 -0.560438 0.416121
vn 0.716068 -0.560438 0.416121
vn 0.716068 -0.560438 0.416121
vn -0.457436 0.885460 -0.081934
vn -0.457436 0.885460 -0.081934
vn -0.457436 0.885460 -0.081934
vn -0.457436 0.885460 -0.081934
vn 0.811156 -0.566494 0.145293
vn 0.811157 -0.566494 0.145293
vn 0.811156 -0.566494 0.145293
vn 0.811156 -0.566494 0.145293
vn -0.457302 0.885525 0.081985
vn -0.457302 0.885525 0.081985
vn -0.457302 0.885525 0.081985
vn -0.457302 0.885525 0.081985
vn 0.811083 -0.566569 -0.145410
vn 0.811083 -0.566569 -0.145410
vn 0.811083 -0.566569 -0.145410
vn 0.811083 -0.566569 -0.145410
vn -0.406620 0.882516 0.236275
vn -0.406620 0.882516 0.236275
vn -0.406620 0.882516 0.236275
vn -0.406620 0.882516 0.236275
vn 0.716001 -0.560598 -0.416020
vn 0.716001 -0.560598 -0.416020
vn 0.716001 -0.560598 -0.416020
vn 0.716001 -0.560598 -0.416020
vn -0.312696 0.877610 0.363349
vn -0.312696 0.877610 0.363349
vn -0.312696 0.877610 0.363349
vn -0.312696 0.877610 0.363349
vn 0.544321 -0.551077 -0.632478
vn 0.544321 -0.551077 -0.632478
vn 0.544321 -0.551077 -0.632478
vn 0.544321 -0.551077 -0.632478
vn -0.189352 0.872746 0.449956
vn -0.189352 0.872746 0.449956
vn -0.189352 0.872746 0.449956
vn -0.189352 0.872746 0.449956
vn 0.325948 -0.542103 -0.774520
vn 0.325948 -0.542103 -0.774520
vn 0.325948 -0.542103 -0.774520
vn 0.325948 -0.542103 -0.774520
vn -0.052191 0.869849 0.490550
vn -0.052191 0.869849 0.490550
vn -0.052191 0.869849 0.490550
vn -0.052191 0.869849 0.490550
vn 0.089340 -0.536614 -0.839085
vn 0.089340 -0.536614 -0.839085
vn 0.089340 -0.536614 -0.839085
vn 0.089340 -0.536614 -0.839085
vn 0.085474 0.869854 0.485847
vn 0.085474 0.869854 0.485847
vn 0.085474 0.869854 0.485847
vn 0.085474 0.869854 0.485847
vn -0.146273 -0.536577 -0.831077
vn -0.146273 -0.536577 -0.831077
vn -0.146273 -0.536577 -0.831077
vn -0.146273 -0.536577 -0.831077
vn 0.215046 0.872883 0.437984
vn 0.215046 0.872883 0.437984
vn 0.215046 0.872883 0.437984
vn 0.215046 0.872883 0.437984
vn -0.370298 -0.542101 -0.754325
vn -0.370298 -0.542101 -0.754325
vn -0.370298 -0.542101 -0.754325
vn -0.370298 -0.542101 -0.754325
vn 0.327432 0.877747 0.349783
vn 0.327432 0.877747 0.349783
vn 0.327432 0.877747 0.349783
vn 0.327432 0.877747 0.349783
vn -0.570176 -0.551294 -0.609077
vn -0.570176 -0.551294 -0.609077
vn -0.570176 -0.551294 -0.609077
vn -0.570176 -0.551294 -0.609077
vn 0.411723 0.882806 0.226137
vn 0.411723 0.882806 0.226137
vn 0.411723 0.882806 0.226137
vn 0.411723 0.882806 0.226137
vn -0.725470 -0.561124 -0.398539
vn -0.725470 -0.561124 -0.398539
vn -0.725470 -0.561124 -0.398539
vn -0.725469 -0.561124 -0.398539
vn 0.457441 0.885782 0.078340
vn 0.457441 0.885782 0.078340
vn 0.457441 0.885782 0.078340
vn 0.457441 0.885782 0.078340
vn -0.811806 -0.567128 -0.139056
vn -0.811806 -0.567128 -0.139056
vn -0.811806 -0.567128 -0.139056
vn -0.811806 -0.567128 -0.139056
vn 0.457580 0.885712 -0.078323
vn 0.457580 0.885712 -0.078323
vn 0.457580 0.885712 -0.078323
vn 0.457580 0.885712 -0.078323
vn -0.811944 -0.566938 0.139028
vn -0.811944 -0.566937 0.139028
vn -0.811944 -0.566938 0.139028
vn -0.811944 -0.566938 0.139028
vn 0.412009 0.882604 -0.226403
vn 0.412009 0.882604 -0.226403
vn 0.412009 0.882604 -0.226403
vn 0.412009 0.882604 -0.226403
vn -0.725684 -0.560763 0.398657
vn -0.725684 -0.560763 0.398657
vn -0.725684 -0.560763 0.398657
vn -0.725684 -0.560763 0.398657
vn 0.327495 0.877640 -0.349992
vn 0.327495 0.877640 -0.349992
vn 0.327495 0.877640 -0.349992
vn 0.327495 0.877640 -0.349992
vn -0.570239 -0.550977 0.609304
vn -0.570239 -0.550977 0.609304
vn -0.570239 -0.550977 0.609304
vn -0.570239 -0.550977 0.609304
vn 0.215230 0.872790 -0.438079
vn 0.215230 0.872790 -0.438079
vn 0.215230 0.872790 -0.438079
vn 0.215230 0.872790 -0.438079
vn -0.370409 -0.542122 0.754255
vn -0.370409 -0.542122 0.754255
vn -0.370409 -0.542122 0.754255
vn -0.370409 -0.542122 0.754255
vn 0.152777 0.904149 -0.398967
vn 0.152777 0.904149 -0.398967
vn 0.152777 0.904149 -0.398967
vn 0.152777 0.904149 -0.398967
vn -0.335025 -0.506036 0.794787
vn -0.335025 -0.506036 0.794787
vn -0.335025 -0.506036 0.794787
vn -0.335025 -0.506036 0.794787
vn 0.032682 0.904505 -0.425210
vn 0.032682 0.904505 -0.425210
vn 0.032682 0.904505 -0.425210
vn 0.032682 0.904505 -0.425210
vn -0.096272 -0.582070 0.807419
vn -0.096272 -0.582070 0.807419
vn -0.096272 -0.582070 0.807419
vn -0.096272 -0.582070 0.807420
vn -0.085413 0.906705 -0.413027
vn -0.085413 0.906705 -0.413027
vn -0.085413 0.906705 -0.413027
vn -0.085413 0.906705 -0.413027
vn 0.113873 -0.643352 0.757054
vn 0.113873 -0.643352 0.757054
vn 0.113873 -0.643352 0.757054
vn 0.113873 -0.643352 0.757054
vn -0.195033 0.910272 -0.365195
vn -0.195033 0.910272 -0.365195
vn -0.195033 0.910272 -0.365195
vn -0.195033 0.910272 -0.365195
vn 0.297304 -0.695049 0.654613
vn 0.297304 -0.695049 0.654613
vn 0.297304 -0.695049 0.654613
vn 0.297304 -0.695049 0.654613
vn -0.287610 0.914226 -0.285430
vn -0.287610 0.914226 -0.285430
vn -0.287610 0.914226 -0.285430
vn -0.287610 0.914226 -0.285430
vn 0.449276 -0.736728 0.505355
vn 0.449276 -0.736728 0.505355
vn 0.449276 -0.736728 0.505355
vn 0.449276 -0.736728 0.505355
vn -0.354048 0.917585 -0.180798
vn -0.354048 0.917585 -0.180798
vn -0.354048 0.917585 -0.180798
vn -0.354048 0.917585 -0.180798
vn 0.558334 -0.766111 0.318335
vn 0.558334 -0.766111 0.318335
vn 0.558334 -0.766111 0.318335
vn 0.558334 -0.766111 0.318335
vn -0.388652 0.919310 -0.061803
vn -0.388652 0.919309 -0.061803
vn -0.388652 0.919310 -0.061803
vn -0.388652 0.919309 -0.061803
vn 0.615023 -0.781016 0.108445
vn 0.615023 -0.781016 0.108445
vn 0.615023 -0.781016 0.108445
vn 0.615023 -0.781016 0.108445
vn -0.388536 0.919359 0.061802
vn -0.388536 0.919359 0.061802
vn -0.388536 0.919359 0.061802
vn -0.388536 0.919359 0.061802
vn 0.615177 -0.780888 -0.108493
vn 0.615177 -0.780888 -0.108493
vn 0.615177 -0.780888 -0.108493
vn 0.615177 -0.780888 -0.108493
vn -0.354028 0.917589 0.180816
vn -0.354028 0.917589 0.180816
vn -0.354028 0.917589 0.180816
vn -0.354028 0.917589 0.180816
vn 0.558342 -0.766107 -0.318331
vn 0.558342 -0.766107 -0.318331
vn 0.558342 -0.766107 -0.318331
vn 0.558342 -0.766107 -0.318331
vn -0.287493 0.914313 0.285271
vn -0.287493 0.914313 0.285271
vn -0.287493 0.914313 0.285271
vn -0.287493 0.914313 0.285271
vn 0.449322 -0.736675 -0.505391
vn 0.449322 -0.736675 -0.505391
vn 0.449322 -0.736675 -0.505391
vn 0.449322 -0.736675 -0.505391
vn -0.194853 0.910318 0.365176
vn -0.194853 0.910318 0.365176
vn -0.194853 0.910318 0.365176
vn -0.194853 0.910318 0.365176
vn 0.297269 -0.694736 -0.654961
vn 0.297269 -0.694736 -0.654961
vn 0.297269 -0.694735 -0.654961
vn 0.297269 -0.694735 -0.654961
vn -0.085410 0.906676 0.413090
vn -0.085410 0.906676 0.413090
vn -0.085410 0.906676 0.413090
vn -0.085410 0.906676 0.413090
vn 0.114035 -0.643406 -0.756984
vn 0.114035 -0.643406 -0.756984
vn 0.114035 -0.643406 -0.756984
vn 0.114035 -0.643406 -0.756984
vn 0.032806 0.904465 0.425284
vn 0.032806 0.904465 0.425284
vn 0.032806 0.904465 0.425284
vn 0.032806 0.904465 0.425284
vn -0.096104 -0.582085 -0.807429
vn -0.096104 -0.582085 -0.807429
vn -0.096104 -0.582085 -0.807429
vn -0.096104 -0.582085 -0.807429
vn 0.152665 0.904184 0.398931
vn 0.152665 0.904184 0.398931
vn 0.152665 0.904184 0.398931
vn 0.152665 0.904184 0.398931
vn -0.334863 -0.506084 -0.794825
vn -0.334863 -0.506084 -0.794825
vn -0.334863 -0.506084 -0.794825
vn -0.334863 -0.506084 -0.794825
vn 0.265349 0.905644 0.330755
vn 0.265349 0.905644 0.330755
vn 0.265349 0.905644 0.330755
vn 0.265349 0.905644 0.330755
vn -0.590074 -0.413427 -0.693462
vn -0.590075 -0.413427 -0.693462
vn -0.590075 -0.413427 -0.693462
vn -0.590075 -0.413427 -0.693462
vn 0.356652 0.907809 0.220641
vn 0.356652 0.907809 0.220641
vn 0.356652 0.907809 0.220641
vn 0.356652 0.907809 0.220641
vn -0.817447 -0.317815 -0.480389
vn -0.817447 -0.317815 -0.480389
vn -0.817447 -0.317815 -0.480389
vn -0.817447 -0.317815 -0.480389
vn 0.407921 0.909704 0.077715
vn 0.407921 0.909704 0.077715
vn 0.407921 0.909704 0.077715
vn 0.407921 0.909704 0.077715
vn -0.951790 -0.253857 -0.172199
vn -0.951790 -0.253857 -0.172199
vn -0.951790 -0.253857 -0.172199
vn -0.951790 -0.253857 -0.172199
vn 0.408117 0.909614 -0.077737
vn 0.408118 0.909614 -0.077737
vn 0.408117 0.909614 -0.077737
vn 0.408118 0.909614 -0.077737
vn -0.951792 -0.253913 0.172107
vn -0.951792 -0.253913 0.172107
vn -0.951792 -0.253913 0.172107
vn -0.951792 -0.253913 0.172107
vn 0.356326 0.907939 -0.220630
vn 0.356326 0.907939 -0.220630
vn 0.356326 0.907939 -0.220630
vn 0.356326 0.907939 -0.220630
vn -0.817525 -0.317542 0.480437
vn -0.817525 -0.317542 0.480437
vn -0.817525 -0.317542 0.480437
vn -0.817525 -0.317542 0.480437
vn 0.265571 0.905592 -0.330721
vn 0.265571 0.905591 -0.330721
vn 0.265571 0.905591 -0.330721
vn 0.265571 0.905592 -0.330721
vn -0.590301 -0.412990 0.693530
vn -0.590301 -0.412990 0.693530
vn -0.590301 -0.412990 0.693530
vn -0.590301 -0.412990 0.693530
vn -0.200625 0.961519 0.187701
vn -0.447628 0.782930 0.432029
vn 0.447642 0.782918 0.432037
vn 0.200629 0.961518 0.187698
vn 0.000000 0.573656 0.819097
vn 0.000000 0.573656 0.819097
vn 0.000000 0.184408 0.982850
vn 0.000000 0.106580 0.994304
vn 0.000000 0.106582 0.994304
vn 0.000000 0.184408 0.982850
vn 0.986084 0.166248 0.000000
vn 0.995447 0.095315 0.000000
vn 0.995447 0.095315 0.000000
vn 0.986084 0.166248 0.000000
vn 0.447643 0.782917 -0.432037
vn 0.200629 0.961518 -0.187698
vn 0.846455 0.532461 0.000000
vn 0.846455 0.532461 0.000000
vn -0.995450 0.095281 0.000000
vn -0.986094 0.166189 0.000000
vn -0.986094 0.166189 0.000000
vn -0.995450 0.095281 0.000000
vn -0.846422 0.532513 0.000000
vn -0.447629 0.782930 -0.432029
vn -0.846422 0.532513 0.000000
vn -0.200625 0.961519 -0.187701
vn 0.000000 0.106580 -0.994304
vn 0.000000 0.184408 -0.982850
vn 0.000000 0.184408 -0.982850
vn 0.000000 0.106582 -0.994304
vn 0.000000 0.573654 -0.819098
vn 0.000000 0.573654 -0.819098
vn -0.419302 -0.907847 0.000000
vn -0.419303 -0.907847 0.000000
vn -0.419303 -0.907847 0.000000
vn -0.419302 -0.907847 0.000000
vn 0.000000 -0.914069 0.405559
vn 0.000000 -0.914069 0.405559
vn 0.000000 -0.914069 0.405559
vn 0.000000 -0.914069 0.405559
vn 0.419312 -0.907842 0.000000
vn 0.419312 -0.907842 0.000000
vn 0.419312 -0.907842 0.000000
vn 0.419312 -0.907842 0.000000
vn 0.000000 -0.914069 -0.405559
vn 0.000000 -0.914069 -0.405559
vn 0.000000 -0.914069 -0.405559
vn 0.000000 -0.914069 -0.405559
vn 0.000000 0.000000 1.000000
vn 0.000000 0.000000 1.000000
vn 0.000000 0.000000 -1.000000
vn 0.000000 0.000000 -1.000000
vn 1.000000 0.000000 0.000000
vn 1.000000 0.000000 0.000000
vn -1.000000 0.000000 0.000000
vn -1.000000 0.000000 0.000000
vn 0.000000 1.000000 -0.000001
vn 0.000000 1.000000 -0.000001
vn 0.000000 1.000000 -0.000001
vn 0.000000 1.000000 -0.000001
vn 0.000000 1.000000 0.000000
vn 0.000000 1.000000 0.000000
vn 0.000000 1.000000 0.000000
vn 0.000000 1.000000 0.000000
vn 0.000000 1.000000 0.000001
vn 0.000000 1.000000 0.000001
vn 0.000000 1.000000 0.000001
vn 0.000000 1.000000 0.000001
vn 0.000000 1.000000 0.000000
vn 0.000000 1.000000 0.000000
vn 0.000000 1.000000 0.000000
vn 0.000000 1.000000 0.000000
vn 0.000000 0.000000 1.000000
vn 0.000000 0.000000 1.000000
vn 0.000000 0.000000 1.000000
vn 0.000000 0.000000 1.000000
vn 1.000000 0.000000 0.000000
vn 1.000000 0.000000 0.000000
vn 1.000000 0.000000 0.000000
vn 1.000000 0.000000 0.000000
vn 0.000000 0.000000 -1.000000
vn 0.000000 0.000000 -1.000000
vn 0.000000 0.000000 -1.000000
vn 0.000000 0.000000 -1.000000
vn -1.000000 0.000000 0.000000
vn -1.000000 0.000000 0.000000
vn -1.000000 0.000000 0.000000
vn -1.000000 0.000000 0.000000
vn 0.000000 1.000000 0.000001
vn 0.000000 1.000000 0.000001
vn 0.000000 1.000000 0.000001
vn 0.000000 1.000000 0.000001
vn 0.000000 1.000000 0.000000
vn 0.000000 1.000000 0.000000
vn 0.000000 1.000000 0.000000
vn 0.000000 1.000000 0.000000
vn 0.000000 1.000000 -0.000000
vn 0.000000 1.000000 -0.000000
vn 0.000000 1.000000 -0.000000
vn 0.000000 1.000000 -0.000000
vn 0.000000 1.000000 0.000000
vn 0.000000 1.000000 0.000000
vn 0.000000 1.000000 0.000000
vn 0.000000 1.000000 0.000000
vn 0.000000 0.000000 -1.000000
vn 0.000000 0.000000 -1.000000
vn 0.000000 0.000000 -1.000000
vn 0.000000 0.000000 -1.000000
vn -1.000000 0.000000 0.000000
vn -1.000000 0.000000 0.000000
vn -1.000000 0.000000 0.000000
vn -1.000000 0.000000 0.000000
vn 0.000000 0.000000 1.000000
vn 0.000000 0.000000 1.000000
vn 0.000000 0.000000 1.000000
vn 0.000000 0.000000 1.000000
vn 1.000000 0.000000 0.000000
vn 1.000000 0.000000 0.000000
vn 1.000000 0.000000 0.000000
vn 1.000000 0.000000 0.000000
vn 0.000000 1.000000 0.000000
vn 0.000000 1.000000 0.000000
vn 0.000000 1.000000 0.000000
vn 0.000000 1.000000 0.000000
vn 0.000000 -1.000000 0.000000
vn 0.000000 -1.000000 0.000000
vn 0.000000 -1.000000 0.000000
vn 0.000000 -1.000000 0.000000
vn 0.000000 0.000000 1.000000
vn 0.000000 0.000000 1.000000
vn 0.000000 1.000000 0.000000
vn 0.000000 1.000000 0.000000
vn 0.000000 0.000000 -1.000000
vn 0.000000 0.000000 -1.000000
vn -0.063110 -0.997668 0.026007
vn -0.380350 -0.924595 0.021406
vn -0.382683 -0.923880 0.000000
vn -0.064601 -0.997911 0.000000
vn -0.706993 -0.706941 0.019882
vn -0.707120 -0.707093 0.000000
vn -0.924582 -0.380381 0.021407
vn -0.923903 -0.382628 0.000000
vn -0.999166 -0.030827 0.026795
vn -0.999499 -0.031641 0.000000
vn -0.072887 -0.034502 0.996743
vn -0.058023 -0.425744 0.902981
vn 0.000000 -0.431973 0.901887
vn 0.000000 -0.036631 0.999329
vn -0.051490 -0.754825 0.653902
vn 0.000000 -0.756379 0.654134
vn -0.052487 -0.941336 0.333365
vn 0.000000 -0.941424 0.337227
vn 0.000000 -0.999622 0.027512
vn -0.999615 0.000001 0.027750
vn -0.941059 0.000004 0.338242
vn -0.941611 0.000003 0.336703
vn -0.999623 0.000000 0.027455
vn -0.756439 0.000002 0.654064
vn -0.756415 0.000003 0.654092
vn -0.432969 -0.000001 0.901409
vn -0.430740 -0.000001 0.902476
vn -0.077538 -0.000001 0.996989
vn -0.075472 -0.000001 0.997148
vn -0.000002 0.000000 1.000000
vn -0.000011 0.000000 1.000000
vn -0.000090 0.000000 1.000000
vn -0.000007 0.000000 1.000000
vn 0.000082 0.000000 1.000000
vn 0.000014 0.000000 1.000000
vn 0.000000 0.000000 1.000000
vn 0.000078 0.000000 1.000000
vn -0.000000 0.000000 1.000000
vn -0.000001 0.000000 1.000000
vn 0.000000 -0.999622 0.027511
vn 0.000000 -0.999622 0.027507
vn 0.000000 -1.000000 0.000000
vn 0.000000 -1.000000 0.000000
vn 0.000000 -0.999622 0.027509
vn 0.000000 -1.000000 0.000000
vn 0.000000 -0.999622 0.027511
vn 0.000000 -1.000000 0.000000
vn 0.000000 -1.000000 0.000000
vn 0.000000 -0.036731 0.999325
vn 0.000000 -0.431971 0.901888
vn 0.001203 -0.431849 0.901945
vn 0.001584 -0.036683 0.999326
vn 0.000000 -0.756377 0.654136
vn 0.001057 -0.756365 0.654149
vn 0.000000 -0.941422 0.337232
vn 0.001091 -0.941448 0.337156
vn 0.001373 -0.999622 0.027478
vn -0.999626 -0.000004 0.027341
vn -0.941737 -0.000031 0.336351
vn -0.941690 0.017417 0.336030
vn -0.999402 0.021581 0.027011
vn -0.756313 -0.000020 0.654210
vn -0.756039 0.016952 0.654307
vn -0.430621 0.000011 0.902533
vn -0.429912 0.019238 0.902666
vn -0.094927 0.000010 0.995484
vn -0.095863 0.023132 0.995126
vn -0.999611 -0.000006 0.027895
vn -0.999619 -0.000020 0.027607
vn -1.000000 0.000000 0.000000
vn -1.000000 0.000000 0.000000
vn -0.999620 -0.000007 0.027580
vn -1.000000 0.000000 0.000000
vn -0.999620 -0.000024 0.027552
vn -1.000000 0.000000 0.000000
vn -1.000000 0.000000 0.000000
vn -0.090041 0.000040 0.995938
vn 0.075446 0.017939 0.996989
vn 0.086706 0.003208 0.996229
vn -0.085493 0.000022 0.996339
vn 0.054913 0.023553 0.998213
vn -0.081376 0.000019 0.996684
vn 0.026998 0.019543 0.999444
vn -0.080359 0.000004 0.996766
vn 0.002155 0.002250 0.999995
vn 0.400678 0.016668 0.916068
vn 0.421715 0.025516 0.906369
vn 0.089988 0.024736 0.995636
vn 0.740009 0.029407 0.671954
vn 0.756061 0.025128 0.654018
vn 0.936289 0.029847 0.349960
vn 0.943503 0.023291 0.330544
vn 0.999304 0.023735 0.028795
vn 0.999390 0.023697 0.025668
vn 0.007779 0.987045 0.160254
vn 0.001618 0.935480 0.353376
vn 0.001260 0.941553 0.336862
vn 0.008339 0.987160 0.159517
vn 0.001391 0.737081 0.675803
vn 0.001259 0.751773 0.659420
vn 0.000659 0.400258 0.916402
vn 0.001313 0.421503 0.906826
vn 0.000040 0.036159 0.999346
vn 0.001586 0.039332 0.999225
vn 0.924626 0.379033 0.037428
vn 0.925060 0.379820 -0.000032
vn 0.999722 0.023599 -0.000002
vn 0.706374 0.706482 0.043807
vn 0.710398 0.703801 -0.000067
vn 0.379247 0.924510 0.038118
vn 0.385912 0.922535 -0.000068
vn 0.196792 0.980445 -0.000051
vn -0.094841 0.000010 -0.995492
vn -0.430618 0.000010 -0.902534
vn -0.429910 0.019237 -0.902667
vn -0.095766 0.023130 -0.995135
vn -0.756374 -0.000010 -0.654140
vn -0.756106 0.016938 -0.654230
vn -0.941732 -0.000024 -0.336366
vn -0.941684 0.017407 -0.336048
vn -0.999518 -0.000006 -0.031032
vn -0.999299 0.021490 -0.030661
vn -0.080239 0.000009 -0.996776
vn -0.081307 0.000047 -0.996689
vn 0.026490 0.019093 -0.999467
vn 0.002113 0.002170 -0.999995
vn -0.085398 0.000028 -0.996347
vn 0.054378 0.023240 -0.998250
vn -0.089983 0.000009 -0.995943
vn 0.075149 0.017843 -0.997013
vn 0.086649 0.003201 -0.996234
vn -0.999514 0.000001 -0.031160
vn -0.941603 0.000005 -0.336726
vn -0.941045 0.000004 -0.338282
vn -0.999504 0.000001 -0.031486
vn -0.756389 0.000003 -0.654121
vn -0.756360 0.000002 -0.654156
vn -0.430659 -0.000002 -0.902515
vn -0.432900 -0.000002 -0.901442
vn -0.075348 -0.000001 -0.997157
vn -0.077567 -0.000001 -0.996987
vn 0.999197 0.023399 -0.032531
vn 0.936315 0.029574 -0.349913
vn 0.943498 0.023305 -0.330559
vn 0.999296 0.023628 -0.029135
vn 0.739943 0.029231 -0.672034
vn 0.756047 0.025134 -0.654034
vn 0.400632 0.016592 -0.916089
vn 0.421708 0.025505 -0.906373
vn 0.089932 0.024726 -0.995641
vn 0.000061 0.035559 -0.999368
vn 0.000848 0.401998 -0.915640
vn 0.001569 0.424848 -0.905263
vn 0.001617 0.038875 -0.999243
vn 0.001610 0.740016 -0.672587
vn 0.001543 0.755612 -0.655018
vn 0.001749 0.936657 -0.350243
vn 0.001434 0.943040 -0.332675
vn 0.006930 0.987368 -0.158293
vn 0.007516 0.987487 -0.157519
vn 0.000060 0.000000 -1.000000
vn -0.000090 0.000000 -1.000000
vn 0.000009 0.000000 -1.000000
vn 0.000052 0.000000 -1.000000
vn -0.000089 0.000000 -1.000000
vn -0.000092 0.000000 -1.000000
vn -0.000011 0.000000 -1.000000
vn -0.000009 0.000000 -1.000000
vn -0.000001 0.000000 -1.000000
vn 0.000000 0.000000 -1.000000
vn -0.062910 -0.997582 -0.029540
vn -0.052483 -0.941326 -0.333394
vn 0.000000 -0.941405 -0.337280
vn 0.000000 -0.999512 -0.031222
vn -0.051500 -0.754821 -0.653906
vn 0.000000 -0.756366 -0.654149
vn -0.058017 -0.425725 -0.902991
vn 0.000000 -0.431978 -0.901884
vn -0.072880 -0.034487 -0.996744
vn 0.000000 -0.036615 -0.999329
vn 0.000000 -0.999513 -0.031216
vn 0.000000 -0.941414 -0.337254
vn 0.001091 -0.941437 -0.337189
vn 0.001367 -0.999513 -0.031183
vn 0.000000 -0.756377 -0.654136
vn 0.001057 -0.756365 -0.654149
vn 0.000000 -0.431957 -0.901894
vn 0.001203 -0.431849 -0.901945
vn 0.000000 -0.036688 -0.999327
vn 0.001585 -0.036654 -0.999327
vn 0.999163 -0.030925 0.026791
vn 0.924601 -0.380334 0.021407
vn 0.923886 -0.382668 0.000000
vn 0.999496 -0.031760 0.000000
vn 0.706989 -0.706946 0.019881
vn 0.707120 -0.707093 -0.000000
vn 0.380353 -0.924594 0.021405
vn 0.382701 -0.923872 -0.000000
vn 0.001414 -0.999999 0.000000
vn 0.001635 0.000000 0.999999
vn 0.431938 0.000000 0.901903
vn 0.432054 0.000000 0.901848
vn 0.001636 0.000000 0.999999
vn 0.756402 0.000000 0.654107
vn 0.756377 0.000000 0.654136
vn 0.941420 0.000000 0.337237
vn 0.941413 0.000000 0.337256
vn 0.999621 0.000000 0.027514
vn 0.999621 0.000000 0.027516
vn 0.380351 0.924595 0.021408
vn 0.382716 0.923866 0.000000
vn 0.195116 0.980780 0.000000
vn 0.706982 0.706952 0.019882
vn 0.707119 0.707094 0.000000
vn 0.924604 0.380328 0.021399
vn 0.923872 0.382702 0.000000
vn 0.999040 0.034732 0.026699
vn 0.999364 0.035662 0.000000
vn 0.001634 0.000000 -0.999999
vn 0.432058 0.000000 -0.901846
vn 0.431974 0.000000 -0.901886
vn 0.001633 0.000000 -0.999999
vn 0.756382 -0.000001 -0.654130
vn 0.756403 0.000000 -0.654106
vn 0.941399 -0.000000 -0.337295
vn 0.941409 -0.000000 -0.337268
vn 0.999512 0.000000 -0.031226
vn 0.999513 0.000000 -0.031221
vn -0.924583 0.380380 0.021397
vn -0.923904 0.382624 0.000000
vn -0.999754 0.022168 0.000000
vn -0.706996 0.706939 0.019873
vn -0.707124 0.707090 0.000000
vn -0.380342 0.924598 0.021404
vn -0.382674 0.923884 0.000000
vn -0.084091 0.996133 0.025460
vn -0.085885 0.996305 0.000000
vn -0.071213 0.940714 0.331640
vn 0.071457 0.940607 0.331893
vn 0.084102 0.996130 0.025523
vn -0.070220 0.753742 0.653408
vn 0.070688 0.753691 0.653417
vn -0.078735 0.422999 0.902703
vn 0.079106 0.423265 0.902546
vn 0.380224 0.924644 0.021526
vn 0.382507 0.923953 0.000000
vn 0.085822 0.996310 -0.000000
vn 0.706919 0.707010 0.020064
vn 0.707098 0.707115 0.000000
vn 0.924649 0.380212 0.021524
vn 0.923947 0.382522 0.000000
vn 0.999713 0.023962 0.000000
vn 0.083859 0.996056 -0.028996
vn 0.071461 0.940595 -0.331926
vn -0.071204 0.940705 -0.331669
vn -0.083847 0.996059 -0.028925
vn 0.070666 0.753679 -0.653432
vn -0.070262 0.753729 -0.653419
vn 0.079013 0.423251 -0.902561
vn -0.078742 0.422986 -0.902708
vn 1.000000 0.000000 0.000000
vn 1.000000 0.000000 0.000000
vn -1.000000 0.000000 0.000000
vn -1.000000 0.000000 0.000000
vn 0.000000 1.000000 0.000001
vn 0.000000 1.000000 0.000001
vn 0.000000 1.000000 0.000000
vn 0.000000 1.000000 0.000000
vn -0.941697 -0.025017 0.335532
vn -0.891291 -0.342769 0.296833
vn -0.681478 -0.681470 0.266808
vn -0.342784 -0.891289 0.296821
vn -0.326101 -0.713483 0.620162
vn -0.374725 -0.374728 0.848033
vn -0.429203 -0.027611 0.902786
vn -0.755926 -0.024366 0.654203
vn -0.713440 -0.326101 0.620211
vn -0.604250 -0.604272 0.519362
vn 0.000000 -0.036683 0.999327
vn 0.000000 -0.431957 0.901895
vn 0.000000 -0.036657 0.999328
vn 0.000000 -0.431960 0.901893
vn 0.000000 -0.036620 0.999329
vn 0.000000 -0.431935 0.901905
vn 0.000000 -0.756359 0.654157
vn 0.000000 -0.941418 0.337241
vn 0.000000 -0.941424 0.337226
vn 0.000000 -0.941430 0.337209
vn 0.000000 -0.756377 0.654136
vn 0.000000 -0.756371 0.654143
vn -0.431575 0.000019 0.902077
vn -0.756341 -0.000068 0.654177
vn -0.941407 -0.000116 0.337273
vn -0.941378 -0.000060 0.337355
vn -0.941351 -0.000116 0.337429
vn -0.940840 -0.000028 0.338852
vn -0.756360 -0.000026 0.654156
vn -0.756357 -0.000046 0.654159
vn -0.433297 -0.000011 0.901251
vn -0.431592 0.000038 0.902069
vn -0.431583 0.000041 0.902073
vn -0.756349 -0.000029 0.654169
vn 0.849223 0.350414 0.395007
vn 0.656690 0.261828 0.707251
vn 0.361512 0.116194 0.925099
vn 0.275672 0.163064 0.947320
vn 0.135071 0.122209 0.983271
vn 0.013134 0.016009 0.999786
vn 0.014273 0.030652 0.999428
vn 0.181128 0.266110 0.946773
vn 0.007249 0.036405 0.999311
vn 0.105931 0.355922 0.928493
vn 0.251082 0.642157 0.724287
vn 0.344163 0.845098 0.409097
vn 0.636541 0.633871 0.439343
vn 0.446986 0.432726 0.782912
vn -0.999511 -0.000019 -0.031267
vn -0.941392 -0.000083 -0.337316
vn -0.756359 -0.000046 -0.654157
vn -0.431560 -0.000008 -0.902084
vn -0.431523 0.000048 -0.902102
vn -0.431528 0.000064 -0.902099
vn -0.433259 0.000003 -0.901269
vn -0.756382 -0.000019 -0.654130
vn -0.756375 -0.000048 -0.654138
vn -0.940835 -0.000012 -0.338865
vn -0.941338 -0.000124 -0.337464
vn -0.999499 -0.000001 -0.031649
vn -0.999509 -0.000027 -0.031328
vn -0.999510 -0.000025 -0.031296
vn -0.941373 -0.000115 -0.337367
vn -0.756362 -0.000038 -0.654153
vn 0.360600 0.115484 -0.925544
vn 0.656287 0.259649 -0.708428
vn 0.850312 0.347551 -0.395193
vn 0.926471 0.374008 -0.042066
vn 0.711382 0.701080 -0.049217
vn 0.639336 0.631374 -0.438881
vn 0.383086 0.922740 -0.042377
vn 0.345782 0.846371 -0.405081
vn 0.249408 0.646197 -0.721266
vn 0.102575 0.359403 -0.927528
vn 0.006596 0.036064 -0.999328
vn 0.013362 0.029994 -0.999461
vn 0.177225 0.265627 -0.947646
vn 0.012381 0.015509 -0.999803
vn 0.132073 0.120475 -0.983892
vn 0.273321 0.161408 -0.948284
vn 0.446237 0.431016 -0.784282
vn -0.380012 -0.924661 -0.024375
vn -0.342803 -0.891274 -0.296845
vn -0.706918 -0.706933 -0.022658
vn -0.681480 -0.681450 -0.266855
vn -0.924640 -0.380062 -0.024378
vn -0.891253 -0.342838 -0.296868
vn -0.999066 -0.030702 -0.030421
vn -0.941689 -0.025031 -0.335552
vn -0.755872 -0.024386 -0.654266
vn -0.713434 -0.326115 -0.620211
vn -0.429137 -0.027615 -0.902817
vn -0.374736 -0.374693 -0.848043
vn -0.326120 -0.713435 -0.620206
vn -0.604235 -0.604205 -0.519459
vn 0.000000 -0.999513 -0.031216
vn 0.000000 -0.941414 -0.337252
vn 0.000000 -0.999513 -0.031216
vn 0.000000 -0.941417 -0.337244
vn 0.000000 -0.999513 -0.031218
vn 0.000000 -0.941410 -0.337266
vn 0.000000 -0.756348 -0.654169
vn 0.000000 -0.431936 -0.901904
vn 0.000000 -0.036609 -0.999330
vn 0.000000 -0.036637 -0.999329
vn 0.000000 -0.431960 -0.901893
vn 0.000000 -0.036659 -0.999328
vn 0.000000 -0.431984 -0.901881
vn 0.000000 -0.756395 -0.654115
vn 0.000000 -0.756395 -0.654115
vn 0.429162 -0.027716 0.902802
vn 0.374712 -0.374692 0.848055
vn 0.326112 -0.713448 0.620196
vn 0.342812 -0.891270 0.296845
vn 0.681468 -0.681471 0.266831
vn 0.891271 -0.342820 0.296836
vn 0.941700 -0.025119 0.335516
vn 0.755908 -0.024468 0.654220
vn 0.713440 -0.326115 0.620204
vn 0.604263 -0.604232 0.519395
vn 0.342871 0.891244 0.296856
vn 0.326192 0.713453 0.620148
vn 0.374760 0.374781 0.847994
vn 0.428814 0.031242 0.902852
vn 0.755792 0.027595 0.654230
vn 0.713446 0.326218 0.620143
vn 0.941700 0.028283 0.335262
vn 0.891251 0.342891 0.296812
vn 0.681411 0.681537 0.266808
vn 0.604199 0.604336 0.519347
vn 0.428782 0.031232 -0.902868
vn 0.374747 0.374706 -0.848033
vn 0.326242 0.713398 -0.620186
vn 0.342918 0.891222 -0.296869
vn 0.380017 0.924658 -0.024381
vn 0.706894 0.706956 -0.022660
vn 0.681497 0.681439 -0.266838
vn 0.924646 0.380046 -0.024374
vn 0.891285 0.342775 -0.296844
vn 0.998941 0.034613 -0.030312
vn 0.941685 0.028279 -0.335304
vn 0.755796 0.027592 -0.654226
vn 0.713453 0.326138 -0.620177
vn 0.604287 0.604216 -0.519385
vn 0.380011 -0.924661 -0.024375
vn 0.342816 -0.891264 -0.296859
vn 0.326142 -0.713411 -0.620222
vn 0.374727 -0.374677 -0.848055
vn 0.429224 -0.027715 -0.902773
vn 0.755876 -0.024469 -0.654257
vn 0.713422 -0.326114 -0.620225
vn 0.941685 -0.025116 -0.335557
vn 0.891248 -0.342845 -0.296876
vn 0.999062 -0.030817 -0.030416
vn 0.924665 -0.380000 -0.024377
vn 0.706916 -0.706934 -0.022657
vn 0.681446 -0.681484 -0.266854
vn 0.604191 -0.604266 -0.519439
vn -0.342800 0.891284 0.296816
vn -0.681503 0.681453 0.266787
vn -0.891276 0.342838 0.296800
vn -0.713427 0.326177 0.620186
vn -0.374699 0.374737 0.848041
vn -0.326083 0.713470 0.620185
vn -0.604224 0.604255 0.519413
vn 0.890592 0.344180 0.297299
vn 0.680702 0.681924 0.267628
vn 0.342833 0.891128 0.297250
vn 0.326392 0.713785 0.619660
vn 0.374858 0.376286 0.847284
vn 0.712717 0.328377 0.619841
vn 0.603427 0.605287 0.519136
vn 0.374848 0.376262 -0.847299
vn 0.326444 0.713765 -0.619656
vn 0.342872 0.891115 -0.297241
vn 0.379887 0.924708 -0.024514
vn 0.706869 0.706975 -0.022858
vn 0.680700 0.681927 -0.267627
vn 0.924728 0.379839 -0.024514
vn 0.890566 0.344234 -0.297314
vn 0.712745 0.328376 -0.619809
vn 0.603453 0.605295 -0.519098
vn -0.924645 0.380051 -0.024364
vn -0.891271 0.342810 -0.296845
vn -0.706926 0.706925 -0.022646
vn -0.681495 0.681447 -0.266824
vn -0.380002 0.924665 -0.024371
vn -0.342803 0.891270 -0.296856
vn -0.326080 0.713437 -0.620225
vn -0.374706 0.374724 -0.848044
vn -0.713429 0.326082 -0.620234
vn -0.604183 0.604248 -0.519469
vn 0.001636 0.000000 0.999999
vn 0.432071 0.000000 0.901839
vn -0.000001 0.000000 1.000000
vn 0.000067 0.000000 1.000000
vn 0.000045 0.000000 1.000000
vn 0.000000 0.000000 1.000000
vn -0.000012 0.000000 1.000000
vn -0.079701 -0.000001 0.996819
vn -0.433250 0.000000 0.901274
vn -0.756359 0.000005 0.654157
vn -0.940881 0.000007 0.338739
vn -0.999611 0.000001 0.027877
vn -1.000000 0.000000 0.000000
vn -0.940868 0.000001 -0.338772
vn -0.999500 0.000000 -0.031630
vn -0.756388 0.000003 -0.654123
vn -0.433130 -0.000001 -0.901332
vn -0.079575 -0.000002 -0.996829
vn -0.000007 0.000000 -1.000000
vn -0.000078 0.000000 -1.000000
vn -0.000145 0.000000 -1.000000
vn -0.000075 0.000000 -1.000000
vn 0.000000 0.000000 -1.000000
vn 0.001632 0.000000 -0.999999
vn 0.431991 0.000000 -0.901878
vn 0.756375 0.000000 -0.654138
vn 0.941410 0.000000 -0.337266
vn 0.999513 0.000000 -0.031219
vn 0.999621 0.000000 0.027514
vn 1.000000 0.000000 0.000000
vn 0.941417 0.000000 0.337244
vn 0.756396 0.000000 0.654114
vn 0.000000 1.000000 -0.000000
vn 0.000000 1.000000 -0.000000
vn 0.000000 1.000000 -0.000000
vn 0.000000 1.000000 -0.000000
vn -0.000004 1.000000 0.000005
vn -0.000000 1.000000 0.000001
vn -0.000000 1.000000 0.000000
vn -0.000004 1.000000 0.000005
vn 0.000000 1.000000 0.000000
vn 0.000000 1.000000 0.000000
vn 0.000000 1.000000 0.000000
vn 0.000000 1.000000 0.000000
vn 0.000000 1.000000 0.000000
vn 0.000000 1.000000 0.000000
vn 0.000000 1.000000 0.000000
vn 0.000000 1.000000 0.000000
vn -0.000437 0.000000 -1.000000
vn -0.000437 0.000000 -1.000000
vn -0.000437 0.000000 -1.000000
vn -0.000437 0.000000 -1.000000
vn -1.000000 0.000000 0.000000
vn -1.000000 0.000000 0.000000
vn -1.000000 0.000000 0.000000
vn -1.000000 0.000000 0.000000
vn -0.000874 0.000000 1.000000
vn -0.000874 0.000000 1.000000
vn -0.000874 0.000000 1.000000
vn -0.000874 0.000000 1.000000
vn 1.000000 0.000000 -0.000271
vn 1.000000 0.000000 -0.000259
vn 1.000000 0.000000 -0.000259
vn 1.000000 0.000000 -0.000271
vn 0.756383 0.000000 0.654128
vn 0.941413 0.000000 0.337257
vn 0.432076 0.000000 0.901837
vn 0.001636 0.000000 0.999999
vn -0.000001 0.000000 1.000000
vn 0.000096 0.000000 1.000000
vn 0.000020 0.000000 1.000000
vn -0.000055 0.000000 1.000000
vn 0.000000 0.000000 1.000000
vn -0.078125 -0.000001 0.996944
vn -0.432498 -0.000001 0.901635
vn -0.756408 0.000002 0.654101
vn -0.941118 0.000003 0.338078
vn -0.999615 0.000001 0.027739
vn -1.000000 0.000000 0.000000
vn -0.941106 0.000003 -0.338112
vn -0.999505 0.000001 -0.031475
vn -0.756397 0.000001 -0.654112
vn -0.432402 -0.000001 -0.901681
vn -0.078007 -0.000001 -0.996953
vn 0.000042 0.000000 -1.000000
vn -0.000092 0.000000 -1.000000
vn -0.000133 0.000000 -1.000000
vn -0.000028 0.000000 -1.000000
vn -0.000001 0.000000 -1.000000
vn 0.001633 0.000000 -0.999999
vn 0.432040 0.000000 -0.901855
vn 0.756379 0.000000 -0.654134
vn 0.941404 0.000000 -0.337281
vn 0.999512 0.000000 -0.031223
vn 0.999621 0.000000 0.027516
vn 1.000000 0.000000 0.000000
vn 0.999713 0.023957 0.000000
vn 0.923948 0.382517 0.000000
vn 0.707098 0.707115 0.000000
vn 0.382504 0.923954 0.000000
vn 0.085821 0.996311 0.000000
vn -0.085885 0.996305 0.000000
vn -0.382674 0.923884 0.000000
vn -0.707123 0.707091 0.000000
vn -0.923904 0.382624 0.000000
vn -0.999754 0.022168 0.000000
vn -1.000000 0.000000 0.000000
vn -1.000000 0.000000 0.000000
vn -1.000000 0.000000 0.000000
vn -1.000000 0.000000 0.000000
vn -1.000000 0.000000 0.000000
vn -1.000000 0.000000 0.000000
vn -1.000000 0.000000 0.000000
vn -1.000000 0.000000 0.000000
vn -1.000000 0.000000 0.000000
vn -0.999499 -0.031641 0.000000
vn -0.923903 -0.382628 0.000000
vn -0.707119 -0.707095 -0.000000
vn -0.382683 -0.923880 -0.000000
vn -0.064601 -0.997911 0.000000
vn 0.000000 -1.000000 0.000000
vn 0.000000 -1.000000 0.000000
vn 0.000000 -1.000000 0.000000
vn 0.000000 -1.000000 0.000000
vn 0.000000 -1.000000 0.000000
vn 0.001414 -0.999999 0.000000
vn 0.382701 -0.923872 -0.000000
vn 0.707119 -0.707095 -0.000000
vn 0.923886 -0.382668 0.000000
vn 0.999496 -0.031761 0.000000
vn 1.000000 0.000000 0.000000
vn 1.000000 0.000000 0.000000
vn 0.999364 0.035661 0.000000
vn 0.923873 0.382699 0.000000
vn 0.707117 0.707096 0.000000
vn 0.382711 0.923868 -0.000000
vn 0.195117 0.980780 -0.000000
vn -0.000000 1.000000 -0.000001
vn -0.000000 1.000000 -0.000000
vn -1.000000 0.000000 0.000000
vn -1.000000 0.000000 0.000000
vn 0.000000 1.000000 -0.000000
vn 0.000000 1.000000 -0.000000
vn 1.000000 0.000000 -0.000271
vn 1.000000 0.000000 -0.000271
vn 0.000000 1.000000 0.000000
vn 0.000000 1.000000 0.000000
vn 0.196923 0.980419 -0.000052
vn 0.384656 0.923060 -0.000068
vn 0.709386 0.704820 -0.000067
vn 0.924520 0.381134 -0.000032
vn 0.999718 0.023744 -0.000001
vn 1.000000 0.000000 0.000000
vn 1.000000 0.000000 0.000000
vn -0.000004 1.000000 -0.000005
vn -0.000004 1.000000 -0.000005
vn -1.000000 0.000000 0.000000
vn -1.000000 0.000000 0.000000
vn 0.000000 1.000000 0.000000
vn 0.000000 1.000000 0.000000
vn 1.000000 0.000000 -0.000268
vn 1.000000 0.000000 -0.000268
vn 0.000000 1.000000 0.000000
vn 0.000000 1.000000 0.000000
vn 0.941413 0.000000 -0.337256
vn 0.999512 0.000000 -0.031223
vn 0.756370 0.000000 -0.654144
vn 0.431976 0.000000 -0.901885
vn 0.001634 0.000000 -0.999999
vn -0.000000 0.000000 -1.000000
vn -0.000084 0.000000 -1.000000
vn -0.000085 0.000000 -1.000000
vn 0.000000 0.000000 -1.000000
vn 0.000000 0.000000 -1.000000
vn -0.075014 -0.000001 -0.997182
vn -0.431913 -0.000001 -0.901915
vn -0.756338 0.000002 -0.654181
vn -0.941408 0.000001 -0.337269
vn -0.999512 0.000000 -0.031230
vn -1.000000 0.000000 0.000000
vn -1.000000 0.000000 0.000000
vn -0.999621 0.000000 0.027523
vn -0.941427 0.000002 0.337217
vn -0.756410 0.000003 0.654098
vn -0.431853 -0.000000 0.901944
vn -0.075015 -0.000001 0.997182
vn 0.000000 0.000000 1.000000
vn -0.000085 0.000000 1.000000
vn 0.000001 0.000000 1.000000
vn 0.000084 0.000000 1.000000
vn -0.000001 0.000000 1.000000
vn 0.001634 0.000000 0.999999
vn 0.432021 0.000000 0.901864
vn 0.756416 0.000000 0.654091
vn 0.941411 0.000000 0.337261
vn 0.999622 0.000000 0.027514
vn 1.000000 0.000000 0.000000
vn 1.000000 0.000000 0.000000
vn 0.000000 0.000000 -1.000000
vn 0.000000 0.000000 -1.000000
vn 0.000000 0.000000 -1.000000
vn 0.000000 0.000000 -1.000000
vn 0.000000 1.000000 0.000000
vn 0.000000 1.000000 0.000000
vn 0.000000 1.000000 0.000000
vn 0.000000 1.000000 0.000000
vn 0.000000 0.000000 1.000000
vn 0.000000 0.000000 1.000000
vn 0.000000 0.000000 1.000000
vn 0.000000 0.000000 1.000000
vn 0.000000 -1.000000 0.000000
vn 0.000000 -1.000000 0.000000
vn 0.000000 -1.000000 0.000000
vn 0.000000 -1.000000 0.000000
vn 0.000000 0.000000 1.000000
vn 0.000000 0.000000 1.000000
vn 1.000000 0.000000 0.000000
vn 1.000000 0.000000 0.000000
vn 1.000000 0.000000 0.000000
vn 1.000000 0.000000 0.000000
vn 0.000000 0.000000 -1.000000
vn 0.000000 0.000000 -1.000000
vn -1.000000 0.000000 0.000000
vn -1.000000 0.000000 0.000000
vn -0.999619 0.000000 0.027616
vn -0.941267 0.000003 0.337662
vn -0.756412 0.000003 0.654095
vn -0.432412 -0.000001 0.901676
vn -0.075862 -0.000001 0.997118
vn 0.000000 0.000000 1.000000
vn -0.000082 0.000000 1.000000
vn 0.000004 0.000000 1.000000
vn 0.000108 0.000000 1.000000
vn -0.000001 0.000000 1.000000
vn 0.001634 0.000000 0.999999
vn 0.432024 0.000000 0.901862
vn 0.756413 0.000000 0.654095
vn 0.941411 0.000000 0.337263
vn 0.999621 0.000000 0.027515
vn 1.000000 0.000000 0.000000
vn 0.000000 0.000000 -1.000000
vn 0.000000 0.000000 -1.000000
vn 0.000000 0.000000 -1.000000
vn 0.000000 0.000000 -1.000000
vn 1.000000 0.000000 0.000000
vn 1.000000 0.000000 0.000000
vn 1.000000 0.000000 0.000000
vn 1.000000 0.000000 0.000000
vn 0.000000 0.000000 1.000000
vn 0.000000 0.000000 1.000000
vn 0.000000 0.000000 1.000000
vn 0.000000 0.000000 1.000000
vn 0.999513 0.000000 -0.031222
vn 1.000000 0.000000 0.000000
vn 0.941415 0.000000 -0.337251
vn 0.756372 0.000000 -0.654142
vn 0.431963 0.000000 -0.901891
vn 0.001634 0.000000 -0.999999
vn -0.000000 0.000000 -1.000000
vn -0.000098 0.000000 -1.000000
vn -0.000093 0.000000 -1.000000
vn -0.000011 0.000000 -1.000000
vn 0.000000 0.000000 -1.000000
vn -0.075862 -0.000001 -0.997118
vn -0.432473 0.000000 -0.901647
vn -0.756340 0.000004 -0.654178
vn -0.941248 0.000003 -0.337716
vn -0.999509 0.000000 -0.031332
vn 1.000000 0.000000 0.000000
vn 1.000000 0.000000 0.000000
vn 1.000000 0.000000 0.000000
vn 1.000000 0.000000 0.000000
vn 0.000000 0.000000 -1.000000
vn 0.000000 0.000000 -1.000000
vn 0.999621 0.000000 0.027514
vn 1.000000 0.000000 0.000000
vn 0.941422 0.000000 0.337232
vn 0.756401 0.000000 0.654108
vn 0.431932 0.000000 0.901906
vn 0.001634 0.000000 0.999999
vn 0.000000 0.000000 1.000000
vn 0.000019 0.000000 1.000000
vn 0.000082 0.000000 1.000000
vn 0.000006 0.000000 1.000000
vn -0.000002 0.000000 1.000000
vn -0.075187 -0.000001 0.997169
vn -0.431285 -0.000003 0.902216
vn -0.756430 -0.000001 0.654075
vn -0.941523 0.000003 0.336949
vn -0.999622 0.000001 0.027488
vn -1.000000 0.000000 0.000000
vn -1.000000 0.000000 0.000000
vn -0.999513 0.000001 -0.031196
vn -0.941506 0.000003 -0.336995
vn -0.756340 0.000000 -0.654179
vn -0.431223 -0.000002 -0.902245
vn -0.075235 -0.000001 -0.997166
vn 0.000050 0.000000 -1.000000
vn -0.000014 0.000000 -1.000000
vn -0.000084 0.000000 -1.000000
vn -0.000010 0.000000 -1.000000
vn -0.000000 0.000000 -1.000000
vn 0.001634 0.000000 -0.999999
vn 0.431994 0.000000 -0.901876
vn 0.756405 0.000001 -0.654104
vn 0.941403 0.000000 -0.337283
vn 0.999512 -0.000000 -0.031223
vn 1.000000 0.000000 0.000000
vn 0.000000 0.000000 1.000000
vn 0.000000 0.000000 1.000000
vn 0.707097 -0.707116 0.000000
vn 0.707097 -0.707116 0.000000
vn 0.707097 -0.707116 0.000000
vn 0.707097 -0.707116 0.000000
vn 0.707071 0.000000 0.707143
vn 0.707071 0.000000 0.707143
vn 0.707071 0.000000 0.707143
vn 0.707071 0.000000 0.707143
vn 0.707097 0.707116 0.000000
vn 0.707097 0.707116 0.000000
vn 0.707097 0.707116 0.000000
vn 0.707097 0.707116 0.000000
vn 0.707071 0.000000 -0.707143
vn 0.707071 0.000000 -0.707143
vn 0.707071 0.000000 -0.707143
vn 0.707071 0.000000 -0.707143
vn 0.707063 0.000000 -0.707150
vn 0.707063 0.000000 -0.707150
vn 0.707063 0.000000 -0.707150
vn 0.707063 0.000000 -0.707150
vn 0.707099 0.707115 0.000000
vn 0.707099 0.707115 0.000000
vn 0.707099 0.707115 0.000000
vn 0.707099 0.707115 0.000000
vn 0.707099 0.000000 0.707115
vn 0.707099 0.000000 0.707115
vn 0.707099 0.000000 0.707115
vn 0.707099 0.000000 0.707115
vn 0.707099 -0.707115 0.000000
vn 0.707099 -0.707115 0.000000
vn 0.707099 -0.707115 0.000000
vn 0.707099 -0.707115 0.000000
vn 1.000000 0.000000 0.000000
vn 1.000000 0.000000 0.000000
vn 1.000000 0.000000 0.000000
vn 1.000000 0.000000 0.000000
vn 1.000000 0.000000 0.000000
vn 1.000000 0.000000 0.000000
vn 1.000000 0.000000 0.000000
vn 1.000000 0.000000 0.000000
vn 0.000000 0.000000 1.000000
vn 0.000000 0.000000 1.000000
vn 0.000000 0.000000 1.000000
vn 0.000000 0.000000 1.000000
vn 0.000000 -1.000000 0.000000
vn 0.000000 -1.000000 0.000000
vn 0.000000 -1.000000 0.000000
vn 0.000000 -1.000000 0.000000
vn 0.000000 0.000000 -1.000000
vn 0.000000 0.000000 -1.000000
vn 0.000000 0.000000 -1.000000
vn 0.000000 0.000000 -1.000000
vn 0.000000 1.000000 0.000000
vn 0.000000 1.000000 0.000000
vn 0.000000 1.000000 0.000000
vn 0.000000 1.000000 0.000000
vn 0.000000 1.000000 0.000000
vn 0.000000 1.000000 0.000000
vn 0.000000 1.000000 0.000000
vn 0.000000 1.000000 0.000000
vn 0.000000 0.000000 1.000000
vn 0.000000 0.000000 1.000000
vn 0.000000 0.000000 1.000000
vn 0.000000 0.000000 1.000000
vn 0.000000 -1.000000 0.000000
vn 0.000000 -1.000000 0.000000
vn 0.000000 -1.000000 0.000000
vn 0.000000 -1.000000 0.000000
vn 0.000000 0.000000 -1.000000
vn 0.000000 0.000000 -1.000000
vn 0.000000 0.000000 -1.000000
vn 0.000000 0.000000 -1.000000
vn -0.017388 -0.999838 0.004769
vn -0.376141 -0.926558 0.003013
vn -0.376141 -0.926558 -0.003012
vn -0.017388 -0.999838 -0.004769
vn -0.921328 -0.388774 0.003074
vn -0.999406 -0.034142 0.004795
vn -0.999406 -0.034142 -0.004795
vn -0.921328 -0.388774 -0.003073
vn -0.018433 -0.036007 0.999182
vn -0.011844 -0.409210 0.912363
vn 0.011844 -0.409212 0.912363
vn 0.018433 -0.036008 0.999182
vn -0.010862 -0.934837 0.354912
vn 0.017388 -0.999838 0.004769
vn 0.010861 -0.934838 0.354909
vn -0.932797 -0.021494 0.359761
vn -0.932798 0.021492 0.359758
vn -0.999406 0.034142 0.004795
vn -0.401445 -0.022972 0.915595
vn -0.018433 0.036007 0.999182
vn -0.401445 0.022972 0.915595
vn 0.999406 -0.034142 0.004798
vn 0.921327 -0.388777 0.003073
vn 0.921327 -0.388776 -0.003073
vn 0.999406 -0.034142 -0.004798
vn 0.376259 -0.926510 0.003014
vn 0.017388 -0.999838 -0.004769
vn 0.376260 -0.926509 -0.003014
vn 0.401441 -0.022984 0.915596
vn 0.401441 0.022984 0.915597
vn 0.018433 0.036008 0.999182
vn 0.932731 -0.021507 0.359932
vn 0.999406 0.034142 0.004798
vn 0.932730 0.021511 0.359934
vn -0.921328 0.388774 0.003073
vn -0.921328 0.388773 -0.003073
vn -0.999406 0.034142 -0.004795
vn -0.376141 0.926558 0.003013
vn -0.017388 0.999838 0.004769
vn -0.017388 0.999838 -0.004769
vn -0.376141 0.926558 -0.003013
vn -0.010860 0.934831 0.354928
vn 0.010861 0.934831 0.354926
vn 0.017388 0.999838 0.004769
vn -0.011844 0.409210 0.912363
vn 0.011844 0.409212 0.912363
vn 0.376260 0.926509 0.003014
vn 0.376259 0.926510 -0.003014
vn 0.017388 0.999838 -0.004769
vn 0.921327 0.388777 0.003074
vn 0.999406 0.034142 -0.004798
vn 0.921327 0.388776 -0.003073
vn -0.932799 0.021491 -0.359755
vn -0.932799 -0.021494 -0.359755
vn -0.401437 0.022973 -0.915599
vn -0.018433 0.036007 -0.999182
vn -0.018433 -0.036007 -0.999182
vn -0.401445 -0.022971 -0.915595
vn -0.011840 0.409210 -0.912364
vn 0.011844 0.409212 -0.912363
vn 0.018433 0.036008 -0.999182
vn -0.010862 0.934830 -0.354929
vn 0.010861 0.934832 -0.354925
vn 0.401441 0.022983 -0.915597
vn 0.401434 -0.022985 -0.915599
vn 0.018433 -0.036008 -0.999182
vn 0.932732 0.021509 -0.359929
vn 0.932732 -0.021509 -0.359929
vn -0.010860 -0.934837 -0.354911
vn 0.010862 -0.934837 -0.354910
vn -0.011844 -0.409210 -0.912363
vn 0.011840 -0.409212 -0.912363
vn -0.891795 -0.332813 0.306491
vn -0.322401 -0.897041 0.302282
vn -0.341351 -0.347616 0.873294
vn 0.322312 -0.897104 0.302191
vn 0.891727 -0.333056 0.306425
vn 0.341294 -0.347690 0.873287
vn -0.322363 0.897059 0.302270
vn -0.891804 0.332833 0.306443
vn -0.341344 0.347609 0.873300
vn 0.891701 0.333094 0.306459
vn 0.322329 0.897088 0.302222
vn 0.341286 0.347682 0.873293
vn -0.341225 0.347622 -0.873341
vn -0.891849 0.332739 -0.306415
vn -0.322398 0.897033 -0.302311
vn 0.891753 0.333019 -0.306390
vn 0.341284 0.347680 -0.873295
vn 0.322312 0.897104 -0.302191
vn -0.322366 -0.897068 -0.302242
vn -0.891828 -0.332794 -0.306416
vn -0.341346 -0.347611 -0.873298
vn 0.891753 -0.333019 -0.306390
vn 0.322329 -0.897088 -0.302222
vn 0.341180 -0.347708 -0.873325
s 1
g sinktap2
usemtl initialShadingGroup
f 334/432/521 333/431/522 344/442/523 345/443/524
f 335/433/525 334/432/521 345/443/524 346/444/526
f 336/434/527 335/433/525 346/444/526 347/445/528
f 337/435/529 336/434/527 347/445/528 348/446/530
f 338/436/531 337/435/529 348/446/530 349/447/532
f 339/437/533 338/436/531 349/447/532 350/448/534
f 340/438/535 339/437/533 350/448/534 351/449/536
f 341/439/537 340/438/535 351/449/536 352/450/538
f 342/440/539 341/439/537 352/450/538 353/451/540
f 640/830/541 342/440/539 353/451/540 639/828/542
f 345/443/524 344/442/523 355/453/543 356/454/544
f 346/444/526 345/443/524 356/454/544 357/455/545
f 347/445/528 346/444/526 357/455/545 358/456/546
f 348/446/530 347/445/528 358/456/546 359/457/547
f 349/447/532 348/446/530 359/457/547 360/458/548
f 350/448/534 349/447/532 360/458/548 361/459/549
f 351/449/536 350/448/534 361/459/549 362/460/550
f 352/450/538 351/449/536 362/460/550 363/461/551
f 353/451/540 352/450/538 363/461/551 364/462/552
f 639/828/542 353/451/540 364/462/552 638/827/553
f 356/454/544 355/453/543 366/464/554 367/465/555
f 357/455/545 356/454/544 367/465/555 368/466/556
f 358/456/546 357/455/545 368/466/556 369/467/557
f 359/457/547 358/456/546 369/467/557 370/468/558
f 360/458/548 359/457/547 370/468/558 371/469/559
f 361/459/549 360/458/548 371/469/559 372/470/560
f 362/460/550 361/459/549 372/470/560 373/471/561
f 363/461/551 362/460/550 373/471/561 374/472/562
f 364/462/552 363/461/551 374/472/562 375/473/563
f 638/827/553 364/462/552 375/473/563 637/826/564
f 367/465/555 366/464/554 377/475/565 378/476/566
f 368/466/556 367/465/555 378/476/566 379/477/567
f 369/467/557 368/466/556 379/477/567 380/478/568
f 370/468/558 369/467/557 380/478/568 381/479/569
f 371/469/559 370/468/558 381/479/569 382/480/570
f 372/470/560 371/469/559 382/480/570 383/481/571
f 373/471/561 372/470/560 383/481/571 384/482/572
f 374/472/562 373/471/561 384/482/572 385/483/573
f 375/473/563 374/472/562 385/483/573 386/484/574
f 637/826/564 375/473/563 386/484/574 636/825/575
f 378/476/566 377/475/565 388/486/576 389/487/577
f 379/477/567 378/476/566 389/487/577 390/488/578
f 380/478/568 379/477/567 390/488/578 391/489/579
f 381/479/569 380/478/568 391/489/579 392/490/580
f 382/480/570 381/479/569 392/490/580 393/491/581
f 383/481/571 382/480/570 393/491/581 394/492/582
f 384/482/572 383/481/571 394/492/582 395/493/583
f 385/483/573 384/482/572 395/493/583 396/494/584
f 386/484/574 385/483/573 396/494/584 397/495/585
f 636/825/575 386/484/574 397/495/585 635/824/586
f 389/487/577 388/486/576 399/497/587 400/498/588
f 390/488/578 389/487/577 400/498/588 401/499/589
f 391/489/579 390/488/578 401/499/589 402/500/590
f 392/490/580 391/489/579 402/500/590 403/501/591
f 393/491/581 392/490/580 403/501/591 404/502/592
f 394/492/582 393/491/581 404/502/592 405/503/593
f 395/493/583 394/492/582 405/503/593 406/504/594
f 396/494/584 395/493/583 406/504/594 407/505/595
f 397/495/585 396/494/584 407/505/595 408/506/596
f 635/824/586 397/495/585 408/506/596 634/823/597
f 400/498/588 399/497/587 410/508/598 411/509/599
f 401/499/589 400/498/588 411/509/599 412/510/600
f 402/500/590 401/499/589 412/510/600 413/511/601
f 403/501/591 402/500/590 413/511/601 414/512/602
f 404/502/592 403/501/591 414/512/602 415/513/603
f 405/503/593 404/502/592 415/513/603 416/514/604
f 406/504/594 405/503/593 416/514/604 417/515/605
f 407/505/595 406/504/594 417/515/605 418/516/606
f 408/506/596 407/505/595 418/516/606 419/517/607
f 634/823/597 408/506/596 419/517/607 633/822/608
f 411/509/599 410/508/598 421/519/609 422/520/610
f 412/510/600 411/509/599 422/520/610 423/521/611
f 413/511/601 412/510/600 423/521/611 424/522/612
f 414/512/602 413/511/601 424/522/612 425/523/613
f 415/513/603 414/512/602 425/523/613 426/524/614
f 416/514/604 415/513/603 426/524/614 427/525/615
f 417/515/605 416/514/604 427/525/615 428/526/616
f 418/516/606 417/515/605 428/526/616 429/527/617
f 419/517/607 418/516/606 429/527/617 430/528/618
f 652/842/619 633/822/608 419/517/607 430/528/618
f 422/520/610 421/519/609 432/530/620 433/531/621
f 423/521/611 422/520/610 433/531/621 434/532/622
f 424/522/612 423/521/611 434/532/622 435/533/623
f 425/523/613 424/522/612 435/533/623 436/534/624
f 426/524/614 425/523/613 436/534/624 437/535/625
f 427/525/615 426/524/614 437/535/625 438/536/626
f 428/526/616 427/525/615 438/536/626 439/537/627
f 429/527/617 428/526/616 439/537/627 440/538/628
f 430/528/618 429/527/617 440/538/628 441/539/629
f 652/842/619 430/528/618 441/539/629 651/841/630
f 433/531/621 432/530/620 443/541/631 444/542/632
f 434/532/622 433/531/621 444/542/632 445/543/633
f 435/533/623 434/532/622 445/543/633 446/544/634
f 436/534/624 435/533/623 446/544/634 447/545/635
f 437/535/625 436/534/624 447/545/635 448/546/636
f 438/536/626 437/535/625 448/546/636 449/547/637
f 439/537/627 438/536/626 449/547/637 450/548/638
f 440/538/628 439/537/627 450/548/638 451/549/639
f 441/539/629 440/538/628 451/549/639 452/550/640
f 651/841/630 441/539/629 452/550/640 650/840/641
f 444/542/632 443/541/631 454/552/642 455/553/643
f 445/543/633 444/542/632 455/553/643 456/554/644
f 446/544/634 445/543/633 456/554/644 457/555/645
f 447/545/635 446/544/634 457/555/645 458/556/646
f 448/546/636 447/545/635 458/556/646 459/557/647
f 449/547/637 448/546/636 459/557/647 460/558/648
f 450/548/638 449/547/637 460/558/648 461/559/649
f 451/549/639 450/548/638 461/559/649 462/560/650
f 452/550/640 451/549/639 462/560/650 463/561/651
f 650/840/641 452/550/640 463/561/651 649/839/652
f 455/553/643 454/552/642 465/563/653 466/564/654
f 456/554/644 455/553/643 466/564/654 467/565/655
f 457/555/645 456/554/644 467/565/655 468/566/656
f 458/556/646 457/555/645 468/566/656 469/567/657
f 459/557/647 458/556/646 469/567/657 470/568/658
f 460/558/648 459/557/647 470/568/658 471/569/659
f 461/559/649 460/558/648 471/569/659 472/570/660
f 462/560/650 461/559/649 472/570/660 473/571/661
f 463/561/651 462/560/650 473/571/661 474/572/662
f 649/839/652 463/561/651 474/572/662 648/838/663
f 466/564/654 465/563/653 476/574/664 477/575/665
f 467/565/655 466/564/654 477/575/665 478/576/666
f 468/566/656 467/565/655 478/576/666 479/577/667
f 469/567/657 468/566/656 479/577/667 480/578/668
f 470/568/658 469/567/657 480/578/668 481/579/669
f 471/569/659 470/568/658 481/579/669 482/580/670
f 472/570/660 471/569/659 482/580/670 483/581/671
f 473/571/661 472/570/660 483/581/671 484/582/672
f 474/572/662 473/571/661 484/582/672 485/583/673
f 648/838/663 474/572/662 485/583/673 647/837/674
f 477/575/665 476/574/664 487/585/675 488/586/676
f 478/576/666 477/575/665 488/586/676 489/587/677
f 479/577/667 478/576/666 489/587/677 490/588/678
f 480/578/668 479/577/667 490/588/678 491/589/679
f 481/579/669 480/578/668 491/589/679 492/590/680
f 482/580/670 481/579/669 492/590/680 493/591/681
f 483/581/671 482/580/670 493/591/681 494/592/682
f 484/582/672 483/581/671 494/592/682 495/593/683
f 485/583/673 484/582/672 495/593/683 496/594/684
f 647/837/674 485/583/673 496/594/684 646/836/685
f 488/586/676 487/585/675 498/596/686 499/597/687
f 489/587/677 488/586/676 499/597/687 500/598/688
f 490/588/678 489/587/677 500/598/688 501/599/689
f 491/589/679 490/588/678 501/599/689 502/600/690
f 492/590/680 491/589/679 502/600/690 503/601/691
f 493/591/681 492/590/680 503/601/691 504/602/692
f 494/592/682 493/591/681 504/602/692 505/603/693
f 495/593/683 494/592/682 505/603/693 506/604/694
f 496/594/684 495/593/683 506/604/694 507/605/695
f 646/836/685 496/594/684 507/605/695 645/835/696
f 499/597/687 498/596/686 509/607/697 510/608/698
f 500/598/688 499/597/687 510/608/698 511/609/699
f 501/599/689 500/598/688 511/609/699 512/610/700
f 502/600/690 501/599/689 512/610/700 513/611/701
f 503/601/691 502/600/690 513/611/701 514/612/702
f 504/602/692 503/601/691 514/612/702 515/613/703
f 505/603/693 504/602/692 515/613/703 516/614/704
f 506/604/694 505/603/693 516/614/704 517/615/705
f 507/605/695 506/604/694 517/615/705 518/616/706
f 645/835/696 507/605/695 518/616/706 644/834/707
f 510/608/698 509/607/697 520/618/708 521/619/709
f 511/609/699 510/608/698 521/619/709 522/620/710
f 512/610/700 511/609/699 522/620/710 523/621/711
f 513/611/701 512/610/700 523/621/711 524/622/712
f 514/612/702 513/611/701 524/622/712 525/623/713
f 515/613/703 514/612/702 525/623/713 526/624/714
f 516/614/704 515/613/703 526/624/714 527/625/715
f 517/615/705 516/614/704 527/625/715 528/626/716
f 518/616/706 517/615/705 528/626/716 529/627/717
f 644/834/707 518/616/706 529/627/717 643/833/718
f 521/619/709 520/618/708 531/629/719 532/630/720
f 522/620/710 521/619/709 532/630/720 533/631/721
f 523/621/711 522/620/710 533/631/721 534/632/722
f 524/622/712 523/621/711 534/632/722 535/633/723
f 525/623/713 524/622/712 535/633/723 536/634/724
f 526/624/714 525/623/713 536/634/724 537/635/725
f 527/625/715 526/624/714 537/635/725 538/636/726
f 528/626/716 527/625/715 538/636/726 539/637/727
f 529/627/717 528/626/716 539/637/727 540/638/728
f 643/833/718 529/627/717 540/638/728 642/832/729
f 532/630/720 531/629/719 542/640/730 543/641/731
f 533/631/721 532/630/720 543/641/731 544/642/732
f 534/632/722 533/631/721 544/642/732 545/643/733
f 535/633/723 534/632/722 545/643/733 546/644/734
f 536/634/724 535/633/723 546/644/734 547/645/735
f 537/635/725 536/634/724 547/645/735 548/646/736
f 538/636/726 537/635/725 548/646/736 549/647/737
f 539/637/727 538/636/726 549/647/737 550/648/738
f 540/638/728 539/637/727 550/648/738 551/649/739
f 642/832/729 540/638/728 551/649/739 641/831/740
f 543/641/731 542/640/730 333/651/522 334/652/521
f 544/642/732 543/641/731 334/652/521 335/653/525
f 545/643/733 544/642/732 335/653/525 336/654/527
f 546/644/734 545/643/733 336/654/527 337/655/529
f 547/645/735 546/644/734 337/655/529 338/656/531
f 548/646/736 547/645/735 338/656/531 339/657/533
f 549/647/737 548/646/736 339/657/533 340/658/535
f 550/648/738 549/647/737 340/658/535 341/659/537
f 551/649/739 550/648/738 341/659/537 342/660/539
f 641/831/740 551/649/739 342/660/539 640/829/541
s off
f 344/1045/741 333/662/742 553/1046/743 554/663/744
f 355/1047/745 344/664/746 554/1048/747 555/665/748
f 366/1049/749 355/666/750 555/1050/751 556/667/752
f 377/1051/753 366/668/754 556/1052/755 557/669/756
f 388/1053/757 377/670/758 557/1054/759 558/671/760
f 399/1055/761 388/672/762 558/1056/763 559/673/764
f 410/1057/765 399/674/766 559/1058/767 560/675/768
f 421/1059/769 410/676/770 560/1060/771 561/677/772
f 432/1061/773 421/678/774 561/1062/775 562/679/776
f 443/1063/777 432/680/778 562/1064/779 563/681/780
f 454/1065/781 443/682/782 563/1066/783 564/683/784
f 465/1067/785 454/684/786 564/1068/787 565/685/788
f 476/1069/789 465/686/790 565/1070/791 566/687/792
f 487/1071/793 476/688/794 566/1072/795 567/689/796
f 498/1073/797 487/690/798 567/1074/799 568/691/800
f 509/1075/801 498/692/802 568/1076/803 569/693/804
f 520/1077/805 509/694/806 569/1078/807 570/695/808
f 531/1079/809 520/696/810 570/1080/811 571/697/812
f 542/1081/813 531/698/814 571/1082/815 572/699/816
f 333/1083/817 542/700/818 572/1084/819 553/701/820
s 2
f 554/1085/821 553/1086/822 629/814/823 630/817/824
f 555/1087/825 554/1088/821 630/816/824 631/819/826
f 556/1089/827 555/1090/825 631/818/826 632/821/828
f 557/1091/829 556/1092/827 632/820/828 613/783/830
f 558/1093/831 557/1094/829 613/782/830 614/785/832
f 559/1095/833 558/1096/831 614/784/832 615/787/834
f 560/1097/835 559/1098/833 615/786/834 616/789/836
f 561/1099/837 560/1100/835 616/788/836 617/791/838
f 562/1101/839 561/1102/837 617/790/838 618/793/840
f 563/1103/841 562/1104/839 618/792/840 619/795/842
f 564/1105/843 563/1106/841 619/794/842 620/797/844
f 565/1107/845 564/1108/843 620/796/844 621/799/846
f 566/1109/847 565/1110/845 621/798/846 622/801/848
f 567/1111/849 566/1112/847 622/800/848 623/803/850
f 568/1113/851 567/1114/849 623/802/850 624/805/852
f 569/1115/853 568/1116/851 624/804/852 625/807/854
f 570/1117/855 569/1118/853 625/806/854 626/809/856
f 571/1119/857 570/1120/855 626/808/856 627/811/858
f 572/1121/859 571/1122/857 627/810/858 628/813/860
f 553/1123/822 572/1124/859 628/812/860 629/815/823
s 3
f 654/843/861 653/844/862 655/845/863 656/846/864
f 657/847/865 654/848/861 656/849/864 658/850/866
f 659/851/867 657/852/865 658/853/866 660/854/868
f 661/855/869 659/856/867 660/857/868 662/858/870
f 663/859/871 661/860/869 662/861/870 664/862/872
f 665/863/873 663/864/871 664/865/872 666/866/874
f 667/867/875 665/868/873 666/869/874 668/870/876
f 669/871/877 667/872/875 668/873/876 670/874/878
f 671/875/879 669/876/877 670/877/878 672/878/880
f 673/879/881 671/880/879 672/881/880 674/882/882
f 675/883/883 673/884/881 674/885/882 676/886/884
f 677/887/885 675/888/883 676/889/884 678/890/886
f 679/891/887 677/892/885 678/893/886 680/894/888
f 681/895/889 679/896/887 680/897/888 682/898/890
f 683/899/891 681/900/889 682/901/890 684/902/892
f 685/903/893 683/904/891 684/905/892 686/906/894
f 687/907/895 685/908/893 686/909/894 688/910/896
f 689/911/897 687/912/895 688/913/896 690/914/898
f 691/915/899 689/916/897 690/917/898 692/918/900
f 653/919/862 691/920/899 692/921/900 655/922/863
s 4
f 694/923/901 693/924/902 695/925/903 696/926/904
f 697/927/905 694/928/901 696/929/904 698/930/906
f 699/931/907 697/932/905 698/933/906 700/934/908
f 701/935/909 699/936/907 700/937/908 702/938/910
f 703/939/911 701/940/909 702/941/910 704/942/912
f 705/943/913 703/944/911 704/945/912 706/946/914
f 707/947/915 705/948/913 706/949/914 708/950/916
f 709/951/917 707/952/915 708/953/916 710/954/918
f 711/955/919 709/956/917 710/957/918 712/958/920
f 713/959/921 711/960/919 712/961/920 714/962/922
f 715/963/923 713/964/921 714/965/922 716/966/924
f 717/967/925 715/968/923 716/969/924 718/970/926
f 719/971/927 717/972/925 718/973/926 720/974/928
f 721/975/929 719/976/927 720/977/928 722/978/930
f 723/979/931 721/980/929 722/981/930 724/982/932
f 725/983/933 723/984/931 724/985/932 726/986/934
f 727/987/935 725/988/933 726/989/934 728/990/936
f 729/991/937 727/992/935 728/993/936 730/994/938
f 731/995/939 729/996/937 730/997/938 732/998/940
f 693/999/902 731/1000/939 732/1001/940 695/1002/903
s 5
f 734/1006/941 733/1003/942 735/1004/943 736/1005/944
f 738/1008/945 737/1007/946 733/1003/942 734/1006/941
f 740/1010/947 739/1009/948 737/1007/946 738/1008/945
f 742/1012/949 741/1011/950 739/1009/948 740/1010/947
f 744/1014/951 743/1013/952 741/1011/950 742/1012/949
f 746/1016/953 745/1015/954 743/1013/952 744/1014/951
f 748/1018/955 747/1017/956 745/1015/954 746/1016/953
f 750/1022/957 749/1019/958 747/1020/956 748/1021/955
f 752/1024/959 751/1023/960 749/1019/958 750/1022/957
f 754/1026/961 753/1025/962 751/1023/960 752/1024/959
f 756/1028/963 755/1027/964 753/1025/962 754/1026/961
f 758/1030/965 757/1029/966 755/1027/964 756/1028/963
f 760/1032/967 759/1031/968 757/1029/966 758/1030/965
f 762/1034/969 761/1033/970 759/1031/968 760/1032/967
f 764/1036/971 763/1035/972 761/1033/970 762/1034/969
f 766/1038/973 765/1037/974 763/1035/972 764/1036/971
f 768/1040/975 767/1039/976 765/1037/974 766/1038/973
f 770/1042/977 769/1041/978 767/1039/976 768/1040/975
f 772/1044/979 771/1043/980 769/1041/978 770/1042/977
f 736/1005/944 735/1004/943 771/1043/980 772/1044/979
s off
f 594/745/981 593/742/982 653/844/983 654/843/984
f 576/708/985 577/709/986 656/846/987 655/845/988
f 595/747/989 594/744/990 654/848/991 657/847/992
f 577/710/993 578/711/994 658/850/995 656/849/996
f 596/749/997 595/746/998 657/852/999 659/851/1000
f 578/712/1001 579/713/1002 660/854/1003 658/853/1004
f 597/751/1005 596/748/1006 659/856/1007 661/855/1008
f 579/714/1009 580/715/1010 662/858/1011 660/857/1012
f 598/753/1013 597/750/1014 661/860/1015 663/859/1016
f 580/716/1017 581/717/1018 664/862/1019 662/861/1020
f 599/755/1021 598/752/1022 663/864/1023 665/863/1024
f 581/718/1025 582/719/1026 666/866/1027 664/865/1028
f 600/757/1029 599/754/1030 665/868/1031 667/867/1032
f 582/720/1033 583/721/1034 668/870/1035 666/869/1036
f 601/759/1037 600/756/1038 667/872/1039 669/871/1040
f 583/722/1041 584/723/1042 670/874/1043 668/873/1044
f 602/761/1045 601/758/1046 669/876/1047 671/875/1048
f 584/724/1049 585/725/1050 672/878/1051 670/877/1052
f 603/763/1053 602/760/1054 671/880/1055 673/879/1056
f 585/726/1057 586/727/1058 674/882/1059 672/881/1060
f 604/765/1061 603/762/1062 673/884/1063 675/883/1064
f 586/728/1065 587/729/1066 676/886/1067 674/885/1068
f 605/767/1069 604/764/1070 675/888/1071 677/887/1072
f 587/730/1073 588/731/1074 678/890/1075 676/889/1076
f 606/769/1077 605/766/1078 677/892/1079 679/891/1080
f 588/732/1081 589/733/1082 680/894/1083 678/893/1084
f 607/771/1085 606/768/1086 679/896/1087 681/895/1088
f 589/734/1089 590/735/1090 682/898/1091 680/897/1092
f 608/773/1093 607/770/1094 681/900/1095 683/899/1096
f 590/736/1097 591/737/1098 684/902/1099 682/901/1100
f 609/775/1101 608/772/1102 683/904/1103 685/903/1104
f 591/738/1105 592/739/1106 686/906/1107 684/905/1108
f 610/777/1109 609/774/1110 685/908/1111 687/907/1112
f 592/740/1113 573/741/1114 688/910/1115 686/909/1116
f 611/779/1117 610/776/1118 687/912/1119 689/911/1120
f 573/702/1121 574/703/1122 690/914/1123 688/913/1124
f 612/781/1125 611/778/1126 689/916/1127 691/915/1128
f 574/704/1129 575/705/1130 692/918/1131 690/917/1132
f 593/743/1133 612/780/1134 691/920/1135 653/919/1136
f 575/706/1137 576/707/1138 655/922/1139 692/921/1140
f 614/785/1141 613/782/1142 693/924/1143 694/923/1144
f 594/744/1145 595/747/1146 696/926/1147 695/925/1148
f 615/787/1149 614/784/1150 694/928/1151 697/927/1152
f 595/746/1153 596/749/1154 698/930/1155 696/929/1156
f 616/789/1157 615/786/1158 697/932/1159 699/931/1160
f 596/748/1161 597/751/1162 700/934/1163 698/933/1164
f 617/791/1165 616/788/1166 699/936/1167 701/935/1168
f 597/750/1169 598/753/1170 702/938/1171 700/937/1172
f 618/793/1173 617/790/1174 701/940/1175 703/939/1176
f 598/752/1177 599/755/1178 704/942/1179 702/941/1180
f 619/795/1181 618/792/1182 703/944/1183 705/943/1184
f 599/754/1185 600/757/1186 706/946/1187 704/945/1188
f 620/797/1189 619/794/1190 705/948/1191 707/947/1192
f 600/756/1193 601/759/1194 708/950/1195 706/949/1196
f 621/799/1197 620/796/1198 707/952/1199 709/951/1200
f 601/758/1201 602/761/1202 710/954/1203 708/953/1204
f 622/801/1205 621/798/1206 709/956/1207 711/955/1208
f 602/760/1209 603/763/1210 712/958/1211 710/957/1212
f 623/803/1213 622/800/1214 711/960/1215 713/959/1216
f 603/762/1217 604/765/1218 714/962/1219 712/961/1220
f 624/805/1221 623/802/1222 713/964/1223 715/963/1224
f 604/764/1225 605/767/1226 716/966/1227 714/965/1228
f 625/807/1229 624/804/1230 715/968/1231 717/967/1232
f 605/766/1233 606/769/1234 718/970/1235 716/969/1236
f 626/809/1237 625/806/1238 717/972/1239 719/971/1240
f 606/768/1241 607/771/1242 720/974/1243 718/973/1244
f 627/811/1245 626/808/1246 719/976/1247 721/975/1248
f 607/770/1249 608/773/1250 722/978/1251 720/977/1252
f 628/813/1253 627/810/1254 721/980/1255 723/979/1256
f 608/772/1257 609/775/1258 724/982/1259 722/981/1260
f 629/815/1261 628/812/1262 723/984/1263 725/983/1264
f 609/774/1265 610/777/1266 726/986/1267 724/985/1268
f 630/817/1269 629/814/1270 725/988/1271 727/987/1272
f 610/776/1273 611/779/1274 728/990/1275 726/989/1276
f 631/819/1277 630/816/1278 727/992/1279 729/991/1280
f 611/778/1281 612/781/1282 730/994/1283 728/993/1284
f 632/821/1285 631/818/1286 729/996/1287 731/995/1288
f 612/780/1289 593/743/1290 732/998/1291 730/997/1292
f 613/783/1293 632/820/1294 731/1000/1295 693/999/1296
f 593/742/1297 594/745/1298 695/1002/1299 732/1001/1300
f 634/823/1301 633/822/1302 735/1004/1303 733/1003/1304
f 420/518/1305 409/507/1306 734/1006/1307 736/1005/1308
f 635/824/1309 634/823/1310 733/1003/1311 737/1007/1312
f 409/507/1313 398/496/1314 738/1008/1315 734/1006/1316
f 636/825/1317 635/824/1318 737/1007/1319 739/1009/1320
f 398/496/1321 387/485/1322 740/1010/1323 738/1008/1324
f 637/826/1325 636/825/1326 739/1009/1327 741/1011/1328
f 387/485/1329 376/474/1330 742/1012/1331 740/1010/1332
f 638/827/1333 637/826/1334 741/1011/1335 743/1013/1336
f 376/474/1337 365/463/1338 744/1014/1339 742/1012/1340
f 639/828/1341 638/827/1342 743/1013/1343 745/1015/1344
f 365/463/1345 354/452/1346 746/1016/1347 744/1014/1348
f 640/830/1349 639/828/1350 745/1015/1351 747/1017/1352
f 354/452/1353 343/441/1354 748/1018/1355 746/1016/1356
f 641/831/1357 640/829/1358 747/1020/1359 749/1019/1360
f 343/661/1361 552/650/1362 750/1022/1363 748/1021/1364
f 642/832/1365 641/831/1366 749/1019/1367 751/1023/1368
f 552/650/1369 541/639/1370 752/1024/1371 750/1022/1372
f 643/833/1373 642/832/1374 751/1023/1375 753/1025/1376
f 541/639/1377 530/628/1378 754/1026/1379 752/1024/1380
f 644/834/1381 643/833/1382 753/1025/1383 755/1027/1384
f 530/628/1385 519/617/1386 756/1028/1387 754/1026/1388
f 645/835/1389 644/834/1390 755/1027/1391 757/1029/1392
f 519/617/1393 508/606/1394 758/1030/1395 756/1028/1396
f 646/836/1397 645/835/1398 757/1029/1399 759/1031/1400
f 508/606/1401 497/595/1402 760/1032/1403 758/1030/1404
f 647/837/1405 646/836/1406 759/1031/1407 761/1033/1408
f 497/595/1409 486/584/1410 762/1034/1411 760/1032/1412
f 648/838/1413 647/837/1414 761/1033/1415 763/1035/1416
f 486/584/1417 475/573/1418 764/1036/1419 762/1034/1420
f 649/839/1421 648/838/1422 763/1035/1423 765/1037/1424
f 475/573/1425 464/562/1426 766/1038/1427 764/1036/1428
f 650/840/1429 649/839/1430 765/1037/1431 767/1039/1432
f 464/562/1433 453/551/1434 768/1040/1435 766/1038/1436
f 651/841/1437 650/840/1438 767/1039/1439 769/1041/1440
f 453/551/1441 442/540/1442 770/1042/1443 768/1040/1444
f 652/842/1445 651/841/1446 769/1041/1447 771/1043/1448
f 442/540/1449 431/529/1450 772/1044/1451 770/1042/1452
f 633/822/1453 652/842/1454 771/1043/1455 735/1004/1456
f 431/529/1457 420/518/1458 736/1005/1459 772/1044/1460
s 6
f 776/1125/1461 775/1126/1462 778/1127/1463 777/1128/1464
f 775/1126/1462 774/1129/1465 779/1130/1466 778/1127/1463
s 7
f 774/1129/1467 773/1131/1468 780/1132/1469 779/1130/1470
s 8
f 779/1130/1471 780/1132/1472 788/1133/1473 787/1134/1474
s 6
f 777/1128/1464 778/1127/1463 786/1135/1475 785/1136/1476
f 778/1127/1463 779/1130/1477 787/1137/1478 786/1135/1475
s 9
f 773/1131/1479 774/1129/1480 783/1138/1481 784/1139/1482
s 6
f 774/1129/1483 775/1126/1462 782/1140/1484 783/1141/1485
f 775/1126/1462 776/1125/1461 781/1142/1486 782/1140/1484
s 10
f 784/1143/1487 783/1141/1488 787/1137/1489 788/1144/1490
s 6
f 783/1141/1491 782/1140/1484 786/1135/1475 787/1137/1492
f 782/1140/1484 781/1142/1486 785/1136/1476 786/1135/1475
s off
f 789/1145/1493 790/1146/1494 794/1147/1495 793/1148/1496
f 790/1146/1497 789/1145/1498 791/1149/1499 792/1150/1500
f 792/1150/1501 791/1149/1502 795/1151/1503 796/1152/1504
f 793/1148/1505 794/1147/1506 796/1152/1507 795/1151/1508
s 7
f 790/1153/1509 792/1154/1510 780/1132/1469 773/1131/1468
s 10
f 784/1143/1487 788/1144/1490 796/1152/1511 794/1147/1512
s 8
f 792/1154/1513 796/1155/1514 788/1133/1473 780/1132/1472
s 9
f 794/1156/1515 790/1153/1516 773/1131/1479 784/1139/1482
s off
f 776/1125/1517 777/1128/1518 797/1157/1519 798/1158/1520
f 777/1128/1521 785/1136/1522 799/1159/1523 797/1157/1524
f 785/1136/1525 781/1142/1526 800/1160/1527 799/1159/1528
f 781/1142/1529 776/1125/1530 798/1158/1531 800/1160/1532
s 11
f 798/1158/1533 797/1157/1534 801/1161/1535 802/1162/1536
s off
f 797/1157/1537 799/1159/1538 803/1163/1539 801/1161/1540
s 12
f 799/1159/1541 800/1160/1542 804/1164/1543 803/1163/1544
s off
f 814/1165/1545 813/1166/1546 815/1167/1547 816/1168/1548
f 802/1162/1549 801/1161/1550 805/1169/1551 806/1170/1552
f 801/1161/1553 803/1163/1554 807/1171/1555 805/1169/1556
f 803/1163/1557 804/1164/1558 808/1172/1559 807/1171/1560
s 13
f 804/1164/1561 802/1162/1562 806/1170/1563 808/1172/1564
s off
f 806/1170/1565 805/1169/1566 809/1173/1567 810/1174/1568
f 805/1169/1569 807/1171/1570 811/1175/1571 809/1173/1572
f 807/1171/1573 808/1172/1574 812/1176/1575 811/1175/1576
f 808/1172/1577 806/1170/1578 810/1174/1579 812/1176/1580
f 810/1174/1581 809/1173/1582 811/1175/1583 812/1176/1584
f 800/1160/1585 798/1158/1586 813/1166/1587 814/1165/1588
s 11
f 798/1158/1533 802/1162/1536 815/1167/1589 813/1166/1590
s 13
f 802/1162/1562 804/1164/1561 816/1168/1591 815/1167/1592
s 12
f 804/1164/1543 800/1160/1542 814/1165/1593 816/1168/1594
s 14
f 820/1177/1595 819/1178/1596 1257/1179/1597 1258/1180/1598
f 819/1178/1596 818/1181/1599 1256/1182/1600 1257/1179/1597
f 818/1183/1599 817/1184/1601 1255/1185/1602 1256/1186/1600
f 817/1184/1601 828/1187/1603 1254/1188/1604 1255/1185/1602
f 824/1189/1605 823/1190/1606 833/1191/1607 832/1192/1608
f 823/1190/1606 822/1193/1609 834/1194/1610 833/1191/1607
f 822/1195/1609 821/1196/1611 835/1197/1612 834/1198/1610
f 821/1196/1611 820/1177/1595 836/1199/1613 835/1197/1612
f 1409/1200/1614 1410/1201/1615 1403/1202/1616 1404/1203/1617
f 1410/1201/1615 1411/1204/1618 1402/1205/1619 1403/1202/1616
f 1411/1204/1618 1412/1206/1620 1401/1207/1621 1402/1205/1619
f 1412/1206/1620 1413/1208/1622 1400/1209/1623 1401/1207/1621
f 1414/1210/1624 1415/1211/1625 1398/1212/1626 1399/1213/1627
f 1415/1211/1625 1416/1214/1628 1397/1215/1629 1398/1212/1626
f 1416/1214/1628 1417/1216/1630 1396/1217/1631 1397/1215/1629
f 1417/1216/1630 1418/1218/1632 1395/1219/1633 1396/1217/1631
f 840/1220/1634 839/1221/1635 1262/1222/1636 1263/1223/1637
f 839/1221/1635 838/1224/1638 1261/1225/1639 1262/1222/1636
f 838/1224/1638 837/1226/1640 1260/1227/1641 1261/1225/1639
f 837/1226/1640 836/1199/1613 1259/1228/1642 1260/1227/1641
f 844/1229/1643 843/1230/1644 945/1231/1645 956/1232/1646
f 843/1230/1644 842/1233/1647 946/1234/1648 945/1231/1645
f 842/1235/1647 841/1236/1649 947/1237/1650 946/1238/1648
f 841/1236/1649 840/1220/1634 948/1239/1651 947/1237/1650
f 848/1240/1652 847/1241/1653 997/1242/1654 996/1243/1655
f 847/1241/1653 846/1244/1656 998/1245/1657 997/1242/1654
f 846/1244/1656 845/1246/1658 999/1247/1659 998/1245/1657
f 845/1246/1658 860/1248/1660 1000/1249/1661 999/1247/1659
f 852/1250/1662 851/1251/1663 1250/1252/1664 1251/1253/1665
f 851/1251/1663 850/1254/1666 1249/1255/1667 1250/1252/1664
f 850/1256/1666 849/1257/1668 1248/1258/1669 1249/1259/1667
f 849/1257/1668 848/1240/1652 1247/1260/1670 1248/1258/1669
f 860/1248/1660 859/1261/1671 865/1262/1672 864/1263/1673
f 859/1261/1671 858/1264/1674 866/1265/1675 865/1262/1672
f 858/1264/1674 857/1266/1676 867/1267/1677 866/1265/1675
f 857/1266/1676 856/1268/1678 868/1269/1679 867/1267/1677
f 864/1263/1673 863/1270/1680 1013/1271/1681 1012/1272/1682
f 863/1270/1680 862/1273/1683 1014/1274/1684 1013/1271/1681
f 862/1273/1683 861/1275/1685 1015/1276/1686 1014/1274/1684
f 861/1275/1685 880/1277/1687 1016/1278/1688 1015/1276/1686
f 876/1279/1689 875/1280/1690 957/1281/1691 968/1282/1692
f 875/1280/1690 874/1283/1693 958/1284/1694 957/1281/1691
f 874/1283/1693 873/1285/1695 959/1286/1696 958/1284/1694
f 873/1285/1695 872/1287/1697 960/1288/1698 959/1286/1696
f 880/1277/1687 879/1289/1699 1283/1290/1700 1284/1291/1701
f 879/1289/1699 878/1292/1702 1282/1293/1703 1283/1290/1700
f 878/1292/1702 877/1294/1704 1281/1295/1705 1282/1293/1703
f 877/1294/1704 876/1279/1689 1280/1296/1706 1281/1295/1705
f 884/1297/1707 883/1298/1708 1037/1299/1709 1036/1300/1710
f 883/1298/1708 882/1301/1711 1038/1302/1712 1037/1299/1709
f 882/1301/1711 881/1303/1713 1039/1304/1714 1038/1302/1712
f 881/1303/1713 896/1305/1715 1040/1306/1716 1039/1304/1714
f 888/1307/1717 887/1308/1718 913/1309/1719 912/1310/1720
f 887/1308/1718 886/1311/1721 914/1312/1722 913/1309/1719
f 886/1311/1721 885/1313/1723 915/1314/1724 914/1312/1722
f 885/1313/1723 884/1297/1707 916/1315/1725 915/1314/1724
f 1371/1316/1726 1372/1317/1727 1441/1318/1728 1442/1319/1729
f 1372/1317/1727 1373/1320/1730 1440/1321/1731 1441/1318/1728
f 1373/1322/1730 1374/1323/1732 1439/1324/1733 1440/1325/1731
f 1374/1323/1732 1375/1326/1734 1438/1327/1735 1439/1324/1733
f 900/1328/1736 899/1329/1737 1025/1330/1738 1024/1331/1739
f 899/1329/1737 898/1332/1740 1026/1333/1741 1025/1330/1738
f 898/1332/1740 897/1334/1742 1027/1335/1743 1026/1333/1741
f 897/1334/1742 916/1315/1725 1028/1336/1744 1027/1335/1743
f 908/1337/1745 907/1338/1746 969/1339/1747 980/1340/1748
f 907/1338/1746 906/1341/1749 970/1342/1750 969/1339/1747
f 906/1341/1749 905/1343/1751 971/1344/1752 970/1342/1750
f 905/1343/1751 904/1345/1753 972/1346/1754 971/1344/1752
f 1376/1347/1755 1377/1348/1756 1436/1349/1757 1437/1350/1758
f 1377/1348/1756 1378/1351/1759 1435/1352/1760 1436/1349/1757
f 1378/1351/1759 1379/1353/1761 1434/1354/1762 1435/1352/1760
f 1379/1353/1761 1380/1355/1763 1433/1356/1764 1434/1354/1762
f 928/1357/1765 927/1358/1766 933/1359/1767 932/1360/1768
f 927/1358/1766 926/1361/1769 934/1362/1770 933/1359/1767
f 926/1361/1769 925/1363/1771 935/1364/1772 934/1362/1770
f 925/1363/1771 924/1365/1773 936/1366/1774 935/1364/1772
f 944/1367/1775 943/1368/1776 981/1369/1777 992/1370/1778
f 943/1368/1776 942/1371/1779 982/1372/1780 981/1369/1777
f 942/1371/1779 941/1373/1781 983/1374/1782 982/1372/1780
f 941/1373/1781 940/1375/1783 984/1376/1784 983/1374/1782
f 952/1377/1785 951/1378/1786 1267/1379/1787 1268/1380/1788
f 951/1378/1786 950/1381/1789 1266/1382/1790 1267/1379/1787
f 950/1383/1789 949/1384/1791 1265/1385/1792 1266/1386/1790
f 949/1384/1791 948/1239/1651 1264/1387/1793 1265/1385/1792
f 1419/1388/1794 1420/1389/1795 1393/1390/1796 1394/1391/1797
f 1420/1389/1795 1421/1392/1798 1392/1393/1799 1393/1390/1796
f 1421/1392/1798 1422/1394/1800 1391/1395/1801 1392/1393/1799
f 1422/1394/1800 1423/1396/1802 1390/1397/1803 1391/1395/1801
f 968/1282/1692 967/1398/1804 1274/1399/1805 1275/1400/1806
f 967/1398/1804 966/1401/1807 1273/1402/1808 1274/1399/1805
f 966/1403/1807 965/1404/1809 1272/1405/1810 1273/1406/1808
f 965/1404/1809 964/1407/1811 1271/1408/1812 1272/1405/1810
f 1381/1409/1813 1382/1410/1814 1431/1411/1815 1432/1412/1816
f 1382/1410/1814 1383/1413/1817 1430/1414/1818 1431/1411/1815
f 1383/1415/1817 1384/1416/1819 1429/1417/1820 1430/1418/1818
f 1384/1416/1819 1385/1419/1821 1428/1420/1822 1429/1417/1820
f 996/1243/1655 995/1421/1823 1245/1422/1824 1246/1423/1825
f 995/1421/1823 994/1424/1826 1244/1425/1827 1245/1422/1824
f 994/1424/1826 993/1426/1828 1243/1427/1829 1244/1425/1827
f 993/1426/1828 1004/1428/1830 1242/1429/1831 1243/1427/1829
f 1004/1428/1830 1003/1430/1832 1009/1431/1833 1008/1432/1834
f 1003/1430/1832 1002/1433/1835 1010/1434/1836 1009/1431/1833
f 1002/1433/1835 1001/1435/1837 1011/1436/1838 1010/1434/1836
f 1001/1435/1837 1000/1249/1661 1012/1272/1682 1011/1436/1838
f 1008/1432/1834 1007/1437/1839 1240/1438/1840 1241/1439/1841
f 1007/1437/1839 1006/1440/1842 1239/1441/1843 1240/1438/1840
f 1006/1440/1842 1005/1442/1844 1238/1443/1845 1239/1441/1843
f 1005/1442/1844 1016/1278/1688 1237/1444/1846 1238/1443/1845
f 1020/1445/1847 1019/1446/1848 1033/1447/1849 1032/1448/1850
f 1019/1446/1848 1018/1449/1851 1034/1450/1852 1033/1447/1849
f 1018/1449/1851 1017/1451/1853 1035/1452/1854 1034/1450/1852
f 1017/1451/1853 1028/1336/1744 1036/1300/1710 1035/1452/1854
f 1413/1208/1622 1414/1210/1624 1399/1213/1627 1400/1209/1623
f 1004/1428/1830 1008/1432/1834 1241/1439/1841 1242/1429/1831
f 1375/1326/1734 1376/1347/1755 1437/1350/1758 1438/1327/1735
f 1258/1180/1598 1259/1228/1642 836/1199/1613 820/1177/1595
f 1423/1396/1802 1424/1453/1855 1389/1454/1856 1390/1397/1803
f 1408/1455/1857 1409/1200/1614 1404/1203/1617 1405/1456/1858
s 35
f 1204/1457/1859 1203/1458/1860 1277/1459/1861 1278/1460/1862
s 14
f 1433/1356/1764 1380/1355/1763 1381/1409/1813 1432/1412/1816
f 840/1220/1634 1263/1223/1637 1264/1387/1793 948/1239/1651
f 1395/1219/1633 1418/1218/1632 1419/1388/1794 1394/1391/1797
f 860/1248/1660 864/1263/1673 1012/1272/1682 1000/1249/1661
f 880/1277/1687 1284/1291/1701 1237/1444/1846 1016/1278/1688
f 916/1315/1725 884/1297/1707 1036/1300/1710 1028/1336/1744
f 1247/1260/1670 848/1240/1652 996/1243/1655 1246/1423/1825
f 827/1461/1863 828/1187/1603 817/1184/1601 1041/1462/1864
f 1041/1462/1864 817/1184/1601 818/1183/1599 1042/1463/1865
f 1042/1464/1865 818/1181/1599 819/1178/1596 1043/1465/1866
f 819/1178/1596 820/1177/1595 821/1196/1611 1043/1465/1866
f 1043/1465/1866 821/1196/1611 822/1195/1609 1044/1466/1867
f 1044/1467/1867 822/1193/1609 823/1190/1606 1045/1468/1868
f 823/1190/1606 824/1189/1605 825/1469/1869 1045/1468/1868
f 1045/1468/1868 825/1469/1869 826/1470/1870 1046/1471/1871
f 1046/1471/1871 826/1470/1870 827/1461/1863 1041/1462/1864
f 1046/1471/1871 1041/1462/1864 1042/1463/1865 1047/1472/1872
f 1042/1464/1865 1043/1465/1866 1044/1466/1867 1047/1473/1872
f 1044/1467/1867 1045/1468/1868 1046/1471/1871 1047/1472/1872
f 843/1230/1644 844/1229/1643 829/1474/1873 1048/1475/1874
f 1048/1475/1874 829/1474/1873 830/1476/1875 1049/1477/1876
f 1049/1477/1876 830/1476/1875 831/1478/1877 1050/1479/1878
f 831/1478/1877 832/1192/1608 833/1191/1607 1050/1479/1878
f 1050/1479/1878 833/1191/1607 834/1194/1610 1051/1480/1879
f 1051/1481/1879 834/1198/1610 835/1197/1612 1052/1482/1880
f 835/1197/1612 836/1199/1613 837/1226/1640 1052/1482/1880
f 1052/1482/1880 837/1226/1640 838/1224/1638 1053/1483/1881
f 1053/1483/1881 838/1224/1638 839/1221/1635 1054/1484/1882
f 839/1221/1635 840/1220/1634 841/1236/1649 1054/1484/1882
f 1054/1484/1882 841/1236/1649 842/1235/1647 1055/1485/1883
f 1055/1486/1883 842/1233/1647 843/1230/1644 1048/1475/1874
f 1055/1486/1883 1048/1475/1874 1049/1477/1876 1056/1487/1884
f 1049/1477/1876 1050/1479/1878 1051/1480/1879 1056/1487/1884
f 1051/1481/1879 1052/1482/1880 1053/1483/1881 1056/1488/1884
f 1053/1483/1881 1054/1484/1882 1055/1485/1883 1056/1488/1884
f 859/1261/1671 860/1248/1660 845/1246/1658 1057/1489/1885
f 1057/1489/1885 845/1246/1658 846/1244/1656 1058/1490/1886
f 1058/1490/1886 846/1244/1656 847/1241/1653 1059/1491/1887
f 847/1241/1653 848/1240/1652 849/1257/1668 1059/1491/1887
f 1059/1491/1887 849/1257/1668 850/1256/1666 1060/1492/1888
f 1060/1493/1888 850/1254/1666 851/1251/1663 1061/1494/1889
f 851/1251/1663 852/1250/1662 853/1495/1890 1061/1494/1889
f 1061/1494/1889 853/1495/1890 854/1496/1891 1062/1497/1892
f 1062/1497/1892 854/1496/1891 855/1498/1893 1063/1499/1894
f 855/1498/1893 856/1268/1678 857/1266/1676 1063/1499/1894
f 1063/1499/1894 857/1266/1676 858/1264/1674 1064/1500/1895
f 1064/1500/1895 858/1264/1674 859/1261/1671 1057/1489/1885
f 1064/1500/1895 1057/1489/1885 1058/1490/1886 1065/1501/1896
f 1058/1490/1886 1059/1491/1887 1060/1492/1888 1065/1501/1896
f 1060/1493/1888 1061/1494/1889 1062/1497/1892 1065/1501/1896
f 1062/1497/1892 1063/1499/1894 1064/1500/1895 1065/1501/1896
f 879/1289/1699 880/1277/1687 861/1275/1685 1066/1502/1897
f 1066/1502/1897 861/1275/1685 862/1273/1683 1067/1503/1898
f 1067/1503/1898 862/1273/1683 863/1270/1680 1068/1504/1899
f 863/1270/1680 864/1263/1673 865/1262/1672 1068/1504/1899
f 1068/1504/1899 865/1262/1672 866/1265/1675 1069/1505/1900
f 1069/1505/1900 866/1265/1675 867/1267/1677 1070/1506/1901
f 867/1267/1677 868/1269/1679 869/1507/1902 1070/1506/1901
f 1070/1506/1901 869/1507/1902 870/1508/1903 1071/1509/1904
f 1071/1509/1904 870/1508/1903 871/1510/1905 1072/1511/1906
f 871/1510/1905 872/1287/1697 873/1285/1695 1072/1511/1906
f 1072/1511/1906 873/1285/1695 874/1283/1693 1073/1512/1907
f 1073/1512/1907 874/1283/1693 875/1280/1690 1074/1513/1908
f 875/1280/1690 876/1279/1689 877/1294/1704 1074/1513/1908
f 1074/1513/1908 877/1294/1704 878/1292/1702 1075/1514/1909
f 1075/1514/1909 878/1292/1702 879/1289/1699 1066/1502/1897
f 1075/1514/1909 1066/1502/1897 1067/1503/1898 1076/1515/1910
f 1067/1503/1898 1068/1504/1899 1069/1505/1900 1076/1515/1910
f 1069/1505/1900 1070/1506/1901 1071/1509/1904 1076/1515/1910
f 1071/1509/1904 1072/1511/1906 1073/1512/1907 1076/1515/1910
f 1073/1512/1907 1074/1513/1908 1075/1514/1909 1076/1515/1910
f 895/1516/1911 896/1305/1715 881/1303/1713 1077/1517/1912
f 1077/1517/1912 881/1303/1713 882/1301/1711 1078/1518/1913
f 1078/1518/1913 882/1301/1711 883/1298/1708 1079/1519/1914
f 883/1298/1708 884/1297/1707 885/1313/1723 1079/1519/1914
f 1079/1519/1914 885/1313/1723 886/1311/1721 1080/1520/1915
f 1080/1520/1915 886/1311/1721 887/1308/1718 1081/1521/1916
f 887/1308/1718 888/1307/1717 889/1522/1917 1081/1521/1916
f 1081/1521/1916 889/1522/1917 890/1523/1918 1082/1524/1919
f 1082/1525/1919 890/1526/1918 891/1527/1920 1083/1528/1921
f 891/1527/1920 892/1529/1922 893/1530/1923 1083/1528/1921
f 1083/1528/1921 893/1530/1923 894/1531/1924 1084/1532/1925
f 1084/1533/1925 894/1534/1924 895/1516/1911 1077/1517/1912
f 1084/1533/1925 1077/1517/1912 1078/1518/1913 1085/1535/1926
f 1078/1518/1913 1079/1519/1914 1080/1520/1915 1085/1535/1926
f 1080/1520/1915 1081/1521/1916 1082/1524/1919 1085/1535/1926
f 1082/1525/1919 1083/1528/1921 1084/1532/1925 1085/1536/1926
f 915/1314/1724 916/1315/1725 897/1334/1742 1086/1537/1927
f 1086/1537/1927 897/1334/1742 898/1332/1740 1087/1538/1928
f 1087/1538/1928 898/1332/1740 899/1329/1737 1088/1539/1929
f 899/1329/1737 900/1328/1736 901/1540/1930 1088/1539/1929
f 1088/1539/1929 901/1540/1930 902/1541/1931 1089/1542/1932
f 1089/1542/1932 902/1541/1931 903/1543/1933 1090/1544/1934
f 903/1543/1933 904/1345/1753 905/1343/1751 1090/1544/1934
f 1090/1544/1934 905/1343/1751 906/1341/1749 1091/1545/1935
f 1091/1545/1935 906/1341/1749 907/1338/1746 1092/1546/1936
f 907/1338/1746 908/1337/1745 909/1547/1937 1092/1546/1936
f 1092/1546/1936 909/1547/1937 910/1548/1938 1093/1549/1939
f 1093/1549/1939 910/1548/1938 911/1550/1940 1094/1551/1941
f 911/1550/1940 912/1310/1720 913/1309/1719 1094/1551/1941
f 1094/1551/1941 913/1309/1719 914/1312/1722 1095/1552/1942
f 1095/1552/1942 914/1312/1722 915/1314/1724 1086/1537/1927
f 1095/1552/1942 1086/1537/1927 1087/1538/1928 1096/1553/1943
f 1087/1538/1928 1088/1539/1929 1089/1542/1932 1096/1553/1943
f 1089/1542/1932 1090/1544/1934 1091/1545/1935 1096/1553/1943
f 1091/1545/1935 1092/1546/1936 1093/1549/1939 1096/1553/1943
f 1093/1549/1939 1094/1551/1941 1095/1552/1942 1096/1553/1943
f 927/1358/1766 928/1357/1765 917/1554/1944 1097/1555/1945
f 1097/1555/1945 917/1554/1944 918/1556/1946 1098/1557/1947
f 1098/1558/1947 918/1559/1946 919/1560/1948 1099/1561/1949
f 919/1560/1948 920/1562/1950 921/1563/1951 1099/1561/1949
f 1099/1561/1949 921/1563/1951 922/1564/1952 1100/1565/1953
f 1100/1566/1953 922/1567/1952 923/1568/1954 1101/1569/1955
f 923/1568/1954 924/1365/1773 925/1363/1771 1101/1569/1955
f 1101/1569/1955 925/1363/1771 926/1361/1769 1102/1570/1956
f 1102/1570/1956 926/1361/1769 927/1358/1766 1097/1555/1945
f 1102/1570/1956 1097/1555/1945 1098/1557/1947 1103/1571/1957
f 1098/1558/1947 1099/1561/1949 1100/1565/1953 1103/1572/1957
f 1100/1566/1953 1101/1569/1955 1102/1570/1956 1103/1571/1957
f 943/1368/1776 944/1367/1775 929/1573/1958 1104/1574/1959
f 1104/1574/1959 929/1573/1958 930/1575/1960 1105/1576/1961
f 1105/1576/1961 930/1575/1960 931/1577/1962 1106/1578/1963
f 931/1577/1962 932/1360/1768 933/1359/1767 1106/1578/1963
f 1106/1578/1963 933/1359/1767 934/1362/1770 1107/1579/1964
f 1107/1579/1964 934/1362/1770 935/1364/1772 1108/1580/1965
f 935/1364/1772 936/1366/1774 937/1581/1966 1108/1580/1965
f 1108/1580/1965 937/1581/1966 938/1582/1967 1109/1583/1968
f 1109/1583/1968 938/1582/1967 939/1584/1969 1110/1585/1970
f 939/1584/1969 940/1375/1783 941/1373/1781 1110/1585/1970
f 1110/1585/1970 941/1373/1781 942/1371/1779 1111/1586/1971
f 1111/1586/1971 942/1371/1779 943/1368/1776 1104/1574/1959
f 1111/1586/1971 1104/1574/1959 1105/1576/1961 1112/1587/1972
f 1105/1576/1961 1106/1578/1963 1107/1579/1964 1112/1587/1972
f 1107/1579/1964 1108/1580/1965 1109/1583/1968 1112/1587/1972
f 1109/1583/1968 1110/1585/1970 1111/1586/1971 1112/1587/1972
f 955/1588/1973 956/1232/1646 945/1231/1645 1113/1589/1974
f 1113/1589/1974 945/1231/1645 946/1234/1648 1114/1590/1975
f 1114/1591/1975 946/1238/1648 947/1237/1650 1115/1592/1976
f 947/1237/1650 948/1239/1651 949/1384/1791 1115/1592/1976
f 1115/1592/1976 949/1384/1791 950/1383/1789 1116/1593/1977
f 1116/1594/1977 950/1381/1789 951/1378/1786 1117/1595/1978
f 951/1378/1786 952/1377/1785 953/1596/1979 1117/1595/1978
f 1117/1595/1978 953/1596/1979 954/1597/1980 1118/1598/1981
f 1118/1598/1981 954/1597/1980 955/1588/1973 1113/1589/1974
f 1118/1598/1981 1113/1589/1974 1114/1590/1975 1119/1599/1982
f 1114/1591/1975 1115/1592/1976 1116/1593/1977 1119/1600/1982
f 1116/1594/1977 1117/1595/1978 1118/1598/1981 1119/1599/1982
f 967/1398/1804 968/1282/1692 957/1281/1691 1120/1601/1983
f 1120/1601/1983 957/1281/1691 958/1284/1694 1121/1602/1984
f 1121/1602/1984 958/1284/1694 959/1286/1696 1122/1603/1985
f 959/1286/1696 960/1288/1698 961/1604/1986 1122/1603/1985
f 1122/1603/1985 961/1604/1986 962/1605/1987 1123/1606/1988
f 1123/1606/1988 962/1605/1987 963/1607/1989 1124/1608/1990
f 963/1607/1989 964/1407/1811 965/1404/1809 1124/1608/1990
f 1124/1608/1990 965/1404/1809 966/1403/1807 1125/1609/1991
f 1125/1610/1991 966/1401/1807 967/1398/1804 1120/1601/1983
f 1125/1610/1991 1120/1601/1983 1121/1602/1984 1126/1611/1992
f 1121/1602/1984 1122/1603/1985 1123/1606/1988 1126/1611/1992
f 1123/1606/1988 1124/1608/1990 1125/1609/1991 1126/1611/1992
f 979/1612/1993 980/1340/1748 969/1339/1747 1127/1613/1994
f 1127/1613/1994 969/1339/1747 970/1342/1750 1128/1614/1995
f 1128/1614/1995 970/1342/1750 971/1344/1752 1129/1615/1996
f 971/1344/1752 972/1346/1754 973/1616/1997 1129/1615/1996
f 1129/1615/1996 973/1616/1997 974/1617/1998 1130/1618/1999
f 1130/1619/1999 974/1620/1998 975/1621/2000 1131/1622/2001
f 975/1621/2000 976/1623/2002 977/1624/2003 1131/1622/2001
f 1131/1622/2001 977/1624/2003 978/1625/2004 1132/1626/2005
f 1132/1627/2005 978/1628/2004 979/1612/1993 1127/1613/1994
f 1132/1627/2005 1127/1613/1994 1128/1614/1995 1133/1629/2006
f 1128/1614/1995 1129/1615/1996 1130/1618/1999 1133/1629/2006
f 1130/1619/1999 1131/1622/2001 1132/1626/2005 1133/1630/2006
f 991/1631/2007 992/1370/1778 981/1369/1777 1134/1632/2008
f 1134/1632/2008 981/1369/1777 982/1372/1780 1135/1633/2009
f 1135/1633/2009 982/1372/1780 983/1374/1782 1136/1634/2010
f 983/1374/1782 984/1376/1784 985/1635/2011 1136/1634/2010
f 1136/1634/2010 985/1635/2011 986/1636/2012 1137/1637/2013
f 1137/1638/2013 986/1639/2012 987/1640/2014 1138/1641/2015
f 987/1640/2014 988/1642/2016 989/1643/2017 1138/1641/2015
f 1138/1641/2015 989/1643/2017 990/1644/2018 1139/1645/2019
f 1139/1646/2019 990/1647/2018 991/1631/2007 1134/1632/2008
f 1139/1646/2019 1134/1632/2008 1135/1633/2009 1140/1648/2020
f 1135/1633/2009 1136/1634/2010 1137/1637/2013 1140/1648/2020
f 1137/1638/2013 1138/1641/2015 1139/1645/2019 1140/1649/2020
f 1003/1430/1832 1004/1428/1830 993/1426/1828 1141/1650/2021
f 1141/1650/2021 993/1426/1828 994/1424/1826 1142/1651/2022
f 1142/1651/2022 994/1424/1826 995/1421/1823 1143/1652/2023
f 995/1421/1823 996/1243/1655 997/1242/1654 1143/1652/2023
f 1143/1652/2023 997/1242/1654 998/1245/1657 1144/1653/2024
f 1144/1653/2024 998/1245/1657 999/1247/1659 1145/1654/2025
f 999/1247/1659 1000/1249/1661 1001/1435/1837 1145/1654/2025
f 1145/1654/2025 1001/1435/1837 1002/1433/1835 1146/1655/2026
f 1146/1655/2026 1002/1433/1835 1003/1430/1832 1141/1650/2021
f 1146/1655/2026 1141/1650/2021 1142/1651/2022 1147/1656/2027
f 1142/1651/2022 1143/1652/2023 1144/1653/2024 1147/1656/2027
f 1144/1653/2024 1145/1654/2025 1146/1655/2026 1147/1656/2027
f 1015/1276/1686 1016/1278/1688 1005/1442/1844 1148/1657/2028
f 1148/1657/2028 1005/1442/1844 1006/1440/1842 1149/1658/2029
f 1149/1658/2029 1006/1440/1842 1007/1437/1839 1150/1659/2030
f 1007/1437/1839 1008/1432/1834 1009/1431/1833 1150/1659/2030
f 1150/1659/2030 1009/1431/1833 1010/1434/1836 1151/1660/2031
f 1151/1660/2031 1010/1434/1836 1011/1436/1838 1152/1661/2032
f 1011/1436/1838 1012/1272/1682 1013/1271/1681 1152/1661/2032
f 1152/1661/2032 1013/1271/1681 1014/1274/1684 1153/1662/2033
f 1153/1662/2033 1014/1274/1684 1015/1276/1686 1148/1657/2028
f 1153/1662/2033 1148/1657/2028 1149/1658/2029 1154/1663/2034
f 1149/1658/2029 1150/1659/2030 1151/1660/2031 1154/1663/2034
f 1151/1660/2031 1152/1661/2032 1153/1662/2033 1154/1663/2034
f 1027/1335/1743 1028/1336/1744 1017/1451/1853 1155/1664/2035
f 1155/1664/2035 1017/1451/1853 1018/1449/1851 1156/1665/2036
f 1156/1665/2036 1018/1449/1851 1019/1446/1848 1157/1666/2037
f 1019/1446/1848 1020/1445/1847 1021/1667/2038 1157/1666/2037
f 1157/1666/2037 1021/1667/2038 1022/1668/2039 1158/1669/2040
f 1158/1669/2040 1022/1668/2039 1023/1670/2041 1159/1671/2042
f 1023/1670/2041 1024/1331/1739 1025/1330/1738 1159/1671/2042
f 1159/1671/2042 1025/1330/1738 1026/1333/1741 1160/1672/2043
f 1160/1672/2043 1026/1333/1741 1027/1335/1743 1155/1664/2035
f 1160/1672/2043 1155/1664/2035 1156/1665/2036 1161/1673/2044
f 1156/1665/2036 1157/1666/2037 1158/1669/2040 1161/1673/2044
f 1158/1669/2040 1159/1671/2042 1160/1672/2043 1161/1673/2044
f 1039/1304/1714 1040/1306/1716 1029/1674/2045 1162/1675/2046
f 1162/1675/2046 1029/1674/2045 1030/1676/2047 1163/1677/2048
f 1163/1677/2048 1030/1676/2047 1031/1678/2049 1164/1679/2050
f 1031/1678/2049 1032/1448/1850 1033/1447/1849 1164/1679/2050
f 1164/1679/2050 1033/1447/1849 1034/1450/1852 1165/1680/2051
f 1165/1680/2051 1034/1450/1852 1035/1452/1854 1166/1681/2052
f 1035/1452/1854 1036/1300/1710 1037/1299/1709 1166/1681/2052
f 1166/1681/2052 1037/1299/1709 1038/1302/1712 1167/1682/2053
f 1167/1682/2053 1038/1302/1712 1039/1304/1714 1162/1675/2046
f 1167/1682/2053 1162/1675/2046 1163/1677/2048 1168/1683/2054
f 1163/1677/2048 1164/1679/2050 1165/1680/2051 1168/1683/2054
f 1165/1680/2051 1166/1681/2052 1167/1682/2053 1168/1683/2054
f 1170/1684/2055 1169/1685/2056 961/1604/1986 960/1288/1698
f 872/1287/1697 1171/1686/2057 1170/1684/2055 960/1288/1698
f 1172/1687/2058 1171/1686/2057 872/1287/1697 871/1510/1905
f 1173/1688/2059 1172/1687/2058 871/1510/1905 870/1508/1903
f 1174/1689/2060 1173/1688/2059 870/1508/1903 869/1507/1902
f 1175/1690/2061 1174/1689/2060 869/1507/1902 868/1269/1679
f 1176/1691/2062 1175/1690/2061 868/1269/1679 856/1268/1678
f 1177/1692/2063 1176/1691/2062 856/1268/1678 855/1498/1893
f 1178/1693/2064 1177/1692/2063 855/1498/1893 854/1496/1891
f 1179/1694/2065 1178/1693/2064 854/1496/1891 853/1495/1890
f 1180/1695/2066 1179/1694/2065 853/1495/1890 852/1250/1662
f 1252/1696/2067 1180/1695/2066 852/1250/1662 1251/1253/1665
f 892/1529/1922 891/1527/1920 1182/1697/2068 1181/1698/2069
f 891/1527/1920 890/1526/1918 1183/1699/2070 1182/1697/2068
f 890/1523/1918 889/1522/1917 1184/1700/2071 1183/1701/2070
f 889/1522/1917 888/1307/1717 1185/1702/2072 1184/1700/2071
f 888/1307/1717 912/1310/1720 1186/1703/2073 1185/1702/2072
f 912/1310/1720 911/1550/1940 1187/1704/2074 1186/1703/2073
f 911/1550/1940 910/1548/1938 1188/1705/2075 1187/1704/2074
f 910/1548/1938 909/1547/1937 1189/1706/2076 1188/1705/2075
f 909/1547/1937 908/1337/1745 1190/1707/2077 1189/1706/2076
f 1191/1708/2078 1190/1707/2077 908/1337/1745 980/1340/1748
f 980/1340/1748 979/1612/1993 1192/1709/2079 1191/1708/2078
f 979/1612/1993 978/1628/2004 1193/1710/2080 1192/1709/2079
f 978/1625/2004 977/1624/2003 1194/1711/2081 1193/1712/2080
f 977/1624/2003 976/1623/2002 1195/1713/2082 1194/1711/2081
f 1196/1714/2083 1270/1715/2084 1271/1408/1812 964/1407/1811
f 1197/1716/2085 1196/1714/2083 964/1407/1811 963/1607/1989
f 1198/1717/2086 1197/1716/2085 963/1607/1989 962/1605/1987
f 1169/1685/2056 1198/1717/2086 962/1605/1987 961/1604/1986
s off
f 876/1279/2087 968/1282/2088 1199/1718/2089 1200/1719/2090
s 36
f 968/1282/2091 1275/1400/2092 1276/1720/2093 1199/1718/2094
s off
f 972/1346/2095 904/1345/2096 1202/1721/2097 1201/1722/2098
s 37
f 1280/1296/2099 876/1279/2100 1200/1719/2101 1279/1723/2102
s off
f 1200/1719/2103 1199/1718/2104 1203/1458/2105 1204/1457/2106
s 38
f 1199/1718/2107 1276/1720/2108 1277/1459/2109 1203/1458/2110
s off
f 1201/1722/2111 1202/1721/2112 1206/1724/2113 1205/1725/2114
s 39
f 1279/1723/2115 1200/1719/2116 1204/1457/2117 1278/1460/2118
s 14
f 1208/1726/2119 1207/1727/2120 1197/1716/2085 1198/1717/2086
f 1209/1728/2121 1208/1726/2119 1198/1717/2086 1169/1685/2056
f 1210/1729/2122 1209/1728/2121 1169/1685/2056 1170/1684/2055
f 1171/1686/2057 1211/1730/2123 1210/1729/2122 1170/1684/2055
f 1212/1731/2124 1211/1730/2123 1171/1686/2057 1172/1687/2058
f 1213/1732/2125 1212/1731/2124 1172/1687/2058 1173/1688/2059
f 1214/1733/2126 1213/1732/2125 1173/1688/2059 1174/1689/2060
f 1215/1734/2127 1214/1733/2126 1174/1689/2060 1175/1690/2061
f 1216/1735/2128 1215/1734/2127 1175/1690/2061 1176/1691/2062
f 1217/1736/2129 1216/1735/2128 1176/1691/2062 1177/1692/2063
f 1218/1737/2130 1217/1736/2129 1177/1692/2063 1178/1693/2064
f 1219/1738/2131 1218/1737/2130 1178/1693/2064 1179/1694/2065
f 1220/1739/2132 1219/1738/2131 1179/1694/2065 1180/1695/2066
f 1253/1740/2133 1220/1739/2132 1180/1695/2066 1252/1696/2067
f 1181/1698/2069 1182/1697/2068 1222/1741/2134 1221/1742/2135
f 1182/1697/2068 1183/1699/2070 1223/1743/2136 1222/1741/2134
f 1183/1701/2070 1184/1700/2071 1224/1744/2137 1223/1745/2136
f 1184/1700/2071 1185/1702/2072 1225/1746/2138 1224/1744/2137
f 1185/1702/2072 1186/1703/2073 1226/1747/2139 1225/1746/2138
f 1186/1703/2073 1187/1704/2074 1227/1748/2140 1226/1747/2139
f 1187/1704/2074 1188/1705/2075 1228/1749/2141 1227/1748/2140
f 1188/1705/2075 1189/1706/2076 1229/1750/2142 1228/1749/2141
f 1189/1706/2076 1190/1707/2077 1230/1751/2143 1229/1750/2142
f 1231/1752/2144 1230/1751/2143 1190/1707/2077 1191/1708/2078
f 1191/1708/2078 1192/1709/2079 1232/1753/2145 1231/1752/2144
f 1192/1709/2079 1193/1710/2080 1233/1754/2146 1232/1753/2145
f 1193/1712/2080 1194/1711/2081 1234/1755/2147 1233/1756/2146
f 1194/1711/2081 1195/1713/2082 1235/1757/2148 1234/1755/2147
f 1236/1758/2149 1269/1759/2150 1270/1715/2084 1196/1714/2083
f 1207/1727/2120 1236/1758/2149 1196/1714/2083 1197/1716/2085
f 1238/1443/1845 1237/1444/1846 1285/1760/2151 1286/1761/2152
f 1239/1441/1843 1238/1443/1845 1286/1761/2152 1287/1762/2153
f 1240/1438/1840 1239/1441/1843 1287/1762/2153 1288/1763/2154
f 1241/1439/1841 1240/1438/1840 1288/1763/2154 1289/1764/2155
f 1242/1429/1831 1241/1439/1841 1289/1764/2155 1290/1765/2156
f 1243/1427/1829 1242/1429/1831 1290/1765/2156 1291/1766/2157
f 1244/1425/1827 1243/1427/1829 1291/1766/2157 1292/1767/2158
f 1245/1422/1824 1244/1425/1827 1292/1767/2158 1293/1768/2159
f 1246/1423/1825 1245/1422/1824 1293/1768/2159 1294/1769/2160
f 1295/1770/2161 1247/1260/1670 1246/1423/1825 1294/1769/2160
f 1248/1258/1669 1247/1260/1670 1295/1770/2161 1296/1771/2162
f 1249/1259/1667 1248/1258/1669 1296/1771/2162 1297/1772/2163
f 1250/1252/1664 1249/1255/1667 1297/1773/2163 1298/1774/2164
f 1251/1253/1665 1250/1252/1664 1298/1774/2164 1299/1775/2165
f 1300/1776/2166 1252/1696/2067 1251/1253/1665 1299/1775/2165
f 1301/1777/2167 1253/1740/2133 1252/1696/2067 1300/1776/2166
f 1407/1778/2168 1408/1455/1857 1405/1456/1858 1406/1779/2169
f 1255/1185/1602 1254/1188/1604 1302/1780/2170 1303/1781/2171
f 1256/1186/1600 1255/1185/1602 1303/1781/2171 1304/1782/2172
f 1257/1179/1597 1256/1182/1600 1304/1783/2172 1305/1784/2173
f 1258/1180/1598 1257/1179/1597 1305/1784/2173 1306/1785/2174
f 1306/1785/2174 1307/1786/2175 1259/1228/1642 1258/1180/1598
f 1260/1227/1641 1259/1228/1642 1307/1786/2175 1308/1787/2176
f 1261/1225/1639 1260/1227/1641 1308/1787/2176 1309/1788/2177
f 1262/1222/1636 1261/1225/1639 1309/1788/2177 1310/1789/2178
f 1263/1223/1637 1262/1222/1636 1310/1789/2178 1311/1790/2179
f 1264/1387/1793 1263/1223/1637 1311/1790/2179 1312/1791/2180
f 1265/1385/1792 1264/1387/1793 1312/1791/2180 1313/1792/2181
f 1266/1386/1790 1265/1385/1792 1313/1792/2181 1314/1793/2182
f 1267/1379/1787 1266/1382/1790 1314/1794/2182 1315/1795/2183
f 1268/1380/1788 1267/1379/1787 1315/1795/2183 1316/1796/2184
f 1270/1715/2084 1269/1759/2150 1317/1797/2185 1318/1798/2186
f 1271/1408/1812 1270/1715/2084 1318/1798/2186 1319/1799/2187
f 1272/1405/1810 1271/1408/1812 1319/1799/2187 1320/1800/2188
f 1273/1406/1808 1272/1405/1810 1320/1800/2188 1321/1801/2189
f 1274/1399/1805 1273/1402/1808 1321/1802/2189 1322/1803/2190
f 1275/1400/1806 1274/1399/1805 1322/1803/2190 1323/1804/2191
s 36
f 1276/1720/2093 1275/1400/2092 1323/1804/2192 1324/1805/2193
s 38
f 1277/1459/2109 1276/1720/2108 1324/1805/2194 1325/1806/2195
s 35
f 1278/1460/1862 1277/1459/1861 1325/1806/2196 1326/1807/2197
s 39
f 1327/1808/2198 1279/1723/2115 1278/1460/2118 1326/1807/2199
s 37
f 1328/1809/2200 1280/1296/2099 1279/1723/2102 1327/1808/2201
s 14
f 1281/1295/1705 1280/1296/1706 1328/1809/2202 1329/1810/2203
f 1282/1293/1703 1281/1295/1705 1329/1810/2203 1330/1811/2204
f 1283/1290/1700 1282/1293/1703 1330/1811/2204 1331/1812/2205
f 1284/1291/1701 1283/1290/1700 1331/1812/2205 1332/1813/2206
f 1237/1444/1846 1284/1291/1701 1332/1813/2206 1285/1760/2151
f 1286/1761/2152 1285/1760/2151 1024/1331/1739 1023/1670/2041
f 1287/1762/2153 1286/1761/2152 1023/1670/2041 1022/1668/2039
f 1288/1763/2154 1287/1762/2153 1022/1668/2039 1021/1667/2038
f 1289/1764/2155 1288/1763/2154 1021/1667/2038 1020/1445/1847
f 1290/1765/2156 1289/1764/2155 1020/1445/1847 1032/1448/1850
f 1291/1766/2157 1290/1765/2156 1032/1448/1850 1031/1678/2049
f 1292/1767/2158 1291/1766/2157 1031/1678/2049 1030/1676/2047
f 1293/1768/2159 1292/1767/2158 1030/1676/2047 1029/1674/2045
f 1294/1769/2160 1293/1768/2159 1029/1674/2045 1040/1306/1716
f 896/1305/1715 1295/1770/2161 1294/1769/2160 1040/1306/1716
f 1296/1771/2162 1295/1770/2161 896/1305/1715 895/1516/1911
f 1297/1772/2163 1296/1771/2162 895/1516/1911 894/1534/1924
f 1298/1774/2164 1297/1773/2163 894/1531/1924 893/1530/1923
f 1299/1775/2165 1298/1774/2164 893/1530/1923 892/1529/1922
f 1181/1698/2069 1300/1776/2166 1299/1775/2165 892/1529/1922
f 1221/1742/2135 1301/1777/2167 1300/1776/2166 1181/1698/2069
f 1442/1319/1729 1407/1778/2168 1406/1779/2169 1371/1316/1726
f 1303/1781/2171 1302/1780/2170 920/1562/1950 919/1560/1948
f 1304/1782/2172 1303/1781/2171 919/1560/1948 918/1559/1946
f 1305/1784/2173 1304/1783/2172 918/1556/1946 917/1554/1944
f 1306/1785/2174 1305/1784/2173 917/1554/1944 928/1357/1765
f 928/1357/1765 932/1360/1768 1307/1786/2175 1306/1785/2174
f 1308/1787/2176 1307/1786/2175 932/1360/1768 931/1577/1962
f 1309/1788/2177 1308/1787/2176 931/1577/1962 930/1575/1960
f 1310/1789/2178 1309/1788/2177 930/1575/1960 929/1573/1958
f 1311/1790/2179 1310/1789/2178 929/1573/1958 944/1367/1775
f 1312/1791/2180 1311/1790/2179 944/1367/1775 992/1370/1778
f 1313/1792/2181 1312/1791/2180 992/1370/1778 991/1631/2007
f 1314/1793/2182 1313/1792/2181 991/1631/2007 990/1647/2018
f 1315/1795/2183 1314/1794/2182 990/1644/2018 989/1643/2017
f 1316/1796/2184 1315/1795/2183 989/1643/2017 988/1642/2016
f 1386/1814/2207 1427/1815/2208 1428/1420/1822 1385/1419/1821
f 1318/1798/2186 1317/1797/2185 1235/1757/2148 1195/1713/2082
f 1319/1799/2187 1318/1798/2186 1195/1713/2082 976/1623/2002
f 1320/1800/2188 1319/1799/2187 976/1623/2002 975/1621/2000
f 1321/1801/2189 1320/1800/2188 975/1621/2000 974/1620/1998
f 1322/1803/2190 1321/1802/2189 974/1617/1998 973/1616/1997
f 1323/1804/2191 1322/1803/2190 973/1616/1997 972/1346/1754
s 36
f 1324/1805/2193 1323/1804/2192 972/1346/2209 1201/1722/2210
s 38
f 1325/1806/2195 1324/1805/2194 1201/1722/2211 1205/1725/2212
s 35
f 1326/1807/2197 1325/1806/2196 1205/1725/2213 1206/1724/2214
s 39
f 1202/1721/2215 1327/1808/2198 1326/1807/2199 1206/1724/2216
s 37
f 904/1345/2217 1328/1809/2200 1327/1808/2201 1202/1721/2218
s 14
f 1329/1810/2203 1328/1809/2202 904/1345/1753 903/1543/1933
f 1330/1811/2204 1329/1810/2203 903/1543/1933 902/1541/1931
f 1331/1812/2205 1330/1811/2204 902/1541/1931 901/1540/1930
f 1332/1813/2206 1331/1812/2205 901/1540/1930 900/1328/1736
f 1285/1760/2151 1332/1813/2206 900/1328/1736 1024/1331/1739
f 1334/1816/2219 1333/1817/2220 988/1642/2016 987/1640/2014
f 1335/1818/2221 1334/1816/2219 987/1640/2014 986/1639/2012
f 1336/1819/2222 1335/1820/2221 986/1636/2012 985/1635/2011
f 1337/1821/2223 1336/1819/2222 985/1635/2011 984/1376/1784
f 940/1375/1783 1338/1822/2224 1337/1821/2223 984/1376/1784
f 1339/1823/2225 1338/1822/2224 940/1375/1783 939/1584/1969
f 1340/1824/2226 1339/1823/2225 939/1584/1969 938/1582/1967
f 1341/1825/2227 1340/1824/2226 938/1582/1967 937/1581/1966
f 1342/1826/2228 1341/1825/2227 937/1581/1966 936/1366/1774
f 1343/1827/2229 1342/1826/2228 936/1366/1774 924/1365/1773
f 1344/1828/2230 1343/1827/2229 924/1365/1773 923/1568/1954
f 1345/1829/2231 1344/1828/2230 923/1568/1954 922/1567/1952
f 1346/1830/2232 1345/1831/2231 922/1564/1952 921/1563/1951
f 1347/1832/2233 1346/1830/2232 921/1563/1951 920/1562/1950
f 920/1562/1950 1302/1780/2170 1348/1833/2234 1347/1832/2233
f 1302/1780/2170 1254/1188/1604 1349/1834/2235 1348/1833/2234
f 1254/1188/1604 828/1187/1603 1350/1835/2236 1349/1834/2235
f 828/1187/1603 827/1461/1863 1351/1836/2237 1350/1835/2236
f 827/1461/1863 826/1470/1870 1352/1837/2238 1351/1836/2237
f 826/1470/1870 825/1469/1869 1353/1838/2239 1352/1837/2238
f 825/1469/1869 824/1189/1605 1354/1839/2240 1353/1838/2239
f 824/1189/1605 832/1192/1608 1355/1840/2241 1354/1839/2240
f 832/1192/1608 831/1478/1877 1356/1841/2242 1355/1840/2241
f 831/1478/1877 830/1476/1875 1357/1842/2243 1356/1841/2242
f 830/1476/1875 829/1474/1873 1358/1843/2244 1357/1842/2243
f 829/1474/1873 844/1229/1643 1359/1844/2245 1358/1843/2244
f 1360/1845/2246 1359/1844/2245 844/1229/1643 956/1232/1646
f 956/1232/1646 955/1588/1973 1361/1846/2247 1360/1845/2246
f 955/1588/1973 954/1597/1980 1362/1847/2248 1361/1846/2247
f 954/1597/1980 953/1596/1979 1363/1848/2249 1362/1847/2248
f 953/1596/1979 952/1377/1785 1364/1849/2250 1363/1848/2249
f 952/1377/1785 1268/1380/1788 1365/1850/2251 1364/1849/2250
f 1366/1851/2252 1365/1850/2251 1268/1380/1788 1316/1796/2184
f 1333/1817/2220 1366/1851/2252 1316/1796/2184 988/1642/2016
s 40
f 1389/1454/2253 1424/1453/2254 1425/1852/2255 1388/1853/2256
s off
f 1365/1850/2257 1366/1851/2258 1369/1854/2259 1367/1855/2260
s 41
f 1427/1815/2261 1386/1814/2262 1387/1856/2263 1426/1857/2264
s off
f 1317/1797/2265 1269/1759/2266 1368/1858/2267 1370/1859/2268
s 14
f 1221/1742/2135 1222/1741/2134 1372/1317/1727 1371/1316/1726
f 1222/1741/2134 1223/1743/2136 1373/1320/1730 1372/1317/1727
f 1223/1745/2136 1224/1744/2137 1374/1323/1732 1373/1322/1730
f 1224/1744/2137 1225/1746/2138 1375/1326/1734 1374/1323/1732
f 1225/1746/2138 1226/1747/2139 1376/1347/1755 1375/1326/1734
f 1226/1747/2139 1227/1748/2140 1377/1348/1756 1376/1347/1755
f 1227/1748/2140 1228/1749/2141 1378/1351/1759 1377/1348/1756
f 1228/1749/2141 1229/1750/2142 1379/1353/1761 1378/1351/1759
f 1229/1750/2142 1230/1751/2143 1380/1355/1763 1379/1353/1761
f 1381/1409/1813 1380/1355/1763 1230/1751/2143 1231/1752/2144
f 1231/1752/2144 1232/1753/2145 1382/1410/1814 1381/1409/1813
f 1232/1753/2145 1233/1754/2146 1383/1413/1817 1382/1410/1814
f 1233/1756/2146 1234/1755/2147 1384/1416/1819 1383/1415/1817
f 1234/1755/2147 1235/1757/2148 1385/1419/1821 1384/1416/1819
f 1317/1797/2185 1386/1814/2207 1385/1419/1821 1235/1757/2148
s 41
f 1387/1856/2263 1386/1814/2262 1317/1797/2269 1370/1859/2270
s off
f 1368/1858/2271 1388/1853/2272 1387/1856/2273 1370/1859/2274
s 40
f 1269/1759/2275 1389/1454/2253 1388/1853/2256 1368/1858/2276
s 14
f 1390/1397/1803 1389/1454/1856 1269/1759/2150 1236/1758/2149
f 1391/1395/1801 1390/1397/1803 1236/1758/2149 1207/1727/2120
f 1392/1393/1799 1391/1395/1801 1207/1727/2120 1208/1726/2119
f 1393/1390/1796 1392/1393/1799 1208/1726/2119 1209/1728/2121
f 1394/1391/1797 1393/1390/1796 1209/1728/2121 1210/1729/2122
f 1211/1730/2123 1395/1219/1633 1394/1391/1797 1210/1729/2122
f 1396/1217/1631 1395/1219/1633 1211/1730/2123 1212/1731/2124
f 1397/1215/1629 1396/1217/1631 1212/1731/2124 1213/1732/2125
f 1398/1212/1626 1397/1215/1629 1213/1732/2125 1214/1733/2126
f 1399/1213/1627 1398/1212/1626 1214/1733/2126 1215/1734/2127
f 1400/1209/1623 1399/1213/1627 1215/1734/2127 1216/1735/2128
f 1401/1207/1621 1400/1209/1623 1216/1735/2128 1217/1736/2129
f 1402/1205/1619 1401/1207/1621 1217/1736/2129 1218/1737/2130
f 1403/1202/1616 1402/1205/1619 1218/1737/2130 1219/1738/2131
f 1404/1203/1617 1403/1202/1616 1219/1738/2131 1220/1739/2132
f 1405/1456/1858 1404/1203/1617 1220/1739/2132 1253/1740/2133
f 1406/1779/2169 1405/1456/1858 1253/1740/2133 1301/1777/2167
f 1371/1316/1726 1406/1779/2169 1301/1777/2167 1221/1742/2135
f 1348/1833/2234 1349/1834/2235 1497/1860/2277 1498/1861/2278
f 1349/1834/2235 1350/1835/2236 1496/1862/2279 1497/1860/2277
f 1350/1835/2236 1351/1836/2237 1495/1863/2280 1496/1862/2279
f 1351/1836/2237 1352/1837/2238 1494/1864/2281 1495/1863/2280
f 1352/1837/2238 1353/1838/2239 1493/1865/2282 1494/1864/2281
f 1353/1838/2239 1354/1839/2240 1492/1866/2283 1493/1865/2282
f 1354/1839/2240 1355/1840/2241 1491/1867/2284 1492/1866/2283
f 1355/1840/2241 1356/1841/2242 1490/1868/2285 1491/1867/2284
f 1356/1841/2242 1357/1842/2243 1489/1869/2286 1490/1868/2285
f 1357/1842/2243 1358/1843/2244 1488/1870/2287 1489/1869/2286
f 1358/1843/2244 1359/1844/2245 1487/1871/2288 1488/1870/2287
f 1486/1872/2289 1487/1871/2288 1359/1844/2245 1360/1845/2246
f 1360/1845/2246 1361/1846/2247 1485/1873/2290 1486/1872/2289
f 1361/1846/2247 1362/1847/2248 1484/1874/2291 1485/1873/2290
f 1362/1847/2248 1363/1848/2249 1483/1875/2292 1484/1874/2291
f 1363/1848/2249 1364/1849/2250 1482/1876/2293 1483/1875/2292
f 1364/1849/2250 1365/1850/2251 1481/1877/2294 1482/1876/2293
s 40
f 1480/1878/2295 1481/1877/2296 1365/1850/2297 1367/1855/2298
s off
f 1479/1879/2299 1480/1878/2300 1367/1855/2301 1369/1854/2302
s 41
f 1366/1851/2303 1514/1880/2304 1479/1879/2305 1369/1854/2306
s 14
f 1513/1881/2307 1514/1880/2308 1366/1851/2252 1333/1817/2220
f 1512/1882/2309 1513/1881/2307 1333/1817/2220 1334/1816/2219
f 1511/1883/2310 1512/1882/2309 1334/1816/2219 1335/1818/2221
f 1510/1884/2311 1511/1885/2310 1335/1820/2221 1336/1819/2222
f 1509/1886/2312 1510/1884/2311 1336/1819/2222 1337/1821/2223
f 1338/1822/2224 1508/1887/2313 1509/1886/2312 1337/1821/2223
f 1507/1888/2314 1508/1887/2313 1338/1822/2224 1339/1823/2225
f 1506/1889/2315 1507/1888/2314 1339/1823/2225 1340/1824/2226
f 1505/1890/2316 1506/1889/2315 1340/1824/2226 1341/1825/2227
f 1504/1891/2317 1505/1890/2316 1341/1825/2227 1342/1826/2228
f 1503/1892/2318 1504/1891/2317 1342/1826/2228 1343/1827/2229
f 1502/1893/2319 1503/1892/2318 1343/1827/2229 1344/1828/2230
f 1501/1894/2320 1502/1893/2319 1344/1828/2230 1345/1829/2231
f 1500/1895/2321 1501/1896/2320 1345/1831/2231 1346/1830/2232
f 1499/1897/2322 1500/1895/2321 1346/1830/2232 1347/1832/2233
f 1347/1832/2233 1348/1833/2234 1498/1861/2278 1499/1897/2322
s off
f 1426/1857/2323 1425/1852/2324 1444/1898/2325 1443/1899/2326
s 40
f 1425/1852/2255 1424/1453/2254 1445/1900/2327 1444/1898/2328
s 14
f 1446/1901/2329 1445/1900/2330 1424/1453/1855 1423/1396/1802
f 1447/1902/2331 1446/1901/2329 1423/1396/1802 1422/1394/1800
f 1448/1903/2332 1447/1902/2331 1422/1394/1800 1421/1392/1798
f 1449/1904/2333 1448/1903/2332 1421/1392/1798 1420/1389/1795
f 1450/1905/2334 1449/1904/2333 1420/1389/1795 1419/1388/1794
f 1419/1388/1794 1418/1218/1632 1451/1906/2335 1450/1905/2334
f 1452/1907/2336 1451/1906/2335 1418/1218/1632 1417/1216/1630
f 1453/1908/2337 1452/1907/2336 1417/1216/1630 1416/1214/1628
f 1454/1909/2338 1453/1908/2337 1416/1214/1628 1415/1211/1625
f 1455/1910/2339 1454/1909/2338 1415/1211/1625 1414/1210/1624
f 1456/1911/2340 1455/1910/2339 1414/1210/1624 1413/1208/1622
f 1457/1912/2341 1456/1911/2340 1413/1208/1622 1412/1206/1620
f 1458/1913/2342 1457/1912/2341 1412/1206/1620 1411/1204/1618
f 1459/1914/2343 1458/1913/2342 1411/1204/1618 1410/1201/1615
f 1460/1915/2344 1459/1914/2343 1410/1201/1615 1409/1200/1614
f 1461/1916/2345 1460/1915/2344 1409/1200/1614 1408/1455/1857
f 1462/1917/2346 1461/1916/2345 1408/1455/1857 1407/1778/2168
f 1463/1918/2347 1462/1917/2346 1407/1778/2168 1442/1319/1729
f 1442/1319/1729 1441/1318/1728 1464/1919/2348 1463/1918/2347
f 1441/1318/1728 1440/1321/1731 1465/1920/2349 1464/1919/2348
f 1440/1325/1731 1439/1324/1733 1466/1921/2350 1465/1922/2349
f 1439/1324/1733 1438/1327/1735 1467/1923/2351 1466/1921/2350
f 1438/1327/1735 1437/1350/1758 1468/1924/2352 1467/1923/2351
f 1437/1350/1758 1436/1349/1757 1469/1925/2353 1468/1924/2352
f 1436/1349/1757 1435/1352/1760 1470/1926/2354 1469/1925/2353
f 1435/1352/1760 1434/1354/1762 1471/1927/2355 1470/1926/2354
f 1434/1354/1762 1433/1356/1764 1472/1928/2356 1471/1927/2355
f 1473/1929/2357 1472/1928/2356 1433/1356/1764 1432/1412/1816
f 1432/1412/1816 1431/1411/1815 1474/1930/2358 1473/1929/2357
f 1431/1411/1815 1430/1414/1818 1475/1931/2359 1474/1930/2358
f 1430/1418/1818 1429/1417/1820 1476/1932/2360 1475/1933/2359
f 1429/1417/1820 1428/1420/1822 1477/1934/2361 1476/1932/2360
f 1428/1420/1822 1427/1815/2208 1478/1935/2362 1477/1934/2361
s 41
f 1443/1899/2363 1478/1935/2364 1427/1815/2261 1426/1857/2264
s 40
f 1444/1898/2328 1445/1900/2327 1481/1877/2296 1480/1878/2295
s 14
f 1482/1876/2293 1481/1877/2294 1445/1900/2330 1446/1901/2329
f 1483/1875/2292 1482/1876/2293 1446/1901/2329 1447/1902/2331
f 1484/1874/2291 1483/1875/2292 1447/1902/2331 1448/1903/2332
f 1485/1873/2290 1484/1874/2291 1448/1903/2332 1449/1904/2333
f 1486/1872/2289 1485/1873/2290 1449/1904/2333 1450/1905/2334
f 1450/1905/2334 1451/1906/2335 1487/1871/2288 1486/1872/2289
f 1488/1870/2287 1487/1871/2288 1451/1906/2335 1452/1907/2336
f 1489/1869/2286 1488/1870/2287 1452/1907/2336 1453/1908/2337
f 1490/1868/2285 1489/1869/2286 1453/1908/2337 1454/1909/2338
f 1491/1867/2284 1490/1868/2285 1454/1909/2338 1455/1910/2339
f 1492/1866/2283 1491/1867/2284 1455/1910/2339 1456/1911/2340
f 1493/1865/2282 1492/1866/2283 1456/1911/2340 1457/1912/2341
f 1494/1864/2281 1493/1865/2282 1457/1912/2341 1458/1913/2342
f 1495/1863/2280 1494/1864/2281 1458/1913/2342 1459/1914/2343
f 1496/1862/2279 1495/1863/2280 1459/1914/2343 1460/1915/2344
f 1497/1860/2277 1496/1862/2279 1460/1915/2344 1461/1916/2345
f 1498/1861/2278 1497/1860/2277 1461/1916/2345 1462/1917/2346
f 1499/1897/2322 1498/1861/2278 1462/1917/2346 1463/1918/2347
f 1463/1918/2347 1464/1919/2348 1500/1895/2321 1499/1897/2322
f 1464/1919/2348 1465/1920/2349 1501/1896/2320 1500/1895/2321
f 1465/1922/2349 1466/1921/2350 1502/1893/2319 1501/1894/2320
f 1466/1921/2350 1467/1923/2351 1503/1892/2318 1502/1893/2319
f 1467/1923/2351 1468/1924/2352 1504/1891/2317 1503/1892/2318
f 1468/1924/2352 1469/1925/2353 1505/1890/2316 1504/1891/2317
f 1469/1925/2353 1470/1926/2354 1506/1889/2315 1505/1890/2316
f 1470/1926/2354 1471/1927/2355 1507/1888/2314 1506/1889/2315
f 1471/1927/2355 1472/1928/2356 1508/1887/2313 1507/1888/2314
f 1509/1886/2312 1508/1887/2313 1472/1928/2356 1473/1929/2357
f 1473/1929/2357 1474/1930/2358 1510/1884/2311 1509/1886/2312
f 1474/1930/2358 1475/1931/2359 1511/1885/2310 1510/1884/2311
f 1475/1933/2359 1476/1932/2360 1512/1882/2309 1511/1883/2310
f 1476/1932/2360 1477/1934/2361 1513/1881/2307 1512/1882/2309
f 1477/1934/2361 1478/1935/2362 1514/1880/2308 1513/1881/2307
s 41
f 1479/1879/2305 1514/1880/2304 1478/1935/2364 1443/1899/2363
s off
f 1515/1936/2365 1516/1937/2366 1520/1938/2367 1519/1939/2368
f 1516/1937/2369 1515/1936/2370 1518/1940/2371 1517/1941/2372
f 1517/1941/2373 1518/1940/2374 1521/1942/2375 1522/1943/2376
f 1519/1939/2377 1520/1938/2378 1522/1943/2379 1521/1942/2380
f 1523/1944/2381 1524/1945/2382 1529/1946/2383 1530/1947/2384
f 1524/1945/2385 1523/1944/2386 1526/1948/2387 1525/1949/2388
f 1525/1949/2389 1526/1948/2390 1528/1950/2391 1527/1951/2392
f 1527/1951/2393 1528/1950/2394 1530/1947/2395 1529/1946/2396
f 1518/1940/2397 1515/1936/2398 1519/1939/2399 1521/1942/2400
f 1524/1945/2401 1525/1949/2402 1527/1951/2403 1529/1946/2404
f 1388/1853/2405 1425/1852/2406 1516/1937/2407 1517/1941/2408
f 1425/1852/2409 1426/1857/2410 1520/1938/2411 1516/1937/2412
f 1426/1857/2413 1387/1856/2414 1522/1943/2415 1520/1938/2416
f 1387/1856/2417 1388/1853/2418 1517/1941/2419 1522/1943/2420
f 1443/1899/2421 1444/1898/2422 1526/1948/2423 1523/1944/2424
f 1444/1898/2425 1480/1878/2426 1528/1950/2427 1526/1948/2428
f 1480/1878/2429 1479/1879/2430 1530/1947/2431 1528/1950/2432
f 1479/1879/2433 1443/1899/2434 1523/1944/2435 1530/1947/2436
s 44
f 1532/1952/2437 1531/1953/2438 1567/1954/2439 1572/1955/2440
s 45
f 1531/1956/2441 1536/1957/2442 1568/1958/2443 1567/1959/2444
s 46
f 1534/1960/2445 1533/1961/2446 1541/1962/2447 1540/1963/2448
s 44
f 1533/1964/2449 1532/1952/2437 1542/1965/2450 1541/1966/2451
s 45
f 1536/1957/2442 1535/1967/2452 1545/1968/2453 1544/1969/2454
s 46
f 1535/1967/2455 1534/1960/2445 1546/1970/2456 1545/1968/2457
s 47
f 1538/1971/2458 1537/1972/2459 1573/1973/2460 1578/1974/2461
s 44
f 1537/1975/2462 1542/1965/2450 1574/1976/2463 1573/1977/2464
s 46
f 1540/1963/2448 1539/1978/2465 1553/1979/2466 1552/1980/2467
s 47
f 1539/1978/2468 1538/1971/2458 1554/1981/2469 1553/1979/2470
s 45
f 1544/1969/2454 1543/1982/2471 1557/1983/2472 1556/1984/2473
s 48
f 1543/1985/2474 1548/1986/2475 1558/1987/2476 1557/1988/2477
f 1548/1986/2475 1547/1989/2478 1551/1990/2479 1550/1991/2480
s 46
f 1547/1989/2481 1546/1970/2456 1552/1980/2467 1551/1990/2482
s 48
f 1550/1991/2480 1549/1992/2483 1565/1993/2484 1564/1994/2485
s 47
f 1549/1995/2486 1554/1981/2469 1566/1996/2487 1565/1997/2488
s 45
f 1556/1984/2473 1555/1998/2489 1569/1999/2490 1568/1958/2443
s 49
f 1555/2000/2491 1560/2001/2492 1570/2002/2493 1569/2003/2494
f 1560/2001/2492 1559/2004/2495 1563/2005/2496 1562/2006/2497
s 48
f 1559/2004/2498 1558/1987/2476 1564/1994/2485 1563/2005/2499
s 49
f 1562/2006/2497 1561/2007/2500 1577/2008/2501 1576/2009/2502
s 47
f 1561/2010/2503 1566/1996/2487 1578/1974/2461 1577/2011/2504
s 44
f 1572/1955/2440 1571/2012/2505 1575/2013/2506 1574/1976/2463
s 49
f 1571/2012/2507 1570/2002/2493 1576/2009/2502 1575/2013/2508
s 46
f 1534/1960/2445 1540/1963/2448 1552/1980/2467 1546/1970/2456
s 48
f 1548/1986/2475 1550/1991/2480 1564/1994/2485 1558/1987/2476
s 49
f 1560/2001/2492 1562/2006/2497 1576/2009/2502 1570/2002/2493
s 44
f 1572/1955/2440 1574/1976/2463 1542/1965/2450 1532/1952/2437
s 47
f 1538/1971/2458 1578/1974/2461 1566/1996/2487 1554/1981/2469
s 45
f 1568/1958/2443 1536/1957/2442 1544/1969/2454 1556/1984/2473
f 1535/1967/2452 1536/1957/2442 1531/1956/2441 1579/2014/2509
s 44
f 1531/1953/2438 1532/1952/2437 1533/1964/2449 1579/2015/2510
s 46
f 1533/1961/2446 1534/1960/2445 1535/1967/2455 1579/2014/2511
s 44
f 1541/1966/2451 1542/1965/2450 1537/1975/2462 1580/2016/2512
s 47
f 1537/1972/2459 1538/1971/2458 1539/1978/2468 1580/2017/2513
s 46
f 1539/1978/2465 1540/1963/2448 1541/1962/2447 1580/2017/2514
s 48
f 1547/1989/2478 1548/1986/2475 1543/1985/2474 1581/2018/2515
s 45
f 1543/1982/2471 1544/1969/2454 1545/1968/2453 1581/2018/2516
s 46
f 1545/1968/2457 1546/1970/2456 1547/1989/2481 1581/2018/2517
s 47
f 1553/1979/2470 1554/1981/2469 1549/1995/2486 1582/2019/2518
s 48
f 1549/1992/2483 1550/1991/2480 1551/1990/2479 1582/2019/2519
s 46
f 1551/1990/2482 1552/1980/2467 1553/1979/2466 1582/2019/2520
s 49
f 1559/2004/2495 1560/2001/2492 1555/2000/2491 1583/2020/2521
s 45
f 1555/1998/2489 1556/1984/2473 1557/1983/2472 1583/2021/2522
s 48
f 1557/1988/2477 1558/1987/2476 1559/2004/2498 1583/2020/2523
s 47
f 1565/1997/2488 1566/1996/2487 1561/2010/2503 1584/2022/2524
s 49
f 1561/2007/2500 1562/2006/2497 1563/2005/2496 1584/2023/2525
s 48
f 1563/2005/2499 1564/1994/2485 1565/1993/2484 1584/2023/2526
s 44
f 1571/2012/2505 1572/1955/2440 1567/1954/2439 1585/2024/2527
s 45
f 1567/1959/2444 1568/1958/2443 1569/1999/2490 1585/2025/2528
s 49
f 1569/2003/2494 1570/2002/2493 1571/2012/2507 1585/2024/2529
s 47
f 1577/2011/2504 1578/1974/2461 1573/1973/2460 1586/2026/2530
s 44
f 1573/1977/2464 1574/1976/2463 1575/2013/2506 1586/2027/2531
s 49
f 1575/2013/2508 1576/2009/2502 1577/2008/2501 1586/2027/2532
g default
v 38.689495 0.723099 36.773699
v 39.236797 0.193752 36.773699
v 39.984477 0.000000 36.773699
v 39.984477 0.193752 37.521257
v 39.984477 0.723099 38.068498
v 39.984477 1.446194 38.268816
v 39.236797 1.446194 38.068498
v 38.689495 1.446194 37.521257
v 38.489177 1.446194 36.773699
v 40.732158 0.193752 36.773699
v 41.279460 0.723099 36.773699
v 41.479778 1.446194 36.773699
v 41.279460 1.446194 37.521257
v 40.732158 1.446194 38.068498
v 39.236797 86.129036 36.773699
v 38.689495 85.599701 36.773699
v 38.489177 84.876595 36.773699
v 38.689495 84.876595 37.521257
v 39.236797 84.876595 38.068498
v 39.984477 84.876595 38.268816
v 39.984477 85.599701 38.068498
v 39.984477 86.129036 37.521257
v 39.984477 86.322792 36.773699
v 41.279460 85.599701 36.773699
v 40.732158 86.129036 36.773699
v 40.732158 84.876595 38.068498
v 41.279460 84.876595 37.521257
v 41.479778 84.876595 36.773699
v 39.236797 84.876595 -0.251387
v 38.689495 84.876595 0.295915
v 38.489177 84.876595 1.043474
v 38.689495 85.599701 1.043474
v 39.236797 86.129036 1.043474
v 39.984477 86.322792 1.043474
v 39.984477 86.129036 0.295915
v 39.984477 85.599701 -0.251387
v 39.984477 84.876595 -0.451643
v 41.279460 84.876595 0.295915
v 40.732158 84.876595 -0.251387
v 40.732158 86.129036 1.043474
v 41.279460 85.599701 1.043474
v 41.479778 84.876595 1.043474
v 39.236797 0.193752 1.043474
v 38.689495 0.723099 1.043474
v 38.489177 1.446194 1.043474
v 38.689495 1.446194 0.295915
v 39.236797 1.446194 -0.251387
v 39.984477 1.446194 -0.451643
v 39.984477 0.723099 -0.251387
v 39.984477 0.193752 0.295915
v 39.984477 0.000000 1.043474
v 41.279460 0.723099 1.043474
v 40.732158 0.193752 1.043474
v 40.732158 1.446194 -0.251387
v 41.279460 1.446194 0.295915
v 41.479778 1.446194 1.043474
v 38.801921 0.821312 37.419695
v 39.338298 0.302505 37.419695
v 39.338298 0.821312 37.956072
v 40.630657 0.302505 37.419695
v 41.167034 0.821312 37.419695
v 40.630657 0.821312 37.956072
v 39.338298 86.020279 37.419695
v 38.801921 85.501472 37.419695
v 39.338298 85.501472 37.956072
v 41.167034 85.501472 37.419695
v 40.630657 86.020279 37.419695
v 40.630657 85.501472 37.956072
v 39.338298 85.501472 -0.138899
v 38.801921 85.501472 0.397417
v 39.338298 86.020279 0.397417
v 41.167034 85.501472 0.397417
v 40.630657 85.501472 -0.138899
v 40.630657 86.020279 0.397417
v 39.338298 0.302505 0.397417
v 38.801921 0.821312 0.397417
v 39.338298 0.821312 -0.138899
v 41.167034 0.821312 0.397417
v 40.630657 0.302505 0.397417
v 40.630657 0.821312 -0.138899
v 41.190593 66.370483 5.152605
v 41.036724 66.370483 4.922319
v 40.806316 66.370483 4.768389
v 40.534709 66.370483 4.714372
v 40.262920 66.370483 4.768450
v 40.032634 66.370483 4.922319
v 39.878642 66.370483 5.152666
v 39.824687 66.370483 5.424333
v 39.878642 66.370483 5.696062
v 40.032573 66.370483 5.926409
v 40.262859 66.370483 6.080278
v 40.534648 66.370483 6.134355
v 40.806377 66.370483 6.080278
v 41.036724 66.370483 5.926409
v 41.190532 66.370483 5.696062
v 41.244609 66.370483 5.424333
v 41.190593 81.324951 5.152605
v 41.036724 81.324951 4.922319
v 40.806316 81.324951 4.768389
v 40.534709 81.324951 4.714372
v 40.262920 81.324951 4.768450
v 40.032634 81.324951 4.922319
v 39.878642 81.324951 5.152666
v 39.824687 81.324951 5.424333
v 39.878642 81.324951 5.696062
v 40.032573 81.324951 5.926409
v 40.262859 81.324951 6.080278
v 40.534648 81.324951 6.134355
v 40.806377 81.324951 6.080278
v 41.036724 81.324951 5.926409
v 41.190532 81.324951 5.696062
v 41.244609 81.324951 5.424333
v 40.509258 66.370483 5.424333
v 40.509258 81.324951 5.424333
v 42.079936 79.829529 4.922319
v 42.233806 79.829529 5.152605
v 42.287822 79.829529 5.424333
v 42.233745 79.829529 5.696062
v 42.079936 79.829529 5.926409
v 41.849590 79.829529 6.080278
v 41.577861 79.829529 6.134355
v 41.306072 79.829529 6.080278
v 41.075786 79.829529 5.926409
v 40.921855 79.829529 5.696062
v 40.867900 79.829529 5.424333
v 40.921855 79.829529 5.152666
v 41.075847 79.829529 4.922319
v 41.306133 79.829529 4.768450
v 41.577922 79.829529 4.714372
v 41.849529 79.829529 4.768389
v 42.933818 78.334045 4.922319
v 43.087810 78.334045 5.152605
v 43.141704 78.334045 5.424333
v 43.087749 78.334045 5.696062
v 42.933818 78.334045 5.926409
v 42.703472 78.334045 6.080278
v 42.431743 78.334045 6.134355
v 42.159954 78.334045 6.080278
v 41.929668 78.334045 5.926409
v 41.775859 78.334045 5.696062
v 41.721782 78.334045 5.424333
v 41.775859 78.334045 5.152666
v 41.929729 78.334045 4.922319
v 42.160015 78.334045 4.768450
v 42.431804 78.334045 4.714372
v 42.703411 78.334045 4.768389
v 43.567119 76.838623 4.922319
v 43.721111 76.838623 5.152605
v 43.775005 76.838623 5.424333
v 43.721050 76.838623 5.696062
v 43.567119 76.838623 5.926409
v 43.336772 76.838623 6.080278
v 43.065044 76.838623 6.134355
v 42.793254 76.838623 6.080278
v 42.562969 76.838623 5.926409
v 42.409160 76.838623 5.696062
v 42.355083 76.838623 5.424333
v 42.409160 76.838623 5.152666
v 42.563030 76.838623 4.922319
v 42.793315 76.838623 4.768450
v 43.065105 76.838623 4.714372
v 43.336711 76.838623 4.768389
v 43.956523 75.343155 4.922319
v 44.110515 75.343155 5.152605
v 44.164409 75.343155 5.424333
v 44.110454 75.343155 5.696062
v 43.956767 75.343155 5.926409
v 43.726299 75.343155 6.080278
v 43.454570 75.343155 6.134355
v 43.182781 75.343155 6.080278
v 42.952495 75.343155 5.926409
v 42.798686 75.343155 5.696062
v 42.744609 75.343155 5.424333
v 42.798686 75.343155 5.152666
v 42.952556 75.343155 4.922319
v 43.182842 75.343155 4.768450
v 43.454631 75.343155 4.714372
v 43.726238 75.343155 4.768389
v 44.088115 73.847710 4.922319
v 44.241985 73.847710 5.152605
v 44.296123 73.847710 5.424333
v 44.241924 73.847710 5.696062
v 44.088115 73.847710 5.926409
v 43.857768 73.847710 6.080278
v 43.586040 73.847710 6.134355
v 43.314250 73.847710 6.080278
v 43.083965 73.847710 5.926409
v 42.930034 73.847710 5.696062
v 42.876079 73.847710 5.424333
v 42.930034 73.847710 5.152666
v 43.084026 73.847710 4.922319
v 43.314311 73.847710 4.768450
v 43.586101 73.847710 4.714372
v 43.857829 73.847710 4.768389
v 43.956523 72.352249 4.922319
v 44.110515 72.352249 5.152605
v 44.164409 72.352249 5.424333
v 44.110454 72.352249 5.696062
v 43.956767 72.352249 5.926409
v 43.726299 72.352249 6.080278
v 43.454570 72.352249 6.134355
v 43.182781 72.352249 6.080278
v 42.952495 72.352249 5.926409
v 42.798686 72.352249 5.696062
v 42.744609 72.352249 5.424333
v 42.798686 72.352249 5.152666
v 42.952556 72.352249 4.922319
v 43.182842 72.352249 4.768450
v 43.454631 72.352249 4.714372
v 43.726238 72.352249 4.768389
v 43.567119 70.856812 4.922319
v 43.721111 70.856812 5.152605
v 43.775005 70.856812 5.424333
v 43.721050 70.856812 5.696062
v 43.567119 70.856812 5.926409
v 43.336772 70.856812 6.080278
v 43.065044 70.856812 6.134355
v 42.793254 70.856812 6.080278
v 42.562969 70.856812 5.926409
v 42.409160 70.856812 5.696062
v 42.355083 70.856812 5.424333
v 42.409160 70.856812 5.152666
v 42.563030 70.856812 4.922319
v 42.793315 70.856812 4.768450
v 43.065105 70.856812 4.714372
v 43.336711 70.856812 4.768389
v 42.933818 69.361389 4.922319
v 43.087810 69.361389 5.152605
v 43.141704 69.361389 5.424333
v 43.087749 69.361389 5.696062
v 42.933818 69.361389 5.926409
v 42.703472 69.361389 6.080278
v 42.431743 69.361389 6.134355
v 42.159954 69.361389 6.080278
v 41.929668 69.361389 5.926409
v 41.775859 69.361389 5.696062
v 41.721782 69.361389 5.424333
v 41.775859 69.361389 5.152666
v 41.929729 69.361389 4.922319
v 42.160015 69.361389 4.768450
v 42.431804 69.361389 4.714372
v 42.703411 69.361389 4.768389
v 42.079936 67.865906 4.922319
v 42.233806 67.865906 5.152605
v 42.287822 67.865906 5.424333
v 42.233745 67.865906 5.696062
v 42.079936 67.865906 5.926409
v 41.849590 67.865906 6.080278
v 41.577861 67.865906 6.134355
v 41.306072 67.865906 6.080278
v 41.075786 67.865906 5.926409
v 40.921855 67.865906 5.696062
v 40.867900 67.865906 5.424333
v 40.921855 67.865906 5.152666
v 41.075847 67.865906 4.922319
v 41.306133 67.865906 4.768450
v 41.577922 67.865906 4.714372
v 41.849529 67.865906 4.768389
vt 0.500000 0.990347
vt 0.500007 0.004184
vt 0.634653 0.004188
vt 0.500000 0.245812
vt 0.634653 0.245812
vt 0.134653 0.004188
vt 0.500000 0.490347
vt 0.865347 0.245812
vt 0.865347 0.004188
vt 0.500000 0.759653
vt 0.500000 0.745812
vt 0.500000 0.259653
vt 0.500007 0.504184
vt 0.365347 0.004188
vt 0.365347 0.245812
vt 0.134653 0.245812
vt 0.493224 0.750000
vt 0.479673 0.000000
vt 0.496605 0.867234
vt 0.500000 0.000000
vt 0.500000 0.750000
vt 0.500003 0.137402
vt 0.455370 0.009779
vt 0.411119 0.006935
vt 0.503395 0.867234
vt 0.520327 0.000000
vt 0.506776 0.750000
vt 0.588886 0.004376
vt 0.544639 0.004612
vt 0.437689 0.257081
vt 0.370524 0.250000
vt 0.375000 0.254476
vt 0.409766 0.245850
vt 0.454837 0.245845
vt 0.500000 0.249491
vt 0.500000 0.253693
vt 0.625000 0.254476
vt 0.629476 0.250000
vt 0.562311 0.257081
vt 0.545163 0.245844
vt 0.590234 0.245850
vt 0.437520 0.503032
vt 0.125000 0.248106
vt 0.375000 0.501894
vt 0.375000 0.495524
vt 0.129476 0.250000
vt 0.437644 0.492916
vt 0.500001 0.496172
vt 0.500003 0.500224
vt 0.625000 0.501894
vt 0.875000 0.248106
vt 0.562487 0.503032
vt 0.562356 0.492916
vt 0.870524 0.250000
vt 0.625000 0.495524
vt 0.438753 0.754819
vt 0.131467 0.000000
vt 0.377156 0.750000
vt 0.375000 0.748106
vt 0.125000 0.001894
vt 0.437567 0.746963
vt 0.500000 0.749503
vt 0.500000 0.753257
vt 0.622844 0.750000
vt 0.868533 0.000000
vt 0.561247 0.754819
vt 0.562433 0.746963
vt 0.875000 0.001894
vt 0.625000 0.748106
vt 0.486140 0.000000
vt 0.495380 0.750000
vt 0.493532 0.000000
vt 0.497844 0.750000
vt 0.438365 0.434023
vt 0.506468 0.000000
vt 0.502156 0.750000
vt 0.513860 0.000000
vt 0.504620 0.750000
vt 0.561639 0.036223
vt 0.448462 0.253260
vt 0.375000 0.250000
vt 0.452672 0.249146
vt 0.625000 0.250000
vt 0.551538 0.253260
vt 0.547328 0.249146
vt 0.442423 0.500417
vt 0.375000 0.500000
vt 0.125000 0.250000
vt 0.446467 0.496615
vt 0.625000 0.500000
vt 0.875000 0.250000
vt 0.557581 0.500417
vt 0.553535 0.496615
vt 0.447771 0.752505
vt 0.375000 0.750000
vt 0.125000 0.000000
vt 0.447480 0.749332
vt 0.625000 0.750000
vt 0.875000 0.000000
vt 0.552229 0.752505
vt 0.552520 0.749332
vt 0.375000 0.312500
vt 0.390625 0.312500
vt 0.390625 0.350000
vt 0.375000 0.350000
vt 0.406250 0.312500
vt 0.406250 0.350000
vt 0.421875 0.312500
vt 0.421875 0.350000
vt 0.437500 0.312500
vt 0.437500 0.350000
vt 0.453125 0.312500
vt 0.453125 0.350000
vt 0.468750 0.312500
vt 0.468750 0.350000
vt 0.484375 0.312500
vt 0.484375 0.350000
vt 0.500000 0.312500
vt 0.500000 0.350000
vt 0.515625 0.312500
vt 0.515625 0.350000
vt 0.531250 0.312500
vt 0.531250 0.350000
vt 0.546875 0.312500
vt 0.546875 0.350000
vt 0.562500 0.312500
vt 0.562500 0.350000
vt 0.578125 0.312500
vt 0.578125 0.350000
vt 0.593750 0.312500
vt 0.593750 0.350000
vt 0.609375 0.312500
vt 0.609375 0.350000
vt 0.625000 0.312500
vt 0.625000 0.350000
vt 0.610485 0.045765
vt 0.644356 0.096456
vt 0.500000 0.156250
vt 0.559794 0.011894
vt 0.500000 0.000000
vt 0.440206 0.011894
vt 0.389515 0.045765
vt 0.355644 0.096456
vt 0.343750 0.156250
vt 0.355644 0.216044
vt 0.389515 0.266735
vt 0.440206 0.300606
vt 0.500000 0.312500
vt 0.559794 0.300606
vt 0.610485 0.266735
vt 0.644356 0.216044
vt 0.656250 0.156250
vt 0.644356 0.903544
vt 0.610485 0.954235
vt 0.500000 0.843750
vt 0.559794 0.988106
vt 0.500000 1.000000
vt 0.440206 0.988106
vt 0.389515 0.954235
vt 0.355644 0.903544
vt 0.343750 0.843750
vt 0.355644 0.783956
vt 0.389515 0.733265
vt 0.440206 0.699394
vt 0.500000 0.687500
vt 0.559794 0.699394
vt 0.610485 0.733265
vt 0.644356 0.783956
vt 0.656250 0.843750
vt 0.375000 0.650000
vt 0.390625 0.650000
vt 0.390625 0.687500
vt 0.375000 0.687500
vt 0.609375 0.650000
vt 0.625000 0.650000
vt 0.625000 0.687500
vt 0.609375 0.687500
vt 0.593750 0.650000
vt 0.593750 0.687500
vt 0.578125 0.650000
vt 0.578125 0.687500
vt 0.562500 0.650000
vt 0.562500 0.687500
vt 0.546875 0.650000
vt 0.546875 0.687500
vt 0.531250 0.650000
vt 0.531250 0.687500
vt 0.515625 0.650000
vt 0.515625 0.687500
vt 0.500000 0.650000
vt 0.500000 0.687500
vt 0.484375 0.650000
vt 0.484375 0.687500
vt 0.468750 0.650000
vt 0.468750 0.687500
vt 0.453125 0.650000
vt 0.453125 0.687500
vt 0.437500 0.650000
vt 0.437500 0.687500
vt 0.421875 0.650000
vt 0.421875 0.687500
vt 0.406250 0.650000
vt 0.406250 0.687500
vt 0.375000 0.612500
vt 0.390625 0.612500
vt 0.609375 0.612500
vt 0.625000 0.612500
vt 0.593750 0.612500
vt 0.578125 0.612500
vt 0.562500 0.612500
vt 0.546875 0.612500
vt 0.531250 0.612500
vt 0.515625 0.612500
vt 0.500000 0.612500
vt 0.484375 0.612500
vt 0.468750 0.612500
vt 0.453125 0.612500
vt 0.437500 0.612500
vt 0.421875 0.612500
vt 0.406250 0.612500
vt 0.375000 0.575000
vt 0.390625 0.575000
vt 0.609375 0.575000
vt 0.625000 0.575000
vt 0.593750 0.575000
vt 0.578125 0.575000
vt 0.562500 0.575000
vt 0.546875 0.575000
vt 0.531250 0.575000
vt 0.515625 0.575000
vt 0.500000 0.575000
vt 0.484375 0.575000
vt 0.468750 0.575000
vt 0.453125 0.575000
vt 0.437500 0.575000
vt 0.421875 0.575000
vt 0.406250 0.575000
vt 0.375000 0.537500
vt 0.390625 0.537500
vt 0.609375 0.537500
vt 0.625000 0.537500
vt 0.593750 0.537500
vt 0.578125 0.537500
vt 0.562500 0.537500
vt 0.546875 0.537500
vt 0.531250 0.537500
vt 0.515625 0.537500
vt 0.500000 0.537500
vt 0.484375 0.537500
vt 0.468750 0.537500
vt 0.453125 0.537500
vt 0.437500 0.537500
vt 0.421875 0.537500
vt 0.406250 0.537500
vt 0.375000 0.500000
vt 0.390625 0.500000
vt 0.609375 0.500000
vt 0.625000 0.500000
vt 0.593750 0.500000
vt 0.578125 0.500000
vt 0.562500 0.500000
vt 0.546875 0.500000
vt 0.531250 0.500000
vt 0.515625 0.500000
vt 0.500000 0.500000
vt 0.484375 0.500000
vt 0.468750 0.500000
vt 0.453125 0.500000
vt 0.437500 0.500000
vt 0.421875 0.500000
vt 0.406250 0.500000
vt 0.375000 0.462500
vt 0.390625 0.462500
vt 0.609375 0.462500
vt 0.625000 0.462500
vt 0.593750 0.462500
vt 0.578125 0.462500
vt 0.562500 0.462500
vt 0.546875 0.462500
vt 0.531250 0.462500
vt 0.515625 0.462500
vt 0.500000 0.462500
vt 0.484375 0.462500
vt 0.468750 0.462500
vt 0.453125 0.462500
vt 0.437500 0.462500
vt 0.421875 0.462500
vt 0.406250 0.462500
vt 0.375000 0.425000
vt 0.390625 0.425000
vt 0.609375 0.425000
vt 0.625000 0.425000
vt 0.593750 0.425000
vt 0.578125 0.425000
vt 0.562500 0.425000
vt 0.546875 0.425000
vt 0.531250 0.425000
vt 0.515625 0.425000
vt 0.500000 0.425000
vt 0.484375 0.425000
vt 0.468750 0.425000
vt 0.453125 0.425000
vt 0.437500 0.425000
vt 0.421875 0.425000
vt 0.406250 0.425000
vt 0.375000 0.387500
vt 0.390625 0.387500
vt 0.609375 0.387500
vt 0.625000 0.387500
vt 0.593750 0.387500
vt 0.578125 0.387500
vt 0.562500 0.387500
vt 0.546875 0.387500
vt 0.531250 0.387500
vt 0.515625 0.387500
vt 0.500000 0.387500
vt 0.484375 0.387500
vt 0.468750 0.387500
vt 0.453125 0.387500
vt 0.437500 0.387500
vt 0.421875 0.387500
vt 0.406250 0.387500
vn 0.000000 -0.999992 0.003994
vn -0.250490 -0.968112 0.003755
vn -0.250489 -0.968112 -0.003755
vn -0.000000 -0.999992 -0.003994
vn -0.695185 -0.718819 0.004039
vn -0.858692 -0.512476 0.004090
vn -0.858692 -0.512476 -0.004090
vn -0.695187 -0.718818 -0.004039
vn -0.999982 -0.002368 0.005480
vn -0.999982 -0.002368 -0.005480
vn -0.866029 -0.001782 0.499990
vn -0.866029 0.001782 0.499990
vn -0.999982 0.002368 0.005480
vn -0.499914 -0.001782 0.866073
vn -0.499914 0.001782 0.866073
vn -0.000000 -0.001779 0.999999
vn -0.000000 0.001779 0.999999
vn 0.999982 -0.002368 0.005480
vn 0.858692 -0.512476 0.004090
vn 0.858692 -0.512476 -0.004090
vn 0.999982 -0.002368 -0.005480
vn 0.695186 -0.718819 0.004039
vn 0.695187 -0.718818 -0.004039
vn 0.250473 -0.968116 0.003755
vn 0.250473 -0.968116 -0.003755
vn 0.499914 -0.001783 0.866073
vn 0.499914 0.001783 0.866073
vn 0.866029 -0.001782 0.499990
vn 0.866030 0.001782 0.499990
vn 0.999982 0.002368 0.005480
vn -0.963819 0.266528 0.003890
vn -0.963819 0.266530 -0.003890
vn -0.999982 0.002368 -0.005480
vn -0.695177 0.718827 0.004001
vn -0.487480 0.873125 0.004029
vn -0.487480 0.873125 -0.004029
vn -0.695180 0.718825 -0.004001
vn -0.000000 0.999992 0.003994
vn 0.000000 0.999992 -0.003994
vn 0.487465 0.873134 0.004029
vn 0.487465 0.873133 -0.004029
vn 0.695179 0.718826 0.004001
vn 0.695179 0.718826 -0.004001
vn 0.963820 0.266527 0.003890
vn 0.999982 0.002368 -0.005480
vn 0.963819 0.266528 -0.003890
vn -0.866030 0.001783 -0.499990
vn -0.866029 -0.001783 -0.499990
vn -0.707125 0.001768 -0.707087
vn -0.707124 -0.001768 -0.707087
vn -0.258605 0.001675 -0.965982
vn 0.000000 0.001779 -0.999999
vn 0.000000 -0.001779 -0.999999
vn -0.258606 -0.001675 -0.965981
vn 0.258605 0.001675 -0.965982
vn 0.258606 -0.001675 -0.965981
vn 0.707125 0.001768 -0.707087
vn 0.866029 0.001782 -0.499990
vn 0.866029 -0.001783 -0.499990
vn 0.707124 -0.001769 -0.707087
vn -0.944420 -0.236259 0.228587
vn -0.702009 -0.512356 0.494646
vn -0.491336 -0.719129 0.491367
vn 0.000008 -0.973670 0.227962
vn -0.222246 -0.949320 0.222257
vn -0.000028 -0.718778 0.695239
vn -0.000028 -0.718778 0.695239
vn -0.494628 -0.512311 0.702054
vn -0.000015 -0.242726 0.970095
vn -0.228515 -0.236318 0.944423
vn 0.222252 -0.949317 0.222264
vn 0.491310 -0.719127 0.491396
vn 0.702011 -0.512335 0.494665
vn 0.944407 -0.236302 0.228599
vn 0.494595 -0.512348 0.702051
vn 0.228488 -0.236291 0.944436
vn -0.000008 0.973668 0.227972
vn -0.222255 0.949313 0.222277
vn -0.491319 0.719152 0.491351
vn -0.701997 0.512373 0.494646
vn -0.944408 0.236299 0.228598
vn -0.494630 0.512323 0.702044
vn -0.000008 0.242728 0.970094
vn -0.228604 0.236315 0.944402
vn -0.000022 0.718791 0.695226
vn -0.000022 0.718791 0.695226
vn 0.944423 0.236245 0.228591
vn 0.702002 0.512359 0.494653
vn 0.491312 0.719125 0.491397
vn 0.222245 0.949319 0.222264
vn 0.494588 0.512369 0.702040
vn 0.228591 0.236286 0.944413
vn 0.000001 0.242728 -0.970094
vn -0.228488 0.236307 -0.944432
vn -0.494671 0.512302 -0.702031
vn -0.702053 0.512309 -0.494632
vn -0.944382 0.236389 -0.228611
vn -0.491381 0.719077 -0.491400
vn 0.000005 0.973672 -0.227954
vn -0.222192 0.949337 -0.222240
vn -0.000012 0.718761 -0.695258
vn -0.000012 0.718761 -0.695258
vn 0.944404 0.236306 -0.228605
vn 0.702058 0.512285 -0.494651
vn 0.494684 0.512294 -0.702028
vn 0.228488 0.236307 -0.944432
vn 0.491363 0.719105 -0.491377
vn 0.222217 0.949324 -0.222269
vn -0.000005 -0.973673 -0.227950
vn -0.222201 -0.949334 -0.222243
vn -0.491374 -0.719091 -0.491385
vn -0.702025 -0.512327 -0.494654
vn -0.944378 -0.236422 -0.228595
vn -0.494625 -0.512333 -0.702041
vn 0.000007 -0.242726 -0.970095
vn -0.228604 -0.236299 -0.944406
vn -0.000007 -0.718778 -0.695239
vn -0.000007 -0.718778 -0.695239
vn 0.944393 -0.236345 -0.228610
vn 0.702021 -0.512339 -0.494646
vn 0.491380 -0.719095 -0.491373
vn 0.222217 -0.949326 -0.222259
vn 0.494620 -0.512357 -0.702027
vn 0.228618 -0.236298 -0.944403
vn 0.770521 -0.537496 -0.342629
vn 0.608041 -0.424173 -0.671092
vn 0.647136 -0.410351 -0.642516
vn 0.798626 -0.503957 -0.328975
vn 0.312381 -0.217919 -0.924624
vn 0.375868 -0.241376 -0.894685
vn -0.075109 0.052478 -0.995794
vn 0.005466 -0.007883 -0.999954
vn -0.427105 0.297958 -0.853699
vn -0.367828 0.230374 -0.900905
vn -0.660873 0.461015 -0.592209
vn -0.643195 0.408057 -0.647912
vn -0.783007 0.546245 -0.297518
vn -0.795570 0.507254 -0.331304
vn -0.820151 0.572147 0.000001
vn -0.842848 0.538152 -0.000000
vn -0.783049 0.546246 0.297406
vn -0.795615 0.507271 0.331170
vn -0.660919 0.461059 0.592124
vn -0.643233 0.408104 0.647844
vn -0.427108 0.297984 0.853689
vn -0.367787 0.230386 0.900919
vn -0.075098 0.052424 0.995797
vn 0.005564 -0.007955 0.999953
vn 0.312316 -0.217935 0.924642
vn 0.375792 -0.241364 0.894720
vn 0.608136 -0.424227 0.670971
vn 0.647207 -0.410407 0.642410
vn 0.770543 -0.537506 0.342566
vn 0.798655 -0.503940 0.328929
vn 0.820122 -0.572188 0.000098
vn 0.846052 -0.533100 0.000095
vn 0.000000 -1.000000 -0.000009
vn 0.000000 -1.000000 0.000000
vn 0.000000 -1.000000 0.000002
vn 0.000000 -1.000000 -0.000008
vn 0.000000 -1.000000 0.000012
vn 0.000000 -1.000000 0.000000
vn 0.000000 -1.000000 -0.000010
vn 0.000000 -1.000000 0.000000
vn 0.000000 -1.000000 0.000000
vn 0.000000 -1.000000 0.000010
vn 0.000000 -1.000000 0.000020
vn 0.000000 -1.000000 0.000001
vn 0.000000 -1.000000 0.000002
vn 0.000000 -1.000000 0.000010
vn 0.000000 -1.000000 0.000000
vn 0.000000 -1.000000 0.000000
vn 0.000000 -1.000000 0.000000
vn 0.000000 1.000000 0.000000
vn 0.000000 1.000000 0.000000
vn 0.000000 1.000000 0.000001
vn 0.000000 1.000000 0.000000
vn 0.000000 1.000000 -0.000001
vn 0.000000 1.000000 -0.000011
vn 0.000000 1.000000 0.000010
vn 0.000000 1.000000 0.000021
vn 0.000000 1.000000 0.000000
vn 0.000000 1.000000 0.000000
vn 0.000000 1.000000 0.000000
vn 0.000000 1.000000 0.000000
vn 0.000000 1.000000 0.000003
vn 0.000000 1.000000 0.000002
vn 0.000000 1.000000 0.000000
vn 0.000000 1.000000 0.000000
vn 0.000000 1.000000 0.000000
vn 0.798626 0.503957 -0.328975
vn 0.647136 0.410351 -0.642516
vn 0.608044 0.424175 -0.671087
vn 0.770521 0.537496 -0.342629
vn 0.846052 0.533100 0.000091
vn 0.820122 0.572188 0.000091
vn 0.798658 0.503942 0.328921
vn 0.770545 0.537507 0.342560
vn 0.647206 0.410407 0.642410
vn 0.608133 0.424224 0.670976
vn 0.375787 0.241361 0.894723
vn 0.312314 0.217934 0.924643
vn 0.005562 0.007954 0.999953
vn -0.075098 -0.052424 0.995797
vn -0.367785 -0.230385 0.900920
vn -0.427107 -0.297983 0.853689
vn -0.643232 -0.408103 0.647846
vn -0.660919 -0.461059 0.592123
vn -0.795615 -0.507271 0.331170
vn -0.783049 -0.546246 0.297406
vn -0.842848 -0.538152 0.000003
vn -0.820151 -0.572147 0.000001
vn -0.795570 -0.507254 -0.331303
vn -0.783005 -0.546244 -0.297523
vn -0.643194 -0.408057 -0.647913
vn -0.660871 -0.461014 -0.592213
vn -0.367828 -0.230375 -0.900905
vn -0.427110 -0.297961 -0.853696
vn 0.005466 0.007883 -0.999954
vn -0.075109 -0.052478 -0.995794
vn 0.375870 0.241378 -0.894684
vn 0.312384 0.217921 -0.924623
vn 0.841236 0.415620 -0.345808
vn 0.669889 0.333055 -0.663569
vn 0.896857 0.442321 0.000103
vn 0.841248 0.415632 0.345762
vn 0.670006 0.333088 0.663434
vn 0.381468 0.192580 0.904099
vn 0.007303 0.007840 0.999943
vn -0.370216 -0.181266 0.911089
vn -0.664222 -0.330344 0.670584
vn -0.837913 -0.419263 0.349458
vn -0.893969 -0.448128 0.000004
vn -0.837864 -0.419248 -0.349592
vn -0.664178 -0.330313 -0.670642
vn -0.370300 -0.181260 -0.911056
vn 0.007254 0.007779 -0.999943
vn 0.381582 0.192605 -0.904046
vn 0.882696 0.299588 -0.362071
vn 0.691258 0.236339 -0.682866
vn 0.947156 0.320773 0.000108
vn 0.882749 0.299618 0.361915
vn 0.691333 0.236403 0.682768
vn 0.386692 0.134578 0.912337
vn 0.009030 0.006406 0.999939
vn -0.372011 -0.124955 0.919779
vn -0.683366 -0.233717 0.691656
vn -0.879333 -0.302885 0.367469
vn -0.945270 -0.326289 0.000001
vn -0.879275 -0.302886 -0.367608
vn -0.683305 -0.233701 -0.691721
vn -0.372083 -0.124951 -0.919751
vn 0.009032 0.006364 -0.999939
vn 0.386815 0.134605 -0.912281
vn 0.913802 0.157863 -0.374226
vn 0.706797 0.123104 -0.696623
vn 0.985473 0.169833 0.000110
vn 0.913894 0.157884 0.373993
vn 0.706900 0.123118 0.696516
vn 0.390455 0.069323 0.918008
vn 0.010367 0.003643 0.999940
vn -0.373010 -0.063708 0.925638
vn -0.696868 -0.121389 0.706852
vn -0.910582 -0.159857 0.381165
vn -0.984868 -0.173305 0.000001
vn -0.910517 -0.159863 -0.381318
vn -0.696821 -0.121387 -0.706899
vn -0.373125 -0.063704 -0.925591
vn 0.010291 0.003625 -0.999941
vn 0.390699 0.069352 -0.917902
vn 0.925478 -0.000000 -0.378802
vn 0.712572 -0.000000 -0.701599
vn 1.000000 -0.000000 0.000111
vn 0.925575 -0.000000 0.378565
vn 0.712636 -0.000000 0.701535
vn 0.391857 -0.000000 0.920026
vn 0.010885 -0.000000 0.999941
vn -0.373312 -0.000000 0.927706
vn -0.701744 -0.000000 0.712429
vn -0.922354 -0.000000 0.386347
vn -1.000000 0.000000 -0.000000
vn -0.922290 -0.000000 -0.386498
vn -0.701690 0.000000 -0.712483
vn -0.373448 0.000000 -0.927651
vn 0.010745 0.000000 -0.999942
vn 0.392122 -0.000000 -0.919913
vn 0.913801 -0.157864 -0.374227
vn 0.706807 -0.123102 -0.696613
vn 0.985471 -0.169845 0.000109
vn 0.913894 -0.157884 0.373992
vn 0.706901 -0.123118 0.696515
vn 0.390510 -0.069322 0.917985
vn 0.010391 -0.003643 0.999939
vn -0.373086 0.063706 0.925607
vn -0.696870 0.121390 0.706850
vn -0.910583 0.159857 0.381163
vn -0.984866 0.173318 -0.000000
vn -0.910519 0.159862 -0.381312
vn -0.696816 0.121389 -0.706903
vn -0.373072 0.063706 -0.925613
vn 0.010290 -0.003625 -0.999941
vn 0.390629 -0.069355 -0.917932
vn 0.882699 -0.299586 -0.362064
vn 0.691253 -0.236342 -0.682870
vn 0.947149 -0.320795 0.000106
vn 0.882751 -0.299618 0.361911
vn 0.691334 -0.236403 0.682767
vn 0.386766 -0.134574 0.912306
vn 0.009005 -0.006406 0.999939
vn -0.372067 0.124953 0.919757
vn -0.683367 0.233718 0.691654
vn -0.879334 0.302886 0.367466
vn -0.945263 0.326310 -0.000000
vn -0.879274 0.302888 -0.367608
vn -0.683318 0.233700 -0.691709
vn -0.372013 0.124955 -0.919778
vn 0.009031 -0.006363 -0.999939
vn 0.386762 -0.134609 -0.912302
vn 0.841236 -0.415620 -0.345808
vn 0.669889 -0.333055 -0.663569
vn 0.896857 -0.442321 0.000100
vn 0.841248 -0.415632 0.345764
vn 0.670003 -0.333087 0.663437
vn 0.381468 -0.192581 0.904099
vn 0.007305 -0.007841 0.999943
vn -0.370215 0.181266 0.911089
vn -0.664222 0.330344 0.670583
vn -0.837913 0.419263 0.349457
vn -0.893969 0.448128 -0.000000
vn -0.837863 0.419247 -0.349595
vn -0.664179 0.330314 -0.670641
vn -0.370299 0.181259 -0.911057
vn 0.007254 -0.007779 -0.999943
vn 0.381582 -0.192605 -0.904046
s 1
g sinkleftdoor2
usemtl initialShadingGroup
f 1589/2028/2533 1588/2046/2534 1629/2083/2535 1637/2037/2536
s 2
f 1588/2046/2537 1587/2044/2538 1630/2085/2539 1629/2083/2540
f 1587/2045/2538 1595/2041/2541 1631/2033/2542 1630/2084/2539
f 1595/2041/2541 1594/2051/2543 1604/2060/2544 1603/2042/2545
f 1594/2051/2543 1593/2050/2546 1605/2061/2547 1604/2060/2544
f 1593/2050/2546 1592/2029/2548 1606/2031/2549 1605/2061/2547
f 1598/2030/2550 1597/2053/2551 1638/2092/2552 1642/2036/2553
f 1597/2054/2551 1596/2052/2554 1639/2093/2555 1638/2091/2552
s 1
f 1596/2052/2556 1589/2028/2533 1637/2037/2536 1639/2093/2557
s 2
f 1592/2029/2548 1600/2056/2558 1612/2067/2559 1606/2031/2549
f 1600/2056/2558 1599/2055/2560 1613/2068/2561 1612/2067/2559
f 1599/2055/2560 1598/2030/2550 1614/2032/2562 1613/2068/2561
f 1603/2042/2545 1602/2058/2563 1618/2073/2564 1617/2043/2565
f 1602/2059/2566 1601/2057/2567 1619/2074/2568 1618/2072/2569
f 1601/2057/2567 1609/2039/2570 1620/2034/2571 1619/2074/2568
f 1609/2039/2570 1611/2066/2572 1626/2080/2573 1620/2034/2571
f 1611/2066/2572 1610/2064/2574 1627/2082/2575 1626/2080/2573
f 1610/2065/2576 1614/2032/2562 1628/2035/2577 1627/2081/2578
f 1617/2043/2565 1616/2070/2579 1632/2087/2580 1631/2033/2542
f 1616/2071/2579 1615/2069/2581 1633/2088/2582 1632/2086/2580
s 5
f 1615/2069/2583 1623/2040/2584 1634/2038/2585 1633/2088/2586
f 1623/2040/2584 1625/2079/2587 1640/2094/2588 1634/2038/2585
s 2
f 1625/2079/2589 1624/2077/2590 1641/2096/2591 1640/2094/2592
f 1624/2078/2590 1628/2035/2577 1642/2036/2553 1641/2095/2591
f 1598/2030/2550 1642/2036/2553 1628/2035/2577 1614/2032/2562
f 1631/2033/2542 1595/2041/2541 1603/2042/2545 1617/2043/2565
f 1594/2051/2543 1595/2041/2541 1587/2045/2538 1643/2097/2593
f 1643/2098/2594 1587/2044/2538 1588/2046/2537 1644/2100/2595
s 1
f 1588/2046/2534 1589/2028/2533 1590/2048/2596 1644/2100/2597
s 2
f 1644/2099/2595 1590/2047/2598 1591/2049/2599 1645/2101/2600
f 1591/2049/2601 1592/2029/2548 1593/2050/2546 1645/2101/2602
f 1645/2101/2600 1593/2050/2546 1594/2051/2543 1643/2097/2594
f 1643/2097/2594 1644/2099/2595 1645/2101/2600
s 1
f 1590/2048/2596 1589/2028/2533 1596/2052/2556 1646/2103/2603
s 2
f 1646/2103/2604 1596/2052/2554 1597/2054/2551 1647/2105/2605
f 1597/2053/2551 1598/2030/2550 1599/2055/2560 1647/2104/2606
f 1647/2104/2605 1599/2055/2560 1600/2056/2558 1648/2106/2607
f 1600/2056/2558 1592/2029/2548 1591/2049/2601 1648/2106/2608
f 1648/2106/2607 1591/2049/2599 1590/2047/2598 1646/2102/2604
f 1646/2102/2604 1647/2104/2605 1648/2106/2607
f 1608/2063/2609 1609/2039/2570 1601/2057/2567 1649/2107/2610
f 1649/2107/2611 1601/2057/2567 1602/2059/2566 1650/2108/2612
f 1602/2058/2563 1603/2042/2545 1604/2060/2544 1650/2108/2613
f 1650/2108/2612 1604/2060/2544 1605/2061/2547 1651/2109/2614
f 1605/2061/2547 1606/2031/2549 1607/2062/2615 1651/2109/2616
f 1651/2109/2614 1607/2062/2617 1608/2063/2618 1649/2107/2611
f 1649/2107/2611 1650/2108/2612 1651/2109/2614
f 1613/2068/2561 1614/2032/2562 1610/2065/2576 1652/2110/2619
f 1652/2110/2620 1610/2064/2574 1611/2066/2572 1653/2111/2621
f 1611/2066/2572 1609/2039/2570 1608/2063/2609 1653/2111/2622
f 1653/2111/2621 1608/2063/2618 1607/2062/2617 1654/2112/2623
f 1607/2062/2615 1606/2031/2549 1612/2067/2559 1654/2112/2624
f 1654/2112/2623 1612/2067/2559 1613/2068/2561 1652/2110/2620
f 1652/2110/2620 1653/2111/2621 1654/2112/2623
s 5
f 1622/2076/2625 1623/2040/2584 1615/2069/2583 1655/2113/2626
s 2
f 1655/2113/2627 1615/2069/2581 1616/2071/2579 1656/2114/2628
f 1616/2070/2579 1617/2043/2565 1618/2073/2564 1656/2115/2629
f 1656/2114/2628 1618/2072/2569 1619/2074/2568 1657/2116/2630
f 1619/2074/2568 1620/2034/2571 1621/2075/2631 1657/2116/2632
f 1657/2116/2630 1621/2075/2633 1622/2076/2634 1655/2113/2627
f 1655/2113/2627 1656/2114/2628 1657/2116/2630
f 1627/2081/2578 1628/2035/2577 1624/2078/2590 1658/2118/2635
f 1658/2117/2636 1624/2077/2590 1625/2079/2589 1659/2119/2637
s 5
f 1625/2079/2587 1623/2040/2584 1622/2076/2625 1659/2119/2638
s 2
f 1659/2119/2637 1622/2076/2634 1621/2075/2633 1660/2120/2639
f 1621/2075/2631 1620/2034/2571 1626/2080/2573 1660/2120/2640
f 1660/2120/2639 1626/2080/2573 1627/2082/2575 1658/2117/2636
f 1658/2117/2636 1659/2119/2637 1660/2120/2639
s 1
f 1636/2090/2641 1637/2037/2536 1629/2083/2535 1661/2121/2642
s 2
f 1661/2121/2643 1629/2083/2540 1630/2085/2539 1662/2122/2644
f 1630/2084/2539 1631/2033/2542 1632/2087/2580 1662/2123/2645
f 1662/2122/2644 1632/2086/2580 1633/2088/2582 1663/2124/2646
s 5
f 1633/2088/2586 1634/2038/2585 1635/2089/2647 1663/2124/2648
s 2
f 1663/2124/2646 1635/2089/2649 1636/2090/2650 1661/2121/2643
f 1661/2121/2643 1662/2122/2644 1663/2124/2646
f 1641/2095/2591 1642/2036/2553 1638/2092/2552 1664/2126/2651
f 1664/2125/2652 1638/2091/2552 1639/2093/2555 1665/2127/2653
s 1
f 1639/2093/2557 1637/2037/2536 1636/2090/2641 1665/2127/2654
s 2
f 1665/2127/2653 1636/2090/2650 1635/2089/2649 1666/2128/2655
s 5
f 1635/2089/2647 1634/2038/2585 1640/2094/2588 1666/2128/2656
s 2
f 1666/2128/2655 1640/2094/2592 1641/2096/2591 1664/2125/2652
f 1664/2125/2652 1665/2127/2653 1666/2128/2655
s 11
f 1667/2129/2657 1668/2130/2658 1829/2131/2659 1830/2132/2660
f 1668/2130/2658 1669/2133/2661 1844/2134/2662 1829/2131/2659
f 1669/2133/2661 1670/2135/2663 1843/2136/2664 1844/2134/2662
f 1670/2135/2663 1671/2137/2665 1842/2138/2666 1843/2136/2664
f 1671/2137/2665 1672/2139/2667 1841/2140/2668 1842/2138/2666
f 1672/2139/2667 1673/2141/2669 1840/2142/2670 1841/2140/2668
f 1673/2141/2669 1674/2143/2671 1839/2144/2672 1840/2142/2670
f 1674/2143/2671 1675/2145/2673 1838/2146/2674 1839/2144/2672
f 1675/2145/2673 1676/2147/2675 1837/2148/2676 1838/2146/2674
f 1676/2147/2675 1677/2149/2677 1836/2150/2678 1837/2148/2676
f 1677/2149/2677 1678/2151/2679 1835/2152/2680 1836/2150/2678
f 1678/2151/2679 1679/2153/2681 1834/2154/2682 1835/2152/2680
f 1679/2153/2681 1680/2155/2683 1833/2156/2684 1834/2154/2682
f 1680/2155/2683 1681/2157/2685 1832/2158/2686 1833/2156/2684
f 1681/2157/2685 1682/2159/2687 1831/2160/2688 1832/2158/2686
f 1682/2159/2687 1667/2161/2657 1830/2162/2660 1831/2160/2688
s 12
f 1668/2163/2689 1667/2164/2690 1699/2165/2691
f 1669/2166/2692 1668/2163/2689 1699/2165/2691
f 1670/2167/2693 1669/2166/2692 1699/2165/2691
f 1671/2168/2694 1670/2167/2693 1699/2165/2691
f 1672/2169/2695 1671/2168/2694 1699/2165/2691
f 1673/2170/2696 1672/2169/2695 1699/2165/2691
f 1674/2171/2697 1673/2170/2696 1699/2165/2691
f 1675/2172/2698 1674/2171/2697 1699/2165/2691
f 1676/2173/2699 1675/2172/2698 1699/2165/2691
f 1677/2174/2700 1676/2173/2699 1699/2165/2691
f 1678/2175/2701 1677/2174/2700 1699/2165/2691
f 1679/2176/2702 1678/2175/2701 1699/2165/2691
f 1680/2177/2703 1679/2176/2702 1699/2165/2691
f 1681/2178/2704 1680/2177/2703 1699/2165/2691
f 1682/2179/2705 1681/2178/2704 1699/2165/2691
f 1667/2164/2690 1682/2179/2705 1699/2165/2691
s 13
f 1683/2180/2706 1684/2181/2707 1700/2182/2708
f 1684/2181/2707 1685/2183/2709 1700/2182/2708
f 1685/2183/2709 1686/2184/2710 1700/2182/2708
f 1686/2184/2710 1687/2185/2711 1700/2182/2708
f 1687/2185/2711 1688/2186/2712 1700/2182/2708
f 1688/2186/2712 1689/2187/2713 1700/2182/2708
f 1689/2187/2713 1690/2188/2714 1700/2182/2708
f 1690/2188/2714 1691/2189/2715 1700/2182/2708
f 1691/2189/2715 1692/2190/2716 1700/2182/2708
f 1692/2190/2716 1693/2191/2717 1700/2182/2708
f 1693/2191/2717 1694/2192/2718 1700/2182/2708
f 1694/2192/2718 1695/2193/2719 1700/2182/2708
f 1695/2193/2719 1696/2194/2720 1700/2182/2708
f 1696/2194/2720 1697/2195/2721 1700/2182/2708
f 1697/2195/2721 1698/2196/2722 1700/2182/2708
f 1698/2196/2722 1683/2180/2706 1700/2182/2708
s 11
f 1702/2197/2723 1701/2198/2724 1684/2199/2725 1683/2200/2726
f 1703/2201/2727 1702/2202/2723 1683/2203/2726 1698/2204/2728
f 1704/2205/2729 1703/2201/2727 1698/2204/2728 1697/2206/2730
f 1705/2207/2731 1704/2205/2729 1697/2206/2730 1696/2208/2732
f 1706/2209/2733 1705/2207/2731 1696/2208/2732 1695/2210/2734
f 1707/2211/2735 1706/2209/2733 1695/2210/2734 1694/2212/2736
f 1708/2213/2737 1707/2211/2735 1694/2212/2736 1693/2214/2738
f 1709/2215/2739 1708/2213/2737 1693/2214/2738 1692/2216/2740
f 1710/2217/2741 1709/2215/2739 1692/2216/2740 1691/2218/2742
f 1711/2219/2743 1710/2217/2741 1691/2218/2742 1690/2220/2744
f 1712/2221/2745 1711/2219/2743 1690/2220/2744 1689/2222/2746
f 1713/2223/2747 1712/2221/2745 1689/2222/2746 1688/2224/2748
f 1714/2225/2749 1713/2223/2747 1688/2224/2748 1687/2226/2750
f 1715/2227/2751 1714/2225/2749 1687/2226/2750 1686/2228/2752
f 1716/2229/2753 1715/2227/2751 1686/2228/2752 1685/2230/2754
f 1701/2198/2724 1716/2229/2753 1685/2230/2754 1684/2199/2725
f 1718/2231/2755 1717/2232/2756 1701/2198/2724 1702/2197/2723
f 1719/2233/2757 1718/2234/2755 1702/2202/2723 1703/2201/2727
f 1720/2235/2758 1719/2233/2757 1703/2201/2727 1704/2205/2729
f 1721/2236/2759 1720/2235/2758 1704/2205/2729 1705/2207/2731
f 1722/2237/2760 1721/2236/2759 1705/2207/2731 1706/2209/2733
f 1723/2238/2761 1722/2237/2760 1706/2209/2733 1707/2211/2735
f 1724/2239/2762 1723/2238/2761 1707/2211/2735 1708/2213/2737
f 1725/2240/2763 1724/2239/2762 1708/2213/2737 1709/2215/2739
f 1726/2241/2764 1725/2240/2763 1709/2215/2739 1710/2217/2741
f 1727/2242/2765 1726/2241/2764 1710/2217/2741 1711/2219/2743
f 1728/2243/2766 1727/2242/2765 1711/2219/2743 1712/2221/2745
f 1729/2244/2767 1728/2243/2766 1712/2221/2745 1713/2223/2747
f 1730/2245/2768 1729/2244/2767 1713/2223/2747 1714/2225/2749
f 1731/2246/2769 1730/2245/2768 1714/2225/2749 1715/2227/2751
f 1732/2247/2770 1731/2246/2769 1715/2227/2751 1716/2229/2753
f 1717/2232/2756 1732/2247/2770 1716/2229/2753 1701/2198/2724
f 1734/2248/2771 1733/2249/2772 1717/2232/2756 1718/2231/2755
f 1735/2250/2773 1734/2251/2771 1718/2234/2755 1719/2233/2757
f 1736/2252/2774 1735/2250/2773 1719/2233/2757 1720/2235/2758
f 1737/2253/2775 1736/2252/2774 1720/2235/2758 1721/2236/2759
f 1738/2254/2776 1737/2253/2775 1721/2236/2759 1722/2237/2760
f 1739/2255/2777 1738/2254/2776 1722/2237/2760 1723/2238/2761
f 1740/2256/2778 1739/2255/2777 1723/2238/2761 1724/2239/2762
f 1741/2257/2779 1740/2256/2778 1724/2239/2762 1725/2240/2763
f 1742/2258/2780 1741/2257/2779 1725/2240/2763 1726/2241/2764
f 1743/2259/2781 1742/2258/2780 1726/2241/2764 1727/2242/2765
f 1744/2260/2782 1743/2259/2781 1727/2242/2765 1728/2243/2766
f 1745/2261/2783 1744/2260/2782 1728/2243/2766 1729/2244/2767
f 1746/2262/2784 1745/2261/2783 1729/2244/2767 1730/2245/2768
f 1747/2263/2785 1746/2262/2784 1730/2245/2768 1731/2246/2769
f 1748/2264/2786 1747/2263/2785 1731/2246/2769 1732/2247/2770
f 1733/2249/2772 1748/2264/2786 1732/2247/2770 1717/2232/2756
f 1750/2265/2787 1749/2266/2788 1733/2249/2772 1734/2248/2771
f 1751/2267/2789 1750/2268/2787 1734/2251/2771 1735/2250/2773
f 1752/2269/2790 1751/2267/2789 1735/2250/2773 1736/2252/2774
f 1753/2270/2791 1752/2269/2790 1736/2252/2774 1737/2253/2775
f 1754/2271/2792 1753/2270/2791 1737/2253/2775 1738/2254/2776
f 1755/2272/2793 1754/2271/2792 1738/2254/2776 1739/2255/2777
f 1756/2273/2794 1755/2272/2793 1739/2255/2777 1740/2256/2778
f 1757/2274/2795 1756/2273/2794 1740/2256/2778 1741/2257/2779
f 1758/2275/2796 1757/2274/2795 1741/2257/2779 1742/2258/2780
f 1759/2276/2797 1758/2275/2796 1742/2258/2780 1743/2259/2781
f 1760/2277/2798 1759/2276/2797 1743/2259/2781 1744/2260/2782
f 1761/2278/2799 1760/2277/2798 1744/2260/2782 1745/2261/2783
f 1762/2279/2800 1761/2278/2799 1745/2261/2783 1746/2262/2784
f 1763/2280/2801 1762/2279/2800 1746/2262/2784 1747/2263/2785
f 1764/2281/2802 1763/2280/2801 1747/2263/2785 1748/2264/2786
f 1749/2266/2788 1764/2281/2802 1748/2264/2786 1733/2249/2772
f 1766/2282/2803 1765/2283/2804 1749/2266/2788 1750/2265/2787
f 1767/2284/2805 1766/2285/2803 1750/2268/2787 1751/2267/2789
f 1768/2286/2806 1767/2284/2805 1751/2267/2789 1752/2269/2790
f 1769/2287/2807 1768/2286/2806 1752/2269/2790 1753/2270/2791
f 1770/2288/2808 1769/2287/2807 1753/2270/2791 1754/2271/2792
f 1771/2289/2809 1770/2288/2808 1754/2271/2792 1755/2272/2793
f 1772/2290/2810 1771/2289/2809 1755/2272/2793 1756/2273/2794
f 1773/2291/2811 1772/2290/2810 1756/2273/2794 1757/2274/2795
f 1774/2292/2812 1773/2291/2811 1757/2274/2795 1758/2275/2796
f 1775/2293/2813 1774/2292/2812 1758/2275/2796 1759/2276/2797
f 1776/2294/2814 1775/2293/2813 1759/2276/2797 1760/2277/2798
f 1777/2295/2815 1776/2294/2814 1760/2277/2798 1761/2278/2799
f 1778/2296/2816 1777/2295/2815 1761/2278/2799 1762/2279/2800
f 1779/2297/2817 1778/2296/2816 1762/2279/2800 1763/2280/2801
f 1780/2298/2818 1779/2297/2817 1763/2280/2801 1764/2281/2802
f 1765/2283/2804 1780/2298/2818 1764/2281/2802 1749/2266/2788
f 1782/2299/2819 1781/2300/2820 1765/2283/2804 1766/2282/2803
f 1783/2301/2821 1782/2302/2819 1766/2285/2803 1767/2284/2805
f 1784/2303/2822 1783/2301/2821 1767/2284/2805 1768/2286/2806
f 1785/2304/2823 1784/2303/2822 1768/2286/2806 1769/2287/2807
f 1786/2305/2824 1785/2304/2823 1769/2287/2807 1770/2288/2808
f 1787/2306/2825 1786/2305/2824 1770/2288/2808 1771/2289/2809
f 1788/2307/2826 1787/2306/2825 1771/2289/2809 1772/2290/2810
f 1789/2308/2827 1788/2307/2826 1772/2290/2810 1773/2291/2811
f 1790/2309/2828 1789/2308/2827 1773/2291/2811 1774/2292/2812
f 1791/2310/2829 1790/2309/2828 1774/2292/2812 1775/2293/2813
f 1792/2311/2830 1791/2310/2829 1775/2293/2813 1776/2294/2814
f 1793/2312/2831 1792/2311/2830 1776/2294/2814 1777/2295/2815
f 1794/2313/2832 1793/2312/2831 1777/2295/2815 1778/2296/2816
f 1795/2314/2833 1794/2313/2832 1778/2296/2816 1779/2297/2817
f 1796/2315/2834 1795/2314/2833 1779/2297/2817 1780/2298/2818
f 1781/2300/2820 1796/2315/2834 1780/2298/2818 1765/2283/2804
f 1798/2316/2835 1797/2317/2836 1781/2300/2820 1782/2299/2819
f 1799/2318/2837 1798/2319/2835 1782/2302/2819 1783/2301/2821
f 1800/2320/2838 1799/2318/2837 1783/2301/2821 1784/2303/2822
f 1801/2321/2839 1800/2320/2838 1784/2303/2822 1785/2304/2823
f 1802/2322/2840 1801/2321/2839 1785/2304/2823 1786/2305/2824
f 1803/2323/2841 1802/2322/2840 1786/2305/2824 1787/2306/2825
f 1804/2324/2842 1803/2323/2841 1787/2306/2825 1788/2307/2826
f 1805/2325/2843 1804/2324/2842 1788/2307/2826 1789/2308/2827
f 1806/2326/2844 1805/2325/2843 1789/2308/2827 1790/2309/2828
f 1807/2327/2845 1806/2326/2844 1790/2309/2828 1791/2310/2829
f 1808/2328/2846 1807/2327/2845 1791/2310/2829 1792/2311/2830
f 1809/2329/2847 1808/2328/2846 1792/2311/2830 1793/2312/2831
f 1810/2330/2848 1809/2329/2847 1793/2312/2831 1794/2313/2832
f 1811/2331/2849 1810/2330/2848 1794/2313/2832 1795/2314/2833
f 1812/2332/2850 1811/2331/2849 1795/2314/2833 1796/2315/2834
f 1797/2317/2836 1812/2332/2850 1796/2315/2834 1781/2300/2820
f 1814/2333/2851 1813/2334/2852 1797/2317/2836 1798/2316/2835
f 1815/2335/2853 1814/2336/2851 1798/2319/2835 1799/2318/2837
f 1816/2337/2854 1815/2335/2853 1799/2318/2837 1800/2320/2838
f 1817/2338/2855 1816/2337/2854 1800/2320/2838 1801/2321/2839
f 1818/2339/2856 1817/2338/2855 1801/2321/2839 1802/2322/2840
f 1819/2340/2857 1818/2339/2856 1802/2322/2840 1803/2323/2841
f 1820/2341/2858 1819/2340/2857 1803/2323/2841 1804/2324/2842
f 1821/2342/2859 1820/2341/2858 1804/2324/2842 1805/2325/2843
f 1822/2343/2860 1821/2342/2859 1805/2325/2843 1806/2326/2844
f 1823/2344/2861 1822/2343/2860 1806/2326/2844 1807/2327/2845
f 1824/2345/2862 1823/2344/2861 1807/2327/2845 1808/2328/2846
f 1825/2346/2863 1824/2345/2862 1808/2328/2846 1809/2329/2847
f 1826/2347/2864 1825/2346/2863 1809/2329/2847 1810/2330/2848
f 1827/2348/2865 1826/2347/2864 1810/2330/2848 1811/2331/2849
f 1828/2349/2866 1827/2348/2865 1811/2331/2849 1812/2332/2850
f 1813/2334/2852 1828/2349/2866 1812/2332/2850 1797/2317/2836
f 1830/2132/2660 1829/2131/2659 1813/2334/2852 1814/2333/2851
f 1831/2160/2688 1830/2162/2660 1814/2336/2851 1815/2335/2853
f 1832/2158/2686 1831/2160/2688 1815/2335/2853 1816/2337/2854
f 1833/2156/2684 1832/2158/2686 1816/2337/2854 1817/2338/2855
f 1834/2154/2682 1833/2156/2684 1817/2338/2855 1818/2339/2856
f 1835/2152/2680 1834/2154/2682 1818/2339/2856 1819/2340/2857
f 1836/2150/2678 1835/2152/2680 1819/2340/2857 1820/2341/2858
f 1837/2148/2676 1836/2150/2678 1820/2341/2858 1821/2342/2859
f 1838/2146/2674 1837/2148/2676 1821/2342/2859 1822/2343/2860
f 1839/2144/2672 1838/2146/2674 1822/2343/2860 1823/2344/2861
f 1840/2142/2670 1839/2144/2672 1823/2344/2861 1824/2345/2862
f 1841/2140/2668 1840/2142/2670 1824/2345/2862 1825/2346/2863
f 1842/2138/2666 1841/2140/2668 1825/2346/2863 1826/2347/2864
f 1843/2136/2664 1842/2138/2666 1826/2347/2864 1827/2348/2865
f 1844/2134/2662 1843/2136/2664 1827/2348/2865 1828/2349/2866
f 1829/2131/2659 1844/2134/2662 1828/2349/2866 1813/2334/2852
g default
v -18.908894 94.967850 6.587785
v -18.029988 94.967850 7.021257
v -17.052083 94.967850 7.085344
v -16.124104 94.967850 6.770342
v -15.387349 94.967850 6.124285
v -14.953877 94.967850 5.245256
v -14.889790 94.967850 4.267412
v -15.204793 94.967850 3.339494
v -15.850972 94.967850 2.602678
v -16.729878 94.967850 2.169206
v -17.707783 94.967850 2.105119
v -18.635701 94.967850 2.420122
v -19.372517 94.967850 3.066301
v -19.805928 94.967850 3.945207
v -19.870076 94.967850 4.923113
v -19.555012 94.967850 5.851091
v -18.516987 99.577011 6.077165
v -17.863362 99.577011 6.399431
v -17.136128 99.577011 6.447160
v -16.446004 99.577011 6.212847
v -15.898030 99.577011 5.732317
v -15.575703 99.577011 5.078752
v -15.528035 99.577011 4.351457
v -15.762288 99.577011 3.661272
v -16.242817 99.577011 3.113420
v -16.896504 99.577011 2.791033
v -17.623738 99.577011 2.743364
v -18.313862 99.577011 2.977617
v -18.861775 99.577011 3.458147
v -19.184102 99.577011 4.111833
v -19.231770 99.577011 4.839067
v -18.997517 99.577011 5.529192
v -17.379902 94.967850 4.595232
v -18.214680 99.577011 5.683122
v -17.734822 99.577011 5.919695
v -17.200947 99.577011 5.954729
v -16.694356 99.577011 5.782732
v -16.292073 99.577011 5.429949
v -16.055440 99.577011 4.950090
v -16.020466 99.577011 4.416277
v -16.192402 99.577011 3.909685
v -16.545186 99.577011 3.507463
v -17.025044 99.577011 3.270769
v -17.558919 99.577011 3.235735
v -18.065510 99.577011 3.407732
v -18.467793 99.577011 3.760515
v -18.704426 99.577011 4.240312
v -18.739400 99.577011 4.774187
v -18.567402 99.577011 5.280840
v -18.022114 100.116821 5.432146
v -17.652974 100.116821 5.614275
v -17.379902 100.116806 4.595232
v -17.242207 100.116821 5.641130
v -16.852437 100.116821 5.508806
v -16.542988 100.116821 5.237444
v -16.360921 100.116821 4.868303
v -16.334004 100.116821 4.457536
v -16.466328 100.116821 4.067766
v -16.737691 100.116821 3.758318
v -17.106892 100.116821 3.576311
v -17.517598 100.116821 3.549333
v -17.907368 100.116821 3.681597
v -18.216878 100.116821 3.953020
v -18.398945 100.116821 4.322283
v -18.425862 100.116821 4.732927
v -18.293538 100.116821 5.122698
v -16.348103 95.220428 9.159197
v -15.420125 95.220428 8.844255
v -15.742024 99.829590 8.286760
v -16.432149 99.829590 8.521013
v -16.155903 96.365021 9.368791
v -15.474202 96.365021 9.137346
v -15.710652 99.750900 8.727922
v -16.217610 99.750900 8.899919
vt 0.644356 0.096456
vt 0.610485 0.045765
vt 0.559794 0.011894
vt 0.500000 0.000000
vt 0.440206 0.011894
vt 0.389515 0.045765
vt 0.355644 0.096456
vt 0.343750 0.156250
vt 0.355644 0.216044
vt 0.389515 0.266735
vt 0.440206 0.300606
vt 0.500000 0.312500
vt 0.559794 0.300606
vt 0.610485 0.266735
vt 0.644356 0.216044
vt 0.656250 0.156250
vt 0.375000 0.312500
vt 0.390625 0.312500
vt 0.406250 0.312500
vt 0.421875 0.312500
vt 0.437500 0.312500
vt 0.453125 0.312500
vt 0.468750 0.312500
vt 0.484375 0.312500
vt 0.500000 0.312500
vt 0.515625 0.312500
vt 0.531250 0.312500
vt 0.546875 0.312500
vt 0.562500 0.312500
vt 0.578125 0.312500
vt 0.593750 0.312500
vt 0.609375 0.312500
vt 0.625000 0.312500
vt 0.375000 0.687500
vt 0.390625 0.687500
vt 0.406250 0.687500
vt 0.421875 0.687500
vt 0.437500 0.687500
vt 0.453125 0.687500
vt 0.468750 0.687500
vt 0.484375 0.687500
vt 0.500000 0.687500
vt 0.515625 0.687500
vt 0.531250 0.687500
vt 0.546875 0.687500
vt 0.562500 0.687500
vt 0.578125 0.687500
vt 0.593750 0.687500
vt 0.609375 0.687500
vt 0.625000 0.687500
vt 0.644356 0.783956
vt 0.610485 0.733265
vt 0.559794 0.699394
vt 0.500000 0.687500
vt 0.440206 0.699394
vt 0.389515 0.733265
vt 0.355644 0.783956
vt 0.343750 0.843750
vt 0.355644 0.903544
vt 0.389515 0.954235
vt 0.440206 0.988106
vt 0.500000 1.000000
vt 0.559794 0.988106
vt 0.610485 0.954235
vt 0.644356 0.903544
vt 0.656250 0.843750
vt 0.500000 0.156250
vt 0.500000 0.843750
vt 0.644356 0.903544
vt 0.610485 0.954235
vt 0.559794 0.988106
vt 0.500000 1.000000
vt 0.440206 0.988106
vt 0.389515 0.954235
vt 0.355644 0.903544
vt 0.343750 0.843750
vt 0.355644 0.783956
vt 0.389515 0.733265
vt 0.440206 0.699394
vt 0.500000 0.687500
vt 0.559794 0.699394
vt 0.610485 0.733265
vt 0.644356 0.783956
vt 0.656250 0.843750
vt 0.644356 0.903544
vt 0.610485 0.954235
vt 0.559794 0.988106
vt 0.500000 1.000000
vt 0.440206 0.988106
vt 0.389515 0.954235
vt 0.355644 0.903544
vt 0.343750 0.843750
vt 0.355644 0.783956
vt 0.389515 0.733265
vt 0.440206 0.699394
vt 0.500000 0.687500
vt 0.559794 0.699394
vt 0.610485 0.733265
vt 0.644356 0.783956
vt 0.656250 0.843750
vt 0.406250 0.312500
vt 0.421875 0.312500
vt 0.421875 0.687500
vt 0.406250 0.687500
vt 0.406250 0.312500
vt 0.421875 0.312500
vt 0.421875 0.687500
vt 0.406250 0.687500
vn -0.602910 0.138320 0.785727
vn -0.256328 0.138313 0.956643
vn -0.256328 0.138313 0.956643
vn -0.602907 0.138320 0.785730
vn -0.064800 0.135711 0.988627
vn -0.064800 0.135711 0.988627
vn 0.318368 0.135722 0.938201
vn 0.318368 0.135722 0.938201
vn 0.318368 0.135722 0.938201
vn 0.318368 0.135722 0.938201
vn 0.653199 0.135720 0.744924
vn 0.785711 0.138324 0.602931
vn 0.785713 0.138324 0.602928
vn 0.653199 0.135720 0.744924
vn 0.956641 0.138325 0.256328
vn 0.956640 0.138325 0.256333
vn 0.981914 0.138332 -0.129267
vn 0.981914 0.138332 -0.129266
vn 0.857696 0.138330 -0.495200
vn 0.857693 0.138330 -0.495204
vn 0.602909 0.138329 -0.785726
vn 0.602911 0.138329 -0.785725
vn 0.256381 0.138324 -0.956627
vn 0.256381 0.138324 -0.956627
vn -0.129276 0.138322 -0.981914
vn -0.129275 0.138322 -0.981914
vn -0.495220 0.138313 -0.857687
vn -0.495221 0.138313 -0.857686
vn -0.785733 0.138318 -0.602903
vn -0.785732 0.138318 -0.602904
vn -0.956642 0.138331 -0.256323
vn -0.956642 0.138331 -0.256322
vn -0.981912 0.138344 0.129267
vn -0.981912 0.138344 0.129266
vn -0.857685 0.138340 0.495215
vn -0.857686 0.138340 0.495214
vn 0.000000 -1.000000 0.000002
vn 0.000000 -1.000000 0.000002
vn 0.000000 -1.000000 -0.000000
vn 0.018650 -0.998315 0.054944
vn 0.018652 -0.998315 0.054948
vn 0.000000 -1.000000 0.000006
vn 0.000000 -1.000000 0.000006
vn 0.000000 -1.000000 0.000000
vn 0.000000 -1.000000 -0.000006
vn 0.000000 -1.000000 -0.000003
vn 0.000000 -1.000000 0.000004
vn 0.000000 -1.000000 0.000001
vn 0.000000 -1.000000 0.000000
vn 0.000000 -1.000000 -0.000006
vn 0.000000 -1.000000 -0.000006
vn 0.000000 -1.000000 0.000000
vn 0.000000 -1.000000 0.000000
vn 0.000009 1.000000 -0.000018
vn 0.000004 1.000000 -0.000022
vn -0.000000 1.000000 -0.000002
vn -0.000002 1.000000 -0.000009
vn -0.000007 1.000000 -0.000004
vn -0.000011 1.000000 0.000000
vn -0.000014 1.000000 0.000000
vn -0.000014 1.000000 0.000000
vn -0.000013 1.000000 0.000000
vn -0.000009 1.000000 0.000000
vn -0.000004 1.000000 0.000004
vn 0.000002 1.000000 0.000009
vn 0.000007 1.000000 0.000004
vn 0.000011 1.000000 0.000000
vn 0.000014 1.000000 0.000000
vn 0.000014 1.000000 0.000000
vn 0.000013 1.000000 0.000000
vn 0.000000 1.000000 -0.000025
vn 0.000000 1.000000 -0.000025
vn 0.000000 1.000000 -0.000025
vn 0.000000 1.000000 -0.000025
vn 0.000000 1.000000 -0.000012
vn 0.000000 1.000000 -0.000012
vn 0.000000 1.000000 -0.000012
vn 0.000000 1.000000 -0.000012
vn -0.031566 0.995167 -0.092985
vn -0.031566 0.995167 -0.092983
vn 0.000000 1.000000 0.000005
vn 0.000000 1.000000 0.000005
vn 0.000000 1.000000 0.000006
vn 0.000000 1.000000 0.000006
vn 0.000000 1.000000 0.000006
vn 0.000000 1.000000 0.000006
vn 0.000000 1.000000 0.000000
vn 0.000000 1.000000 0.000000
vn 0.000000 1.000000 0.000000
vn 0.000000 1.000000 0.000000
vn 0.000000 1.000000 0.000000
vn 0.000000 1.000000 0.000000
vn 0.000000 1.000000 0.000000
vn 0.000000 1.000000 0.000000
vn 0.000000 1.000000 0.000000
vn 0.000000 1.000000 0.000000
vn 0.000000 1.000000 0.000000
vn 0.000000 1.000000 0.000000
vn 0.000000 1.000000 -0.000012
vn 0.000000 1.000000 -0.000012
vn 0.000000 1.000000 -0.000012
vn 0.000000 1.000000 -0.000012
vn 0.000000 1.000000 0.000012
vn 0.000000 1.000000 0.000012
vn 0.000000 1.000000 0.000012
vn 0.000000 1.000000 0.000012
vn 0.000000 1.000000 0.000012
vn 0.000000 1.000000 0.000012
vn 0.000000 1.000000 0.000012
vn 0.000000 1.000000 0.000012
vn 0.000000 1.000000 -0.000005
vn 0.000000 1.000000 -0.000005
vn 0.000000 1.000000 -0.000005
vn 0.000000 1.000000 -0.000005
vn 0.000000 1.000000 -0.000006
vn 0.000000 1.000000 -0.000006
vn 0.000000 1.000000 -0.000006
vn 0.000000 1.000000 -0.000006
vn 0.000000 1.000000 0.000000
vn 0.000000 1.000000 0.000000
vn 0.000000 1.000000 0.000000
vn 0.000000 1.000000 0.000000
vn 0.000000 1.000000 0.000000
vn 0.000000 1.000000 0.000000
vn 0.000000 1.000000 0.000000
vn 0.000000 1.000000 0.000000
vn 0.000000 1.000000 0.000000
vn 0.000000 1.000000 0.000000
vn 0.000000 1.000000 0.000000
vn 0.000000 1.000000 0.000000
vn 0.000000 1.000000 0.000000
vn 0.000000 1.000000 0.000000
vn 0.000000 1.000000 0.000000
vn 0.000000 1.000000 0.000000
vn -0.525269 0.505495 0.684520
vn -0.223337 0.505528 0.833404
vn -0.223333 0.505528 0.833405
vn -0.525275 0.505495 0.684516
vn 0.112691 0.505517 0.855426
vn 0.112704 0.505517 0.855424
vn 0.431420 0.505534 0.747203
vn 0.431440 0.505534 0.747191
vn 0.684494 0.505514 0.525284
vn 0.684488 0.505514 0.525292
vn 0.833483 0.505406 0.223318
vn 0.833477 0.505406 0.223339
vn 0.855502 0.505403 -0.112627
vn 0.855501 0.505403 -0.112633
vn 0.747228 0.505490 -0.431428
vn 0.747218 0.505490 -0.431446
vn 0.525239 0.505480 -0.684554
vn 0.525233 0.505480 -0.684558
vn 0.223371 0.505524 -0.833398
vn 0.223383 0.505524 -0.833394
vn -0.112597 0.505572 -0.855406
vn -0.112578 0.505572 -0.855408
vn -0.431438 0.505463 -0.747240
vn -0.431430 0.505463 -0.747245
vn -0.684512 0.505448 -0.525325
vn -0.684507 0.505448 -0.525331
vn -0.833420 0.505503 -0.223331
vn -0.833431 0.505503 -0.223292
vn -0.855426 0.505530 0.112630
vn -0.855425 0.505530 0.112638
vn -0.747220 0.505499 0.431431
vn -0.747224 0.505499 0.431425
vn 0.140693 -0.899108 0.414499
vn 0.142097 -0.896968 0.418637
vn 0.945596 0.026822 -0.324235
vn 0.945596 0.026822 -0.324235
vn 0.955307 0.031160 -0.293969
vn 0.948875 0.028242 -0.314387
vn -0.024494 0.997093 -0.072148
vn -0.025021 0.996967 -0.073699
vn -0.947581 0.026799 0.318389
vn -0.947581 0.026799 0.318389
vn -0.945136 0.027827 0.325492
vn -0.939843 0.029972 0.340289
vn 0.313420 -0.221652 0.923384
vn 0.313420 -0.221652 0.923384
vn 0.996267 0.062348 -0.059711
vn 0.996267 0.062348 -0.059711
vn 0.058132 0.983507 0.171276
vn 0.058132 0.983507 0.171276
vn -0.864139 0.053514 0.500400
vn -0.864139 0.053514 0.500400
s 1
g sinkleftnob1
usemtl initialShadingGroup
f 1845/2366/2867 1846/2367/2868 1862/2384/2869 1861/2383/2870
f 1846/2367/2868 1847/2368/2871 1863/2385/2872 1862/2384/2869
s off
f 1915/2454/2873 1916/2455/2874 1917/2456/2875 1918/2457/2876
s 1
f 1848/2369/2877 1849/2370/2878 1865/2387/2879 1864/2386/2880
f 1849/2370/2878 1850/2371/2881 1866/2388/2882 1865/2387/2879
f 1850/2371/2881 1851/2372/2883 1867/2389/2884 1866/2388/2882
f 1851/2372/2883 1852/2373/2885 1868/2390/2886 1867/2389/2884
f 1852/2373/2885 1853/2374/2887 1869/2391/2888 1868/2390/2886
f 1853/2374/2887 1854/2375/2889 1870/2392/2890 1869/2391/2888
f 1854/2375/2889 1855/2376/2891 1871/2393/2892 1870/2392/2890
f 1855/2376/2891 1856/2377/2893 1872/2394/2894 1871/2393/2892
f 1856/2377/2893 1857/2378/2895 1873/2395/2896 1872/2394/2894
f 1857/2378/2895 1858/2379/2897 1874/2396/2898 1873/2395/2896
f 1858/2379/2897 1859/2380/2899 1875/2397/2900 1874/2396/2898
f 1859/2380/2899 1860/2381/2901 1876/2398/2902 1875/2397/2900
f 1860/2381/2901 1845/2382/2867 1861/2399/2870 1876/2398/2902
s 3
f 1846/2351/2903 1845/2350/2904 1877/2416/2905
f 1847/2352/2906 1846/2351/2903 1877/2416/2905
f 1848/2353/2907 1847/2352/2906 1877/2416/2905
f 1849/2354/2908 1848/2353/2907 1877/2416/2905
f 1850/2355/2909 1849/2354/2908 1877/2416/2905
f 1851/2356/2910 1850/2355/2909 1877/2416/2905
f 1852/2357/2911 1851/2356/2910 1877/2416/2905
f 1853/2358/2912 1852/2357/2911 1877/2416/2905
f 1854/2359/2913 1853/2358/2912 1877/2416/2905
f 1855/2360/2914 1854/2359/2913 1877/2416/2905
f 1856/2361/2915 1855/2360/2914 1877/2416/2905
f 1857/2362/2916 1856/2361/2915 1877/2416/2905
f 1858/2363/2917 1857/2362/2916 1877/2416/2905
f 1859/2364/2918 1858/2363/2917 1877/2416/2905
f 1860/2365/2919 1859/2364/2918 1877/2416/2905
f 1845/2350/2904 1860/2365/2919 1877/2416/2905
s 4
f 1894/2434/2920 1895/2435/2921 1896/2417/2922
f 1895/2435/2921 1897/2436/2923 1896/2417/2922
f 1897/2436/2923 1898/2437/2924 1896/2417/2922
f 1898/2437/2924 1899/2438/2925 1896/2417/2922
f 1899/2438/2925 1900/2439/2926 1896/2417/2922
f 1900/2439/2926 1901/2440/2927 1896/2417/2922
f 1901/2440/2927 1902/2441/2928 1896/2417/2922
f 1902/2441/2928 1903/2442/2929 1896/2417/2922
f 1903/2442/2929 1904/2443/2930 1896/2417/2922
f 1904/2443/2930 1905/2444/2931 1896/2417/2922
f 1905/2444/2931 1906/2445/2932 1896/2417/2922
f 1906/2445/2932 1907/2446/2933 1896/2417/2922
f 1907/2446/2933 1908/2447/2934 1896/2417/2922
f 1908/2447/2934 1909/2448/2935 1896/2417/2922
f 1909/2448/2935 1910/2449/2936 1896/2417/2922
f 1910/2449/2936 1894/2434/2920 1896/2417/2922
s off
f 1861/2414/2937 1862/2413/2938 1879/2419/2939 1878/2418/2940
f 1862/2413/2941 1863/2412/2942 1880/2420/2943 1879/2419/2944
s 5
f 1863/2412/2945 1864/2411/2946 1881/2421/2947 1880/2420/2948
s off
f 1864/2411/2949 1865/2410/2950 1882/2422/2951 1881/2421/2952
f 1865/2410/2953 1866/2409/2954 1883/2423/2955 1882/2422/2956
f 1866/2409/2957 1867/2408/2958 1884/2424/2959 1883/2423/2960
f 1867/2408/2961 1868/2407/2962 1885/2425/2963 1884/2424/2964
f 1868/2407/2965 1869/2406/2966 1886/2426/2967 1885/2425/2968
f 1869/2406/2969 1870/2405/2970 1887/2427/2971 1886/2426/2972
f 1870/2405/2973 1871/2404/2974 1888/2428/2975 1887/2427/2976
f 1871/2404/2977 1872/2403/2978 1889/2429/2979 1888/2428/2980
f 1872/2403/2981 1873/2402/2982 1890/2430/2983 1889/2429/2984
f 1873/2402/2985 1874/2401/2986 1891/2431/2987 1890/2430/2988
f 1874/2401/2989 1875/2400/2990 1892/2432/2991 1891/2431/2992
f 1875/2400/2993 1876/2415/2994 1893/2433/2995 1892/2432/2996
f 1876/2415/2997 1861/2414/2998 1878/2418/2999 1893/2433/3000
s 6
f 1878/2418/3001 1879/2419/3002 1895/2435/3003 1894/2434/3004
f 1879/2419/3002 1880/2420/3005 1897/2436/3006 1895/2435/3003
f 1880/2420/3005 1881/2421/3007 1898/2437/3008 1897/2436/3006
f 1881/2421/3007 1882/2422/3009 1899/2438/3010 1898/2437/3008
f 1882/2422/3009 1883/2423/3011 1900/2439/3012 1899/2438/3010
f 1883/2423/3011 1884/2424/3013 1901/2440/3014 1900/2439/3012
f 1884/2424/3013 1885/2425/3015 1902/2441/3016 1901/2440/3014
f 1885/2425/3015 1886/2426/3017 1903/2442/3018 1902/2441/3016
f 1886/2426/3017 1887/2427/3019 1904/2443/3020 1903/2442/3018
f 1887/2427/3019 1888/2428/3021 1905/2444/3022 1904/2443/3020
f 1888/2428/3021 1889/2429/3023 1906/2445/3024 1905/2444/3022
f 1889/2429/3023 1890/2430/3025 1907/2446/3026 1906/2445/3024
f 1890/2430/3025 1891/2431/3027 1908/2447/3028 1907/2446/3026
f 1891/2431/3027 1892/2432/3029 1909/2448/3030 1908/2447/3028
f 1892/2432/3029 1893/2433/3031 1910/2449/3032 1909/2448/3030
f 1893/2433/3031 1878/2418/3001 1894/2434/3004 1910/2449/3032
s 3
f 1847/2368/2906 1848/2369/2907 1912/2451/3033 1911/2450/3034
s 7
f 1848/2369/3035 1864/2386/3036 1913/2452/3037 1912/2451/3038
s 5
f 1864/2386/2946 1863/2385/2945 1914/2453/3039 1913/2452/3040
s 8
f 1863/2385/3041 1847/2368/3042 1911/2450/3043 1914/2453/3044
s 3
f 1911/2450/3034 1912/2451/3033 1916/2455/3045 1915/2454/3046
s 7
f 1912/2451/3038 1913/2452/3037 1917/2456/3047 1916/2455/3048
s 5
f 1913/2452/3040 1914/2453/3039 1918/2457/3049 1917/2456/3050
s 8
f 1914/2453/3044 1911/2450/3043 1915/2454/3051 1918/2457/3052
