# This file uses meters as units for non-parametric coordinates.

mtllib Watering_Can.mtl
g default
v 7.870396 57.444302 70.292206
v 7.818007 57.622726 70.810326
v 7.220883 57.815224 70.862923
v 7.336478 57.589439 70.311554
v 4.876416 59.211987 70.560753
v 5.262262 58.806152 70.479172
v 5.515532 58.817490 71.003387
v 5.079768 59.231110 71.078003
v 4.888919 59.188377 67.807892
v 5.266871 58.798782 67.766487
v 5.256482 58.805981 68.331123
v 4.888062 59.190002 68.363754
v 7.889689 57.444302 63.013744
v 7.349471 57.587433 62.985073
v 7.229558 57.818043 62.428993
v 7.832731 57.622646 62.490059
v 4.891560 59.183395 62.696880
v 5.092973 59.212143 62.186073
v 5.519061 58.802803 62.267467
v 5.275420 58.785355 62.785923
v 7.354107 57.583191 65.197258
v 7.879825 57.444302 65.195572
v 7.868910 57.444302 65.758682
v 7.353063 57.583191 65.750717
v 6.616274 59.442806 72.732109
v 6.796979 58.992935 72.391899
v 7.297173 59.039921 72.648537
v 7.131995 59.497440 72.957184
v 28.739819 57.589424 70.311592
v 28.856155 57.818718 70.864502
v 28.264044 57.617947 70.802780
v 28.205931 57.444302 70.292206
v 28.935667 59.510880 72.961159
v 28.762074 59.048294 72.647278
v 29.272554 59.002625 72.392746
v 29.451588 59.454727 72.736519
v 5.471719 62.907486 73.914116
v 4.960253 62.928387 73.717438
v 5.160548 62.393143 73.623947
v 5.690418 62.364914 73.805901
v 3.155238 62.462025 71.545975
v 3.385672 62.444408 72.032516
v 3.185734 62.979000 72.121231
v 2.975073 62.985237 71.652939
v 31.196234 59.206070 70.565269
v 30.995882 59.232796 71.077003
v 30.568306 58.821159 70.999443
v 30.813524 58.806152 70.479172
v 28.215971 57.444302 67.719757
v 28.739994 57.588997 67.715790
v 28.731384 57.583961 68.278938
v 28.215971 57.444302 68.273026
v 31.187504 59.189590 62.701637
v 30.800810 58.784779 62.784367
v 30.548330 58.799820 62.262344
v 30.982719 59.211922 62.185276
v 28.206121 57.444302 62.993576
v 28.256723 57.623516 62.476028
v 28.854588 57.814922 62.419956
v 28.740356 57.588120 62.971603
v 30.814264 58.796799 65.124802
v 31.187832 59.190205 65.084023
v 31.183535 59.182098 65.650635
v 30.815119 58.798409 65.678230
v 33.096432 62.976803 71.638046
v 32.874508 62.990982 72.123260
v 32.704910 62.449947 72.012390
v 32.916199 62.453827 71.531601
v 30.589231 62.926048 73.916084
v 30.383606 62.364914 73.805901
v 30.918451 62.379086 73.608055
v 31.114647 62.927574 73.716263
v 7.849779 86.870140 72.531204
v 7.903592 87.364197 72.298294
v 7.371161 87.747849 71.904213
v 7.342026 87.018600 72.333130
v 5.486876 88.829788 70.183075
v 5.699876 88.611565 70.694153
v 6.123242 88.974335 70.658829
v 5.888185 89.188126 70.152298
v 3.530409 72.829277 71.311150
v 3.740222 72.805290 71.800995
v 3.798737 73.375244 71.742760
v 3.602094 73.377892 71.270752
v 4.894011 65.809822 74.171761
v 4.403274 65.830711 73.960335
v 4.437226 65.260956 73.965225
v 4.924412 65.256615 74.163956
v 2.558299 65.854721 71.838875
v 2.566059 65.282448 71.856941
v 2.782572 65.261513 72.346954
v 2.771387 65.851212 72.349625
v 4.978311 69.837059 73.663628
v 5.473477 69.810265 73.860138
v 5.531083 70.384026 73.815445
v 5.054591 70.383743 73.621048
v 8.066992 89.202988 70.042015
v 7.514241 89.200829 70.102806
v 7.473570 88.994438 70.596809
v 8.051682 89.012154 70.569855
v 11.037217 89.202988 70.100677
v 28.736063 86.869843 72.320251
v 28.696104 87.391769 72.048264
v 28.178661 87.366074 72.301605
v 28.222265 86.865845 72.531555
v 25.461681 89.202988 70.138062
v 28.060902 89.000870 70.628204
v 28.601795 88.739014 70.667206
v 28.547325 89.007278 70.135788
v 28.036486 89.202988 70.060669
v 7.406630 89.563210 68.286095
v 7.509092 89.200867 68.693527
v 8.074551 89.202988 68.650032
v 8.167791 89.202988 68.079918
v 7.771277 89.578812 67.900024
v 5.486348 88.825455 63.106102
v 5.888207 89.188194 63.125675
v 6.121295 88.975189 62.619034
v 5.699459 88.612968 62.592289
v 10.668656 89.202988 63.147831
v 8.002984 89.009613 62.666473
v 7.448762 89.007240 62.661327
v 7.443644 89.200600 63.157837
v 8.019382 89.202988 63.199368
v 5.898151 89.554886 65.149162
v 5.885845 89.188148 64.741592
v 5.486796 88.829132 64.813942
v 5.494417 88.891617 65.383247
v 5.528515 89.453934 65.520332
v 30.586826 86.881203 70.179375
v 30.328840 87.376076 70.158760
v 30.058559 87.403427 70.689774
v 30.374542 86.880508 70.690407
v 30.206713 72.806297 73.626740
v 30.701132 72.789169 73.417625
v 30.605906 73.357719 73.389061
v 30.129749 73.357887 73.583786
v 33.519539 65.839989 71.853317
v 33.304230 65.855179 72.343521
v 33.308960 65.283760 72.328819
v 33.508949 65.286835 71.849586
v 31.157541 65.830856 74.170120
v 31.151375 65.256615 74.163956
v 31.646633 65.244743 73.950867
v 31.672182 65.831245 73.959908
v 32.882889 70.379066 71.499794
v 32.666363 70.428307 71.984573
v 32.762493 69.858673 72.012856
v 32.959053 69.832588 71.542770
v 30.529642 87.696434 67.953812
v 30.333723 87.370071 68.335243
v 30.587666 86.885307 68.247520
v 30.591225 86.860641 67.665047
v 30.753294 87.391029 67.575569
v 28.008419 89.202988 63.258923
v 28.505348 89.005516 63.204578
v 28.559126 88.741768 62.661263
v 28.013037 89.003983 62.707306
v 25.716217 89.202988 63.186844
v 30.586206 86.885651 63.102242
v 30.374542 86.880508 62.595356
v 30.062780 87.397293 62.605019
v 30.326031 87.373917 63.132870
v 27.984060 89.202988 65.805824
v 28.494917 89.445045 65.943291
v 28.810194 89.246117 65.547256
v 28.513136 89.009384 65.168236
v 27.998941 89.202988 65.216537
v 7.849472 86.870483 60.754578
v 7.342474 87.018860 60.952332
v 7.360600 87.756287 61.381428
v 7.897699 87.366455 60.984554
v 5.869070 72.806297 59.659012
v 5.374651 72.789169 59.868145
v 5.469877 73.357719 59.896709
v 5.946034 73.357887 59.701981
v 2.556224 65.839828 61.432430
v 2.771555 65.855179 60.942238
v 2.766821 65.283760 60.956944
v 2.566813 65.286667 61.436192
v 4.918248 65.830856 59.115639
v 4.924412 65.256615 59.121811
v 4.429154 65.244743 59.334904
v 4.403603 65.831245 59.325848
v 3.163546 70.197159 61.771648
v 3.408660 70.427429 61.301735
v 3.313290 69.858673 61.272911
v 3.027959 69.224365 61.695145
v 28.222265 86.865845 60.754219
v 28.165667 87.368408 60.991886
v 28.691654 87.389847 61.242653
v 28.736063 86.869843 60.965515
v 32.545609 72.861320 61.981098
v 32.336014 72.809021 61.489697
v 32.272179 73.377144 61.549553
v 32.467972 73.418327 62.024910
v 31.123520 65.235382 59.124153
v 31.181774 65.809822 59.114006
v 31.672182 65.831245 59.325848
v 31.645924 65.244865 59.335003
v 33.516891 65.858986 61.453175
v 33.509247 65.286804 61.434593
v 33.293144 65.265564 60.944275
v 33.304230 65.855179 60.942238
v 31.097198 69.837410 59.622402
v 30.602249 69.810196 59.425617
v 30.544704 70.384026 59.470322
v 31.020916 70.384064 59.664978
v 7.315326 59.049126 60.639072
v 6.804155 59.000698 60.892273
v 6.640288 59.440674 60.541496
v 7.136405 59.505432 60.326218
v 2.979350 62.976803 61.647720
v 3.201273 62.990982 61.162506
v 3.371325 62.449341 61.271328
v 3.159579 62.453827 61.751518
v 5.692216 62.364841 59.479889
v 5.157332 62.379086 59.677711
v 4.977894 62.910439 59.559753
v 5.471728 62.907448 59.371666
v 29.451084 59.451797 60.548225
v 29.272409 59.000481 60.890347
v 28.771547 59.053165 60.632397
v 28.935663 59.510612 60.324688
v 30.595903 62.903259 59.372818
v 31.107996 62.924404 59.569031
v 30.906435 62.389374 59.662689
v 30.375647 62.360741 59.481102
v 32.920544 62.462025 61.737148
v 32.688713 62.443001 61.251461
v 32.889500 62.978706 61.165665
v 33.100578 62.985268 61.633442
v 2.381386 65.797668 69.025642
v 2.567006 65.279961 69.030502
v 2.565966 65.285370 69.625168
v 2.556911 65.844749 69.897087
v 2.690618 66.804062 69.756676
v 2.316847 66.608810 69.337387
v 2.978619 62.976063 64.703957
v 3.158216 62.456406 64.826515
v 3.156393 62.459846 65.384315
v 2.978359 62.976551 65.286682
v 32.919281 62.459648 68.140724
v 33.097870 62.979736 68.172440
v 33.097031 62.975952 68.729240
v 32.919037 62.459183 68.696182
v 33.509750 65.290215 64.733360
v 33.515865 65.839737 64.758438
v 33.516434 65.836029 65.319977
v 33.509750 65.290215 65.286774
v 32.467915 73.420853 71.260666
v 32.253944 73.398209 71.749687
v 32.348366 72.830505 71.779205
v 32.545666 72.863014 71.304535
v 30.621668 69.832436 73.858414
v 31.116125 69.815567 73.649368
v 31.020916 70.384064 73.620789
v 30.544704 70.384026 73.815445
v 5.888462 72.784088 73.628487
v 5.946034 73.357887 73.583786
v 5.456875 73.379623 73.371880
v 5.374450 72.788910 73.417892
v 3.017330 69.148102 71.601730
v 3.326090 69.832840 72.035515
v 3.389261 70.402069 71.974640
v 3.162154 70.187164 71.519714
v 3.602471 73.380600 62.019154
v 3.817774 73.400200 61.532516
v 3.727423 72.830490 61.506554
v 3.530790 72.832024 61.978893
v 3.197083 72.870964 69.148987
v 3.530966 72.833282 69.575722
v 3.606040 73.410149 69.511536
v 3.629597 73.603233 68.921501
v 3.156438 73.360321 68.719406
v 5.454118 69.832436 59.427357
v 4.959663 69.815567 59.636395
v 5.054869 70.384064 59.664974
v 5.531083 70.384026 59.470322
v 30.187267 72.784027 59.657276
v 30.129749 73.357887 59.701981
v 30.618694 73.379974 59.914165
v 30.701132 72.789169 59.868145
v 32.959049 69.834297 61.743126
v 32.749058 69.835289 61.254570
v 32.686302 70.405296 61.315903
v 32.882893 70.380699 61.786098
v 32.922630 73.205475 65.634567
v 32.535778 73.263344 65.259338
v 32.464516 73.835480 65.344421
v 32.453991 73.943863 65.917030
v 32.872574 73.578835 66.007103
v 33.196335 69.899895 65.953133
v 32.971046 69.406448 65.805145
v 32.965065 69.474335 65.239243
v 32.890938 70.051956 65.178658
v 33.231625 70.359673 65.579262
v 33.231960 70.360321 67.945107
v 32.892235 70.040627 68.329384
v 32.964520 69.479324 68.283295
v 32.972778 69.395111 67.713547
v 33.196297 69.899864 67.571877
v 33.515865 65.839745 68.216743
v 33.516434 65.836029 68.779610
v 33.508999 65.286530 68.810020
v 33.508999 65.286530 68.248940
v 32.920761 62.462437 64.814888
v 33.099281 62.982597 64.784775
v 33.098446 62.978806 65.341652
v 32.920517 62.461971 65.369781
v 31.191984 59.198055 67.796951
v 31.187721 59.189995 68.362663
v 30.809948 58.800270 68.341431
v 30.809059 58.798592 67.766037
v 28.215971 57.444302 65.196060
v 28.740166 57.588581 65.178345
v 28.731600 57.583588 65.741982
v 28.215971 57.444302 65.749321
v 7.875165 57.444302 67.714561
v 7.864157 57.444302 68.277763
v 7.340012 57.588783 68.293488
v 7.341094 57.588783 67.720215
v 4.893104 59.180481 65.096985
v 5.271375 58.791573 65.114883
v 5.260893 58.798798 65.679123
v 4.892249 59.182098 65.651566
v 3.156744 62.459183 68.151527
v 3.154915 62.462635 68.710968
v 2.976289 62.982876 68.847595
v 2.976551 62.982380 68.257141
v 2.316637 66.600822 64.208771
v 2.672081 66.671051 63.796768
v 2.556499 65.841789 63.636429
v 2.566278 65.287048 63.923397
v 2.568180 65.275963 64.525314
v 2.380486 65.798492 64.522560
v 3.157279 73.353188 64.799210
v 3.625381 73.568558 64.577255
v 3.605109 73.402336 64.015091
v 3.529634 72.823723 63.930378
v 3.197292 72.868874 64.371338
v 5.528518 89.453514 67.938759
v 5.494517 88.892448 68.081688
v 5.485220 88.816231 68.660995
v 5.891666 89.188171 68.718430
v 5.900240 89.556961 68.304436
v 7.758178 89.580048 65.508514
v 8.136692 89.202988 65.318558
v 8.050596 89.202988 64.760796
v 7.476247 89.200775 64.707756
v 7.388134 89.564568 65.130432
v 28.020622 89.202988 68.294930
v 28.542654 89.001595 68.354561
v 28.828592 89.245224 67.958260
v 28.499712 89.436378 67.581680
v 27.997402 89.202988 67.706543
v 14.030491 89.202988 69.033203
v 18.742229 89.202988 68.797272
v 30.753084 87.390831 65.888779
v 30.589941 86.869522 65.791183
v 30.588259 86.881203 65.212654
v 30.325205 87.376297 65.118210
v 30.528635 87.697968 65.513603
v 32.872299 73.578835 67.507835
v 32.455807 73.931282 67.605789
v 32.464298 73.834633 68.170395
v 32.537064 73.246490 68.272568
v 32.922222 73.205864 67.881157
v 14.216639 89.202988 64.396957
v 18.597160 89.202988 64.679962
v 35.240646 73.727692 67.489670
v 34.706070 73.584297 67.488899
v 34.885406 73.204048 67.888870
v 35.417076 73.383247 67.887268
v 36.089058 72.126556 67.939301
v 35.623436 71.823898 67.939392
v 35.811447 71.472855 67.555283
v 36.276779 71.771713 67.555565
v 36.276783 71.771713 65.968971
v 35.811447 71.472855 65.969276
v 35.623871 71.823074 65.584183
v 36.089504 72.125710 65.584274
v 35.417587 73.382355 65.629265
v 34.885857 73.202515 65.627853
v 34.706329 73.584297 66.026451
v 35.240654 73.727699 66.025932
v 31.630646 93.951622 67.562172
v 31.630880 93.408539 67.565674
v 31.928431 93.175247 67.945709
v 32.269043 93.642639 67.944565
v 31.971767 94.127838 67.946732
v 34.674339 91.094635 67.939163
v 34.204453 91.412369 67.939774
v 33.758743 91.046234 67.941231
v 33.956207 90.683998 67.572357
v 34.519028 90.742607 67.571304
v 34.518776 90.742767 65.863045
v 33.960419 90.688332 65.858231
v 33.775604 91.043152 65.500229
v 34.203663 91.411285 65.498001
v 34.674026 91.094131 65.494141
v 31.955330 94.128151 65.540527
v 32.252609 93.643356 65.535179
v 31.914988 93.158051 65.535255
v 31.616297 93.404793 65.925507
v 31.618782 93.951302 65.928749
v 33.450180 95.648720 67.942131
v 33.872772 95.280296 67.940277
v 34.172318 95.533791 67.547478
v 33.757729 95.900154 67.549644
v 36.358353 93.189232 67.543739
v 35.991600 93.603088 67.543907
v 35.747940 93.297432 67.935440
v 36.109055 92.863205 67.934937
v 36.108582 92.862564 65.489914
v 35.746380 93.295868 65.493973
v 35.990849 93.602341 65.885063
v 36.358376 93.189201 65.880333
v 33.746117 95.899826 65.925240
v 34.161591 95.534485 65.920441
v 33.857567 95.282051 65.530510
v 33.433876 95.649330 65.535927
v 36.444611 74.093567 67.887428
v 36.158253 74.351143 67.489532
v 35.725101 74.006561 67.488716
v 36.017166 73.733574 67.888084
v 37.066696 72.796822 67.938675
v 37.381062 72.527710 67.555351
v 37.806648 72.880768 67.555153
v 37.508270 73.145073 67.939156
v 37.824120 76.231026 67.884560
v 37.946461 76.771667 67.885658
v 37.563667 76.834785 67.489281
v 37.433376 76.297012 67.487373
v 40.208538 75.868805 67.557343
v 40.389450 76.390160 67.557556
v 39.996559 76.445984 67.942169
v 39.769676 75.920822 67.941490
v 37.381252 72.527840 65.968826
v 37.067448 72.796143 65.584816
v 37.508980 73.144447 65.584396
v 37.806648 72.880768 65.969383
v 39.770515 75.920670 65.582397
v 39.996449 76.446594 65.579994
v 40.389488 76.390556 65.965935
v 40.208523 75.868774 65.967415
v 36.017975 73.732880 65.628555
v 35.725300 74.006676 66.026611
v 36.158253 74.351143 66.026070
v 36.445381 74.092903 65.629112
v 37.433372 76.297005 66.028061
v 37.563667 76.834778 66.024353
v 37.947269 76.771645 65.628822
v 37.824886 76.230919 65.631607
v 36.317375 89.765884 67.937531
v 35.990696 90.222610 67.938766
v 35.610451 90.009323 67.547401
v 35.965454 89.584900 67.547287
v 35.965446 89.584908 65.888168
v 35.610039 90.009598 65.886841
v 35.989372 90.221489 65.493752
v 36.316490 89.765518 65.496895
v 37.753304 90.468628 65.491608
v 37.469688 90.946152 65.490112
v 37.829071 91.117752 65.880577
v 38.105736 90.638885 65.882347
v 38.105667 90.639008 67.544022
v 37.829174 91.117615 67.543991
v 37.470764 90.946548 67.935150
v 37.754051 90.468895 67.935478
v 40.196136 78.352898 67.941917
v 40.591076 78.324364 67.555504
v 40.576775 78.876595 67.555191
v 40.169975 78.910042 67.940948
v 40.591076 78.324356 65.954384
v 40.197044 78.353096 65.567497
v 40.170185 78.910004 65.564659
v 40.576778 78.876579 65.951248
v 37.664471 79.076225 66.001244
v 38.055267 79.052063 65.606010
v 38.061924 78.497269 65.612129
v 37.675034 78.522797 66.007278
v 37.675034 78.522797 67.496185
v 38.061470 78.497269 67.891792
v 38.055126 79.052208 67.894638
v 37.664471 79.076233 67.498726
v 5.657118 93.160660 67.433434
v 5.508080 92.629547 67.476593
v 5.901024 92.644958 67.865379
v 6.143538 93.199669 67.817528
v 7.466862 93.202538 67.791290
v 7.358100 92.652679 67.847397
v 7.750500 92.641251 67.450607
v 7.927473 93.165535 67.389137
v 7.916243 93.165817 66.021942
v 7.739540 92.642227 65.957237
v 7.336867 92.651077 65.569565
v 7.445564 93.201591 65.628189
v 6.136535 93.199425 65.634232
v 5.897666 92.644028 65.587982
v 5.508081 92.629257 65.982201
v 5.657163 93.160736 66.024353
v 7.717586 96.304169 67.345520
v 7.343853 95.897736 67.351898
v 7.589688 95.540054 67.741180
v 7.948542 95.985497 67.734352
v 8.813648 94.825966 67.715805
v 8.418329 94.431145 67.730804
v 8.660713 94.117874 67.336723
v 9.046147 94.515106 67.320786
v 9.040087 94.523453 66.088181
v 8.654803 94.125954 66.072693
v 8.407204 94.446236 65.686737
v 8.802641 94.840988 65.701401
v 7.945605 95.989426 65.719292
v 7.586408 95.543861 65.711586
v 7.343616 95.897346 66.106796
v 7.717538 96.304131 66.112938
v 10.636223 98.395874 67.348335
v 10.161599 98.112343 67.346481
v 10.264004 97.696091 67.734100
v 10.747708 98.015030 67.737114
v 11.152452 96.630630 67.719353
v 10.662020 96.336037 67.716286
v 10.793963 95.947159 67.320007
v 11.258520 96.247925 67.324135
v 11.255986 96.257896 66.086769
v 10.790658 95.956978 66.090553
v 10.657099 96.354630 65.701874
v 11.147497 96.648521 65.699783
v 10.746385 98.019760 65.717247
v 10.262545 97.701820 65.719055
v 10.161324 98.112137 66.112434
v 10.636201 98.395859 66.110970
v 30.078005 96.261757 65.558685
v 30.558687 95.946777 65.554344
v 30.390921 95.536659 65.948219
v 29.958639 95.882690 65.950554
v 29.968687 95.887337 67.570656
v 30.401667 95.540512 67.568108
v 30.573496 95.953720 67.960571
v 30.092892 96.267563 67.959679
v 30.572271 97.773491 67.956573
v 31.045679 97.433792 67.957977
v 31.154575 97.855400 67.566055
v 30.685455 98.147972 67.563622
v 30.675102 98.143280 65.945099
v 31.143934 97.851120 65.940514
v 31.030554 97.428116 65.551773
v 30.557076 97.767563 65.555214
v 13.883120 97.987419 67.753922
v 13.962226 97.594147 67.358368
v 14.487040 97.769241 67.366592
v 14.415236 98.151413 67.760750
v 13.558896 99.772987 67.381279
v 13.625915 99.369141 67.768982
v 14.155232 99.553391 67.774788
v 14.085363 99.940323 67.385857
v 14.408801 98.165047 65.675468
v 14.483228 97.776779 66.063286
v 13.957843 97.601990 66.068359
v 13.876753 98.001236 65.679436
v 13.622290 99.371841 65.693665
v 13.556943 99.772064 66.086159
v 14.083765 99.939529 66.082130
v 14.151695 99.556145 65.689354
v 26.832018 97.731300 65.582825
v 27.353991 97.528900 65.579056
v 27.265770 97.140808 65.971107
v 26.751682 97.345329 65.974182
v 26.760639 97.347160 67.528221
v 27.275249 97.143166 67.534462
v 27.367146 97.530731 67.925201
v 26.845177 97.732735 67.918335
v 27.169374 99.208885 67.919037
v 27.692101 99.009262 67.924629
v 27.770332 99.401878 67.532616
v 27.250801 99.591522 67.526627
v 27.242414 99.587654 65.973602
v 27.761665 99.397766 65.968826
v 27.679310 99.005005 65.578674
v 27.156523 99.204636 65.583054
v 23.581921 98.730118 65.607025
v 24.126553 98.625717 65.603104
v 24.077675 98.230423 65.994072
v 23.535290 98.340309 65.997841
v 23.543030 98.339493 67.485123
v 24.085724 98.230247 67.492737
v 24.137882 98.623566 67.884178
v 23.593384 98.727982 67.877007
v 23.768316 100.178818 67.881454
v 24.313099 100.071663 67.887245
v 24.355793 100.468414 67.496147
v 23.811977 100.567863 67.490295
v 23.805325 100.564850 66.001900
v 24.348969 100.465149 65.997009
v 24.302582 100.069290 65.606293
v 23.757854 100.176155 65.610870
v 20.341179 98.945312 65.631180
v 20.894377 98.944527 65.627174
v 20.888174 98.551331 66.016983
v 20.334772 98.550903 66.021294
v 20.341255 98.547569 67.442566
v 20.894735 98.548676 67.450661
v 20.904161 98.939079 67.843124
v 20.350857 98.939415 67.835838
v 20.379423 100.365410 67.843918
v 20.933212 100.370941 67.849823
v 20.940029 100.763504 67.459396
v 20.386959 100.759438 67.453667
v 20.382034 100.757217 66.030197
v 20.935013 100.761093 66.025597
v 20.924927 100.370247 65.633926
v 20.371223 100.364342 65.638557
v 17.103649 98.655861 65.655304
v 17.653004 98.726791 65.651321
v 17.686068 98.334328 66.040207
v 17.137360 98.262054 66.044540
v 17.142620 98.256302 67.400505
v 17.691309 98.329208 67.408348
v 17.660961 98.717224 67.801971
v 17.111856 98.645660 67.794739
v 16.996336 100.057320 67.806442
v 17.545557 100.130493 67.812309
v 17.513092 100.521622 67.422417
v 16.964424 100.450447 67.416817
v 16.961313 100.449020 66.058342
v 17.509802 100.520035 66.054115
v 17.539589 100.131523 65.661613
v 16.990471 100.058174 65.666199
v 36.785458 87.501251 65.912819
v 36.644032 88.036247 65.905968
v 37.014954 88.162483 65.513603
v 37.163742 87.628731 65.519623
v 38.719860 88.165878 65.507172
v 38.564186 88.698334 65.504105
v 38.937141 88.828133 65.893730
v 39.096855 88.298912 65.896561
v 39.096840 88.298981 67.546249
v 38.937199 88.828026 67.545769
v 38.565323 88.698471 67.935699
v 38.720390 88.166206 67.936401
v 37.164146 87.628807 67.928802
v 37.015579 88.162666 67.931526
v 36.644032 88.036247 67.539688
v 36.785461 87.501236 67.536469
v 37.019356 85.259415 65.936409
v 36.961937 85.809738 65.929733
v 37.345009 85.897690 65.536423
v 37.401222 85.343468 65.542458
v 39.103241 85.721527 65.522469
v 39.017944 86.269333 65.519432
v 39.402237 86.354599 65.908485
v 39.488083 85.808044 65.911507
v 39.488083 85.808044 67.548042
v 39.402218 86.354736 67.547127
v 39.018257 86.269341 67.936745
v 39.103455 85.721573 67.937462
v 37.401398 85.343475 67.919899
v 37.345039 85.897598 67.922646
v 36.961937 85.809746 67.529793
v 37.019356 85.259430 67.526421
v 37.253559 83.014687 65.959549
v 37.196148 83.564964 65.953568
v 37.582085 83.609024 65.559525
v 37.639496 83.058762 65.565514
v 39.488094 83.270012 65.537651
v 39.401684 83.816986 65.534622
v 39.793839 83.861351 65.923088
v 39.879684 83.314796 65.926102
v 39.879684 83.314796 67.550308
v 39.793839 83.861351 67.549599
v 39.401752 83.817001 67.938004
v 39.488163 83.270020 67.938721
v 37.639500 83.058746 67.910767
v 37.582088 83.609039 67.913475
v 37.196148 83.564964 67.519485
v 37.253559 83.014687 67.516769
v 37.487778 80.769676 65.983162
v 37.430351 81.320114 65.977394
v 37.818710 81.327560 65.582726
v 37.877342 80.775391 65.588715
v 39.874168 80.812515 65.552704
v 39.785614 81.364075 65.549706
v 40.185482 81.367844 65.937233
v 40.271317 80.821358 65.940918
v 40.271309 80.821388 67.552437
v 40.185478 81.367859 67.552307
v 39.785347 81.364212 67.939392
v 39.874096 80.812500 67.940155
v 37.877296 80.775307 67.901421
v 37.818657 81.327652 67.904114
v 37.430351 81.320114 67.509117
v 37.487762 80.769821 67.506821
v 37.141396 74.847115 67.886833
v 37.432034 75.324196 67.886154
v 37.078415 75.478661 67.488960
v 36.775627 75.015648 67.488411
v 36.775627 75.015648 66.027161
v 37.078415 75.478661 66.026550
v 37.433178 75.323914 65.630219
v 37.142296 74.846748 65.629639
v 38.588112 74.224968 65.584160
v 38.976204 74.661240 65.583305
v 39.344280 74.502731 65.969223
v 38.998646 74.070915 65.968636
v 38.998653 74.070923 67.555946
v 39.344284 74.502739 67.555397
v 38.975674 74.661087 67.940407
v 38.587166 74.225365 67.939438
v -0.392748 70.646179 68.317047
v -0.113904 70.167610 68.363571
v 0.096103 70.552429 68.747147
v -0.247359 71.176025 68.696945
v -0.248834 71.133995 64.844910
v 0.094103 70.510689 64.795280
v -0.113854 70.133804 65.182899
v -0.394142 70.612213 65.229195
v 1.014978 74.314323 68.647507
v 1.457589 73.943436 68.712364
v 1.612216 74.315338 68.303123
v 1.223734 74.709366 68.247131
v 1.222234 74.679482 65.267563
v 1.614122 74.288010 65.210533
v 1.459233 73.911278 64.806213
v 1.014132 74.276955 64.871391
v -2.118024 73.544586 68.258873
v -1.900988 73.935753 68.648361
v -2.243786 74.531570 68.637627
v -2.401884 74.021675 68.254967
v -1.904104 73.892776 64.891006
v -2.121714 73.510567 65.283073
v -2.405367 73.986275 65.288551
v -2.247705 74.487923 64.901123
v -11.913347 90.760704 68.351189
v -12.341091 91.119026 68.344994
v -12.559486 90.786804 67.956352
v -12.156033 90.408463 67.961693
v -12.168848 90.366608 65.569626
v -12.572048 90.745056 65.573219
v -12.355713 91.068459 65.176720
v -11.928535 90.708878 65.172646
v -0.725182 77.915848 68.200584
v -0.939949 77.533371 68.600464
v -0.593976 76.944702 68.608788
v -0.436921 77.441536 68.212029
v -10.195421 93.496277 67.979919
v -10.603979 93.866127 67.975342
v -10.808233 93.531647 68.366241
v -10.420023 93.108307 68.371849
v -0.439712 77.410217 65.300148
v -0.596954 76.902924 64.907730
v -0.943736 77.494240 64.915443
v -0.728385 77.884476 65.311157
v -10.433268 93.062584 65.129715
v -10.822496 93.485764 65.132843
v -10.616495 93.829369 65.517334
v -10.207151 93.459282 65.514870
v -14.490685 91.772263 67.946388
v -14.319601 92.127045 68.334976
v -14.812517 92.378487 68.332817
v -14.983521 92.023666 67.944229
v -14.328506 92.075935 65.169693
v -14.498981 91.730194 65.566612
v -14.991554 91.982101 65.564461
v -14.821173 92.327888 65.167542
v -24.097090 97.104958 68.286240
v -24.474661 97.191650 67.889412
v -24.180288 96.716354 67.895866
v -24.169436 96.674461 65.530922
v -24.463266 97.153603 65.532219
v -24.080198 97.049721 65.134117
v -13.426458 95.217010 67.949257
v -13.598404 94.868050 68.342659
v -13.099348 94.629250 68.347092
v -12.927406 94.978210 67.953705
v -24.044001 100.299088 67.866516
v -24.500895 100.019676 67.877151
v -24.086321 99.864929 68.255058
v -12.934856 94.940704 65.520325
v -13.107082 94.583549 65.134491
v -13.605970 94.822754 65.135162
v -13.433739 95.179909 65.521004
v -24.074266 99.817429 65.142975
v -24.490206 99.970772 65.525139
v -24.033525 100.261002 65.524376
v -8.248371 90.293060 68.025528
v -8.536444 90.767059 68.015701
v -8.775753 90.417229 68.411797
v -8.454895 89.871826 68.419350
v -9.912834 87.396278 68.410515
v -10.231104 87.944435 68.400734
v -10.436163 87.519386 68.013832
v -10.153009 87.043503 68.020912
v -10.164042 87.003014 65.512520
v -10.447529 87.478432 65.518837
v -10.244314 87.896149 65.125671
v -9.926075 87.346123 65.116447
v -8.466173 89.827492 65.085251
v -8.788002 90.372070 65.092239
v -8.546322 90.730171 65.481171
v -8.258308 90.257011 65.472885
v -6.295439 87.080132 68.072083
v -6.583599 87.554283 68.061974
v -6.816263 87.195480 68.459038
v -6.489477 86.638908 68.466782
v -7.910175 84.031822 68.469925
v -8.234283 84.591331 68.459923
v -8.427610 84.145088 68.073936
v -8.144407 83.669128 68.080849
v -8.153496 83.629868 65.455147
v -8.437019 84.105347 65.461258
v -8.245193 84.545082 65.069588
v -7.921076 83.983406 65.060150
v -6.498718 86.596100 65.040810
v -6.826462 87.151840 65.047966
v -6.591700 87.518456 65.438217
v -6.303646 87.045235 65.429787
v -4.342523 83.867180 68.118607
v -4.630779 84.341492 68.108200
v -4.857156 83.974289 68.506233
v -4.524188 83.406166 68.514175
v -5.907303 80.666885 68.529373
v -6.237471 81.238152 68.519135
v -6.419079 80.770744 68.134079
v -6.135824 80.294701 68.140793
v -6.142925 80.256744 65.397774
v -6.426493 80.732300 65.403679
v -6.246044 81.193977 65.013474
v -5.915813 80.620224 65.003799
v -4.531358 83.364853 64.996414
v -4.865255 83.932144 65.003746
v -4.637064 84.306755 65.395279
v -4.348963 83.833458 65.386711
v -2.389623 80.654205 68.165077
v -2.677974 81.128670 68.154411
v -2.898391 80.753593 68.553375
v -2.559043 80.173599 68.561516
v -3.904236 77.301521 68.588829
v -4.240642 77.884911 68.578369
v -4.410570 77.396393 68.194229
v -4.127256 76.920242 68.200760
v -4.132331 76.883644 65.340424
v -4.415939 77.359276 65.346115
v -4.246860 77.842819 64.957336
v -3.910320 77.256592 64.947441
v -2.564100 80.133797 64.952049
v -2.904355 80.712959 64.959572
v -2.682414 81.095070 65.352341
v -2.394266 80.621696 65.343628
v -21.424009 99.044937 67.880928
v -21.923731 99.284035 67.874710
v -21.979803 98.884560 68.272049
v -21.450598 98.625328 68.276802
v -21.734472 95.908981 68.298088
v -22.261564 96.183334 68.295723
v -22.284212 95.748863 67.909927
v -21.791113 95.497314 67.910873
v -21.784586 95.455101 65.537575
v -22.277155 95.707001 65.533859
v -22.252867 96.134315 65.140228
v -21.725378 95.857735 65.142555
v -21.442202 98.579483 65.141174
v -21.971762 98.838707 65.141876
v -21.917372 99.246780 65.531326
v -21.418253 99.007446 65.529503
v -18.591845 97.689377 67.905205
v -19.091244 97.928329 67.899658
v -19.183773 97.544487 68.295570
v -18.672434 97.295990 68.300133
v -19.264528 94.649307 68.310448
v -19.772472 94.912117 68.308205
v -19.850634 94.507118 67.921432
v -19.357681 94.255646 67.922813
v -19.356083 94.213486 65.547134
v -19.848581 94.465347 65.543961
v -19.769367 94.862221 65.149269
v -19.261450 94.598099 65.151520
v -18.669439 97.250214 65.139015
v -19.181154 97.498718 65.139694
v -19.089453 97.891144 65.527863
v -18.590467 97.651878 65.526428
v -15.759729 96.333832 67.929604
v -16.258820 96.572655 67.924507
v -16.390032 96.205666 68.319107
v -15.888567 95.963898 68.323563
v -16.792917 93.388603 68.322739
v -17.289557 93.643799 68.320564
v -17.416969 93.265335 67.933022
v -16.924068 93.013901 67.934441
v -16.927542 92.971840 65.556839
v -17.420033 93.223709 65.554138
v -17.292316 93.593567 65.158371
v -16.795845 93.337440 65.160568
v -15.890945 95.918175 65.136787
v -16.392511 96.160194 65.137451
v -16.261671 96.535568 65.524574
v -15.762745 96.296333 65.523239
v 22.149693 89.202988 68.921951
v 18.508856 89.202988 68.768845
v 22.033150 89.202988 64.546341
v 18.648148 89.202988 64.709717
vt 0.396041 0.954936
vt 0.389205 0.000130
vt 0.390925 0.001405
vt 0.381517 0.001491
vt 0.383112 0.002920
vt 0.348867 0.010123
vt 0.375000 0.954180
vt 0.353325 0.010810
vt 0.389139 0.012191
vt 0.280358 0.013729
vt 0.291016 0.013742
vt 0.375000 0.892572
vt 0.375000 0.849799
vt 0.376760 0.895189
vt 0.391400 0.910681
vt 0.396238 0.795506
vt 0.391496 0.794581
vt 0.377922 0.783653
vt 0.390970 0.777959
vt 0.376770 0.789368
vt 0.375000 0.835009
vt 0.375000 0.741890
vt 0.376743 0.741893
vt 0.389868 0.742699
vt 0.376694 0.850905
vt 0.376768 0.838764
vt 0.396137 0.843298
vt 0.396025 0.855632
vt 0.391411 0.898124
vt 0.398046 0.012561
vt 0.608642 0.955644
vt 0.603965 0.954936
vt 0.622555 0.003148
vt 0.661171 0.010404
vt 0.621076 0.004412
vt 0.605926 0.012790
vt 0.616060 0.012472
vt 0.656493 0.011042
vt 0.400194 0.038734
vt 0.605163 0.038734
vt 0.399044 0.043006
vt 0.391242 0.043170
vt 0.347957 0.039360
vt 0.290885 0.039504
vt 0.347187 0.043528
vt 0.678084 0.011863
vt 0.674175 0.013868
vt 0.604068 0.910707
vt 0.395977 0.910811
vt 0.396089 0.898475
vt 0.604068 0.898589
vt 0.604068 0.855427
vt 0.608642 0.898785
vt 0.623244 0.902284
vt 0.623251 0.914834
vt 0.625000 0.742655
vt 0.625000 0.719302
vt 0.625000 0.795262
vt 0.623238 0.796367
vt 0.610986 0.789149
vt 0.620575 0.749241
vt 0.608646 0.795042
vt 0.604068 0.843308
vt 0.603514 0.783479
vt 0.606443 0.742762
vt 0.608582 0.855540
vt 0.608646 0.843379
vt 0.787733 0.013744
vt 0.776541 0.011755
vt 0.775909 0.013680
vt 0.735636 0.011800
vt 0.673823 0.039434
vt 0.672596 0.043551
vt 0.662428 0.043621
vt 0.613903 0.038871
vt 0.613554 0.043164
vt 0.393968 0.231636
vt 0.394744 0.239784
vt 0.389699 0.239895
vt 0.390012 0.250737
vt 0.377599 0.281966
vt 0.322009 0.234055
vt 0.322486 0.231606
vt 0.380090 0.285357
vt 0.392183 0.287057
vt 0.328419 0.125157
vt 0.328606 0.121108
vt 0.341106 0.120919
vt 0.385603 0.125441
vt 0.394213 0.061497
vt 0.603230 0.061497
vt 0.393611 0.065852
vt 0.385768 0.066016
vt 0.344077 0.061536
vt 0.343521 0.066178
vt 0.331528 0.066206
vt 0.341566 0.102002
vt 0.342103 0.097520
vt 0.393785 0.097343
vt 0.393714 0.101860
vt 0.385602 0.120791
vt 0.512773 0.346664
vt 0.398118 0.302523
vt 0.397711 0.287808
vt 0.600837 0.231602
vt 0.606776 0.242143
vt 0.606396 0.247087
vt 0.602194 0.286458
vt 0.607351 0.285664
vt 0.620343 0.286737
vt 0.607184 0.298658
vt 0.391794 0.346969
vt 0.378234 0.335969
vt 0.398201 0.339433
vt 0.399177 0.350994
vt 0.170618 0.231576
vt 0.375000 0.449212
vt 0.378192 0.448992
vt 0.378361 0.465682
vt 0.380557 0.462739
vt 0.393867 0.509681
vt 0.425005 0.447945
vt 0.397672 0.463293
vt 0.393246 0.498859
vt 0.392064 0.449933
vt 0.378306 0.398441
vt 0.392372 0.409448
vt 0.214731 0.231601
vt 0.228267 0.234055
vt 0.226572 0.232032
vt 0.267364 0.234055
vt 0.669031 0.231645
vt 0.656952 0.231718
vt 0.625000 0.299543
vt 0.601985 0.125270
vt 0.393794 0.125270
vt 0.393905 0.120753
vt 0.602462 0.120928
vt 0.602626 0.101860
vt 0.610540 0.120793
vt 0.654278 0.125587
vt 0.663819 0.061735
vt 0.662829 0.066090
vt 0.652788 0.066209
vt 0.611805 0.061362
vt 0.610877 0.066021
vt 0.602739 0.097518
vt 0.663610 0.097560
vt 0.663430 0.102046
vt 0.654635 0.121118
vt 0.653662 0.102208
vt 0.610277 0.101860
vt 0.610656 0.097385
vt 0.622790 0.347824
vt 0.607121 0.337681
vt 0.711348 0.231676
vt 0.726599 0.234055
vt 0.724273 0.231475
vt 0.763124 0.234055
vt 0.578861 0.447091
vt 0.513516 0.399365
vt 0.601984 0.448434
vt 0.606737 0.450426
vt 0.607459 0.463713
vt 0.623036 0.452386
vt 0.625000 0.410207
vt 0.623312 0.516467
vt 0.624745 0.515675
vt 0.622863 0.466429
vt 0.610819 0.508307
vt 0.610006 0.503122
vt 0.601890 0.405495
vt 0.601740 0.394127
vt 0.604969 0.390307
vt 0.607420 0.399120
vt 0.623023 0.409394
vt 0.398938 0.510263
vt 0.605186 0.510093
vt 0.125212 0.236517
vt 0.397538 0.629072
vt 0.398015 0.624730
vt 0.125000 0.124969
vt 0.125000 0.107112
vt 0.128597 0.123954
vt 0.156290 0.125947
vt 0.164177 0.066088
vt 0.154819 0.066588
vt 0.129684 0.066847
vt 0.159380 0.061430
vt 0.167549 0.044509
vt 0.128491 0.069301
vt 0.125000 0.101615
vt 0.397176 0.683982
vt 0.396768 0.688502
vt 0.164861 0.092731
vt 0.210696 0.066104
vt 0.165588 0.100389
vt 0.156542 0.121459
vt 0.155740 0.102571
vt 0.128326 0.105093
vt 0.128530 0.100595
vt 0.610280 0.518158
vt 0.606206 0.624730
vt 0.831117 0.121558
vt 0.830727 0.125480
vt 0.625000 0.627561
vt 0.625000 0.645748
vt 0.623313 0.627120
vt 0.610298 0.624338
vt 0.606389 0.684148
vt 0.610309 0.683753
vt 0.623251 0.684135
vt 0.623306 0.681801
vt 0.625000 0.652105
vt 0.832996 0.066239
vt 0.838524 0.061241
vt 0.833843 0.061735
vt 0.841893 0.044081
vt 0.623435 0.646004
vt 0.623302 0.650506
vt 0.606214 0.652657
vt 0.397261 0.652482
vt 0.397374 0.648140
vt 0.606286 0.648140
vt 0.606095 0.629248
vt 0.610300 0.628985
vt 0.601036 0.741111
vt 0.389980 0.734928
vt 0.173768 0.039434
vt 0.377039 0.712702
vt 0.390943 0.707637
vt 0.390582 0.711823
vt 0.394929 0.706995
vt 0.600895 0.707028
vt 0.600453 0.733734
vt 0.599730 0.711298
vt 0.605432 0.707658
vt 0.623390 0.713667
vt 0.622733 0.717761
vt 0.837401 0.043618
vt 0.786927 0.039502
vt 0.274361 0.063883
vt 0.276458 0.061681
vt 0.289782 0.043599
vt 0.289651 0.066127
vt 0.330795 0.092131
vt 0.329886 0.100310
vt 0.287370 0.073679
vt 0.286072 0.121140
vt 0.227278 0.061650
vt 0.217387 0.061737
vt 0.224450 0.039455
vt 0.223638 0.013667
vt 0.235241 0.013680
vt 0.235267 0.039482
vt 0.280880 0.039476
vt 0.281705 0.043595
vt 0.720571 0.039476
vt 0.720192 0.013742
vt 0.731030 0.013805
vt 0.730513 0.039480
vt 0.776183 0.039498
vt 0.729654 0.043574
vt 0.713397 0.061733
vt 0.776309 0.043567
vt 0.785478 0.043597
vt 0.779078 0.066094
vt 0.769050 0.066265
vt 0.722597 0.061733
vt 0.663984 0.121584
vt 0.712471 0.125634
vt 0.166447 0.121130
vt 0.214262 0.125328
vt 0.285341 0.125380
vt 0.282643 0.231512
vt 0.270904 0.232037
vt 0.274577 0.126710
vt 0.224888 0.126472
vt 0.832026 0.102046
vt 0.778617 0.097405
vt 0.773669 0.121015
vt 0.780320 0.102061
vt 0.778549 0.125622
vt 0.777984 0.231642
vt 0.765316 0.231547
vt 0.766744 0.126270
vt 0.724205 0.126167
vt 0.774020 0.103694
vt 0.765006 0.099895
vt 0.726416 0.099895
vt 0.717328 0.103698
vt 0.711262 0.121578
vt 0.712925 0.097436
vt 0.712957 0.066065
vt 0.721802 0.066297
vt 0.225351 0.063893
vt 0.221407 0.068275
vt 0.213134 0.121065
vt 0.221497 0.117860
vt 0.378329 0.345534
vt 0.391611 0.399711
vt 0.398855 0.395671
vt 0.485430 0.399521
vt 0.462503 0.406887
vt 0.601877 0.352493
vt 0.524535 0.346599
vt 0.542896 0.340405
vt 0.607595 0.346386
vt 0.622769 0.400743
vt 0.717393 0.121018
vt 0.727066 0.123288
vt 0.763922 0.123288
vt 0.717391 0.120443
vt 0.717329 0.104064
vt 0.726812 0.099895
vt 0.764621 0.099895
vt 0.774012 0.104054
vt 0.773681 0.120427
vt 0.763935 0.123288
vt 0.605087 0.354604
vt 0.604968 0.390420
vt 0.607377 0.346365
vt 0.622823 0.347827
vt 0.606751 0.346306
vt 0.625000 0.348033
vt 0.625000 0.356012
vt 0.625000 0.393130
vt 0.622890 0.400756
vt 0.607296 0.399107
vt 0.623022 0.400770
vt 0.604968 0.390383
vt 0.604940 0.398858
vt 0.606634 0.346295
vt 0.623173 0.347860
vt 0.606915 0.354911
vt 0.625000 0.348033
vt 0.625000 0.356488
vt 0.625000 0.392508
vt 0.623164 0.400784
vt 0.606468 0.399019
vt 0.606800 0.390550
vt 0.604940 0.398858
vt 0.717387 0.119249
vt 0.717330 0.104276
vt 0.717386 0.119189
vt 0.727070 0.123288
vt 0.763918 0.123288
vt 0.726810 0.099895
vt 0.764632 0.099895
vt 0.726815 0.099895
vt 0.717388 0.119635
vt 0.715486 0.124737
vt 0.725190 0.127959
vt 0.717327 0.103458
vt 0.726763 0.099895
vt 0.725010 0.104571
vt 0.774008 0.104266
vt 0.773705 0.119237
vt 0.774013 0.104023
vt 0.764666 0.099895
vt 0.774025 0.103451
vt 0.770969 0.108794
vt 0.763932 0.123288
vt 0.773697 0.119628
vt 0.762089 0.127959
vt 0.626904 0.343403
vt 0.625000 0.348033
vt 0.625000 0.356531
vt 0.625000 0.392489
vt 0.625000 0.400979
vt 0.625000 0.400979
vt 0.625000 0.392503
vt 0.625000 0.356483
vt 0.626887 0.343444
vt 0.703693 0.153530
vt 0.712532 0.137135
vt 0.744201 0.143040
vt 0.708041 0.147270
vt 0.751937 0.147163
vt 0.751653 0.161375
vt 0.746392 0.158433
vt 0.743905 0.162351
vt 0.713142 0.156557
vt 0.739043 0.172691
vt 0.700264 0.162685
vt 0.375000 0.354928
vt 0.375000 0.390672
vt 0.378513 0.345554
vt 0.391538 0.346941
vt 0.395048 0.354768
vt 0.394929 0.390571
vt 0.391330 0.399684
vt 0.378479 0.398457
vt 0.375000 0.388846
vt 0.375000 0.355526
vt 0.375000 0.388250
vt 0.379108 0.345617
vt 0.391485 0.346936
vt 0.395039 0.357486
vt 0.394929 0.390561
vt 0.391295 0.399680
vt 0.379051 0.398512
vt 0.375000 0.387909
vt 0.377817 0.355409
vt 0.375000 0.387925
vt 0.378627 0.345566
vt 0.391306 0.346917
vt 0.395038 0.357547
vt 0.394932 0.389717
vt 0.391119 0.399664
vt 0.378573 0.398466
vt 0.377817 0.387917
vt 0.602050 0.398848
vt 0.604940 0.398858
vt 0.604969 0.390262
vt 0.605086 0.354779
vt 0.605115 0.346151
vt 0.605115 0.346151
vt 0.605087 0.354716
vt 0.604969 0.390322
vt 0.602090 0.398849
vt 0.413528 0.345657
vt 0.427311 0.357060
vt 0.427199 0.389754
vt 0.433049 0.356852
vt 0.410506 0.388233
vt 0.419375 0.345671
vt 0.423998 0.399532
vt 0.413460 0.398528
vt 0.429986 0.399556
vt 0.416402 0.388367
vt 0.566468 0.399014
vt 0.569994 0.398774
vt 0.572710 0.390211
vt 0.572829 0.355011
vt 0.572329 0.346268
vt 0.570146 0.346034
vt 0.569583 0.354720
vt 0.569485 0.389955
vt 0.564308 0.398806
vt 0.530658 0.399125
vt 0.532480 0.398735
vt 0.537850 0.390153
vt 0.537967 0.355441
vt 0.536944 0.346429
vt 0.532612 0.345967
vt 0.531367 0.354813
vt 0.531290 0.389584
vt 0.526356 0.398714
vt 0.495042 0.399261
vt 0.494737 0.398641
vt 0.502975 0.390082
vt 0.503088 0.355894
vt 0.501340 0.346529
vt 0.494847 0.345837
vt 0.493138 0.354927
vt 0.493081 0.389188
vt 0.488635 0.398650
vt 0.459540 0.399425
vt 0.451015 0.398611
vt 0.457016 0.398577
vt 0.467963 0.389990
vt 0.468074 0.356371
vt 0.462075 0.356558
vt 0.465726 0.346659
vt 0.457105 0.345741
vt 0.451103 0.345774
vt 0.454783 0.355066
vt 0.454746 0.388780
vt 0.448608 0.388639
vt 0.651325 0.341802
vt 0.640010 0.322368
vt 0.647069 0.359541
vt 0.647124 0.356909
vt 0.646645 0.348236
vt 0.640224 0.318293
vt 0.638710 0.311819
vt 0.638718 0.314454
vt 0.645011 0.312071
vt 0.674503 0.296942
vt 0.656987 0.283492
vt 0.671504 0.312918
vt 0.671620 0.307587
vt 0.669951 0.299441
vt 0.657154 0.275582
vt 0.653878 0.271201
vt 0.653893 0.276529
vt 0.661951 0.273302
vt 0.697677 0.252063
vt 0.673983 0.244649
vt 0.696622 0.265846
vt 0.696785 0.257701
vt 0.693239 0.250660
vt 0.674105 0.232819
vt 0.669474 0.230260
vt 0.669506 0.238405
vt 0.678959 0.234435
vt 0.720808 0.207208
vt 0.696010 0.195535
vt 0.691023 0.205767
vt 0.721382 0.219127
vt 0.721597 0.208070
vt 0.727392 0.196736
vt 0.716517 0.201896
vt 0.691073 0.190035
vt 0.695510 0.180015
vt 0.684844 0.189446
vt 0.684892 0.200505
vt 0.688490 0.191396
vt 0.717387 0.119251
vt 0.717329 0.104055
vt 0.717327 0.103436
vt 0.727084 0.123288
vt 0.763919 0.123288
vt 0.763904 0.123288
vt 0.773699 0.119553
vt 0.774025 0.103433
vt 0.774013 0.104045
vt 0.764623 0.099895
vt 0.726809 0.099895
vt 0.726796 0.099895
vt 0.273175 0.063883
vt 0.226038 0.063892
vt 0.278978 0.068597
vt 0.277876 0.117734
vt 0.227198 0.063892
vt 0.221411 0.070634
vt 0.221497 0.117787
vt 0.273129 0.123273
vt 0.227502 0.123279
vt 0.221495 0.116692
vt 0.227314 0.063892
vt 0.278936 0.070464
vt 0.277903 0.116491
vt 0.278931 0.070693
vt 0.221495 0.116494
vt 0.227402 0.063892
vt 0.278928 0.070814
vt 0.278939 0.070335
vt 0.272044 0.063883
vt 0.228526 0.063892
vt 0.221411 0.070423
vt 0.271795 0.123273
vt 0.227351 0.123279
vt 0.271623 0.123273
vt 0.277913 0.116053
vt 0.270903 0.123273
vt 0.270924 0.123273
vt 0.221495 0.116635
vt 0.228182 0.123279
vt 0.221495 0.116863
vt 0.228560 0.063892
vt 0.278939 0.070343
vt 0.277897 0.116798
vt 0.278936 0.070460
vt 0.221495 0.116892
vt 0.228560 0.063892
vt 0.278932 0.070656
vt 0.271760 0.069185
vt 0.228716 0.069254
vt 0.270890 0.123273
vt 0.228337 0.123279
vt 0.270845 0.123273
vt 0.277920 0.115767
vt 0.270796 0.123273
vt 0.228464 0.114967
vt 0.221495 0.116773
vt 0.228330 0.123279
vt 0.271088 0.123273
vt 0.228160 0.123279
vt 0.277910 0.116219
vt 0.278927 0.070890
vt 0.272144 0.063883
vt 0.228240 0.063892
vt 0.221412 0.070966
vt 0.221494 0.116277
vt 0.228016 0.123279
vt 0.271277 0.123273
vt 0.227980 0.123279
vt 0.277907 0.116321
vt 0.278928 0.070840
vt 0.272370 0.063883
vt 0.228008 0.063892
vt 0.221412 0.070910
vt 0.221494 0.116369
vt 0.227839 0.123279
vt 0.271456 0.123273
vt 0.227811 0.123279
vt 0.277905 0.116420
vt 0.278929 0.070790
vt 0.272581 0.063883
vt 0.227792 0.063892
vt 0.221412 0.070855
vt 0.221495 0.116460
vt 0.227670 0.123279
vt 0.271626 0.123273
vt 0.227510 0.123279
vt 0.227649 0.123279
vt 0.277903 0.116516
vt 0.278930 0.070741
vt 0.278935 0.070527
vt 0.272779 0.063883
vt 0.227591 0.063892
vt 0.227497 0.063892
vt 0.221412 0.070801
vt 0.221495 0.116548
vt 0.221495 0.116418
vt 0.270702 0.123273
vt 0.228506 0.123279
vt 0.277909 0.116232
vt 0.278927 0.070890
vt 0.271974 0.063883
vt 0.228586 0.063892
vt 0.221412 0.070992
vt 0.221494 0.116308
vt 0.228440 0.123279
vt 0.270796 0.123273
vt 0.228449 0.123279
vt 0.277907 0.116346
vt 0.278931 0.070702
vt 0.271989 0.063883
vt 0.228575 0.063892
vt 0.221412 0.070793
vt 0.221495 0.116424
vt 0.228435 0.123279
vt 0.270846 0.123273
vt 0.228384 0.123279
vt 0.228440 0.123279
vt 0.277904 0.116456
vt 0.278935 0.070518
vt 0.278936 0.070490
vt 0.272006 0.063883
vt 0.228567 0.063892
vt 0.228576 0.063892
vt 0.221411 0.070607
vt 0.221495 0.116541
vt 0.221495 0.116762
vt 0.391514 0.843048
vt 0.611998 0.003052
vt 0.347809 0.014098
vt 0.390633 0.015732
vt 0.392012 0.038988
vt 0.623307 0.846066
vt 0.614646 0.015826
vt 0.662802 0.014104
vt 0.663174 0.039404
vt 0.386131 0.097554
vt 0.601068 0.239726
vt 0.378171 0.407722
vt 0.654050 0.097724
vt 0.606830 0.407410
vt 0.155939 0.098071
vt 0.602184 0.462431
vt 0.610178 0.652235
vt 0.376664 0.716946
vt 0.395950 0.783788
vt 0.394584 0.741262
vt 0.622749 0.742616
vt 0.605826 0.734958
vt 0.604767 0.711783
vt 0.604900 0.043152
vt 0.224345 0.043545
vt 0.165170 0.061734
vt 0.173946 0.043551
vt 0.780024 0.061762
vt 0.605559 0.688670
vt 0.399393 0.016162
vt 0.605662 0.016268
vt 0.511730 0.399375
vt 0.394837 0.711266
vt 0.394284 0.733775
vt 0.603967 0.795064
vt 0.837517 0.013739
vt 0.837669 0.039499
vt 0.173439 0.013690
vt 0.213389 0.072632
vt 0.831938 0.097559
vt 0.602824 0.066018
vt 0.392368 0.463108
vt 0.620914 0.465249
vt 0.378821 0.748559
vt 0.608590 0.777893
vt 0.386718 0.061491
vt 0.654099 0.061711
vt 0.379161 0.698500
vt 0.392650 0.689351
vt 0.610260 0.689449
vt 0.620494 0.699216
vt 0.610154 0.125268
vt 0.385434 0.231567
vt 0.336552 0.231536
vt 0.340634 0.125396
vt 0.166557 0.125179
vt 0.159012 0.231880
vt 0.128698 0.234507
vt 0.128328 0.128446
vt 0.605995 0.518398
vt 0.623436 0.622634
vt 0.824210 0.231681
vt 0.386034 0.101857
vt 0.610176 0.647935
vt 0.779586 0.121650
vt 0.720535 0.043544
vt 0.623252 0.960206
vt 0.608581 0.911110
vt 0.391361 0.954885
vt 0.376748 0.953065
vt 0.376682 0.907481
vt 0.337626 0.039499
vt 0.336019 0.043617
vt 0.332467 0.061701
vt 0.284542 0.061724
vt 0.378203 0.298879
vt 0.392755 0.300262
vt 0.392693 0.337601
vt 0.428815 0.303305
vt 0.576301 0.302487
vt 0.512217 0.346667
vt 0.623067 0.300060
vt 0.623116 0.339553
vt 0.664303 0.125483
vt 0.711377 0.101967
vt 0.767527 0.097067
vt 0.721997 0.096970
vt 0.770902 0.061762
vt 0.623311 0.857989
vt 0.391509 0.854999
vt 0.233950 0.043549
vt 0.271137 0.115141
vt 0.623155 0.356379
vt 0.623153 0.392300
vt 0.764409 0.123288
vt 0.726608 0.123288
vt 0.727086 0.123288
vt 0.625000 0.356212
vt 0.625000 0.392739
vt 0.605088 0.354420
vt 0.605087 0.354493
vt 0.623030 0.347847
vt 0.606585 0.399032
vt 0.717387 0.119240
vt 0.717330 0.104267
vt 0.726805 0.099895
vt 0.764629 0.099895
vt 0.774008 0.104257
vt 0.773705 0.119229
vt 0.727090 0.123288
vt 0.625000 0.356013
vt 0.625000 0.393005
vt 0.625000 0.400979
vt 0.625000 0.400979
vt 0.625000 0.348033
vt 0.762951 0.104577
vt 0.770623 0.125824
vt 0.715424 0.107692
vt 0.703637 0.139315
vt 0.395052 0.353457
vt 0.394924 0.392132
vt 0.375000 0.391944
vt 0.375000 0.352665
vt 0.375000 0.354700
vt 0.379153 0.345622
vt 0.391024 0.346886
vt 0.395038 0.357600
vt 0.394930 0.390375
vt 0.390816 0.399635
vt 0.379087 0.398515
vt 0.375000 0.355538
vt 0.378518 0.345554
vt 0.391450 0.346932
vt 0.395038 0.357524
vt 0.394932 0.389776
vt 0.391265 0.399678
vt 0.378470 0.398456
vt 0.375000 0.355503
vt 0.605115 0.346151
vt 0.605115 0.346151
vt 0.605087 0.354730
vt 0.604969 0.390311
vt 0.604940 0.398858
vt 0.381344 0.345548
vt 0.394268 0.346922
vt 0.424174 0.346790
vt 0.397760 0.357377
vt 0.397655 0.389754
vt 0.394086 0.399667
vt 0.381297 0.398449
vt 0.410528 0.355298
vt 0.602155 0.390195
vt 0.602269 0.354708
vt 0.602222 0.346139
vt 0.602265 0.346139
vt 0.602209 0.354725
vt 0.602092 0.390178
vt 0.572157 0.398982
vt 0.567089 0.390135
vt 0.567204 0.355145
vt 0.566642 0.346301
vt 0.564462 0.346067
vt 0.563768 0.354818
vt 0.563674 0.389810
vt 0.536771 0.399146
vt 0.531921 0.390058
vt 0.532035 0.355610
vt 0.530831 0.346402
vt 0.526485 0.345939
vt 0.525281 0.354909
vt 0.525206 0.389431
vt 0.501169 0.399255
vt 0.496926 0.389973
vt 0.497038 0.356081
vt 0.495213 0.346532
vt 0.488742 0.345843
vt 0.486948 0.355026
vt 0.486892 0.389040
vt 0.465555 0.399392
vt 0.432942 0.389884
vt 0.461964 0.389878
vt 0.430163 0.346820
vt 0.459718 0.346691
vt 0.416420 0.355213
vt 0.448642 0.355166
vt 0.419308 0.398537
vt 0.628061 0.395259
vt 0.628034 0.395310
vt 0.627708 0.387029
vt 0.627707 0.351049
vt 0.646363 0.352284
vt 0.628155 0.350706
vt 0.628155 0.386633
vt 0.652544 0.348505
vt 0.652609 0.345841
vt 0.651073 0.338144
vt 0.644659 0.308248
vt 0.642103 0.302705
vt 0.642107 0.305362
vt 0.669618 0.307282
vt 0.677615 0.301505
vt 0.677733 0.296081
vt 0.674352 0.289391
vt 0.661573 0.265560
vt 0.657677 0.261873
vt 0.657692 0.267293
vt 0.692806 0.262375
vt 0.702382 0.254733
vt 0.702548 0.246459
vt 0.697636 0.240614
vt 0.678529 0.222799
vt 0.673049 0.221066
vt 0.673082 0.229341
vt 0.715951 0.217505
vt 0.746119 0.172496
vt 0.727177 0.207959
vt 0.739766 0.153186
vt 0.720898 0.191851
vt 0.700204 0.148616
vt 0.688439 0.180170
vt 0.708103 0.166863
vt 0.727124 0.123288
vt 0.763881 0.123288
vt 0.717388 0.119564
vt 0.727098 0.123288
vt 0.773706 0.119178
vt 0.773705 0.119242
vt 0.764619 0.099895
vt 0.764637 0.099895
vt 0.717329 0.104032
vt 0.273397 0.063883
vt 0.278985 0.068298
vt 0.277873 0.117837
vt 0.273272 0.123273
vt 0.227358 0.123279
vt 0.221408 0.068579
vt 0.273029 0.063883
vt 0.278933 0.070619
vt 0.277900 0.116661
vt 0.271780 0.123273
vt 0.227364 0.123279
vt 0.221411 0.070495
vt 0.272016 0.063883
vt 0.277897 0.116789
vt 0.228325 0.123279
vt 0.221411 0.070428
vt 0.272039 0.063883
vt 0.228358 0.063892
vt 0.221412 0.070878
vt 0.221494 0.116137
vt 0.270926 0.123273
vt 0.277912 0.116109
vt 0.278931 0.070716
vt 0.272264 0.063883
vt 0.228125 0.063892
vt 0.221412 0.070766
vt 0.221494 0.116180
vt 0.271114 0.123273
vt 0.277910 0.116200
vt 0.278932 0.070653
vt 0.272483 0.063883
vt 0.227901 0.063892
vt 0.221411 0.070694
vt 0.221494 0.116261
vt 0.271293 0.123273
vt 0.277908 0.116289
vt 0.278933 0.070589
vt 0.272687 0.063883
vt 0.227692 0.063892
vt 0.221411 0.070624
vt 0.221494 0.116340
vt 0.271462 0.123273
vt 0.277901 0.116610
vt 0.277906 0.116375
vt 0.272973 0.063883
vt 0.272879 0.063883
vt 0.221411 0.070714
vt 0.221411 0.070554
vt 0.227522 0.123279
vt 0.271869 0.063883
vt 0.228684 0.063892
vt 0.221411 0.070687
vt 0.221494 0.115817
vt 0.270623 0.123273
vt 0.277908 0.116268
vt 0.278932 0.070670
vt 0.271952 0.063883
vt 0.228614 0.063892
vt 0.221412 0.070750
vt 0.221494 0.116357
vt 0.270685 0.123273
vt 0.277905 0.116412
vt 0.278935 0.070519
vt 0.271975 0.063883
vt 0.228594 0.063892
vt 0.221411 0.070599
vt 0.221495 0.116501
vt 0.270789 0.123273
vt 0.277899 0.116681
vt 0.277899 0.116670
vt 0.272016 0.063883
vt 0.271993 0.063883
vt 0.221411 0.070546
vt 0.221411 0.070573
vt 0.228382 0.123279
vt 0.602273 0.300872
vt 0.602112 0.339558
vt 0.524645 0.396434
vt 0.524554 0.355032
vt 0.541721 0.405314
vt 0.397955 0.407716
vt 0.397631 0.448546
vt 0.485231 0.349438
vt 0.485388 0.388897
vt 0.460555 0.339605
vt 0.387154 0.000000
vt 0.336950 0.013915
vt 0.342249 0.011873
vt 0.375000 0.901108
vt 0.375000 0.910602
vt 0.389091 0.787628
vt 0.393256 0.789109
vt 0.375000 0.787400
vt 0.375000 0.782614
vt 0.615897 0.001897
vt 0.613620 0.001878
vt 0.668990 0.011873
vt 0.622042 0.790135
vt 0.625000 0.790399
vt 0.625000 0.842413
vt 0.625000 0.852399
vt 0.391525 0.235756
vt 0.375173 0.291021
vt 0.609990 0.231634
vt 0.376343 0.456257
vt 0.375000 0.406469
vt 0.375000 0.398125
vt 0.625000 0.293855
vt 0.622224 0.285977
vt 0.625000 0.338985
vt 0.625000 0.348033
vt 0.625000 0.453319
vt 0.624925 0.458990
vt 0.399115 0.518361
vt 0.396052 0.513577
vt 0.125000 0.126617
vt 0.125000 0.129036
vt 0.154856 0.064249
vt 0.158185 0.063906
vt 0.125000 0.072301
vt 0.125000 0.067330
vt 0.608552 0.515437
vt 0.625000 0.624560
vt 0.625000 0.621913
vt 0.608618 0.686328
vt 0.610927 0.685982
vt 0.625000 0.681320
vt 0.625000 0.683872
vt 0.375000 0.715679
vt 0.375000 0.718460
vt 0.625000 0.716512
vt 0.125000 0.103263
vt 0.625000 0.647925
vt 0.719986 0.011817
vt 0.726004 0.011811
vt 0.375000 0.844570
vt 0.275265 0.234055
vt 0.284664 0.234055
vt 0.275265 0.234055
vt 0.625000 0.400979
vn -0.006894 -0.997345 0.072491
vn -0.459229 -0.887156 0.045409
vn -0.462938 -0.886391 0.000291
vn -0.006945 -0.999976 -0.000010
vn -0.003973 -0.822244 0.569121
vn 0.006785 -0.997322 0.072820
vn 0.004342 -0.822196 0.569188
vn -0.360521 -0.830731 0.424158
vn -0.005363 -0.740735 0.671776
vn -0.378095 -0.737598 0.559458
vn -0.493257 -0.759696 0.423744
vn -0.552200 -0.832299 0.048523
vn -0.862986 -0.502377 0.053599
vn -0.633904 -0.522238 0.570468
vn -0.650170 -0.482074 0.587268
vn -0.885676 -0.458969 0.070181
vn -0.867373 -0.497658 0.000215
vn -0.548491 -0.836156 0.000654
vn -0.538353 -0.502433 0.676562
vn -0.869332 -0.494228 0.000080
vn -0.892662 -0.450726 -0.000021
vn -0.895018 -0.446030 -0.000006
vn -0.547856 -0.836572 0.000516
vn -0.869020 -0.494778 0.000083
vn -0.547974 -0.836495 0.000515
vn -0.462568 -0.886584 0.000379
vn -0.006807 -0.997605 -0.068838
vn -0.004264 -0.822385 -0.568916
vn 0.003820 -0.822477 -0.568785
vn 0.006826 -0.997618 -0.068640
vn -0.454419 -0.889805 -0.041843
vn -0.006756 -0.999977 -0.000041
vn -0.458539 -0.888674 0.000071
vn -0.349476 -0.833288 -0.428367
vn -0.547827 -0.835383 -0.044956
vn -0.482379 -0.763905 -0.428671
vn -0.367001 -0.740235 -0.563349
vn -0.005501 -0.741089 -0.671385
vn -0.863543 -0.501843 -0.049469
vn -0.544695 -0.838634 0.000307
vn -0.867452 -0.497521 -0.000029
vn -0.631647 -0.520021 -0.574979
vn -0.886786 -0.457571 -0.065115
vn -0.649951 -0.479307 -0.589769
vn -0.536131 -0.500611 -0.679670
vn -0.461922 -0.886920 0.000391
vn -0.006849 -0.999977 0.000005
vn 0.006861 -0.999976 -0.000023
vn 0.006861 -0.999977 0.000003
vn -0.006810 -0.999977 0.000002
vn -0.005890 -0.315509 0.948904
vn -0.011598 -0.266489 0.963768
vn -0.565612 -0.469437 0.678021
vn 0.005744 -0.740751 0.671755
vn 0.006028 -0.315294 0.948975
vn 0.459675 -0.886906 0.045787
vn 0.006850 -0.999977 0.000016
vn 0.463191 -0.886258 0.000842
vn 0.359979 -0.828838 0.428303
vn 0.551942 -0.832447 0.048918
vn 0.491862 -0.758553 0.427398
vn 0.376970 -0.735493 0.562977
vn 0.537836 -0.502574 0.676869
vn 0.565656 -0.469040 0.678258
vn 0.011875 -0.266783 0.963684
vn 0.633152 -0.522055 0.571469
vn -0.006513 -0.119456 0.992818
vn 0.006747 -0.119712 0.992786
vn -0.608565 -0.235060 0.757889
vn -0.009194 -0.086370 0.996221
vn -0.632206 -0.172094 0.755446
vn -0.712949 -0.235489 0.660491
vn -0.975403 -0.210088 0.066717
vn -0.977138 -0.212609 -0.000204
vn -0.729570 -0.171327 0.662099
vn -0.985668 -0.151455 0.074301
vn 0.863017 -0.502445 0.052448
vn 0.548533 -0.836128 0.000877
vn 0.867175 -0.498003 0.000105
vn 0.886041 -0.458371 0.069482
vn 0.650498 -0.481077 0.587722
vn 0.006814 -0.999977 0.000000
vn 0.464048 -0.885810 0.000756
vn 0.463313 -0.886195 0.000748
vn 0.549564 -0.835451 0.001003
vn 0.863482 -0.501814 -0.050799
vn 0.631079 -0.520431 -0.575231
vn 0.648423 -0.480070 -0.590830
vn 0.886791 -0.457477 -0.065700
vn 0.550748 -0.833470 -0.044766
vn 0.867690 -0.497106 -0.000064
vn 0.547427 -0.836853 0.000627
vn 0.485396 -0.760653 -0.431044
vn 0.456916 -0.888535 -0.041626
vn 0.352656 -0.831087 -0.430032
vn 0.369576 -0.736602 -0.566420
vn 0.534955 -0.500390 -0.680759
vn 0.460977 -0.887412 0.000583
vn 0.005256 -0.741429 -0.671011
vn 0.549575 -0.835444 0.001003
vn 0.869031 -0.494758 0.000152
vn 0.893421 -0.449221 -0.000001
vn 0.894256 -0.447556 0.000022
vn 0.869296 -0.494293 0.000145
vn 0.976579 -0.206927 0.058948
vn 0.893327 -0.449408 0.000027
vn 0.978807 -0.204786 0.000156
vn 0.714192 -0.236495 0.658787
vn 0.986943 -0.148326 0.062798
vn 0.731358 -0.172790 0.659742
vn 0.609237 -0.235922 0.757081
vn 0.632845 -0.173111 0.754679
vn 0.009579 -0.086728 0.996186
vn -0.008797 0.089727 0.995928
vn -0.622797 0.145930 0.768653
vn -0.617046 0.138307 0.774678
vn -0.009800 0.078989 0.996827
vn -0.002866 0.664869 0.746955
vn 0.007779 0.089727 0.995936
vn 0.006140 0.666485 0.745493
vn -0.163119 0.616238 0.770482
vn -0.000702 0.729187 0.684315
vn 0.011535 0.793110 0.608969
vn -0.189016 0.716759 0.671214
vn -0.738421 0.162319 0.654513
vn -0.670562 0.741844 -0.003808
vn -0.670562 0.741844 -0.003808
vn -0.709644 0.702390 0.055250
vn -0.672497 0.740002 0.012034
vn -0.988902 0.126309 0.078221
vn -0.986072 0.128248 0.105895
vn -0.719207 0.142059 0.680118
vn -0.005282 0.996415 0.084429
vn -0.004035 0.995935 0.089980
vn -0.988350 0.141173 0.056877
vn -0.992616 0.121297 -0.000001
vn -0.990571 0.137001 0.000009
vn -0.742630 0.153715 0.651823
vn -0.989252 0.140893 0.039108
vn -0.752393 0.155271 0.640153
vn -0.640060 0.147871 0.753962
vn -0.008723 0.066816 0.997727
vn 0.009080 0.066655 0.997735
vn -0.646185 0.126922 0.752553
vn -0.006955 0.078607 0.996881
vn -0.638585 0.148012 0.755183
vn -0.742399 0.131724 0.656881
vn -0.983893 0.111200 0.139959
vn -0.725257 0.153416 0.671168
vn -0.974804 0.148384 0.166555
vn -0.996894 0.073373 0.028617
vn -0.986931 -0.161084 0.004302
vn -0.643796 0.148796 0.750591
vn -0.008830 0.078926 0.996841
vn 0.007063 0.078604 0.996881
vn 0.008776 0.078883 0.996845
vn -0.007321 0.078700 0.996872
vn -0.000684 0.998413 0.056308
vn -0.000537 0.965816 0.259228
vn 0.000000 1.000000 0.000000
vn 0.000000 1.000000 0.000000
vn -0.000312 1.000000 0.000002
vn -0.006774 0.999977 0.000030
vn 0.005389 0.729731 0.683714
vn -0.000468 0.965209 0.261478
vn 0.638516 0.157111 0.753401
vn 0.010163 0.079077 0.996817
vn 0.646585 0.148729 0.748203
vn 0.495781 0.567372 0.657488
vn 0.743204 0.163095 0.648882
vn 0.648857 0.574487 0.498949
vn 0.500982 0.702253 0.505825
vn 0.062437 0.997115 0.043172
vn 0.000000 1.000000 -0.000007
vn 0.000000 1.000000 -0.000000
vn 0.625718 0.778342 0.051584
vn 0.723742 0.687413 0.060505
vn 0.620229 0.784416 -0.002617
vn 0.037366 0.999302 -0.000554
vn 0.714372 0.107862 0.691403
vn 0.714372 0.107862 0.691403
vn 0.709797 0.068397 0.701078
vn 0.711190 0.079400 0.698501
vn 0.012424 0.748255 0.663295
vn 0.054534 0.781996 0.620893
vn 0.004667 0.747234 0.664545
vn 0.004667 0.747234 0.664545
vn 0.000000 1.000000 0.000000
vn 0.696736 0.717304 -0.005805
vn 0.696736 0.717304 -0.005805
vn 0.696736 0.717304 -0.005805
vn 0.696736 0.717304 -0.005805
vn -0.989350 0.125924 -0.073009
vn -0.739061 0.161538 -0.653983
vn -0.720128 0.142076 -0.679140
vn -0.987063 0.127766 -0.096865
vn -0.669490 0.742821 -0.001196
vn -0.669490 0.742821 -0.001196
vn -0.670500 0.741801 -0.012694
vn -0.705276 0.707063 -0.051452
vn -0.203822 0.710662 -0.673361
vn -0.007381 0.997214 -0.074227
vn -0.005961 0.996643 -0.081659
vn 0.001703 0.788949 -0.614456
vn -0.175121 0.605735 -0.776156
vn -0.623147 0.145721 -0.768410
vn 0.000649 0.967131 -0.254280
vn -0.000865 0.998866 -0.047606
vn 0.000000 1.000000 -0.000000
vn 0.000000 1.000000 0.000000
vn 0.000884 0.729244 -0.684253
vn 0.000730 0.966292 -0.257449
vn 0.007041 0.730141 -0.683260
vn -0.001519 0.665457 -0.746435
vn -0.006859 0.999977 0.000032
vn -0.000336 1.000000 0.000000
vn -0.731619 0.126515 -0.669871
vn -0.714896 0.107049 -0.690988
vn -0.706142 0.127168 -0.696557
vn -0.704994 0.131365 -0.696941
vn -0.016716 0.749898 -0.661343
vn -0.016716 0.749898 -0.661343
vn 0.037795 0.784645 -0.618792
vn -0.003263 0.752544 -0.658534
vn -0.992780 0.119947 -0.000002
vn -0.992643 0.121078 -0.000004
vn -0.992616 0.121303 -0.000006
vn -0.992643 0.121079 -0.000002
vn -0.999961 0.008774 0.000003
vn -0.992779 0.119958 -0.000002
vn -0.999961 0.008847 0.000003
vn 0.984853 0.155125 0.077463
vn 0.743143 0.154747 0.650993
vn 0.985224 0.145612 0.090177
vn 0.988883 0.148313 0.010653
vn 0.726019 0.687673 -0.001644
vn 0.007260 0.078664 0.996875
vn 0.642811 0.148455 0.751502
vn 0.645919 0.148599 0.748804
vn 0.744003 0.154333 0.650108
vn 0.990510 0.126630 0.053423
vn 0.989473 -0.144717 0.000017
vn 0.991988 0.126168 -0.006488
vn 0.745431 0.132055 0.653371
vn 0.988007 0.145753 0.050967
vn 0.742112 0.154618 0.652199
vn 0.647545 0.126574 0.751441
vn 0.639685 0.147845 0.754284
vn 0.990619 0.128047 0.047718
vn 0.989696 0.142980 -0.007616
vn 0.993537 0.113132 0.009204
vn 0.743433 0.154331 0.650761
vn 0.990660 0.127313 0.048822
vn 0.502261 -0.484613 0.716160
vn 0.502261 -0.484613 0.716160
vn 0.478581 -0.487254 0.730441
vn 0.496881 -0.487318 0.718074
vn 0.488577 0.531309 0.692100
vn 0.488577 0.531309 0.692100
vn 0.488577 0.531309 0.692100
vn 0.488577 0.531309 0.692100
vn 0.991484 0.130209 0.002143
vn 0.989993 0.140741 0.010308
vn 0.989769 0.142677 0.001236
vn 0.759786 -0.650078 0.011165
vn 0.991489 0.130173 -0.002142
vn 0.754811 -0.655943 -0.000138
vn 0.061690 0.997444 -0.036044
vn 0.000000 1.000000 -0.000000
vn 0.000000 1.000000 -0.000014
vn 0.620448 0.782635 -0.050274
vn 0.037770 0.999287 0.000066
vn 0.616024 0.787725 -0.002073
vn 0.490620 0.715631 -0.497156
vn 0.717538 0.694006 -0.059114
vn 0.640564 0.588909 -0.492812
vn 0.489320 0.581873 -0.649607
vn 0.007690 0.665830 -0.746064
vn 0.985392 0.155016 -0.070511
vn 0.719480 0.694511 -0.001897
vn 0.988853 0.148556 -0.010035
vn 0.743124 0.163455 -0.648883
vn 0.985880 0.145161 -0.083481
vn 0.742745 0.154654 -0.651469
vn 0.638608 0.157452 -0.753252
vn -0.010805 0.999938 -0.002520
vn -0.750283 0.661094 0.005494
vn -0.011047 0.999935 0.002710
vn -0.750365 0.661001 0.005494
vn -0.565905 0.444974 -0.694081
vn -0.565905 0.444974 -0.694081
vn -0.567396 0.422088 -0.707039
vn -0.566881 0.442902 -0.694611
vn 0.471758 0.541842 -0.695595
vn 0.471758 0.541842 -0.695595
vn 0.471758 0.541842 -0.695595
vn 0.471758 0.541842 -0.695595
vn -0.008456 0.089874 -0.995917
vn 0.008073 0.089740 -0.995933
vn -0.009610 0.078972 -0.996831
vn -0.617685 0.138333 -0.774164
vn -0.007260 0.078664 -0.996875
vn 0.010330 0.079092 -0.996814
vn 0.007332 0.078701 -0.996871
vn -0.642780 0.147652 -0.751687
vn -0.008776 0.078881 -0.996845
vn -0.645933 0.148600 -0.748792
vn -0.744225 0.153574 -0.650033
vn -0.986014 0.110263 -0.124977
vn -0.985825 -0.153007 -0.068840
vn -0.986769 -0.162076 -0.004391
vn -0.996936 0.074715 -0.023163
vn -0.742519 0.131574 -0.656775
vn -0.976745 0.147948 -0.155180
vn -0.726583 0.153947 -0.669610
vn -0.730997 -0.173065 -0.660070
vn -0.647542 0.126573 -0.751444
vn -0.634121 -0.173103 -0.753609
vn -0.713998 -0.236130 -0.659128
vn -0.975797 -0.209881 -0.061399
vn -0.009053 0.066224 -0.997764
vn -0.639679 0.147845 -0.754290
vn -0.007063 0.078604 -0.996881
vn -0.009299 -0.086891 -0.996174
vn 0.008850 0.066632 -0.997738
vn 0.009320 -0.086285 -0.996227
vn -0.006639 -0.119623 -0.992797
vn -0.610129 -0.235738 -0.756419
vn -0.989473 0.140655 -0.034037
vn -0.957500 0.141908 -0.251108
vn -0.751002 0.154854 -0.641885
vn -0.988685 0.140842 -0.051621
vn 0.646148 0.148648 -0.748596
vn 0.990877 0.126936 -0.045286
vn 0.990007 0.140683 -0.009704
vn 0.992384 0.123126 -0.003739
vn 0.742893 0.154389 -0.651363
vn 0.990756 0.127766 -0.045595
vn 0.744395 0.154401 -0.649643
vn 0.640964 0.148574 -0.753054
vn 0.631513 -0.172178 -0.756007
vn 0.606452 -0.234375 -0.759792
vn 0.006704 -0.119624 -0.992797
vn 0.646661 0.125960 -0.752306
vn 0.006968 0.078609 -0.996881
vn 0.639607 0.148006 -0.754319
vn 0.746414 0.131775 -0.652304
vn 0.729971 -0.170842 -0.661782
vn 0.990568 0.126575 -0.052472
vn 0.742950 0.154324 -0.651313
vn 0.988186 0.145366 -0.048543
vn 0.987601 -0.145762 -0.058282
vn 0.991989 0.126181 0.006063
vn 0.989711 -0.143085 0.000108
vn 0.977049 -0.205711 -0.055300
vn 0.712843 -0.234986 -0.660784
vn 0.644599 0.148773 -0.749906
vn 0.008838 0.078925 -0.996841
vn -0.005910 -0.315125 -0.949032
vn 0.005851 -0.315528 -0.948898
vn -0.565119 -0.467539 -0.679741
vn -0.011491 -0.266988 -0.963631
vn -0.892642 -0.450767 -0.000038
vn -0.977091 -0.212824 -0.000240
vn 0.011565 -0.267055 -0.963612
vn 0.562750 -0.467486 -0.681740
vn 0.978960 -0.204052 0.000113
vn -0.882459 -0.468771 0.038984
vn -0.753871 -0.129788 0.644076
vn -0.689673 -0.298965 0.659523
vn -0.692812 -0.297392 0.656939
vn -0.976809 -0.214115 -0.000091
vn -0.882447 -0.469098 -0.035120
vn -0.976780 -0.214246 -0.000158
vn -0.980732 -0.195360 -0.000155
vn -0.949052 0.142493 0.281063
vn -0.772233 0.128603 0.622187
vn -0.777297 0.139930 0.613376
vn -0.980690 -0.195570 -0.000155
vn -0.894901 -0.446265 -0.000006
vn 0.894332 -0.447405 0.000020
vn 0.979276 -0.202531 0.000141
vn 0.979235 -0.202730 0.000140
vn 0.989465 -0.144771 0.000134
vn 0.989464 -0.144777 0.000133
vn 0.992216 0.124526 0.000716
vn 0.989698 0.142988 0.007212
vn 0.993951 0.109723 -0.004641
vn 0.992212 0.124556 -0.000721
vn 0.992381 0.123145 0.003898
vn -0.990568 0.137022 -0.000009
vn 0.225085 0.664352 0.712723
vn 0.225085 0.664352 0.712723
vn 0.283708 0.636078 0.717576
vn 0.258172 0.648799 0.715826
vn -0.992643 0.121079 -0.000003
vn -0.992643 0.121079 -0.000003
vn -0.437823 0.899051 -0.004370
vn -0.437823 0.899051 -0.004370
vn -0.437823 0.899051 -0.004370
vn -0.437823 0.899051 -0.004370
vn 0.993448 0.113984 -0.008254
vn 0.001856 0.714748 -0.699379
vn 0.001856 0.714748 -0.699379
vn -0.037527 0.709626 -0.703579
vn -0.057655 0.706567 -0.705294
vn 0.710018 0.103446 -0.696543
vn 0.726881 0.126168 -0.675074
vn 0.711034 0.093606 -0.696900
vn 0.711034 0.093606 -0.696900
vn 0.989769 0.142674 -0.001152
vn 0.686968 0.724722 -0.053406
vn 0.655249 0.755149 -0.019970
vn 0.653321 0.756743 0.022630
vn 0.685801 0.725607 0.056319
vn 0.366044 -0.598716 -0.712426
vn 0.366044 -0.598716 -0.712426
vn 0.367993 -0.596281 -0.713463
vn 0.367806 -0.596516 -0.713364
vn 0.915696 -0.399205 -0.046222
vn 0.916168 -0.398459 0.043205
vn 0.993900 0.110208 0.004220
vn 0.365543 -0.597467 0.713731
vn 0.365543 -0.597467 0.713731
vn 0.367239 -0.595230 0.714728
vn 0.367420 -0.594991 0.714834
vn 0.710801 0.092015 0.697349
vn 0.710801 0.092015 0.697349
vn 0.727351 0.126399 0.674525
vn 0.710967 0.103569 0.695557
vn -0.758579 -0.119306 -0.640565
vn -0.695460 -0.302520 -0.651780
vn -0.692669 -0.304023 -0.654049
vn -0.779041 0.137121 -0.611794
vn -0.774388 0.125925 -0.620053
vn 0.215171 0.663685 -0.716396
vn 0.215171 0.663685 -0.716396
vn 0.248100 0.647667 -0.720398
vn 0.273104 0.634799 -0.722803
vn -0.707780 0.108967 0.697978
vn -0.724703 0.128245 0.677022
vn -0.697285 0.132892 0.704367
vn -0.698551 0.128445 0.703938
vn 0.699161 0.109960 -0.706458
vn 0.699161 0.109960 -0.706458
vn 0.695769 0.082698 -0.713489
vn 0.694240 0.071670 -0.716166
vn 0.000000 1.000000 0.000000
vn -0.554757 0.439996 0.706150
vn -0.554757 0.439996 0.706150
vn -0.555706 0.438865 0.706108
vn -0.556004 0.417600 0.718659
vn 0.497024 -0.487663 -0.717740
vn 0.497024 -0.487663 -0.717740
vn 0.492773 -0.489744 -0.719253
vn 0.474054 -0.489623 -0.731808
vn 0.001373 0.716545 0.697539
vn 0.001373 0.716545 0.697539
vn -0.058075 0.708480 0.703337
vn -0.037939 0.711504 0.701658
vn -0.284982 0.651720 0.702885
vn -0.289293 0.650194 0.702536
vn -0.409852 0.587923 0.697401
vn -0.400960 0.594444 0.697042
vn -0.061888 0.998083 -0.000004
vn -0.382847 0.923812 -0.000005
vn -0.382849 0.923811 -0.000005
vn -0.061888 0.998083 -0.000004
vn -0.017471 0.031217 0.999360
vn -0.009299 0.025577 0.999630
vn -0.009441 0.025777 0.999623
vn -0.017394 0.031225 0.999361
vn 0.387380 -0.574683 0.720885
vn 0.386783 -0.575137 0.720845
vn 0.407158 -0.559919 0.721604
vn 0.403302 -0.562810 0.721521
vn 0.557791 -0.829982 -0.000002
vn 0.519251 -0.854622 -0.000002
vn 0.519252 -0.854621 -0.000002
vn 0.557792 -0.829981 -0.000002
vn 0.387639 -0.576594 -0.719219
vn 0.388230 -0.576140 -0.719263
vn 0.404235 -0.564161 -0.719942
vn 0.408134 -0.561235 -0.720030
vn -0.015030 0.027008 -0.999522
vn -0.008170 0.022294 -0.999718
vn -0.008048 0.022120 -0.999723
vn -0.015098 0.027001 -0.999521
vn -0.288689 0.648233 -0.704595
vn -0.284394 0.649744 -0.704949
vn -0.399907 0.592855 -0.698998
vn -0.408767 0.586357 -0.699353
vn -0.564959 -0.392783 0.725633
vn -0.567597 -0.428555 0.702975
vn -0.519880 -0.473552 0.710967
vn -0.538646 -0.457546 0.707469
vn -0.999965 0.002066 0.008076
vn -0.999965 0.002066 0.008076
vn -0.999965 0.002066 0.008076
vn -0.999965 0.002066 0.008076
vn 0.002836 -0.000006 0.999996
vn 0.003167 0.000617 0.999995
vn 0.003178 0.000627 0.999995
vn 0.002592 0.000236 0.999997
vn 0.005701 -0.001545 0.999983
vn 0.002861 -0.000107 0.999996
vn 0.005748 -0.001555 0.999982
vn -0.386223 -0.586822 0.711668
vn -0.319576 -0.576969 0.751650
vn -0.424753 -0.552751 0.716974
vn -0.444452 -0.533585 0.719548
vn 0.001647 0.001193 0.999998
vn 0.001666 0.001166 0.999998
vn 0.002543 0.000182 0.999997
vn 0.100322 -0.994954 -0.001187
vn 0.100322 -0.994954 -0.001187
vn 0.100322 -0.994954 -0.001187
vn 0.100322 -0.994954 -0.001187
vn -0.322304 -0.578082 -0.749627
vn -0.388534 -0.587992 -0.709441
vn -0.445665 -0.535886 -0.717083
vn -0.426142 -0.554805 -0.714559
vn -0.010411 0.006752 -0.999923
vn -0.011882 0.007020 -0.999905
vn -0.011844 0.007022 -0.999905
vn -0.010757 0.007139 -0.999917
vn -0.002985 -0.000082 -0.999996
vn -0.010448 0.006823 -0.999922
vn -0.003190 0.000099 -0.999995
vn -0.577873 -0.426172 -0.696017
vn -0.575562 -0.389950 -0.718796
vn -0.548560 -0.456326 -0.700606
vn -0.529936 -0.472582 -0.704155
vn -0.006818 0.002610 -0.999973
vn -0.006767 0.002528 -0.999974
vn -0.010672 0.007103 -0.999918
vn 0.430888 0.559054 0.708375
vn 0.433077 0.557551 0.708224
vn 0.418411 0.568181 0.708592
vn 0.421370 0.565896 0.708667
vn 0.509457 0.493613 0.704840
vn 0.508229 0.494828 0.704874
vn 0.520556 0.481109 0.705377
vn 0.519743 0.482230 0.705210
vn 0.609335 0.792896 -0.005131
vn 0.716189 0.697900 -0.002877
vn 0.716230 0.697859 -0.002876
vn 0.609338 0.792894 -0.005131
vn 0.567323 0.420642 0.707959
vn 0.570129 0.417033 0.707839
vn 0.581827 0.400554 0.707838
vn 0.583009 0.398735 0.707892
vn 0.730634 0.682766 -0.002163
vn 0.804013 0.594611 -0.000061
vn 0.804066 0.594540 -0.000060
vn 0.730679 0.682717 -0.002159
vn 0.568229 0.416836 -0.709482
vn 0.565002 0.420886 -0.709667
vn 0.582075 0.397389 -0.709416
vn 0.580844 0.399291 -0.709356
vn 0.509408 0.488551 -0.708394
vn 0.510462 0.487268 -0.708519
vn 0.497314 0.500971 -0.708313
vn 0.498521 0.499834 -0.708267
vn 0.423016 0.558357 -0.713649
vn 0.420854 0.559671 -0.713898
vn 0.411858 0.565538 -0.714521
vn 0.409235 0.567458 -0.714505
vn -0.024913 0.026212 0.999346
vn -0.021033 0.030169 0.999324
vn -0.021399 0.029852 0.999325
vn -0.025059 0.026040 0.999347
vn -0.499730 0.515109 0.696371
vn -0.502223 0.512895 0.696212
vn -0.560286 0.445616 0.698216
vn -0.553042 0.455712 0.697475
vn -0.561975 0.827154 -0.000004
vn -0.692750 0.721178 -0.000005
vn -0.692743 0.721185 -0.000005
vn -0.561987 0.827146 -0.000004
vn 0.690286 -0.723537 0.000002
vn 0.586920 -0.809645 -0.000000
vn 0.586922 -0.809643 -0.000000
vn 0.690280 -0.723542 0.000002
vn 0.474928 -0.504026 0.721388
vn 0.477070 -0.502107 0.721313
vn 0.503523 -0.476401 0.720768
vn 0.497832 -0.482318 0.720786
vn -0.673969 0.235829 0.700108
vn -0.671603 0.243869 0.699626
vn -0.637824 0.323702 0.698855
vn -0.639446 0.320827 0.698698
vn -0.025818 0.002071 0.999664
vn -0.027469 0.012920 0.999539
vn -0.027419 0.011735 0.999555
vn -0.025781 0.001933 0.999666
vn -0.710008 0.073114 0.700388
vn -0.709936 0.073577 0.700412
vn -0.714301 0.030578 0.699171
vn -0.714307 0.029879 0.699195
vn -0.941565 0.336833 0.000001
vn -0.994209 0.107468 -0.000000
vn -0.994229 0.107283 -0.000000
vn -0.941593 0.336752 0.000001
vn 0.606400 -0.331255 0.722875
vn 0.599232 -0.347169 0.721384
vn 0.570100 -0.396145 0.719761
vn 0.574703 -0.389881 0.719520
vn 0.988099 -0.153822 -0.000007
vn 0.874902 -0.484301 -0.000008
vn 0.874930 -0.484249 -0.000008
vn 0.988138 -0.153567 -0.000007
vn 0.682612 -0.115979 0.721519
vn 0.684070 -0.110510 0.720996
vn 0.694441 -0.050571 0.717770
vn 0.694473 -0.049413 0.717820
vn -0.021665 0.022516 -0.999512
vn -0.018505 0.025809 -0.999496
vn -0.018186 0.026086 -0.999494
vn -0.021540 0.022664 -0.999511
vn 0.478349 -0.503296 -0.719635
vn 0.476209 -0.505206 -0.719716
vn 0.499144 -0.483401 -0.719152
vn 0.504836 -0.477394 -0.719191
vn 0.600354 -0.347990 -0.720054
vn 0.607454 -0.332276 -0.721521
vn 0.575869 -0.390584 -0.718206
vn 0.571312 -0.396791 -0.718442
vn -0.023218 -0.004206 -0.999722
vn -0.023938 0.008698 -0.999676
vn -0.023906 0.010204 -0.999662
vn -0.023240 -0.004020 -0.999722
vn 0.684618 -0.115108 -0.719756
vn 0.683247 -0.120155 -0.720233
vn 0.695179 -0.054268 -0.716785
vn 0.695135 -0.055666 -0.716721
vn -0.501027 0.511603 -0.698022
vn -0.498528 0.513812 -0.698189
vn -0.551756 0.454613 -0.699208
vn -0.559000 0.444507 -0.699952
vn -0.670407 0.242523 -0.701240
vn -0.672831 0.234277 -0.701721
vn -0.638067 0.319933 -0.700367
vn -0.636422 0.322839 -0.700529
vn -0.709172 0.069565 -0.701595
vn -0.709215 0.069288 -0.701579
vn -0.713559 0.025542 -0.700130
vn -0.713553 0.026125 -0.700114
vn -0.622681 -0.319147 0.714433
vn -0.620846 -0.321838 0.714822
vn -0.653993 -0.261539 0.709853
vn -0.654062 -0.261351 0.709859
vn 0.001553 0.001221 0.999998
vn 0.000444 -0.001240 0.999999
vn 0.000409 -0.001278 0.999999
vn 0.001579 0.001126 0.999998
vn -0.885523 -0.464596 0.000012
vn -0.623683 -0.781678 0.000012
vn -0.623587 -0.781754 0.000012
vn -0.885392 -0.464844 0.000012
vn -0.620676 -0.326073 -0.713048
vn -0.622357 -0.323602 -0.712709
vn -0.653623 -0.266043 -0.708518
vn -0.653626 -0.266035 -0.708518
vn -0.000981 -0.008219 -0.999966
vn -0.001369 -0.001929 -0.999997
vn -0.001284 -0.002248 -0.999997
vn -0.000994 -0.008295 -0.999965
vn 0.635411 0.304680 -0.709523
vn 0.635762 0.303993 -0.709504
vn 0.650064 0.269034 -0.710660
vn 0.649766 0.269913 -0.710599
vn 0.900070 0.435745 -0.000001
vn 0.824923 0.565245 -0.000004
vn 0.824942 0.565217 -0.000004
vn 0.900112 0.435658 -0.000001
vn 0.635261 0.308413 0.708043
vn 0.634976 0.308966 0.708057
vn 0.649261 0.274587 0.709269
vn 0.649494 0.273908 0.709318
vn -0.024834 -0.000082 0.999692
vn -0.021376 -0.003797 0.999764
vn -0.021232 -0.003937 0.999767
vn -0.024787 -0.000135 0.999693
vn 0.991895 0.127064 0.000001
vn 0.997179 -0.075061 -0.000000
vn 0.997193 -0.074872 -0.000000
vn 0.991872 0.127243 0.000001
vn 0.691983 0.092570 0.715954
vn 0.692262 0.087901 0.716272
vn 0.691073 0.109034 0.714514
vn 0.691108 0.109114 0.714468
vn -0.019571 -0.010027 -0.999758
vn -0.022509 -0.006635 -0.999725
vn -0.022469 -0.006683 -0.999725
vn -0.019450 -0.010158 -0.999759
vn 0.693261 0.083299 -0.715856
vn 0.692973 0.088114 -0.715559
vn 0.692101 0.104435 -0.714206
vn 0.692065 0.104363 -0.714251
vn -0.996512 -0.083447 0.000000
vn -0.999008 0.044540 0.000000
vn -0.999002 0.044665 0.000000
vn -0.996522 -0.083327 0.000000
vn -0.711054 -0.064596 -0.700164
vn -0.710905 -0.066866 -0.700102
vn -0.709682 -0.081228 -0.699824
vn -0.709704 -0.081197 -0.699805
vn -0.711550 -0.062696 0.699833
vn -0.711709 -0.060300 0.699882
vn -0.710318 -0.077024 0.699654
vn -0.710291 -0.077054 0.699678
vn -0.600481 0.361604 0.713207
vn -0.592639 0.374063 0.713341
vn -0.578888 0.393131 0.714378
vn -0.573163 0.400131 0.715108
vn -0.999768 0.021548 -0.000004
vn -0.874645 0.484765 -0.000009
vn -0.874624 0.484802 -0.000009
vn -0.999767 0.021569 -0.000004
vn 0.022961 0.045355 0.998707
vn 0.011911 0.135133 0.990756
vn 0.012109 0.132601 0.991096
vn 0.025471 0.030654 0.999206
vn 0.628623 -0.295185 0.719513
vn 0.609325 -0.350809 0.711095
vn 0.568269 -0.434092 0.699024
vn 0.564694 -0.438431 0.699213
vn 0.857877 -0.513803 -0.007327
vn 0.999619 -0.026868 -0.006353
vn 0.999623 -0.026704 -0.006352
vn 0.858332 -0.513043 -0.007329
vn 0.596454 -0.342621 -0.725847
vn 0.615386 -0.285553 -0.734683
vn 0.553447 -0.428966 -0.713922
vn 0.557113 -0.424558 -0.713705
vn 0.001697 0.044944 -0.998988
vn -0.012705 0.133832 -0.990923
vn -0.012903 0.135879 -0.990641
vn -0.001022 0.058036 -0.998314
vn -0.601468 0.378688 -0.703443
vn -0.609320 0.365546 -0.703637
vn -0.581498 0.405697 -0.705173
vn -0.587322 0.398683 -0.704347
vn -0.432960 0.549329 0.714691
vn -0.436274 0.546240 0.715043
vn -0.412185 0.567441 0.712821
vn -0.408506 0.570102 0.712815
vn -0.837509 0.546423 -0.000007
vn -0.618181 0.786036 -0.000007
vn -0.618180 0.786037 -0.000007
vn -0.837519 0.546408 -0.000007
vn 0.010388 -0.008076 0.999913
vn 0.026104 0.015203 0.999544
vn 0.026574 0.017105 0.999501
vn 0.011027 -0.007449 0.999912
vn 0.466114 -0.542086 0.699200
vn 0.467734 -0.540591 0.699275
vn 0.440861 -0.562339 0.699583
vn 0.434020 -0.566968 0.700124
vn 0.651346 -0.758738 -0.008113
vn 0.771629 -0.636030 -0.007381
vn 0.771537 -0.636141 -0.007383
vn 0.651311 -0.758768 -0.008113
vn 0.458364 -0.529484 -0.713827
vn 0.456739 -0.531005 -0.713739
vn 0.425278 -0.555475 -0.714553
vn 0.432156 -0.550845 -0.714011
vn -0.005378 0.012542 -0.999907
vn 0.003862 0.032918 -0.999451
vn 0.003979 0.031302 -0.999502
vn -0.005887 0.012035 -0.999910
vn -0.442196 0.553636 -0.705656
vn -0.438872 0.556734 -0.705293
vn -0.413812 0.577913 -0.703403
vn -0.417622 0.575188 -0.703386
vn -0.315300 0.628501 0.711036
vn -0.318715 0.626601 0.711191
vn -0.296419 0.637330 0.711299
vn -0.292636 0.638788 0.711557
vn -0.582475 0.812849 -0.000005
vn -0.438806 0.898582 -0.000008
vn -0.438829 0.898571 -0.000008
vn -0.582488 0.812839 -0.000005
vn -0.004633 -0.013093 0.999904
vn 0.006406 -0.010935 0.999920
vn 0.007194 -0.010680 0.999917
vn -0.004103 -0.013042 0.999907
vn 0.318288 -0.636876 0.702198
vn 0.322018 -0.634856 0.702327
vn 0.296647 -0.646579 0.702806
vn 0.291810 -0.648452 0.703105
vn 0.460655 -0.887547 -0.007615
vn 0.616427 -0.787370 -0.008113
vn 0.616349 -0.787431 -0.008112
vn 0.460630 -0.887560 -0.007615
vn 0.318068 -0.622058 -0.715455
vn 0.314590 -0.624067 -0.715244
vn 0.289213 -0.635724 -0.715689
vn 0.293809 -0.633861 -0.715469
vn -0.011664 0.008893 -0.999892
vn -0.008088 0.010099 -0.999916
vn -0.008378 0.010053 -0.999914
vn -0.011803 0.008812 -0.999892
vn -0.320738 0.634937 -0.702839
vn -0.317254 0.636798 -0.702736
vn -0.294186 0.646906 -0.703539
vn -0.298045 0.645467 -0.703237
vn -0.318893 -0.629680 -0.708386
vn -0.324860 -0.625764 -0.709144
vn -0.297973 -0.642104 -0.706339
vn -0.296272 -0.642875 -0.706353
vn -0.006396 0.001541 -0.999978
vn -0.007564 0.000681 -0.999971
vn -0.007541 0.000699 -0.999971
vn -0.006591 0.001396 -0.999977
vn -0.456977 -0.889465 0.004841
vn -0.758736 -0.651368 0.006262
vn -0.758575 -0.651556 0.006262
vn -0.457185 -0.889359 0.004843
vn -0.323910 -0.621751 0.713097
vn -0.318679 -0.625417 0.712248
vn -0.297610 -0.638680 0.709588
vn -0.299109 -0.637921 0.709641
vn -0.008330 0.003616 0.999959
vn 0.005516 -0.001266 0.999984
vn 0.004651 -0.000800 0.999989
vn -0.008959 0.003736 0.999953
vn 0.294925 0.642923 0.706873
vn 0.289036 0.645934 0.706560
vn 0.267585 0.655913 0.705816
vn 0.269056 0.655376 0.705755
vn 0.416334 0.909198 -0.005042
vn 0.590212 0.807231 -0.005321
vn 0.590200 0.807239 -0.005321
vn 0.416157 0.909279 -0.005041
vn 0.288581 0.641220 -0.711026
vn 0.293914 0.638355 -0.711419
vn 0.269356 0.650844 -0.709823
vn 0.267979 0.651401 -0.709833
vn -0.005788 -0.013020 0.999898
vn -0.009618 -0.010731 0.999896
vn -0.009663 -0.010698 0.999896
vn -0.005956 -0.012937 0.999899
vn 0.202711 -0.979222 -0.005723
vn 0.425323 -0.905012 -0.007399
vn 0.425476 -0.904939 -0.007400
vn 0.202914 -0.979180 -0.005724
vn 0.133995 -0.698259 0.703192
vn 0.135624 -0.697854 0.703282
vn 0.113992 -0.702477 0.702519
vn 0.113161 -0.702584 0.702545
vn -0.408060 0.912955 -0.000039
vn -0.194420 0.980918 -0.000465
vn -0.194515 0.980900 -0.000465
vn -0.408161 0.912910 -0.000039
vn -0.145531 0.687673 0.711285
vn -0.146954 0.687273 0.711379
vn -0.125644 0.692717 0.710181
vn -0.125174 0.692804 0.710179
vn -0.009426 0.007752 -0.999926
vn -0.011836 0.008626 -0.999893
vn -0.011734 0.008596 -0.999894
vn -0.009397 0.007739 -0.999926
vn 0.136458 -0.687077 -0.713655
vn 0.135054 -0.687457 -0.713557
vn 0.114604 -0.692324 -0.712428
vn 0.115299 -0.692201 -0.712435
vn -0.146275 0.693603 -0.705351
vn -0.144705 0.694011 -0.705272
vn -0.124015 0.698725 -0.704559
vn -0.124547 0.698645 -0.704544
vn -0.232302 -0.668306 -0.706684
vn -0.233509 -0.667893 -0.706677
vn -0.214265 -0.673399 -0.707548
vn -0.211557 -0.674082 -0.707712
vn -0.007464 0.000830 -0.999972
vn -0.007099 0.002227 -0.999972
vn -0.007093 0.002263 -0.999972
vn -0.007447 0.000877 -0.999972
vn -0.323187 -0.946332 0.002459
vn -0.414737 -0.909931 0.004409
vn -0.414872 -0.909869 0.004412
vn -0.323343 -0.946279 0.002463
vn -0.236072 -0.666480 0.707159
vn -0.235023 -0.666896 0.707117
vn -0.214725 -0.673254 0.707546
vn -0.217050 -0.672605 0.707455
vn -0.011511 0.001011 0.999933
vn -0.010198 0.003755 0.999941
vn -0.010251 0.003664 0.999941
vn -0.011538 0.000940 0.999933
vn 0.205174 0.676855 0.706944
vn 0.203886 0.677252 0.706937
vn 0.184984 0.681846 0.707720
vn 0.187518 0.681315 0.707564
vn 0.298611 0.954368 -0.003781
vn 0.387901 0.921688 -0.004815
vn 0.387815 0.921725 -0.004814
vn 0.298511 0.954399 -0.003779
vn 0.205442 0.674804 -0.708825
vn 0.206573 0.674413 -0.708869
vn 0.189037 0.679340 -0.709058
vn 0.186694 0.679886 -0.709155
vn -0.074928 -0.700772 -0.709440
vn -0.075151 -0.700740 -0.709447
vn -0.051829 -0.702940 -0.709358
vn -0.051588 -0.702947 -0.709369
vn -0.007086 0.002513 -0.999972
vn -0.007455 0.004073 -0.999964
vn -0.007457 0.004077 -0.999964
vn -0.007090 0.002552 -0.999972
vn -0.100118 -0.994976 -0.000530
vn -0.295504 -0.955339 0.002017
vn -0.295830 -0.955239 0.002021
vn -0.100491 -0.994938 -0.000525
vn -0.078487 -0.703398 0.706450
vn -0.078605 -0.703378 0.706456
vn -0.055107 -0.706275 0.705789
vn -0.055127 -0.706274 0.705789
vn -0.012086 -0.002691 0.999923
vn -0.011697 0.000446 0.999932
vn -0.011719 0.000366 0.999931
vn -0.012085 -0.002699 0.999923
vn 0.054126 0.703578 0.708554
vn 0.053578 0.703645 0.708529
vn 0.031285 0.705249 0.708269
vn 0.031587 0.705250 0.708255
vn 0.086851 0.996219 -0.002254
vn 0.273853 0.961765 -0.003566
vn 0.273679 0.961815 -0.003565
vn 0.086644 0.996237 -0.002253
vn 0.055923 0.704467 -0.707530
vn 0.056222 0.704424 -0.707549
vn 0.033744 0.706584 -0.706825
vn 0.033580 0.706588 -0.706828
vn 0.041658 -0.702209 -0.710751
vn 0.042607 -0.702165 -0.710738
vn 0.057886 -0.700959 -0.710848
vn 0.057637 -0.700991 -0.710837
vn -0.007564 0.004376 -0.999962
vn -0.008237 0.005873 -0.999949
vn -0.008226 0.005853 -0.999949
vn -0.007565 0.004380 -0.999962
vn 0.067679 -0.997702 -0.003152
vn -0.065553 -0.997849 -0.001016
vn -0.065775 -0.997834 -0.001012
vn 0.067452 -0.997718 -0.003149
vn 0.040008 -0.708874 0.704200
vn 0.038816 -0.708886 0.704254
vn 0.055116 -0.708363 0.703694
vn 0.055475 -0.708338 0.703691
vn -0.011382 -0.006533 0.999914
vn -0.012048 -0.003322 0.999922
vn -0.012047 -0.003331 0.999922
vn -0.011396 -0.006489 0.999914
vn -0.057823 0.702731 0.709102
vn -0.057126 0.702770 0.709120
vn -0.071292 0.701526 0.709069
vn -0.071400 0.701511 0.709073
vn -0.069881 0.997555 -0.001197
vn 0.056382 0.998407 -0.002046
vn 0.056266 0.998414 -0.002045
vn -0.070004 0.997546 -0.001196
vn -0.055172 0.706415 -0.705645
vn -0.055994 0.706390 -0.705604
vn -0.069613 0.705565 -0.705218
vn -0.069432 0.705583 -0.705218
vn -0.008382 0.006154 -0.999946
vn -0.009125 0.007528 -0.999930
vn -0.009112 0.007507 -0.999930
vn -0.008378 0.006146 -0.999946
vn 0.171632 -0.985147 -0.005349
vn 0.090137 -0.995923 -0.003557
vn 0.090025 -0.995933 -0.003555
vn 0.171521 -0.985166 -0.005346
vn -0.010088 -0.010205 0.999897
vn -0.011201 -0.007147 0.999912
vn -0.011205 -0.007131 0.999912
vn -0.010110 -0.010159 0.999897
vn -0.166878 0.985977 -0.000557
vn -0.089576 0.995979 -0.001066
vn -0.089635 0.995974 -0.001065
vn -0.166937 0.985967 -0.000557
vn -0.699932 -0.105461 -0.706381
vn -0.698693 -0.111166 -0.706732
vn -0.705247 -0.080655 -0.704359
vn -0.705289 -0.080659 -0.704316
vn -0.930268 -0.366880 0.000002
vn -0.989859 -0.142052 0.000000
vn -0.989892 -0.141822 0.000000
vn -0.930352 -0.366668 0.000002
vn -0.006040 -0.009027 -0.999941
vn -0.001748 -0.009268 -0.999956
vn -0.001768 -0.009272 -0.999955
vn -0.005877 -0.009068 -0.999942
vn 0.691794 0.123703 -0.711420
vn 0.691027 0.126913 -0.711601
vn 0.696018 0.104892 -0.710322
vn 0.696008 0.104891 -0.710331
vn 0.982730 0.185043 -0.000002
vn 0.920709 0.390250 -0.000002
vn 0.920783 0.390075 -0.000002
vn 0.982765 0.184861 -0.000002
vn 0.690984 0.131572 0.710795
vn 0.691798 0.128194 0.710621
vn 0.695949 0.109597 0.709678
vn 0.695965 0.109593 0.709664
vn -0.005222 -0.002480 0.999983
vn -0.000685 -0.001952 0.999998
vn -0.000664 -0.001944 0.999998
vn -0.005405 -0.002462 0.999982
vn -0.698833 -0.106590 0.707299
vn -0.700012 -0.101123 0.706935
vn -0.705375 -0.076365 0.704708
vn -0.705330 -0.076349 0.704755
vn -0.706993 -0.080771 -0.702593
vn -0.706940 -0.080768 -0.702646
vn -0.707330 -0.080944 -0.702233
vn -0.707332 -0.080949 -0.702232
vn -0.994601 -0.103770 0.000001
vn -0.994601 -0.103773 0.000001
vn -0.994601 -0.103773 0.000001
vn -0.994601 -0.103770 0.000001
vn -0.010704 -0.009474 -0.999898
vn -0.007219 -0.009015 -0.999933
vn -0.007124 -0.008994 -0.999934
vn -0.010614 -0.009469 -0.999899
vn 0.694809 0.104642 -0.711541
vn 0.694828 0.104647 -0.711521
vn 0.694460 0.104771 -0.711863
vn 0.694469 0.104758 -0.711856
vn 0.987889 0.155161 -0.000000
vn 0.987889 0.155164 -0.000000
vn 0.987889 0.155164 -0.000000
vn 0.987889 0.155161 -0.000000
vn 0.694407 0.109371 0.711222
vn 0.694381 0.109361 0.711249
vn 0.693966 0.109451 0.711640
vn 0.693956 0.109463 0.711648
vn -0.010775 -0.003083 0.999937
vn -0.006646 -0.002526 0.999975
vn -0.006760 -0.002550 0.999974
vn -0.010882 -0.003089 0.999936
vn -0.707198 -0.076542 0.702860
vn -0.707253 -0.076536 0.702805
vn -0.707648 -0.076702 0.702390
vn -0.707646 -0.076699 0.702392
vn -0.708345 -0.080966 -0.701208
vn -0.708337 -0.080970 -0.701215
vn -0.708729 -0.081143 -0.700799
vn -0.708718 -0.081111 -0.700814
vn -0.994601 -0.103772 0.000001
vn -0.994602 -0.103767 0.000000
vn -0.994602 -0.103767 0.000000
vn -0.994601 -0.103772 0.000001
vn -0.014842 -0.010029 -0.999840
vn -0.011665 -0.009609 -0.999886
vn -0.011680 -0.009612 -0.999886
vn -0.014857 -0.010030 -0.999839
vn 0.693243 0.104490 -0.713089
vn 0.693228 0.104473 -0.713106
vn 0.692942 0.104580 -0.713369
vn 0.692956 0.104510 -0.713365
vn 0.987889 0.155165 0.000001
vn 0.987889 0.155162 0.000000
vn 0.987889 0.155162 0.000000
vn 0.987889 0.155165 0.000001
vn 0.692472 0.109116 0.713145
vn 0.692487 0.109132 0.713128
vn 0.692125 0.109173 0.713473
vn 0.692103 0.109252 0.713482
vn -0.015799 -0.003751 0.999868
vn -0.012037 -0.003248 0.999922
vn -0.012018 -0.003244 0.999923
vn -0.015782 -0.003750 0.999869
vn -0.708835 -0.076784 0.701183
vn -0.708841 -0.076781 0.701177
vn -0.709249 -0.076898 0.700752
vn -0.709261 -0.076930 0.700736
vn -0.994602 -0.103765 0.000000
vn -0.994601 -0.103773 0.000000
vn -0.994601 -0.103773 0.000000
vn -0.994602 -0.103765 0.000000
vn -0.018619 -0.010529 -0.999771
vn -0.015723 -0.010136 -0.999825
vn -0.015824 -0.010156 -0.999823
vn -0.018711 -0.010535 -0.999770
vn 0.987889 0.155163 0.000001
vn 0.987889 0.155163 0.000001
vn 0.987889 0.155163 0.000001
vn 0.987889 0.155163 0.000001
vn -0.020356 -0.004341 0.999783
vn -0.016943 -0.003904 0.999849
vn -0.016824 -0.003881 0.999851
vn -0.020247 -0.004334 0.999786
vn -0.027450 0.016751 0.999483
vn -0.026175 0.023753 0.999375
vn -0.026406 0.022865 0.999390
vn -0.027482 0.016381 0.999488
vn -0.774735 0.632286 0.000000
vn -0.889615 0.456711 0.000002
vn -0.889618 0.456706 0.000002
vn -0.774738 0.632283 0.000000
vn -0.022631 0.020535 -0.999533
vn -0.023739 0.014488 -0.999613
vn -0.023765 0.014173 -0.999617
vn -0.022835 0.019762 -0.999544
vn 0.725718 -0.687993 0.000001
vn 0.829645 -0.558291 0.000001
vn 0.829646 -0.558289 0.000001
vn 0.725719 -0.687992 0.000001
vn -0.626172 -0.340397 0.701455
vn -0.615404 -0.348604 0.706933
vn -0.612184 -0.351191 0.708446
vn -0.611686 -0.351470 0.708738
vn -0.867283 -0.497810 0.002482
vn -0.859777 -0.510631 0.006334
vn -0.859789 -0.510611 0.006332
vn -0.867289 -0.497799 0.002476
vn -0.031937 0.026754 0.999132
vn -0.169565 0.062369 0.983544
vn -0.159450 0.060564 0.985346
vn -0.011384 0.018894 0.999757
vn -0.620345 -0.352952 -0.700426
vn -0.631057 -0.345010 -0.694792
vn -0.616637 -0.355756 -0.702280
vn -0.617242 -0.355430 -0.701913
vn -0.174155 0.058285 -0.982992
vn -0.038162 0.021959 -0.999030
vn -0.017813 0.014139 -0.999741
vn -0.164363 0.056420 -0.984785
vn 0.565887 0.421242 0.708751
vn 0.586294 0.399146 0.704941
vn 0.605782 0.377661 0.700285
vn 0.605021 0.378156 0.700677
vn 0.834369 0.551172 -0.006135
vn 0.557996 0.829831 -0.004473
vn 0.557550 0.830131 -0.004467
vn 0.834032 0.551682 -0.006137
vn 0.578953 0.395254 -0.713154
vn 0.557534 0.418022 -0.717226
vn 0.598110 0.374113 -0.708734
vn 0.598939 0.373447 -0.708385
vn -0.859121 -0.511731 0.006536
vn -0.859115 -0.511727 0.007505
vn -0.859115 -0.511727 0.007504
vn -0.859121 -0.511731 0.006534
vn -0.004394 0.013537 0.999899
vn -0.001810 0.015097 0.999884
vn -0.002200 0.014853 0.999887
vn -0.004815 0.013294 0.999900
vn -0.612101 -0.351326 0.708451
vn -0.611258 -0.351822 0.708932
vn -0.612063 -0.351303 0.708495
vn -0.611442 -0.351693 0.708837
vn -0.008223 0.010315 -0.999913
vn -0.010872 0.008710 -0.999903
vn -0.011308 0.008462 -0.999900
vn -0.008620 0.010063 -0.999912
vn -0.617750 -0.356946 -0.700696
vn -0.618428 -0.356191 -0.700482
vn -0.617997 -0.356834 -0.700535
vn -0.618600 -0.356350 -0.700249
vn -0.588100 -0.382781 0.712473
vn -0.596832 -0.372512 0.710653
vn -0.613896 -0.352383 0.706370
vn -0.613352 -0.352726 0.706671
vn -0.009183 -0.001827 0.999956
vn -0.018229 0.004344 0.999824
vn -0.017679 0.003780 0.999837
vn -0.009066 -0.001875 0.999957
vn -0.352093 -0.601844 0.716808
vn -0.351718 -0.602120 0.716760
vn -0.321639 -0.623838 0.712302
vn -0.321639 -0.623834 0.712306
vn -0.838807 -0.544262 0.013465
vn -0.504882 -0.863011 0.017517
vn -0.505183 -0.862835 0.017516
vn -0.839229 -0.543612 0.013454
vn -0.605883 -0.380135 -0.698859
vn -0.597553 -0.390230 -0.700465
vn -0.622546 -0.359475 -0.695136
vn -0.623057 -0.359035 -0.694905
vn -0.355620 -0.617115 -0.701928
vn -0.355940 -0.616882 -0.701971
vn -0.324229 -0.639437 -0.697134
vn -0.324229 -0.639440 -0.697131
vn -0.024493 -0.001078 -0.999699
vn -0.007377 -0.012105 -0.999900
vn -0.007162 -0.012207 -0.999900
vn -0.023370 -0.002008 -0.999725
vn 0.854363 0.519631 -0.006913
vn 0.854368 0.519633 -0.006091
vn 0.854368 0.519633 -0.006089
vn 0.854363 0.519631 -0.006912
vn 0.605006 0.377811 0.700876
vn 0.604398 0.378141 0.701222
vn 0.604998 0.377227 0.701197
vn 0.604255 0.378038 0.701401
vn 0.577679 0.401648 0.710610
vn 0.588581 0.389623 0.708355
vn 0.601382 0.375221 0.705371
vn 0.601039 0.375573 0.705476
vn 0.477463 0.878518 -0.015359
vn 0.831993 0.554659 -0.011873
vn 0.832359 0.554110 -0.011865
vn 0.477584 0.878452 -0.015359
vn 0.338550 0.616358 0.710976
vn 0.334840 0.619055 0.710390
vn 0.301515 0.642756 0.704240
vn 0.301515 0.642757 0.704239
vn 0.597684 0.373825 -0.709245
vn 0.598312 0.373419 -0.708929
vn 0.597473 0.373716 -0.709480
vn 0.598074 0.372762 -0.709476
vn 0.578737 0.382824 -0.720076
vn 0.567756 0.394757 -0.722371
vn 0.590943 0.369356 -0.717191
vn 0.591344 0.369028 -0.717029
vn 0.332636 0.604611 -0.723740
vn 0.336406 0.601845 -0.724302
vn 0.300483 0.627796 -0.718041
vn 0.300483 0.627795 -0.718041
vn -0.454857 -0.890391 0.017570
vn -0.454858 -0.890405 0.016843
vn -0.454858 -0.890405 0.016843
vn -0.454857 -0.890391 0.017570
vn -0.006637 0.000321 0.999978
vn -0.007819 -0.002066 0.999967
vn -0.007817 -0.002064 0.999967
vn -0.006636 0.000324 0.999978
vn -0.322048 -0.624397 0.711627
vn -0.322051 -0.624397 0.711627
vn -0.322071 -0.624185 0.711803
vn -0.322085 -0.624219 0.711767
vn -0.005037 -0.012826 -0.999905
vn -0.003628 -0.009969 -0.999944
vn -0.003626 -0.009964 -0.999944
vn -0.005034 -0.012821 -0.999905
vn -0.324314 -0.639575 -0.696967
vn -0.324314 -0.639578 -0.696965
vn -0.324317 -0.639199 -0.697311
vn -0.324313 -0.639140 -0.697368
vn -0.583629 -0.289618 0.758616
vn -0.348624 -0.618034 0.704624
vn -0.322257 -0.625665 0.710418
vn -0.322154 -0.626409 0.709809
vn -0.702114 -0.017843 0.711841
vn -0.698630 0.003629 0.715474
vn -0.698630 0.003629 0.715474
vn -0.851318 -0.524627 0.004872
vn -0.851318 -0.524627 0.004872
vn -0.851318 -0.524627 0.004872
vn -0.851318 -0.524627 0.004872
vn -0.350380 -0.630642 -0.692477
vn -0.583781 -0.302126 -0.753605
vn -0.322884 -0.639631 -0.697580
vn -0.323132 -0.638777 -0.698247
vn -0.702619 -0.023180 -0.711188
vn -0.699054 -0.002402 -0.715064
vn -0.699054 -0.002402 -0.715064
vn 0.431996 0.901752 -0.014890
vn 0.431997 0.901744 -0.015398
vn 0.431997 0.901744 -0.015398
vn 0.431996 0.901752 -0.014890
vn 0.302102 0.643706 0.703119
vn 0.302102 0.643706 0.703119
vn 0.302288 0.643821 0.702935
vn 0.302266 0.643796 0.702966
vn 0.296204 0.636430 0.712194
vn 0.296204 0.636429 0.712194
vn 0.298490 0.638851 0.709065
vn 0.297652 0.637964 0.710215
vn -0.529180 0.848317 -0.018104
vn -0.529180 0.848317 -0.018104
vn -0.529180 0.848317 -0.018104
vn -0.529180 0.848317 -0.018104
vn 0.301050 0.629363 -0.716429
vn 0.301050 0.629364 -0.716429
vn 0.301234 0.629560 -0.716179
vn 0.301258 0.629593 -0.716140
vn 0.295224 0.622808 -0.724536
vn 0.295224 0.622809 -0.724536
vn 0.296750 0.624411 -0.722530
vn 0.297655 0.625360 -0.721336
vn 0.601663 0.375567 0.704947
vn 0.601223 0.376148 0.705013
vn 0.601892 0.375767 0.704645
vn 0.601405 0.376151 0.704856
vn 0.854330 0.519608 -0.011282
vn 0.854338 0.519616 -0.010277
vn 0.854338 0.519616 -0.010275
vn 0.854330 0.519608 -0.011280
vn -0.015679 0.006749 0.999854
vn -0.018608 0.005002 0.999814
vn -0.018268 0.005195 0.999820
vn -0.015365 0.006948 0.999858
vn -0.613883 -0.352688 0.706229
vn -0.613513 -0.352960 0.706414
vn -0.613950 -0.352439 0.706295
vn -0.613420 -0.352958 0.706496
vn -0.859083 -0.511707 0.011548
vn -0.859070 -0.511697 0.012814
vn -0.859070 -0.511697 0.012811
vn -0.859083 -0.511707 0.011545
vn -0.621754 -0.359224 -0.695975
vn -0.622200 -0.358944 -0.695720
vn -0.621563 -0.359172 -0.696172
vn -0.622094 -0.358535 -0.696025
vn -0.022120 0.001945 -0.999754
vn -0.025093 0.000146 -0.999685
vn -0.025437 -0.000054 -0.999676
vn -0.022445 0.001742 -0.999747
vn 0.591763 0.370360 -0.715996
vn 0.592170 0.369739 -0.715980
vn 0.592024 0.370398 -0.715760
vn 0.592585 0.370026 -0.715488
vn 0.602779 0.376127 0.703694
vn 0.602249 0.376784 0.703797
vn 0.602994 0.376357 0.703388
vn 0.602441 0.376778 0.703636
vn 0.854339 0.519617 -0.010107
vn 0.854348 0.519621 -0.009149
vn 0.854348 0.519621 -0.009147
vn 0.854340 0.519617 -0.010105
vn -0.012204 0.008840 0.999886
vn -0.015047 0.007140 0.999861
vn -0.014687 0.007347 0.999865
vn -0.011869 0.009051 0.999889
vn -0.613300 -0.352265 0.706946
vn -0.612861 -0.352581 0.707169
vn -0.613403 -0.351991 0.706993
vn -0.612756 -0.352591 0.707255
vn -0.859096 -0.511713 0.010166
vn -0.859084 -0.511708 0.011347
vn -0.859084 -0.511708 0.011344
vn -0.859096 -0.511713 0.010163
vn -0.620184 -0.358297 -0.697851
vn -0.620713 -0.357964 -0.697550
vn -0.619981 -0.358264 -0.698048
vn -0.620643 -0.357527 -0.697838
vn -0.018538 0.004103 -0.999820
vn -0.021427 0.002355 -0.999768
vn -0.021793 0.002142 -0.999760
vn -0.018884 0.003887 -0.999814
vn 0.593468 0.371416 -0.714035
vn 0.593982 0.370705 -0.713977
vn 0.593735 0.371441 -0.713800
vn 0.594376 0.371021 -0.713485
vn 0.603895 0.376684 0.702438
vn 0.603265 0.377417 0.702587
vn 0.604089 0.376939 0.702135
vn 0.603466 0.377399 0.702424
vn 0.854349 0.519621 -0.008988
vn 0.854357 0.519624 -0.008077
vn 0.854357 0.519624 -0.008076
vn 0.854349 0.519621 -0.008986
vn -0.008801 0.010887 0.999902
vn -0.011566 0.009235 0.999891
vn -0.011186 0.009455 0.999893
vn -0.008442 0.011109 0.999903
vn -0.612742 -0.351856 0.707633
vn -0.612227 -0.352220 0.707898
vn -0.612892 -0.351549 0.707656
vn -0.612112 -0.352240 0.707988
vn -0.859105 -0.511722 0.008875
vn -0.859098 -0.511714 0.009978
vn -0.859098 -0.511714 0.009976
vn -0.859105 -0.511722 0.008873
vn -0.618660 -0.357409 -0.699656
vn -0.619276 -0.357021 -0.699309
vn -0.618450 -0.357393 -0.699849
vn -0.619265 -0.356550 -0.699559
vn -0.015027 0.006217 -0.999868
vn -0.017834 0.004519 -0.999831
vn -0.018224 0.004292 -0.999825
vn -0.015392 0.005990 -0.999864
vn 0.595113 0.372457 -0.712121
vn 0.595748 0.371652 -0.712011
vn 0.595386 0.372468 -0.711887
vn 0.596111 0.371998 -0.711526
vn 0.854357 0.519625 -0.007923
vn 0.854362 0.519630 -0.007060
vn 0.854362 0.519630 -0.007058
vn 0.854357 0.519625 -0.007922
vn -0.005463 0.012887 0.999902
vn -0.008147 0.011284 0.999903
vn -0.007742 0.011513 0.999904
vn -0.005095 0.013124 0.999901
vn -0.859115 -0.511726 0.007670
vn -0.859107 -0.511722 0.008700
vn -0.859107 -0.511722 0.008698
vn -0.859115 -0.511726 0.007668
vn -0.011598 0.008288 -0.999898
vn -0.014314 0.006635 -0.999876
vn -0.014727 0.006397 -0.999871
vn -0.011978 0.008047 -0.999896
vn 0.303489 0.645931 0.700477
vn 0.303190 0.645877 0.700656
vn 0.303110 0.645701 0.700853
vn 0.303030 0.645731 0.700860
vn 0.432003 0.901778 -0.013005
vn 0.432001 0.901772 -0.013510
vn 0.432001 0.901772 -0.013510
vn 0.432003 0.901778 -0.013006
vn -0.003156 0.007361 0.999968
vn -0.001912 0.009905 0.999949
vn -0.002006 0.009656 0.999951
vn -0.003304 0.007120 0.999969
vn -0.321478 -0.622678 0.713389
vn -0.321296 -0.622811 0.713355
vn -0.321350 -0.622866 0.713283
vn -0.321235 -0.622918 0.713289
vn -0.454866 -0.890436 0.014825
vn -0.454871 -0.890446 0.014100
vn -0.454871 -0.890446 0.014102
vn -0.454866 -0.890436 0.014826
vn -0.322625 -0.636056 -0.700960
vn -0.322842 -0.635838 -0.701058
vn -0.322600 -0.636346 -0.700709
vn -0.322765 -0.636314 -0.700662
vn 0.000386 -0.001819 -0.999998
vn 0.001943 0.001222 -0.999997
vn 0.002046 0.001522 -0.999997
vn 0.000572 -0.001529 -0.999999
vn 0.302635 0.632540 -0.712955
vn 0.302957 0.632621 -0.712747
vn 0.302412 0.632319 -0.713246
vn 0.302476 0.632270 -0.713262
vn 0.302844 0.644832 0.701767
vn 0.302727 0.644792 0.701854
vn 0.302543 0.644655 0.702060
vn 0.302532 0.644662 0.702058
vn 0.432001 0.901770 -0.013623
vn 0.432001 0.901762 -0.014150
vn 0.432001 0.901762 -0.014150
vn 0.432001 0.901770 -0.013624
vn -0.004781 0.004070 0.999980
vn -0.003533 0.006648 0.999972
vn -0.003593 0.006484 0.999973
vn -0.004872 0.003922 0.999981
vn -0.321733 -0.623280 0.712748
vn -0.321673 -0.623362 0.712704
vn -0.321589 -0.623546 0.712580
vn -0.321578 -0.623549 0.712583
vn -0.454863 -0.890422 0.015739
vn -0.454865 -0.890434 0.015009
vn -0.454865 -0.890434 0.015009
vn -0.454863 -0.890422 0.015740
vn -0.323444 -0.637574 -0.699202
vn -0.323511 -0.637444 -0.699289
vn -0.323450 -0.637901 -0.698901
vn -0.323490 -0.637902 -0.698882
vn -0.001506 -0.005654 -0.999983
vn 0.000034 -0.002584 -0.999997
vn 0.000106 -0.002387 -0.999997
vn -0.001395 -0.005475 -0.999984
vn 0.301966 0.631065 -0.714545
vn 0.302077 0.631111 -0.714457
vn 0.301748 0.630878 -0.714802
vn 0.301751 0.630861 -0.714815
vn 0.432002 0.901760 -0.014262
vn 0.431999 0.901753 -0.014779
vn 0.431999 0.901753 -0.014779
vn 0.432002 0.901760 -0.014262
vn -0.006330 0.000931 0.999980
vn -0.005112 0.003421 0.999981
vn -0.005141 0.003342 0.999981
vn -0.006374 0.000862 0.999979
vn -0.454858 -0.890408 0.016656
vn -0.454862 -0.890420 0.015925
vn -0.454862 -0.890420 0.015926
vn -0.454858 -0.890408 0.016657
vn -0.003310 -0.009320 -0.999951
vn -0.001829 -0.006351 -0.999978
vn -0.001795 -0.006255 -0.999979
vn -0.003256 -0.009236 -0.999952
vn -0.007957 0.999968 0.000033
vn -0.007830 0.999969 0.000037
vn -0.999945 -0.009434 -0.004515
vn -0.999945 -0.009434 -0.004515
vn -0.999945 -0.009434 -0.004515
vn -0.999945 -0.009434 -0.004515
vn -0.008815 0.024894 0.999651
vn -0.008815 0.024894 0.999651
vn 0.515436 -0.856928 -0.000003
vn 0.515436 -0.856928 -0.000003
vn -0.007632 0.021528 -0.999739
vn -0.007632 0.021528 -0.999739
vn -0.002979 0.999996 0.000000
vn -0.002979 0.999996 0.000000
vn 0.003212 0.000658 0.999995
vn 0.003212 0.000658 0.999995
vn 0.716839 -0.697238 0.000000
vn 0.716840 -0.697238 0.000000
vn -0.012009 0.007014 -0.999903
vn -0.012009 0.007014 -0.999903
vn -0.785314 0.619073 0.005574
vn -0.785314 0.619073 0.005574
vn -0.557680 -0.830056 0.000000
vn -0.557680 -0.830056 0.000000
vn 0.011473 0.140754 0.989978
vn 0.011473 0.140754 0.989978
vn 0.999960 0.006435 -0.006189
vn 0.999960 0.006435 -0.006189
vn -0.013360 0.140626 -0.989973
vn -0.013360 0.140626 -0.989973
vn -0.790761 -0.612093 0.006279
vn -0.790761 -0.612093 0.006279
vn -0.174643 0.063273 0.982597
vn -0.174643 0.063273 0.982597
vn 0.522076 0.852890 -0.003988
vn 0.522076 0.852890 -0.003988
vn -0.179181 0.059241 -0.982031
vn -0.179181 0.059241 -0.982031
vn -0.001823 0.010142 0.999947
vn -0.001823 0.010142 0.999947
vn -0.454870 -0.890448 0.014007
vn -0.454869 -0.890448 0.014007
vn 0.002144 0.001807 -0.999996
vn 0.002144 0.001807 -0.999996
vn 0.432004 0.901779 -0.012949
vn 0.432004 0.901779 -0.012949
vn -0.538722 0.663667 0.518965
vn -0.538722 0.663667 0.518965
vn 0.657768 0.745497 0.107590
vn 0.421784 0.867385 0.264086
vn 0.355438 0.852921 0.382349
vn -0.549953 0.657736 -0.514718
vn -0.549953 0.657736 -0.514718
vn -0.800580 0.470075 -0.371621
vn 0.738642 0.275595 0.615187
vn 0.934638 0.076196 0.347343
vn -0.067285 0.869069 -0.490094
vn -0.016660 0.940087 -0.340527
vn -0.223441 0.847428 -0.481602
vn -0.523773 0.815569 0.245985
vn -0.756774 0.519408 0.396874
vn -0.770110 0.433878 0.467633
vn 0.776572 0.492025 -0.393505
vn 0.843584 -0.330835 -0.422982
vn 0.842690 -0.328598 0.426494
vn -0.494649 0.838108 -0.229992
vn -0.769844 0.432900 -0.468976
vn -0.757814 0.515067 -0.400529
vn -0.795858 0.477784 0.371931
vn 0.675158 0.730270 -0.104242
vn 0.349543 0.851019 -0.391901
vn 0.419773 0.865776 -0.272438
vn -0.058363 0.868678 0.491926
vn -0.220510 0.844818 0.487502
vn -0.008353 0.939740 0.341788
vn 0.742827 0.278548 -0.608785
vn 0.931516 0.084330 -0.353788
vn 0.795734 -0.138647 -0.589563
vn 0.776460 0.488975 0.397508
vn -0.590523 0.021317 0.806740
vn 0.041968 -0.541779 0.839473
vn 0.032992 -0.539740 -0.841185
vn -0.601399 0.028388 -0.798444
vn -0.374711 0.638311 0.672421
vn -0.374711 0.638311 0.672421
vn -0.374711 0.638311 0.672421
vn -0.394878 0.619579 -0.678375
vn -0.394878 0.619580 -0.678375
vn -0.394878 0.619579 -0.678375
s 1
g pCube1
usemtl initialShadingGroup
f 1/1/1 4/706/2 321/15/3 320/49/4
f 2/3/5 1/2/1 32/963/6 31/639/7
f 3/5/8 2/3/5 27/30/9 26/9/10
f 4/4/2 3/5/8 7/8/11 6/6/12
f 5/954/13 8/640/14 42/43/15 41/709/16
f 6/707/12 5/7/13 12/957/17 11/708/18
f 8/640/14 7/8/11 26/9/10 25/641/19
f 9/10/20 12/11/17 328/44/21 327/256/22
f 10/14/23 9/12/20 326/13/24 325/25/25
f 11/708/18 10/14/23 322/29/26 321/15/3
f 13/16/27 16/656/28 58/64/29 57/672/30
f 14/17/31 13/16/27 22/27/32 21/638/33
f 15/958/34 14/17/31 20/20/35 19/18/36
f 16/656/28 15/19/34 210/24/37 209/657/38
f 17/960/39 20/20/35 324/26/40 323/21/41
f 18/23/42 17/22/39 216/997/43 215/655/44
f 19/681/36 18/23/42 211/228/45 210/24/37
f 21/638/33 24/727/46 325/25/25 324/26/40
f 23/28/47 22/27/32 315/63/48 318/52/49
f 24/727/46 23/28/47 319/50/50 322/29/26
f 25/641/19 28/667/51 40/39/52 39/642/53
f 28/667/51 27/30/9 34/36/54 33/668/55
f 29/31/56 32/32/6 52/48/57 51/705/58
f 30/35/59 29/33/56 48/34/60 47/38/61
f 31/639/7 30/35/59 35/37/62 34/36/54
f 33/668/55 36/644/63 71/75/64 70/40/65
f 36/644/63 35/37/62 47/38/61 46/645/66
f 37/41/67 40/39/52 70/40/65 69/661/68
f 38/42/69 37/41/67 88/90/70 87/683/71
f 39/642/53 38/42/69 43/45/72 42/43/15
f 41/709/16 44/710/73 329/244/74 328/44/21
f 44/710/73 43/45/72 91/94/75 90/711/76
f 45/47/77 48/46/60 313/1001/78 312/259/79
f 46/645/66 45/47/77 68/72/80 67/646/81
f 49/51/82 52/48/57 320/49/4 319/50/50
f 50/53/83 49/51/82 318/52/49 317/66/84
f 51/705/58 50/53/83 314/54/85 313/55/78
f 53/56/86 56/658/87 230/239/88 229/57/89
f 54/59/90 53/58/86 62/967/91 61/643/92
f 55/965/93 54/59/90 60/62/94 59/60/95
f 56/658/87 55/61/93 222/65/96 221/659/97
f 57/672/30 60/62/94 316/67/98 315/63/48
f 59/682/95 58/64/29 223/227/99 222/65/96
f 61/643/92 64/726/100 317/66/84 316/67/98
f 63/70/101 62/68/91 307/241/102 310/262/103
f 64/69/100 63/70/101 311/260/104 314/71/85
f 65/73/105 68/72/80 246/258/106 245/703/107
f 66/74/108 65/73/105 141/142/109 140/684/110
f 67/646/81 66/74/108 72/76/111 71/75/64
f 69/661/68 72/76/111 144/145/112 143/91/113
f 73/77/114 76/690/115 261/89/116 260/136/117
f 74/78/118 73/77/114 105/105/119 104/648/120
f 75/80/121 74/78/118 100/104/122 99/85/123
f 76/79/115 75/80/121 79/84/124 78/81/125
s 5
f 77/83/126 80/82/127 345/1005/128 344/275/129
s 1
f 78/691/125 77/83/130 84/86/131 83/692/132
f 80/713/133 79/84/124 99/85/123 98/714/134
f 81/87/135 84/86/131 273/274/136 272/249/137
f 82/88/138 81/87/135 266/247/139 265/97/140
f 83/692/132 82/88/138 262/101/141 261/89/116
f 85/92/142 88/90/70 143/91/113 142/678/143
f 86/93/144 85/92/142 94/99/145 93/647/146
f 87/683/71 86/93/144 92/95/147 91/94/75
f 89/96/148 92/95/147 264/98/149 263/246/150
f 90/711/76 89/96/148 236/245/151 235/712/152
f 93/647/146 96/700/153 265/97/140 264/98/149
f 95/100/154 94/99/145 255/147/155 258/139/156
f 96/700/153 95/100/154 259/137/157 262/101/141
f 97/103/158 101/716/159 358/102/160 357/952/161
f 98/714/134 97/103/158 113/114/162 112/715/163
f 101/716/159 100/104/122 107/108/164 106/717/165
f 102/971/166 105/105/119 137/135/167 136/689/168
f 103/107/169 102/106/166 133/976/170 132/110/171
f 104/648/120 103/107/169 108/109/172 107/108/164
f 106/717/165 110/943/173 899/307/174 900/718/175
f 109/111/176 108/109/172 132/110/171 131/719/177
f 110/943/173 109/111/176 353/155/178 352/944/179
s 10
f 111/112/180 115/757/181 493/390/182 492/389/183
s 11
f 112/715/184 111/112/185 346/300/186 345/113/187
s 1
f 114/115/188 113/114/162 357/952/161 358/950/160
s off
f 115/757/189 114/115/190 348/302/191 347/758/192
s 1
f 116/116/193 119/694/194 268/185/195 267/693/196
s 13
f 117/118/197 116/117/198 127/973/199 126/649/200
s 1
f 118/120/201 117/118/202 123/125/203 122/679/204
f 119/119/194 118/120/201 171/124/205 170/121/206
f 120/122/207 124/949/208 369/304/209 370/669/210
f 121/123/211 120/122/207 159/160/212 158/653/213
f 122/679/204 121/123/211 172/177/214 171/124/205
f 124/949/208 123/125/203 350/127/215 349/948/216
s 13
f 125/126/217 129/759/218 501/387/219 500/393/220
s 19
f 126/649/221 125/126/222 351/301/223 350/127/224
s 1
f 128/130/225 127/128/226 339/273/227 338/278/228
f 129/129/229 128/130/225 343/276/230 342/131/231
f 130/132/232 133/133/170 252/141/233 251/721/234
f 131/719/177 130/134/232 152/977/235 151/720/236
f 134/138/237 137/135/167 260/136/117 259/137/157
f 135/140/238 134/138/237 258/139/156 257/152/239
f 136/689/168 135/140/238 253/150/240 252/141/233
f 138/143/241 141/142/109 305/264/242 304/294/243
f 139/144/244 138/143/241 149/148/245 148/650/246
f 140/684/110 139/144/244 145/146/247 144/145/112
f 142/678/143 145/146/247 256/153/248 255/147/155
f 146/149/249 149/148/245 300/293/250 299/722/251
f 147/151/252 146/149/249 254/270/253 253/150/240
f 148/650/246 147/151/252 257/152/239 256/153/248
s 20
f 150/154/254 154/735/255 395/326/256 394/323/257
s off
f 151/720/258 150/154/259 354/308/260 353/155/261
s 1
f 153/158/262 152/156/235 366/271/263 365/287/264
f 154/157/265 153/158/262 360/285/266 359/159/267
f 155/162/268 159/160/212 902/161/269 901/947/270
f 156/163/271 155/162/268 168/172/272 167/651/273
f 157/164/274 156/163/271 163/165/275 162/680/276
f 158/653/213 157/164/274 191/171/277 190/178/278
f 160/979/279 163/165/275 362/176/280 361/166/281
f 161/167/282 160/168/279 196/991/283 195/698/284
f 162/680/276 161/169/282 192/170/285 191/171/277
f 164/173/286 168/172/272 901/947/270 902/945/269
f 165/174/287 164/173/286 356/305/288 355/737/289
s 25
f 166/175/290 165/174/291 405/321/292 404/329/293
s off
f 167/651/294 166/175/295 363/309/296 362/176/297
s 1
f 169/981/298 172/177/214 190/178/278 189/697/299
f 170/695/206 169/179/298 176/984/300 175/696/301
f 173/180/302 176/181/300 281/203/303 280/225/304
f 174/184/305 173/182/302 279/183/306 278/200/307
f 175/696/301 174/184/305 269/198/308 268/185/195
f 177/186/309 180/663/310 334/251/311 333/196/312
f 178/187/313 177/186/309 188/195/314 187/652/315
f 179/985/316 178/187/313 184/191/317 183/188/318
f 180/663/310 179/189/316 214/190/319 213/664/320
f 181/987/321 184/191/317 277/201/322 276/192/323
f 182/194/324 181/193/321 198/210/325 197/666/326
f 183/686/318 182/194/324 220/233/327 219/231/328
f 185/197/329 188/195/314 333/196/312 332/676/330
f 186/199/331 185/197/329 270/272/332 269/198/308
f 187/652/315 186/199/331 278/200/307 277/201/322
f 189/697/299 192/202/285 282/209/333 281/203/303
f 193/204/334 196/205/283 290/283/335 289/702/336
f 194/208/337 193/206/334 287/207/338 286/219/339
f 195/698/284 194/208/337 283/226/340 282/209/333
f 197/666/326 200/687/341 226/237/342 225/234/343
f 199/211/344 198/210/325 206/221/345 205/654/346
f 200/993/341 199/211/344 204/213/347 203/212/348
f 201/994/349 204/213/347 285/220/350 284/214/351
f 202/217/352 201/215/349 248/267/353 247/665/354
f 203/216/348 202/217/352 232/240/355 231/218/356
f 205/654/346 208/701/357 286/219/339 285/220/350
f 207/224/358 206/221/345 276/222/323 279/223/306
f 208/701/357 207/224/358 280/225/304 283/226/340
f 209/657/38 212/671/359 224/235/360 223/227/99
f 212/671/359 211/228/45 218/232/361 217/670/362
f 213/664/320 216/229/43 240/252/363 239/662/364
f 215/655/44 214/230/319 219/231/328 218/232/361
f 217/670/362 220/233/327 225/234/343 228/236/365
f 221/659/97 224/235/360 228/236/365 227/660/366
f 227/660/366 226/237/342 231/238/356 230/239/88
f 229/674/89 232/240/355 308/266/367 307/241/102
f 233/242/368 238/869/369 713/524/370 712/868/371
f 234/243/372 233/242/368 336/296/373 335/250/374
f 235/712/152 234/243/372 330/257/375 329/244/74
f 237/248/376 236/245/151 263/246/150 266/247/139
f 238/869/369 237/248/376 272/249/377 271/870/378
f 239/662/364 242/728/379 335/250/374 334/251/311
f 241/255/380 240/252/363 323/253/41 326/254/24
f 242/728/379 241/255/380 327/256/22 330/257/375
f 243/261/381 246/258/106 312/259/79 311/260/104
f 244/263/382 243/261/381 310/262/103 309/265/383
f 245/703/107 244/263/382 306/269/384 305/264/242
f 247/665/354 250/725/385 309/265/383 308/266/367
f 249/268/386 248/267/353 295/280/387 294/723/388
f 250/725/385 249/268/386 303/295/389 306/269/384
f 251/721/234 254/270/253 367/292/390 366/271/263
f 267/693/196 270/272/332 340/298/391 339/273/227
s 30
f 271/870/392 275/871/393 721/529/394 720/525/395
s 1
f 274/277/396 273/274/136 344/275/397 343/276/230
s off
f 275/871/398 274/277/399 338/278/400 337/872/401
s 1
f 284/677/351 287/279/338 296/282/402 295/280/387
s 31
f 288/281/403 292/732/404 385/312/405 384/318/406
s 32
f 289/702/407 288/281/408 297/288/409 296/282/410
s 1
f 291/286/411 290/283/335 361/284/281 360/285/266
s 32
f 292/732/412 291/286/413 365/287/414 364/733/415
s 13
f 293/289/416 297/288/417 381/317/418 380/316/419
s 1
f 294/723/388 293/289/420 302/290/421 301/724/422
s 5
f 298/291/423 302/290/424 377/315/425 376/314/426
s 32
f 299/722/427 298/291/428 368/310/429 367/292/430
s 1
f 301/724/422 300/293/250 304/294/243 303/295/389
f 331/297/431 336/296/373 717/523/432 716/873/433
f 332/676/330 331/297/431 341/299/434 340/298/435
s 39
f 337/872/436 341/299/437 725/528/438 724/530/439
s 5
f 342/760/440 346/300/441 489/388/442 488/761/443
s 25
f 347/758/444 351/301/445 497/392/446 496/391/447
s 1
f 349/948/216 348/302/448 370/303/210 369/304/209
f 352/944/179 356/305/288 900/306/175 899/307/174
s 10
f 355/737/449 354/308/450 389/322/451 388/738/452
s 31
f 359/736/453 363/309/454 399/328/455 398/327/456
s 20
f 364/733/457 368/310/458 373/313/459 372/734/460
f 371/311/461 374/741/462 426/343/463 425/747/464
s 45
f 372/734/465 371/311/466 386/319/467 385/312/468
s 46
f 374/741/469 373/313/470 376/314/471 375/742/472
s 5
f 375/742/473 378/743/474 428/348/475 427/344/476
s 1
f 378/743/477 377/315/478 380/316/479 379/744/480
s 13
f 379/744/481 382/745/482 440/357/483 439/349/484
s 48
f 382/745/485 381/317/486 384/318/487 383/746/488
s 31
f 383/746/489 386/319/490 448/347/491 447/358/492
s 10
f 387/320/493 391/776/494 541/417/495 540/416/496
s off
f 388/738/497 387/320/498 406/331/499 405/321/500
s 46
f 390/324/501 389/322/502 394/323/503 393/739/504
f 391/776/505 390/324/501 408/333/506 407/777/507
s 20
f 392/325/508 396/748/509 457/368/510 456/752/511
s 46
f 393/739/504 392/325/512 414/336/513 413/334/514
s off
f 396/748/515 395/326/516 398/327/517 397/749/518
s 31
f 397/749/519 401/750/520 461/370/521 460/369/522
s 48
f 400/330/523 399/328/524 404/329/525 403/740/526
f 401/750/527 400/330/523 416/339/528 415/751/529
s 25
f 402/332/530 406/331/531 537/415/532 536/780/533
s 48
f 403/740/526 402/332/534 422/342/535 421/340/536
s 5
f 407/777/537 410/778/538 545/419/539 544/418/540
f 409/335/541 408/333/542 413/334/543 412/730/544
s 1
f 410/778/545 409/335/546 420/341/547 419/779/548
s 5
f 411/337/549 414/336/550 469/367/551 468/373/552
s 1
f 412/730/553 411/337/554 418/338/555 417/731/556
s 13
f 415/751/557 418/338/558 465/372/559 464/371/560
f 417/731/561 416/339/562 421/340/563 420/341/564
f 419/779/565 422/342/566 549/414/567 548/420/568
s 46
f 423/345/569 426/343/570 427/344/571 430/867/572
s 20
f 424/346/573 423/345/574 695/510/575 698/862/576
s 45
f 425/747/577 424/346/578 449/363/579 448/347/580
s 1
f 429/350/581 428/348/582 439/349/583 442/865/584
s 5
f 430/867/585 429/350/586 707/521/587 710/511/588
s 20
f 431/351/589 434/859/590 697/513/591 696/861/592
s 46
f 432/352/593 431/351/594 438/354/595 437/755/596
s 20
f 433/353/597 432/352/598 484/375/599 483/383/600
s 45
f 434/859/601 433/353/602 452/365/603 451/860/604
s 5
f 435/355/605 438/354/606 709/512/607 708/520/608
s 1
f 436/356/609 435/355/610 446/360/611 445/753/612
s 5
f 437/755/613 436/356/614 472/376/615 471/756/616
s 48
f 441/359/617 440/357/618 447/358/619 450/863/620
s 13
f 442/865/621 441/359/622 703/518/623 706/866/624
f 443/361/625 446/360/626 705/519/627 704/517/628
s 48
f 444/362/629 443/361/630 454/364/631 453/754/632
s 13
f 445/753/633 444/362/634 476/379/635 475/377/636
s 31
f 450/863/637 449/363/638 699/515/639 702/864/640
f 451/860/641 454/364/642 701/516/643 700/514/644
f 453/754/645 452/365/646 482/382/647 481/380/648
s 20
f 455/366/649 458/829/650 645/472/651 644/478/652
s 46
f 456/752/653 455/366/654 470/374/655 469/367/656
s 45
f 458/829/657 457/368/658 460/369/659 459/830/660
s 31
f 459/830/661 462/824/662 633/473/663 632/828/664
s 48
f 462/824/665 461/370/666 464/371/667 463/825/668
s 13
f 463/825/669 466/826/670 637/475/671 636/474/672
s 1
f 466/826/673 465/372/674 468/373/675 467/827/676
s 5
f 467/827/677 470/374/678 641/477/679 640/476/680
s 46
f 471/756/681 474/856/682 485/385/683 484/375/684
s 1
f 473/378/685 472/376/686 475/377/687 478/854/688
s 5
f 474/856/689 473/378/690 687/506/691 690/857/692
s 48
f 477/381/693 476/379/694 481/380/695 480/852/696
s 13
f 478/854/697 477/381/698 683/503/699 686/855/700
s 45
f 479/384/701 482/382/702 483/383/703 486/858/704
s 31
f 480/852/705 479/384/706 679/498/707 682/853/708
s 20
f 486/858/709 485/385/710 691/509/711 694/499/712
s 5
f 487/386/713 490/762/714 505/397/715 504/768/716
s 1
f 488/761/717 487/386/718 502/394/719 501/387/720
s 46
f 490/762/721 489/388/722 492/389/723 491/763/724
s 10
f 491/763/725 494/764/726 509/399/727 508/398/728
s 75
f 494/764/729 493/390/730 496/391/731 495/765/732
s 25
f 495/765/733 498/766/734 513/401/735 512/400/736
s 48
f 498/766/737 497/392/738 500/393/739 499/767/740
s 13
f 499/767/741 502/394/742 517/396/743 516/402/744
s 5
f 503/395/745 506/769/746 521/406/747 520/775/748
s 1
f 504/768/749 503/395/750 518/403/751 517/396/752
s 46
f 506/769/753 505/397/754 508/398/755 507/770/756
s 10
f 507/770/757 510/771/758 525/408/759 524/407/760
s 75
f 510/771/761 509/399/762 512/400/763 511/772/764
s 25
f 511/772/765 514/773/766 529/410/767 528/409/768
s 48
f 514/773/769 513/401/770 516/402/771 515/774/772
s 13
f 515/774/773 518/403/774 533/405/775 532/411/776
s 5
f 519/404/777 522/781/778 556/422/779 555/788/780
s 1
f 520/775/781 519/404/782 534/412/783 533/405/784
s 46
f 522/781/785 521/406/786 524/407/787 523/782/788
s 10
f 523/782/789 526/784/790 552/423/791 551/783/792
s 75
f 526/784/793 525/408/794 528/409/795 527/785/796
s 25
f 527/785/797 530/786/798 562/428/799 561/424/800
s 48
f 530/786/801 529/410/802 532/411/803 531/787/804
s 13
f 531/787/805 534/412/806 564/426/807 563/429/808
s 25
f 535/413/809 538/789/810 569/434/811 568/795/812
s 48
f 536/780/813 535/413/814 550/421/815 549/414/816
s 75
f 538/789/817 537/415/818 540/416/819 539/790/820
s 10
f 539/790/821 542/791/822 573/436/823 572/435/824
s 46
f 542/791/825 541/417/826 544/418/827 543/792/828
s 5
f 543/792/829 546/793/830 577/438/831 576/437/832
s 1
f 546/793/833 545/419/834 548/420/835 547/794/836
s 13
f 547/794/837 550/421/838 581/433/839 580/439/840
s 46
f 551/783/841 554/819/842 557/427/843 556/422/844
s 75
f 553/425/845 552/423/846 561/424/847 560/817/848
s 10
f 554/819/849 553/425/850 619/464/851 622/820/852
s 1
f 555/788/853 558/821/854 565/431/855 564/426/856
s 5
f 558/821/857 557/427/858 623/467/859 626/822/860
s 48
f 559/430/861 562/428/862 563/429/863 566/823/864
s 25
f 560/817/865 559/430/866 615/459/867 618/818/868
s 13
f 566/823/869 565/431/870 627/470/871 630/460/872
s 25
f 567/432/873 570/796/874 585/443/875 584/802/876
s 48
f 568/795/877 567/432/878 582/440/879 581/433/880
s 75
f 570/796/881 569/434/882 572/435/883 571/797/884
s 10
f 571/797/885 574/798/886 589/445/887 588/444/888
s 46
f 574/798/889 573/436/890 576/437/891 575/799/892
s 5
f 575/799/893 578/800/894 593/447/895 592/446/896
s 1
f 578/800/897 577/438/898 580/439/899 579/801/900
s 13
f 579/801/901 582/440/902 597/442/903 596/448/904
s 25
f 583/441/905 586/803/906 601/452/907 600/809/908
s 48
f 584/802/909 583/441/910 598/449/911 597/442/912
s 75
f 586/803/913 585/443/914 588/444/915 587/804/916
s 10
f 587/804/917 590/805/918 605/454/919 604/453/920
s 46
f 590/805/921 589/445/922 592/446/923 591/806/924
s 5
f 591/806/925 594/807/926 609/456/927 608/455/928
s 1
f 594/807/929 593/447/930 596/448/931 595/808/932
s 13
f 595/808/933 598/449/934 613/451/935 612/457/936
s 25
f 599/450/937 602/810/938 617/462/939 616/816/940
s 48
f 600/809/941 599/450/942 614/458/943 613/451/944
s 75
f 602/810/945 601/452/946 604/453/947 603/811/948
s 10
f 603/811/949 606/812/950 621/465/951 620/463/952
s 46
f 606/812/953 605/454/954 608/455/955 607/813/956
s 5
f 607/813/957 610/814/958 625/468/959 624/466/960
s 1
f 610/814/961 609/456/962 612/457/963 611/815/964
s 13
f 611/815/965 614/458/966 629/461/967 628/469/968
s 48
f 616/816/969 615/459/970 630/460/971 629/461/972
s 75
f 618/818/973 617/462/974 620/463/975 619/464/976
s 46
f 622/820/977 621/465/978 624/466/979 623/467/980
s 1
f 626/822/981 625/468/982 628/469/983 627/470/984
s 31
f 631/471/985 634/831/986 649/482/987 648/837/988
s 45
f 632/828/989 631/471/990 646/479/991 645/472/992
s 48
f 634/831/993 633/473/994 636/474/995 635/832/996
s 13
f 635/832/997 638/833/998 653/484/999 652/483/1000
s 1
f 638/833/1001 637/475/1002 640/476/1003 639/834/1004
s 5
f 639/834/1005 642/835/1006 657/486/1007 656/485/1008
s 46
f 642/835/1009 641/477/1010 644/478/1011 643/836/1012
s 20
f 643/836/1013 646/479/1014 661/481/1015 660/487/1016
s 31
f 647/480/1017 650/838/1018 665/491/1019 664/844/1020
s 45
f 648/837/1021 647/480/1022 662/488/1023 661/481/1024
s 48
f 650/838/1025 649/482/1026 652/483/1027 651/839/1028
s 13
f 651/839/1029 654/840/1030 669/493/1031 668/492/1032
s 1
f 654/840/1033 653/484/1034 656/485/1035 655/841/1036
s 5
f 655/841/1037 658/842/1038 673/495/1039 672/494/1040
s 46
f 658/842/1041 657/486/1042 660/487/1043 659/843/1044
s 20
f 659/843/1045 662/488/1046 677/490/1047 676/496/1048
s 31
f 663/489/1049 666/845/1050 681/501/1051 680/851/1052
s 45
f 664/844/1053 663/489/1054 678/497/1055 677/490/1056
s 48
f 666/845/1057 665/491/1058 668/492/1059 667/846/1060
s 13
f 667/846/1061 670/847/1062 685/504/1063 684/502/1064
s 1
f 670/847/1065 669/493/1066 672/494/1067 671/848/1068
s 5
f 671/848/1069 674/849/1070 689/507/1071 688/505/1072
s 46
f 674/849/1073 673/495/1074 676/496/1075 675/850/1076
s 20
f 675/850/1077 678/497/1078 693/500/1079 692/508/1080
s 45
f 680/851/1081 679/498/1082 694/499/1083 693/500/1084
s 48
f 682/853/1085 681/501/1086 684/502/1087 683/503/1088
s 1
f 686/855/1089 685/504/1090 688/505/1091 687/506/1092
s 46
f 690/857/1093 689/507/1094 692/508/1095 691/509/1096
f 696/861/1097 695/510/1098 710/511/1099 709/512/1100
s 45
f 698/862/1101 697/513/1102 700/514/1103 699/515/1104
s 48
f 702/864/1105 701/516/1106 704/517/1107 703/518/1108
s 1
f 706/866/1109 705/519/1110 708/520/1111 707/521/1112
f 711/522/1113 714/875/1114 728/533/1115 727/874/1116
f 712/868/1117 711/522/1118 718/526/1119 717/523/1120
s 90
f 714/875/1121 713/524/1122 720/525/1123 719/876/1124
s 1
f 715/527/1125 718/526/1126 732/532/1127 731/879/1128
s 91
f 716/873/1129 715/527/1130 726/531/1131 725/528/1132
s 30
f 719/876/1133 722/877/1134 746/543/1135 745/534/1136
s 92
f 722/877/1137 721/529/1138 724/530/1139 723/878/1140
s 39
f 723/878/1141 726/531/1142 752/536/1143 751/544/1144
s 1
f 727/874/1145 730/912/1146 733/537/1147 732/532/1148
s 90
f 729/535/1149 728/533/1150 745/534/1151 744/910/1152
s 1
f 730/912/1153 729/535/1154 839/601/1155 842/913/1156
s 91
f 731/879/1157 734/914/1158 753/549/1159 752/536/1160
s 1
f 734/914/1161 733/537/1162 843/604/1163 846/915/1164
f 735/538/1165 738/884/1166 793/573/1167 792/572/1168
s 90
f 736/539/1169 735/538/1170 750/546/1171 749/881/1172
s 1
f 737/540/1173 736/539/1174 760/553/1175 759/880/1176
f 738/884/1177 737/540/1178 740/541/1179 739/885/1180
f 739/885/1181 742/886/1182 797/575/1183 796/574/1184
f 741/542/1185 740/541/1186 764/552/1187 763/883/1188
s 91
f 742/886/1189 741/542/1190 756/551/1191 755/887/1192
s 92
f 743/545/1193 746/543/1194 751/544/1195 754/916/1196
s 30
f 744/910/1197 743/545/1198 835/596/1199 838/911/1200
f 747/547/1201 750/546/1202 789/571/1203 788/888/1204
s 92
f 748/548/1205 747/547/1206 758/550/1207 757/882/1208
s 30
f 749/881/1209 748/548/1210 776/561/1211 775/554/1212
s 39
f 754/916/1213 753/549/1214 847/607/1215 850/597/1216
f 755/887/1217 758/550/1218 801/570/1219 800/576/1220
f 757/882/1221 756/551/1222 781/556/1223 780/562/1224
s 1
f 759/880/1225 762/938/1226 765/557/1227 764/552/1228
s 90
f 761/555/1229 760/553/1230 775/554/1231 774/936/1232
s 1
f 762/938/1233 761/555/1234 887/631/1235 890/939/1236
s 91
f 763/883/1237 766/940/1238 782/567/1239 781/556/1240
s 1
f 766/940/1241 765/557/1242 891/634/1243 894/941/1244
f 767/558/1245 769/917/1246 857/612/1247 856/611/1248
f 768/559/1249 767/558/1245 779/564/1250 778/729/1251
s off
f 769/917/1252 768/559/1253 771/560/1254 770/918/1255
s 1
f 770/918/1256 772/919/1257 861/614/1258 860/613/1259
f 772/919/1257 771/560/1260 785/566/1261 784/920/1262
s 92
f 773/563/1263 776/561/1264 780/562/1265 783/942/1266
s 30
f 774/936/1267 773/563/1268 883/626/1269 886/937/1270
f 777/565/1271 779/564/1272 853/610/1273 852/921/1274
s off
f 778/729/1275 777/565/1276 786/568/1277 785/566/1278
s 39
f 783/942/1279 782/567/1280 895/637/1281 898/627/1282
f 784/920/1283 786/568/1284 865/609/1285 864/615/1286
s 30
f 787/569/1287 790/889/1288 805/580/1289 804/895/1290
s 92
f 788/888/1291 787/569/1292 802/577/1293 801/570/1294
s 90
f 790/889/1295 789/571/1296 792/572/1297 791/890/1298
s 1
f 791/890/1299 794/891/1300 809/582/1301 808/581/1302
f 794/891/1303 793/573/1304 796/574/1305 795/892/1306
f 795/892/1307 798/893/1308 813/584/1309 812/583/1310
s 91
f 798/893/1311 797/575/1312 800/576/1313 799/894/1314
s 39
f 799/894/1315 802/577/1316 817/579/1317 816/585/1318
s 30
f 803/578/1319 806/896/1320 821/589/1321 820/902/1322
s 92
f 804/895/1323 803/578/1324 818/586/1325 817/579/1326
s 90
f 806/896/1327 805/580/1328 808/581/1329 807/897/1330
s 1
f 807/897/1331 810/898/1332 825/591/1333 824/590/1334
f 810/898/1335 809/582/1336 812/583/1337 811/899/1338
f 811/899/1339 814/900/1340 829/593/1341 828/592/1342
s 91
f 814/900/1343 813/584/1344 816/585/1345 815/901/1346
s 39
f 815/901/1347 818/586/1348 833/588/1349 832/594/1350
s 30
f 819/587/1351 822/903/1352 837/599/1353 836/909/1354
s 92
f 820/902/1355 819/587/1356 834/595/1357 833/588/1358
s 90
f 822/903/1359 821/589/1360 824/590/1361 823/904/1362
s 1
f 823/904/1363 826/905/1364 841/602/1365 840/600/1366
f 826/905/1367 825/591/1368 828/592/1369 827/906/1370
f 827/906/1371 830/907/1372 845/605/1373 844/603/1374
s 91
f 830/907/1375 829/593/1376 832/594/1377 831/908/1378
s 39
f 831/908/1379 834/595/1380 849/598/1381 848/606/1382
s 92
f 836/909/1383 835/596/1384 850/597/1385 849/598/1386
s 90
f 838/911/1387 837/599/1388 840/600/1389 839/601/1390
s 1
f 842/913/1391 841/602/1392 844/603/1393 843/604/1394
s 91
f 846/915/1395 845/605/1396 848/606/1397 847/607/1398
s 30
f 851/608/1399 854/922/1400 869/619/1401 868/928/1402
s 92
f 852/921/1403 851/608/1404 866/616/1405 865/609/1406
s 90
f 854/922/1407 853/610/1408 856/611/1409 855/923/1410
s 1
f 855/923/1411 858/924/1412 873/621/1413 872/620/1414
f 858/924/1415 857/612/1416 860/613/1417 859/925/1418
f 859/925/1419 862/926/1420 877/623/1421 876/622/1422
s 91
f 862/926/1423 861/614/1424 864/615/1425 863/927/1426
s 39
f 863/927/1427 866/616/1428 881/618/1429 880/624/1430
s 30
f 867/617/1431 870/929/1432 885/629/1433 884/935/1434
s 92
f 868/928/1435 867/617/1436 882/625/1437 881/618/1438
s 90
f 870/929/1439 869/619/1440 872/620/1441 871/930/1442
s 1
f 871/930/1443 874/931/1444 889/632/1445 888/630/1446
f 874/931/1447 873/621/1448 876/622/1449 875/932/1450
f 875/932/1451 878/933/1452 893/635/1453 892/633/1454
s 91
f 878/933/1455 877/623/1456 880/624/1457 879/934/1458
s 39
f 879/934/1459 882/625/1460 897/628/1461 896/636/1462
s 92
f 884/935/1463 883/626/1464 898/627/1465 897/628/1466
s 90
f 886/937/1467 885/629/1468 888/630/1469 887/631/1470
s 1
f 890/939/1471 889/632/1472 892/633/1473 891/634/1474
s 91
f 894/941/1475 893/635/1476 896/636/1477 895/637/1478
s 1
f 21/638/33 324/26/40 20/20/35 14/17/31
f 27/30/9 2/3/5 31/639/7 34/36/54
f 8/640/14 25/641/19 39/642/53 42/43/15
f 61/643/92 316/67/98 60/62/94 54/59/90
f 36/644/63 46/645/66 67/646/81 71/75/64
f 93/647/146 264/98/149 92/95/147 86/93/144
f 100/104/122 74/78/118 104/648/120 107/108/164
f 126/649/1479 350/127/215 123/125/203 117/118/202
f 148/650/246 256/153/248 145/146/247 139/144/244
f 167/651/273 362/176/280 163/165/275 156/163/271
f 187/652/315 277/201/322 184/191/317 178/187/313
f 172/177/214 121/123/211 158/653/213 190/178/278
f 205/654/346 285/220/350 204/213/347 199/211/344
f 211/228/45 18/23/42 215/655/44 218/232/361
f 16/656/28 209/657/38 223/227/99 58/64/29
f 56/658/87 221/659/97 227/660/366 230/239/88
f 88/90/70 37/41/67 69/661/68 143/91/113
f 239/662/364 334/251/311 180/663/310 213/664/320
f 247/665/354 308/266/367 232/240/355 202/217/352
f 220/233/327 182/194/324 197/666/326 225/234/343
f 28/667/51 33/668/55 70/40/65 40/39/52
f 120/122/207 370/669/210 902/161/269 159/160/212
f 217/670/362 228/236/365 224/235/360 212/671/359
f 13/16/27 57/672/30 315/63/48 22/27/32
f 62/68/91 53/673/86 229/674/89 307/241/102
f 17/675/39 323/253/41 240/252/363 216/229/43
f 185/197/329 332/676/330 340/298/391 270/272/332
f 276/222/323 206/221/345 198/210/325 181/193/321
f 248/267/353 201/215/349 284/677/351 295/280/387
f 85/92/142 142/678/143 255/147/155 94/99/145
f 3/5/8 26/9/10 7/8/11
f 47/38/61 35/37/62 30/35/59
f 75/80/121 99/85/123 79/84/124
f 132/110/171 108/109/172 103/107/169
f 118/120/201 122/679/204 171/124/205
f 191/171/277 157/164/274 162/680/276
f 210/24/37 15/19/34 19/681/36
f 55/61/93 59/682/95 222/65/96
f 87/683/71 91/94/75 43/45/72 38/42/69
f 72/76/111 66/74/108 140/684/110 144/145/112
f 219/231/328 214/230/319 179/685/316 183/686/318
f 231/238/356 226/237/342 200/687/341 203/688/348
f 133/133/170 102/971/166 136/689/168 252/141/233
f 260/136/117 137/135/167 105/105/119 73/77/114
f 76/690/115 78/691/125 83/692/132 261/89/116
f 267/693/196 339/273/227 127/128/226 116/116/193
f 119/694/194 170/695/206 175/696/301 268/185/195
f 169/981/298 189/697/299 281/203/303 176/181/300
f 192/202/285 161/167/282 195/698/284 282/209/333
f 290/283/335 196/205/283 160/699/279 361/284/281
f 253/150/240 135/140/238 257/152/239 147/151/252
f 95/100/154 258/139/156 134/138/237 259/137/157
f 262/101/141 82/88/138 265/97/140 96/700/153
f 269/198/308 174/184/305 278/200/307 186/199/331
f 173/180/302 280/225/304 207/224/358 279/223/306
f 283/226/340 194/208/337 286/219/339 208/701/357
f 289/702/336 296/282/402 287/279/338 193/204/334
f 138/143/241 304/294/243 300/293/250 149/148/245
f 141/142/109 65/73/105 245/703/107 305/264/242
f 45/47/77 312/259/79 246/258/106 68/72/80
f 48/704/60 29/31/56 51/705/58 313/55/78
f 320/49/4 52/48/57 32/32/6 1/1/1
f 4/706/2 6/707/12 11/708/18 321/15/3
f 328/44/21 12/11/17 5/954/13 41/709/16
f 44/710/73 90/711/76 235/712/152 329/244/74
f 236/245/151 89/96/148 263/246/150
f 344/275/397 273/274/136 84/86/131 77/83/130
f 80/713/133 98/714/134 112/715/163 345/113/1480
f 101/716/159 106/717/165 900/718/175 358/102/160
f 109/111/176 131/719/177 151/720/236 353/155/178
f 251/721/234 366/271/263 152/156/235 130/132/232
f 146/149/249 299/722/251 367/292/390 254/270/253
f 303/295/389 249/268/386 294/723/388 301/724/422
f 306/269/384 244/263/382 309/265/383 250/725/385
f 311/260/104 63/70/101 310/262/103 243/261/381
f 314/54/85 50/53/83 317/66/84 64/726/100
f 23/28/47 318/52/49 49/51/82 319/50/50
f 322/29/26 10/14/23 325/25/25 24/727/46
f 241/255/380 326/254/24 9/10/20 327/256/22
f 330/257/375 234/243/372 335/250/374 242/728/379
s off
f 771/560/1481 768/559/1482 778/729/1483 785/566/1484
s 1
f 128/130/225 338/278/228 274/277/396 343/276/230
f 409/335/546 412/730/553 417/731/556 420/341/547
f 365/287/264 291/286/411 360/285/266 153/158/262
s 46
f 368/310/1485 298/291/1486 376/314/471 373/313/470
s 1
f 302/290/1487 293/289/1488 380/316/479 377/315/478
s 48
f 297/288/1489 288/281/1490 384/318/487 381/317/486
s 45
f 292/732/1491 364/733/1492 372/734/465 385/312/468
s 46
f 354/308/1493 150/154/1494 394/323/503 389/322/502
s 1
f 154/735/265 359/736/267 398/327/1495 395/326/1496
s 48
f 363/309/1497 166/175/1498 404/329/525 399/328/524
s 1
f 165/174/287 355/737/289 388/738/1499 405/321/1500
s 46
f 390/324/501 393/739/504 413/334/514 408/333/506
s 48
f 400/330/523 403/740/526 421/340/536 416/339/528
s 46
f 374/741/469 375/742/472 427/344/571 426/343/570
s 1
f 378/743/477 379/744/480 439/349/583 428/348/582
s 48
f 382/745/485 383/746/488 447/358/619 440/357/618
s 45
f 386/319/467 371/311/466 425/747/577 448/347/580
f 396/748/1501 397/749/1502 460/369/659 457/368/658
s 48
f 401/750/527 415/751/529 464/371/667 461/370/666
s 1
f 418/338/555 411/337/554 468/373/675 465/372/674
s 46
f 414/336/513 392/325/512 456/752/653 469/367/656
s 1
f 436/356/609 445/753/612 475/377/687 472/376/686
s 48
f 444/362/629 453/754/632 481/380/695 476/379/694
s 45
f 452/365/603 433/353/602 483/383/703 482/382/702
s 46
f 432/352/593 437/755/596 471/756/681 484/375/684
f 346/300/1503 111/112/1504 492/389/723 489/388/722
s 75
f 115/757/1505 347/758/1506 496/391/731 493/390/730
s 48
f 351/301/1507 125/126/1508 500/393/739 497/392/738
s 1
f 129/759/229 342/760/231 488/761/717 501/387/720
s 46
f 490/762/721 491/763/724 508/398/755 505/397/754
s 75
f 494/764/729 495/765/732 512/400/763 509/399/762
s 48
f 498/766/737 499/767/740 516/402/771 513/401/770
s 1
f 502/394/719 487/386/718 504/768/749 517/396/752
s 46
f 506/769/753 507/770/756 524/407/787 521/406/786
s 75
f 510/771/761 511/772/764 528/409/795 525/408/794
s 48
f 514/773/769 515/774/772 532/411/803 529/410/802
s 1
f 518/403/751 503/395/750 520/775/781 533/405/784
s 75
f 406/331/1509 387/320/1510 540/416/819 537/415/818
s 46
f 391/776/505 407/777/507 544/418/827 541/417/826
s 1
f 410/778/545 419/779/548 548/420/835 545/419/834
s 48
f 422/342/535 402/332/534 536/780/813 549/414/816
s 46
f 522/781/785 523/782/788 551/783/841 556/422/844
s 75
f 526/784/793 527/785/796 561/424/847 552/423/846
s 48
f 530/786/801 531/787/804 563/429/863 562/428/862
s 1
f 534/412/783 519/404/782 555/788/853 564/426/856
s 75
f 572/435/883 569/434/882 538/789/817 539/790/820
s 46
f 576/437/891 573/436/890 542/791/825 543/792/828
s 1
f 580/439/899 577/438/898 546/793/833 547/794/836
s 48
f 568/795/877 581/433/880 550/421/815 535/413/814
s 75
f 588/444/915 585/443/914 570/796/881 571/797/884
s 46
f 592/446/923 589/445/922 574/798/889 575/799/892
s 1
f 596/448/931 593/447/930 578/800/897 579/801/900
s 48
f 584/802/909 597/442/912 582/440/879 567/432/878
s 75
f 604/453/947 601/452/946 586/803/913 587/804/916
s 46
f 608/455/955 605/454/954 590/805/921 591/806/924
s 1
f 612/457/963 609/456/962 594/807/929 595/808/932
s 48
f 600/809/941 613/451/944 598/449/911 583/441/910
s 75
f 620/463/975 617/462/974 602/810/945 603/811/948
s 46
f 624/466/979 621/465/978 606/812/953 607/813/956
s 1
f 628/469/983 625/468/982 610/814/961 611/815/964
s 48
f 616/816/969 629/461/972 614/458/943 599/450/942
s 75
f 553/425/845 560/817/848 618/818/973 619/464/976
s 46
f 557/427/843 554/819/842 622/820/977 623/467/980
s 1
f 565/431/855 558/821/854 626/822/981 627/470/984
s 48
f 559/430/861 566/823/864 630/460/971 615/459/970
f 636/474/995 633/473/994 462/824/665 463/825/668
s 1
f 640/476/1003 637/475/1002 466/826/673 467/827/676
s 46
f 644/478/1011 641/477/1010 470/374/655 455/366/654
s 45
f 632/828/989 645/472/992 458/829/657 459/830/660
s 48
f 652/483/1027 649/482/1026 634/831/993 635/832/996
s 1
f 656/485/1035 653/484/1034 638/833/1001 639/834/1004
s 46
f 660/487/1043 657/486/1042 642/835/1009 643/836/1012
s 45
f 648/837/1021 661/481/1024 646/479/991 631/471/990
s 48
f 668/492/1059 665/491/1058 650/838/1025 651/839/1028
s 1
f 672/494/1067 669/493/1066 654/840/1033 655/841/1036
s 46
f 676/496/1075 673/495/1074 658/842/1041 659/843/1044
s 45
f 664/844/1053 677/490/1056 662/488/1023 647/480/1022
s 48
f 684/502/1087 681/501/1086 666/845/1057 667/846/1060
s 1
f 688/505/1091 685/504/1090 670/847/1065 671/848/1068
s 46
f 692/508/1095 689/507/1094 674/849/1073 675/850/1076
s 45
f 680/851/1081 693/500/1084 678/497/1055 663/489/1054
s 48
f 477/381/693 480/852/696 682/853/1085 683/503/1088
s 1
f 473/378/685 478/854/688 686/855/1089 687/506/1092
s 46
f 485/385/683 474/856/682 690/857/1093 691/509/1096
s 45
f 479/384/701 486/858/704 694/499/1083 679/498/1082
f 700/514/1103 697/513/1102 434/859/601 451/860/604
s 48
f 704/517/1107 701/516/1106 454/364/631 443/361/630
s 1
f 708/520/1111 705/519/1110 446/360/611 435/355/610
s 46
f 696/861/1097 709/512/1100 438/354/595 431/351/594
s 45
f 449/363/579 424/346/578 698/862/1101 699/515/1104
s 48
f 441/359/617 450/863/620 702/864/1105 703/518/1108
s 1
f 429/350/581 442/865/584 706/866/1109 707/521/1112
s 46
f 423/345/569 430/867/572 710/511/1099 695/510/1098
s 1
f 237/248/376 266/247/139 81/87/135 272/249/137
f 188/195/314 177/186/309 333/196/312
f 336/296/373 233/242/368 712/868/1117 717/523/1120
s 90
f 238/869/1511 271/870/1512 720/525/1123 713/524/1122
s 92
f 275/871/1513 337/872/1514 724/530/1139 721/529/1138
s 91
f 341/299/1515 331/297/1516 716/873/1129 725/528/1132
s 1
f 718/526/1119 711/522/1118 727/874/1145 732/532/1148
s 90
f 714/875/1121 719/876/1124 745/534/1151 728/533/1150
s 92
f 722/877/1137 723/878/1140 751/544/1195 746/543/1194
s 91
f 726/531/1131 715/527/1130 731/879/1157 752/536/1160
s 1
f 740/541/1179 737/540/1178 759/880/1225 764/552/1228
s 90
f 736/539/1169 749/881/1172 775/554/1231 760/553/1230
s 92
f 748/548/1205 757/882/1208 780/562/1265 776/561/1264
s 91
f 756/551/1191 741/542/1190 763/883/1237 781/556/1240
s 90
f 792/572/1297 789/571/1296 750/546/1171 735/538/1170
s 1
f 796/574/1305 793/573/1304 738/884/1177 739/885/1180
s 91
f 800/576/1313 797/575/1312 742/886/1189 755/887/1192
s 92
f 788/888/1291 801/570/1294 758/550/1207 747/547/1206
s 90
f 808/581/1329 805/580/1328 790/889/1295 791/890/1298
s 1
f 812/583/1337 809/582/1336 794/891/1303 795/892/1306
s 91
f 816/585/1345 813/584/1344 798/893/1311 799/894/1314
s 92
f 804/895/1323 817/579/1326 802/577/1293 787/569/1292
s 90
f 824/590/1361 821/589/1360 806/896/1327 807/897/1330
s 1
f 828/592/1369 825/591/1368 810/898/1335 811/899/1338
s 91
f 832/594/1377 829/593/1376 814/900/1343 815/901/1346
s 92
f 820/902/1355 833/588/1358 818/586/1325 803/578/1324
s 90
f 840/600/1389 837/599/1388 822/903/1359 823/904/1362
s 1
f 844/603/1393 841/602/1392 826/905/1367 827/906/1370
s 91
f 848/606/1397 845/605/1396 830/907/1375 831/908/1378
s 92
f 836/909/1383 849/598/1386 834/595/1357 819/587/1356
s 90
f 729/535/1149 744/910/1152 838/911/1387 839/601/1390
s 1
f 733/537/1147 730/912/1146 842/913/1391 843/604/1394
s 91
f 753/549/1159 734/914/1158 846/915/1395 847/607/1398
s 92
f 743/545/1193 754/916/1196 850/597/1385 835/596/1384
s 90
f 856/611/1409 853/610/1408 779/564/1517 767/558/1518
s 1
f 860/613/1417 857/612/1416 769/917/1519 770/918/1520
s 91
f 864/615/1425 861/614/1424 772/919/1521 784/920/1522
s 92
f 852/921/1403 865/609/1406 786/568/1523 777/565/1524
s 90
f 872/620/1441 869/619/1440 854/922/1407 855/923/1410
s 1
f 876/622/1449 873/621/1448 858/924/1415 859/925/1418
s 91
f 880/624/1457 877/623/1456 862/926/1423 863/927/1426
s 92
f 868/928/1435 881/618/1438 866/616/1405 851/608/1404
s 90
f 888/630/1469 885/629/1468 870/929/1439 871/930/1442
s 1
f 892/633/1473 889/632/1472 874/931/1447 875/932/1450
s 91
f 896/636/1477 893/635/1476 878/933/1455 879/934/1458
s 92
f 884/935/1463 897/628/1466 882/625/1437 867/617/1436
s 90
f 761/555/1229 774/936/1232 886/937/1467 887/631/1470
s 1
f 765/557/1227 762/938/1226 890/939/1471 891/634/1474
s 91
f 782/567/1239 766/940/1238 894/941/1475 895/637/1478
s 92
f 773/563/1263 783/942/1266 898/627/1465 883/626/1464
s 1
f 899/307/174 110/943/173 352/944/179
f 902/945/269 900/946/175 356/305/288 164/173/286
f 155/162/268 901/947/270 168/172/272
f 349/948/216 369/304/209 124/949/208
f 114/115/188 358/950/160 370/951/210 348/302/448
f 97/103/158 357/952/161 113/114/162
f 1/2/1 2/3/5 3/5/8 4/953/2
f 5/954/13 6/955/12 7/8/11 8/640/14
f 9/956/20 10/14/23 11/708/18 12/957/17
f 13/16/27 14/17/31 15/958/34 16/959/28
f 17/960/39 18/961/42 19/18/36 20/20/35
f 21/638/33 22/27/32 23/28/47 24/727/46
f 25/641/19 26/9/10 27/30/9 28/667/51
f 29/962/56 30/35/59 31/639/7 32/963/6
f 33/668/55 34/36/54 35/37/62 36/644/63
f 37/41/67 38/42/69 39/642/53 40/39/52
f 41/709/16 42/43/15 43/45/72 44/710/73
f 45/47/77 46/645/66 47/38/61 48/964/60
f 49/51/82 50/53/83 51/705/58 52/48/57
f 53/58/86 54/59/90 55/965/93 56/966/87
f 57/672/30 58/64/29 59/60/95 60/62/94
f 61/643/92 62/967/91 63/968/101 64/726/100
f 65/73/105 66/74/108 67/646/81 68/72/80
f 69/661/68 70/40/65 71/75/64 72/76/111
f 73/77/114 74/78/118 75/80/121 76/969/115
f 77/970/1525 78/81/125 79/84/124 80/713/1526
f 81/87/135 82/88/138 83/692/132 84/86/131
f 85/92/142 86/93/144 87/683/71 88/90/70
f 89/96/148 90/711/76 91/94/75 92/95/147
f 93/647/146 94/99/145 95/100/154 96/700/153
f 101/716/159 97/103/158 100/104/122
f 97/103/158 98/714/134 100/104/122
f 98/714/134 99/85/123 100/104/122
f 102/971/166 103/107/169 104/648/120 105/105/119
f 106/717/165 107/108/164 110/943/173
f 108/109/172 109/111/176 107/108/164
f 107/108/164 109/111/176 110/943/173
s 11
f 114/115/1527 115/757/1528 113/114/1529
f 115/757/1528 111/112/185 113/114/1529
f 111/112/185 112/715/184 113/114/1529
s 1
f 116/117/1530 117/118/1531 118/120/201 119/972/194
f 120/122/207 121/123/211 124/949/208
f 124/949/208 121/123/211 123/125/203
f 121/123/211 122/679/204 123/125/203
s 13
f 127/973/199 128/974/1532 126/649/200
f 126/649/200 128/974/1532 125/126/217
f 125/126/217 128/974/1532 129/759/218
s 1
f 130/975/232 131/719/177 132/110/171 133/976/170
f 134/138/237 135/140/238 136/689/168 137/135/167
f 138/143/241 139/144/244 140/684/110 141/142/109
f 142/678/143 143/91/113 144/145/112 145/146/247
f 146/149/249 147/151/252 148/650/246 149/148/245
f 151/720/1533 152/977/235 150/154/1534
f 152/977/235 153/978/262 150/154/1534
f 150/154/1534 153/978/262 154/735/265
f 159/160/212 155/162/268 158/653/213
f 157/164/274 158/653/213 156/163/271
f 155/162/268 156/163/271 158/653/213
f 160/979/279 161/980/282 162/680/276 163/165/275
f 166/175/1535 167/651/1536 165/174/1537
f 165/174/1537 167/651/1536 164/173/286
f 164/173/286 167/651/1536 168/172/272
f 169/981/298 170/982/206 171/124/205 172/177/214
f 173/983/302 174/184/305 175/696/301 176/984/300
f 177/186/309 178/187/313 179/985/316 180/986/310
f 181/987/321 182/988/324 183/188/318 184/191/317
f 185/197/329 186/199/331 187/652/315 188/195/314
f 189/697/299 190/178/278 191/171/277 192/989/285
f 193/990/334 194/208/337 195/698/284 196/991/283
f 197/992/326 198/210/325 199/211/344 200/993/341
f 201/994/349 202/995/352 203/212/348 204/213/347
f 205/654/346 206/221/345 207/224/358 208/701/357
f 209/657/38 210/24/37 211/228/45 212/671/359
f 213/996/320 214/230/319 215/655/44 216/997/43
f 217/670/362 218/232/361 219/231/328 220/233/327
f 221/659/97 222/65/96 223/227/99 224/235/360
f 225/234/343 226/237/342 227/660/366 228/236/365
f 229/57/89 230/239/88 231/238/356 232/998/355
f 234/243/372 235/712/152 233/242/368
f 235/712/152 236/245/151 233/242/368
f 233/242/368 236/245/151 238/869/369
f 236/245/151 237/248/376 238/869/369
f 239/662/364 240/252/363 241/255/380 242/728/379
f 243/261/381 244/263/382 245/703/107 246/258/106
f 247/665/354 248/267/353 249/268/386 250/725/385
f 251/721/234 252/141/233 253/150/240 254/270/253
f 255/147/155 256/153/248 257/152/239 258/139/156
f 259/137/157 260/136/117 261/89/116 262/101/141
f 263/246/150 264/98/149 265/97/140 266/247/139
f 267/693/196 268/185/195 269/198/308 270/272/332
f 274/277/1538 275/871/1539 273/274/1540
f 275/871/1539 271/870/378 273/274/1540
f 271/870/378 272/249/377 273/274/1540
f 276/192/323 277/201/322 278/200/307 279/999/306
f 280/225/304 281/203/303 282/209/333 283/226/340
f 284/214/351 285/220/350 286/219/339 287/1000/338
s 32
f 291/286/413 292/732/412 290/283/1541
f 292/732/412 288/281/408 290/283/1541
f 288/281/408 289/702/407 290/283/1541
s 1
f 295/280/387 296/282/402 294/723/388
f 296/282/402 297/288/1542 294/723/388
f 293/289/420 294/723/388 297/288/1542
f 300/293/250 301/724/422 299/722/251
f 299/722/251 301/724/422 298/291/1543
f 298/291/1543 301/724/422 302/290/421
f 303/295/389 304/294/243 305/264/242 306/269/384
f 307/241/102 308/266/367 309/265/383 310/262/103
f 311/260/104 312/259/79 313/1001/78 314/1002/85
f 315/63/48 316/67/98 317/66/84 318/52/49
f 319/50/50 320/49/4 321/15/3 322/29/26
f 323/21/41 324/26/40 325/25/25 326/1003/24
f 327/256/22 328/44/21 329/244/74 330/257/375
f 335/250/374 336/296/373 334/251/311
f 334/251/311 336/296/373 333/196/312
f 336/296/373 331/297/431 333/196/312
f 331/297/431 332/676/330 333/196/312
f 338/278/1544 339/273/1545 337/872/1546
f 337/872/1546 339/273/1545 341/299/434
f 339/273/1545 340/298/435 341/299/434
s 5
f 344/275/129 345/1005/128 343/276/1547
f 345/1005/128 346/1006/441 343/276/1547
f 342/1004/440 343/276/1547 346/1006/441
s 19
f 348/302/1548 349/948/1549 347/758/1550
f 347/758/1550 349/948/1549 351/301/223
f 349/948/1549 350/127/224 351/301/223
s 1
f 354/308/1551 355/737/1552 353/155/1553
f 355/737/1552 356/305/288 353/155/1553
f 352/944/179 353/155/1553 356/305/288
f 362/176/1554 363/309/1555 361/166/281
f 361/166/281 363/309/1555 360/1007/266
f 359/736/1556 360/1007/266 363/309/1555
s 32
f 365/287/414 366/271/1557 364/733/415
f 364/733/415 366/271/1557 368/310/429
f 366/271/1557 367/292/430 368/310/429
s 20
f 371/311/461 372/734/460 373/313/459 374/741/462
s 5
f 375/742/473 376/314/426 377/315/425 378/743/474
s 13
f 379/744/481 380/316/419 381/317/418 382/745/482
s 31
f 383/746/489 384/318/406 385/312/405 386/319/490
s 10
f 389/322/451 390/324/1558 388/738/452
f 388/738/452 390/324/1558 387/320/493
f 387/320/493 390/324/1558 391/776/494
s 20
f 394/323/257 395/326/256 393/739/1559
f 395/326/256 396/748/509 393/739/1559
f 392/325/508 393/739/1559 396/748/509
s 31
f 401/750/520 397/749/519 400/330/1560
f 397/749/519 398/327/456 400/330/1560
f 398/327/456 399/328/455 400/330/1560
s 25
f 404/329/293 405/321/292 403/740/1561
f 405/321/292 406/331/531 403/740/1561
f 402/332/530 403/740/1561 406/331/531
s 5
f 407/777/537 408/333/542 409/335/541 410/778/538
f 411/337/549 412/730/544 413/334/543 414/336/550
s 13
f 415/751/557 416/339/562 417/731/561 418/338/558
f 419/779/565 420/341/564 421/340/563 422/342/566
s 20
f 423/345/574 424/346/573 425/747/464 426/343/463
s 5
f 427/344/476 428/348/475 429/350/586 430/867/585
s 20
f 431/351/589 432/352/598 433/353/597 434/859/590
s 5
f 435/355/605 436/356/614 437/755/613 438/354/606
s 13
f 439/349/484 440/357/483 441/359/622 442/865/621
f 443/361/625 444/362/634 445/753/633 446/360/626
s 31
f 447/358/492 448/347/491 449/363/638 450/863/637
f 451/860/641 452/365/646 453/754/645 454/364/642
s 20
f 455/366/649 456/752/511 457/368/510 458/829/650
s 31
f 459/830/661 460/369/522 461/370/521 462/824/662
s 13
f 463/825/669 464/371/560 465/372/559 466/826/670
s 5
f 467/827/677 468/373/552 469/367/551 470/374/678
f 471/756/616 472/376/615 473/378/690 474/856/689
s 13
f 475/377/636 476/379/635 477/381/698 478/854/697
s 31
f 479/384/706 480/852/705 481/380/648 482/382/647
s 20
f 483/383/600 484/375/599 485/385/710 486/858/709
s 5
f 487/386/713 488/761/443 489/388/442 490/762/714
s 10
f 491/763/725 492/389/183 493/390/182 494/764/726
s 25
f 495/765/733 496/391/447 497/392/446 498/766/734
s 13
f 499/767/741 500/393/220 501/387/219 502/394/742
s 5
f 503/395/745 504/768/716 505/397/715 506/769/746
s 10
f 507/770/757 508/398/728 509/399/727 510/771/758
s 25
f 511/772/765 512/400/736 513/401/735 514/773/766
s 13
f 515/774/773 516/402/744 517/396/743 518/403/774
s 5
f 519/404/777 520/775/748 521/406/747 522/781/778
s 10
f 523/782/789 524/407/760 525/408/759 526/784/790
s 25
f 527/785/797 528/409/768 529/410/767 530/786/798
s 13
f 531/787/805 532/411/776 533/405/775 534/412/806
s 25
f 535/413/809 536/780/533 537/415/532 538/789/810
s 10
f 539/790/821 540/416/496 541/417/495 542/791/822
s 5
f 543/792/829 544/418/540 545/419/539 546/793/830
s 13
f 547/794/837 548/420/568 549/414/567 550/421/838
s 10
f 551/783/792 552/423/791 553/425/850 554/819/849
s 5
f 555/788/780 556/422/779 557/427/858 558/821/857
s 25
f 559/430/866 560/817/865 561/424/800 562/428/799
s 13
f 563/429/808 564/426/807 565/431/870 566/823/869
s 25
f 567/432/873 568/795/812 569/434/811 570/796/874
s 10
f 571/797/885 572/435/824 573/436/823 574/798/886
s 5
f 575/799/893 576/437/832 577/438/831 578/800/894
s 13
f 579/801/901 580/439/840 581/433/839 582/440/902
s 25
f 583/441/905 584/802/876 585/443/875 586/803/906
s 10
f 587/804/917 588/444/888 589/445/887 590/805/918
s 5
f 591/806/925 592/446/896 593/447/895 594/807/926
s 13
f 595/808/933 596/448/904 597/442/903 598/449/934
s 25
f 599/450/937 600/809/908 601/452/907 602/810/938
s 10
f 603/811/949 604/453/920 605/454/919 606/812/950
s 5
f 607/813/957 608/455/928 609/456/927 610/814/958
s 13
f 611/815/965 612/457/936 613/451/935 614/458/966
s 25
f 615/459/867 616/816/940 617/462/939 618/818/868
s 10
f 619/464/851 620/463/952 621/465/951 622/820/852
s 5
f 623/467/859 624/466/960 625/468/959 626/822/860
s 13
f 627/470/871 628/469/968 629/461/967 630/460/872
s 31
f 631/471/985 632/828/664 633/473/663 634/831/986
s 13
f 635/832/997 636/474/672 637/475/671 638/833/998
s 5
f 639/834/1005 640/476/680 641/477/679 642/835/1006
s 20
f 643/836/1013 644/478/652 645/472/651 646/479/1014
s 31
f 647/480/1017 648/837/988 649/482/987 650/838/1018
s 13
f 651/839/1029 652/483/1000 653/484/999 654/840/1030
s 5
f 655/841/1037 656/485/1008 657/486/1007 658/842/1038
s 20
f 659/843/1045 660/487/1016 661/481/1015 662/488/1046
s 31
f 663/489/1049 664/844/1020 665/491/1019 666/845/1050
s 13
f 667/846/1061 668/492/1032 669/493/1031 670/847/1062
s 5
f 671/848/1069 672/494/1040 673/495/1039 674/849/1070
s 20
f 675/850/1077 676/496/1048 677/490/1047 678/497/1078
s 31
f 679/498/707 680/851/1052 681/501/1051 682/853/708
s 13
f 683/503/699 684/502/1064 685/504/1063 686/855/700
s 5
f 687/506/691 688/505/1072 689/507/1071 690/857/692
s 20
f 691/509/711 692/508/1080 693/500/1079 694/499/712
f 695/510/575 696/861/592 697/513/591 698/862/576
s 31
f 699/515/639 700/514/644 701/516/643 702/864/640
s 13
f 703/518/623 704/517/628 705/519/627 706/866/624
s 5
f 707/521/587 708/520/608 709/512/607 710/511/588
s 1
f 711/522/1113 712/868/371 713/524/370 714/875/1114
f 715/527/1125 716/873/433 717/523/432 718/526/1126
s 30
f 719/876/1133 720/525/395 721/529/394 722/877/1134
s 39
f 723/878/1141 724/530/439 725/528/438 726/531/1142
s 1
f 727/874/1116 728/533/1115 729/535/1154 730/912/1153
f 731/879/1128 732/532/1127 733/537/1162 734/914/1161
f 735/538/1165 736/539/1174 737/540/1173 738/884/1166
f 739/885/1181 740/541/1186 741/542/1185 742/886/1182
s 30
f 743/545/1198 744/910/1197 745/534/1136 746/543/1135
f 747/547/1201 748/548/1210 749/881/1209 750/546/1202
s 39
f 751/544/1144 752/536/1143 753/549/1214 754/916/1213
f 755/887/1217 756/551/1222 757/882/1221 758/550/1218
s 1
f 759/880/1176 760/553/1175 761/555/1234 762/938/1233
f 763/883/1188 764/552/1187 765/557/1242 766/940/1241
f 767/558/1245 768/559/1249 769/917/1246
f 770/918/1256 771/560/1260 772/919/1257
s 30
f 773/563/1268 774/936/1267 775/554/1212 776/561/1211
s off
f 777/565/1562 778/729/1563 779/564/1564
s 39
f 780/562/1224 781/556/1223 782/567/1280 783/942/1279
s off
f 784/920/1565 785/566/1566 786/568/1567
s 30
f 787/569/1287 788/888/1204 789/571/1203 790/889/1288
s 1
f 791/890/1299 792/572/1168 793/573/1167 794/891/1300
f 795/892/1307 796/574/1184 797/575/1183 798/893/1308
s 39
f 799/894/1315 800/576/1220 801/570/1219 802/577/1316
s 30
f 803/578/1319 804/895/1290 805/580/1289 806/896/1320
s 1
f 807/897/1331 808/581/1302 809/582/1301 810/898/1332
f 811/899/1339 812/583/1310 813/584/1309 814/900/1340
s 39
f 815/901/1347 816/585/1318 817/579/1317 818/586/1348
s 30
f 819/587/1351 820/902/1322 821/589/1321 822/903/1352
s 1
f 823/904/1363 824/590/1334 825/591/1333 826/905/1364
f 827/906/1371 828/592/1342 829/593/1341 830/907/1372
s 39
f 831/908/1379 832/594/1350 833/588/1349 834/595/1380
s 30
f 835/596/1199 836/909/1354 837/599/1353 838/911/1200
s 1
f 839/601/1155 840/600/1366 841/602/1365 842/913/1156
f 843/604/1163 844/603/1374 845/605/1373 846/915/1164
s 39
f 847/607/1215 848/606/1382 849/598/1381 850/597/1216
s 30
f 851/608/1399 852/921/1274 853/610/1273 854/922/1400
s 1
f 855/923/1411 856/611/1248 857/612/1247 858/924/1412
f 859/925/1419 860/613/1259 861/614/1258 862/926/1420
s 39
f 863/927/1427 864/615/1286 865/609/1285 866/616/1428
s 30
f 867/617/1431 868/928/1402 869/619/1401 870/929/1432
s 1
f 871/930/1443 872/620/1414 873/621/1413 874/931/1444
f 875/932/1451 876/622/1422 877/623/1421 878/933/1452
s 39
f 879/934/1459 880/624/1430 881/618/1429 882/625/1460
s 30
f 883/626/1269 884/935/1434 885/629/1433 886/937/1270
s 1
f 887/631/1235 888/630/1446 889/632/1445 890/939/1236
f 891/634/1243 892/633/1454 893/635/1453 894/941/1244
s 39
f 895/637/1281 896/636/1462 897/628/1461 898/627/1282
