# This file uses meters as units for non-parametric coordinates.

mtllib kitchen_cabinet_small.mtl
g default
v 19.243759 1.768475 4.033924
v 19.089890 1.768475 3.803638
v 18.859543 1.768475 3.649708
v 18.587815 1.768475 3.595691
v 18.316147 1.768475 3.649708
v 18.085800 1.768475 3.803638
v 17.931870 1.768475 4.033924
v 17.877854 1.768475 4.305652
v 17.931870 1.768475 4.577381
v 18.085800 1.768475 4.807667
v 18.316147 1.768475 4.961597
v 18.587815 1.768475 5.015613
v 18.859543 1.768475 4.961597
v 19.089890 1.768475 4.807667
v 19.243759 1.768475 4.577381
v 19.297837 1.768475 4.305652
v 19.243759 16.722958 4.033924
v 19.089890 16.722958 3.803638
v 18.859543 16.722958 3.649708
v 18.587815 16.722958 3.595691
v 18.316147 16.722958 3.649708
v 18.085800 16.722958 3.803638
v 17.931870 16.722958 4.033924
v 17.877854 16.722958 4.305652
v 17.931870 16.722958 4.577381
v 18.085800 16.722958 4.807667
v 18.316147 16.722958 4.961597
v 18.587815 16.722958 5.015613
v 18.859543 16.722958 4.961597
v 19.089890 16.722958 4.807667
v 19.243759 16.722958 4.577381
v 19.297837 16.722958 4.305652
v 18.562485 1.768475 4.305652
v 18.562485 16.722958 4.305652
v 20.133103 15.227509 3.803638
v 20.286972 15.227509 4.033924
v 20.341050 15.227509 4.305652
v 20.286972 15.227509 4.577381
v 20.133103 15.227509 4.807667
v 19.902756 15.227509 4.961597
v 19.631028 15.227509 5.015613
v 19.359360 15.227509 4.961597
v 19.129013 15.227509 4.807667
v 18.975083 15.227509 4.577381
v 18.921067 15.227509 4.305652
v 18.975083 15.227509 4.033924
v 19.129013 15.227509 3.803638
v 19.359360 15.227509 3.649708
v 19.631028 15.227509 3.595691
v 19.902756 15.227509 3.649708
v 20.986985 13.732060 3.803638
v 21.140915 13.732060 4.033924
v 21.194931 13.732060 4.305652
v 21.140915 13.732060 4.577381
v 20.986985 13.732060 4.807667
v 20.756638 13.732060 4.961597
v 20.484970 13.732060 5.015613
v 20.213242 13.732060 4.961597
v 19.982895 13.732060 4.807667
v 19.829026 13.732060 4.577381
v 19.774948 13.732060 4.305652
v 19.829026 13.732060 4.033924
v 19.982895 13.732060 3.803638
v 20.213242 13.732060 3.649708
v 20.484970 13.732060 3.595691
v 20.756638 13.732060 3.649708
v 21.620285 12.236612 3.803638
v 21.774216 12.236612 4.033924
v 21.828232 12.236612 4.305652
v 21.774216 12.236612 4.577381
v 21.620285 12.236612 4.807667
v 21.389939 12.236612 4.961597
v 21.118271 12.236612 5.015613
v 20.846543 12.236612 4.961597
v 20.616196 12.236612 4.807667
v 20.462326 12.236612 4.577381
v 20.408249 12.236612 4.305652
v 20.462326 12.236612 4.033924
v 20.616196 12.236612 3.803638
v 20.846543 12.236612 3.649708
v 21.118271 12.236612 3.595691
v 21.389939 12.236612 3.649708
v 22.009812 10.741164 3.803638
v 22.163742 10.741164 4.033924
v 22.217758 10.741164 4.305652
v 22.163742 10.741164 4.577381
v 22.009812 10.741164 4.807667
v 21.779465 10.741164 4.961597
v 21.507798 10.741164 5.015613
v 21.236069 10.741164 4.961597
v 21.005722 10.741164 4.807667
v 20.851853 10.741164 4.577381
v 20.797776 10.741164 4.305652
v 20.851853 10.741164 4.033924
v 21.005722 10.741164 3.803638
v 21.236069 10.741164 3.649708
v 21.507798 10.741164 3.595691
v 21.779465 10.741164 3.649708
v 22.141281 9.245715 3.803638
v 22.295151 9.245715 4.033924
v 22.349228 9.245715 4.305652
v 22.295151 9.245715 4.577381
v 22.141281 9.245715 4.807667
v 21.910935 9.245715 4.961597
v 21.639206 9.245715 5.015613
v 21.367539 9.245715 4.961597
v 21.137192 9.245715 4.807667
v 20.983261 9.245715 4.577381
v 20.929245 9.245715 4.305652
v 20.983261 9.245715 4.033924
v 21.137192 9.245715 3.803638
v 21.367539 9.245715 3.649708
v 21.639206 9.245715 3.595691
v 21.910935 9.245715 3.649708
v 22.009812 7.750268 3.803638
v 22.163742 7.750268 4.033924
v 22.217758 7.750268 4.305652
v 22.163742 7.750268 4.577381
v 22.009812 7.750268 4.807667
v 21.779465 7.750268 4.961597
v 21.507798 7.750268 5.015613
v 21.236069 7.750268 4.961597
v 21.005722 7.750268 4.807667
v 20.851853 7.750268 4.577381
v 20.797776 7.750268 4.305652
v 20.851853 7.750268 4.033924
v 21.005722 7.750268 3.803638
v 21.236069 7.750268 3.649708
v 21.507798 7.750268 3.595691
v 21.779465 7.750268 3.649708
v 21.620285 6.254819 3.803638
v 21.774216 6.254819 4.033924
v 21.828232 6.254819 4.305652
v 21.774216 6.254819 4.577381
v 21.620285 6.254819 4.807667
v 21.389939 6.254819 4.961597
v 21.118271 6.254819 5.015613
v 20.846543 6.254819 4.961597
v 20.616196 6.254819 4.807667
v 20.462326 6.254819 4.577381
v 20.408249 6.254819 4.305652
v 20.462326 6.254819 4.033924
v 20.616196 6.254819 3.803638
v 20.846543 6.254819 3.649708
v 21.118271 6.254819 3.595691
v 21.389939 6.254819 3.649708
v 20.986985 4.759371 3.803638
v 21.140915 4.759371 4.033924
v 21.194931 4.759371 4.305652
v 21.140915 4.759371 4.577381
v 20.986985 4.759371 4.807667
v 20.756638 4.759371 4.961597
v 20.484970 4.759371 5.015613
v 20.213242 4.759371 4.961597
v 19.982895 4.759371 4.807667
v 19.829026 4.759371 4.577381
v 19.774948 4.759371 4.305652
v 19.829026 4.759371 4.033924
v 19.982895 4.759371 3.803638
v 20.213242 4.759371 3.649708
v 20.484970 4.759371 3.595691
v 20.756638 4.759371 3.649708
v 20.133103 3.263923 3.803638
v 20.286972 3.263923 4.033924
v 20.341050 3.263923 4.305652
v 20.286972 3.263923 4.577381
v 20.133103 3.263923 4.807667
v 19.902756 3.263923 4.961597
v 19.631028 3.263923 5.015613
v 19.359360 3.263923 4.961597
v 19.129013 3.263923 4.807667
v 18.975083 3.263923 4.577381
v 18.921067 3.263923 4.305652
v 18.975083 3.263923 4.033924
v 19.129013 3.263923 3.803638
v 19.359360 3.263923 3.649708
v 19.631028 3.263923 3.595691
v 19.902756 3.263923 3.649708
v 16.951218 0.689960 36.596180
v 17.498459 0.484215 36.596180
v 18.246201 0.408892 36.596180
v 18.246201 0.484215 37.331592
v 18.246201 0.689960 37.869922
v 18.246201 0.971012 38.067005
v 17.498459 0.971012 37.869922
v 16.951218 0.971012 37.331592
v 16.750901 0.971012 36.596180
v 18.993943 0.484215 36.596180
v 19.541184 0.689960 36.596180
v 19.741501 0.971012 36.596180
v 19.541184 0.971012 37.331592
v 18.993943 0.971012 37.869922
v 17.498459 33.886116 36.596180
v 16.951218 33.680378 36.596180
v 16.750901 33.399326 36.596180
v 16.951218 33.399326 37.331592
v 17.498459 33.399326 37.869922
v 18.246201 33.399326 38.067005
v 18.246201 33.680378 37.869922
v 18.246201 33.886116 37.331592
v 18.246201 33.961441 36.596180
v 19.541184 33.680378 36.596180
v 18.993943 33.886116 36.596180
v 18.993943 33.399326 37.869922
v 19.541184 33.399326 37.331592
v 19.741501 33.399326 36.596180
v 17.498459 33.399326 0.172718
v 16.951218 33.399326 0.711109
v 16.750901 33.399326 1.446522
v 16.951218 33.680378 1.446522
v 17.498459 33.886116 1.446522
v 18.246201 33.961441 1.446522
v 18.246201 33.886116 0.711109
v 18.246201 33.680378 0.172718
v 18.246201 33.399326 -0.024304
v 19.541184 33.399326 0.711109
v 18.993943 33.399326 0.172718
v 18.993943 33.886116 1.446522
v 19.541184 33.680378 1.446522
v 19.741501 33.399326 1.446522
v 17.498459 0.484215 1.446522
v 16.951218 0.689960 1.446522
v 16.750901 0.971012 1.446522
v 16.951218 0.971012 0.711109
v 17.498459 0.971012 0.172718
v 18.246201 0.971012 -0.024304
v 18.246201 0.689960 0.172718
v 18.246201 0.484215 0.711109
v 18.246201 0.408892 1.446522
v 19.541184 0.689960 1.446522
v 18.993943 0.484215 1.446522
v 18.993943 0.971012 0.172718
v 19.541184 0.971012 0.711109
v 19.741501 0.971012 1.446522
v 17.063645 0.728142 37.231678
v 17.600022 0.526485 37.231678
v 17.600022 0.728142 37.759327
v 18.892380 0.526485 37.231678
v 19.428757 0.728142 37.231678
v 18.892380 0.728142 37.759327
v 17.600022 33.843853 37.231678
v 17.063645 33.642189 37.231678
v 17.600022 33.642189 37.759327
v 19.428757 33.642189 37.231678
v 18.892380 33.843853 37.231678
v 18.892380 33.642189 37.759327
v 17.600022 33.642189 0.283314
v 17.063645 33.642189 0.810962
v 17.600022 33.843853 0.810962
v 19.428757 33.642189 0.810962
v 18.892380 33.642189 0.283314
v 18.892380 33.843853 0.810962
v 17.600022 0.526485 0.810962
v 17.063645 0.728142 0.810962
v 17.600022 0.728142 0.283314
v 19.428757 0.728142 0.810962
v 18.892380 0.526485 0.810962
v 18.892380 0.728142 0.283314
vt 0.644356 0.096456
vt 0.610485 0.045765
vt 0.559794 0.011894
vt 0.500000 0.000000
vt 0.440206 0.011894
vt 0.389515 0.045765
vt 0.355644 0.096456
vt 0.343750 0.156250
vt 0.355644 0.216044
vt 0.389515 0.266735
vt 0.440206 0.300606
vt 0.500000 0.312500
vt 0.559794 0.300606
vt 0.610485 0.266735
vt 0.644356 0.216044
vt 0.656250 0.156250
vt 0.375000 0.312500
vt 0.390625 0.312500
vt 0.406250 0.312500
vt 0.421875 0.312500
vt 0.437500 0.312500
vt 0.453125 0.312500
vt 0.468750 0.312500
vt 0.484375 0.312500
vt 0.500000 0.312500
vt 0.515625 0.312500
vt 0.531250 0.312500
vt 0.546875 0.312500
vt 0.562500 0.312500
vt 0.578125 0.312500
vt 0.593750 0.312500
vt 0.609375 0.312500
vt 0.625000 0.312500
vt 0.375000 0.687500
vt 0.390625 0.687500
vt 0.406250 0.687500
vt 0.421875 0.687500
vt 0.437500 0.687500
vt 0.453125 0.687500
vt 0.468750 0.687500
vt 0.484375 0.687500
vt 0.500000 0.687500
vt 0.515625 0.687500
vt 0.531250 0.687500
vt 0.546875 0.687500
vt 0.562500 0.687500
vt 0.578125 0.687500
vt 0.593750 0.687500
vt 0.609375 0.687500
vt 0.625000 0.687500
vt 0.644356 0.783956
vt 0.610485 0.733265
vt 0.559794 0.699394
vt 0.500000 0.687500
vt 0.440206 0.699394
vt 0.389515 0.733265
vt 0.355644 0.783956
vt 0.343750 0.843750
vt 0.355644 0.903544
vt 0.389515 0.954235
vt 0.440206 0.988106
vt 0.500000 1.000000
vt 0.559794 0.988106
vt 0.610485 0.954235
vt 0.644356 0.903544
vt 0.656250 0.843750
vt 0.500000 0.156250
vt 0.500000 0.843750
vt 0.390625 0.650000
vt 0.625000 0.650000
vt 0.375000 0.650000
vt 0.609375 0.650000
vt 0.593750 0.650000
vt 0.578125 0.650000
vt 0.562500 0.650000
vt 0.546875 0.650000
vt 0.531250 0.650000
vt 0.515625 0.650000
vt 0.500000 0.650000
vt 0.484375 0.650000
vt 0.468750 0.650000
vt 0.453125 0.650000
vt 0.437500 0.650000
vt 0.421875 0.650000
vt 0.406250 0.650000
vt 0.390625 0.612500
vt 0.625000 0.612500
vt 0.375000 0.612500
vt 0.609375 0.612500
vt 0.593750 0.612500
vt 0.578125 0.612500
vt 0.562500 0.612500
vt 0.546875 0.612500
vt 0.531250 0.612500
vt 0.515625 0.612500
vt 0.500000 0.612500
vt 0.484375 0.612500
vt 0.468750 0.612500
vt 0.453125 0.612500
vt 0.437500 0.612500
vt 0.421875 0.612500
vt 0.406250 0.612500
vt 0.390625 0.575000
vt 0.625000 0.575000
vt 0.375000 0.575000
vt 0.609375 0.575000
vt 0.593750 0.575000
vt 0.578125 0.575000
vt 0.562500 0.575000
vt 0.546875 0.575000
vt 0.531250 0.575000
vt 0.515625 0.575000
vt 0.500000 0.575000
vt 0.484375 0.575000
vt 0.468750 0.575000
vt 0.453125 0.575000
vt 0.437500 0.575000
vt 0.421875 0.575000
vt 0.406250 0.575000
vt 0.390625 0.537500
vt 0.625000 0.537500
vt 0.375000 0.537500
vt 0.609375 0.537500
vt 0.593750 0.537500
vt 0.578125 0.537500
vt 0.562500 0.537500
vt 0.546875 0.537500
vt 0.531250 0.537500
vt 0.515625 0.537500
vt 0.500000 0.537500
vt 0.484375 0.537500
vt 0.468750 0.537500
vt 0.453125 0.537500
vt 0.437500 0.537500
vt 0.421875 0.537500
vt 0.406250 0.537500
vt 0.390625 0.500000
vt 0.625000 0.500000
vt 0.375000 0.500000
vt 0.609375 0.500000
vt 0.593750 0.500000
vt 0.578125 0.500000
vt 0.562500 0.500000
vt 0.546875 0.500000
vt 0.531250 0.500000
vt 0.515625 0.500000
vt 0.500000 0.500000
vt 0.484375 0.500000
vt 0.468750 0.500000
vt 0.453125 0.500000
vt 0.437500 0.500000
vt 0.421875 0.500000
vt 0.406250 0.500000
vt 0.390625 0.462500
vt 0.625000 0.462500
vt 0.375000 0.462500
vt 0.609375 0.462500
vt 0.593750 0.462500
vt 0.578125 0.462500
vt 0.562500 0.462500
vt 0.546875 0.462500
vt 0.531250 0.462500
vt 0.515625 0.462500
vt 0.500000 0.462500
vt 0.484375 0.462500
vt 0.468750 0.462500
vt 0.453125 0.462500
vt 0.437500 0.462500
vt 0.421875 0.462500
vt 0.406250 0.462500
vt 0.390625 0.425000
vt 0.625000 0.425000
vt 0.375000 0.425000
vt 0.609375 0.425000
vt 0.593750 0.425000
vt 0.578125 0.425000
vt 0.562500 0.425000
vt 0.546875 0.425000
vt 0.531250 0.425000
vt 0.515625 0.425000
vt 0.500000 0.425000
vt 0.484375 0.425000
vt 0.468750 0.425000
vt 0.453125 0.425000
vt 0.437500 0.425000
vt 0.421875 0.425000
vt 0.406250 0.425000
vt 0.390625 0.387500
vt 0.625000 0.387500
vt 0.375000 0.387500
vt 0.609375 0.387500
vt 0.593750 0.387500
vt 0.578125 0.387500
vt 0.562500 0.387500
vt 0.546875 0.387500
vt 0.531250 0.387500
vt 0.515625 0.387500
vt 0.500000 0.387500
vt 0.484375 0.387500
vt 0.468750 0.387500
vt 0.453125 0.387500
vt 0.437500 0.387500
vt 0.421875 0.387500
vt 0.406250 0.387500
vt 0.390625 0.350000
vt 0.625000 0.350000
vt 0.375000 0.350000
vt 0.609375 0.350000
vt 0.593750 0.350000
vt 0.578125 0.350000
vt 0.562500 0.350000
vt 0.546875 0.350000
vt 0.531250 0.350000
vt 0.515625 0.350000
vt 0.500000 0.350000
vt 0.484375 0.350000
vt 0.468750 0.350000
vt 0.453125 0.350000
vt 0.437500 0.350000
vt 0.421875 0.350000
vt 0.406250 0.350000
vt 0.500000 0.990347
vt 0.496605 0.867234
vt 0.438753 0.754819
vt 0.500000 0.759653
vt 0.493224 0.750000
vt 0.377156 0.750000
vt 0.479673 0.000000
vt 0.365347 0.004188
vt 0.134653 0.004188
vt 0.131467 0.000000
vt 0.411119 0.006935
vt 0.409766 0.245850
vt 0.365347 0.245812
vt 0.455370 0.009779
vt 0.454837 0.245845
vt 0.500007 0.004184
vt 0.500000 0.245812
vt 0.634653 0.004188
vt 0.520327 0.000000
vt 0.868533 0.000000
vt 0.865347 0.004188
vt 0.506776 0.750000
vt 0.503395 0.867234
vt 0.561247 0.754819
vt 0.622844 0.750000
vt 0.544639 0.004612
vt 0.545163 0.245844
vt 0.588886 0.004376
vt 0.590234 0.245850
vt 0.634653 0.245812
vt 0.370524 0.250000
vt 0.129476 0.250000
vt 0.134653 0.245812
vt 0.375000 0.254476
vt 0.437689 0.257081
vt 0.437644 0.492916
vt 0.375000 0.495524
vt 0.500000 0.259653
vt 0.500000 0.490347
vt 0.562311 0.257081
vt 0.562356 0.492916
vt 0.625000 0.254476
vt 0.625000 0.495524
vt 0.629476 0.250000
vt 0.865347 0.245812
vt 0.870524 0.250000
vt 0.125000 0.248106
vt 0.125000 0.001894
vt 0.375000 0.501894
vt 0.437520 0.503032
vt 0.437567 0.746963
vt 0.375000 0.748106
vt 0.500007 0.504184
vt 0.500000 0.745812
vt 0.562487 0.503032
vt 0.562433 0.746963
vt 0.625000 0.501894
vt 0.625000 0.748106
vt 0.875000 0.248106
vt 0.875000 0.001894
vt 0.486140 0.000000
vt 0.495380 0.750000
vt 0.497844 0.750000
vt 0.500000 0.750000
vt 0.493532 0.000000
vt 0.500000 0.000000
vt 0.500003 0.137402
vt 0.438365 0.434023
vt 0.502156 0.750000
vt 0.504620 0.750000
vt 0.513860 0.000000
vt 0.561639 0.036223
vt 0.506468 0.000000
vt 0.500000 0.253693
vt 0.448462 0.253260
vt 0.375000 0.250000
vt 0.452672 0.249146
vt 0.500000 0.249491
vt 0.625000 0.250000
vt 0.551538 0.253260
vt 0.547328 0.249146
vt 0.500003 0.500224
vt 0.442423 0.500417
vt 0.375000 0.500000
vt 0.125000 0.250000
vt 0.446467 0.496615
vt 0.500001 0.496172
vt 0.875000 0.250000
vt 0.625000 0.500000
vt 0.557581 0.500417
vt 0.553535 0.496615
vt 0.500000 0.753257
vt 0.447771 0.752505
vt 0.375000 0.750000
vt 0.125000 0.000000
vt 0.447480 0.749332
vt 0.500000 0.749503
vt 0.875000 0.000000
vt 0.625000 0.750000
vt 0.552229 0.752505
vt 0.552520 0.749332
vn 0.770477 -0.537506 -0.342714
vn 0.608127 -0.424209 -0.670990
vn 0.647168 -0.410393 -0.642457
vn 0.798617 -0.503922 -0.329050
vn 0.312405 -0.217874 -0.924627
vn 0.375929 -0.241359 -0.894664
vn -0.075122 0.052384 -0.995798
vn 0.005562 -0.007948 -0.999953
vn -0.427249 0.297986 -0.853618
vn -0.367944 0.230380 -0.900856
vn -0.660855 0.461023 -0.592224
vn -0.643182 0.408048 -0.647930
vn -0.783014 0.546225 -0.297536
vn -0.795575 0.507248 -0.331300
vn -0.820177 0.572110 0.000000
vn -0.842862 0.538130 -0.000000
vn -0.783014 0.546225 0.297536
vn -0.795575 0.507248 0.331300
vn -0.660855 0.461023 0.592224
vn -0.643182 0.408048 0.647930
vn -0.427174 0.297997 0.853651
vn -0.367815 0.230393 0.900906
vn -0.075009 0.052384 0.995806
vn 0.005554 -0.007948 0.999953
vn 0.312228 -0.217887 0.924683
vn 0.375807 -0.241372 0.894711
vn 0.608127 -0.424209 0.670990
vn 0.647168 -0.410393 0.642457
vn 0.770477 -0.537506 0.342714
vn 0.798617 -0.503922 0.329050
vn 0.820163 -0.572131 0.000000
vn 0.846082 -0.533053 0.000000
vn 0.000000 -1.000000 0.000000
vn 0.000000 -1.000000 0.000000
vn 0.000000 -1.000000 -0.000000
vn 0.000000 -1.000000 -0.000000
vn 0.000000 -1.000000 -0.000000
vn 0.000000 -1.000000 -0.000000
vn 0.000000 -1.000000 -0.000000
vn 0.000000 -1.000000 0.000000
vn 0.000000 -1.000000 0.000000
vn 0.000000 -1.000000 -0.000000
vn 0.000000 -1.000000 -0.000000
vn 0.000000 -1.000000 0.000000
vn 0.000000 -1.000000 -0.000000
vn 0.000000 -1.000000 0.000000
vn 0.000000 -1.000000 0.000000
vn 0.000000 -1.000000 0.000000
vn 0.000000 -1.000000 0.000000
vn 0.000000 1.000000 0.000005
vn 0.000000 1.000000 0.000000
vn 0.000000 1.000000 0.000000
vn 0.000000 1.000000 0.000002
vn 0.000000 1.000000 0.000001
vn 0.000000 1.000000 -0.000001
vn 0.000000 1.000000 0.000000
vn 0.000000 1.000000 -0.000005
vn 0.000000 1.000000 0.000000
vn 0.000000 1.000000 0.000005
vn 0.000000 1.000000 0.000000
vn 0.000000 1.000000 0.000000
vn 0.000000 1.000000 -0.000001
vn 0.000000 1.000000 0.000001
vn 0.000000 1.000000 0.000002
vn 0.000000 1.000000 -0.000005
vn 0.000000 1.000000 0.000000
vn 0.798617 0.503922 -0.329050
vn 0.647168 0.410394 -0.642456
vn 0.608128 0.424210 -0.670989
vn 0.770477 0.537506 -0.342713
vn 0.846082 0.533053 0.000000
vn 0.820163 0.572131 0.000000
vn 0.798617 0.503922 0.329051
vn 0.770477 0.537506 0.342715
vn 0.647168 0.410393 0.642458
vn 0.608127 0.424210 0.670990
vn 0.375808 0.241372 0.894711
vn 0.312228 0.217887 0.924683
vn 0.005554 0.007948 0.999953
vn -0.075009 -0.052384 0.995806
vn -0.367814 -0.230392 0.900906
vn -0.427174 -0.297997 0.853651
vn -0.643182 -0.408048 0.647930
vn -0.660854 -0.461022 0.592225
vn -0.795575 -0.507248 0.331300
vn -0.783014 -0.546225 0.297537
vn -0.842862 -0.538130 0.000000
vn -0.820177 -0.572110 0.000000
vn -0.795575 -0.507248 -0.331300
vn -0.783014 -0.546225 -0.297537
vn -0.643182 -0.408048 -0.647930
vn -0.660854 -0.461022 -0.592225
vn -0.367944 -0.230380 -0.900857
vn -0.427249 -0.297986 -0.853618
vn 0.005562 0.007948 -0.999953
vn -0.075122 -0.052384 -0.995798
vn 0.375930 0.241359 -0.894663
vn 0.312405 0.217874 -0.924627
vn 0.841206 0.415603 -0.345899
vn 0.669988 0.333077 -0.663457
vn 0.896883 0.442268 0.000000
vn 0.841206 0.415603 0.345899
vn 0.669987 0.333077 0.663458
vn 0.381507 0.192612 0.904076
vn 0.007297 0.007834 0.999943
vn -0.370223 -0.181268 0.911086
vn -0.664143 -0.330297 0.670685
vn -0.837863 -0.419254 0.349590
vn -0.893970 -0.448128 0.000000
vn -0.837863 -0.419254 -0.349589
vn -0.664143 -0.330297 -0.670685
vn -0.370355 -0.181258 -0.911034
vn 0.007308 0.007834 -0.999943
vn 0.381629 0.192602 -0.904027
vn 0.882648 0.299625 -0.362158
vn 0.691313 0.236387 -0.682794
vn 0.947148 0.320797 0.000000
vn 0.882648 0.299625 0.362158
vn 0.691313 0.236387 0.682794
vn 0.386755 0.134597 0.912307
vn 0.009017 0.006398 0.999939
vn -0.372002 -0.124953 0.919783
vn -0.683262 -0.233696 0.691765
vn -0.879270 -0.302896 0.367613
vn -0.945264 -0.326306 0.000000
vn -0.879270 -0.302896 -0.367613
vn -0.683263 -0.233696 -0.691765
vn -0.372137 -0.124946 -0.919730
vn 0.009031 0.006398 -0.999939
vn 0.386877 0.134590 -0.912257
vn 0.913780 0.157879 -0.374272
vn 0.706819 0.123104 -0.696600
vn 0.985471 0.169847 0.000000
vn 0.913780 0.157879 0.374273
vn 0.706819 0.123104 0.696600
vn 0.390538 0.069333 0.917972
vn 0.010357 0.003642 0.999940
vn -0.373012 -0.063700 0.925637
vn -0.696778 -0.121378 0.706942
vn -0.910518 -0.159863 0.381314
vn -0.984867 -0.173311 0.000000
vn -0.910518 -0.159863 -0.381314
vn -0.696779 -0.121378 -0.706942
vn -0.373147 -0.063696 -0.925583
vn 0.010373 0.003642 -0.999940
vn 0.390659 0.069329 -0.917921
vn 0.925477 0.000000 -0.378805
vn 0.712544 -0.000000 -0.701627
vn 1.000000 0.000000 0.000000
vn 0.925477 -0.000000 0.378805
vn 0.712544 -0.000000 0.701627
vn 0.391932 -0.000000 0.919994
vn 0.010867 -0.000000 0.999941
vn -0.373324 -0.000000 0.927701
vn -0.701666 0.000000 0.712506
vn -0.922290 0.000000 0.386499
vn -1.000000 0.000000 0.000000
vn -0.922290 0.000000 -0.386499
vn -0.701666 -0.000000 -0.712506
vn -0.373460 0.000000 -0.927646
vn 0.010883 -0.000000 -0.999941
vn 0.392053 -0.000000 -0.919943
vn 0.913780 -0.157879 -0.374272
vn 0.706819 -0.123104 -0.696600
vn 0.985471 -0.169847 0.000000
vn 0.913780 -0.157879 0.374272
vn 0.706819 -0.123104 0.696600
vn 0.390539 -0.069333 0.917972
vn 0.010357 -0.003642 0.999940
vn -0.373012 0.063700 0.925637
vn -0.696779 0.121378 0.706942
vn -0.910518 0.159863 0.381314
vn -0.984867 0.173311 0.000000
vn -0.910518 0.159863 -0.381314
vn -0.696779 0.121378 -0.706942
vn -0.373147 0.063696 -0.925583
vn 0.010373 -0.003642 -0.999940
vn 0.390660 -0.069329 -0.917921
vn 0.882648 -0.299625 -0.362158
vn 0.691313 -0.236387 -0.682794
vn 0.947148 -0.320797 0.000000
vn 0.882647 -0.299625 0.362158
vn 0.691313 -0.236387 0.682794
vn 0.386755 -0.134597 0.912307
vn 0.009017 -0.006398 0.999939
vn -0.372003 0.124953 0.919783
vn -0.683262 0.233696 0.691765
vn -0.879269 0.302896 0.367613
vn -0.945264 0.326306 0.000000
vn -0.879270 0.302896 -0.367613
vn -0.683262 0.233696 -0.691765
vn -0.372136 0.124946 -0.919730
vn 0.009031 -0.006398 -0.999939
vn 0.386876 -0.134589 -0.912257
vn 0.841206 -0.415604 -0.345899
vn 0.669988 -0.333077 -0.663458
vn 0.896883 -0.442268 0.000000
vn 0.841206 -0.415603 0.345899
vn 0.669988 -0.333077 0.663458
vn 0.381507 -0.192612 0.904076
vn 0.007297 -0.007834 0.999943
vn -0.370223 0.181269 0.911085
vn -0.664143 0.330297 0.670685
vn -0.837862 0.419254 0.349590
vn -0.893970 0.448128 -0.000000
vn -0.837863 0.419254 -0.349590
vn -0.664143 0.330297 -0.670685
vn -0.370355 0.181258 -0.911034
vn 0.007308 -0.007834 -0.999943
vn 0.381629 -0.192602 -0.904027
vn 0.000000 -0.999999 0.001633
vn -0.100078 -0.994979 0.001481
vn -0.100078 -0.994978 -0.001481
vn -0.000000 -0.999999 -0.001633
vn -0.351902 -0.936034 0.002246
vn -0.546134 -0.837694 0.002668
vn -0.546134 -0.837694 -0.002668
vn -0.351902 -0.936034 -0.002246
vn -0.999966 -0.006087 0.005568
vn -0.999966 -0.006087 -0.005568
vn -0.862402 -0.004338 0.506206
vn -0.862402 0.004338 0.506206
vn -0.999966 0.006087 0.005568
vn -0.493864 -0.004312 0.869529
vn -0.493864 0.004312 0.869529
vn -0.000000 -0.004271 0.999991
vn 0.000000 0.004271 0.999991
vn 0.999966 -0.006087 0.005568
vn 0.546133 -0.837694 0.002668
vn 0.546133 -0.837694 -0.002668
vn 0.999966 -0.006087 -0.005568
vn 0.351902 -0.936034 0.002246
vn 0.351902 -0.936034 -0.002246
vn 0.100071 -0.994979 0.001481
vn 0.100071 -0.994979 -0.001480
vn 0.493864 -0.004312 0.869529
vn 0.493864 0.004311 0.869529
vn 0.862402 -0.004339 0.506206
vn 0.862402 0.004339 0.506206
vn 0.999966 0.006087 0.005568
vn -0.814813 0.579713 0.003678
vn -0.814813 0.579712 -0.003678
vn -0.999966 0.006087 -0.005568
vn -0.351891 0.936039 0.001898
vn -0.212203 0.977224 0.001831
vn -0.212203 0.977224 -0.001831
vn -0.351891 0.936039 -0.001898
vn -0.000000 0.999999 0.001633
vn 0.000000 0.999999 -0.001633
vn 0.212195 0.977226 0.001831
vn 0.212195 0.977226 -0.001831
vn 0.351891 0.936039 0.001898
vn 0.351891 0.936039 -0.001898
vn 0.814810 0.579717 0.003678
vn 0.999966 0.006087 -0.005568
vn 0.814811 0.579715 -0.003678
vn -0.862423 0.004338 -0.506170
vn -0.862423 -0.004338 -0.506170
vn -0.701309 0.004496 -0.712843
vn -0.701309 -0.004497 -0.712843
vn -0.254631 0.003839 -0.967031
vn 0.000000 0.004271 -0.999991
vn -0.000000 -0.004271 -0.999991
vn -0.254631 -0.003839 -0.967031
vn 0.254631 0.003839 -0.967031
vn 0.254631 -0.003839 -0.967031
vn 0.701309 0.004496 -0.712843
vn 0.862423 0.004339 -0.506170
vn 0.862423 -0.004339 -0.506170
vn 0.701309 -0.004496 -0.712843
vn -0.823416 -0.530032 0.202616
vn -0.446155 -0.838911 0.311728
vn -0.253111 -0.932493 0.257667
vn 0.000001 -0.995747 0.092125
vn -0.090232 -0.991686 0.091746
vn 0.000006 -0.934098 0.357016
vn 0.000006 -0.934098 0.357016
vn -0.305382 -0.838167 0.451905
vn -0.000012 -0.535087 0.844797
vn -0.197170 -0.524558 0.828228
vn 0.090239 -0.991685 0.091753
vn 0.253122 -0.932484 0.257688
vn 0.446164 -0.838904 0.311733
vn 0.823305 -0.530213 0.202591
vn 0.305388 -0.838153 0.451926
vn 0.197138 -0.524611 0.828203
vn -0.000001 0.995748 0.092125
vn -0.090226 0.991686 0.091746
vn -0.253110 0.932493 0.257669
vn -0.446147 0.838914 0.311730
vn -0.823419 0.530022 0.202626
vn -0.305395 0.838168 0.451894
vn 0.000009 0.535092 0.844794
vn -0.197147 0.524565 0.828230
vn -0.000003 0.934107 0.356994
vn -0.000003 0.934107 0.356994
vn 0.823270 0.530265 0.202598
vn 0.446172 0.838894 0.311749
vn 0.253121 0.932488 0.257675
vn 0.090230 0.991686 0.091752
vn 0.305416 0.838144 0.451924
vn 0.197157 0.524615 0.828196
vn 0.000004 0.535016 -0.844842
vn -0.197146 0.524517 -0.828261
vn -0.305351 0.838180 -0.451902
vn -0.446134 0.838922 -0.311728
vn -0.823438 0.530001 -0.202605
vn -0.253099 0.932497 -0.257662
vn 0.000002 0.995748 -0.092120
vn -0.090219 0.991688 -0.091740
vn 0.000007 0.934107 -0.356994
vn 0.000007 0.934107 -0.356994
vn 0.823325 0.530186 -0.202582
vn 0.446144 0.838916 -0.311731
vn 0.305344 0.838182 -0.451902
vn 0.197154 0.524514 -0.828260
vn 0.253101 0.932493 -0.257675
vn 0.090227 0.991686 -0.091748
vn -0.000002 -0.995748 -0.092119
vn -0.090228 -0.991687 -0.091741
vn -0.253098 -0.932497 -0.257663
vn -0.446175 -0.838902 -0.311724
vn -0.823442 -0.529991 -0.202614
vn -0.305348 -0.838177 -0.451910
vn -0.000012 -0.535011 -0.844845
vn -0.197152 -0.524511 -0.828263
vn 0.000006 -0.934104 -0.357002
vn 0.000006 -0.934104 -0.357002
vn 0.823293 -0.530234 -0.202585
vn 0.446157 -0.838912 -0.311722
vn 0.253086 -0.932497 -0.257675
vn 0.090232 -0.991686 -0.091746
vn 0.305334 -0.838183 -0.451908
vn 0.197127 -0.524513 -0.828267
s 1
g smallcabinetlefthandle1
usemtl initialShadingGroup
f 1/17/1 2/18/2 163/205/3 164/207/4
f 2/18/2 3/19/5 178/221/6 163/205/3
f 3/19/5 4/20/7 177/220/8 178/221/6
f 4/20/7 5/21/9 176/219/10 177/220/8
f 5/21/9 6/22/11 175/218/12 176/219/10
f 6/22/11 7/23/13 174/217/14 175/218/12
f 7/23/13 8/24/15 173/216/16 174/217/14
f 8/24/15 9/25/17 172/215/18 173/216/16
f 9/25/17 10/26/19 171/214/20 172/215/18
f 10/26/19 11/27/21 170/213/22 171/214/20
f 11/27/21 12/28/23 169/212/24 170/213/22
f 12/28/23 13/29/25 168/211/26 169/212/24
f 13/29/25 14/30/27 167/210/28 168/211/26
f 14/30/27 15/31/29 166/209/30 167/210/28
f 15/31/29 16/32/31 165/208/32 166/209/30
f 16/32/31 1/33/1 164/206/4 165/208/32
s 2
f 2/2/33 1/1/34 33/67/35
f 3/3/36 2/2/33 33/67/35
f 4/4/37 3/3/36 33/67/35
f 5/5/38 4/4/37 33/67/35
f 6/6/39 5/5/38 33/67/35
f 7/7/40 6/6/39 33/67/35
f 8/8/41 7/7/40 33/67/35
f 9/9/42 8/8/41 33/67/35
f 10/10/43 9/9/42 33/67/35
f 11/11/44 10/10/43 33/67/35
f 12/12/45 11/11/44 33/67/35
f 13/13/46 12/12/45 33/67/35
f 14/14/47 13/13/46 33/67/35
f 15/15/48 14/14/47 33/67/35
f 16/16/49 15/15/48 33/67/35
f 1/1/34 16/16/49 33/67/35
s 3
f 17/65/50 18/64/51 34/68/52
f 18/64/51 19/63/53 34/68/52
f 19/63/53 20/62/54 34/68/52
f 20/62/54 21/61/55 34/68/52
f 21/61/55 22/60/56 34/68/52
f 22/60/56 23/59/57 34/68/52
f 23/59/57 24/58/58 34/68/52
f 24/58/58 25/57/59 34/68/52
f 25/57/59 26/56/60 34/68/52
f 26/56/60 27/55/61 34/68/52
f 27/55/61 28/54/62 34/68/52
f 28/54/62 29/53/63 34/68/52
f 29/53/63 30/52/64 34/68/52
f 30/52/64 31/51/65 34/68/52
f 31/51/65 32/66/66 34/68/52
f 32/66/66 17/65/50 34/68/52
s 1
f 36/71/67 35/69/68 18/35/69 17/34/70
f 37/72/71 36/70/67 17/50/70 32/49/72
f 38/73/73 37/72/71 32/49/72 31/48/74
f 39/74/75 38/73/73 31/48/74 30/47/76
f 40/75/77 39/74/75 30/47/76 29/46/78
f 41/76/79 40/75/77 29/46/78 28/45/80
f 42/77/81 41/76/79 28/45/80 27/44/82
f 43/78/83 42/77/81 27/44/82 26/43/84
f 44/79/85 43/78/83 26/43/84 25/42/86
f 45/80/87 44/79/85 25/42/86 24/41/88
f 46/81/89 45/80/87 24/41/88 23/40/90
f 47/82/91 46/81/89 23/40/90 22/39/92
f 48/83/93 47/82/91 22/39/92 21/38/94
f 49/84/95 48/83/93 21/38/94 20/37/96
f 50/85/97 49/84/95 20/37/96 19/36/98
f 35/69/68 50/85/97 19/36/98 18/35/69
f 52/88/99 51/86/100 35/69/68 36/71/67
f 53/89/101 52/87/99 36/70/67 37/72/71
f 54/90/102 53/89/101 37/72/71 38/73/73
f 55/91/103 54/90/102 38/73/73 39/74/75
f 56/92/104 55/91/103 39/74/75 40/75/77
f 57/93/105 56/92/104 40/75/77 41/76/79
f 58/94/106 57/93/105 41/76/79 42/77/81
f 59/95/107 58/94/106 42/77/81 43/78/83
f 60/96/108 59/95/107 43/78/83 44/79/85
f 61/97/109 60/96/108 44/79/85 45/80/87
f 62/98/110 61/97/109 45/80/87 46/81/89
f 63/99/111 62/98/110 46/81/89 47/82/91
f 64/100/112 63/99/111 47/82/91 48/83/93
f 65/101/113 64/100/112 48/83/93 49/84/95
f 66/102/114 65/101/113 49/84/95 50/85/97
f 51/86/100 66/102/114 50/85/97 35/69/68
f 68/105/115 67/103/116 51/86/100 52/88/99
f 69/106/117 68/104/115 52/87/99 53/89/101
f 70/107/118 69/106/117 53/89/101 54/90/102
f 71/108/119 70/107/118 54/90/102 55/91/103
f 72/109/120 71/108/119 55/91/103 56/92/104
f 73/110/121 72/109/120 56/92/104 57/93/105
f 74/111/122 73/110/121 57/93/105 58/94/106
f 75/112/123 74/111/122 58/94/106 59/95/107
f 76/113/124 75/112/123 59/95/107 60/96/108
f 77/114/125 76/113/124 60/96/108 61/97/109
f 78/115/126 77/114/125 61/97/109 62/98/110
f 79/116/127 78/115/126 62/98/110 63/99/111
f 80/117/128 79/116/127 63/99/111 64/100/112
f 81/118/129 80/117/128 64/100/112 65/101/113
f 82/119/130 81/118/129 65/101/113 66/102/114
f 67/103/116 82/119/130 66/102/114 51/86/100
f 84/122/131 83/120/132 67/103/116 68/105/115
f 85/123/133 84/121/131 68/104/115 69/106/117
f 86/124/134 85/123/133 69/106/117 70/107/118
f 87/125/135 86/124/134 70/107/118 71/108/119
f 88/126/136 87/125/135 71/108/119 72/109/120
f 89/127/137 88/126/136 72/109/120 73/110/121
f 90/128/138 89/127/137 73/110/121 74/111/122
f 91/129/139 90/128/138 74/111/122 75/112/123
f 92/130/140 91/129/139 75/112/123 76/113/124
f 93/131/141 92/130/140 76/113/124 77/114/125
f 94/132/142 93/131/141 77/114/125 78/115/126
f 95/133/143 94/132/142 78/115/126 79/116/127
f 96/134/144 95/133/143 79/116/127 80/117/128
f 97/135/145 96/134/144 80/117/128 81/118/129
f 98/136/146 97/135/145 81/118/129 82/119/130
f 83/120/132 98/136/146 82/119/130 67/103/116
f 100/139/147 99/137/148 83/120/132 84/122/131
f 101/140/149 100/138/147 84/121/131 85/123/133
f 102/141/150 101/140/149 85/123/133 86/124/134
f 103/142/151 102/141/150 86/124/134 87/125/135
f 104/143/152 103/142/151 87/125/135 88/126/136
f 105/144/153 104/143/152 88/126/136 89/127/137
f 106/145/154 105/144/153 89/127/137 90/128/138
f 107/146/155 106/145/154 90/128/138 91/129/139
f 108/147/156 107/146/155 91/129/139 92/130/140
f 109/148/157 108/147/156 92/130/140 93/131/141
f 110/149/158 109/148/157 93/131/141 94/132/142
f 111/150/159 110/149/158 94/132/142 95/133/143
f 112/151/160 111/150/159 95/133/143 96/134/144
f 113/152/161 112/151/160 96/134/144 97/135/145
f 114/153/162 113/152/161 97/135/145 98/136/146
f 99/137/148 114/153/162 98/136/146 83/120/132
f 116/156/163 115/154/164 99/137/148 100/139/147
f 117/157/165 116/155/163 100/138/147 101/140/149
f 118/158/166 117/157/165 101/140/149 102/141/150
f 119/159/167 118/158/166 102/141/150 103/142/151
f 120/160/168 119/159/167 103/142/151 104/143/152
f 121/161/169 120/160/168 104/143/152 105/144/153
f 122/162/170 121/161/169 105/144/153 106/145/154
f 123/163/171 122/162/170 106/145/154 107/146/155
f 124/164/172 123/163/171 107/146/155 108/147/156
f 125/165/173 124/164/172 108/147/156 109/148/157
f 126/166/174 125/165/173 109/148/157 110/149/158
f 127/167/175 126/166/174 110/149/158 111/150/159
f 128/168/176 127/167/175 111/150/159 112/151/160
f 129/169/177 128/168/176 112/151/160 113/152/161
f 130/170/178 129/169/177 113/152/161 114/153/162
f 115/154/164 130/170/178 114/153/162 99/137/148
f 132/173/179 131/171/180 115/154/164 116/156/163
f 133/174/181 132/172/179 116/155/163 117/157/165
f 134/175/182 133/174/181 117/157/165 118/158/166
f 135/176/183 134/175/182 118/158/166 119/159/167
f 136/177/184 135/176/183 119/159/167 120/160/168
f 137/178/185 136/177/184 120/160/168 121/161/169
f 138/179/186 137/178/185 121/161/169 122/162/170
f 139/180/187 138/179/186 122/162/170 123/163/171
f 140/181/188 139/180/187 123/163/171 124/164/172
f 141/182/189 140/181/188 124/164/172 125/165/173
f 142/183/190 141/182/189 125/165/173 126/166/174
f 143/184/191 142/183/190 126/166/174 127/167/175
f 144/185/192 143/184/191 127/167/175 128/168/176
f 145/186/193 144/185/192 128/168/176 129/169/177
f 146/187/194 145/186/193 129/169/177 130/170/178
f 131/171/180 146/187/194 130/170/178 115/154/164
f 148/190/195 147/188/196 131/171/180 132/173/179
f 149/191/197 148/189/195 132/172/179 133/174/181
f 150/192/198 149/191/197 133/174/181 134/175/182
f 151/193/199 150/192/198 134/175/182 135/176/183
f 152/194/200 151/193/199 135/176/183 136/177/184
f 153/195/201 152/194/200 136/177/184 137/178/185
f 154/196/202 153/195/201 137/178/185 138/179/186
f 155/197/203 154/196/202 138/179/186 139/180/187
f 156/198/204 155/197/203 139/180/187 140/181/188
f 157/199/205 156/198/204 140/181/188 141/182/189
f 158/200/206 157/199/205 141/182/189 142/183/190
f 159/201/207 158/200/206 142/183/190 143/184/191
f 160/202/208 159/201/207 143/184/191 144/185/192
f 161/203/209 160/202/208 144/185/192 145/186/193
f 162/204/210 161/203/209 145/186/193 146/187/194
f 147/188/196 162/204/210 146/187/194 131/171/180
f 164/207/4 163/205/3 147/188/196 148/190/195
f 165/208/32 164/206/4 148/189/195 149/191/197
f 166/209/30 165/208/32 149/191/197 150/192/198
f 167/210/28 166/209/30 150/192/198 151/193/199
f 168/211/26 167/210/28 151/193/199 152/194/200
f 169/212/24 168/211/26 152/194/200 153/195/201
f 170/213/22 169/212/24 153/195/201 154/196/202
f 171/214/20 170/213/22 154/196/202 155/197/203
f 172/215/18 171/214/20 155/197/203 156/198/204
f 173/216/16 172/215/18 156/198/204 157/199/205
f 174/217/14 173/216/16 157/199/205 158/200/206
f 175/218/12 174/217/14 158/200/206 159/201/207
f 176/219/10 175/218/12 159/201/207 160/202/208
f 177/220/8 176/219/10 160/202/208 161/203/209
f 178/221/6 177/220/8 161/203/209 162/204/210
f 163/205/3 178/221/6 162/204/210 147/188/196
s 5
f 181/222/211 180/223/212 221/224/213 229/225/214
s 6
f 180/223/215 179/226/216 222/227/217 221/224/218
f 179/228/216 187/229/219 223/230/220 222/231/217
f 187/229/219 186/232/221 196/233/222 195/234/223
f 186/232/221 185/235/224 197/236/225 196/233/222
f 185/235/224 184/237/226 198/238/227 197/236/225
f 190/239/228 189/240/229 230/241/230 234/242/231
f 189/243/229 188/244/232 231/245/233 230/246/230
s 5
f 188/244/234 181/222/211 229/225/214 231/245/235
s 6
f 184/237/226 192/247/236 204/248/237 198/238/227
f 192/247/236 191/249/238 205/250/239 204/248/237
f 191/249/238 190/239/228 206/251/240 205/250/239
f 195/234/223 194/252/241 210/253/242 209/254/243
f 194/255/244 193/256/245 211/257/246 210/258/247
f 193/256/245 201/259/248 212/260/249 211/257/246
f 201/259/248 203/261/250 218/262/251 212/260/249
f 203/261/250 202/263/252 219/264/253 218/262/251
f 202/265/254 206/251/240 220/266/255 219/267/256
f 209/254/243 208/268/257 224/269/258 223/230/220
f 208/270/257 207/271/259 225/272/260 224/273/258
s 9
f 207/271/261 215/274/262 226/275/263 225/272/264
f 215/274/262 217/276/265 232/277/266 226/275/263
s 6
f 217/276/267 216/278/268 233/279/269 232/277/270
f 216/280/268 220/266/255 234/242/231 233/281/269
f 190/239/228 234/242/231 220/266/255 206/251/240
f 223/230/220 187/229/219 195/234/223 209/254/243
f 186/232/221 187/229/219 179/228/216 235/282/271
f 235/283/272 179/226/216 180/223/215 236/284/273
s 5
f 180/223/212 181/222/211 182/285/274 236/284/275
s 6
f 236/286/273 182/287/276 183/288/277 237/289/278
f 183/288/279 184/237/226 185/235/224 237/289/280
f 237/289/278 185/235/224 186/232/221 235/282/272
f 235/282/272 236/286/273 237/289/278
s 5
f 182/285/274 181/222/211 188/244/234 238/290/281
s 6
f 238/290/282 188/244/232 189/243/229 239/291/283
f 189/240/229 190/239/228 191/249/238 239/292/284
f 239/292/283 191/249/238 192/247/236 240/293/285
f 192/247/236 184/237/226 183/288/279 240/293/286
f 240/293/285 183/288/277 182/287/276 238/294/282
f 238/294/282 239/292/283 240/293/285
f 200/295/287 201/259/248 193/256/245 241/296/288
f 241/296/289 193/256/245 194/255/244 242/297/290
f 194/252/241 195/234/223 196/233/222 242/297/291
f 242/297/290 196/233/222 197/236/225 243/298/292
f 197/236/225 198/238/227 199/299/293 243/298/294
f 243/298/292 199/299/295 200/295/296 241/296/289
f 241/296/289 242/297/290 243/298/292
f 205/250/239 206/251/240 202/265/254 244/300/297
f 244/300/298 202/263/252 203/261/250 245/301/299
f 203/261/250 201/259/248 200/295/287 245/301/300
f 245/301/299 200/295/296 199/299/295 246/302/301
f 199/299/293 198/238/227 204/248/237 246/302/302
f 246/302/301 204/248/237 205/250/239 244/300/298
f 244/300/298 245/301/299 246/302/301
s 9
f 214/303/303 215/274/262 207/271/261 247/304/304
s 6
f 247/304/305 207/271/259 208/270/257 248/305/306
f 208/268/257 209/254/243 210/253/242 248/306/307
f 248/305/306 210/258/247 211/257/246 249/307/308
f 211/257/246 212/260/249 213/308/309 249/307/310
f 249/307/308 213/308/311 214/303/312 247/304/305
f 247/304/305 248/305/306 249/307/308
f 219/267/256 220/266/255 216/280/268 250/309/313
f 250/310/314 216/278/268 217/276/267 251/311/315
s 9
f 217/276/265 215/274/262 214/303/303 251/311/316
s 6
f 251/311/315 214/303/312 213/308/311 252/312/317
f 213/308/309 212/260/249 218/262/251 252/312/318
f 252/312/317 218/262/251 219/264/253 250/310/314
f 250/310/314 251/311/315 252/312/317
s 5
f 228/313/319 229/225/214 221/224/213 253/314/320
s 6
f 253/314/321 221/224/218 222/227/217 254/315/322
f 222/231/217 223/230/220 224/269/258 254/316/323
f 254/315/322 224/273/258 225/272/260 255/317/324
s 9
f 225/272/264 226/275/263 227/318/325 255/317/326
s 6
f 255/317/324 227/318/327 228/313/328 253/314/321
f 253/314/321 254/315/322 255/317/324
f 233/281/269 234/242/231 230/241/230 256/319/329
f 256/320/330 230/246/230 231/245/233 257/321/331
s 5
f 231/245/235 229/225/214 228/313/319 257/321/332
s 6
f 257/321/331 228/313/328 227/318/327 258/322/333
s 9
f 227/318/325 226/275/263 232/277/266 258/322/334
s 6
f 258/322/333 232/277/270 233/279/269 256/320/330
f 256/320/330 257/321/331 258/322/333
g default
v 19.243759 1.768475 -5.127514
v 19.089890 1.768475 -5.357800
v 18.859543 1.768475 -5.511730
v 18.587815 1.768475 -5.565747
v 18.316147 1.768475 -5.511730
v 18.085800 1.768475 -5.357800
v 17.931870 1.768475 -5.127514
v 17.877854 1.768475 -4.855786
v 17.931870 1.768475 -4.584057
v 18.085800 1.768475 -4.353771
v 18.316147 1.768475 -4.199841
v 18.587815 1.768475 -4.145764
v 18.859543 1.768475 -4.199841
v 19.089890 1.768475 -4.353771
v 19.243759 1.768475 -4.584057
v 19.297837 1.768475 -4.855786
v 19.243759 16.722958 -5.127514
v 19.089890 16.722958 -5.357800
v 18.859543 16.722958 -5.511730
v 18.587815 16.722958 -5.565747
v 18.316147 16.722958 -5.511730
v 18.085800 16.722958 -5.357800
v 17.931870 16.722958 -5.127514
v 17.877854 16.722958 -4.855786
v 17.931870 16.722958 -4.584057
v 18.085800 16.722958 -4.353771
v 18.316147 16.722958 -4.199841
v 18.587815 16.722958 -4.145764
v 18.859543 16.722958 -4.199841
v 19.089890 16.722958 -4.353771
v 19.243759 16.722958 -4.584057
v 19.297837 16.722958 -4.855786
v 18.562485 1.768475 -4.855786
v 18.562485 16.722958 -4.855786
v 20.133103 15.227509 -5.357800
v 20.286972 15.227509 -5.127514
v 20.341050 15.227509 -4.855786
v 20.286972 15.227509 -4.584057
v 20.133103 15.227509 -4.353771
v 19.902756 15.227509 -4.199841
v 19.631028 15.227509 -4.145764
v 19.359360 15.227509 -4.199841
v 19.129013 15.227509 -4.353771
v 18.975083 15.227509 -4.584057
v 18.921067 15.227509 -4.855786
v 18.975083 15.227509 -5.127514
v 19.129013 15.227509 -5.357800
v 19.359360 15.227509 -5.511730
v 19.631028 15.227509 -5.565747
v 19.902756 15.227509 -5.511730
v 20.986985 13.732060 -5.357800
v 21.140915 13.732060 -5.127514
v 21.194931 13.732060 -4.855786
v 21.140915 13.732060 -4.584057
v 20.986985 13.732060 -4.353771
v 20.756638 13.732060 -4.199841
v 20.484970 13.732060 -4.145764
v 20.213242 13.732060 -4.199841
v 19.982895 13.732060 -4.353771
v 19.829026 13.732060 -4.584057
v 19.774948 13.732060 -4.855786
v 19.829026 13.732060 -5.127514
v 19.982895 13.732060 -5.357800
v 20.213242 13.732060 -5.511730
v 20.484970 13.732060 -5.565747
v 20.756638 13.732060 -5.511730
v 21.620285 12.236612 -5.357800
v 21.774216 12.236612 -5.127514
v 21.828232 12.236612 -4.855786
v 21.774216 12.236612 -4.584057
v 21.620285 12.236612 -4.353771
v 21.389939 12.236612 -4.199841
v 21.118271 12.236612 -4.145764
v 20.846543 12.236612 -4.199841
v 20.616196 12.236612 -4.353771
v 20.462326 12.236612 -4.584057
v 20.408249 12.236612 -4.855786
v 20.462326 12.236612 -5.127514
v 20.616196 12.236612 -5.357800
v 20.846543 12.236612 -5.511730
v 21.118271 12.236612 -5.565747
v 21.389939 12.236612 -5.511730
v 22.009812 10.741164 -5.357800
v 22.163742 10.741164 -5.127514
v 22.217758 10.741164 -4.855786
v 22.163742 10.741164 -4.584057
v 22.009812 10.741164 -4.353771
v 21.779465 10.741164 -4.199841
v 21.507798 10.741164 -4.145764
v 21.236069 10.741164 -4.199841
v 21.005722 10.741164 -4.353771
v 20.851853 10.741164 -4.584057
v 20.797776 10.741164 -4.855786
v 20.851853 10.741164 -5.127514
v 21.005722 10.741164 -5.357800
v 21.236069 10.741164 -5.511730
v 21.507798 10.741164 -5.565747
v 21.779465 10.741164 -5.511730
v 22.141281 9.245715 -5.357800
v 22.295151 9.245715 -5.127514
v 22.349228 9.245715 -4.855786
v 22.295151 9.245715 -4.584057
v 22.141281 9.245715 -4.353771
v 21.910935 9.245715 -4.199841
v 21.639206 9.245715 -4.145764
v 21.367539 9.245715 -4.199841
v 21.137192 9.245715 -4.353771
v 20.983261 9.245715 -4.584057
v 20.929245 9.245715 -4.855786
v 20.983261 9.245715 -5.127514
v 21.137192 9.245715 -5.357800
v 21.367539 9.245715 -5.511730
v 21.639206 9.245715 -5.565808
v 21.910935 9.245715 -5.511730
v 22.009812 7.750268 -5.357800
v 22.163742 7.750268 -5.127514
v 22.217758 7.750268 -4.855786
v 22.163742 7.750268 -4.584057
v 22.009812 7.750268 -4.353771
v 21.779465 7.750268 -4.199841
v 21.507798 7.750268 -4.145764
v 21.236069 7.750268 -4.199841
v 21.005722 7.750268 -4.353771
v 20.851853 7.750268 -4.584057
v 20.797776 7.750268 -4.855786
v 20.851853 7.750268 -5.127514
v 21.005722 7.750268 -5.357800
v 21.236069 7.750268 -5.511730
v 21.507798 7.750268 -5.565808
v 21.779465 7.750268 -5.511730
v 21.620285 6.254819 -5.357800
v 21.774216 6.254819 -5.127514
v 21.828232 6.254819 -4.855786
v 21.774216 6.254819 -4.584057
v 21.620285 6.254819 -4.353771
v 21.389939 6.254819 -4.199841
v 21.118271 6.254819 -4.145764
v 20.846543 6.254819 -4.199841
v 20.616196 6.254819 -4.353771
v 20.462326 6.254819 -4.584057
v 20.408249 6.254819 -4.855786
v 20.462326 6.254819 -5.127514
v 20.616196 6.254819 -5.357800
v 20.846543 6.254819 -5.511730
v 21.118271 6.254819 -5.565808
v 21.389939 6.254819 -5.511730
v 20.986985 4.759371 -5.357800
v 21.140915 4.759371 -5.127514
v 21.194931 4.759371 -4.855786
v 21.140915 4.759371 -4.584057
v 20.986985 4.759371 -4.353771
v 20.756638 4.759371 -4.199841
v 20.484970 4.759371 -4.145764
v 20.213242 4.759371 -4.199841
v 19.982895 4.759371 -4.353771
v 19.829026 4.759371 -4.584057
v 19.774948 4.759371 -4.855786
v 19.829026 4.759371 -5.127514
v 19.982895 4.759371 -5.357800
v 20.213242 4.759371 -5.511730
v 20.484970 4.759371 -5.565808
v 20.756638 4.759371 -5.511730
v 20.133103 3.263923 -5.357800
v 20.286972 3.263923 -5.127514
v 20.341050 3.263923 -4.855786
v 20.286972 3.263923 -4.584057
v 20.133103 3.263923 -4.353771
v 19.902756 3.263923 -4.199841
v 19.631028 3.263923 -4.145764
v 19.359360 3.263923 -4.199841
v 19.129013 3.263923 -4.353771
v 18.975083 3.263923 -4.584057
v 18.921067 3.263923 -4.855786
v 18.975083 3.263923 -5.127514
v 19.129013 3.263923 -5.357800
v 19.359360 3.263923 -5.511730
v 19.631028 3.263923 -5.565808
v 19.902756 3.263923 -5.511730
v 16.951218 0.689960 -1.604809
v 17.498459 0.484215 -1.604809
v 18.246201 0.408892 -1.604809
v 18.246201 0.484215 -0.869396
v 18.246201 0.689960 -0.331066
v 18.246201 0.971012 -0.133984
v 17.498459 0.971012 -0.331066
v 16.951218 0.971012 -0.869396
v 16.750901 0.971012 -1.604809
v 18.993943 0.484215 -1.604809
v 19.541184 0.689960 -1.604809
v 19.741501 0.971012 -1.604809
v 19.541184 0.971012 -0.869396
v 18.993943 0.971012 -0.331066
v 17.498459 33.886116 -1.604809
v 16.951218 33.680378 -1.604809
v 16.750901 33.399326 -1.604809
v 16.951218 33.399326 -0.869396
v 17.498459 33.399326 -0.331066
v 18.246201 33.399326 -0.133984
v 18.246201 33.680378 -0.331066
v 18.246201 33.886116 -0.869396
v 18.246201 33.961441 -1.604809
v 19.541184 33.680378 -1.604809
v 18.993943 33.886116 -1.604809
v 18.993943 33.399326 -0.331066
v 19.541184 33.399326 -0.869396
v 19.741501 33.399326 -1.604809
v 17.498459 33.399326 -38.028271
v 16.951218 33.399326 -37.489880
v 16.750901 33.399326 -36.754467
v 16.951218 33.680378 -36.754467
v 17.498459 33.886116 -36.754467
v 18.246201 33.961441 -36.754467
v 18.246201 33.886116 -37.489880
v 18.246201 33.680378 -38.028271
v 18.246201 33.399326 -38.225292
v 19.541184 33.399326 -37.489880
v 18.993943 33.399326 -38.028271
v 18.993943 33.886116 -36.754467
v 19.541184 33.680378 -36.754467
v 19.741501 33.399326 -36.754467
v 17.498459 0.484215 -36.754467
v 16.951218 0.689960 -36.754467
v 16.750901 0.971012 -36.754467
v 16.951218 0.971012 -37.489880
v 17.498459 0.971012 -38.028271
v 18.246201 0.971012 -38.225292
v 18.246201 0.689960 -38.028271
v 18.246201 0.484215 -37.489880
v 18.246201 0.408892 -36.754467
v 19.541184 0.689960 -36.754467
v 18.993943 0.484215 -36.754467
v 18.993943 0.971012 -38.028271
v 19.541184 0.971012 -37.489880
v 19.741501 0.971012 -36.754467
v 17.063645 0.728142 -0.969311
v 17.600022 0.526485 -0.969311
v 17.600022 0.728142 -0.441662
v 18.892380 0.526485 -0.969311
v 19.428757 0.728142 -0.969311
v 18.892380 0.728142 -0.441662
v 17.600022 33.843853 -0.969311
v 17.063645 33.642189 -0.969311
v 17.600022 33.642189 -0.441662
v 19.428757 33.642189 -0.969311
v 18.892380 33.843853 -0.969311
v 18.892380 33.642189 -0.441662
v 17.600022 33.642189 -37.917675
v 17.063645 33.642189 -37.390026
v 17.600022 33.843853 -37.390026
v 19.428757 33.642189 -37.390026
v 18.892380 33.642189 -37.917675
v 18.892380 33.843853 -37.390026
v 17.600022 0.526485 -37.390026
v 17.063645 0.728142 -37.390026
v 17.600022 0.728142 -37.917675
v 19.428757 0.728142 -37.390026
v 18.892380 0.526485 -37.390026
v 18.892380 0.728142 -37.917675
vt 0.644356 0.096456
vt 0.610485 0.045765
vt 0.559794 0.011894
vt 0.500000 0.000000
vt 0.440206 0.011894
vt 0.389515 0.045765
vt 0.355644 0.096456
vt 0.343750 0.156250
vt 0.355644 0.216044
vt 0.389515 0.266735
vt 0.440206 0.300606
vt 0.500000 0.312500
vt 0.559794 0.300606
vt 0.610485 0.266735
vt 0.644356 0.216044
vt 0.656250 0.156250
vt 0.375000 0.312500
vt 0.390625 0.312500
vt 0.406250 0.312500
vt 0.421875 0.312500
vt 0.437500 0.312500
vt 0.453125 0.312500
vt 0.468750 0.312500
vt 0.484375 0.312500
vt 0.500000 0.312500
vt 0.515625 0.312500
vt 0.531250 0.312500
vt 0.546875 0.312500
vt 0.562500 0.312500
vt 0.578125 0.312500
vt 0.593750 0.312500
vt 0.609375 0.312500
vt 0.625000 0.312500
vt 0.375000 0.687500
vt 0.390625 0.687500
vt 0.406250 0.687500
vt 0.421875 0.687500
vt 0.437500 0.687500
vt 0.453125 0.687500
vt 0.468750 0.687500
vt 0.484375 0.687500
vt 0.500000 0.687500
vt 0.515625 0.687500
vt 0.531250 0.687500
vt 0.546875 0.687500
vt 0.562500 0.687500
vt 0.578125 0.687500
vt 0.593750 0.687500
vt 0.609375 0.687500
vt 0.625000 0.687500
vt 0.644356 0.783956
vt 0.610485 0.733265
vt 0.559794 0.699394
vt 0.500000 0.687500
vt 0.440206 0.699394
vt 0.389515 0.733265
vt 0.355644 0.783956
vt 0.343750 0.843750
vt 0.355644 0.903544
vt 0.389515 0.954235
vt 0.440206 0.988106
vt 0.500000 1.000000
vt 0.559794 0.988106
vt 0.610485 0.954235
vt 0.644356 0.903544
vt 0.656250 0.843750
vt 0.500000 0.156250
vt 0.500000 0.843750
vt 0.390625 0.650000
vt 0.625000 0.650000
vt 0.375000 0.650000
vt 0.609375 0.650000
vt 0.593750 0.650000
vt 0.578125 0.650000
vt 0.562500 0.650000
vt 0.546875 0.650000
vt 0.531250 0.650000
vt 0.515625 0.650000
vt 0.500000 0.650000
vt 0.484375 0.650000
vt 0.468750 0.650000
vt 0.453125 0.650000
vt 0.437500 0.650000
vt 0.421875 0.650000
vt 0.406250 0.650000
vt 0.390625 0.612500
vt 0.625000 0.612500
vt 0.375000 0.612500
vt 0.609375 0.612500
vt 0.593750 0.612500
vt 0.578125 0.612500
vt 0.562500 0.612500
vt 0.546875 0.612500
vt 0.531250 0.612500
vt 0.515625 0.612500
vt 0.500000 0.612500
vt 0.484375 0.612500
vt 0.468750 0.612500
vt 0.453125 0.612500
vt 0.437500 0.612500
vt 0.421875 0.612500
vt 0.406250 0.612500
vt 0.390625 0.575000
vt 0.625000 0.575000
vt 0.375000 0.575000
vt 0.609375 0.575000
vt 0.593750 0.575000
vt 0.578125 0.575000
vt 0.562500 0.575000
vt 0.546875 0.575000
vt 0.531250 0.575000
vt 0.515625 0.575000
vt 0.500000 0.575000
vt 0.484375 0.575000
vt 0.468750 0.575000
vt 0.453125 0.575000
vt 0.437500 0.575000
vt 0.421875 0.575000
vt 0.406250 0.575000
vt 0.390625 0.537500
vt 0.625000 0.537500
vt 0.375000 0.537500
vt 0.609375 0.537500
vt 0.593750 0.537500
vt 0.578125 0.537500
vt 0.562500 0.537500
vt 0.546875 0.537500
vt 0.531250 0.537500
vt 0.515625 0.537500
vt 0.500000 0.537500
vt 0.484375 0.537500
vt 0.468750 0.537500
vt 0.453125 0.537500
vt 0.437500 0.537500
vt 0.421875 0.537500
vt 0.406250 0.537500
vt 0.390625 0.500000
vt 0.625000 0.500000
vt 0.375000 0.500000
vt 0.609375 0.500000
vt 0.593750 0.500000
vt 0.578125 0.500000
vt 0.562500 0.500000
vt 0.546875 0.500000
vt 0.531250 0.500000
vt 0.515625 0.500000
vt 0.500000 0.500000
vt 0.484375 0.500000
vt 0.468750 0.500000
vt 0.453125 0.500000
vt 0.437500 0.500000
vt 0.421875 0.500000
vt 0.406250 0.500000
vt 0.390625 0.462500
vt 0.625000 0.462500
vt 0.375000 0.462500
vt 0.609375 0.462500
vt 0.593750 0.462500
vt 0.578125 0.462500
vt 0.562500 0.462500
vt 0.546875 0.462500
vt 0.531250 0.462500
vt 0.515625 0.462500
vt 0.500000 0.462500
vt 0.484375 0.462500
vt 0.468750 0.462500
vt 0.453125 0.462500
vt 0.437500 0.462500
vt 0.421875 0.462500
vt 0.406250 0.462500
vt 0.390625 0.425000
vt 0.625000 0.425000
vt 0.375000 0.425000
vt 0.609375 0.425000
vt 0.593750 0.425000
vt 0.578125 0.425000
vt 0.562500 0.425000
vt 0.546875 0.425000
vt 0.531250 0.425000
vt 0.515625 0.425000
vt 0.500000 0.425000
vt 0.484375 0.425000
vt 0.468750 0.425000
vt 0.453125 0.425000
vt 0.437500 0.425000
vt 0.421875 0.425000
vt 0.406250 0.425000
vt 0.390625 0.387500
vt 0.625000 0.387500
vt 0.375000 0.387500
vt 0.609375 0.387500
vt 0.593750 0.387500
vt 0.578125 0.387500
vt 0.562500 0.387500
vt 0.546875 0.387500
vt 0.531250 0.387500
vt 0.515625 0.387500
vt 0.500000 0.387500
vt 0.484375 0.387500
vt 0.468750 0.387500
vt 0.453125 0.387500
vt 0.437500 0.387500
vt 0.421875 0.387500
vt 0.406250 0.387500
vt 0.390625 0.350000
vt 0.625000 0.350000
vt 0.375000 0.350000
vt 0.609375 0.350000
vt 0.593750 0.350000
vt 0.578125 0.350000
vt 0.562500 0.350000
vt 0.546875 0.350000
vt 0.531250 0.350000
vt 0.515625 0.350000
vt 0.500000 0.350000
vt 0.484375 0.350000
vt 0.468750 0.350000
vt 0.453125 0.350000
vt 0.437500 0.350000
vt 0.421875 0.350000
vt 0.406250 0.350000
vt 0.500000 0.990347
vt 0.496605 0.867234
vt 0.438753 0.754819
vt 0.500000 0.759653
vt 0.493224 0.750000
vt 0.377156 0.750000
vt 0.479673 0.000000
vt 0.365347 0.004188
vt 0.134653 0.004188
vt 0.131467 0.000000
vt 0.411119 0.006935
vt 0.409766 0.245850
vt 0.365347 0.245812
vt 0.455370 0.009779
vt 0.454837 0.245845
vt 0.500007 0.004184
vt 0.500000 0.245812
vt 0.634653 0.004188
vt 0.520327 0.000000
vt 0.868533 0.000000
vt 0.865347 0.004188
vt 0.506776 0.750000
vt 0.503395 0.867234
vt 0.561247 0.754819
vt 0.622844 0.750000
vt 0.544639 0.004612
vt 0.545163 0.245844
vt 0.588886 0.004376
vt 0.590234 0.245850
vt 0.634653 0.245812
vt 0.370524 0.250000
vt 0.129476 0.250000
vt 0.134653 0.245812
vt 0.375000 0.254476
vt 0.437689 0.257081
vt 0.437644 0.492916
vt 0.375000 0.495524
vt 0.500000 0.259653
vt 0.500000 0.490347
vt 0.562311 0.257081
vt 0.562356 0.492916
vt 0.625000 0.254476
vt 0.625000 0.495524
vt 0.629476 0.250000
vt 0.865347 0.245812
vt 0.870524 0.250000
vt 0.125000 0.248106
vt 0.125000 0.001894
vt 0.375000 0.501894
vt 0.437520 0.503032
vt 0.437567 0.746963
vt 0.375000 0.748106
vt 0.500007 0.504184
vt 0.500000 0.745812
vt 0.562487 0.503032
vt 0.562433 0.746963
vt 0.625000 0.501894
vt 0.625000 0.748106
vt 0.875000 0.248106
vt 0.875000 0.001894
vt 0.486140 0.000000
vt 0.495380 0.750000
vt 0.497844 0.750000
vt 0.500000 0.750000
vt 0.493532 0.000000
vt 0.500000 0.000000
vt 0.500003 0.137402
vt 0.438365 0.434023
vt 0.502156 0.750000
vt 0.504620 0.750000
vt 0.513860 0.000000
vt 0.561639 0.036223
vt 0.506468 0.000000
vt 0.500000 0.253693
vt 0.448462 0.253260
vt 0.375000 0.250000
vt 0.452672 0.249146
vt 0.500000 0.249491
vt 0.625000 0.250000
vt 0.551538 0.253260
vt 0.547328 0.249146
vt 0.500003 0.500224
vt 0.442423 0.500417
vt 0.375000 0.500000
vt 0.125000 0.250000
vt 0.446467 0.496615
vt 0.500001 0.496172
vt 0.875000 0.250000
vt 0.625000 0.500000
vt 0.557581 0.500417
vt 0.553535 0.496615
vt 0.500000 0.753257
vt 0.447771 0.752505
vt 0.375000 0.750000
vt 0.125000 0.000000
vt 0.447480 0.749332
vt 0.500000 0.749503
vt 0.875000 0.000000
vt 0.625000 0.750000
vt 0.552229 0.752505
vt 0.552520 0.749332
vn 0.770477 -0.537506 -0.342714
vn 0.608127 -0.424209 -0.670990
vn 0.647168 -0.410393 -0.642457
vn 0.798617 -0.503922 -0.329050
vn 0.312400 -0.217932 -0.924614
vn 0.375924 -0.241413 -0.894651
vn -0.075121 0.052390 -0.995797
vn 0.005562 -0.007947 -0.999953
vn -0.427247 0.298000 -0.853614
vn -0.367941 0.230418 -0.900848
vn -0.660855 0.461023 -0.592224
vn -0.643182 0.408048 -0.647930
vn -0.783014 0.546225 -0.297536
vn -0.795575 0.507248 -0.331300
vn -0.820177 0.572110 0.000000
vn -0.842862 0.538130 -0.000000
vn -0.783014 0.546225 0.297536
vn -0.795575 0.507248 0.331300
vn -0.660855 0.461023 0.592224
vn -0.643182 0.408048 0.647930
vn -0.427241 0.298026 0.853607
vn -0.367938 0.230449 0.900841
vn -0.075118 0.052438 0.995795
vn 0.005562 -0.007951 0.999953
vn 0.312399 -0.217968 0.924606
vn 0.375923 -0.241421 0.894650
vn 0.608127 -0.424209 0.670990
vn 0.647168 -0.410393 0.642457
vn 0.770477 -0.537506 0.342714
vn 0.798617 -0.503922 0.329050
vn 0.820163 -0.572131 0.000000
vn 0.846082 -0.533053 0.000000
vn 0.000000 -1.000000 0.000000
vn 0.000000 -1.000000 0.000000
vn 0.000000 -1.000000 -0.000000
vn 0.000000 -1.000000 -0.000000
vn 0.000000 -1.000000 -0.000000
vn 0.000000 -1.000000 -0.000000
vn 0.000000 -1.000000 -0.000000
vn 0.000000 -1.000000 0.000000
vn 0.000000 -1.000000 0.000000
vn 0.000000 -1.000000 -0.000000
vn 0.000000 -1.000000 -0.000000
vn 0.000000 -1.000000 0.000000
vn 0.000000 -1.000000 -0.000000
vn 0.000000 -1.000000 0.000000
vn 0.000000 -1.000000 0.000000
vn 0.000000 -1.000000 0.000000
vn 0.000000 -1.000000 0.000000
vn 0.000000 1.000000 0.000005
vn 0.000000 1.000000 0.000000
vn 0.000000 1.000000 0.000000
vn 0.000000 1.000000 0.000002
vn 0.000000 1.000000 0.000001
vn 0.000000 1.000000 -0.000001
vn 0.000000 1.000000 0.000000
vn 0.000000 1.000000 -0.000005
vn 0.000000 1.000000 0.000000
vn 0.000000 1.000000 0.000005
vn 0.000000 1.000000 0.000000
vn 0.000000 1.000000 0.000000
vn 0.000000 1.000000 -0.000001
vn 0.000000 1.000000 0.000001
vn 0.000000 1.000000 0.000002
vn 0.000000 1.000000 -0.000005
vn 0.000000 1.000000 0.000000
vn 0.798617 0.503922 -0.329050
vn 0.647168 0.410394 -0.642456
vn 0.608128 0.424210 -0.670989
vn 0.770477 0.537506 -0.342713
vn 0.846082 0.533053 0.000000
vn 0.820163 0.572131 0.000000
vn 0.798617 0.503922 0.329051
vn 0.770477 0.537506 0.342715
vn 0.647168 0.410393 0.642458
vn 0.608127 0.424210 0.670990
vn 0.375924 0.241421 0.894649
vn 0.312399 0.217968 0.924606
vn 0.005562 0.007951 0.999953
vn -0.075118 -0.052438 0.995795
vn -0.367938 -0.230449 0.900841
vn -0.427241 -0.298026 0.853607
vn -0.643182 -0.408048 0.647930
vn -0.660854 -0.461022 0.592225
vn -0.795575 -0.507248 0.331300
vn -0.783014 -0.546225 0.297537
vn -0.842862 -0.538130 0.000000
vn -0.820177 -0.572110 0.000000
vn -0.795575 -0.507248 -0.331300
vn -0.783014 -0.546225 -0.297537
vn -0.643182 -0.408048 -0.647930
vn -0.660854 -0.461022 -0.592225
vn -0.367944 -0.230380 -0.900857
vn -0.427249 -0.297986 -0.853618
vn 0.005562 0.007948 -0.999953
vn -0.075122 -0.052384 -0.995798
vn 0.375930 0.241359 -0.894663
vn 0.312405 0.217874 -0.924627
vn 0.841206 0.415603 -0.345899
vn 0.669988 0.333077 -0.663457
vn 0.896883 0.442268 0.000000
vn 0.841206 0.415603 0.345899
vn 0.669987 0.333077 0.663458
vn 0.381625 0.192651 0.904018
vn 0.007308 0.007844 0.999943
vn -0.370350 -0.181317 0.911024
vn -0.664143 -0.330297 0.670685
vn -0.837863 -0.419254 0.349590
vn -0.893970 -0.448128 0.000000
vn -0.837863 -0.419254 -0.349589
vn -0.664143 -0.330297 -0.670685
vn -0.370355 -0.181258 -0.911034
vn 0.007308 0.007834 -0.999943
vn 0.381629 0.192602 -0.904027
vn 0.882648 0.299625 -0.362158
vn 0.691313 0.236387 -0.682794
vn 0.947148 0.320797 0.000000
vn 0.882648 0.299625 0.362158
vn 0.691313 0.236387 0.682794
vn 0.386874 0.134623 0.912253
vn 0.009030 0.006407 0.999939
vn -0.372134 -0.124983 0.919726
vn -0.683262 -0.233696 0.691765
vn -0.879270 -0.302896 0.367613
vn -0.945264 -0.326306 0.000000
vn -0.879270 -0.302896 -0.367613
vn -0.683263 -0.233696 -0.691765
vn -0.372137 -0.124946 -0.919730
vn 0.009031 0.006398 -0.999939
vn 0.386877 0.134590 -0.912257
vn 0.913780 0.157879 -0.374272
vn 0.706819 0.123104 -0.696600
vn 0.985471 0.169847 0.000000
vn 0.913780 0.157879 0.374273
vn 0.706819 0.123104 0.696600
vn 0.390659 0.069346 0.917920
vn 0.010372 0.003643 0.999940
vn -0.373147 -0.063719 0.925582
vn -0.696778 -0.121378 0.706942
vn -0.910518 -0.159863 0.381314
vn -0.984867 -0.173311 0.000000
vn -0.910518 -0.159863 -0.381314
vn -0.696779 -0.121378 -0.706942
vn -0.373208 -0.063693 -0.925559
vn 0.010365 0.003651 -0.999940
vn 0.390727 0.069334 -0.917892
vn 0.925477 0.000000 -0.378805
vn 0.712544 -0.000000 -0.701627
vn 1.000000 0.000000 0.000000
vn 0.925477 -0.000000 0.378805
vn 0.712544 -0.000000 0.701627
vn 0.392053 -0.000000 0.919943
vn 0.010883 -0.000000 0.999941
vn -0.373460 -0.000000 0.927646
vn -0.701666 0.000000 0.712506
vn -0.922290 0.000000 0.386499
vn -1.000000 0.000000 0.000000
vn -0.922290 0.000000 -0.386499
vn -0.701666 -0.000000 -0.712506
vn -0.373528 0.000010 -0.927619
vn 0.010891 0.000011 -0.999941
vn 0.392113 0.000002 -0.919917
vn 0.913780 -0.157879 -0.374272
vn 0.706819 -0.123104 -0.696600
vn 0.985471 -0.169847 0.000000
vn 0.913780 -0.157879 0.374272
vn 0.706819 -0.123104 0.696600
vn 0.390659 -0.069346 0.917920
vn 0.010372 -0.003643 0.999940
vn -0.373147 0.063719 0.925582
vn -0.696779 0.121378 0.706942
vn -0.910518 0.159863 0.381314
vn -0.984867 0.173311 0.000000
vn -0.910518 0.159863 -0.381314
vn -0.696779 0.121378 -0.706942
vn -0.373147 0.063719 -0.925582
vn 0.010372 -0.003643 -0.999940
vn 0.390659 -0.069346 -0.917920
vn 0.882648 -0.299625 -0.362158
vn 0.691313 -0.236387 -0.682794
vn 0.947148 -0.320797 0.000000
vn 0.882647 -0.299625 0.362158
vn 0.691313 -0.236387 0.682794
vn 0.386875 -0.134623 0.912253
vn 0.009030 -0.006407 0.999939
vn -0.372135 0.124983 0.919725
vn -0.683262 0.233696 0.691765
vn -0.879269 0.302896 0.367613
vn -0.945264 0.326306 0.000000
vn -0.879270 0.302896 -0.367613
vn -0.683262 0.233696 -0.691765
vn -0.372215 0.124979 -0.919694
vn 0.009068 -0.006407 -0.999938
vn 0.386922 -0.134620 -0.912233
vn 0.841206 -0.415604 -0.345899
vn 0.669988 -0.333077 -0.663458
vn 0.896883 -0.442268 0.000000
vn 0.841206 -0.415603 0.345899
vn 0.669988 -0.333077 0.663458
vn 0.381625 -0.192651 0.904018
vn 0.007308 -0.007844 0.999943
vn -0.370351 0.181317 0.911024
vn -0.664143 0.330297 0.670685
vn -0.837862 0.419254 0.349590
vn -0.893970 0.448128 -0.000000
vn -0.837863 0.419254 -0.349590
vn -0.664143 0.330297 -0.670685
vn -0.370398 0.181314 -0.911005
vn 0.007270 -0.007844 -0.999943
vn 0.381704 -0.192644 -0.903986
vn 0.000000 -0.999999 0.001633
vn -0.100078 -0.994979 0.001481
vn -0.100078 -0.994978 -0.001481
vn -0.000000 -0.999999 -0.001633
vn -0.351902 -0.936034 0.002246
vn -0.546134 -0.837694 0.002668
vn -0.546134 -0.837693 -0.002668
vn -0.351902 -0.936034 -0.002246
vn -0.999966 -0.006087 0.005568
vn -0.999966 -0.006087 -0.005568
vn -0.862402 -0.004338 0.506206
vn -0.862402 0.004338 0.506206
vn -0.999966 0.006087 0.005568
vn -0.493863 -0.004312 0.869529
vn -0.493864 0.004312 0.869529
vn 0.000000 -0.004271 0.999991
vn -0.000000 0.004271 0.999991
vn 0.999966 -0.006087 0.005568
vn 0.546134 -0.837694 0.002668
vn 0.546133 -0.837694 -0.002668
vn 0.999966 -0.006087 -0.005568
vn 0.351902 -0.936034 0.002246
vn 0.351902 -0.936034 -0.002246
vn 0.100071 -0.994979 0.001481
vn 0.100071 -0.994979 -0.001480
vn 0.493863 -0.004312 0.869529
vn 0.493863 0.004311 0.869529
vn 0.862402 -0.004339 0.506206
vn 0.862402 0.004339 0.506206
vn 0.999966 0.006087 0.005568
vn -0.814813 0.579713 0.003678
vn -0.814812 0.579713 -0.003678
vn -0.999966 0.006087 -0.005568
vn -0.351890 0.936040 0.001898
vn -0.212203 0.977224 0.001831
vn -0.212203 0.977224 -0.001831
vn -0.351891 0.936039 -0.001898
vn -0.000000 0.999999 0.001633
vn 0.000000 0.999999 -0.001633
vn 0.212194 0.977226 0.001831
vn 0.212195 0.977226 -0.001831
vn 0.351890 0.936039 0.001898
vn 0.351891 0.936039 -0.001898
vn 0.814810 0.579716 0.003678
vn 0.999966 0.006087 -0.005568
vn 0.814811 0.579716 -0.003678
vn -0.862412 0.004338 -0.506188
vn -0.862412 -0.004338 -0.506188
vn -0.701309 0.004496 -0.712843
vn -0.701309 -0.004497 -0.712843
vn -0.254631 0.003839 -0.967031
vn -0.000000 0.004271 -0.999991
vn 0.000000 -0.004271 -0.999991
vn -0.254631 -0.003839 -0.967031
vn 0.254631 0.003839 -0.967031
vn 0.254631 -0.003839 -0.967031
vn 0.701309 0.004496 -0.712843
vn 0.862412 0.004339 -0.506188
vn 0.862412 -0.004339 -0.506188
vn 0.701309 -0.004496 -0.712843
vn -0.823416 -0.530032 0.202616
vn -0.446147 -0.838914 0.311731
vn -0.253094 -0.932497 0.257669
vn 0.000001 -0.995747 0.092125
vn -0.090240 -0.991685 0.091746
vn 0.000006 -0.934098 0.357016
vn 0.000006 -0.934098 0.357016
vn -0.305328 -0.838183 0.451913
vn 0.000008 -0.535087 0.844797
vn -0.197129 -0.524563 0.828236
vn 0.090247 -0.991684 0.091753
vn 0.253090 -0.932492 0.257690
vn 0.446135 -0.838918 0.311737
vn 0.823319 -0.530194 0.202583
vn 0.305334 -0.838168 0.451934
vn 0.197138 -0.524611 0.828203
vn -0.000001 0.995748 0.092125
vn -0.090234 0.991686 0.091746
vn -0.253094 0.932497 0.257669
vn -0.446138 0.838919 0.311731
vn -0.823431 0.530007 0.202621
vn -0.305341 0.838183 0.451902
vn -0.000008 0.535092 0.844794
vn -0.197147 0.524565 0.828230
vn -0.000003 0.934107 0.356994
vn -0.000003 0.934107 0.356994
vn 0.823293 0.530234 0.202587
vn 0.446163 0.838899 0.311750
vn 0.253105 0.932492 0.257676
vn 0.090238 0.991685 0.091752
vn 0.305362 0.838160 0.451932
vn 0.197123 0.524618 0.828202
vn -0.000013 0.535016 -0.844842
vn -0.197113 0.524520 -0.828266
vn -0.305361 0.838177 -0.451901
vn -0.446184 0.838898 -0.311721
vn -0.823415 0.530032 -0.202617
vn -0.253115 0.932493 -0.257662
vn 0.000002 0.995748 -0.092120
vn -0.090230 0.991687 -0.091740
vn 0.000007 0.934107 -0.356994
vn 0.000007 0.934107 -0.356994
vn 0.823316 0.530197 -0.202586
vn 0.446172 0.838903 -0.311725
vn 0.305354 0.838179 -0.451901
vn 0.197087 0.524521 -0.828272
vn 0.253102 0.932493 -0.257674
vn 0.090239 0.991685 -0.091748
vn -0.000002 -0.995748 -0.092119
vn -0.090228 -0.991687 -0.091741
vn -0.253082 -0.932501 -0.257664
vn -0.446155 -0.838911 -0.311727
vn -0.823456 -0.529972 -0.202606
vn -0.305348 -0.838177 -0.451910
vn 0.000004 -0.535011 -0.844845
vn -0.197086 -0.524518 -0.828274
vn 0.000006 -0.934104 -0.357002
vn 0.000006 -0.934104 -0.357002
vn 0.823315 -0.530204 -0.202574
vn 0.446158 -0.838911 -0.311724
vn 0.253085 -0.932497 -0.257676
vn 0.090232 -0.991686 -0.091746
vn 0.305334 -0.838183 -0.451908
vn 0.197094 -0.524517 -0.828273
s 1
g smallcabinetrighthandle1
usemtl initialShadingGroup
f 259/339/335 260/340/336 421/527/337 422/529/338
f 260/340/336 261/341/339 436/543/340 421/527/337
f 261/341/339 262/342/341 435/542/342 436/543/340
f 262/342/341 263/343/343 434/541/344 435/542/342
f 263/343/343 264/344/345 433/540/346 434/541/344
f 264/344/345 265/345/347 432/539/348 433/540/346
f 265/345/347 266/346/349 431/538/350 432/539/348
f 266/346/349 267/347/351 430/537/352 431/538/350
f 267/347/351 268/348/353 429/536/354 430/537/352
f 268/348/353 269/349/355 428/535/356 429/536/354
f 269/349/355 270/350/357 427/534/358 428/535/356
f 270/350/357 271/351/359 426/533/360 427/534/358
f 271/351/359 272/352/361 425/532/362 426/533/360
f 272/352/361 273/353/363 424/531/364 425/532/362
f 273/353/363 274/354/365 423/530/366 424/531/364
f 274/354/365 259/355/335 422/528/338 423/530/366
s 2
f 260/324/367 259/323/368 291/389/369
f 261/325/370 260/324/367 291/389/369
f 262/326/371 261/325/370 291/389/369
f 263/327/372 262/326/371 291/389/369
f 264/328/373 263/327/372 291/389/369
f 265/329/374 264/328/373 291/389/369
f 266/330/375 265/329/374 291/389/369
f 267/331/376 266/330/375 291/389/369
f 268/332/377 267/331/376 291/389/369
f 269/333/378 268/332/377 291/389/369
f 270/334/379 269/333/378 291/389/369
f 271/335/380 270/334/379 291/389/369
f 272/336/381 271/335/380 291/389/369
f 273/337/382 272/336/381 291/389/369
f 274/338/383 273/337/382 291/389/369
f 259/323/368 274/338/383 291/389/369
s 3
f 275/387/384 276/386/385 292/390/386
f 276/386/385 277/385/387 292/390/386
f 277/385/387 278/384/388 292/390/386
f 278/384/388 279/383/389 292/390/386
f 279/383/389 280/382/390 292/390/386
f 280/382/390 281/381/391 292/390/386
f 281/381/391 282/380/392 292/390/386
f 282/380/392 283/379/393 292/390/386
f 283/379/393 284/378/394 292/390/386
f 284/378/394 285/377/395 292/390/386
f 285/377/395 286/376/396 292/390/386
f 286/376/396 287/375/397 292/390/386
f 287/375/397 288/374/398 292/390/386
f 288/374/398 289/373/399 292/390/386
f 289/373/399 290/388/400 292/390/386
f 290/388/400 275/387/384 292/390/386
s 1
f 294/393/401 293/391/402 276/357/403 275/356/404
f 295/394/405 294/392/401 275/372/404 290/371/406
f 296/395/407 295/394/405 290/371/406 289/370/408
f 297/396/409 296/395/407 289/370/408 288/369/410
f 298/397/411 297/396/409 288/369/410 287/368/412
f 299/398/413 298/397/411 287/368/412 286/367/414
f 300/399/415 299/398/413 286/367/414 285/366/416
f 301/400/417 300/399/415 285/366/416 284/365/418
f 302/401/419 301/400/417 284/365/418 283/364/420
f 303/402/421 302/401/419 283/364/420 282/363/422
f 304/403/423 303/402/421 282/363/422 281/362/424
f 305/404/425 304/403/423 281/362/424 280/361/426
f 306/405/427 305/404/425 280/361/426 279/360/428
f 307/406/429 306/405/427 279/360/428 278/359/430
f 308/407/431 307/406/429 278/359/430 277/358/432
f 293/391/402 308/407/431 277/358/432 276/357/403
f 310/410/433 309/408/434 293/391/402 294/393/401
f 311/411/435 310/409/433 294/392/401 295/394/405
f 312/412/436 311/411/435 295/394/405 296/395/407
f 313/413/437 312/412/436 296/395/407 297/396/409
f 314/414/438 313/413/437 297/396/409 298/397/411
f 315/415/439 314/414/438 298/397/411 299/398/413
f 316/416/440 315/415/439 299/398/413 300/399/415
f 317/417/441 316/416/440 300/399/415 301/400/417
f 318/418/442 317/417/441 301/400/417 302/401/419
f 319/419/443 318/418/442 302/401/419 303/402/421
f 320/420/444 319/419/443 303/402/421 304/403/423
f 321/421/445 320/420/444 304/403/423 305/404/425
f 322/422/446 321/421/445 305/404/425 306/405/427
f 323/423/447 322/422/446 306/405/427 307/406/429
f 324/424/448 323/423/447 307/406/429 308/407/431
f 309/408/434 324/424/448 308/407/431 293/391/402
f 326/427/449 325/425/450 309/408/434 310/410/433
f 327/428/451 326/426/449 310/409/433 311/411/435
f 328/429/452 327/428/451 311/411/435 312/412/436
f 329/430/453 328/429/452 312/412/436 313/413/437
f 330/431/454 329/430/453 313/413/437 314/414/438
f 331/432/455 330/431/454 314/414/438 315/415/439
f 332/433/456 331/432/455 315/415/439 316/416/440
f 333/434/457 332/433/456 316/416/440 317/417/441
f 334/435/458 333/434/457 317/417/441 318/418/442
f 335/436/459 334/435/458 318/418/442 319/419/443
f 336/437/460 335/436/459 319/419/443 320/420/444
f 337/438/461 336/437/460 320/420/444 321/421/445
f 338/439/462 337/438/461 321/421/445 322/422/446
f 339/440/463 338/439/462 322/422/446 323/423/447
f 340/441/464 339/440/463 323/423/447 324/424/448
f 325/425/450 340/441/464 324/424/448 309/408/434
f 342/444/465 341/442/466 325/425/450 326/427/449
f 343/445/467 342/443/465 326/426/449 327/428/451
f 344/446/468 343/445/467 327/428/451 328/429/452
f 345/447/469 344/446/468 328/429/452 329/430/453
f 346/448/470 345/447/469 329/430/453 330/431/454
f 347/449/471 346/448/470 330/431/454 331/432/455
f 348/450/472 347/449/471 331/432/455 332/433/456
f 349/451/473 348/450/472 332/433/456 333/434/457
f 350/452/474 349/451/473 333/434/457 334/435/458
f 351/453/475 350/452/474 334/435/458 335/436/459
f 352/454/476 351/453/475 335/436/459 336/437/460
f 353/455/477 352/454/476 336/437/460 337/438/461
f 354/456/478 353/455/477 337/438/461 338/439/462
f 355/457/479 354/456/478 338/439/462 339/440/463
f 356/458/480 355/457/479 339/440/463 340/441/464
f 341/442/466 356/458/480 340/441/464 325/425/450
f 358/461/481 357/459/482 341/442/466 342/444/465
f 359/462/483 358/460/481 342/443/465 343/445/467
f 360/463/484 359/462/483 343/445/467 344/446/468
f 361/464/485 360/463/484 344/446/468 345/447/469
f 362/465/486 361/464/485 345/447/469 346/448/470
f 363/466/487 362/465/486 346/448/470 347/449/471
f 364/467/488 363/466/487 347/449/471 348/450/472
f 365/468/489 364/467/488 348/450/472 349/451/473
f 366/469/490 365/468/489 349/451/473 350/452/474
f 367/470/491 366/469/490 350/452/474 351/453/475
f 368/471/492 367/470/491 351/453/475 352/454/476
f 369/472/493 368/471/492 352/454/476 353/455/477
f 370/473/494 369/472/493 353/455/477 354/456/478
f 371/474/495 370/473/494 354/456/478 355/457/479
f 372/475/496 371/474/495 355/457/479 356/458/480
f 357/459/482 372/475/496 356/458/480 341/442/466
f 374/478/497 373/476/498 357/459/482 358/461/481
f 375/479/499 374/477/497 358/460/481 359/462/483
f 376/480/500 375/479/499 359/462/483 360/463/484
f 377/481/501 376/480/500 360/463/484 361/464/485
f 378/482/502 377/481/501 361/464/485 362/465/486
f 379/483/503 378/482/502 362/465/486 363/466/487
f 380/484/504 379/483/503 363/466/487 364/467/488
f 381/485/505 380/484/504 364/467/488 365/468/489
f 382/486/506 381/485/505 365/468/489 366/469/490
f 383/487/507 382/486/506 366/469/490 367/470/491
f 384/488/508 383/487/507 367/470/491 368/471/492
f 385/489/509 384/488/508 368/471/492 369/472/493
f 386/490/510 385/489/509 369/472/493 370/473/494
f 387/491/511 386/490/510 370/473/494 371/474/495
f 388/492/512 387/491/511 371/474/495 372/475/496
f 373/476/498 388/492/512 372/475/496 357/459/482
f 390/495/513 389/493/514 373/476/498 374/478/497
f 391/496/515 390/494/513 374/477/497 375/479/499
f 392/497/516 391/496/515 375/479/499 376/480/500
f 393/498/517 392/497/516 376/480/500 377/481/501
f 394/499/518 393/498/517 377/481/501 378/482/502
f 395/500/519 394/499/518 378/482/502 379/483/503
f 396/501/520 395/500/519 379/483/503 380/484/504
f 397/502/521 396/501/520 380/484/504 381/485/505
f 398/503/522 397/502/521 381/485/505 382/486/506
f 399/504/523 398/503/522 382/486/506 383/487/507
f 400/505/524 399/504/523 383/487/507 384/488/508
f 401/506/525 400/505/524 384/488/508 385/489/509
f 402/507/526 401/506/525 385/489/509 386/490/510
f 403/508/527 402/507/526 386/490/510 387/491/511
f 404/509/528 403/508/527 387/491/511 388/492/512
f 389/493/514 404/509/528 388/492/512 373/476/498
f 406/512/529 405/510/530 389/493/514 390/495/513
f 407/513/531 406/511/529 390/494/513 391/496/515
f 408/514/532 407/513/531 391/496/515 392/497/516
f 409/515/533 408/514/532 392/497/516 393/498/517
f 410/516/534 409/515/533 393/498/517 394/499/518
f 411/517/535 410/516/534 394/499/518 395/500/519
f 412/518/536 411/517/535 395/500/519 396/501/520
f 413/519/537 412/518/536 396/501/520 397/502/521
f 414/520/538 413/519/537 397/502/521 398/503/522
f 415/521/539 414/520/538 398/503/522 399/504/523
f 416/522/540 415/521/539 399/504/523 400/505/524
f 417/523/541 416/522/540 400/505/524 401/506/525
f 418/524/542 417/523/541 401/506/525 402/507/526
f 419/525/543 418/524/542 402/507/526 403/508/527
f 420/526/544 419/525/543 403/508/527 404/509/528
f 405/510/530 420/526/544 404/509/528 389/493/514
f 422/529/338 421/527/337 405/510/530 406/512/529
f 423/530/366 422/528/338 406/511/529 407/513/531
f 424/531/364 423/530/366 407/513/531 408/514/532
f 425/532/362 424/531/364 408/514/532 409/515/533
f 426/533/360 425/532/362 409/515/533 410/516/534
f 427/534/358 426/533/360 410/516/534 411/517/535
f 428/535/356 427/534/358 411/517/535 412/518/536
f 429/536/354 428/535/356 412/518/536 413/519/537
f 430/537/352 429/536/354 413/519/537 414/520/538
f 431/538/350 430/537/352 414/520/538 415/521/539
f 432/539/348 431/538/350 415/521/539 416/522/540
f 433/540/346 432/539/348 416/522/540 417/523/541
f 434/541/344 433/540/346 417/523/541 418/524/542
f 435/542/342 434/541/344 418/524/542 419/525/543
f 436/543/340 435/542/342 419/525/543 420/526/544
f 421/527/337 436/543/340 420/526/544 405/510/530
s 5
f 439/544/545 438/545/546 479/546/547 487/547/548
s 6
f 438/545/549 437/548/550 480/549/551 479/546/552
f 437/550/550 445/551/553 481/552/554 480/553/551
f 445/551/553 444/554/555 454/555/556 453/556/557
f 444/554/555 443/557/558 455/558/559 454/555/556
f 443/557/558 442/559/560 456/560/561 455/558/559
f 448/561/562 447/562/563 488/563/564 492/564/565
f 447/565/563 446/566/566 489/567/567 488/568/564
s 5
f 446/566/568 439/544/545 487/547/548 489/567/569
s 6
f 442/559/560 450/569/570 462/570/571 456/560/561
f 450/569/570 449/571/572 463/572/573 462/570/571
f 449/571/572 448/561/562 464/573/574 463/572/573
f 453/556/557 452/574/575 468/575/576 467/576/577
f 452/577/578 451/578/579 469/579/580 468/580/581
f 451/578/579 459/581/582 470/582/583 469/579/580
f 459/581/582 461/583/584 476/584/585 470/582/583
f 461/583/584 460/585/586 477/586/587 476/584/585
f 460/587/588 464/573/574 478/588/589 477/589/590
f 467/576/577 466/590/591 482/591/592 481/552/554
f 466/592/591 465/593/593 483/594/594 482/595/592
s 9
f 465/593/595 473/596/596 484/597/597 483/594/598
f 473/596/596 475/598/599 490/599/600 484/597/597
s 6
f 475/598/601 474/600/602 491/601/603 490/599/604
f 474/602/602 478/588/589 492/564/565 491/603/603
f 448/561/562 492/564/565 478/588/589 464/573/574
f 481/552/554 445/551/553 453/556/557 467/576/577
f 444/554/555 445/551/553 437/550/550 493/604/605
f 493/605/606 437/548/550 438/545/549 494/606/607
s 5
f 438/545/546 439/544/545 440/607/608 494/606/609
s 6
f 494/608/607 440/609/610 441/610/611 495/611/612
f 441/610/613 442/559/560 443/557/558 495/611/614
f 495/611/612 443/557/558 444/554/555 493/604/606
f 493/604/606 494/608/607 495/611/612
s 5
f 440/607/608 439/544/545 446/566/568 496/612/615
s 6
f 496/612/616 446/566/566 447/565/563 497/613/617
f 447/562/563 448/561/562 449/571/572 497/614/618
f 497/614/617 449/571/572 450/569/570 498/615/619
f 450/569/570 442/559/560 441/610/613 498/615/620
f 498/615/619 441/610/611 440/609/610 496/616/616
f 496/616/616 497/614/617 498/615/619
f 458/617/621 459/581/582 451/578/579 499/618/622
f 499/618/623 451/578/579 452/577/578 500/619/624
f 452/574/575 453/556/557 454/555/556 500/619/625
f 500/619/624 454/555/556 455/558/559 501/620/626
f 455/558/559 456/560/561 457/621/627 501/620/628
f 501/620/626 457/621/629 458/617/630 499/618/623
f 499/618/623 500/619/624 501/620/626
f 463/572/573 464/573/574 460/587/588 502/622/631
f 502/622/632 460/585/586 461/583/584 503/623/633
f 461/583/584 459/581/582 458/617/621 503/623/634
f 503/623/633 458/617/630 457/621/629 504/624/635
f 457/621/627 456/560/561 462/570/571 504/624/636
f 504/624/635 462/570/571 463/572/573 502/622/632
f 502/622/632 503/623/633 504/624/635
s 9
f 472/625/637 473/596/596 465/593/595 505/626/638
s 6
f 505/626/639 465/593/593 466/592/591 506/627/640
f 466/590/591 467/576/577 468/575/576 506/628/641
f 506/627/640 468/580/581 469/579/580 507/629/642
f 469/579/580 470/582/583 471/630/643 507/629/644
f 507/629/642 471/630/645 472/625/646 505/626/639
f 505/626/639 506/627/640 507/629/642
f 477/589/590 478/588/589 474/602/602 508/631/647
f 508/632/648 474/600/602 475/598/601 509/633/649
s 9
f 475/598/599 473/596/596 472/625/637 509/633/650
s 6
f 509/633/649 472/625/646 471/630/645 510/634/651
f 471/630/643 470/582/583 476/584/585 510/634/652
f 510/634/651 476/584/585 477/586/587 508/632/648
f 508/632/648 509/633/649 510/634/651
s 5
f 486/635/653 487/547/548 479/546/547 511/636/654
s 6
f 511/636/655 479/546/552 480/549/551 512/637/656
f 480/553/551 481/552/554 482/591/592 512/638/657
f 512/637/656 482/595/592 483/594/594 513/639/658
s 9
f 483/594/598 484/597/597 485/640/659 513/639/660
s 6
f 513/639/658 485/640/661 486/635/662 511/636/655
f 511/636/655 512/637/656 513/639/658
f 491/603/603 492/564/565 488/563/564 514/641/663
f 514/642/664 488/568/564 489/567/567 515/643/665
s 5
f 489/567/569 487/547/548 486/635/653 515/643/666
s 6
f 515/643/665 486/635/662 485/640/661 516/644/667
s 9
f 485/640/659 484/597/597 490/599/600 516/644/668
s 6
f 516/644/667 490/599/604 491/601/603 514/642/664
f 514/642/664 515/643/665 516/644/667
g default
v -16.888076 0.182114 38.946033
v -16.574051 0.048798 38.946033
v -16.145034 0.000000 38.946033
v -16.145034 0.048798 39.329029
v -16.145034 0.182114 39.609363
v -16.145034 0.364235 39.712024
v -16.574051 0.364235 39.609363
v -16.888076 0.364235 39.329029
v -17.003067 0.364235 38.946033
v 16.893540 0.048798 38.946033
v 17.207627 0.182114 38.946033
v 17.322556 0.364235 38.946033
v 17.207627 0.364235 39.329029
v 16.893540 0.364235 39.609363
v 16.464524 0.364235 39.712024
v 16.464524 0.182114 39.609363
v 16.464524 0.048798 39.329029
v 16.464524 0.000000 38.946033
v -16.574051 34.968060 38.946033
v -16.888076 34.834751 38.946033
v -17.003067 34.652611 38.946033
v -16.888076 34.652611 39.329029
v -16.574051 34.652611 39.609363
v -16.145034 34.652611 39.712024
v -16.145034 34.834751 39.609363
v -16.145034 34.968060 39.329029
v -16.145034 35.016830 38.946033
v 17.207627 34.834751 38.946033
v 16.893540 34.968060 38.946033
v 16.464524 35.016830 38.946033
v 16.464524 34.968060 39.329029
v 16.464524 34.834751 39.609363
v 16.464524 34.652611 39.712024
v 16.893540 34.652611 39.609363
v 17.207627 34.652611 39.329029
v 17.322556 34.652611 38.946033
v -16.574051 34.652611 -39.783703
v -16.888076 34.652611 -39.503308
v -17.003067 34.652611 -39.120373
v -16.888076 34.834751 -39.120373
v -16.574051 34.968060 -39.120373
v -16.145034 35.016830 -39.120373
v -16.145034 34.968060 -39.503308
v -16.145034 34.834751 -39.783703
v -16.145034 34.652611 -39.886242
v 17.207627 34.652611 -39.503308
v 16.893540 34.652611 -39.783703
v 16.464524 34.652611 -39.886242
v 16.464524 34.834751 -39.783703
v 16.464524 34.968060 -39.503308
v 16.464524 35.016830 -39.120373
v 16.893540 34.968060 -39.120373
v 17.207627 34.834751 -39.120373
v 17.322556 34.652611 -39.120373
v -16.574051 0.048798 -39.120373
v -16.888076 0.182114 -39.120373
v -17.003067 0.364235 -39.120373
v -16.888076 0.364235 -39.503308
v -16.574051 0.364235 -39.783703
v -16.145034 0.364235 -39.886242
v -16.145034 0.182114 -39.783703
v -16.145034 0.048798 -39.503308
v -16.145034 0.000000 -39.120373
v 17.207627 0.182114 -39.120373
v 16.893540 0.048798 -39.120373
v 16.464524 0.000000 -39.120373
v 16.464524 0.048798 -39.503308
v 16.464524 0.182114 -39.783703
v 16.464524 0.364235 -39.886242
v 16.893540 0.364235 -39.783703
v 17.207627 0.364235 -39.503308
v 17.322556 0.364235 -39.120373
v -16.823623 0.206852 39.277088
v -16.515762 0.076187 39.277088
v -16.515762 0.206852 39.551746
v 16.835312 0.076187 39.277088
v 17.143051 0.206852 39.277088
v 16.835312 0.206852 39.551746
v -16.515762 34.940666 39.277088
v -16.823623 34.810001 39.277088
v -16.515762 34.810001 39.551746
v 17.143051 34.810001 39.277088
v 16.835312 34.940666 39.277088
v 16.835312 34.810001 39.551746
v -16.515762 34.810001 -39.726086
v -16.823623 34.810001 -39.451306
v -16.515762 34.940666 -39.451306
v 17.143051 34.810001 -39.451306
v 16.835312 34.810001 -39.726086
v 16.835312 34.940666 -39.451306
v -16.515762 0.076187 -39.451306
v -16.823623 0.206852 -39.451306
v -16.515762 0.206852 -39.726086
v 17.143051 0.206852 -39.451306
v 16.835312 0.076187 -39.451306
v 16.835312 0.206852 -39.726086
v 17.322556 34.652611 -35.586437
v 17.207627 34.834751 -35.586437
v 16.893540 34.968060 -35.586437
v 16.464524 35.016830 -35.586437
v -16.145034 35.016830 -35.586437
v -16.574051 34.968060 -35.586437
v -16.888076 34.834751 -35.586437
v -17.003067 34.652611 -35.586437
v -17.003067 0.364235 -35.586437
v -16.888076 0.182114 -35.586437
v -16.574051 0.048798 -35.586437
v -16.145034 0.000000 -35.586437
v 16.464524 0.000000 -35.586437
v 16.893540 0.048798 -35.586437
v 17.207627 0.182114 -35.586437
v 17.322556 0.364235 -35.586437
v 16.893540 34.968060 36.000232
v 16.464524 35.016830 36.000232
v -16.145034 35.016830 36.000232
v -16.574051 34.968060 36.000232
v -16.888076 34.834751 36.000232
v -17.003067 34.652611 36.000232
v -17.003067 0.364235 36.000232
v -16.888076 0.182114 36.000232
v -16.574051 0.048798 36.000232
v -16.145034 0.000000 36.000232
v 16.464524 0.000000 36.000232
v 16.893540 0.048798 36.000232
v 17.207627 0.182114 36.000232
v 17.322556 0.364235 36.000232
v 17.322556 34.652611 36.000232
v 17.207627 34.834751 36.000232
v 17.322556 31.235798 38.946033
v 17.207627 31.235798 39.329029
v 16.893540 31.235798 39.609363
v 16.464524 31.235798 39.712024
v -16.145034 31.235798 39.712024
v -16.574051 31.235798 39.609363
v -16.888076 31.235798 39.329029
v -17.003067 31.235798 38.946033
v -17.003067 31.235798 36.000232
v -17.003067 31.235798 -35.586437
v -17.003067 31.235798 -39.120373
v -16.888076 31.235798 -39.503308
v -16.574051 31.235798 -39.783703
v -16.145034 31.235798 -39.886242
v 16.464524 31.235798 -39.886242
v 16.893540 31.235798 -39.783703
v 17.207627 31.235798 -39.503308
v 17.322556 31.235798 -39.120373
v 17.322556 31.235798 -35.586437
v 17.322556 31.235798 36.000232
v 17.207627 2.906277 39.329029
v 16.893540 2.906277 39.609363
v 16.464524 2.906277 39.712024
v -16.145034 2.906277 39.712024
v -16.574051 2.906277 39.609363
v -16.888076 2.906277 39.329029
v -17.003067 2.906277 38.946033
v -17.003067 2.906277 36.000232
v -17.003067 2.906277 -35.586437
v -17.003067 2.906277 -39.120373
v -16.888076 2.906277 -39.503308
v -16.574051 2.906277 -39.783703
v -16.145034 2.906277 -39.886242
v 16.464524 2.906277 -39.886242
v 16.893540 2.906277 -39.783703
v 17.207627 2.906277 -39.503308
v 17.322556 2.906277 -39.120373
v 17.322556 2.906277 -35.586437
v 17.322556 2.906277 36.000232
v 17.322556 2.906277 38.946033
v -13.827957 2.906277 36.000232
v -13.827957 31.235798 36.000232
v -13.827957 2.906277 -35.586437
v -13.827957 31.235798 -35.586437
vt 0.381249 0.997594
vt 0.381249 0.002601
vt 0.618751 0.997594
vt 0.627406 0.002600
vt 0.381249 0.247400
vt 0.618751 0.247400
vt 0.627406 0.247400
vt 0.127406 0.002600
vt 0.381249 0.497594
vt 0.618751 0.497594
vt 0.872594 0.247400
vt 0.872594 0.002600
vt 0.618751 0.752405
vt 0.381249 0.747400
vt 0.618751 0.747400
vt 0.618751 0.002601
vt 0.381249 0.252405
vt 0.618751 0.252405
vt 0.381249 0.502601
vt 0.618751 0.502601
vt 0.381249 0.752405
vt 0.372594 0.002600
vt 0.372594 0.247400
vt 0.127406 0.247400
vt 0.479232 0.750000
vt 0.437696 -0.000000
vt 0.430529 0.873075
vt 0.441957 -0.000000
vt 0.480652 0.750000
vt 0.411343 0.007179
vt 0.378712 0.005810
vt 0.376039 0.004188
vt 0.569471 0.873075
vt 0.562304 0.000000
vt 0.520768 0.750000
vt 0.623961 0.002588
vt 0.621288 0.002592
vt 0.588657 0.001297
vt 0.519348 0.750000
vt 0.558043 0.000000
vt 0.378127 0.251742
vt 0.373921 0.250000
vt 0.375000 0.251079
vt 0.375477 0.247413
vt 0.378365 0.247409
vt 0.381259 0.249067
vt 0.381259 0.250733
vt 0.625000 0.251079
vt 0.626079 0.250000
vt 0.621873 0.251742
vt 0.618742 0.250733
vt 0.618741 0.249067
vt 0.621635 0.247408
vt 0.624523 0.247412
vt 0.378127 0.501885
vt 0.125000 0.248832
vt 0.375000 0.501168
vt 0.375000 0.498921
vt 0.126079 0.250000
vt 0.378127 0.498258
vt 0.381258 0.499264
vt 0.381258 0.500929
vt 0.625000 0.501168
vt 0.875000 0.248832
vt 0.621873 0.501885
vt 0.618742 0.500929
vt 0.618742 0.499264
vt 0.621873 0.498258
vt 0.873921 0.250000
vt 0.625000 0.498921
vt 0.378353 0.751202
vt 0.126356 -0.000000
vt 0.375452 0.750000
vt 0.375000 0.748832
vt 0.125000 0.001168
vt 0.378127 0.748115
vt 0.381259 0.749069
vt 0.381259 0.750732
vt 0.624548 0.750000
vt 0.873644 0.000000
vt 0.621647 0.751202
vt 0.618741 0.750732
vt 0.618742 0.749069
vt 0.621873 0.748115
vt 0.875000 0.001168
vt 0.625000 0.748832
vt 0.439052 0.000000
vt 0.479684 0.750000
vt 0.440601 0.000000
vt 0.480200 0.750000
vt 0.389927 0.399841
vt 0.559399 0.000000
vt 0.519800 0.750000
vt 0.560948 0.000000
vt 0.520316 0.750000
vt 0.610073 0.001052
vt 0.378637 0.250601
vt 0.375000 0.250000
vt 0.378696 0.249011
vt 0.625000 0.250000
vt 0.621363 0.250601
vt 0.621304 0.249011
vt 0.378623 0.500772
vt 0.375000 0.500000
vt 0.125000 0.250000
vt 0.378623 0.499356
vt 0.625000 0.500000
vt 0.875000 0.250000
vt 0.621377 0.500772
vt 0.621377 0.499356
vt 0.378692 0.750478
vt 0.375000 0.750000
vt 0.125000 0.000000
vt 0.378637 0.749195
vt 0.625000 0.750000
vt 0.875000 0.000000
vt 0.621308 0.750478
vt 0.621363 0.749195
vt 0.861495 0.247400
vt 0.625000 0.487702
vt 0.862702 0.250000
vt 0.621873 0.487098
vt 0.618751 0.486495
vt 0.381249 0.486495
vt 0.378127 0.487098
vt 0.137298 0.250000
vt 0.375000 0.487702
vt 0.138505 0.247400
vt 0.138505 0.002600
vt 0.380150 0.750000
vt 0.140449 -0.000000
vt 0.380715 0.756718
vt 0.381249 0.763505
vt 0.618751 0.763505
vt 0.619285 0.756718
vt 0.859551 0.000000
vt 0.619850 0.750000
vt 0.861495 0.002600
vt 0.621873 0.261045
vt 0.618751 0.261658
vt 0.381249 0.261658
vt 0.378127 0.261045
vt 0.364568 0.250000
vt 0.375000 0.260432
vt 0.363342 0.247400
vt 0.363342 0.002600
vt 0.475316 0.750000
vt 0.425947 -0.000000
vt 0.428560 0.868476
vt 0.381249 0.988342
vt 0.618751 0.988342
vt 0.571440 0.868476
vt 0.574053 0.000000
vt 0.524684 0.750000
vt 0.636658 0.002600
vt 0.636658 0.247400
vt 0.625000 0.260432
vt 0.635432 0.250000
vt 0.627406 0.223006
vt 0.624467 0.223016
vt 0.621601 0.223013
vt 0.618751 0.223006
vt 0.381249 0.223006
vt 0.378399 0.223333
vt 0.375533 0.223175
vt 0.372594 0.223006
vt 0.363342 0.223006
vt 0.138505 0.223006
vt 0.127406 0.223006
vt 0.125000 0.224153
vt 0.375000 0.525847
vt 0.378127 0.526421
vt 0.381249 0.526995
vt 0.618751 0.526995
vt 0.621873 0.526421
vt 0.625000 0.525847
vt 0.875000 0.224153
vt 0.872594 0.223006
vt 0.861495 0.223006
vt 0.636658 0.223006
vt 0.624002 0.020738
vt 0.621314 0.020742
vt 0.618751 0.020749
vt 0.381249 0.020749
vt 0.378687 0.023722
vt 0.375998 0.022220
vt 0.372594 0.020749
vt 0.363342 0.020749
vt 0.138505 0.020749
vt 0.127406 0.020749
vt 0.125000 0.019529
vt 0.375000 0.730471
vt 0.378127 0.729860
vt 0.381249 0.729251
vt 0.618751 0.729251
vt 0.621873 0.729860
vt 0.625000 0.730471
vt 0.875000 0.019529
vt 0.872594 0.020749
vt 0.861495 0.020749
vt 0.636658 0.020749
vt 0.627406 0.020749
vt 0.636658 0.223006
vt 0.636658 0.020749
vt 0.861495 0.020749
vt 0.861495 0.223006
vn -0.001439 -0.999892 0.014618
vn -0.112011 -0.993652 0.010459
vn -0.113017 -0.993593 0.000000
vn -0.001477 -0.999999 0.000000
vn -0.390731 -0.920373 0.015561
vn -0.390745 -0.920403 0.013272
vn -0.390775 -0.920486 0.000000
vn -0.390775 -0.920486 0.000000
vn -0.847819 -0.529754 0.023743
vn -0.998594 -0.040771 0.033870
vn -0.999110 -0.042186 0.000000
vn -0.845490 -0.533992 0.000000
vn -0.003048 -0.037530 0.999291
vn -0.002141 -0.490642 0.871359
vn 0.002141 -0.490641 0.871359
vn 0.003048 -0.037530 0.999291
vn -0.001315 -0.903080 0.429470
vn -0.001267 -0.964304 0.264794
vn 0.001267 -0.964304 0.264794
vn 0.001315 -0.903080 0.429470
vn 0.001439 -0.999892 0.014618
vn -0.839397 -0.029640 0.542711
vn -0.839697 0.000000 0.543055
vn -0.999404 0.000000 0.034524
vn -0.665650 -0.030479 0.745642
vn -0.666026 0.000000 0.745929
vn -0.231613 -0.024568 0.972498
vn -0.003107 0.000000 0.999995
vn -0.232716 0.000000 0.972545
vn 0.998595 -0.040770 0.033853
vn 0.847827 -0.529741 0.023753
vn 0.845709 -0.533644 0.000000
vn 0.999111 -0.042148 0.000000
vn 0.390666 -0.920437 0.013269
vn 0.390653 -0.920406 0.015560
vn 0.390716 -0.920511 0.000000
vn 0.390716 -0.920511 0.000000
vn 0.112032 -0.993650 0.010463
vn 0.001477 -0.999999 0.000000
vn 0.113018 -0.993593 0.000000
vn 0.231611 -0.024567 0.972498
vn 0.232716 0.000000 0.972545
vn 0.003107 0.000000 0.999995
vn 0.665584 -0.030500 0.745700
vn 0.839398 -0.029645 0.542708
vn 0.839697 0.000000 0.543055
vn 0.665954 0.000000 0.745993
vn 0.999405 0.000000 0.034505
vn -0.998944 0.030859 0.034034
vn -0.847842 0.529718 0.023742
vn -0.845515 0.533952 0.000000
vn -0.999490 0.031944 0.000000
vn -0.390727 0.920411 0.013274
vn -0.238675 0.971014 0.012867
vn -0.238006 0.971264 0.000000
vn -0.390756 0.920494 0.000000
vn -0.001438 0.999892 0.014610
vn -0.001476 0.999999 0.000000
vn -0.001267 0.964316 0.264752
vn 0.001267 0.964316 0.264752
vn 0.001438 0.999892 0.014610
vn -0.001315 0.903088 0.429453
vn 0.001316 0.903088 0.429454
vn -0.002140 0.490607 0.871378
vn -0.003061 0.028415 0.999592
vn 0.003061 0.028415 0.999592
vn 0.002140 0.490606 0.871379
vn 0.238675 0.971014 0.012867
vn 0.237990 0.971268 0.000000
vn 0.001476 0.999999 0.000000
vn 0.390648 0.920445 0.013270
vn 0.390698 0.920519 0.000000
vn 0.847851 0.529703 0.023754
vn 0.998945 0.030859 0.034017
vn 0.999491 0.031915 0.000000
vn 0.845735 0.533604 0.000000
vn -0.999569 0.000000 -0.029345
vn -0.839674 0.000000 -0.543091
vn -0.839394 -0.029644 -0.542715
vn -0.998745 -0.040983 -0.028782
vn -0.666031 0.000000 -0.745924
vn -0.665717 -0.030503 -0.745581
vn -0.232419 0.000000 -0.972616
vn -0.003103 0.000000 -0.999995
vn -0.003044 -0.037486 -0.999293
vn -0.231319 -0.024551 -0.972568
vn -0.003059 0.028381 -0.999593
vn -0.002139 0.490166 -0.871627
vn 0.002139 0.490164 -0.871627
vn 0.003059 0.028381 -0.999593
vn -0.001315 0.903125 -0.429376
vn -0.001267 0.964316 -0.264752
vn 0.001266 0.964316 -0.264752
vn 0.001315 0.903125 -0.429377
vn -0.001444 0.999922 -0.012417
vn 0.001444 0.999922 -0.012417
vn 0.003103 0.000000 -0.999995
vn 0.232419 0.000000 -0.972616
vn 0.231315 -0.024552 -0.972569
vn 0.003044 -0.037486 -0.999293
vn 0.665959 0.000000 -0.745989
vn 0.839674 0.000000 -0.543091
vn 0.839395 -0.029658 -0.542711
vn 0.665651 -0.030509 -0.745639
vn 0.999570 0.000000 -0.029330
vn 0.998746 -0.040986 -0.028768
vn -0.001444 -0.999922 -0.012423
vn -0.001267 -0.964304 -0.264794
vn 0.001267 -0.964304 -0.264794
vn 0.001444 -0.999922 -0.012423
vn -0.001315 -0.903117 -0.429393
vn 0.001315 -0.903117 -0.429393
vn -0.002142 -0.490201 -0.871607
vn 0.002141 -0.490199 -0.871608
vn 1.000000 0.000000 0.000000
vn -1.000000 0.000000 0.000000
vn -0.845677 -0.481967 0.229211
vn -0.480391 -0.794716 0.371014
vn -0.276731 -0.908617 0.312785
vn -0.101533 -0.988311 0.113721
vn -0.322322 -0.787730 0.524967
vn -0.189173 -0.445581 0.875026
vn 0.101549 -0.988307 0.113739
vn 0.276771 -0.908599 0.312804
vn 0.480355 -0.794760 0.370966
vn 0.845727 -0.481836 0.229303
vn 0.322350 -0.787741 0.524933
vn 0.189146 -0.445476 0.875086
vn -0.101513 0.988314 0.113711
vn -0.276768 0.908600 0.312803
vn -0.480353 0.794744 0.371002
vn -0.839554 0.022364 0.542815
vn -0.845658 0.481995 0.229222
vn -0.665830 0.023034 0.745748
vn -0.322343 0.787729 0.524956
vn -0.231770 0.018515 0.972594
vn -0.189043 0.445567 0.875061
vn 0.839556 0.022363 0.542813
vn 0.845722 0.481833 0.229327
vn 0.480352 0.794756 0.370979
vn 0.276774 0.908590 0.312826
vn 0.101518 0.988314 0.113707
vn 0.322348 0.787726 0.524957
vn 0.231771 0.018515 0.972594
vn 0.189062 0.445455 0.875115
vn 0.665763 0.023041 0.745808
vn -0.231617 0.018502 -0.972631
vn -0.188926 0.445344 -0.875200
vn -0.322421 0.787771 -0.524845
vn -0.665839 0.023038 -0.745740
vn -0.839528 0.022361 -0.542856
vn -0.480406 0.794700 -0.371028
vn -0.999100 0.031022 -0.028923
vn -0.847534 0.530360 -0.020130
vn -0.845751 0.481803 -0.229284
vn -0.390700 0.920450 -0.011235
vn -0.238575 0.971063 -0.010905
vn -0.276698 0.908633 -0.312768
vn -0.101524 0.988309 -0.113749
vn 0.847521 0.530380 -0.020141
vn 0.999101 0.031024 -0.028909
vn 0.839530 0.022375 -0.542852
vn 0.845597 0.482052 -0.229330
vn 0.480392 0.794726 -0.370990
vn 0.665771 0.023051 -0.745800
vn 0.322361 0.787814 -0.524817
vn 0.231618 0.018502 -0.972631
vn 0.188969 0.445228 -0.875250
vn 0.276697 0.908620 -0.312809
vn 0.238575 0.971063 -0.010905
vn 0.101521 0.988310 -0.113737
vn 0.390703 0.920448 -0.011235
vn -0.112173 -0.993649 -0.008854
vn -0.101529 -0.988307 -0.113761
vn -0.276760 -0.908609 -0.312782
vn -0.390714 -0.920417 -0.013207
vn -0.390723 -0.920440 -0.011234
vn -0.480405 -0.794728 -0.370969
vn -0.847516 -0.530388 -0.020133
vn -0.845723 -0.481833 -0.229325
vn -0.322373 -0.787790 -0.524845
vn -0.189174 -0.445346 -0.875146
vn 0.847498 -0.530416 -0.020138
vn 0.845527 -0.482172 -0.229335
vn 0.480395 -0.794735 -0.370967
vn 0.390723 -0.920440 -0.011234
vn 0.390714 -0.920418 -0.013209
vn 0.276746 -0.908605 -0.312807
vn 0.112174 -0.993649 -0.008856
vn 0.101537 -0.988305 -0.113770
vn 0.322356 -0.787821 -0.524810
vn 0.189123 -0.445243 -0.875209
vn 0.845733 0.533606 0.000000
vn 0.999491 0.031915 0.000000
vn 0.237990 0.971268 0.000000
vn 0.390700 0.920518 0.000000
vn 0.001476 0.999999 0.000000
vn -0.001476 0.999999 0.000000
vn -0.238006 0.971264 0.000000
vn -0.390755 0.920495 0.000000
vn -0.999490 0.031944 0.000000
vn -0.845515 0.533951 0.000000
vn -0.999110 -0.042186 0.000000
vn -1.000000 0.000000 0.000000
vn -0.845490 -0.533991 0.000000
vn -0.390773 -0.920487 0.000000
vn -0.390773 -0.920487 0.000000
vn -0.001477 -0.999999 0.000000
vn -0.113017 -0.993593 0.000000
vn 0.001477 -0.999999 0.000000
vn 0.113017 -0.993593 0.000000
vn 0.390719 -0.920510 0.000000
vn 0.390719 -0.920510 0.000000
vn 0.999111 -0.042148 0.000000
vn 0.845708 -0.533646 0.000000
vn 1.000000 0.000000 0.000000
vn 0.839699 0.000000 0.543052
vn 0.999405 0.000000 0.034505
vn 0.665957 0.000000 0.745990
vn 0.003107 0.000000 0.999995
vn 0.232702 0.000000 0.972548
vn -0.003107 0.000000 0.999995
vn -0.232702 0.000000 0.972548
vn -0.839699 0.000000 0.543052
vn -0.666029 0.000000 0.745926
vn -0.999404 0.000000 0.034524
vn -1.000000 0.000000 0.000000
vn -1.000000 0.000000 0.000000
vn -0.999569 0.000000 -0.029345
vn -0.839673 0.000000 -0.543092
vn -0.666029 0.000000 -0.745926
vn -0.003103 0.000000 -0.999995
vn -0.232422 0.000000 -0.972615
vn 0.003103 0.000000 -0.999995
vn 0.232422 0.000000 -0.972615
vn 0.839673 0.000000 -0.543092
vn 0.665957 0.000000 -0.745990
vn 0.999570 0.000000 -0.029330
vn 1.000000 0.000000 0.000000
vn 1.000000 0.000000 0.000000
vn 1.000000 0.000000 0.000000
vn 1.000000 0.000000 0.000000
vn 1.000000 0.000000 0.000000
vn 1.000000 0.000000 0.000000
vn 0.000000 0.000000 -1.000000
vn 0.000000 0.000000 -1.000000
vn 0.000000 0.000000 -1.000000
vn 0.000000 0.000000 -1.000000
vn 0.000000 1.000000 0.000000
vn 0.000000 1.000000 0.000000
vn 0.000000 1.000000 0.000000
vn 0.000000 1.000000 0.000000
vn 0.000000 0.000000 1.000000
vn 0.000000 0.000000 1.000000
vn 0.000000 0.000000 1.000000
vn 0.000000 0.000000 1.000000
vn 0.000000 -1.000000 0.000000
vn 0.000000 -1.000000 0.000000
vn 0.000000 -1.000000 0.000000
vn 0.000000 -1.000000 0.000000
s 1
g smallcabinetbody
usemtl initialShadingGroup
f 519/645/669 518/671/670 637/793/671 638/794/672
f 518/671/673 517/669/674 636/791/675 637/793/676
f 517/670/677 525/666/678 635/790/679 636/792/680
s 4
f 522/646/681 521/674/682 532/682/683 531/660/684
s 1
f 521/674/685 520/672/686 533/684/687 532/682/688
f 520/673/686 519/645/669 534/647/689 533/683/687
f 525/666/678 524/676/690 670/830/691 671/831/692
f 524/676/690 523/675/693 669/829/694 670/830/691
s 4
f 523/675/695 522/646/681 668/828/696 669/829/697
s 1
f 528/648/698 527/678/699 641/797/700 642/799/701
f 527/679/702 526/677/703 640/796/704 641/798/705
f 526/677/706 534/647/689 639/795/707 640/796/708
s 4
f 531/660/684 530/681/709 666/826/710 667/827/711
s 1
f 530/681/712 529/680/713 665/825/714 666/826/715
f 529/680/713 528/648/698 684/846/716 665/825/714
f 537/667/717 536/686/718 633/787/719 634/789/720
f 536/687/721 535/685/722 632/786/723 633/788/724
f 535/685/722 543/661/725 631/785/726 632/786/723
f 543/661/725 542/691/727 547/695/728 546/662/729
f 542/691/727 541/690/730 548/696/731 547/695/728
s 4
f 541/690/732 540/649/733 549/650/734 548/696/735
s 1
f 546/662/729 545/694/736 629/783/737 630/784/738
f 545/694/736 544/692/739 644/801/740 629/783/737
f 544/693/741 552/651/742 643/800/743 644/802/744
f 674/834/745 675/835/746 574/719/747 573/652/748
f 675/836/746 676/837/749 575/720/750 574/718/747
s 14
f 676/837/751 677/838/752 576/658/753 575/720/754
f 561/663/755 560/706/756 565/710/757 564/664/758
s 1
f 560/706/759 559/705/760 566/711/761 565/710/762
f 559/705/760 558/653/763 567/654/764 566/711/761
s 14
f 678/839/765 679/840/766 586/728/767 585/659/768
s 1
f 679/840/769 680/841/770 587/730/771 586/728/772
f 680/842/770 681/843/773 588/656/774 587/729/771
f 579/665/775 578/722/776 583/726/777 582/657/778
f 578/722/776 577/721/779 584/727/780 583/726/777
s 14
f 577/721/781 576/658/753 585/659/768 584/727/782
s 4
f 522/646/681 531/660/684 667/827/711 668/828/696
s 1
f 543/661/725 546/662/729 630/784/738 631/785/726
s 14
f 677/838/752 678/839/765 585/659/768 576/658/753
s 1
f 638/794/672 639/795/707 534/647/689 519/645/669
f 528/648/698 642/799/701 683/845/783 684/846/716
f 635/790/679 525/666/678 671/831/692 672/832/784
f 524/676/690 525/666/678 517/670/677 589/731/785
f 589/732/786 517/669/674 518/671/673 590/734/787
f 518/671/670 519/645/669 520/673/686 590/734/788
f 590/733/787 520/672/686 521/674/685 591/735/789
s 4
f 521/674/682 522/646/681 523/675/695 591/735/790
s 1
f 591/735/789 523/675/693 524/676/690 589/731/786
f 589/731/786 590/733/787 591/735/789
f 533/683/687 534/647/689 526/677/706 592/737/791
f 592/737/792 526/677/703 527/679/702 593/739/793
f 527/678/699 528/648/698 529/680/713 593/738/794
f 593/738/793 529/680/713 530/681/712 594/740/795
s 4
f 530/681/709 531/660/684 532/682/683 594/740/796
s 1
f 594/740/795 532/682/688 533/684/687 592/736/792
f 592/736/792 593/738/793 594/740/795
f 542/691/727 543/661/725 535/685/722 595/741/797
f 595/741/798 535/685/722 536/687/721 596/742/799
f 536/686/718 537/667/717 538/688/800 596/742/801
f 596/742/799 538/688/800 539/689/802 597/743/803
s 4
f 539/689/804 540/649/733 541/690/732 597/743/805
s 1
f 597/743/803 541/690/730 542/691/727 595/741/798
f 595/741/798 596/742/799 597/743/803
f 551/698/806 552/651/742 544/693/741 598/744/807
f 598/744/808 544/692/739 545/694/736 599/745/809
f 545/694/736 546/662/729 547/695/728 599/745/810
f 599/745/809 547/695/728 548/696/731 600/746/811
s 4
f 548/696/735 549/650/734 550/697/812 600/746/813
s 1
f 600/746/811 550/697/814 551/698/806 598/744/808
f 598/744/808 599/745/809 600/746/811
s 14
f 560/706/756 561/663/755 553/699/815 601/747/816
s 1
f 601/747/817 553/699/818 554/701/819 602/748/820
f 554/700/819 555/668/821 556/703/822 602/749/823
f 602/748/820 556/702/824 557/704/825 603/750/826
f 557/704/825 558/653/763 559/705/760 603/750/827
f 603/750/826 559/705/760 560/706/759 601/747/817
f 601/747/817 602/748/820 603/750/826
f 569/713/828 570/655/829 562/708/830 604/752/831
f 604/751/832 562/707/830 563/709/833 605/753/834
s 14
f 563/709/835 564/664/758 565/710/757 605/753/836
s 1
f 605/753/834 565/710/762 566/711/761 606/754/837
f 566/711/761 567/654/764 568/712/838 606/754/839
f 606/754/837 568/712/838 569/714/840 604/751/832
f 604/751/832 605/753/834 606/754/837
f 578/722/776 579/665/775 571/715/841 607/755/842
f 607/755/843 571/715/844 572/717/845 608/756/846
f 572/716/847 573/652/748 574/719/747 608/757/848
f 608/756/846 574/718/747 575/720/750 609/758/849
s 14
f 575/720/754 576/658/753 577/721/781 609/758/850
s 1
f 609/758/849 577/721/779 578/722/776 607/755/843
f 607/755/843 608/756/846 609/758/849
f 587/729/771 588/656/774 580/724/851 610/760/852
f 610/759/853 580/723/854 581/725/855 611/761/856
f 581/725/857 582/657/778 583/726/777 611/761/858
f 611/761/856 583/726/777 584/727/780 612/762/859
s 14
f 584/727/782 585/659/768 586/728/767 612/762/860
s 1
f 612/762/859 586/728/772 587/730/771 610/759/853
f 610/759/853 611/761/856 612/762/859
f 614/765/861 613/763/862 570/655/829 569/713/828
f 615/766/863 614/764/864 569/714/840 568/712/838
f 616/767/865 615/766/863 568/712/838 567/654/764
f 617/768/866 616/767/865 567/654/764 558/653/763
f 618/769/867 617/768/866 558/653/763 557/704/825
f 619/771/868 618/769/867 557/704/825 556/702/824
f 620/772/869 619/770/870 556/703/822 555/668/821
f 573/652/748 621/773/871 673/833/872 674/834/745
f 622/775/873 621/773/871 573/652/748 572/716/847
f 623/776/874 622/774/875 572/717/845 571/715/844
f 624/777/876 623/776/877 571/715/841 579/665/775
f 579/665/775 582/657/778 625/778/878 624/777/876
f 626/779/879 625/778/878 582/657/778 581/725/857
f 627/781/880 626/779/881 581/725/855 580/723/854
f 628/782/882 627/780/883 580/724/851 588/656/774
f 682/844/884 628/782/882 588/656/774 681/843/773
f 630/784/738 629/783/737 615/766/863 616/767/865
f 631/785/726 630/784/738 616/767/865 617/768/866
f 632/786/723 631/785/726 617/768/866 618/769/867
f 633/788/724 632/786/723 618/769/867 619/771/868
f 634/789/720 633/787/719 619/770/870 620/772/869
f 621/773/871 635/790/679 672/832/784 673/833/872
f 636/792/680 635/790/679 621/773/871 622/775/873
f 637/793/676 636/791/675 622/774/875 623/776/874
f 638/794/672 637/793/671 623/776/877 624/777/876
f 624/777/876 625/778/878 639/795/707 638/794/672
f 640/796/708 639/795/707 625/778/878 626/779/879
f 641/798/705 640/796/704 626/779/881 627/781/880
f 642/799/701 641/797/700 627/780/883 628/782/882
f 683/845/783 642/799/701 628/782/882 682/844/884
f 644/802/744 643/800/743 613/763/862 614/765/861
f 629/783/737 644/801/740 614/764/864 615/766/863
f 646/804/885 645/803/886 552/651/742 551/698/806
f 647/805/887 646/804/885 551/698/806 550/697/814
s 4
f 648/806/888 647/805/889 550/697/812 549/650/734
f 649/807/890 648/806/888 549/650/734 540/649/733
f 650/808/891 649/807/890 540/649/733 539/689/804
s 1
f 651/809/892 650/808/893 539/689/802 538/688/800
f 652/810/894 651/809/892 538/688/800 537/667/717
f 653/811/895 652/810/894 537/667/717 634/789/720
f 654/812/896 653/811/895 634/789/720 620/772/869
f 655/813/897 654/812/896 620/772/869 555/668/821
f 555/668/821 554/700/819 656/814/898 655/813/897
f 554/701/819 553/699/818 657/816/899 656/815/898
s 14
f 553/699/815 561/663/755 658/817/900 657/816/901
f 561/663/755 564/664/758 659/818/902 658/817/900
f 564/664/758 563/709/835 660/819/903 659/818/902
s 1
f 563/709/833 562/707/830 661/820/904 660/819/905
f 562/708/830 570/655/829 662/822/906 661/821/904
f 613/763/862 663/823/907 662/822/906 570/655/829
f 643/800/743 664/824/908 663/823/907 613/763/862
f 645/803/886 664/824/908 643/800/743 552/651/742
f 666/826/715 665/825/714 646/804/885 647/805/887
s 4
f 667/827/711 666/826/710 647/805/889 648/806/888
f 668/828/696 667/827/711 648/806/888 649/807/890
f 669/829/697 668/828/696 649/807/890 650/808/891
s 1
f 670/830/691 669/829/694 650/808/893 651/809/892
f 671/831/692 670/830/691 651/809/892 652/810/894
f 672/832/784 671/831/692 652/810/894 653/811/895
f 673/833/872 672/832/784 653/811/895 654/812/896
f 674/834/745 673/833/872 654/812/896 655/813/897
f 655/813/897 656/814/898 675/835/746 674/834/745
f 656/815/898 657/816/899 676/837/749 675/836/746
s 14
f 657/816/901 658/817/900 677/838/752 676/837/751
f 658/817/900 659/818/902 678/839/765 677/838/752
f 659/818/902 660/819/903 679/840/766 678/839/765
s 1
f 660/819/905 661/820/904 680/841/770 679/840/769
f 661/821/904 662/822/906 681/843/773 680/842/770
f 663/823/907 682/844/884 681/843/773 662/822/906
s off
f 686/847/909 685/848/910 687/849/911 688/850/912
s 1
f 684/846/716 683/845/783 664/824/908 645/803/886
f 665/825/714 684/846/716 645/803/886 646/804/885
s off
f 664/824/913 683/845/914 685/848/915 686/847/916
f 683/845/917 682/844/918 687/849/919 685/848/920
f 682/844/921 663/823/922 688/850/923 687/849/924
f 663/823/925 664/824/926 686/847/927 688/850/928
